Tempo,Estado,Alt,Vel,AccX,AccY,AccZ,Lat,Lon
14259,0,0.03,0.00,9.232,3.189,0.785,0,0
14310,0,0.03,0.00,9.342,3.203,0.967,0,0
14361,0,0.03,0.00,9.529,3.567,1.499,0,0
14413,0,0.05,0.50,9.538,3.792,1.585,0,0
14465,0,0.03,-1.34,9.342,3.467,1.221,0,0
14516,0,0.04,0.54,9.366,3.290,0.800,0,0
14568,0,0.04,0.00,9.620,3.328,0.795,0,0
14619,0,0.05,0.00,9.960,3.457,0.771,0,0
14671,0,0.07,0.00,10.238,3.314,0.369,0,0
14723,0,0.09,0.54,9.821,3.448,0.057,0,0
14774,0,0.11,0.50,9.112,2.811,-0.287,0,0
14826,0,0.14,0.52,8.796,2.907,-0.426,0,0
14875,0,0.10,-1.45,8.940,3.141,-1.053,0,0
14926,0,0.10,0.00,8.571,2.595,-1.757,0,0
14976,0,0.10,0.00,8.983,3.821,-1.489,0,0
15026,0,0.10,0.00,8.490,3.452,-2.461,0,0
15078,0,0.10,0.00,8.916,3.735,-1.757,0,0
15130,0,0.08,-0.73,8.480,5.832,-1.963,0,0
15181,0,0.11,1.31,8.619,6.100,-2.437,0,0
15232,0,0.09,-0.73,8.365,6.297,-2.198,0,0
15283,0,0.09,0.00,8.140,6.105,-2.040,0,0
15335,0,0.09,0.00,8.217,5.349,-2.217,0,0
15386,0,0.09,0.00,8.207,4.855,-2.078,0,0
15438,0,0.11,0.00,8.246,4.635,-1.915,0,0
15490,0,0.11,0.00,8.332,4.875,-1.853,0,0
15541,0,0.11,0.00,8.533,5.416,-1.920,0,0
15593,0,0.14,1.23,8.648,5.770,-1.709,0,0
15644,0,0.15,0.50,8.346,5.234,-1.188,0,0
15696,0,0.15,0.00,8.255,4.568,-0.455,0,0
15748,0,0.15,0.00,8.092,5.066,-0.426,0,0
15799,0,0.14,0.00,8.250,5.334,-0.493,0,0
15851,0,0.14,0.00,8.126,4.410,-0.876,0,0
15901,0,0.13,-0.54,8.543,5.511,-1.671,0,0
15951,0,0.14,0.00,8.490,4.951,-2.150,0,0
16002,0,0.13,0.00,8.672,4.152,-2.672,0,0
16052,0,0.13,0.00,8.691,6.148,-2.078,0,0
16102,0,0.13,0.00,8.356,5.114,-2.054,0,0
16153,0,0.13,0.00,8.274,5.502,-2.523,0,0
16205,0,0.16,2.01,8.777,4.549,-2.926,0,0
16257,0,0.11,-1.86,8.610,4.290,-2.811,0,0
16308,0,0.11,0.00,8.432,4.286,-2.820,0,0
16364,0,0.11,0.00,8.552,4.597,-2.581,0,0
16416,0,0.13,0.00,8.241,4.357,-2.595,0,0
16467,0,0.13,0.00,8.715,4.415,-2.624,0,0
16518,0,0.13,0.00,8.614,3.821,-2.816,0,0
16569,0,0.13,0.00,8.332,3.946,-2.959,0,0
16621,0,0.13,0.00,7.772,4.094,-2.495,0,0
16672,0,0.13,0.00,8.921,4.247,-3.658,0,0
16724,0,0.13,0.00,8.447,4.061,-3.500,0,0
16776,0,0.15,0.82,8.380,4.238,-3.443,0,0
16827,0,0.10,0.00,8.250,4.386,-5.085,0,0
16879,0,0.08,-0.54,7.901,3.721,-4.003,0,0
16930,0,0.08,0.00,7.887,4.061,-3.725,0,0
16980,0,0.07,0.00,8.274,3.773,-4.156,0,0
17030,0,0.06,0.00,7.475,4.616,-2.830,0,0
17082,0,0.04,-0.54,8.179,4.678,-3.314,0,0
17134,0,0.06,0.00,8.188,5.622,-2.523,0,0
17185,0,0.04,-0.74,8.030,6.019,-1.298,0,0
17237,0,0.04,0.00,8.121,5.942,-0.120,0,0
17289,0,0.04,0.00,8.045,5.684,0.493,0,0
17340,0,0.05,0.50,8.092,5.765,0.699,0,0
17392,0,0.07,0.52,8.174,5.540,0.809,0,0
17442,0,0.07,0.00,8.289,5.593,0.761,0,0
17491,0,0.03,0.00,8.274,5.454,0.766,0,0
17543,0,0.04,0.52,8.270,5.492,0.977,0,0
17594,0,0.04,0.00,8.222,5.277,1.322,0,0
17646,0,0.06,0.54,8.332,5.104,1.585,0,0
17697,0,-0.01,0.00,8.495,5.531,1.719,0,0
17749,0,-0.02,0.00,8.509,6.483,1.528,0,0
17798,0,-0.01,0.00,8.313,7.082,1.413,0,0
17850,0,-0.01,0.00,7.843,6.431,1.240,0,0
17900,0,-0.01,0.00,7.652,5.689,0.958,0,0
17950,0,-0.06,0.00,7.685,5.339,0.939,0,0
18000,0,-0.06,0.00,7.796,5.013,0.862,0,0
18050,0,-0.06,0.00,8.040,4.899,0.804,0,0
18102,0,-0.06,0.00,8.169,4.889,1.120,0,0
18154,0,-0.06,0.00,8.083,4.966,1.365,0,0
18204,0,-0.06,0.00,8.102,5.085,1.427,0,0
18255,0,-0.07,-0.48,8.413,5.459,1.053,0,0
18307,0,-0.07,0.00,8.844,5.799,0.560,0,0
18359,0,-0.09,0.00,8.916,6.067,0.220,0,0
18408,0,-0.09,0.00,9.041,5.885,-0.077,0,0
18460,0,-0.09,0.00,8.849,5.737,-0.053,0,0
18511,0,-0.10,0.00,8.653,5.488,0.148,0,0
18562,0,-0.10,0.00,8.475,5.397,0.493,0,0
18613,0,-0.10,0.00,8.313,5.339,0.771,0,0
18665,0,-0.06,0.00,8.274,5.272,0.833,0,0
18717,0,-0.06,0.00,8.270,5.387,0.771,0,0
18768,0,-0.06,0.00,8.361,5.282,0.737,0,0
18820,0,-0.06,0.00,8.322,5.176,0.723,0,0
18872,0,-0.06,0.00,8.404,5.224,0.646,0,0
18922,0,-0.04,0.00,8.523,5.191,0.565,0,0
18972,0,-0.03,0.56,8.638,5.329,0.661,0,0
19023,0,-0.04,0.00,8.552,5.329,0.709,0,0
19075,0,-0.03,0.52,8.562,5.320,0.709,0,0
19126,0,-0.04,0.00,8.499,5.104,0.694,0,0
19178,0,-0.03,0.00,8.495,5.133,0.632,0,0
19229,0,-0.03,0.00,8.519,5.181,0.656,0,0
19281,0,-0.01,0.00,8.509,5.148,0.584,0,0
19333,0,-0.02,-0.93,8.562,5.262,0.690,0,0
19384,0,-0.02,0.00,8.447,5.128,0.733,0,0
19436,0,0.01,0.52,8.485,5.191,0.608,0,0
19487,0,0.01,0.00,8.557,5.210,0.503,0,0
19538,0,0.01,0.00,8.610,5.344,0.522,0,0
19589,0,0.02,0.00,8.571,5.191,0.613,0,0
19641,0,0.01,0.00,8.523,5.119,0.718,0,0
19692,0,-0.03,-1.49,8.538,5.258,0.694,0,0
19744,0,-0.03,0.00,8.538,5.186,0.570,0,0
19796,0,-0.04,-0.48,8.538,5.138,0.541,0,0
19847,0,-0.04,0.00,8.504,5.090,0.536,0,0
19897,0,-0.04,0.00,8.566,5.037,0.632,0,0
19948,0,-0.06,-0.56,8.648,5.195,0.680,0,0
19998,0,-0.06,0.00,8.748,5.339,0.651,0,0
20048,0,-0.07,0.60,8.672,5.243,0.632,0,0
20100,0,-0.06,0.52,8.562,5.076,0.541,0,0
20151,0,-0.06,0.00,8.471,4.985,0.532,0,0
20203,0,-0.07,0.00,8.538,5.104,0.503,0,0
20255,0,-0.11,0.00,8.614,5.306,0.431,0,0
20306,0,-0.11,0.52,8.653,5.205,0.364,0,0
20358,0,-0.09,0.52,8.533,5.186,0.431,0,0
20408,0,-0.11,-0.52,8.322,4.922,0.484,0,0
20459,0,-0.11,0.00,8.389,4.966,0.455,0,0
20509,0,-0.11,0.00,8.485,5.042,0.493,0,0
20561,0,-0.14,-1.41,8.552,5.181,0.369,0,0
20612,0,-0.16,0.00,8.696,5.315,0.297,0,0
20664,0,-0.14,0.56,8.662,5.248,0.335,0,0
20715,0,-0.14,0.00,8.552,5.080,0.512,0,0
20767,0,-0.09,1.34,8.543,5.215,0.599,0,0
20819,0,-0.09,0.00,8.543,5.243,0.560,0,0
20870,0,-0.08,0.00,8.552,5.325,0.388,0,0
20921,0,-0.06,0.93,8.543,5.186,0.239,0,0
20971,0,-0.06,0.00,8.643,5.186,0.326,0,0
21022,0,-0.09,0.00,8.538,5.286,0.345,0,0
21074,0,-0.09,0.00,8.466,5.176,0.522,0,0
21125,0,-0.06,1.34,8.475,4.999,0.613,0,0
21177,0,-0.08,-0.93,8.633,5.109,0.536,0,0
21228,0,-0.08,0.00,8.902,5.392,0.067,0,0
21280,0,-0.07,0.00,9.189,5.282,-0.555,0,0
21332,0,-0.02,1.34,9.342,5.004,-0.814,0,0
21383,0,-0.05,-1.34,8.983,4.334,-0.967,0,0
21435,0,-0.02,0.52,8.394,2.825,-1.379,0,0
21485,0,-0.02,0.00,7.934,4.357,-1.164,0,0
21537,0,-0.02,0.00,8.159,6.244,-0.766,0,0
21588,0,-0.00,0.52,7.551,5.722,-0.421,0,0
21640,0,0.01,1.32,7.336,6.249,0.450,0,0
21691,0,-0.03,-1.32,7.168,6.675,-0.359,0,0
21743,0,-0.04,0.00,7.484,7.422,-0.378,0,0
21795,0,-0.04,-1.34,7.226,7.934,-0.062,0,0
21846,0,-0.03,0.00,6.991,7.628,-0.072,0,0
21899,0,-0.07,-1.09,7.063,7.479,-0.120,0,0
21949,0,-0.08,-0.60,7.163,6.991,0.029,0,0
21999,0,-0.09,0.00,7.211,6.718,-0.101,0,0
22049,0,-0.11,-0.56,7.365,6.574,-0.177,0,0
22101,0,-0.11,0.00,7.475,6.632,-0.144,0,0
22153,0,-0.11,0.00,7.556,6.694,-0.211,0,0
22204,0,-0.11,0.52,7.676,6.670,-0.215,0,0
22256,0,-0.11,0.00,7.695,6.469,-0.086,0,0
22307,0,-0.06,0.00,7.786,6.273,0.148,0,0
22359,0,-0.04,0.52,7.915,6.086,0.426,0,0
22411,0,-0.06,0.00,7.767,5.607,0.661,0,0
22461,0,-0.06,0.00,7.954,5.440,0.752,0,0
22513,0,-0.01,0.67,8.241,4.951,0.517,0,0
22565,0,-0.01,-0.52,8.662,4.970,0.785,0,0
22616,0,-0.01,0.00,8.586,5.258,1.537,0,0
22667,0,0.01,0.80,8.744,4.424,1.877,0,0
22718,0,0.00,-0.47,8.523,4.295,2.945,0,0
22770,0,-0.01,-0.56,8.351,3.620,2.911,0,0
22821,0,-0.01,0.00,8.983,3.371,3.170,0,0
22873,0,-0.01,0.00,9.232,3.223,3.237,0,0
22924,0,-0.04,-0.56,9.400,2.921,3.788,0,0
22974,0,-0.04,0.00,9.711,2.480,3.539,0,0
23025,0,-0.04,0.00,9.668,2.121,3.778,0,0
23076,0,-0.04,0.00,9.366,1.585,3.654,0,0
23128,0,-0.04,0.00,9.328,1.025,3.558,0,0
23180,0,-0.04,0.00,9.266,0.436,3.424,0,0
23231,0,-0.04,0.52,9.309,0.508,3.448,0,0
23283,0,-0.04,0.00,9.165,0.685,3.486,0,0
23334,0,-0.09,-1.90,9.184,1.020,3.539,0,0
23386,0,-0.05,1.38,9.290,0.929,3.309,0,0
23438,0,-0.09,0.00,9.409,1.188,3.208,0,0
23489,0,-0.04,1.90,9.452,1.322,3.194,0,0
23541,0,-0.04,0.00,9.658,1.460,2.964,0,0
23591,0,-0.04,0.00,9.792,1.489,2.883,0,0
23643,0,-0.04,0.00,9.792,1.235,2.720,0,0
23694,0,-0.05,0.52,9.701,1.120,2.677,0,0
23746,0,-0.03,0.00,9.663,1.188,2.801,0,0
23797,0,-0.03,-0.48,9.538,1.245,2.892,0,0
23849,0,-0.02,0.48,9.366,1.551,3.045,0,0
23899,0,-0.07,-0.52,9.457,1.480,2.926,0,0
23949,0,-0.07,0.00,9.462,1.006,2.495,0,0
24000,0,-0.09,0.00,9.677,1.331,2.059,0,0
24050,0,-0.09,0.00,9.917,2.806,1.480,0,0
24101,0,-0.12,-1.45,9.902,3.203,0.642,0,0
24153,0,-0.11,0.00,9.749,3.481,-0.096,0,0
24204,0,-0.11,0.00,9.601,2.935,-0.982,0,0
24256,0,-0.08,1.01,9.644,1.796,-1.877,0,0
24309,0,-0.05,0.51,9.538,1.786,-2.318,0,0
24360,0,-0.07,-0.48,9.500,1.389,-2.734,0,0
24412,0,-0.07,0.00,9.500,1.130,-2.806,0,0
24462,0,-0.05,0.48,9.510,1.231,-2.768,0,0
24514,0,-0.04,0.56,9.601,1.154,-2.562,0,0
24565,0,-0.07,-1.34,9.357,0.967,-2.523,0,0
24617,0,-0.06,0.00,9.098,0.579,-2.456,0,0
24668,0,0.00,0.50,9.218,0.077,-2.772,0,0
24720,0,-0.03,-1.36,9.720,0.522,-2.595,0,0
24772,0,-0.02,0.00,9.821,0.766,-2.365,0,0
24823,0,0.01,1.01,9.749,0.790,-2.246,0,0
24875,0,-0.01,0.00,9.984,1.930,-2.562,0,0
24925,0,0.01,0.56,10.070,1.159,-2.413,0,0
24976,0,0.02,0.56,9.692,1.015,-3.041,0,0
25026,0,0.01,0.00,9.467,0.608,-3.424,0,0
25078,0,0.02,0.52,8.993,-0.086,-3.903,0,0
25130,0,0.03,0.00,8.954,-0.330,-4.511,0,0
25181,0,0.05,0.00,8.906,0.019,-4.515,0,0
25233,0,0.05,0.00,8.782,-0.613,-4.583,0,0
25284,0,0.05,0.00,8.667,-1.077,-4.525,0,0
25336,0,0.05,0.58,8.490,-1.398,-4.645,0,0
25388,0,0.05,0.00,8.485,-1.437,-4.760,0,0
25438,0,0.05,0.00,8.250,-1.537,-4.942,0,0
25489,0,0.01,0.00,8.030,-1.700,-5.171,0,0
25541,0,0.03,0.54,8.092,-1.681,-4.994,0,0
25593,0,0.01,0.00,8.260,-1.700,-5.104,0,0
25644,0,0.01,0.00,8.432,-1.642,-5.344,0,0
25696,0,0.01,0.00,8.768,-1.384,-5.435,0,0
25747,0,0.01,0.00,8.863,-1.006,-5.282,0,0
25799,0,-0.02,-1.34,8.705,-0.680,-5.248,0,0
25848,0,-0.04,0.00,8.533,-0.532,-4.769,0,0
25901,0,-0.01,0.56,8.351,-0.417,-4.721,0,0
25951,0,0.00,0.52,8.452,-0.412,-4.276,0,0
26001,0,0.02,0.00,8.715,-0.345,-4.439,0,0
26051,0,0.02,0.00,8.887,-0.230,-4.721,0,0
26103,0,0.02,0.00,9.079,-0.163,-5.066,0,0
26154,0,0.00,0.00,8.878,0.043,-5.210,0,0
26206,0,-0.04,-1.71,8.562,-0.086,-4.899,0,0
26258,0,-0.04,0.00,8.475,-0.153,-4.650,0,0
26308,0,-0.04,0.00,8.633,-0.177,-4.606,0,0
26358,0,-0.04,0.00,8.648,-0.196,-5.248,0,0
26409,0,-0.04,0.00,8.605,-0.215,-5.253,0,0
26460,0,-0.04,0.00,8.796,-0.192,-5.119,0,0
26511,0,-0.04,0.00,8.882,-0.077,-4.769,0,0
26563,0,-0.02,0.52,8.945,-0.062,-4.650,0,0
26615,0,-0.00,0.00,8.753,-0.168,-4.851,0,0
26666,0,0.03,0.54,8.590,-0.105,-4.563,0,0
26718,0,0.04,0.50,9.108,0.426,-4.362,0,0
26769,0,0.02,0.00,9.361,1.729,-3.342,0,0
26821,0,0.02,0.00,9.117,2.054,-3.021,0,0
26870,0,0.03,0.00,8.993,2.883,-1.614,0,0
26921,0,0.04,0.00,8.681,3.467,-0.733,0,0
26971,0,0.04,0.00,8.629,3.855,-0.737,0,0
27021,0,0.04,0.00,9.117,4.784,-1.130,0,0
27073,0,0.01,0.00,9.017,4.908,-1.542,0,0
27125,0,0.01,0.00,8.983,4.515,-1.714,0,0
27176,0,-0.01,0.00,8.973,4.070,-2.030,0,0
27228,0,-0.01,0.00,8.911,3.730,-2.035,0,0
27280,0,-0.01,0.00,8.959,3.615,-3.563,0,0
27330,0,0.03,1.36,8.729,2.983,-2.777,0,0
27382,0,0.01,0.00,8.950,3.290,-3.663,0,0
27433,0,0.01,0.00,9.069,2.897,-3.850,0,0
27485,0,-0.01,0.00,8.906,2.610,-3.634,0,0
27536,0,-0.01,0.00,9.084,3.055,-3.606,0,0
27588,0,0.01,0.52,8.600,2.251,-3.323,0,0
27640,0,-0.02,-0.48,8.571,2.744,-3.725,0,0
27691,0,-0.03,-0.52,8.638,2.806,-3.979,0,0
27743,0,-0.03,0.00,8.428,2.523,-3.591,0,0
27794,0,-0.07,-0.52,8.466,2.763,-3.859,0,0
27846,0,-0.07,0.00,8.428,3.160,-3.970,0,0
27896,0,-0.06,0.00,8.734,3.543,-4.535,0,0
27946,0,-0.09,-1.39,8.691,3.515,-5.004,0,0
27997,0,-0.11,0.00,8.159,2.749,-4.731,0,0
28047,0,-0.09,0.00,8.054,2.619,-4.970,0,0
28098,0,-0.09,0.00,7.810,2.456,-4.774,0,0
28150,0,-0.13,0.00,7.772,2.447,-4.688,0,0
28201,0,-0.10,0.56,8.543,3.117,-5.023,0,0
28252,0,-0.10,0.00,8.782,3.946,-4.741,0,0
28303,0,-0.09,0.00,8.667,3.701,-5.181,0,0
28355,0,-0.11,0.00,7.977,2.763,-4.836,0,0
28405,0,-0.08,0.40,8.040,2.801,-4.281,0,0
28457,0,-0.08,-0.52,8.523,3.486,-3.548,0,0
28507,0,-0.08,0.00,8.878,3.950,-2.442,0,0
28559,0,-0.07,0.00,8.629,4.195,-1.729,0,0
28610,0,-0.07,0.00,8.437,4.410,-0.982,0,0
28662,0,-0.07,0.00,7.819,5.727,-0.852,0,0
28713,0,-0.08,0.00,8.016,6.335,-0.455,0,0
28765,0,-0.08,0.00,7.585,6.814,-0.354,0,0
28817,0,-0.12,-0.82,7.489,6.910,-0.182,0,0
28868,0,-0.08,1.30,7.403,7.298,-0.283,0,0
28919,0,-0.08,0.00,7.724,7.250,-0.345,0,0
28969,0,-0.12,-1.35,7.432,6.886,-0.464,0,0
29019,0,-0.12,0.00,7.594,5.756,-0.402,0,0
29069,0,-0.11,0.00,7.848,5.095,-0.761,0,0
29121,0,-0.09,-1.45,7.997,4.913,-0.900,0,0
29172,0,-0.09,0.00,8.303,5.219,-1.025,0,0
29224,0,-0.11,-0.52,8.298,5.425,-1.015,0,0
29275,0,-0.09,0.52,8.418,5.895,-0.757,0,0
29327,0,-0.09,0.00,8.408,5.957,-0.776,0,0
29379,0,-0.08,0.48,8.380,5.770,-0.752,0,0
29429,0,-0.11,-1.34,8.341,5.703,-0.685,0,0
29481,0,-0.10,0.52,8.179,5.454,-0.551,0,0
29532,0,-0.09,0.00,8.097,5.253,-0.675,0,0
29584,0,-0.06,0.52,8.356,5.291,-0.666,0,0
29635,0,-0.06,0.00,8.432,5.296,-0.680,0,0
29687,0,-0.07,0.00,8.475,5.425,-0.546,0,0
29739,0,-0.06,0.52,8.437,5.430,-0.283,0,0
29790,0,-0.05,0.48,8.418,5.488,-0.091,0,0
29842,0,-0.03,0.56,8.370,5.401,-0.091,0,0
29891,0,-0.03,0.00,8.428,5.325,-0.043,0,0
29942,0,-0.02,0.52,8.389,5.248,-0.019,0,0
29992,0,-0.02,0.00,8.423,5.344,-0.081,0,0
30042,0,-0.02,0.00,8.471,5.306,0.019,0,0
30094,0,-0.07,0.00,8.413,5.181,0.086,0,0
30146,0,-0.07,0.00,8.552,5.387,0.053,0,0
30197,0,-0.07,0.00,8.499,5.195,0.053,0,0
30249,0,-0.07,0.00,8.514,5.071,-0.014,0,0
30300,0,-0.07,0.00,8.614,5.272,-0.005,0,0
30351,0,-0.03,1.23,8.686,5.195,0.077,0,0
30402,0,-0.07,0.00,8.691,5.215,0.148,0,0
30454,0,-0.07,0.00,8.844,5.253,0.421,0,0
30504,0,-0.05,0.71,9.060,5.655,0.551,0,0
30556,0,-0.05,0.48,8.983,5.037,0.804,0,0
30607,0,-0.06,-0.48,9.064,4.961,0.795,0,0
30659,0,-0.06,0.00,9.323,3.630,0.244,0,0
30710,0,-0.08,0.00,9.155,3.414,0.570,0,0
30762,0,-0.07,0.56,9.400,2.964,0.728,0,0
30814,0,-0.05,0.48,9.366,2.614,0.685,0,0
30865,0,-0.04,0.52,9.352,2.452,1.044,0,0
30916,0,-0.02,0.00,9.471,2.255,1.044,0,0
30966,0,-0.01,0.00,9.510,2.471,1.120,0,0
31016,0,-0.01,0.00,9.586,2.921,1.398,0,0
31068,0,-0.01,0.00,9.534,2.964,1.523,0,0
31120,0,0.04,0.00,9.687,3.333,1.781,0,0
31172,0,0.05,0.52,9.629,2.212,2.112,0,0
31223,0,0.04,-0.52,9.883,0.948,2.653,0,0
31275,0,0.07,1.34,9.519,-1.341,2.993,0,0
31326,0,0.06,0.00,8.849,0.067,3.869,0,0
31378,0,0.06,0.00,8.954,-1.365,4.477,0,0
31430,0,0.05,0.00,8.696,-0.919,4.966,0,0
31480,0,0.03,-0.52,8.873,-0.158,5.104,0,0
31532,0,0.03,0.00,9.122,-0.196,4.760,0,0
31583,0,0.03,0.80,9.246,-0.230,4.496,0,0
31635,0,0.03,0.00,9.098,-0.091,4.424,0,0
31686,0,0.03,0.00,9.088,-0.287,4.362,0,0
31738,0,0.01,-0.50,9.131,-0.498,4.420,0,0
31790,0,0.01,0.00,8.983,-0.397,4.482,0,0
31841,0,0.04,0.00,9.098,0.316,4.104,0,0
31893,0,0.02,0.00,9.452,0.919,3.764,0,0
31944,0,0.04,1.47,9.347,1.384,3.414,0,0
31994,0,0.03,-0.58,9.222,1.791,3.270,0,0
32044,0,0.02,0.00,9.275,2.078,3.251,0,0
32096,0,0.04,0.84,9.266,2.533,3.160,0,0
32148,0,0.03,-0.54,9.361,2.567,3.151,0,0
32199,0,0.03,0.00,9.294,2.638,3.251,0,0
32251,0,0.05,1.36,9.280,2.749,3.285,0,0
32302,0,0.03,0.00,9.266,2.940,3.079,0,0
32354,0,0.02,-0.52,9.342,2.801,2.873,0,0
32406,0,0.03,0.48,9.304,2.634,2.763,0,0
32456,0,0.03,0.00,9.309,2.605,2.591,0,0
32508,0,0.05,0.19,9.203,2.624,2.447,0,0
32559,0,0.05,0.00,9.074,2.523,2.318,0,0
32610,0,0.06,0.50,9.395,2.322,1.858,0,0
32661,0,0.06,0.00,9.543,2.772,1.719,0,0
32713,0,0.06,0.00,9.835,2.916,0.417,0,0
32765,0,0.05,-0.50,9.792,2.648,-0.038,0,0
32816,0,0.03,0.00,9.572,2.691,-0.532,0,0
32868,0,-0.00,-1.34,10.013,2.480,-0.656,0,0
32918,0,-0.00,0.00,9.893,1.724,-2.902,0,0
32969,0,-0.00,0.00,9.725,2.586,-0.785,0,0
33019,0,-0.02,-0.52,9.294,1.944,0.101,0,0
33068,0,-0.02,0.00,10.429,2.145,-1.547,0,0
33120,0,-0.02,0.00,9.878,1.211,-1.982,0,0
33172,0,-0.02,0.00,9.424,1.188,-1.073,0,0
33223,0,-0.03,0.00,9.620,1.221,-1.623,0,0
33275,0,-0.04,-0.52,9.816,2.236,-0.503,0,0
33326,0,-0.04,0.00,9.950,1.987,-1.192,0,0
33378,0,-0.06,0.00,10.041,1.494,-1.638,0,0
33430,0,-0.06,0.00,9.898,2.150,0.129,0,0
33480,0,-0.04,0.48,9.687,1.537,-1.240,0,0
33532,0,-0.04,0.00,9.471,1.259,-1.365,0,0
33583,0,-0.03,0.00,9.821,1.413,-1.475,0,0
33635,0,-0.02,0.52,9.687,1.053,-0.685,0,0
33686,0,-0.03,-0.52,9.735,2.375,-0.402,0,0
33738,0,-0.03,0.00,9.989,1.623,-1.034,0,0
33790,0,-0.03,0.00,9.926,1.695,-1.221,0,0
33841,0,-0.00,0.48,9.835,1.618,-0.991,0,0
33894,0,-0.00,0.00,9.926,2.054,-0.958,0,0
33944,0,-0.00,0.00,9.950,1.460,-0.871,0,0
33994,0,-0.00,0.00,9.922,1.772,-0.704,0,0
34044,0,0.01,0.00,9.893,1.709,-0.651,0,0
34096,0,0.04,0.54,9.840,1.609,-0.421,0,0
34148,0,0.04,0.00,9.787,1.705,-0.124,0,0
34199,0,0.04,0.00,9.783,1.772,0.019,0,0
34251,0,0.05,0.88,9.874,1.772,0.062,0,0
34306,0,0.02,-0.46,9.783,1.762,0.407,0,0
34357,0,0.03,0.91,9.816,2.126,0.737,0,0
34408,0,0.03,0.00,9.802,1.767,0.512,0,0
34459,0,0.03,0.34,9.744,2.274,1.188,0,0
34511,0,-0.00,0.00,9.759,2.365,1.202,0,0
34562,0,-0.04,-1.09,9.831,2.485,1.274,0,0
34614,0,-0.02,0.71,9.653,2.174,1.494,0,0
34666,0,-0.02,1.34,9.625,2.638,1.393,0,0
34717,0,-0.03,-0.56,9.735,2.083,1.159,0,0
34769,0,-0.01,0.00,9.677,2.160,1.283,0,0
34820,0,-0.01,0.86,9.740,2.121,1.398,0,0
34872,0,-0.04,0.00,9.740,2.107,1.279,0,0
34923,0,-0.06,-1.09,9.735,2.169,1.393,0,0
34973,0,-0.07,-0.52,9.764,2.121,1.480,0,0
35023,0,-0.06,0.00,9.768,2.217,1.494,0,0
35075,0,-0.07,0.36,9.821,2.188,1.489,0,0
35127,0,-0.08,-0.56,9.629,2.198,1.738,0,0
35179,0,-0.07,0.00,9.625,2.093,1.772,0,0
35230,0,-0.10,-0.52,9.658,2.318,1.767,0,0
35282,0,-0.08,0.71,9.577,2.413,2.150,0,0
35332,0,-0.09,-0.48,9.582,2.337,2.284,0,0
35384,0,-0.12,0.00,9.510,2.303,2.289,0,0
35435,0,-0.11,0.78,9.438,2.298,2.346,0,0
35487,0,-0.13,-0.48,9.424,2.327,2.528,0,0
35538,0,-0.15,-0.52,9.481,2.394,2.557,0,0
35590,0,-0.15,0.00,9.309,2.404,2.715,0,0
35642,0,-0.15,0.00,9.400,2.667,2.658,0,0
35693,0,-0.17,-0.48,9.414,2.495,2.705,0,0
35745,0,-0.18,-0.52,9.318,2.552,2.634,0,0
35796,0,-0.18,0.00,9.347,2.490,2.591,0,0
35848,0,-0.18,0.00,9.304,2.490,2.490,0,0
35898,0,-0.18,0.00,9.409,2.557,2.356,0,0
35948,0,-0.20,0.54,9.534,2.825,2.016,0,0
35999,0,-0.20,0.00,9.936,2.452,1.408,0,0
36049,0,-0.21,0.00,9.486,1.844,0.948,0,0
36100,0,-0.18,0.48,9.462,2.069,0.651,0,0
36152,0,-0.20,0.00,9.495,2.404,0.905,0,0
36203,0,-0.18,0.56,9.055,2.102,1.255,0,0
36254,0,-0.18,0.00,9.131,4.286,1.867,0,0
36305,0,-0.19,0.48,8.595,3.903,1.465,0,0
36393,0,-0.14,0.38,8.533,5.569,1.322,0,0
36445,0,-0.13,0.52,8.466,6.005,1.039,0,0
36495,0,-0.13,0.00,8.466,6.656,0.972,0,0
36547,0,-0.15,-0.93,8.499,6.632,0.733,0,0
36598,0,-0.14,0.00,8.452,6.191,0.618,0,0
36650,0,-0.13,0.52,8.586,5.909,0.350,0,0
36701,0,-0.13,0.00,8.452,5.430,0.278,0,0
36753,0,-0.13,0.52,8.389,5.267,0.278,0,0
36805,0,-0.14,-0.52,8.461,4.951,0.311,0,0
36856,0,-0.14,0.00,8.490,4.755,0.359,0,0
36906,0,-0.14,0.00,8.514,4.851,0.249,0,0
36957,0,-0.13,0.00,8.715,5.162,0.139,0,0
37007,0,-0.13,0.00,8.734,5.272,0.091,0,0
37059,0,-0.13,0.00,8.691,5.148,0.268,0,0
37111,0,-0.13,0.00,8.696,4.927,0.263,0,0
37163,0,-0.14,-0.52,8.777,4.788,0.115,0,0
37214,0,-0.14,0.00,8.902,4.764,0.010,0,0
37266,0,-0.16,-1.38,8.854,4.621,0.177,0,0
37317,0,-0.18,-0.48,8.777,4.539,0.464,0,0
37369,0,-0.16,0.00,8.792,4.482,0.397,0,0
37421,0,-0.15,0.00,8.753,4.329,0.345,0,0
37471,0,-0.15,0.00,9.007,4.492,0.211,0,0
37523,0,-0.15,0.00,9.007,4.525,0.139,0,0
37574,0,-0.15,0.00,8.973,4.453,0.163,0,0
37626,0,-0.13,0.00,9.069,4.515,0.273,0,0
37677,0,-0.12,0.48,9.064,4.673,0.373,0,0
37729,0,-0.11,0.56,9.084,4.386,0.417,0,0
37780,0,-0.11,0.00,9.127,4.616,0.632,0,0
37832,0,-0.08,0.00,8.969,4.094,0.862,0,0
37884,0,-0.02,2.57,9.026,4.089,1.432,0,0
37935,0,-0.05,-1.45,9.060,3.960,1.556,0,0
37985,0,-0.00,0.00,8.902,3.850,1.805,0,0
38035,0,-0.02,-0.56,8.806,3.965,2.136,0,0
38087,0,-0.02,0.00,8.902,3.759,2.174,0,0
38139,0,-0.00,0.52,8.897,3.903,2.274,0,0
38190,0,-0.00,0.00,8.978,3.840,2.179,0,0
38242,0,-0.00,0.00,9.084,4.022,2.045,0,0
38293,0,0.01,0.47,9.031,3.936,1.882,0,0
38345,0,0.01,0.00,9.093,4.013,1.820,0,0
38396,0,0.01,0.47,8.993,4.027,1.853,0,0
38451,0,-0.00,-0.23,8.854,3.735,1.915,0,0
38503,0,-0.02,0.00,9.012,3.998,1.891,0,0
38553,0,-0.02,0.00,8.792,3.749,2.160,0,0
38605,0,-0.03,0.00,8.734,3.735,2.270,0,0
38656,0,-0.03,0.00,8.839,3.912,2.308,0,0
38708,0,-0.04,0.00,8.681,3.677,2.547,0,0
38759,0,-0.03,0.00,8.633,3.658,2.691,0,0
38811,0,-0.03,0.00,8.322,3.098,3.007,0,0
38863,0,-0.05,-1.34,7.374,2.274,3.596,0,0
38913,0,-0.05,0.00,7.350,2.423,3.706,0,0
38963,0,-0.05,0.00,7.901,2.313,3.184,0,0
39014,0,-0.05,0.00,9.294,1.915,2.729,0,0
39063,0,-0.04,0.56,9.036,2.375,3.232,0,0
39115,0,-0.04,0.00,9.050,1.259,2.705,0,0
39167,0,-0.03,0.52,10.602,1.915,4.822,0,0
39218,0,-0.06,-1.34,9.352,1.298,4.415,0,0
39270,0,-0.07,0.00,12.881,0.666,4.563,0,0
39321,0,-0.09,-0.56,13.738,2.284,4.650,0,0
39373,0,-0.09,0.00,13.182,0.886,2.710,0,0
39791,1,-0.06,0.07,7.135,3.179,2.121,0,0
39842,1,-0.06,0.00,7.676,2.576,2.150,0,0
39891,1,0.34,14.99,8.926,2.734,1.848,0,0
39942,1,0.76,16.65,9.783,1.494,0.249,0,0
39992,1,1.21,0.00,10.678,3.069,1.595,0,0
40042,1,2.12,18.21,10.697,4.085,2.327,0,0
40094,1,2.53,16.19,9.620,3.261,3.649,0,0
40146,1,2.83,0.00,9.232,2.236,3.922,0,0
40196,1,3.02,-6.87,9.208,2.859,3.697,0,0
40247,1,2.83,0.00,8.552,4.056,3.644,0,0
40299,1,3.46,12.09,8.413,3.189,2.662,0,0
40351,1,3.78,12.00,8.461,1.772,2.006,0,0
40402,1,4.05,0.00,9.084,1.480,1.877,0,0
40454,1,4.56,9.30,9.677,1.844,2.217,0,0
40505,1,4.76,0.00,9.285,2.327,2.844,0,0
40557,1,4.77,-8.29,9.524,2.236,2.935,0,0
40609,1,4.49,-10.64,9.615,2.830,3.021,0,0
40659,1,4.20,-10.62,9.855,2.978,2.777,0,0
40711,1,3.96,0.00,9.764,2.787,2.725,0,0
41525,2,0.99,-3.19,9.606,2.418,2.504,0,0
43790,3,0.67,-0.16,9.701,2.485,3.247,0,0
43794,3,2.78,2.84,8.705,1.590,3.026,0,0
43846,3,2.42,-6.71,8.552,0.062,2.557,0,0
43896,3,2.27,-6.26,9.749,1.149,2.811,0,0
43946,3,2.12,0.00,9.744,2.045,3.615,0,0
43996,3,1.86,-4.18,9.553,2.274,3.266,0,0
44047,3,1.70,-6.24,9.443,1.772,2.787,0,0
44097,3,1.63,-2.70,9.515,2.011,2.863,0,0
44148,3,1.52,0.00,9.414,2.284,3.093,0,0
44200,3,1.33,-2.90,9.500,2.136,3.098,0,0
44252,3,1.25,-2.68,9.409,2.112,3.223,0,0
44303,3,1.13,-2.05,9.299,2.107,3.328,0,0
44355,3,1.04,-3.18,9.309,2.188,3.390,0,0
44406,3,0.97,0.00,9.237,2.284,3.357,0,0
44458,3,0.83,-1.81,9.342,2.179,3.328,0,0
44510,3,0.79,-1.36,9.299,2.303,3.381,0,0
44561,3,0.67,-1.32,9.218,2.318,3.390,0,0
44613,3,0.63,-1.84,9.270,2.260,3.256,0,0
44664,3,0.59,0.00,9.266,2.222,3.175,0,0
44716,3,0.50,-2.01,9.294,2.456,3.381,0,0
44768,3,0.47,0.00,9.222,2.342,3.491,0,0
44818,3,0.42,-1.83,9.199,2.255,3.500,0,0
44870,3,0.40,0.00,9.203,2.337,3.558,0,0
44920,3,0.32,-1.97,9.208,2.265,3.476,0,0
44970,3,0.32,0.00,9.222,2.284,3.433,0,0
45021,3,0.28,0.00,9.189,2.365,3.419,0,0
45070,3,0.23,-0.56,9.199,2.346,3.419,0,0
45122,3,0.20,-1.32,9.213,2.380,3.548,0,0
45173,3,0.15,-1.30,9.155,2.337,3.572,0,0
45225,3,0.15,0.00,9.179,2.370,3.529,0,0
45277,3,0.11,0.00,9.213,2.332,3.457,0,0
45328,3,0.07,-1.36,9.175,2.409,3.515,0,0
45380,3,0.07,0.00,9.175,2.385,3.476,0,0
45431,3,0.04,0.00,9.213,2.442,3.486,0,0
45483,3,0.05,0.48,9.203,2.418,3.496,0,0
45534,3,0.02,0.00,9.189,2.447,3.438,0,0
45586,3,0.01,-0.82,9.179,2.413,3.376,0,0
45638,3,0.01,0.00,9.175,2.500,3.400,0,0
45688,3,0.01,0.00,9.194,2.490,3.405,0,0
45740,3,-0.01,0.00,9.222,2.619,3.462,0,0
45795,3,0.00,0.19,9.127,2.313,3.452,0,0
45847,3,0.01,0.00,9.141,2.389,3.476,0,0
45897,3,-0.01,-0.91,9.213,2.476,3.452,0,0
45947,3,-0.01,0.00,9.203,2.356,3.347,0,0
45998,3,0.00,0.00,9.208,2.423,3.366,0,0
46048,3,0.00,0.00,9.208,2.480,3.486,0,0
46099,3,0.02,0.52,9.165,2.437,3.491,0,0
46150,3,-0.02,-1.36,9.160,2.346,3.481,0,0
46201,3,-0.00,0.52,9.155,2.433,3.472,0,0
46253,3,0.01,0.50,9.266,2.504,3.381,0,0
46305,3,0.02,0.00,9.184,2.476,3.318,0,0
46356,3,0.01,0.52,9.256,2.447,3.290,0,0
46408,3,0.01,0.00,9.232,2.495,3.390,0,0
46459,3,0.03,0.00,9.151,2.385,3.376,0,0
46511,3,0.02,-0.34,9.227,2.447,3.390,0,0
46563,3,0.03,0.48,9.208,2.409,3.275,0,0
46614,3,0.05,0.58,9.227,2.385,3.280,0,0
46666,3,0.03,0.00,9.290,2.495,3.390,0,0
46717,3,0.05,0.54,9.242,2.413,3.428,0,0
46769,3,0.05,0.00,9.175,2.337,3.390,0,0
46821,3,0.01,0.00,9.256,2.504,3.400,0,0
46871,3,0.01,0.00,9.237,2.433,3.232,0,0
46921,3,0.02,0.00,9.246,2.533,3.280,0,0
46972,3,0.02,0.00,9.222,2.385,3.304,0,0
47022,3,0.05,0.00,9.213,2.404,3.438,0,0
47075,3,0.00,0.00,9.155,2.375,3.395,0,0
47126,3,0.02,0.52,9.251,2.389,3.347,0,0
47177,3,0.02,0.00,9.275,2.476,3.290,0,0
47229,3,-0.02,-1.36,9.199,2.409,3.328,0,0
47280,3,-0.02,0.00,9.237,2.399,3.376,0,0
47332,3,-0.00,0.52,9.194,2.394,3.381,0,0
47384,3,-0.00,0.00,9.199,2.279,3.371,0,0
47435,3,-0.00,0.00,9.251,2.380,3.414,0,0
47487,3,-0.00,0.00,9.227,2.394,3.395,0,0
47538,3,-0.00,0.00,9.222,2.389,3.400,0,0
47590,3,-0.00,0.00,9.194,2.318,3.347,0,0
47639,3,-0.02,-0.52,9.270,2.428,3.409,0,0
47691,3,-0.02,0.00,9.237,2.413,3.275,0,0
47741,3,-0.02,0.00,9.270,2.385,3.232,0,0
47793,3,-0.03,0.00,9.280,2.413,3.251,0,0
47846,3,-0.05,-0.18,9.199,2.236,3.208,0,0
47896,3,-0.06,-0.56,9.261,2.351,3.275,0,0
47946,3,-0.06,0.00,9.256,2.461,3.285,0,0
47997,3,-0.10,-1.45,9.232,2.385,3.251,0,0
48047,3,-0.10,0.00,9.280,2.437,3.251,0,0
48097,3,-0.10,0.00,9.270,2.442,3.256,0,0
48149,3,-0.10,0.00,9.237,2.428,3.237,0,0
48200,3,-0.10,0.00,9.242,2.418,3.184,0,0
48252,3,-0.08,0.52,9.237,2.394,3.184,0,0
48303,3,-0.07,0.00,9.160,2.437,3.189,0,0
48355,3,-0.07,0.00,9.266,2.413,3.017,0,0
48407,3,-0.05,0.00,9.280,2.610,3.189,0,0
48458,3,-0.05,0.00,9.246,2.840,3.290,0,0
48510,3,-0.05,0.00,9.313,2.557,3.285,0,0
48561,3,-0.04,0.00,9.189,2.160,3.108,0,0
48613,3,-0.04,0.00,9.184,2.327,3.031,0,0
48665,3,-0.04,0.00,9.103,3.294,3.328,0,0
48716,3,-0.01,0.52,9.304,3.179,3.395,0,0
48768,3,-0.01,0.00,9.256,2.270,2.907,0,0
48818,3,-0.01,0.00,9.261,2.342,3.031,0,0
48870,3,-0.05,0.00,9.227,3.026,3.462,0,0
48920,3,-0.05,0.00,9.146,2.892,3.572,0,0
48970,3,-0.05,0.00,9.055,2.490,3.103,0,0
49021,3,-0.06,0.00,9.290,2.500,2.768,0,0
49070,3,-0.08,0.00,9.280,2.705,2.801,0,0
49122,3,-0.08,0.00,9.270,2.811,3.194,0,0
49173,3,-0.09,0.00,9.098,2.686,3.376,0,0
49225,3,-0.09,0.00,9.237,2.634,3.237,0,0
49277,3,-0.09,0.00,9.323,2.523,2.964,0,0
49328,3,-0.10,-0.56,9.146,2.677,3.093,0,0
49380,3,-0.10,0.00,9.266,2.428,3.160,0,0
49431,3,-0.12,0.00,9.041,2.734,3.448,0,0
49483,3,-0.15,-1.34,8.983,3.213,3.486,0,0
49535,3,-0.15,0.00,9.347,3.112,3.419,0,0
49586,3,-0.10,0.48,9.127,2.485,3.160,0,0
49638,3,-0.10,0.00,9.208,2.227,2.935,0,0
49689,3,-0.09,0.56,9.299,2.025,2.964,0,0
49740,3,-0.09,0.00,9.088,2.423,3.371,0,0
49791,3,-0.09,0.00,9.088,2.859,3.745,0,0
49843,3,-0.09,0.00,9.256,2.543,3.654,0,0
49898,3,-0.09,0.00,9.184,2.418,3.347,0,0
49949,3,-0.09,0.00,9.184,2.528,3.352,0,0
49999,3,-0.09,0.00,9.155,2.610,3.567,0,0
50052,3,-0.09,0.00,9.079,2.495,3.706,0,0
50103,3,-0.09,-0.56,9.079,2.375,3.558,0,0
50154,3,-0.09,0.00,9.179,2.528,3.419,0,0
50205,3,-0.08,0.52,9.160,2.658,3.405,0,0
50257,3,-0.08,0.00,9.131,2.629,3.467,0,0
50308,3,-0.06,0.00,9.146,2.461,3.534,0,0
50360,3,-0.09,-0.86,9.117,2.610,3.610,0,0
50412,3,-0.07,0.00,9.136,2.614,3.496,0,0
50463,3,-0.07,-0.56,9.131,2.634,3.390,0,0
50515,3,-0.04,1.30,9.112,2.624,3.390,0,0
50566,3,-0.07,0.00,9.122,2.662,3.438,0,0
50618,3,-0.07,0.00,9.136,2.629,3.443,0,0
50670,3,-0.07,0.00,9.136,2.586,3.357,0,0
50721,3,-0.07,0.00,9.175,2.605,3.438,0,0
50773,3,-0.07,0.00,9.117,2.648,3.505,0,0
50824,3,-0.07,0.00,9.122,2.600,3.433,0,0
50875,3,-0.07,0.00,9.170,2.576,3.342,0,0
50925,3,-0.07,0.00,9.155,2.619,3.381,0,0
50976,3,-0.07,0.00,9.146,2.591,3.433,0,0
51026,3,-0.07,0.00,9.155,2.595,3.467,0,0
51078,3,-0.06,0.56,9.146,2.576,3.433,0,0
51130,3,-0.06,0.00,9.165,2.614,3.433,0,0
51181,3,-0.06,0.00,9.131,2.576,3.424,0,0
51233,3,-0.09,-0.86,9.146,2.581,3.438,0,0
51284,3,-0.11,0.00,9.141,2.624,3.376,0,0
51336,3,-0.09,0.00,9.179,2.552,3.424,0,0
51388,3,-0.09,0.00,9.117,2.629,3.500,0,0
51439,3,-0.11,0.00,9.117,2.586,3.448,0,0
51491,3,-0.11,0.00,9.179,2.523,3.328,0,0
51542,3,-0.11,0.00,9.165,2.586,3.371,0,0
51594,3,-0.11,0.00,9.146,2.567,3.433,0,0
51646,3,-0.11,0.00,9.165,2.528,3.424,0,0
51697,3,-0.12,-0.48,9.141,2.614,3.448,0,0
51749,3,-0.14,-0.52,9.170,2.595,3.395,0,0
51799,3,-0.12,0.52,9.155,2.552,3.419,0,0
51848,3,-0.17,-1.45,9.146,2.567,3.424,0,0
51901,3,-0.16,0.00,9.151,2.543,3.352,0,0
51956,3,-0.13,0.37,9.170,2.562,3.472,0,0
52007,3,-0.12,0.54,9.127,2.567,3.486,0,0
52059,3,-0.12,0.00,9.146,2.557,3.424,0,0
52110,3,-0.13,-0.82,9.160,2.533,3.357,0,0
52161,3,-0.13,0.00,9.160,2.586,3.376,0,0
52212,3,-0.11,0.00,9.179,2.567,3.419,0,0
52264,3,-0.11,0.00,9.131,2.533,3.462,0,0
52316,3,-0.08,0.52,9.146,2.581,3.457,0,0
52367,3,-0.10,-0.52,9.170,2.562,3.405,0,0
52419,3,-0.10,0.00,9.165,2.528,3.457,0,0
52470,3,-0.08,0.00,9.165,2.562,3.438,0,0
52522,3,-0.12,0.00,9.175,2.490,3.376,0,0
52574,3,-0.13,0.00,9.151,2.567,3.500,0,0
52625,3,-0.12,0.48,9.117,2.562,3.496,0,0
52677,3,-0.11,0.00,9.131,2.538,3.409,0,0
52728,3,-0.09,0.00,9.194,2.557,3.371,0,0
52780,3,-0.09,0.00,9.160,2.614,3.443,0,0
52831,3,-0.11,0.00,9.112,2.547,3.476,0,0
52884,3,-0.11,0.00,9.122,2.605,3.496,0,0
52934,3,-0.11,0.00,9.122,2.672,3.424,0,0
52984,3,-0.10,0.54,9.155,2.705,3.438,0,0
53035,3,-0.10,0.00,9.127,2.634,3.476,0,0
53086,3,-0.14,0.00,9.088,2.614,3.443,0,0
53137,3,-0.15,-0.48,9.141,2.662,3.414,0,0
53188,3,-0.14,0.00,9.170,2.653,3.452,0,0
53240,3,-0.14,0.00,9.064,2.667,3.519,0,0
53291,3,-0.15,0.00,9.074,2.638,3.476,0,0
53343,3,-0.19,0.00,9.160,2.686,3.409,0,0
53395,3,-0.19,0.00,9.146,2.682,3.419,0,0
53446,3,-0.17,0.56,9.084,2.581,3.452,0,0
53498,3,-0.17,0.00,9.112,2.696,3.534,0,0
53549,3,-0.17,1.34,9.127,2.658,3.448,0,0
53601,3,-0.17,0.00,9.112,2.629,3.428,0,0
53653,3,-0.19,0.00,9.131,2.677,3.462,0,0
53704,3,-0.21,0.00,9.103,2.586,3.486,0,0
53756,3,-0.21,0.00,9.064,2.672,3.500,0,0
53807,3,-0.23,0.00,9.165,2.691,3.467,0,0
53858,3,-0.23,0.00,9.103,2.605,3.472,0,0
53908,3,-0.22,0.56,9.084,2.638,3.567,0,0
53958,3,-0.23,-0.56,9.122,2.610,3.438,0,0
54035,3,-0.20,0.29,9.160,2.614,3.443,0,0
54086,3,-0.20,0.00,9.117,2.595,3.486,0,0
54137,3,-0.20,0.00,9.112,2.591,3.457,0,0
54188,3,-0.20,0.00,9.127,2.672,3.481,0,0
54240,3,-0.20,0.00,9.122,2.677,3.472,0,0
54292,3,-0.20,0.00,9.136,2.576,3.481,0,0
54343,3,-0.22,0.00,9.127,2.619,3.529,0,0
54395,3,-0.20,0.52,9.127,2.581,3.448,0,0
54446,3,-0.19,0.48,9.122,2.648,3.433,0,0
54498,3,-0.19,0.00,9.179,2.595,3.476,0,0
54550,3,-0.19,0.00,9.127,2.619,3.543,0,0
54601,3,-0.23,0.00,9.117,2.557,3.467,0,0
54653,3,-0.21,0.00,9.155,2.581,3.390,0,0
54704,3,-0.21,0.00,9.184,2.591,3.381,0,0
54756,3,-0.23,0.00,9.141,2.528,3.385,0,0
54808,3,-0.26,-1.34,9.112,2.519,3.424,0,0
54858,3,-0.26,0.00,9.160,2.605,3.452,0,0
54908,3,-0.26,0.00,9.170,2.519,3.376,0,0
54958,3,-0.26,0.00,9.160,2.538,3.433,0,0
55009,3,-0.26,0.00,9.165,2.485,3.405,0,0
55059,3,-0.28,-0.52,9.155,2.543,3.452,0,0
55110,3,-0.28,0.00,9.184,2.576,3.414,0,0
55162,3,-0.28,0.00,9.170,2.509,3.328,0,0
55211,3,-0.28,0.00,9.179,2.471,3.433,0,0
55263,3,-0.31,-1.34,9.117,2.495,3.496,0,0
55314,3,-0.31,0.00,9.165,2.480,3.424,0,0
55366,3,-0.28,0.00,9.184,2.523,3.285,0,0
55417,3,-0.28,0.00,9.160,2.543,3.338,0,0
55469,3,-0.31,0.00,9.141,2.571,3.424,0,0
55521,3,-0.28,0.52,9.127,2.643,3.519,0,0
55572,3,-0.28,0.00,9.131,2.624,3.496,0,0
55624,3,-0.28,-0.52,9.127,2.629,3.443,0,0
55675,3,-0.28,0.00,9.117,2.629,3.457,0,0
55726,3,-0.28,0.00,9.122,2.705,3.510,0,0
55777,3,-0.28,0.00,9.069,2.667,3.486,0,0
55829,3,-0.31,0.74,9.103,2.725,3.448,0,0
55878,3,-0.33,-0.56,9.136,2.725,3.500,0,0
55929,3,-0.33,0.00,9.050,2.701,3.572,0,0
55979,3,-0.34,0.00,9.060,2.739,3.548,0,0
56030,3,-0.37,-1.24,9.127,2.686,3.414,0,0
56086,3,-0.37,0.00,9.136,2.667,3.414,0,0
56138,3,-0.37,0.00,9.088,2.595,3.481,0,0
56188,3,-0.37,0.00,9.093,2.638,3.486,0,0
56239,3,-0.37,0.00,9.108,2.624,3.448,0,0
56291,3,-0.36,0.00,9.127,2.705,3.472,0,0
56343,3,-0.36,0.00,9.108,2.619,3.438,0,0
56394,3,-0.35,0.00,9.112,2.619,3.481,0,0
56446,3,-0.35,0.00,9.117,2.629,3.486,0,0
56497,3,-0.33,0.00,9.122,2.672,3.496,0,0
56549,3,-0.33,0.00,9.160,2.576,3.448,0,0
56601,3,-0.33,0.00,9.108,2.586,3.519,0,0
56652,3,-0.37,-1.34,9.093,2.610,3.519,0,0
56704,3,-0.37,0.00,9.122,2.600,3.438,0,0
56755,3,-0.38,-0.48,9.141,2.595,3.424,0,0
56807,3,-0.38,0.00,9.141,2.562,3.438,0,0
56859,3,-0.37,0.00,9.141,2.591,3.457,0,0
56909,3,-0.38,0.00,9.127,2.581,3.462,0,0
56959,3,-0.37,0.52,9.127,2.595,3.443,0,0
57010,3,-0.37,0.00,9.151,2.591,3.472,0,0
57060,3,-0.34,1.09,9.122,2.509,3.433,0,0
57110,3,-0.34,0.00,9.088,2.629,3.448,0,0
57162,3,-0.35,-0.30,9.136,2.648,3.448,0,0
57213,3,-0.34,0.48,9.151,2.519,3.390,0,0
57265,3,-0.32,0.00,9.131,2.543,3.505,0,0
57316,3,-0.31,0.48,9.079,2.624,3.563,0,0
57368,3,-0.31,0.00,9.122,2.600,3.486,0,0
57419,3,-0.31,0.00,9.184,2.619,3.395,0,0
57471,3,-0.34,0.00,9.136,2.595,3.419,0,0
57523,3,-0.33,0.56,9.112,2.595,3.476,0,0
57574,3,-0.32,0.52,9.103,2.653,3.524,0,0
57626,3,-0.32,0.00,9.117,2.662,3.496,0,0
57677,3,-0.30,0.52,9.151,2.605,3.424,0,0
57729,3,-0.30,0.00,9.155,2.581,3.476,0,0
57781,3,-0.26,1.01,9.084,2.538,3.505,0,0
57831,3,-0.26,0.00,9.151,2.619,3.496,0,0
57880,3,-0.25,0.00,9.165,2.595,3.419,0,0
57931,3,-0.25,0.00,9.122,2.538,3.505,0,0
57981,3,-0.25,0.00,9.112,2.619,3.534,0,0
58032,3,-0.25,0.00,9.112,2.533,3.424,0,0
58083,3,-0.25,0.00,9.170,2.567,3.409,0,0
58154,3,-0.26,-0.10,9.127,2.552,3.462,0,0
58206,3,-0.26,0.00,9.108,2.538,3.510,0,0
58256,3,-0.26,0.00,9.155,2.619,3.491,0,0
58308,3,-0.26,0.00,9.179,2.605,3.428,0,0
58359,3,-0.24,0.00,9.117,2.576,3.476,0,0
58411,3,-0.23,0.52,9.136,2.533,3.457,0,0
58462,3,-0.23,0.00,9.117,2.634,3.481,0,0
58514,3,-0.24,-0.52,9.151,2.691,3.433,0,0
58566,3,-0.24,0.00,9.117,2.595,3.381,0,0
58617,3,-0.24,0.00,9.165,2.562,3.462,0,0
58669,3,-0.24,0.00,9.108,2.638,3.591,0,0
58720,3,-0.24,0.00,9.103,2.591,3.448,0,0
58772,3,-0.24,0.00,9.146,2.634,3.361,0,0
58824,3,-0.24,0.00,9.155,2.629,3.405,0,0
58875,3,-0.23,0.00,9.122,2.519,3.433,0,0
58926,3,-0.23,0.00,9.151,2.624,3.519,0,0
58976,3,-0.23,0.00,9.155,2.591,3.505,0,0
59027,3,-0.28,-0.52,9.127,2.567,3.462,0,0
59078,3,-0.27,0.48,9.155,2.571,3.424,0,0
59130,3,-0.27,0.00,9.141,2.552,3.467,0,0
59182,3,-0.25,0.52,9.160,2.591,3.486,0,0
59232,3,-0.24,0.48,9.112,2.624,3.405,0,0
59283,3,-0.24,0.00,9.184,2.485,3.452,0,0
59335,3,-0.26,0.00,9.108,2.643,3.539,0,0
59387,3,-0.27,0.00,9.122,2.586,3.452,0,0
59438,3,-0.27,0.00,9.184,2.476,3.290,0,0
59490,3,-0.29,0.00,9.189,2.523,3.342,0,0
59541,3,-0.29,0.00,9.155,2.523,3.467,0,0
59593,3,-0.27,0.00,9.151,2.500,3.505,0,0
59645,3,-0.27,0.00,9.203,2.581,3.467,0,0
59696,3,-0.27,0.00,9.155,2.591,3.438,0,0
59748,3,-0.32,0.00,9.141,2.361,3.366,0,0
59799,3,-0.32,0.00,9.179,2.523,3.409,0,0
59851,3,-0.31,0.00,9.194,2.638,3.519,0,0
59901,3,-0.30,0.56,9.117,2.591,3.500,0,0
59951,3,-0.30,0.00,9.155,2.485,3.424,0,0
60002,3,-0.28,0.00,9.170,2.461,3.385,0,0
60052,3,-0.27,0.52,9.160,2.600,3.395,0,0
60102,3,-0.29,-0.82,9.146,2.600,3.443,0,0
60154,3,-0.31,-0.56,9.151,2.552,3.448,0,0
60218,3,-0.29,0.16,9.151,2.605,3.472,0,0
60268,3,-0.31,-0.52,9.155,2.543,3.457,0,0
60319,3,-0.29,0.00,9.108,2.576,3.476,0,0
60371,3,-0.34,-1.75,9.127,2.600,3.414,0,0
60423,3,-0.33,0.00,9.160,2.552,3.381,0,0
60474,3,-0.28,2.23,9.208,2.509,3.428,0,0
60526,3,-0.33,-1.85,9.136,2.634,3.486,0,0
60577,3,-0.31,0.00,9.151,2.552,3.409,0,0
60629,3,-0.30,0.00,9.189,2.452,3.405,0,0
60681,3,-0.30,0.00,9.131,2.571,3.515,0,0
60732,3,-0.27,0.48,9.170,2.504,3.385,0,0
60784,3,-0.27,0.00,9.203,2.480,3.347,0,0
60835,3,-0.24,0.48,9.175,2.557,3.400,0,0
60888,3,-0.24,0.00,9.136,2.519,3.481,0,0
60938,3,-0.24,0.00,9.175,2.514,3.438,0,0
60988,3,-0.24,0.00,9.175,2.514,3.361,0,0
61039,3,-0.26,-0.52,9.175,2.490,3.347,0,0
61090,3,-0.27,0.00,9.170,2.504,3.414,0,0
61142,3,-0.26,0.52,9.184,2.485,3.419,0,0
61193,3,-0.26,0.00,9.184,2.471,3.395,0,0
61244,3,-0.24,0.48,9.151,2.538,3.381,0,0
61295,3,-0.23,0.00,9.208,2.456,3.361,0,0
61347,3,-0.27,0.52,9.175,2.504,3.534,0,0
61399,3,-0.28,-0.52,9.103,2.528,3.496,0,0
61450,3,-0.28,-0.52,9.213,2.485,3.294,0,0
61502,3,-0.28,0.00,9.218,2.547,3.323,0,0
61553,3,-0.27,0.00,9.131,2.456,3.428,0,0
61605,3,-0.25,0.48,9.151,2.528,3.472,0,0
61657,3,-0.26,-0.30,9.179,2.567,3.390,0,0
61708,3,-0.25,0.00,9.199,2.519,3.405,0,0
61760,3,-0.23,0.52,9.155,2.557,3.448,0,0
61811,3,-0.22,0.00,9.194,2.476,3.428,0,0
61863,3,-0.19,0.60,9.175,2.490,3.414,0,0
61913,3,-0.18,0.48,9.199,2.562,3.366,0,0
61964,3,-0.18,0.00,9.227,2.404,3.347,0,0
62014,3,-0.18,0.00,9.179,2.461,3.496,0,0
62064,3,-0.18,0.00,9.131,2.538,3.448,0,0
62115,3,-0.19,-0.88,9.208,2.418,3.285,0,0
62166,3,-0.19,0.00,9.237,2.485,3.309,0,0
62217,3,-0.19,0.00,9.155,2.500,3.443,0,0
62274,3,-0.17,0.17,9.179,2.418,3.438,0,0
62326,3,-0.17,0.00,9.184,2.528,3.381,0,0
62377,3,-0.17,0.00,9.213,2.504,3.424,0,0
62428,3,-0.16,0.56,9.155,2.500,3.395,0,0
62479,3,-0.18,-0.89,9.189,2.500,3.462,0,0
62531,3,-0.20,-0.48,9.165,2.500,3.390,0,0
62582,3,-0.20,0.00,9.175,2.557,3.428,0,0
62634,3,-0.20,-1.38,9.189,2.471,3.390,0,0
62686,3,-0.20,0.00,9.160,2.480,3.510,0,0
62737,3,-0.21,-0.52,9.141,2.480,3.443,0,0
62789,3,-0.22,-0.52,9.208,2.337,3.208,0,0
62840,3,-0.22,0.00,9.256,2.447,3.247,0,0
62890,3,-0.21,0.56,9.155,2.447,3.333,0,0
62941,3,-0.22,0.00,9.151,2.514,3.510,0,0
62991,3,-0.22,0.00,9.151,2.547,3.476,0,0
63041,3,-0.22,0.00,9.208,2.528,3.424,0,0
63093,3,-0.21,0.00,9.155,2.523,3.414,0,0
63144,3,-0.20,0.00,9.179,2.576,3.433,0,0
63196,3,-0.22,-0.88,9.122,2.581,3.433,0,0
63248,3,-0.21,0.00,9.184,2.667,3.409,0,0
63298,3,-0.21,0.00,9.194,2.619,3.452,0,0
63350,3,-0.19,0.00,9.151,2.533,3.539,0,0
63401,3,-0.18,0.52,9.122,2.461,3.500,0,0
63453,3,-0.18,0.00,9.131,2.471,3.366,0,0
63504,3,-0.20,0.52,9.179,2.605,3.333,0,0
63556,3,-0.19,0.00,9.175,2.490,3.342,0,0
63608,3,-0.14,0.52,9.127,2.543,3.457,0,0
63659,3,-0.16,-0.86,9.146,2.543,3.553,0,0
63711,3,-0.16,0.00,9.141,2.571,3.476,0,0
63762,3,-0.16,0.00,9.194,2.557,3.452,0,0
63814,3,-0.15,0.00,9.160,2.509,3.457,0,0
63866,3,-0.15,0.00,9.136,2.567,3.496,0,0
63916,3,-0.18,-1.45,9.131,2.571,3.414,0,0
63966,3,-0.17,0.00,9.194,2.466,3.385,0,0
64017,3,-0.17,0.00,9.136,2.557,3.491,0,0
64066,3,-0.18,-0.48,9.155,2.576,3.452,0,0
64118,3,-0.18,0.00,9.170,2.442,3.381,0,0
64169,3,-0.18,0.00,9.199,2.504,3.448,0,0
64220,3,-0.17,0.48,9.122,2.533,3.500,0,0
64271,3,-0.17,0.00,9.194,2.485,3.486,0,0
64331,3,-0.15,0.18,9.170,2.495,3.409,0,0
64383,3,-0.15,0.00,9.175,2.480,3.400,0,0
64434,3,-0.15,0.00,9.175,2.471,3.428,0,0
64485,3,-0.15,0.00,9.179,2.447,3.448,0,0
64536,3,-0.14,0.52,9.155,2.543,3.457,0,0
64588,3,-0.11,0.52,9.179,2.485,3.433,0,0
64639,3,-0.15,0.00,9.160,2.514,3.539,0,0
64691,3,-0.14,0.00,9.165,2.500,3.486,0,0
64743,3,-0.14,0.00,9.179,2.456,3.328,0,0
64794,3,-0.14,0.00,9.208,2.581,3.376,0,0
64846,3,-0.15,-0.52,9.155,2.461,3.390,0,0
64896,3,-0.16,-0.56,9.179,2.476,3.500,0,0
64946,3,-0.20,0.00,9.155,2.547,3.496,0,0
64997,3,-0.20,0.00,9.141,2.523,3.433,0,0
65047,3,-0.20,0.00,9.203,2.533,3.400,0,0
65098,3,-0.21,0.00,9.165,2.485,3.443,0,0
65150,3,-0.18,0.48,9.179,2.533,3.409,0,0
65201,3,-0.18,0.00,9.151,2.533,3.409,0,0
65253,3,-0.22,0.00,9.199,2.461,3.438,0,0
65305,3,-0.21,0.48,9.165,2.509,3.467,0,0
65355,3,-0.21,0.00,9.170,2.495,3.476,0,0
65407,3,-0.21,0.00,9.218,2.447,3.333,0,0
65458,3,-0.21,0.00,9.213,2.500,3.371,0,0
65510,3,-0.19,0.00,9.160,2.399,3.400,0,0
65561,3,-0.18,0.00,9.170,2.456,3.405,0,0
65613,3,-0.17,0.00,9.189,2.485,3.414,0,0
65665,3,-0.14,1.08,9.170,2.490,3.347,0,0
65716,3,-0.13,0.48,9.203,2.533,3.452,0,0
65768,3,-0.12,0.52,9.131,2.480,3.462,0,0
65819,3,-0.11,0.00,9.131,2.504,3.433,0,0
65871,3,-0.08,0.52,9.179,2.562,3.409,0,0
65922,3,-0.08,0.00,9.151,2.571,3.524,0,0
65972,3,-0.05,0.56,9.122,2.557,3.606,0,0
66022,3,-0.04,0.56,9.098,2.519,3.443,0,0
66074,3,-0.04,0.00,9.175,2.547,3.409,0,0
66126,3,-0.05,-0.52,9.127,2.586,3.400,0,0
66177,3,-0.05,0.00,9.151,2.476,3.428,0,0
66229,3,-0.05,0.00,9.136,2.571,3.515,0,0
66281,3,-0.06,-0.86,9.136,2.567,3.462,0,0
66331,3,-0.06,0.00,9.151,2.562,3.476,0,0
66408,3,-0.05,0.14,9.098,2.581,3.534,0,0
66458,3,-0.05,0.00,9.103,2.581,3.457,0,0
66510,3,-0.03,0.00,9.151,2.696,3.476,0,0
66561,3,-0.03,0.00,9.131,2.567,3.496,0,0
66613,3,-0.02,0.52,9.088,2.595,3.567,0,0
66664,3,-0.07,0.00,9.136,2.523,3.510,0,0
66716,3,-0.03,1.30,9.151,2.533,3.443,0,0
66768,3,-0.05,0.00,9.136,2.557,3.457,0,0
66819,3,-0.05,0.00,9.122,2.485,3.414,0,0
66871,3,-0.05,0.00,9.146,2.591,3.515,0,0
66921,3,-0.06,0.00,9.088,2.610,3.553,0,0
66972,3,-0.07,-0.52,9.151,2.576,3.529,0,0
67022,3,-0.11,-1.39,9.151,2.528,3.428,0,0
67074,3,-0.12,-1.86,9.151,2.581,3.491,0,0
67126,3,-0.14,-0.52,9.160,2.591,3.496,0,0
67177,3,-0.14,0.00,9.098,2.543,3.452,0,0
67229,3,-0.15,-0.48,9.165,2.519,3.519,0,0
67280,3,-0.15,0.00,9.131,2.576,3.539,0,0
67332,3,-0.16,0.00,9.141,2.490,3.467,0,0
67384,3,-0.16,0.00,9.175,2.552,3.462,0,0
67434,3,-0.16,0.00,9.117,2.519,3.452,0,0
67486,3,-0.16,0.00,9.131,2.509,3.491,0,0
67537,3,-0.18,-0.52,9.122,2.619,3.543,0,0
67589,3,-0.16,0.52,9.098,2.543,3.467,0,0
67640,3,-0.18,0.00,9.141,2.557,3.486,0,0
67692,3,-0.18,0.00,9.127,2.528,3.500,0,0
67743,3,-0.19,-0.48,9.151,2.528,3.481,0,0
67795,3,-0.19,0.00,9.127,2.610,3.539,0,0
67847,3,-0.19,0.00,9.127,2.528,3.448,0,0
67896,3,-0.24,0.00,9.184,2.528,3.524,0,0
67947,3,-0.24,0.00,9.093,2.619,3.539,0,0
67997,3,-0.24,0.00,9.108,2.552,3.438,0,0
68047,3,-0.24,0.00,9.194,2.523,3.395,0,0
68099,3,-0.28,-1.34,9.117,2.576,3.428,0,0
68150,3,-0.28,0.00,9.165,2.461,3.515,0,0
68202,3,-0.26,0.52,9.131,2.543,3.524,0,0
68254,3,-0.25,0.48,9.170,2.547,3.505,0,0
68304,3,-0.25,0.00,9.136,2.504,3.457,0,0
68356,3,-0.24,0.48,9.141,2.528,3.519,0,0
68407,3,-0.24,0.00,9.117,2.480,3.515,0,0
68464,3,-0.22,0.20,9.165,2.552,3.481,0,0
68515,3,-0.22,0.00,9.136,2.528,3.428,0,0
68566,3,-0.24,-0.56,9.199,2.471,3.457,0,0
68617,3,-0.27,-1.30,9.127,2.576,3.582,0,0
68669,3,-0.29,-0.48,9.117,2.437,3.433,0,0
68721,3,-0.29,0.00,9.199,2.495,3.400,0,0
68772,3,-0.30,0.00,9.160,2.528,3.472,0,0
68824,3,-0.31,-0.52,9.127,2.442,3.462,0,0
68876,3,-0.31,0.00,9.170,2.538,3.500,0,0
68926,3,-0.29,0.56,9.155,2.471,3.433,0,0
68976,3,-0.27,0.52,9.151,2.433,3.472,0,0
69027,3,-0.26,0.00,9.131,2.552,3.462,0,0
69076,3,-0.29,-0.52,9.203,2.509,3.467,0,0
69128,3,-0.28,0.52,9.160,2.413,3.462,0,0
69179,3,-0.28,0.00,9.155,2.514,3.467,0,0
69231,3,-0.27,0.48,9.179,2.485,3.433,0,0
69282,3,-0.25,0.00,9.160,2.538,3.500,0,0
69334,3,-0.25,0.52,9.155,2.552,3.457,0,0
69386,3,-0.25,0.00,9.203,2.461,3.338,0,0
69436,3,-0.24,0.48,9.160,2.495,3.424,0,0
69488,3,-0.24,0.00,9.165,2.466,3.481,0,0
69539,3,-0.24,0.00,9.165,2.538,3.448,0,0
69591,3,-0.24,0.00,9.184,2.562,3.448,0,0
69642,3,-0.24,0.00,9.179,2.428,3.424,0,0
69694,3,-0.30,-0.52,9.165,2.528,3.505,0,0
69746,3,-0.31,0.00,9.151,2.456,3.448,0,0
69797,3,-0.29,0.52,9.165,2.433,3.419,0,0
69849,3,-0.30,-0.56,9.189,2.528,3.428,0,0
69899,3,-0.31,0.00,9.160,2.495,3.400,0,0
69949,3,-0.34,-0.56,9.213,2.404,3.438,0,0
69999,3,-0.38,-1.35,9.160,2.552,3.529,0,0
70050,3,-0.39,0.00,9.175,2.447,3.443,0,0
70101,3,-0.41,-0.52,9.179,2.456,3.347,0,0
70153,3,-0.41,0.00,9.208,2.500,3.405,0,0
70204,3,-0.46,-1.82,9.151,2.428,3.443,0,0
70256,3,-0.46,0.00,9.165,2.495,3.472,0,0
70308,3,-0.47,0.00,9.179,2.504,3.405,0,0
70358,3,-0.46,0.52,9.194,2.433,3.395,0,0
70409,3,-0.46,0.00,9.165,2.461,3.419,0,0
70461,3,-0.47,-0.56,9.194,2.442,3.433,0,0
70516,3,-0.48,-0.19,9.179,2.452,3.424,0,0
70566,3,-0.48,0.00,9.208,2.538,3.390,0,0
70618,3,-0.47,0.52,9.194,2.418,3.366,0,0
70669,3,-0.47,0.00,9.203,2.480,3.505,0,0
70721,3,-0.48,0.00,9.146,2.514,3.519,0,0
70772,3,-0.51,0.00,9.184,2.471,3.333,0,0
70824,3,-0.54,-0.56,9.218,2.471,3.342,0,0
70873,3,-0.54,0.00,9.141,2.418,3.400,0,0
70924,3,-0.54,0.00,9.170,2.514,3.534,0,0
70974,3,-0.55,0.00,9.199,2.500,3.414,0,0
71024,3,-0.57,-0.56,9.184,2.471,3.419,0,0
71074,3,-0.60,0.00,9.199,2.423,3.390,0,0
71126,3,-0.56,0.52,9.165,2.361,3.433,0,0
71177,3,-0.56,0.00,9.194,2.514,3.515,0,0
71229,3,-0.58,-0.52,9.175,2.500,3.457,0,0
71281,3,-0.58,0.00,9.199,2.466,3.419,0,0
71332,3,-0.59,0.00,9.222,2.437,3.448,0,0
71384,3,-0.60,-0.48,9.146,2.461,3.481,0,0
71434,3,-0.59,0.48,9.155,2.476,3.424,0,0
71483,3,-0.60,-0.52,9.203,2.480,3.357,0,0
71535,3,-0.60,0.00,9.179,2.442,3.381,0,0
71586,3,-0.62,-0.86,9.155,2.394,3.438,0,0
71638,3,-0.61,0.00,9.218,2.466,3.452,0,0
71689,3,-0.58,0.45,9.203,2.519,3.428,0,0
71741,3,-0.58,0.00,9.208,2.409,3.400,0,0
71793,3,-0.56,0.48,9.175,2.452,3.491,0,0
71844,3,-0.56,0.00,9.194,2.404,3.448,0,0
71897,3,-0.56,0.00,9.175,2.418,3.400,0,0
71947,3,-0.56,0.00,9.199,2.504,3.438,0,0
71997,3,-0.58,-0.85,9.184,2.389,3.366,0,0
72048,3,-0.58,0.00,9.203,2.404,3.491,0,0
72099,3,-0.56,0.00,9.179,2.471,3.505,0,0
72151,3,-0.55,0.45,9.179,2.433,3.361,0,0
72202,3,-0.54,0.56,9.213,2.418,3.376,0,0
72254,3,-0.54,0.00,9.203,2.380,3.424,0,0
72306,3,-0.54,0.00,9.184,2.370,3.424,0,0
72356,3,-0.54,0.00,9.184,2.471,3.409,0,0
72407,3,-0.57,-1.82,9.203,2.428,3.371,0,0
72459,3,-0.57,0.00,9.170,2.423,3.433,0,0
72511,3,-0.57,0.00,9.203,2.466,3.476,0,0
72564,3,-0.55,0.38,9.184,2.409,3.448,0,0
72614,3,-0.55,0.00,9.218,2.490,3.428,0,0
72666,3,-0.58,0.00,9.218,2.418,3.395,0,0
72717,3,-0.60,0.00,9.203,2.442,3.472,0,0
72769,3,-0.58,0.52,9.170,2.485,3.481,0,0
72820,3,-0.58,0.00,9.199,2.433,3.352,0,0
72872,3,-0.58,0.00,9.208,2.380,3.333,0,0
72923,3,-0.58,0.00,9.175,2.370,3.381,0,0
72973,3,-0.62,-1.37,9.227,2.389,3.357,0,0
73023,3,-0.58,1.32,9.213,2.490,3.376,0,0
73075,3,-0.57,0.00,9.213,2.471,3.405,0,0
73127,3,-0.58,-0.80,9.160,2.433,3.472,0,0
73178,3,-0.58,0.00,9.189,2.423,3.443,0,0
73230,3,-0.58,0.00,9.213,2.404,3.395,0,0
73282,3,-0.59,-0.52,9.199,2.418,3.443,0,0
73333,3,-0.58,0.00,9.170,2.461,3.457,0,0
73385,3,-0.59,0.00,9.189,2.476,3.519,0,0
73436,3,-0.59,0.00,9.136,2.500,3.452,0,0
73488,3,-0.59,0.48,9.170,2.428,3.385,0,0
73540,3,-0.59,0.00,9.213,2.528,3.395,0,0
73590,3,-0.59,0.00,9.131,2.495,3.462,0,0
73642,3,-0.58,0.48,9.146,2.442,3.443,0,0
73693,3,-0.59,0.00,9.170,2.538,3.472,0,0
73745,3,-0.59,0.00,9.165,2.504,3.481,0,0
73796,3,-0.59,0.00,9.155,2.495,3.472,0,0
73848,3,-0.58,0.52,9.165,2.523,3.529,0,0
73898,3,-0.58,0.00,9.151,2.490,3.476,0,0
73948,3,-0.56,0.00,9.151,2.557,3.486,0,0
73999,3,-0.56,0.00,9.179,2.519,3.543,0,0
74049,3,-0.58,0.00,9.141,2.595,3.654,0,0
74100,3,-0.56,0.52,9.103,2.504,3.558,0,0
74152,3,-0.61,-1.82,9.165,2.500,3.428,0,0
74203,3,-0.61,0.00,9.160,2.567,3.419,0,0
74255,3,-0.58,0.45,9.136,2.447,3.457,0,0
74307,3,-0.57,0.00,9.146,2.519,3.496,0,0
74358,3,-0.56,0.00,9.141,2.543,3.486,0,0
74410,3,-0.56,0.00,9.131,2.509,3.476,0,0
74461,3,-0.58,0.00,9.175,2.504,3.457,0,0
74512,3,-0.58,0.00,9.146,2.447,3.515,0,0
74563,3,-0.58,0.00,9.122,2.538,3.524,0,0
74622,3,-0.59,-0.19,9.189,2.533,3.500,0,0
74674,3,-0.59,0.00,9.136,2.490,3.572,0,0
74726,3,-0.59,0.00,9.098,2.514,3.563,0,0
74776,3,-0.63,-1.30,9.170,2.538,3.443,0,0
74827,3,-0.64,-1.38,9.179,2.581,3.472,0,0
74879,3,-0.59,1.97,9.146,2.480,3.510,0,0
74930,3,-0.63,0.00,9.141,2.523,3.519,0,0
74980,3,-0.64,-1.49,9.127,2.576,3.567,0,0
75031,3,-0.61,1.43,9.131,2.533,3.443,0,0
75082,3,-0.61,0.00,9.165,2.523,3.476,0,0
75134,3,-0.62,-0.56,9.151,2.466,3.539,0,0
75185,3,-0.62,0.00,9.170,2.519,3.505,0,0
75237,3,-0.63,0.00,9.151,2.519,3.472,0,0
75289,3,-0.63,0.00,9.184,2.428,3.472,0,0
75340,3,-0.65,0.00,9.103,2.547,3.601,0,0
75392,3,-0.65,0.00,9.136,2.404,3.486,0,0
75443,3,-0.66,0.00,9.184,2.509,3.462,0,0
75495,3,-0.66,0.00,9.184,2.471,3.452,0,0
75547,3,-0.67,-0.52,9.136,2.365,3.476,0,0
75598,3,-0.67,0.00,9.151,2.500,3.534,0,0
75650,3,-0.67,0.00,9.155,2.476,3.448,0,0
75701,3,-0.69,0.00,9.184,2.442,3.462,0,0
75752,3,-0.73,-1.34,9.155,2.437,3.515,0,0
75803,3,-0.73,0.00,9.160,2.409,3.524,0,0
75855,3,-0.73,-1.34,9.194,2.476,3.462,0,0
75905,3,-0.73,0.00,9.175,2.442,3.433,0,0
75955,3,-0.73,-1.08,9.179,2.452,3.572,0,0
76006,3,-0.72,0.56,9.122,2.409,3.534,0,0
76056,3,-0.73,0.00,9.179,2.442,3.457,0,0
76107,3,-0.78,0.00,9.194,2.466,3.424,0,0
76159,3,-0.79,-0.52,9.151,2.423,3.486,0,0
76210,3,-0.81,0.00,9.160,2.418,3.524,0,0
76262,3,-0.82,-0.52,9.175,2.495,3.529,0,0
76314,3,-0.81,0.00,9.165,2.452,3.472,0,0
76365,3,-0.79,0.52,9.165,2.504,3.524,0,0
76417,3,-0.78,0.52,9.194,2.418,3.505,0,0
76468,3,-0.77,0.00,9.160,2.375,3.476,0,0
76520,3,-0.77,0.00,9.155,2.543,3.519,0,0
76571,3,-0.74,0.00,9.189,2.332,3.424,0,0
76622,3,-0.74,0.00,9.155,2.447,3.539,0,0
76678,3,-0.75,-0.10,9.127,2.447,3.548,0,0
76730,3,-0.70,0.00,9.189,2.342,3.371,0,0
76782,3,-0.68,0.52,9.222,2.504,3.467,0,0
76832,3,-0.71,-0.86,9.127,2.399,3.486,0,0
76881,3,-0.71,0.00,9.189,2.380,3.510,0,0
76932,3,-0.71,0.00,9.189,2.485,3.438,0,0
76982,3,-0.68,0.60,9.199,2.399,3.467,0,0
77033,3,-0.67,0.48,9.155,2.452,3.563,0,0
77084,3,-0.65,0.00,9.175,2.433,3.476,0,0
77136,3,-0.65,0.00,9.175,2.428,3.452,0,0
77187,3,-0.64,0.52,9.189,2.437,3.462,0,0
77239,3,-0.65,-0.52,9.165,2.370,3.414,0,0
77291,3,-0.67,-0.52,9.194,2.428,3.519,0,0
77342,3,-0.67,0.00,9.155,2.442,3.505,0,0
77394,3,-0.68,-0.45,9.208,2.404,3.409,0,0
77445,3,-0.67,0.00,9.189,2.423,3.424,0,0
77497,3,-0.67,-0.86,9.175,2.394,3.433,0,0
77549,3,-0.63,1.49,9.146,2.385,3.472,0,0
77600,3,-0.63,0.00,9.213,2.452,3.486,0,0
77652,3,-0.63,-0.48,9.155,2.409,3.409,0,0
77702,3,-0.62,0.48,9.194,2.423,3.500,0,0
77751,3,-0.60,0.56,9.170,2.423,3.515,0,0
77803,3,-0.59,0.00,9.170,2.394,3.462,0,0
77854,3,-0.54,0.56,9.203,2.380,3.476,0,0
77904,3,-0.54,0.00,9.203,2.500,3.524,0,0
77955,3,-0.52,0.50,9.165,2.356,3.462,0,0
78005,3,-0.54,-0.52,9.170,2.389,3.567,0,0
78058,3,-0.50,0.00,9.165,2.423,3.529,0,0
78109,3,-0.51,0.00,9.179,2.380,3.390,0,0
78161,3,-0.53,-0.52,9.218,2.375,3.438,0,0
78212,3,-0.54,0.00,9.175,2.361,3.467,0,0
78264,3,-0.54,0.00,9.184,2.389,3.510,0,0
78316,3,-0.54,0.00,9.170,2.428,3.500,0,0
78367,3,-0.54,0.00,9.208,2.418,3.462,0,0
78419,3,-0.51,1.38,9.199,2.351,3.472,0,0
78470,3,-0.53,-0.48,9.184,2.389,3.505,0,0
78522,3,-0.50,1.23,9.194,2.375,3.428,0,0
78573,3,-0.51,0.00,9.179,2.418,3.476,0,0
78624,3,-0.51,0.00,9.184,2.433,3.481,0,0
78675,3,-0.49,0.00,9.194,2.346,3.457,0,0
78741,3,-0.55,-0.63,9.199,2.413,3.534,0,0
78792,3,-0.52,0.88,9.146,2.375,3.472,0,0
78843,3,-0.54,-0.48,9.213,2.356,3.395,0,0
78893,3,-0.51,0.00,9.199,2.370,3.419,0,0
78943,3,-0.53,-0.56,9.151,2.346,3.438,0,0
78993,3,-0.51,0.93,9.184,2.399,3.510,0,0
79044,3,-0.52,0.00,9.189,2.466,3.496,0,0
79095,3,-0.48,1.45,9.179,2.394,3.433,0,0
79147,3,-0.48,0.00,9.175,2.471,3.476,0,0
79198,3,-0.48,0.00,9.155,2.471,3.515,0,0
79250,3,-0.50,-0.48,9.155,2.409,3.519,0,0
79302,3,-0.50,0.00,9.155,2.447,3.515,0,0
79353,3,-0.51,-0.56,9.136,2.571,3.539,0,0
79405,3,-0.52,-0.48,9.170,2.447,3.496,0,0
79456,3,-0.52,0.00,9.122,2.480,3.572,0,0
79508,3,-0.47,0.52,9.127,2.514,3.601,0,0
79557,3,-0.47,0.00,9.131,2.485,3.491,0,0
79609,3,-0.49,0.00,9.165,2.495,3.476,0,0
79659,3,-0.49,0.00,9.141,2.490,3.524,0,0
79711,3,-0.49,0.00,9.151,2.452,3.515,0,0
79762,3,-0.49,0.00,9.155,2.519,3.539,0,0
79814,3,-0.49,0.00,9.122,2.500,3.543,0,0
79865,3,-0.50,-0.48,9.136,2.485,3.534,0,0
79916,3,-0.50,0.00,9.151,2.404,3.558,0,0
79966,3,-0.47,0.00,9.136,2.476,3.582,0,0
80017,3,-0.48,-0.52,9.155,2.466,3.558,0,0
80069,3,-0.48,0.00,9.155,2.471,3.524,0,0
80120,3,-0.47,0.48,9.165,2.409,3.500,0,0
80172,3,-0.47,0.00,9.136,2.380,3.634,0,0
80223,3,-0.44,0.00,9.088,2.375,3.596,0,0
80275,3,-0.47,-1.04,9.175,2.519,3.486,0,0
80327,3,-0.46,0.00,9.194,2.452,3.405,0,0
80378,3,-0.46,-1.01,9.131,2.389,3.510,0,0
80430,3,-0.42,0.00,9.098,2.514,3.601,0,0
80481,3,-0.45,-0.52,9.165,2.471,3.515,0,0
80533,3,-0.42,0.93,9.160,2.399,3.481,0,0
80585,3,-0.44,-0.52,9.136,2.476,3.558,0,0
80635,3,-0.44,0.00,9.179,2.327,3.539,0,0
80686,3,-0.43,-0.52,9.117,2.461,3.553,0,0
80738,3,-0.44,-0.48,9.194,2.509,3.577,0,0
80795,3,-0.46,-0.18,9.136,2.370,3.510,0,0
80847,3,-0.42,0.00,9.155,2.375,3.582,0,0
80897,3,-0.42,0.00,9.146,2.447,3.596,0,0
80947,3,-0.43,-0.56,9.184,2.385,3.452,0,0
80997,3,-0.42,0.00,9.179,2.437,3.481,0,0
81047,3,-0.42,0.00,9.151,2.380,3.529,0,0
81098,3,-0.42,0.00,9.155,2.428,3.582,0,0
81149,3,-0.42,0.00,9.184,2.428,3.548,0,0
81201,3,-0.43,0.00,9.194,2.423,3.462,0,0
81253,3,-0.45,-0.48,9.175,2.418,3.558,0,0
81304,3,-0.45,0.00,9.151,2.394,3.543,0,0
81356,3,-0.46,0.00,9.184,2.418,3.543,0,0
81407,3,-0.46,0.00,9.179,2.365,3.486,0,0
81459,3,-0.48,0.00,9.184,2.471,3.515,0,0
81511,3,-0.49,0.78,9.194,2.322,3.496,0,0
81562,3,-0.52,0.00,9.127,2.409,3.558,0,0
81614,3,-0.52,0.00,9.170,2.423,3.515,0,0
81665,3,-0.49,1.30,9.184,2.409,3.443,0,0
81717,3,-0.49,0.00,9.213,2.342,3.457,0,0
81769,3,-0.49,-0.52,9.160,2.361,3.524,0,0
81819,3,-0.50,-0.48,9.194,2.380,3.587,0,0
81871,3,-0.50,0.00,9.146,2.389,3.524,0,0
81921,3,-0.50,0.00,9.189,2.375,3.481,0,0
81971,3,-0.53,-1.13,9.160,2.404,3.491,0,0
82022,3,-0.54,-0.50,9.189,2.394,3.500,0,0
82071,3,-0.54,0.00,9.165,2.404,3.510,0,0
82123,3,-0.56,-0.52,9.155,2.404,3.543,0,0
82174,3,-0.52,1.34,9.194,2.332,3.419,0,0
82226,3,-0.55,-0.56,9.218,2.437,3.567,0,0
82278,3,-0.55,0.00,9.127,2.447,3.553,0,0
82329,3,-0.56,0.00,9.170,2.385,3.424,0,0
82381,3,-0.56,0.00,9.218,2.447,3.443,0,0
82432,3,-0.56,0.00,9.155,2.385,3.457,0,0
82484,3,-0.56,-0.52,9.170,2.342,3.496,0,0
82536,3,-0.56,0.00,9.194,2.461,3.496,0,0
82587,3,-0.58,0.00,9.194,2.394,3.462,0,0
82639,3,-0.54,1.34,9.203,2.404,3.491,0,0
82689,3,-0.54,0.00,9.184,2.394,3.510,0,0
82741,3,-0.54,0.00,9.189,2.342,3.510,0,0
82792,3,-0.54,0.00,9.179,2.428,3.476,0,0
82870,3,-0.55,-0.14,9.203,2.308,3.448,0,0
82921,3,-0.57,0.00,9.175,2.337,3.524,0,0
82971,3,-0.52,0.56,9.155,2.380,3.496,0,0
83022,3,-0.52,0.00,9.213,2.351,3.448,0,0
83074,3,-0.52,0.00,9.213,2.375,3.428,0,0
83124,3,-0.52,0.00,9.208,2.308,3.486,0,0
83176,3,-0.52,0.56,9.165,2.389,3.524,0,0
83227,3,-0.53,-0.52,9.199,2.428,3.534,0,0
83279,3,-0.50,0.00,9.155,2.351,3.452,0,0
83330,3,-0.51,0.00,9.213,2.389,3.496,0,0
83382,3,-0.51,0.00,9.165,2.361,3.467,0,0
83434,3,-0.48,1.30,9.189,2.308,3.476,0,0
83485,3,-0.48,0.00,9.203,2.404,3.510,0,0
83537,3,-0.48,0.00,9.136,2.413,3.481,0,0
83588,3,-0.41,1.86,9.256,2.265,3.448,0,0
83640,3,-0.41,0.00,9.160,2.351,3.505,0,0
83692,3,-0.41,0.00,9.136,2.404,3.500,0,0
83743,3,-0.38,1.34,9.242,2.356,3.414,0,0
83795,3,-0.35,1.34,9.184,2.375,3.467,0,0
83845,3,-0.35,0.00,9.151,2.308,3.476,0,0
83895,3,-0.37,0.36,9.203,2.413,3.558,0,0
83945,3,-0.39,-0.56,9.184,2.452,3.491,0,0
83996,3,-0.36,0.00,9.222,2.303,3.472,0,0
84046,3,-0.33,0.24,9.184,2.308,3.462,0,0
84097,3,-0.33,0.00,9.208,2.361,3.534,0,0
84149,3,-0.32,0.00,9.184,2.322,3.452,0,0
84201,3,-0.30,-0.52,9.222,2.370,3.424,0,0
84252,3,-0.28,1.38,9.194,2.318,3.419,0,0
84304,3,-0.27,0.82,9.213,2.318,3.582,0,0
84355,3,-0.28,-0.48,9.165,2.294,3.534,0,0
84407,3,-0.28,0.00,9.242,2.294,3.409,0,0
84459,3,-0.26,0.00,9.218,2.279,3.476,0,0
84510,3,-0.24,0.00,9.155,2.279,3.496,0,0
84562,3,-0.22,1.34,9.256,2.298,3.433,0,0
84613,3,-0.23,-0.52,9.208,2.351,3.448,0,0
84665,3,-0.22,0.82,9.189,2.346,3.491,0,0
84717,3,-0.24,-0.52,9.189,2.255,3.433,0,0
84767,3,-0.24,0.00,9.213,2.255,3.390,0,0
84818,3,-0.22,0.74,9.213,2.337,3.443,0,0
84870,3,-0.23,0.00,9.203,2.394,3.476,0,0
84932,3,-0.24,-0.06,9.184,2.337,3.452,0,0
84983,3,-0.23,0.36,9.108,2.394,3.519,0,0
85033,3,-0.24,0.00,9.203,2.643,3.577,0,0
85085,3,-0.22,0.82,9.194,2.466,3.414,0,0
85135,3,-0.22,0.00,9.227,2.255,3.347,0,0
85187,3,-0.22,0.00,9.184,2.476,3.472,0,0
85238,3,-0.22,0.00,9.088,2.418,3.543,0,0
85290,3,-0.19,0.00,9.108,2.471,3.505,0,0
85341,3,-0.19,0.00,9.170,2.629,3.481,0,0
85393,3,-0.19,0.00,9.151,2.543,3.376,0,0
85445,3,-0.17,-0.48,9.208,2.591,3.496,0,0
85496,3,-0.17,0.00,9.117,2.471,3.572,0,0
85548,3,-0.19,-0.56,9.112,2.504,3.558,0,0
85599,3,-0.19,0.00,9.151,2.614,3.539,0,0
85651,3,-0.14,1.34,9.131,2.619,3.510,0,0
85703,3,-0.14,0.00,9.108,2.567,3.582,0,0
85754,3,-0.15,0.00,9.050,2.595,3.481,0,0
85806,3,-0.15,0.56,9.160,2.519,3.381,0,0
85856,3,-0.15,0.00,9.112,2.509,3.347,0,0
85906,3,-0.13,1.49,9.055,2.634,3.338,0,0
85957,3,-0.13,0.00,9.184,2.902,3.409,0,0
86007,3,-0.14,-0.56,9.170,2.892,3.582,0,0
86057,3,-0.11,1.33,9.160,2.753,3.539,0,0
86108,3,-0.12,0.00,9.246,2.605,3.093,0,0
86160,3,-0.15,-0.52,9.433,1.963,2.629,0,0
86212,3,-0.16,-0.52,9.237,2.246,3.031,0,0
86263,3,-0.18,0.00,8.930,3.352,3.496,0,0
86315,3,-0.14,0.00,9.242,3.304,3.333,0,0
86366,3,-0.15,0.00,9.313,2.725,2.964,0,0
86418,3,-0.15,0.00,9.251,2.466,2.883,0,0
86469,3,-0.13,0.86,9.237,2.619,3.021,0,0
86521,3,-0.14,0.00,9.299,2.619,2.988,0,0
86573,3,-0.14,0.00,9.328,2.495,2.844,0,0
86624,3,-0.11,0.00,9.390,2.423,2.777,0,0
86676,3,-0.14,-0.52,9.395,2.452,2.787,0,0
86727,3,-0.11,0.86,9.242,2.691,2.964,0,0
86778,3,-0.11,0.00,9.313,2.686,2.950,0,0
86829,3,-0.13,0.00,9.313,2.543,2.873,0,0
86881,3,-0.10,0.82,9.347,2.571,2.830,0,0
86932,3,-0.10,0.00,9.361,2.519,2.835,0,0
86990,3,-0.11,-0.05,9.313,2.447,2.835,0,0
87040,3,-0.12,0.00,9.400,2.375,2.868,0,0
87091,3,-0.12,0.00,9.290,2.456,2.840,0,0
87142,3,-0.11,-0.48,9.342,2.591,2.863,0,0
87194,3,-0.13,-0.52,9.337,2.433,2.816,0,0
87246,3,-0.12,0.00,9.361,2.413,2.859,0,0
87297,3,-0.12,-0.48,9.347,2.614,2.921,0,0
87349,3,-0.12,0.00,9.347,2.600,2.873,0,0
87400,3,-0.10,0.00,9.385,2.480,2.902,0,0
87452,3,-0.11,-0.48,9.290,2.480,2.940,0,0
87504,3,-0.09,0.00,9.318,2.500,2.940,0,0
87555,3,-0.10,-0.52,9.304,2.476,2.801,0,0
87607,3,-0.12,0.00,9.390,2.547,2.830,0,0
87658,3,-0.11,-1.01,9.313,2.595,3.012,0,0
87710,3,-0.12,-0.56,9.275,2.528,3.012,0,0
87762,3,-0.10,0.86,9.328,2.452,2.935,0,0
87812,3,-0.10,0.00,9.328,2.495,2.868,0,0
87863,3,-0.13,-0.48,9.342,2.480,2.840,0,0
87914,3,-0.14,-0.56,9.371,2.442,2.863,0,0
87964,3,-0.14,0.00,9.323,2.614,2.978,0,0
88015,3,-0.17,-0.56,9.304,2.595,3.007,0,0
88064,3,-0.15,0.56,9.318,2.394,2.954,0,0
88116,3,-0.15,0.00,9.347,2.413,2.887,0,0
88168,3,-0.15,0.86,9.342,2.653,2.935,0,0
88219,3,-0.15,0.00,9.347,2.480,2.892,0,0
88271,3,-0.15,0.00,9.299,2.428,2.950,0,0
88322,3,-0.13,0.52,9.299,2.495,2.969,0,0
88374,3,-0.13,0.00,9.380,2.682,2.935,0,0
88426,3,-0.15,0.00,9.290,2.576,2.897,0,0
88477,3,-0.15,0.00,9.309,2.332,2.854,0,0
88529,3,-0.12,0.82,9.328,2.361,2.974,0,0
88580,3,-0.12,0.00,9.208,2.519,3.103,0,0
88632,3,-0.12,0.00,9.328,2.638,3.012,0,0
88684,3,-0.09,1.34,9.352,2.658,2.935,0,0
88734,3,-0.11,-1.01,9.313,2.739,2.978,0,0
88785,3,-0.13,-0.48,9.290,2.710,3.026,0,0
88837,3,-0.14,0.00,9.266,2.509,2.964,0,0
88887,3,-0.13,-0.48,9.199,2.576,3.002,0,0
88937,3,-0.15,0.00,9.208,2.749,3.117,0,0
88987,3,-0.15,0.31,9.246,2.576,2.978,0,0
89046,3,-0.17,-0.19,9.333,2.638,2.887,0,0
89096,3,-0.17,0.00,9.266,2.763,3.045,0,0
89147,3,-0.16,-0.48,9.194,2.686,3.136,0,0
89199,3,-0.16,0.00,9.213,2.677,3.127,0,0
89251,3,-0.17,0.00,9.299,2.701,3.103,0,0
89302,3,-0.18,-0.52,9.218,2.614,3.165,0,0
89354,3,-0.18,0.00,9.179,2.715,3.218,0,0
89406,3,-0.17,0.82,9.237,2.763,3.084,0,0
89457,3,-0.17,0.00,9.232,2.777,2.959,0,0
89509,3,-0.17,0.60,9.256,2.734,2.892,0,0
89560,3,-0.17,0.00,9.285,2.792,2.935,0,0
89612,3,-0.16,0.00,9.208,2.610,2.892,0,0
89664,3,-0.17,-0.52,9.275,2.437,2.849,0,0
89715,3,-0.16,0.48,9.342,2.523,2.911,0,0
89767,3,-0.17,0.00,9.270,2.667,3.065,0,0
89817,3,-0.17,0.00,9.313,2.567,3.117,0,0
89866,3,-0.18,-0.60,9.199,2.471,3.146,0,0
89916,3,-0.18,0.00,9.227,2.672,3.294,0,0
89967,3,-0.18,0.00,9.184,2.849,3.342,0,0
90017,3,-0.18,0.00,9.170,2.772,3.160,0,0
90069,3,-0.17,0.60,9.313,2.648,2.945,0,0
90121,3,-0.16,0.00,9.270,2.614,3.017,0,0
90173,3,-0.16,0.00,9.199,2.500,3.184,0,0
90224,3,-0.16,0.00,9.165,2.447,3.304,0,0
90276,3,-0.14,0.00,9.222,2.528,3.079,0,0
90327,3,-0.14,0.00,9.318,2.619,2.926,0,0
90379,3,-0.13,0.00,9.309,2.701,3.031,0,0
90431,3,-0.11,0.48,9.242,2.543,3.179,0,0
90482,3,-0.14,0.00,9.203,2.581,3.247,0,0
90534,3,-0.11,0.52,9.266,2.591,3.084,0,0
90585,3,-0.11,0.00,9.261,2.619,3.041,0,0
90637,3,-0.06,1.34,9.261,2.562,3.098,0,0
90689,3,-0.10,-1.34,9.218,2.562,3.156,0,0
90739,3,-0.06,1.34,9.208,2.557,3.103,0,0
90790,3,-0.10,-1.34,9.280,2.672,3.060,0,0
90842,3,-0.06,0.00,9.299,2.591,3.156,0,0
90892,3,-0.10,-1.34,9.189,2.547,3.256,0,0
90942,3,-0.10,0.00,9.194,2.571,3.199,0,0
90993,3,-0.06,0.00,9.304,2.619,3.141,0,0
91043,3,-0.08,-0.93,9.261,2.614,3.112,0,0
91099,3,-0.08,0.00,9.222,2.576,3.136,0,0
91151,3,-0.08,0.00,9.232,2.600,3.218,0,0
91203,3,-0.10,-0.48,9.246,2.591,3.179,0,0
91253,3,-0.10,0.00,9.242,2.519,3.151,0,0
91305,3,-0.05,1.38,9.227,2.557,3.175,0,0
91356,3,-0.05,0.00,9.256,2.509,3.184,0,0
91408,3,-0.03,0.00,9.232,2.614,3.103,0,0
91459,3,-0.03,0.00,9.275,2.653,3.098,0,0
91511,3,-0.03,0.00,9.256,2.562,3.175,0,0
91563,3,-0.06,-0.52,9.194,2.567,3.261,0,0
91614,3,-0.07,0.00,9.256,2.571,3.179,0,0
91666,3,-0.04,0.00,9.275,2.552,3.079,0,0
91717,3,-0.04,0.00,9.261,2.543,3.136,0,0
91769,3,-0.04,0.00,9.208,2.543,3.179,0,0
91821,3,-0.03,0.82,9.242,2.581,3.199,0,0
91872,3,-0.03,0.00,9.280,2.605,3.156,0,0
91923,3,-0.04,-0.56,9.232,2.533,3.141,0,0
91973,3,-0.06,-0.50,9.227,2.562,3.242,0,0
92024,3,-0.02,0.00,9.256,2.547,3.170,0,0
92075,3,-0.05,-0.48,9.261,2.519,3.132,0,0
92127,3,-0.05,0.00,9.237,2.605,3.175,0,0
92179,3,-0.01,0.00,9.256,2.519,3.112,0,0
92229,3,-0.04,-1.01,9.266,2.543,3.179,0,0
92281,3,-0.05,0.00,9.213,2.552,3.242,0,0
92332,3,-0.03,0.82,9.304,2.452,3.079,0,0
92384,3,-0.03,0.00,9.227,2.595,3.084,0,0
92435,3,-0.06,-0.52,9.323,2.500,3.136,0,0
92487,3,-0.06,0.00,9.222,2.480,3.084,0,0
92539,3,-0.05,0.74,9.266,2.528,3.160,0,0
92590,3,-0.06,-0.52,9.246,2.523,3.151,0,0
92642,3,-0.08,0.00,9.280,2.523,3.160,0,0
92693,3,-0.09,0.00,9.256,2.471,3.136,0,0
92745,3,-0.11,0.00,9.290,2.485,3.151,0,0
92797,3,-0.12,-0.52,9.275,2.461,3.156,0,0
92848,3,-0.13,-0.52,9.294,2.519,3.112,0,0
92901,3,-0.11,0.00,9.290,2.500,3.084,0,0
92951,3,-0.15,0.00,9.294,2.409,3.132,0,0
93001,3,-0.15,0.00,9.246,2.471,3.179,0,0
93051,3,-0.16,-0.56,9.290,2.452,3.108,0,0
93103,3,-0.16,0.00,9.323,2.447,3.074,0,0
93161,3,-0.15,0.23,9.251,2.428,3.079,0,0
93213,3,-0.15,-0.48,9.290,2.423,3.156,0,0
93263,3,-0.13,0.48,9.280,2.480,3.093,0,0
93315,3,-0.12,0.56,9.294,2.523,3.108,0,0
93366,3,-0.12,0.00,9.290,2.428,3.122,0,0
93418,3,-0.14,0.00,9.266,2.394,3.141,0,0
93469,3,-0.15,0.00,9.294,2.452,3.146,0,0
93521,3,-0.15,-1.71,9.299,2.442,3.079,0,0
93573,3,-0.14,0.48,9.270,2.476,3.074,0,0
93624,3,-0.15,0.00,9.266,2.519,3.108,0,0
93676,3,-0.14,0.00,9.313,2.433,3.151,0,0
93727,3,-0.12,0.00,9.237,2.480,3.223,0,0
93779,3,-0.15,-0.48,9.256,2.485,3.093,0,0
93831,3,-0.14,0.52,9.337,2.447,3.050,0,0
93883,3,-0.14,0.00,9.270,2.461,3.089,0,0
93933,3,-0.14,0.00,9.261,2.500,3.175,0,0
93983,3,-0.12,0.00,9.290,2.523,3.189,0,0
94034,3,-0.14,-0.56,9.266,2.528,3.156,0,0
94085,3,-0.14,0.00,9.275,2.490,3.151,0,0
94137,3,-0.14,0.00,9.256,2.461,3.179,0,0
94189,3,-0.14,0.00,9.242,2.509,3.165,0,0
94239,3,-0.14,0.00,9.275,2.523,3.175,0,0
94291,3,-0.14,0.00,9.266,2.538,3.170,0,0
94342,3,-0.14,0.00,9.256,2.552,3.160,0,0
94394,3,-0.15,-0.48,9.266,2.504,3.194,0,0
94445,3,-0.14,0.48,9.222,2.471,3.251,0,0
94497,3,-0.14,0.00,9.203,2.576,3.213,0,0
94549,3,-0.14,0.00,9.290,2.538,3.112,0,0
94600,3,-0.12,0.00,9.256,2.495,3.175,0,0
94652,3,-0.16,-1.38,9.218,2.514,3.213,0,0
94703,3,-0.16,0.00,9.227,2.567,3.213,0,0
94755,3,-0.13,0.48,9.256,2.547,3.208,0,0
94807,3,-0.12,0.56,9.251,2.519,3.208,0,0
94858,3,-0.08,0.00,9.232,2.528,3.199,0,0
94908,3,-0.09,0.56,9.227,2.466,3.160,0,0
94959,3,-0.08,0.52,9.237,2.452,3.194,0,0
95009,3,-0.08,0.00,9.270,2.471,3.237,0,0
95061,3,-0.04,1.01,9.160,2.547,3.170,0,0
95113,3,-0.04,0.00,9.294,2.653,3.247,0,0
95165,3,-0.02,0.52,9.227,2.634,3.227,0,0
95224,3,-0.02,0.00,9.227,2.643,3.170,0,0
95274,3,-0.02,0.00,9.275,2.605,3.203,0,0
95325,3,-0.04,0.00,9.208,2.610,3.170,0,0
95377,3,-0.04,0.00,9.184,2.638,3.089,0,0
95429,3,-0.05,-0.48,9.275,2.682,3.122,0,0
95480,3,-0.07,0.00,9.280,2.413,3.146,0,0
95532,3,-0.05,0.00,9.280,2.370,3.247,0,0
95583,3,-0.03,0.00,9.246,2.476,3.256,0,0
95635,3,-0.04,0.00,9.194,2.634,3.285,0,0
95687,3,-0.04,0.00,9.227,2.528,3.156,0,0
95738,3,-0.07,-0.52,9.294,2.476,2.993,0,0
95790,3,-0.07,0.00,9.333,2.413,3.031,0,0
95841,3,-0.07,0.00,9.290,2.423,3.338,0,0
95891,3,-0.08,0.00,9.112,2.528,3.500,0,0
95942,3,-0.08,0.00,9.199,2.662,3.270,0,0
95992,3,-0.10,0.00,9.337,2.705,2.964,0,0
96042,3,-0.12,0.00,9.261,2.591,2.988,0,0
96094,3,-0.12,0.00,9.208,2.490,3.203,0,0
96145,3,-0.12,0.00,9.203,2.471,3.285,0,0
96196,3,-0.12,0.00,9.218,2.543,3.227,0,0
96247,3,-0.12,0.00,9.270,2.653,3.122,0,0
96299,3,-0.11,0.48,9.251,2.552,3.170,0,0
96350,3,-0.11,0.00,9.246,2.571,3.203,0,0
96402,3,-0.11,-0.52,9.222,2.547,3.194,0,0
96454,3,-0.11,0.00,9.208,2.571,3.060,0,0
96505,3,-0.14,-1.45,9.294,2.562,3.127,0,0
96557,3,-0.14,0.00,9.203,2.567,3.261,0,0
96608,3,-0.16,-0.52,9.199,2.581,3.170,0,0
96660,3,-0.16,0.00,9.285,2.610,3.098,0,0
96712,3,-0.16,0.00,9.270,2.634,3.108,0,0
96763,3,-0.14,0.00,9.237,2.504,3.160,0,0
96815,3,-0.14,0.00,9.237,2.605,3.223,0,0
96866,3,-0.16,0.00,9.242,2.591,3.141,0,0
96917,3,-0.16,0.00,9.251,2.567,3.132,0,0
96967,3,-0.16,0.00,9.246,2.591,3.108,0,0
97018,3,-0.14,0.00,9.256,2.595,3.179,0,0
97070,3,-0.14,0.00,9.242,2.576,3.146,0,0
97120,3,-0.14,0.00,9.270,2.571,3.108,0,0
97172,3,-0.14,0.00,9.290,2.514,3.112,0,0
97223,3,-0.14,0.00,9.237,2.591,3.242,0,0
97301,3,-0.16,-0.15,9.232,2.547,3.089,0,0
97352,3,-0.17,0.00,9.285,2.600,3.084,0,0
97404,3,-0.19,-1.30,9.270,2.538,3.103,0,0
97454,3,-0.19,0.00,9.218,2.509,3.189,0,0
97503,3,-0.19,0.00,9.261,2.567,3.184,0,0
97555,3,-0.18,0.00,9.256,2.591,3.136,0,0
97606,3,-0.18,0.00,9.294,2.538,3.103,0,0
97658,3,-0.17,0.52,9.290,2.538,3.127,0,0
97709,3,-0.18,-0.48,9.232,2.466,3.160,0,0
97761,3,-0.18,0.00,9.246,2.485,3.093,0,0
97813,3,-0.18,0.00,9.261,2.619,3.065,0,0
97864,3,-0.20,0.00,9.280,2.480,3.093,0,0
97915,3,-0.19,0.56,9.251,2.500,3.251,0,0
97965,3,-0.19,0.00,9.222,2.490,3.189,0,0
98015,3,-0.19,0.00,9.285,2.528,3.069,0,0
98068,3,-0.19,0.00,9.328,2.504,3.055,0,0
98119,3,-0.17,0.00,9.222,2.433,3.127,0,0
98171,3,-0.16,0.56,9.251,2.543,3.156,0,0
98222,3,-0.17,0.00,9.270,2.547,3.122,0,0
98274,3,-0.17,0.00,9.261,2.509,3.093,0,0
98326,3,-0.17,0.00,9.261,2.533,3.160,0,0
98376,3,-0.21,-1.30,9.266,2.538,3.165,0,0
98427,3,-0.20,0.00,9.246,2.471,3.151,0,0
98479,3,-0.17,0.60,9.237,2.576,3.108,0,0
98531,3,-0.17,0.00,9.304,2.490,3.098,0,0
98582,3,-0.16,0.48,9.270,2.485,3.160,0,0
98634,3,-0.16,0.00,9.213,2.591,3.266,0,0
98685,3,-0.14,0.00,9.256,2.533,3.069,0,0
98737,3,-0.16,-0.52,9.270,2.533,3.112,0,0
98789,3,-0.16,0.00,9.251,2.433,3.156,0,0
98840,3,-0.18,0.00,9.246,2.495,3.213,0,0
98893,3,-0.19,-0.52,9.266,2.552,3.184,0,0
98943,3,-0.19,0.00,9.270,2.500,3.160,0,0
98993,3,-0.16,0.00,9.237,2.571,3.175,0,0
99043,3,-0.19,-1.41,9.285,2.500,3.141,0,0
99095,3,-0.19,0.00,9.213,2.433,3.242,0,0
99147,3,-0.18,0.48,9.151,2.495,3.218,0,0
99198,3,-0.18,0.00,9.328,2.638,3.093,0,0
99250,3,-0.18,0.00,9.256,2.768,3.141,0,0
99301,3,-0.18,0.00,9.218,2.720,3.333,0,0
99369,3,-0.18,0.00,9.213,2.552,3.112,0,0
99421,3,-0.16,0.56,9.323,2.806,3.036,0,0
99473,3,-0.16,0.00,9.309,2.638,3.079,0,0
99523,3,-0.16,0.00,9.237,2.361,3.151,0,0
99575,3,-0.16,0.00,9.213,2.476,3.323,0,0
99626,3,-0.18,-0.52,9.189,2.610,3.199,0,0
99678,3,-0.18,0.00,9.280,2.658,3.045,0,0
99729,3,-0.16,0.52,9.218,2.768,2.988,0,0
99781,3,-0.16,0.00,9.246,2.662,3.103,0,0
99833,3,-0.15,0.00,9.242,2.562,3.189,0,0
99885,3,-0.14,0.52,9.266,2.361,3.237,0,0
99935,3,-0.14,0.00,9.299,2.298,3.242,0,0
99985,3,-0.16,0.56,9.218,2.490,3.160,0,0
100036,3,-0.15,0.50,9.318,2.552,3.089,0,0
100087,3,-0.13,0.00,9.280,2.591,3.065,0,0
100139,3,-0.12,0.52,9.222,2.504,3.136,0,0
100191,3,-0.12,0.00,9.290,2.528,3.127,0,0
100242,3,-0.09,0.52,9.280,2.504,3.108,0,0
100294,3,-0.09,0.00,9.313,2.337,3.136,0,0
100345,3,-0.08,0.00,9.266,2.404,3.146,0,0
100397,3,-0.06,0.60,9.285,2.514,3.151,0,0
100449,3,-0.08,0.00,9.261,2.490,3.069,0,0
100499,3,-0.06,0.56,9.275,2.547,3.045,0,0
100550,3,-0.04,0.52,9.270,2.476,3.117,0,0
100602,3,-0.04,0.00,9.246,2.466,3.208,0,0
100654,3,-0.02,0.00,9.266,2.428,3.165,0,0
100705,3,-0.01,0.48,9.294,2.413,3.084,0,0
100757,3,-0.01,0.00,9.304,2.509,3.141,0,0
100808,3,-0.03,0.00,9.251,2.456,3.132,0,0
100860,3,-0.01,0.52,9.256,2.543,3.170,0,0
100910,3,0.01,0.00,9.280,2.543,3.132,0,0
100961,3,0.01,0.00,9.285,2.547,3.160,0,0
101011,3,0.02,0.50,9.270,2.471,3.136,0,0
101063,3,-0.01,0.00,9.251,2.485,3.179,0,0
101115,3,-0.00,0.00,9.299,2.543,3.122,0,0
101167,3,-0.00,0.00,9.266,2.528,3.045,0,0
101218,3,0.01,0.00,9.275,2.490,3.165,0,0
101270,3,0.03,0.50,9.213,2.543,3.199,0,0
101321,3,-0.02,0.00,9.261,2.476,3.108,0,0
101373,3,-0.05,-0.56,9.294,2.461,3.060,0,0
101430,3,-0.06,-0.22,9.347,2.514,3.227,0,0
101481,3,-0.06,0.00,9.266,2.346,3.280,0,0
101532,3,-0.06,0.00,9.242,2.342,3.304,0,0
101583,3,-0.06,0.00,9.347,2.337,3.089,0,0
101635,3,-0.05,0.00,9.309,2.490,3.007,0,0
101687,3,-0.09,-1.34,9.309,2.586,2.969,0,0
101738,3,-0.09,0.00,9.318,2.614,2.921,0,0
101790,3,-0.09,0.00,9.285,2.662,2.863,0,0
101841,3,-0.09,0.00,9.323,2.562,2.878,0,0
101894,3,-0.10,0.00,9.333,2.423,3.084,0,0
101944,3,-0.10,0.00,9.246,2.342,3.294,0,0
101995,3,-0.10,0.00,9.270,2.116,3.218,0,0
102045,3,-0.10,0.00,9.352,2.251,3.179,0,0
102096,3,-0.09,0.00,9.290,2.461,3.151,0,0
102148,3,-0.12,-1.34,9.299,2.423,3.098,0,0
102199,3,-0.14,0.00,9.337,2.504,3.127,0,0
102251,3,-0.15,-0.52,9.366,2.365,3.098,0,0
102303,3,-0.14,0.00,9.333,2.164,3.069,0,0
102354,3,-0.14,0.00,9.342,2.136,3.170,0,0
102406,3,-0.15,0.00,9.280,2.222,3.203,0,0
102457,3,-0.16,-0.52,9.275,2.428,3.098,0,0
102508,3,-0.16,0.00,9.371,2.509,2.974,0,0
102559,3,-0.16,0.00,9.294,2.394,3.012,0,0
102611,3,-0.16,0.00,9.251,2.543,3.165,0,0
102663,3,-0.20,-1.30,9.290,2.490,3.194,0,0
102714,3,-0.20,0.00,9.294,2.375,3.069,0,0
102766,3,-0.20,0.00,9.337,2.418,3.055,0,0
102817,3,-0.21,-0.52,9.290,2.423,3.117,0,0
102869,3,-0.23,-0.52,9.251,2.456,3.117,0,0
102919,3,-0.23,0.00,9.309,2.519,3.093,0,0
102970,3,-0.21,0.56,9.285,2.523,3.079,0,0
103020,3,-0.21,0.00,9.285,2.447,3.089,0,0
103072,3,-0.26,-1.34,9.294,2.480,3.151,0,0
103124,3,-0.26,0.00,9.266,2.447,3.151,0,0
103175,3,-0.28,0.00,9.285,2.480,3.127,0,0
103227,3,-0.28,0.00,9.333,2.461,3.151,0,0
103279,3,-0.26,0.48,9.285,2.495,3.199,0,0
103330,3,-0.29,0.52,9.251,2.447,3.165,0,0
103382,3,-0.29,0.00,9.256,2.456,3.098,0,0
103433,3,-0.29,0.00,9.323,2.409,3.098,0,0
103493,3,-0.29,0.00,9.261,2.370,3.117,0,0
103544,3,-0.29,0.00,9.294,2.404,3.189,0,0
103595,3,-0.29,0.00,9.299,2.428,3.160,0,0
103646,3,-0.29,0.00,9.290,2.380,3.136,0,0
103698,3,-0.29,0.00,9.304,2.389,3.132,0,0
103749,3,-0.29,0.00,9.318,2.409,3.160,0,0
103801,3,-0.27,0.00,9.337,2.380,3.117,0,0
103853,3,-0.29,-0.52,9.251,2.356,3.165,0,0
103903,3,-0.31,-0.56,9.285,2.342,3.242,0,0
103953,3,-0.33,-0.50,9.294,2.380,3.237,0,0
104004,3,-0.33,0.00,9.290,2.385,3.132,0,0
104053,3,-0.34,-0.56,9.333,2.385,3.021,0,0
104105,3,-0.34,0.00,9.294,2.356,3.069,0,0
104157,3,-0.34,0.00,9.251,2.332,3.160,0,0
104208,3,-0.36,-0.52,9.256,2.452,3.237,0,0
104260,3,-0.39,-1.34,9.328,2.404,3.108,0,0
104311,3,-0.39,0.00,9.328,2.342,3.055,0,0
104363,3,-0.38,0.52,9.290,2.385,3.184,0,0
104415,3,-0.38,0.00,9.294,2.389,3.208,0,0
104465,3,-0.37,0.48,9.313,2.389,3.156,0,0
104517,3,-0.36,1.01,9.299,2.461,3.127,0,0
104568,3,-0.35,0.52,9.304,2.370,3.074,0,0
104620,3,-0.35,0.00,9.309,2.351,3.156,0,0
104671,3,-0.32,0.52,9.242,2.370,3.208,0,0
104723,3,-0.32,0.00,9.309,2.351,3.136,0,0
104775,3,-0.32,-0.52,9.352,2.365,3.050,0,0
104826,3,-0.32,0.00,9.304,2.389,3.132,0,0
104878,3,-0.30,0.00,9.266,2.351,3.227,0,0
104928,3,-0.32,0.52,9.323,2.399,3.165,0,0
104979,3,-0.34,-0.52,9.290,2.380,3.060,0,0
105029,3,-0.32,0.00,9.337,2.365,3.165,0,0
105081,3,-0.31,0.52,9.256,2.442,3.218,0,0
105133,3,-0.30,0.52,9.294,2.413,3.170,0,0
105184,3,-0.30,0.00,9.318,2.409,3.050,0,0
105236,3,-0.33,-1.38,9.318,2.385,3.065,0,0
105287,3,-0.32,0.00,9.313,2.365,3.199,0,0
105339,3,-0.32,0.00,9.275,2.385,3.227,0,0
105391,3,-0.33,0.00,9.299,2.433,3.098,0,0
105441,3,-0.33,0.00,9.309,2.442,3.021,0,0
105492,3,-0.38,0.00,9.328,2.313,3.117,0,0
105550,3,-0.38,0.00,9.251,2.385,3.194,0,0
105602,3,-0.38,0.00,9.304,2.480,3.151,0,0
105652,3,-0.38,0.00,9.337,2.370,3.079,0,0
105704,3,-0.40,-0.56,9.270,2.346,3.136,0,0
105755,3,-0.42,0.00,9.318,2.428,3.151,0,0
105807,3,-0.42,0.52,9.337,2.428,3.122,0,0
105858,3,-0.42,0.00,9.242,2.375,3.122,0,0
105909,3,-0.46,0.00,9.337,2.385,3.093,0,0
105959,3,-0.44,0.56,9.294,2.428,3.055,0,0
106009,3,-0.44,0.00,9.357,2.394,3.199,0,0
106059,3,-0.45,0.56,9.242,2.375,3.203,0,0
106111,3,-0.45,0.00,9.285,2.375,3.103,0,0
106162,3,-0.44,0.00,9.352,2.389,3.050,0,0
106214,3,-0.46,-0.82,9.304,2.313,3.108,0,0
106266,3,-0.46,0.00,9.256,2.389,3.184,0,0
106317,3,-0.43,0.56,9.318,2.418,3.136,0,0
106369,3,-0.42,0.52,9.333,2.380,3.146,0,0
106420,3,-0.41,0.00,9.309,2.389,3.141,0,0
106472,3,-0.39,0.56,9.313,2.394,3.132,0,0
106524,3,-0.39,0.00,9.294,2.370,3.141,0,0
106574,3,-0.38,0.48,9.299,2.423,3.132,0,0
106625,3,-0.41,0.00,9.313,2.356,3.074,0,0
106677,3,-0.40,0.52,9.313,2.365,3.175,0,0
106729,3,-0.40,0.00,9.251,2.375,3.227,0,0
106780,3,-0.40,0.00,9.294,2.365,3.103,0,0
106832,3,-0.40,0.00,9.337,2.404,3.098,0,0
106881,3,-0.39,0.00,9.285,2.356,3.117,0,0
106932,3,-0.36,0.56,9.280,2.356,3.184,0,0
106982,3,-0.35,0.46,9.309,2.433,3.160,0,0
107033,3,-0.35,0.00,9.299,2.394,3.132,0,0
107084,3,-0.37,-0.78,9.270,2.437,3.151,0,0
107136,3,-0.35,0.48,9.270,2.380,3.218,0,0
107187,3,-0.34,0.52,9.222,2.361,3.237,0,0
107239,3,-0.34,0.00,9.280,2.437,3.208,0,0
107291,3,-0.31,0.00,9.242,2.710,3.136,0,0
107342,3,-0.30,0.56,9.285,2.547,3.021,0,0
107394,3,-0.30,0.00,9.290,2.476,3.089,0,0
107445,3,-0.29,0.00,9.246,2.514,3.179,0,0
107496,3,-0.29,0.00,9.237,2.552,3.189,0,0
107547,3,-0.29,0.00,9.290,2.586,3.117,0,0
107604,3,-0.30,-0.25,9.337,2.485,3.089,0,0
107656,3,-0.29,0.52,9.256,2.428,3.132,0,0
107706,3,-0.28,0.48,9.294,2.447,3.160,0,0
107758,3,-0.28,0.00,9.246,2.543,3.151,0,0
107809,3,-0.23,0.00,9.285,2.509,3.232,0,0
107861,3,-0.23,0.00,9.256,2.332,3.179,0,0
107911,3,-0.25,0.00,9.361,2.313,3.112,0,0
107961,3,-0.25,0.00,9.313,2.409,3.122,0,0
108012,3,-0.24,0.00,9.333,2.313,3.108,0,0
108061,3,-0.21,0.52,9.328,2.361,3.017,0,0
108113,3,-0.21,0.00,9.361,2.222,2.969,0,0
108165,3,-0.21,0.00,9.313,2.260,2.945,0,0
108216,3,-0.20,0.00,9.352,2.222,2.911,0,0
108268,3,-0.18,0.48,9.352,2.140,2.998,0,0
108319,3,-0.18,-0.34,9.313,2.332,3.093,0,0
108371,3,-0.16,0.52,9.318,2.447,3.045,0,0
108423,3,-0.16,0.00,9.376,2.571,2.993,0,0
108474,3,-0.15,0.56,9.361,2.380,2.983,0,0
108526,3,-0.15,0.00,9.227,2.428,3.103,0,0
108578,3,-0.17,-0.86,9.380,2.294,3.117,0,0
108628,3,-0.17,0.00,9.304,2.241,3.141,0,0
108679,3,-0.19,-0.52,9.299,2.337,3.179,0,0
108731,3,-0.19,0.00,9.318,2.500,3.251,0,0
108783,3,-0.21,-1.34,9.222,2.322,3.247,0,0
108834,3,-0.21,0.00,9.242,2.380,3.199,0,0
108886,3,-0.22,0.00,9.313,2.538,3.136,0,0
108937,3,-0.21,0.52,9.304,2.423,3.136,0,0
108987,3,-0.17,1.45,9.251,2.365,3.151,0,0
109037,3,-0.22,0.00,9.333,2.413,3.136,0,0
109089,3,-0.22,0.00,9.304,2.500,3.237,0,0
109138,3,-0.24,-0.52,9.246,2.380,3.223,0,0
109190,3,-0.24,-0.34,9.261,2.346,3.194,0,0
109241,3,-0.26,-0.52,9.290,2.404,3.151,0,0
109293,3,-0.26,0.00,9.299,2.375,3.108,0,0
109344,3,-0.27,-0.48,9.318,2.389,3.194,0,0
109396,3,-0.27,0.00,9.266,2.418,3.251,0,0
109448,3,-0.29,-0.52,9.270,2.337,3.184,0,0
109498,3,-0.29,0.00,9.342,2.380,3.127,0,0
109550,3,-0.27,0.52,9.304,2.351,3.108,0,0
109601,3,-0.31,-1.34,9.275,2.303,3.170,0,0
109659,3,-0.34,-0.36,9.290,2.356,3.194,0,0
109711,3,-0.36,-0.52,9.275,2.394,3.170,0,0
109761,3,-0.36,0.00,9.309,2.404,3.213,0,0
109812,3,-0.41,-1.38,9.299,2.413,3.237,0,0
109864,3,-0.41,0.00,9.275,2.351,3.232,0,0
109914,3,-0.41,0.00,9.285,2.394,3.175,0,0
109965,3,-0.41,-0.56,9.285,2.385,3.170,0,0
110015,3,-0.40,0.56,9.256,2.399,3.256,0,0
110067,3,-0.40,0.00,9.246,2.404,3.323,0,0
110119,3,-0.40,0.00,9.261,2.394,3.179,0,0
110171,3,-0.40,0.00,9.304,2.413,3.156,0,0
110222,3,-0.39,0.00,9.261,2.375,3.227,0,0
110274,3,-0.39,0.00,9.242,2.380,3.275,0,0
110325,3,-0.36,0.52,9.251,2.409,3.256,0,0
110377,3,-0.37,-0.52,9.266,2.447,3.218,0,0
110429,3,-0.39,0.00,9.227,2.413,3.251,0,0
110480,3,-0.41,-1.41,9.256,2.375,3.261,0,0
110532,3,-0.40,0.45,9.270,2.365,3.270,0,0
110583,3,-0.35,0.52,9.256,2.461,3.251,0,0
110635,3,-0.34,0.52,9.285,2.409,3.218,0,0
110687,3,-0.34,0.00,9.218,2.404,3.323,0,0
110737,3,-0.34,0.00,9.227,2.433,3.342,0,0
110788,3,-0.34,0.00,9.266,2.409,3.213,0,0
110840,3,-0.33,0.56,9.270,2.437,3.237,0,0
110890,3,-0.31,0.00,9.251,2.385,3.261,0,0
110940,3,-0.30,0.52,9.227,2.346,3.304,0,0
110990,3,-0.33,-1.28,9.266,2.447,3.256,0,0
111041,3,-0.33,0.00,9.266,2.409,3.227,0,0
111092,3,-0.28,1.75,9.261,2.351,3.247,0,0
111144,3,-0.28,0.00,9.261,2.452,3.299,0,0
111195,3,-0.28,0.00,9.251,2.346,3.270,0,0
111247,3,-0.33,-1.75,9.270,2.433,3.242,0,0
111299,3,-0.33,0.00,9.309,2.356,3.237,0,0
111350,3,-0.35,-0.52,9.251,2.361,3.314,0,0
111402,3,-0.36,0.00,9.222,2.361,3.290,0,0
111453,3,-0.36,0.00,9.294,2.361,3.194,0,0
111505,3,-0.37,-0.48,9.294,2.409,3.189,0,0
111557,3,-0.37,0.00,9.251,2.351,3.261,0,0
111607,3,-0.36,0.48,9.266,2.351,3.275,0,0
111659,3,-0.35,0.52,9.275,2.409,3.237,0,0
111736,3,-0.32,0.27,9.266,2.351,3.251,0,0
111787,3,-0.32,0.00,9.290,2.389,3.275,0,0
111838,3,-0.32,0.00,9.266,2.351,3.266,0,0
111887,3,-0.33,-0.48,9.266,2.389,3.232,0,0
111938,3,-0.33,0.00,9.285,2.385,3.170,0,0
111988,3,-0.33,0.00,9.285,2.332,3.270,0,0
112039,3,-0.32,0.00,9.232,2.342,3.314,0,0
112090,3,-0.35,-1.41,9.290,2.332,3.194,0,0
112142,3,-0.34,0.00,9.266,2.399,3.146,0,0
112193,3,-0.33,0.48,9.318,2.327,3.218,0,0
112245,3,-0.34,0.00,9.256,2.294,3.232,0,0
112297,3,-0.33,0.00,9.270,2.365,3.280,0,0
112348,3,-0.33,0.00,9.285,2.351,3.232,0,0
112400,3,-0.33,0.00,9.285,2.332,3.208,0,0
112451,3,-0.33,0.00,9.309,2.342,3.242,0,0
112503,3,-0.33,0.00,9.304,2.279,3.251,0,0
112555,3,-0.33,0.00,9.232,2.332,3.218,0,0
112606,3,-0.34,-0.48,9.342,2.361,3.141,0,0
112658,3,-0.35,0.00,9.280,2.284,3.242,0,0
112708,3,-0.35,0.00,9.256,2.313,3.376,0,0
112760,3,-0.37,-0.56,9.256,2.279,3.227,0,0
112811,3,-0.42,-1.86,9.333,2.337,3.160,0,0
112863,3,-0.45,-0.52,9.318,2.342,3.179,0,0
112913,3,-0.42,0.88,9.266,2.236,3.237,0,0
112964,3,-0.42,0.00,9.304,2.337,3.266,0,0
113014,3,-0.40,1.45,9.299,2.337,3.203,0,0
113064,3,-0.40,0.00,9.313,2.294,3.194,0,0
113115,3,-0.43,0.00,9.323,2.327,3.256,0,0
113167,3,-0.40,0.00,9.251,2.274,3.218,0,0
113219,3,-0.42,-1.01,9.309,2.270,3.242,0,0
113270,3,-0.40,-0.48,9.299,2.370,3.223,0,0
113322,3,-0.41,-0.52,9.309,2.251,3.203,0,0
113373,3,-0.43,0.00,9.280,2.246,3.285,0,0
113425,3,-0.42,-0.52,9.256,2.279,3.299,0,0
113477,3,-0.43,0.00,9.299,2.313,3.151,0,0
113528,3,-0.46,-0.52,9.342,2.265,3.194,0,0
113580,3,-0.42,1.38,9.270,2.255,3.270,0,0
113631,3,-0.44,0.00,9.256,2.255,3.270,0,0
113682,3,-0.44,0.00,9.323,2.356,3.247,0,0
113733,3,-0.43,-0.48,9.275,2.298,3.199,0,0
113792,3,-0.44,-0.18,9.304,2.342,3.299,0,0
113844,3,-0.41,1.45,9.290,2.361,3.285,0,0
113894,3,-0.42,0.00,9.290,2.342,3.323,0,0
113944,3,-0.43,-0.52,9.232,2.394,3.299,0,0
113995,3,-0.45,-0.56,9.290,2.370,3.290,0,0
114045,3,-0.46,0.00,9.270,2.351,3.314,0,0
114096,3,-0.45,0.93,9.232,2.404,3.361,0,0
114147,3,-0.45,0.00,9.227,2.308,3.270,0,0
114198,3,-0.46,-0.52,9.266,2.413,3.290,0,0
114250,3,-0.44,0.00,9.261,2.413,3.318,0,0
114301,3,-0.46,-0.48,9.208,2.346,3.309,0,0
114353,3,-0.46,0.00,9.237,2.437,3.304,0,0
114405,3,-0.47,0.00,9.266,2.404,3.314,0,0
114456,3,-0.45,0.76,9.237,2.380,3.328,0,0
114508,3,-0.45,0.00,9.242,2.394,3.304,0,0
114559,3,-0.44,0.00,9.261,2.394,3.347,0,0
114611,3,-0.39,2.01,9.227,2.389,3.304,0,0
114663,3,-0.39,0.00,9.232,2.442,3.328,0,0
114714,3,-0.37,0.52,9.294,2.361,3.280,0,0
114766,3,-0.39,0.00,9.222,2.351,3.395,0,0
114817,3,-0.39,0.00,9.232,2.346,3.357,0,0
114868,3,-0.39,0.00,9.270,2.365,3.256,0,0
114918,3,-0.39,0.00,9.299,2.356,3.251,0,0
114969,3,-0.42,0.00,9.237,2.308,3.285,0,0
115019,3,-0.42,-1.45,9.232,2.361,3.342,0,0
115068,3,-0.39,1.45,9.256,2.399,3.318,0,0
115120,3,-0.39,0.00,9.232,2.356,3.290,0,0
115172,3,-0.37,0.52,9.275,2.361,3.304,0,0
115223,3,-0.36,0.52,9.266,2.327,3.285,0,0
115275,3,-0.36,0.00,9.227,2.356,3.323,0,0
115326,3,-0.33,0.56,9.242,2.375,3.285,0,0
115378,3,-0.32,0.00,9.256,2.370,3.294,0,0
115430,3,-0.30,0.00,9.270,2.318,3.318,0,0
115481,3,-0.30,0.00,9.242,2.370,3.395,0,0
115533,3,-0.29,0.00,9.246,2.327,3.270,0,0
115584,3,-0.29,0.00,9.290,2.346,3.218,0,0
115636,3,-0.28,0.00,9.261,2.342,3.299,0,0
115688,3,-0.29,-0.52,9.199,2.298,3.299,0,0
115738,3,-0.29,0.00,9.256,2.375,3.299,0,0
115790,3,-0.29,0.00,9.270,2.361,3.247,0,0
115847,3,-0.29,0.00,9.280,2.313,3.309,0,0
115897,3,-0.29,0.00,9.270,2.327,3.342,0,0
115947,3,-0.25,2.01,9.275,2.308,3.247,0,0
115998,3,-0.27,-0.56,9.266,2.351,3.256,0,0
116048,3,-0.25,0.00,9.275,2.380,3.290,0,0
116098,3,-0.20,1.83,9.270,2.289,3.304,0,0
116150,3,-0.20,0.00,9.242,2.308,3.347,0,0
116201,3,-0.20,0.00,9.280,2.342,3.314,0,0
116253,3,-0.17,0.00,9.294,2.303,3.203,0,0
116304,3,-0.17,0.00,9.280,2.318,3.242,0,0
116356,3,-0.17,0.00,9.222,2.270,3.338,0,0
116408,3,-0.14,-0.48,9.256,2.260,3.275,0,0
116459,3,-0.14,0.00,9.285,2.351,3.285,0,0
116511,3,-0.16,0.00,9.299,2.303,3.266,0,0
116562,3,-0.12,0.00,9.261,2.279,3.280,0,0
116614,3,-0.12,0.00,9.290,2.255,3.294,0,0
116666,3,-0.14,0.00,9.270,2.279,3.280,0,0
116717,3,-0.15,-0.48,9.280,2.332,3.266,0,0
116769,3,-0.13,0.00,9.270,2.322,3.256,0,0
116820,3,-0.13,0.00,9.290,2.227,3.304,0,0
116871,3,-0.11,0.52,9.251,2.303,3.357,0,0
116921,3,-0.13,-0.56,9.290,2.294,3.247,0,0
116972,3,-0.13,0.00,9.309,2.270,3.218,0,0
117022,3,-0.09,0.00,9.294,2.279,3.270,0,0
117071,3,-0.09,0.00,9.251,2.236,3.275,0,0
117123,3,-0.08,0.00,9.290,2.294,3.323,0,0
117175,3,-0.06,0.00,9.256,2.298,3.232,0,0
117226,3,-0.09,-0.82,9.285,2.318,3.266,0,0
117278,3,-0.02,1.83,9.290,2.303,3.290,0,0
117329,3,-0.02,0.00,9.270,2.236,3.275,0,0
117381,3,-0.01,0.00,9.275,2.327,3.323,0,0
117433,3,0.00,0.50,9.280,2.380,3.261,0,0
117484,3,0.00,0.00,9.290,2.255,3.218,0,0
117536,3,0.00,0.00,9.266,2.308,3.342,0,0
117587,3,0.00,0.00,9.242,2.298,3.333,0,0
117639,3,0.02,0.00,9.280,2.289,3.251,0,0
117691,3,0.05,0.52,9.318,2.313,3.247,0,0
117741,3,0.06,0.52,9.266,2.265,3.294,0,0
117792,3,0.05,-0.52,9.251,2.270,3.352,0,0
117844,3,0.03,0.00,9.280,2.342,3.304,0,0
117902,3,0.02,-0.17,9.266,2.270,3.270,0,0
117953,3,0.02,0.00,9.266,2.270,3.333,0,0
118003,3,0.00,-0.56,9.232,2.251,3.323,0,0
118056,3,0.00,0.00,9.246,2.265,3.318,0,0
118106,3,0.00,0.00,9.246,2.370,3.314,0,0
118158,3,-0.02,-0.56,9.280,2.327,3.266,0,0
118209,3,-0.04,-0.48,9.270,2.303,3.366,0,0
118261,3,-0.02,0.00,9.222,2.327,3.433,0,0
118312,3,-0.05,0.00,9.261,2.346,3.357,0,0
118364,3,-0.03,0.00,9.285,2.370,3.261,0,0
118416,3,-0.04,0.00,9.232,2.346,3.314,0,0
118467,3,-0.06,-0.52,9.242,2.289,3.328,0,0
118519,3,-0.07,0.00,9.246,2.399,3.366,0,0
118570,3,-0.07,0.00,9.251,2.389,3.328,0,0
118622,3,-0.07,0.00,9.266,2.313,3.318,0,0
118674,3,-0.09,-0.52,9.270,2.289,3.342,0,0
118725,3,-0.05,1.38,9.242,2.303,3.314,0,0
118777,3,-0.09,-0.56,9.256,2.327,3.318,0,0
118828,3,-0.10,-0.48,9.266,2.322,3.294,0,0
118880,3,-0.10,0.00,9.261,2.294,3.371,0,0
118931,3,-0.10,-0.56,9.232,2.308,3.419,0,0
118981,3,-0.11,-0.52,9.261,2.327,3.405,0,0
119032,3,-0.12,0.00,9.266,2.274,3.227,0,0
119082,3,-0.14,-0.48,9.318,2.332,3.338,0,0
119134,3,-0.15,0.00,9.218,2.231,3.299,0,0
119185,3,-0.16,-0.52,9.309,2.332,3.361,0,0
119237,3,-0.18,0.00,9.270,2.361,3.352,0,0
119288,3,-0.20,0.34,9.242,2.284,3.352,0,0
119340,3,-0.20,0.00,9.227,2.289,3.342,0,0
119392,3,-0.21,-0.48,9.333,2.207,3.338,0,0
119443,3,-0.21,0.00,9.155,2.361,3.333,0,0
119495,3,-0.22,0.00,9.294,2.356,3.318,0,0
119546,3,-0.24,-0.52,9.251,2.279,3.285,0,0
119598,3,-0.25,-0.52,9.270,2.313,3.424,0,0
119650,3,-0.28,-0.52,9.237,2.260,3.338,0,0
119701,3,-0.28,0.00,9.280,2.255,3.227,0,0
119753,3,-0.28,0.00,9.261,2.332,3.299,0,0
119804,3,-0.32,-0.60,9.251,2.265,3.342,0,0
119855,3,-0.33,-0.48,9.237,2.222,3.304,0,0
119905,3,-0.33,0.00,9.290,2.332,3.352,0,0
119971,3,-0.36,-0.32,9.299,2.265,3.323,0,0
120021,3,-0.31,1.45,9.280,2.260,3.342,0,0
120070,3,-0.31,0.00,9.266,2.251,3.342,0,0
120121,3,-0.31,0.00,9.290,2.231,3.338,0,0
120172,3,-0.31,0.00,9.270,2.308,3.266,0,0
120224,3,-0.31,0.00,9.294,2.222,3.256,0,0
120276,3,-0.27,0.00,9.270,2.231,3.333,0,0
120327,3,-0.27,0.00,9.285,2.260,3.390,0,0
120379,3,-0.27,0.00,9.266,2.164,3.218,0,0
120430,3,-0.27,0.00,9.342,2.255,3.213,0,0
120482,3,-0.22,0.00,9.309,2.222,3.270,0,0
120534,3,-0.22,0.56,9.270,2.136,3.318,0,0
120585,3,-0.24,0.00,9.323,2.255,3.338,0,0
120637,3,-0.24,0.00,9.275,2.179,3.247,0,0
120688,3,-0.22,0.82,9.304,2.164,3.247,0,0
120740,3,-0.23,0.00,9.328,2.255,3.323,0,0
120792,3,-0.24,-0.56,9.270,2.184,3.309,0,0
120842,3,-0.24,0.00,9.294,2.231,3.285,0,0
120892,3,-0.24,0.00,9.313,2.298,3.285,0,0
120942,3,-0.24,0.00,9.256,2.140,3.309,0,0
120992,3,-0.21,1.97,9.294,2.260,3.304,0,0
121043,3,-0.19,0.60,9.309,2.222,3.203,0,0
121094,3,-0.21,0.00,9.304,2.174,3.247,0,0
121146,3,-0.21,0.00,9.232,2.184,3.342,0,0
121197,3,-0.21,0.00,9.270,2.227,3.223,0,0
121249,3,-0.22,-0.48,9.352,2.509,3.242,0,0
121301,3,-0.23,-0.52,9.261,2.423,3.266,0,0
121352,3,-0.22,0.00,9.246,2.322,3.462,0,0
121404,3,-0.22,0.00,9.290,2.203,3.409,0,0
121455,3,-0.19,0.00,9.448,2.093,3.208,0,0
121507,3,-0.20,-0.48,9.347,2.054,3.247,0,0
121559,3,-0.20,0.00,9.266,2.136,3.457,0,0
121610,3,-0.23,-0.52,9.189,2.126,3.601,0,0
121662,3,-0.23,0.00,9.222,2.030,3.419,0,0
121713,3,-0.23,0.00,9.309,2.198,3.223,0,0
121764,3,-0.23,0.00,9.357,2.093,3.170,0,0
121815,3,-0.21,0.00,9.337,2.064,3.414,0,0
121867,3,-0.20,0.00,9.280,2.035,3.558,0,0
121917,3,-0.20,0.00,9.213,2.136,3.476,0,0
121968,3,-0.20,0.00,9.323,2.155,3.266,0,0
122027,3,-0.17,0.35,9.309,2.035,3.275,0,0
122079,3,-0.17,0.00,9.280,2.059,3.338,0,0
122131,3,-0.14,0.00,9.304,2.155,3.361,0,0
122181,3,-0.12,0.48,9.318,2.140,3.323,0,0
122232,3,-0.08,1.01,9.318,2.097,3.361,0,0
122284,3,-0.07,0.52,9.309,2.093,3.376,0,0
122336,3,-0.05,0.00,9.337,2.049,3.409,0,0
122387,3,-0.04,0.48,9.246,2.083,3.385,0,0
122439,3,-0.04,0.00,9.333,2.116,3.285,0,0
122490,3,-0.03,0.00,9.333,2.102,3.294,0,0
122542,3,-0.03,0.00,9.266,2.112,3.361,0,0
122594,3,-0.03,0.00,9.275,2.049,3.371,0,0
122645,3,-0.04,-0.52,9.299,2.145,3.371,0,0
122697,3,-0.05,0.00,9.328,2.164,3.333,0,0
122748,3,-0.05,0.00,9.285,2.169,3.366,0,0
122800,3,-0.04,0.48,9.275,2.131,3.376,0,0
122852,3,-0.05,0.00,9.323,2.150,3.357,0,0
122902,3,-0.13,-1.09,9.261,2.164,3.338,0,0
122952,3,-0.15,-0.56,9.299,2.150,3.304,0,0
123003,3,-0.15,0.00,9.290,2.150,3.414,0,0
123052,3,-0.11,0.00,9.285,2.179,3.452,0,0
123103,3,-0.12,-0.52,9.290,2.126,3.357,0,0
123154,3,-0.12,0.00,9.323,2.145,3.309,0,0
123206,3,-0.12,0.00,9.323,2.097,3.318,0,0
123258,3,-0.12,0.00,9.290,1.978,3.309,0,0
123309,3,-0.16,-1.30,9.294,2.116,3.318,0,0
123361,3,-0.16,0.52,9.328,2.265,3.347,0,0
123412,3,-0.16,0.00,9.337,2.246,3.261,0,0
123464,3,-0.16,0.00,9.313,2.064,3.199,0,0
123516,3,-0.15,0.00,9.357,2.030,3.304,0,0
123567,3,-0.13,0.00,9.357,2.078,3.414,0,0
123619,3,-0.12,0.00,9.328,1.944,3.395,0,0
123670,3,-0.12,0.00,9.380,1.968,3.366,0,0
123722,3,-0.10,0.00,9.280,1.992,3.381,0,0
123774,3,-0.10,0.00,9.352,2.021,3.314,0,0
123824,3,-0.07,1.34,9.294,1.935,3.270,0,0
123873,3,-0.10,-1.34,9.366,1.829,3.318,0,0
123924,3,-0.10,0.00,9.328,1.877,3.385,0,0
123974,3,-0.09,0.00,9.342,1.714,3.285,0,0
124024,3,-0.08,0.56,9.404,1.882,3.323,0,0
124084,3,-0.08,0.00,9.342,2.064,3.275,0,0
124134,3,-0.08,0.00,9.400,1.853,3.294,0,0
124185,3,-0.08,0.00,9.352,1.767,3.361,0,0
124237,3,-0.10,-1.27,9.337,1.662,3.400,0,0
124289,3,-0.10,0.00,9.337,1.743,3.304,0,0
124340,3,-0.10,0.00,9.347,1.810,3.232,0,0
124392,3,-0.07,0.56,9.414,1.877,3.261,0,0
124443,3,-0.06,0.00,9.357,1.925,3.213,0,0
124495,3,-0.04,0.48,9.376,1.958,3.117,0,0
124547,3,-0.06,-0.52,9.428,2.136,3.117,0,0
124598,3,-0.06,-0.48,9.380,2.203,3.108,0,0
124650,3,-0.08,-0.86,9.347,2.203,3.165,0,0
124701,3,-0.06,0.00,9.371,2.112,3.151,0,0
124753,3,-0.06,0.00,9.380,1.982,3.122,0,0
124805,3,-0.05,0.48,9.275,1.997,3.314,0,0
124855,3,-0.05,0.00,9.266,2.069,3.409,0,0
124905,3,-0.05,0.00,9.270,2.179,3.333,0,0
124956,3,-0.02,0.56,9.376,2.356,3.179,0,0
125006,3,-0.02,0.00,9.404,2.404,3.141,0,0
125056,3,-0.01,0.00,9.309,2.308,3.285,0,0
125107,3,-0.01,0.48,9.256,2.236,3.428,0,0
125159,3,-0.05,-1.34,9.270,2.164,3.237,0,0
125211,3,-0.05,0.00,9.333,2.222,3.136,0,0
125262,3,-0.03,0.00,9.304,2.308,3.213,0,0
125314,3,-0.03,0.00,9.261,2.231,3.280,0,0
125365,3,-0.03,0.00,9.275,2.289,3.304,0,0
125417,3,-0.03,0.00,9.309,2.303,3.223,0,0
125469,3,-0.05,0.00,9.323,2.289,3.247,0,0
125520,3,-0.03,0.56,9.285,2.241,3.290,0,0
125572,3,-0.05,0.00,9.270,2.222,3.299,0,0
125623,3,-0.08,-1.34,9.285,2.337,3.290,0,0
125675,3,-0.08,0.00,9.313,2.289,3.223,0,0
125727,3,-0.08,0.00,9.242,2.274,3.342,0,0
125777,3,-0.08,0.00,9.232,2.270,3.371,0,0
125828,3,-0.11,-0.48,9.280,2.246,3.266,0,0
125880,3,-0.11,0.00,9.299,2.255,3.208,0,0
125931,3,-0.15,0.00,9.256,2.207,3.270,0,0
125981,3,-0.15,0.00,9.237,2.246,3.309,0,0
126032,3,-0.15,0.00,9.309,2.313,3.342,0,0
126083,3,-0.15,0.00,9.275,2.260,3.275,0,0
126160,3,-0.13,0.15,9.309,2.274,3.352,0,0
126211,3,-0.12,0.00,9.246,2.188,3.290,0,0
126262,3,-0.12,0.00,9.280,2.265,3.357,0,0
126313,3,-0.12,-0.52,9.280,2.322,3.285,0,0
126365,3,-0.12,0.00,9.261,2.251,3.352,0,0
126416,3,-0.15,0.00,9.251,2.303,3.448,0,0
126468,3,-0.15,0.52,9.270,2.236,3.314,0,0
126517,3,-0.17,0.00,9.294,2.337,3.223,0,0
126569,3,-0.15,0.00,9.318,2.222,3.285,0,0
126620,3,-0.15,0.00,9.222,2.188,3.376,0,0
126672,3,-0.18,0.00,9.256,2.251,3.390,0,0
126723,3,-0.16,0.48,9.270,2.246,3.347,0,0
126775,3,-0.15,0.00,9.280,2.260,3.328,0,0
126827,3,-0.15,0.00,9.275,2.246,3.347,0,0
126879,3,-0.15,0.00,9.266,2.222,3.414,0,0
126929,3,-0.14,0.00,9.242,2.241,3.347,0,0
126979,3,-0.16,-0.93,9.275,2.284,3.314,0,0
127030,3,-0.14,0.56,9.309,2.227,3.304,0,0
127082,3,-0.13,0.00,9.251,2.193,3.438,0,0
127132,3,-0.12,0.52,9.208,2.222,3.419,0,0
127183,3,-0.10,0.52,9.299,2.217,3.328,0,0
127235,3,-0.09,0.52,9.266,2.265,3.290,0,0
127287,3,-0.08,0.00,9.261,2.203,3.347,0,0
127338,3,-0.08,0.00,9.261,2.212,3.405,0,0
127390,3,-0.08,0.00,9.242,2.241,3.395,0,0
127441,3,-0.08,0.00,9.275,2.203,3.390,0,0
127493,3,-0.06,0.48,9.270,2.207,3.357,0,0
127545,3,-0.09,-0.86,9.275,2.193,3.347,0,0
127596,3,-0.07,0.52,9.256,2.222,3.371,0,0
127648,3,-0.07,0.00,9.280,2.284,3.299,0,0
127699,3,-0.06,0.00,9.294,2.193,3.309,0,0
127751,3,-0.04,0.56,9.242,2.222,3.438,0,0
127803,3,-0.04,0.00,9.256,2.164,3.433,0,0
127853,3,-0.04,0.00,9.285,2.198,3.290,0,0
127903,3,-0.06,-1.37,9.275,2.217,3.333,0,0
127953,3,-0.06,0.00,9.251,2.155,3.333,0,0
128004,3,-0.06,0.00,9.294,2.198,3.361,0,0
128054,3,-0.08,-0.52,9.275,2.203,3.357,0,0
128105,3,-0.11,-1.04,9.290,2.198,3.357,0,0
128157,3,-0.12,0.00,9.275,2.136,3.333,0,0
128214,3,-0.15,-0.36,9.304,2.150,3.347,0,0
128266,3,-0.11,1.23,9.294,2.131,3.338,0,0
128318,3,-0.11,0.00,9.309,2.222,3.347,0,0
128368,3,-0.11,0.00,9.275,2.179,3.318,0,0
128419,3,-0.11,0.00,9.299,2.116,3.395,0,0
128471,3,-0.13,0.00,9.251,2.155,3.390,0,0
128523,3,-0.14,-0.48,9.313,2.126,3.280,0,0
128574,3,-0.17,-1.04,9.337,2.160,3.275,0,0
128626,3,-0.14,0.86,9.309,2.093,3.328,0,0
128677,3,-0.14,0.00,9.299,2.150,3.361,0,0
128729,3,-0.16,0.00,9.309,2.174,3.361,0,0
128781,3,-0.16,0.00,9.309,2.193,3.314,0,0
128832,3,-0.14,1.49,9.318,2.150,3.328,0,0
128884,3,-0.12,0.48,9.266,2.107,3.347,0,0
128935,3,-0.12,0.00,9.280,2.150,3.376,0,0
128985,3,-0.12,0.00,9.323,2.145,3.333,0,0
129035,3,-0.14,-0.52,9.275,2.193,3.294,0,0
129087,3,-0.12,0.00,9.328,2.121,3.376,0,0
129139,3,-0.09,0.00,9.246,2.150,3.496,0,0
129190,3,-0.07,0.00,9.261,2.179,3.395,0,0
129242,3,-0.02,1.34,9.342,2.150,3.318,0,0
129293,3,-0.04,-0.52,9.270,2.184,3.323,0,0
129344,3,-0.04,0.00,9.266,2.150,3.385,0,0
129395,3,-0.04,0.00,9.285,2.212,3.405,0,0
129447,3,0.00,1.36,9.270,2.184,3.333,0,0
129499,3,0.00,0.00,9.266,2.227,3.352,0,0
129550,3,-0.01,0.00,9.266,2.193,3.366,0,0
129602,3,0.05,1.83,9.261,2.169,3.414,0,0
129653,3,0.06,0.00,9.280,2.198,3.390,0,0
129705,3,0.06,0.00,9.270,2.265,3.371,0,0
129757,3,0.11,1.84,9.280,2.160,3.361,0,0
129808,3,0.11,0.00,9.237,2.227,3.452,0,0
129860,3,0.13,0.52,9.222,2.241,3.433,0,0
129910,3,0.11,0.00,9.275,2.227,3.318,0,0
129960,3,0.16,0.58,9.299,2.231,3.333,0,0
130011,3,0.15,-0.58,9.232,2.174,3.409,0,0
130060,3,0.16,0.00,9.275,2.188,3.405,0,0
130112,3,0.18,-0.54,9.251,2.236,3.376,0,0
130164,3,0.17,-0.50,9.246,2.236,3.385,0,0
130214,3,0.17,0.00,9.285,2.207,3.409,0,0
130270,3,0.14,-0.34,9.261,2.164,3.381,0,0
130322,3,0.18,0.00,9.280,2.184,3.400,0,0
130374,3,0.16,-0.50,9.294,2.255,3.328,0,0
130424,3,0.16,0.00,9.304,2.155,3.352,0,0
130476,3,0.16,0.00,9.242,2.188,3.467,0,0
130527,3,0.16,0.00,9.251,2.184,3.433,0,0
130579,3,0.15,0.00,9.304,2.174,3.299,0,0
130630,3,0.15,0.00,9.304,2.217,3.333,0,0
130682,3,0.14,0.00,9.237,2.107,3.371,0,0
130734,3,0.12,0.00,9.266,2.150,3.433,0,0
130785,3,0.11,0.00,9.261,2.193,3.361,0,0
130837,3,0.12,0.52,9.270,2.212,3.338,0,0
130886,3,0.16,1.45,9.270,2.174,3.381,0,0
130937,3,0.17,0.00,9.290,2.155,3.376,0,0
130987,3,0.16,-0.56,9.270,2.203,3.409,0,0
131038,3,0.15,-0.54,9.251,2.203,3.371,0,0
131089,3,0.13,0.00,9.280,2.198,3.366,0,0
131141,3,0.12,0.00,9.275,2.112,3.414,0,0
131192,3,0.11,0.00,9.227,2.160,3.448,0,0
131244,3,0.11,0.84,9.270,2.188,3.342,0,0
131296,3,0.10,-0.50,9.285,2.241,3.304,0,0
131346,3,0.10,0.00,9.299,2.222,3.381,0,0
131397,3,0.09,-0.52,9.237,2.155,3.405,0,0
131449,3,0.06,-0.56,9.275,2.179,3.438,0,0
131501,3,0.10,1.34,9.280,2.145,3.347,0,0
131552,3,0.08,0.00,9.285,2.188,3.376,0,0
136830,3,0.02,-0.01,9.285,2.164,3.275,0,0
136882,3,0.01,-0.52,9.294,2.160,3.242,0,0
136933,3,-0.00,0.00,9.347,2.260,3.242,0,0
136983,3,-0.00,0.00,9.294,2.193,3.208,0,0
137033,3,-0.00,0.00,9.309,2.246,3.299,0,0
137085,3,-0.02,0.00,9.337,2.227,3.275,0,0
137137,3,0.03,0.00,9.304,2.145,3.261,0,0
137187,3,0.03,0.00,9.304,2.207,3.270,0,0
137238,3,0.02,-0.50,9.299,2.270,3.280,0,0
137290,3,0.06,0.00,9.294,2.184,3.333,0,0
137342,3,0.06,0.00,9.256,2.227,3.314,0,0
137393,3,0.04,-0.50,9.323,2.217,3.261,0,0
137445,3,0.04,0.00,9.294,2.198,3.251,0,0
137496,3,0.04,0.00,9.290,2.164,3.266,0,0
137554,3,0.03,-0.20,9.280,2.184,3.227,0,0
137605,3,0.03,0.00,9.318,2.284,3.256,0,0
137656,3,0.03,0.00,9.299,2.222,3.223,0,0
137707,3,0.03,0.00,9.313,2.231,3.242,0,0
137759,3,0.04,0.00,9.313,2.174,3.275,0,0
137811,3,0.01,-1.36,9.304,2.126,3.280,0,0
137862,3,-0.01,0.00,9.309,2.260,3.328,0,0
137912,3,-0.01,0.00,9.309,2.227,3.261,0,0
137963,3,-0.01,0.00,9.323,2.150,3.304,0,0
138013,3,-0.01,0.00,9.285,2.207,3.357,0,0
138065,3,-0.01,0.00,9.309,2.121,3.256,0,0
138117,3,-0.01,0.00,9.328,2.126,3.227,0,0
138166,3,-0.01,0.00,9.323,2.140,3.242,0,0
138218,3,-0.01,0.00,9.299,2.121,3.227,0,0
138269,3,-0.01,0.00,9.304,2.193,3.251,0,0
138321,3,-0.04,-0.82,9.318,2.246,3.203,0,0
138372,3,-0.06,0.00,9.328,2.270,3.213,0,0
138424,3,-0.07,0.00,9.313,2.188,3.227,0,0
138476,3,-0.07,0.00,9.328,2.116,3.223,0,0
138526,3,-0.07,0.00,9.304,2.184,3.208,0,0
138578,3,-0.07,0.00,9.333,2.289,3.184,0,0
138629,3,-0.06,0.48,9.337,2.207,3.203,0,0
138681,3,-0.06,0.00,9.275,2.255,3.270,0,0
138732,3,-0.03,0.52,9.328,2.241,3.199,0,0
138784,3,-0.03,0.00,9.333,2.188,3.194,0,0
138836,3,-0.03,0.00,9.323,2.193,3.227,0,0
138885,3,-0.02,0.00,9.290,2.212,3.223,0,0
138936,3,-0.02,0.00,9.299,2.246,3.237,0,0
138986,3,-0.03,0.00,9.294,2.313,3.242,0,0
139036,3,-0.03,0.00,9.323,2.227,3.256,0,0
139088,3,-0.03,0.00,9.309,2.188,3.256,0,0
139140,3,-0.02,0.00,9.280,2.184,3.261,0,0
139191,3,-0.03,-0.52,9.323,2.236,3.242,0,0
139243,3,-0.03,0.00,9.313,2.274,3.179,0,0
139294,3,0.02,1.83,9.318,2.184,3.270,0,0
139346,3,0.02,0.00,9.266,2.227,3.333,0,0
139398,3,-0.00,0.00,9.318,2.212,3.184,0,0
139448,3,-0.00,0.00,9.328,2.217,3.156,0,0
139500,3,0.03,0.00,9.323,2.121,3.242,0,0
139551,3,0.03,0.00,9.261,2.203,3.323,0,0
139610,3,0.06,0.29,9.318,2.298,3.304,0,0
139662,3,0.09,0.82,9.309,2.241,3.227,0,0
139712,3,0.09,0.00,9.290,2.246,3.251,0,0
139764,3,0.08,0.00,9.299,2.184,3.256,0,0
139815,3,0.06,-0.54,9.280,2.155,3.242,0,0
139867,3,0.06,0.00,9.299,2.332,3.218,0,0
139917,3,0.09,-0.56,9.333,2.327,3.179,0,0
139968,3,0.09,0.00,9.290,2.227,3.247,0,0
140018,3,0.09,0.00,9.261,2.279,3.376,0,0
140068,3,0.14,1.45,9.266,2.227,3.371,0,0
140119,3,0.14,0.00,9.318,2.212,3.227,0,0
140171,3,0.12,0.00,9.304,2.246,3.266,0,0
140223,3,0.15,0.82,9.261,2.241,3.323,0,0
140274,3,0.15,0.00,9.266,2.289,3.366,0,0
140326,3,0.13,-0.52,9.285,2.270,3.294,0,0
140377,3,0.13,0.00,9.290,2.188,3.285,0,0
140429,3,0.13,0.00,9.294,2.227,3.357,0,0
140481,3,0.13,0.00,9.266,2.193,3.318,0,0
140532,3,0.15,0.48,9.280,2.274,3.290,0,0
140584,3,0.15,0.00,9.309,2.308,3.227,0,0
140634,3,0.15,0.00,9.318,2.217,3.347,0,0
140683,3,0.15,0.00,9.232,2.251,3.405,0,0
140735,3,0.16,0.00,9.270,2.212,3.318,0,0
140786,3,0.16,0.00,9.304,2.251,3.232,0,0
140838,3,0.16,0.00,9.309,2.241,3.309,0,0
140887,3,0.16,0.00,9.256,2.184,3.309,0,0
140938,3,0.15,-0.54,9.266,2.289,3.347,0,0
140988,3,0.15,0.00,9.299,2.279,3.275,0,0
141039,3,0.13,0.00,9.290,2.203,3.280,0,0
141090,3,0.13,0.00,9.323,2.294,3.347,0,0
141142,3,0.18,0.00,9.270,2.174,3.275,0,0
141193,3,0.17,-0.50,9.280,2.236,3.294,0,0
141245,3,0.17,0.00,9.275,2.265,3.270,0,0
141297,3,0.15,0.00,9.352,2.184,3.376,0,0
141348,3,0.15,0.00,9.184,2.227,3.342,0,0
141400,3,0.13,-0.47,9.309,2.184,3.275,0,0
141450,3,0.13,0.00,9.294,2.279,3.237,0,0
141502,3,0.13,0.00,9.323,2.217,3.304,0,0
141553,3,0.11,-0.54,9.299,2.217,3.333,0,0
141605,3,0.10,0.00,9.280,2.140,3.371,0,0
141661,3,0.11,0.12,9.275,2.198,3.323,0,0
141713,3,0.09,0.00,9.328,2.318,3.232,0,0
141763,3,0.08,-0.52,9.333,2.260,3.156,0,0
141815,3,0.08,0.00,9.313,2.145,3.136,0,0
141866,3,0.06,0.00,9.256,2.222,3.184,0,0
141917,3,0.06,0.00,9.290,2.198,3.055,0,0
141967,3,0.08,0.54,9.428,2.447,3.084,0,0
142017,3,0.08,0.00,9.309,2.605,3.165,0,0
142069,3,0.08,0.00,9.165,2.069,3.261,0,0
142121,3,0.09,0.52,9.299,2.193,3.294,0,0
142173,3,0.12,0.54,9.246,2.332,3.376,0,0
142224,3,0.12,0.00,9.313,2.452,3.055,0,0
142276,3,0.12,0.00,9.424,2.600,3.012,0,0
142327,3,0.13,0.00,9.285,2.653,3.060,0,0
142379,3,0.13,0.00,9.275,2.504,2.844,0,0
142431,3,0.13,-0.80,9.304,2.442,2.806,0,0
142482,3,0.13,0.00,9.213,2.911,3.247,0,0
142534,3,0.13,0.00,9.069,2.820,3.213,0,0
142585,3,0.14,0.00,9.256,2.753,2.993,0,0
142637,3,0.17,0.00,9.294,2.983,2.739,0,0
142689,3,0.18,0.50,9.357,3.127,2.820,0,0
142739,3,0.18,0.00,9.256,2.744,2.600,0,0
142790,3,0.17,-0.73,9.304,2.538,2.677,0,0
142842,3,0.17,0.00,9.218,2.868,2.543,0,0
142892,3,0.19,0.50,9.285,3.165,2.547,0,0
142942,3,0.19,0.00,9.246,3.026,2.495,0,0
142993,3,0.17,0.00,9.155,2.988,2.619,0,0
143043,3,0.20,0.54,9.155,3.002,2.433,0,0
143094,3,0.20,0.00,9.361,3.390,2.394,0,0
143146,3,0.20,0.00,9.237,3.625,2.610,0,0
143198,3,0.20,0.00,9.060,3.328,2.667,0,0
143249,3,0.20,0.00,9.275,3.247,2.528,0,0
143301,3,0.20,0.00,9.261,3.170,2.466,0,0
143352,3,0.20,0.00,9.290,3.122,2.600,0,0
143404,3,0.16,0.00,9.122,3.371,2.959,0,0
143456,3,0.18,0.54,9.012,3.160,2.820,0,0
143507,3,0.18,0.00,9.108,2.974,2.342,0,0
143559,3,0.18,0.00,9.290,3.304,2.227,0,0
143610,3,0.16,-0.88,9.419,3.323,2.725,0,0
143661,3,0.16,0.00,8.911,3.352,3.141,0,0
143755,3,0.17,0.11,9.222,3.280,2.758,0,0
143807,3,0.17,0.00,9.155,3.218,2.418,0,0
143857,3,0.16,-0.48,9.275,3.041,2.538,0,0
143907,3,0.16,0.00,9.093,3.419,2.988,0,0
143958,3,0.14,0.00,9.036,3.395,3.127,0,0
144008,3,0.14,0.00,9.021,3.045,2.763,0,0
144062,3,0.14,1.47,9.136,3.098,2.466,0,0
144112,3,0.16,0.52,9.390,3.151,2.667,0,0
144164,3,0.12,-1.36,9.026,3.361,3.146,0,0
144215,3,0.14,0.00,8.926,3.472,3.194,0,0
144267,3,0.14,0.00,9.131,3.041,2.638,0,0
144318,3,0.14,0.00,9.227,3.165,2.600,0,0
144370,3,0.13,0.00,9.730,3.634,2.720,0,0
144422,3,0.13,0.00,9.720,3.764,2.792,0,0
144473,3,0.11,-0.52,10.606,3.371,3.127,0,0
144525,3,0.10,-0.50,9.294,1.872,3.366,0,0
144576,3,0.09,0.00,9.759,1.173,3.050,0,0
144628,3,0.09,-0.52,9.419,1.681,4.017,0,0
144680,3,0.09,0.00,8.906,1.398,4.338,0,0
144731,3,0.09,0.50,8.317,0.522,3.481,0,0
144783,3,0.07,-0.50,8.246,1.106,3.615,0,0
144834,3,0.07,0.00,7.369,2.131,3.041,0,0
144886,3,0.06,-0.54,6.507,3.864,2.399,0,0
144937,3,0.06,0.00,7.044,4.784,2.456,0,0
144987,3,0.08,-0.54,6.383,5.631,1.925,0,0
145038,3,0.08,0.00,8.581,6.560,1.786,0,0
145088,3,0.07,-0.50,10.534,7.465,1.571,0,0
145140,3,0.03,-1.38,9.309,7.676,1.489,0,0
145191,3,0.05,0.00,7.427,5.631,2.035,0,0
145243,3,0.05,0.56,6.675,5.449,2.586,0,0
145294,3,0.05,0.00,6.809,6.665,2.691,0,0
145346,3,-0.00,-1.86,6.833,6.637,2.088,0,0
145398,3,-0.02,-0.52,7.365,8.193,1.839,0,0
145449,3,-0.02,0.00,6.900,7.810,1.475,0,0
145501,3,-0.05,-1.45,6.024,6.541,1.125,0,0
145552,3,-0.04,0.00,6.886,8.801,1.508,0,0
145604,3,-0.05,0.00,5.847,8.830,1.393,0,0
145656,3,-0.08,-1.04,5.626,9.036,1.456,0,0
145707,3,-0.10,0.00,5.234,8.097,1.580,0,0
145759,3,-0.11,-0.48,5.253,7.915,1.757,0,0
145816,3,-0.12,-0.25,5.353,8.308,1.676,0,0
145868,3,-0.12,0.00,5.181,8.327,1.590,0,0
145918,3,-0.14,0.00,5.171,8.753,1.853,0,0
145969,3,-0.17,0.00,5.076,8.772,1.925,0,0
146019,3,-0.17,0.00,4.932,8.475,1.848,0,0
146071,3,-0.16,0.00,4.884,8.332,1.748,0,0
146123,3,-0.16,0.00,5.047,8.586,1.729,0,0
146174,3,-0.18,-0.86,4.937,8.365,1.772,0,0
146225,3,-0.18,0.00,4.865,8.437,1.872,0,0
146276,3,-0.18,0.00,4.865,8.547,1.968,0,0
146328,3,-0.17,0.52,4.956,8.490,1.839,0,0
146380,3,-0.18,-0.52,4.922,8.610,2.073,0,0
146431,3,-0.22,0.00,4.822,8.313,2.002,0,0
146483,3,-0.22,-1.83,4.932,8.657,2.107,0,0
146534,3,-0.22,0.00,4.846,8.308,2.140,0,0
146586,3,-0.22,0.00,4.956,8.428,1.911,0,0
146638,3,-0.20,0.48,4.884,7.910,1.935,0,0
146689,3,-0.24,0.00,5.052,8.351,2.064,0,0
146741,3,-0.24,0.52,5.291,8.418,1.623,0,0
146792,3,-0.24,0.00,5.272,8.193,0.939,0,0
146844,3,-0.25,-0.52,5.368,7.762,-0.053,0,0
146894,3,-0.24,0.56,5.382,7.776,0.512,0,0
146944,3,-0.24,0.00,5.684,7.547,-0.723,0,0
146994,3,-0.27,0.00,6.258,8.844,-1.877,0,0
147045,3,-0.27,0.00,6.460,7.570,-2.500,0,0
147096,3,-0.26,0.00,5.583,7.183,-3.098,0,0
147147,3,-0.26,0.00,5.875,6.981,-3.706,0,0
147198,3,-0.28,0.00,6.278,7.044,-4.549,0,0
147250,3,-0.28,0.00,5.885,6.005,-4.836,0,0
147302,3,-0.32,0.00,5.669,5.765,-5.301,0,0
147353,3,-0.33,0.00,5.669,5.282,-6.397,0,0
147405,3,-0.30,1.04,5.770,4.817,-6.977,0,0
147456,3,-0.34,-1.38,5.483,4.080,-7.389,0,0
147508,3,-0.33,0.52,5.071,3.012,-7.609,0,0
147560,3,-0.30,0.00,4.750,2.255,-7.796,0,0
147611,3,-0.29,0.52,5.109,2.533,-8.389,0,0
147663,3,-0.32,0.00,4.530,1.829,-8.207,0,0
147714,3,-0.31,0.00,4.741,2.102,-8.600,0,0
147766,3,-0.30,0.56,4.559,1.255,-8.748,0,0
147818,3,-0.28,0.00,4.113,0.249,-8.863,0,0
147877,3,-0.29,-0.15,3.998,-0.086,-8.873,0,0
147928,3,-0.28,0.00,3.716,-0.618,-9.112,0,0
147978,3,-0.30,-0.93,3.773,-0.407,-8.959,0,0
148028,3,-0.31,-0.54,3.821,-0.249,-8.930,0,0
148079,3,-0.30,0.52,3.859,-0.335,-9.227,0,0
148131,3,-0.31,-0.52,4.137,0.661,-8.882,0,0
148182,3,-0.33,0.00,4.563,1.302,-9.232,0,0
148234,3,-0.33,0.00,3.893,-0.354,-8.768,0,0
148285,3,-0.33,0.00,4.367,2.198,-8.566,0,0
148337,3,-0.36,0.00,4.128,2.710,-8.552,0,0
148389,3,-0.35,0.00,5.013,3.792,-7.992,0,0
148440,3,-0.37,0.52,5.013,4.338,-7.269,0,0
148492,3,-0.39,-0.93,5.128,4.879,-6.622,0,0
148543,3,-0.39,0.00,5.277,5.521,-6.464,0,0
148595,3,-0.41,0.00,5.459,5.660,-5.827,0,0
148647,3,-0.41,0.00,5.459,6.139,-5.617,0,0
148698,3,-0.45,-1.34,5.751,6.742,-4.870,0,0
148750,3,-0.44,0.48,5.756,7.570,-3.768,0,0
148800,3,-0.42,0.52,6.124,7.700,-2.734,0,0
148852,3,-0.46,0.00,6.225,8.035,-0.699,0,0
148902,3,-0.45,0.00,6.124,8.351,0.268,0,0
148952,3,-0.43,0.52,6.421,8.207,1.465,0,0
149002,3,-0.47,0.00,6.402,7.815,2.303,0,0
149052,3,-0.44,0.00,6.096,6.886,3.103,0,0
149104,3,-0.44,0.00,6.124,6.105,3.567,0,0
149155,3,-0.46,0.00,6.412,5.602,3.974,0,0
149207,3,-0.44,1.01,6.397,5.325,4.271,0,0
149259,3,-0.44,0.00,6.608,5.583,4.583,0,0
149310,3,-0.41,0.48,6.929,6.091,4.645,0,0
149362,3,-0.43,-0.82,6.833,5.674,4.894,0,0
149413,3,-0.42,0.52,6.574,5.243,5.133,0,0
149465,3,-0.42,0.00,6.555,4.822,5.296,0,0
149517,3,-0.44,0.00,6.546,4.985,5.823,0,0
149568,3,-0.45,-0.52,6.369,5.061,6.072,0,0
149620,3,-0.45,0.00,6.354,5.071,6.235,0,0
149671,3,-0.47,0.00,6.215,4.841,6.531,0,0
149722,3,-0.47,0.00,6.249,4.956,6.354,0,0
149773,3,-0.47,0.00,6.321,4.918,6.172,0,0
149825,3,-0.50,-1.23,6.373,5.195,6.196,0,0
149874,3,-0.49,0.00,6.574,5.511,5.626,0,0
149934,3,-0.47,0.19,6.522,5.248,4.908,0,0
149984,3,-0.46,-0.52,6.613,5.373,4.817,0,0
150035,3,-0.51,-1.39,6.761,5.583,5.310,0,0
150085,3,-0.51,0.00,6.594,5.248,5.387,0,0
150136,3,-0.51,0.00,6.651,5.483,5.205,0,0
150188,3,-0.51,0.00,6.747,5.622,5.258,0,0
150240,3,-0.50,0.52,6.646,5.440,5.296,0,0
150291,3,-0.50,0.00,6.613,5.286,5.329,0,0
150343,3,-0.50,0.00,6.642,5.569,5.406,0,0
150394,3,-0.50,0.00,6.632,5.454,5.215,0,0
150446,3,-0.55,-1.86,6.608,5.387,5.325,0,0
150495,3,-0.53,0.00,6.680,5.564,5.358,0,0
150547,3,-0.52,0.48,6.383,5.349,5.095,0,0
150598,3,-0.49,1.01,6.493,5.588,5.310,0,0
150650,3,-0.48,0.00,6.723,5.521,5.066,0,0
150701,3,-0.46,0.52,6.790,5.698,5.138,0,0
150752,3,-0.45,0.48,6.819,5.737,5.191,0,0
150803,3,-0.49,-1.34,6.953,5.545,5.401,0,0
150855,3,-0.49,0.00,6.828,5.315,5.286,0,0
150905,3,-0.47,0.56,7.451,5.195,5.200,0,0
150955,3,-0.46,0.56,7.642,5.119,4.506,0,0
151006,3,-0.46,0.00,7.570,5.353,3.668,0,0
151056,3,-0.49,0.00,7.652,5.454,2.983,0,0
151107,3,-0.51,-0.52,7.570,5.646,2.322,0,0
151159,3,-0.49,0.00,8.356,5.052,1.867,0,0
151211,3,-0.49,0.00,8.428,5.229,1.499,0,0
151262,3,-0.49,0.00,8.241,5.104,1.097,0,0
151314,3,-0.51,-0.52,8.428,4.630,0.709,0,0
151365,3,-0.49,0.52,8.629,5.219,0.642,0,0
151417,3,-0.53,0.00,8.696,5.234,0.752,0,0
151469,3,-0.52,0.52,8.322,5.344,1.331,0,0
151520,3,-0.49,0.00,8.260,5.167,1.504,0,0
151572,3,-0.46,1.04,8.279,5.612,1.714,0,0
151622,3,-0.46,0.00,8.327,5.507,1.523,0,0
151671,3,-0.46,0.00,8.303,5.435,1.322,0,0
151723,3,-0.46,0.00,8.475,5.454,1.049,0,0
151774,3,-0.50,0.00,8.456,5.329,0.996,0,0
151826,3,-0.49,0.00,8.294,5.449,1.049,0,0
151875,3,-0.51,0.52,8.394,5.291,1.044,0,0
151926,3,-0.51,0.00,8.404,5.607,1.365,0,0
151984,3,-0.51,0.00,8.380,5.555,1.365,0,0
152034,3,-0.49,0.50,8.423,5.559,1.480,0,0
152085,3,-0.49,0.00,8.466,5.660,1.523,0,0
152136,3,-0.49,0.00,8.657,5.339,1.302,0,0
152188,3,-0.51,-0.52,8.595,5.277,1.092,0,0
152240,3,-0.53,-0.86,8.782,4.994,1.255,0,0
152291,3,-0.52,0.56,8.878,4.860,1.360,0,0
152343,3,-0.55,-1.27,8.672,4.458,1.489,0,0
152394,3,-0.56,0.00,8.533,3.998,1.494,0,0
152446,3,-0.55,0.00,8.677,4.017,1.369,0,0
152498,3,-0.57,-0.86,9.084,3.591,1.211,0,0
152549,3,-0.55,0.52,9.088,4.166,1.192,0,0
152601,3,-0.53,0.48,9.299,4.247,1.154,0,0
152652,3,-0.53,0.00,8.859,3.950,1.068,0,0
152704,3,-0.50,0.56,8.744,4.515,0.871,0,0
152756,3,-0.50,0.00,8.911,4.678,0.790,0,0
152806,3,-0.53,-0.86,9.136,4.654,0.450,0,0
152857,3,-0.53,0.00,9.213,4.587,0.230,0,0
152908,3,-0.51,0.00,9.127,4.262,-0.105,0,0
152958,3,-0.52,-0.36,9.280,3.792,-0.373,0,0
153009,3,-0.51,0.00,9.318,3.519,-0.503,0,0
153058,3,-0.49,0.00,9.222,4.003,-0.302,0,0
153110,3,-0.48,0.52,9.218,4.554,0.220,0,0
153161,3,-0.48,0.00,9.476,4.243,0.824,0,0
153213,3,-0.47,0.00,8.681,4.444,1.657,0,0
153265,3,-0.45,0.00,8.107,4.942,1.791,0,0
153316,3,-0.44,0.00,8.595,5.138,2.294,0,0
153368,3,-0.46,-0.86,8.849,5.128,2.433,0,0
153419,3,-0.43,0.52,8.605,4.506,2.696,0,0
153471,3,-0.42,0.52,8.557,4.357,2.935,0,0
153523,3,-0.41,0.00,8.744,5.080,3.098,0,0
153574,3,-0.39,-0.34,8.629,4.266,3.390,0,0
153626,3,-0.35,0.00,8.222,3.697,3.194,0,0
153677,3,-0.29,0.56,8.576,3.414,3.079,0,0
153728,3,-0.29,0.00,8.796,2.782,2.701,0,0
153779,3,-0.27,0.00,8.815,3.563,2.380,0,0
153831,3,-0.25,0.52,9.069,3.156,2.667,0,0
153880,3,-0.27,0.48,8.911,3.864,3.371,0,0
153931,3,-0.26,0.56,8.993,4.367,3.716,0,0
153981,3,-0.23,0.00,8.428,3.706,4.056,0,0
154040,3,-0.21,0.38,7.695,2.792,4.338,0,0
154090,3,-0.19,0.52,8.241,3.405,3.936,0,0
154142,3,-0.19,0.00,8.519,4.563,3.874,0,0
154193,3,-0.20,0.52,8.610,4.731,3.869,0,0
154245,3,-0.20,0.00,8.365,4.420,3.347,0,0
154296,3,-0.17,0.56,8.873,4.290,3.232,0,0
154348,3,-0.17,0.00,8.935,4.166,3.481,0,0
154397,3,-0.17,0.00,8.212,3.960,3.529,0,0
154449,3,-0.16,0.52,8.250,3.529,3.452,0,0
154500,3,-0.16,0.00,8.648,4.065,3.299,0,0
154552,3,-0.15,0.48,8.748,4.549,3.160,0,0
154603,3,-0.12,1.04,8.586,4.405,3.093,0,0
154655,3,-0.10,0.00,8.514,4.334,3.266,0,0
154707,3,-0.12,0.52,8.543,4.357,3.323,0,0
154757,3,-0.11,0.48,8.499,4.132,3.371,0,0
154809,3,-0.11,0.00,8.356,4.223,3.510,0,0
154860,3,-0.10,0.00,8.404,4.243,3.304,0,0
154910,3,-0.12,0.00,8.499,4.262,3.357,0,0
154961,3,-0.11,0.56,8.413,4.458,3.347,0,0
155011,3,-0.11,0.00,8.461,4.520,3.357,0,0
155064,3,-0.09,0.52,8.471,4.444,3.136,0,0
155115,3,-0.08,0.52,8.533,4.410,3.050,0,0
155167,3,-0.08,0.00,8.552,4.511,3.122,0,0
155218,3,-0.06,0.52,8.452,4.472,3.132,0,0
155270,3,-0.05,0.00,8.351,4.401,3.237,0,0
155322,3,-0.07,0.52,8.543,4.525,3.256,0,0
155373,3,-0.06,0.00,8.447,4.334,3.213,0,0
155425,3,-0.05,0.52,8.447,4.492,3.175,0,0
155476,3,-0.03,0.52,8.413,4.381,3.136,0,0
155528,3,-0.05,0.00,8.523,4.544,3.227,0,0
155580,3,-0.01,0.52,8.447,4.463,3.223,0,0
155631,3,-0.01,0.00,8.389,4.482,3.266,0,0
155683,3,-0.02,0.48,8.447,4.506,3.261,0,0
155733,3,-0.02,0.00,8.437,4.439,3.179,0,0
155785,3,-0.02,0.00,8.447,4.559,3.151,0,0
155836,3,-0.05,-1.34,8.432,4.525,3.247,0,0
155888,3,-0.03,0.00,8.380,4.530,3.251,0,0
155939,3,-0.02,0.52,8.442,4.554,3.208,0,0
155989,3,-0.02,0.00,8.466,4.539,3.165,0,0
156040,3,-0.00,0.00,8.423,4.434,3.122,0,0
