Tempo,Estado,Alt,Vel,AccX,AccY,AccZ,Lat,Lon
14162,0,-0.07,0.00,9.227,3.745,0.292,0,0
14216,0,-0.05,0.00,9.371,3.816,0.316,0,0
14267,0,-0.08,0.52,9.424,3.567,0.455,0,0
14318,0,-0.08,0.00,9.481,3.117,0.608,0,0
14369,0,-0.09,0.48,9.524,2.926,0.632,0,0
14421,0,-0.07,0.00,9.586,2.600,0.728,0,0
14472,0,-0.06,1.09,9.567,2.528,0.804,0,0
14524,0,-0.09,-0.82,9.529,2.409,0.857,0,0
14576,0,-0.07,-0.34,9.424,2.409,0.943,0,0
14627,0,-0.05,0.52,9.433,1.867,1.049,0,0
14679,0,-0.06,0.00,9.720,1.164,0.809,0,0
14728,0,-0.03,0.56,9.658,1.250,0.723,0,0
14779,0,-0.04,-0.36,9.931,1.154,0.148,0,0
14829,0,-0.03,0.00,9.926,1.312,-0.273,0,0
14880,0,-0.02,-0.32,9.955,1.269,-0.426,0,0
14931,0,-0.01,0.52,9.797,1.379,0.038,0,0
14983,0,-0.07,-0.86,9.845,1.504,0.474,0,0
15034,0,-0.06,0.52,9.864,1.633,0.757,0,0
15086,0,-0.08,0.00,9.960,2.112,0.388,0,0
15137,0,-0.05,0.48,10.051,2.571,0.206,0,0
15188,0,-0.05,0.00,10.190,2.610,0.177,0,0
15239,0,-0.04,0.48,10.137,2.878,0.215,0,0
15291,0,-0.01,0.00,10.113,3.098,0.057,0,0
15343,0,-0.01,1.04,10.075,3.079,-0.067,0,0
15394,0,-0.03,-0.86,9.979,2.825,-0.115,0,0
15446,0,-0.03,1.01,9.740,2.658,-0.105,0,0
15497,0,-0.01,0.52,9.577,2.318,-0.057,0,0
15549,0,-0.04,0.00,9.476,2.188,-0.043,0,0
15600,0,-0.03,-0.82,9.433,2.179,-0.010,0,0
15652,0,-0.04,0.00,9.476,2.093,-0.072,0,0
15704,0,-0.07,-0.24,9.864,1.911,-0.201,0,0
15754,0,-0.04,1.09,9.922,2.346,-0.311,0,0
15804,0,-0.05,0.00,9.931,2.528,-0.402,0,0
15854,0,-0.03,-0.36,9.821,2.643,-0.354,0,0
15904,0,-0.00,1.09,9.706,2.840,-0.302,0,0
15956,0,-0.01,0.00,9.591,2.538,-0.196,0,0
16006,0,-0.03,-0.86,9.534,2.519,-0.038,0,0
16058,0,-0.01,1.01,9.677,2.658,-0.335,0,0
16109,0,-0.02,-0.34,9.778,2.854,-0.579,0,0
16161,0,-0.03,0.00,9.859,2.734,-0.713,0,0
16212,0,0.01,1.01,9.663,2.792,-0.517,0,0
16264,0,0.00,-0.13,9.677,2.624,-0.436,0,0
16315,0,0.01,-0.71,9.663,2.768,-0.488,0,0
16367,0,-0.01,0.00,9.673,2.753,-0.555,0,0
16418,0,-0.02,0.52,9.673,2.677,-0.503,0,0
16469,0,-0.02,0.00,9.730,2.600,-0.532,0,0
16520,0,-0.00,1.01,9.629,2.571,-0.460,0,0
16572,0,0.02,0.00,9.625,2.523,-0.383,0,0
16623,0,0.03,0.50,9.682,2.461,-0.345,0,0
16675,0,0.03,0.22,9.725,2.509,-0.354,0,0
16724,0,0.03,0.00,9.730,2.466,-0.373,0,0
16775,0,0.01,-0.36,9.749,2.476,-0.369,0,0
16825,0,0.02,0.54,9.778,2.409,-0.321,0,0
16876,0,0.02,0.00,9.682,2.318,-0.177,0,0
16927,0,0.01,-0.82,9.677,2.279,0.034,0,0
16979,0,0.01,0.00,9.735,2.207,0.081,0,0
17030,0,-0.00,0.48,9.840,2.284,0.005,0,0
17082,0,-0.01,-0.30,9.855,2.313,0.000,0,0
17134,0,-0.01,0.00,9.859,2.241,0.029,0,0
17185,0,-0.01,-0.86,9.826,2.246,0.057,0,0
17237,0,0.01,0.00,9.730,2.116,0.153,0,0
17287,0,0.04,1.01,9.792,2.002,0.091,0,0
17339,0,0.01,0.00,9.730,2.150,0.168,0,0
17390,0,0.02,-0.32,9.816,2.064,0.177,0,0
17442,0,0.03,0.00,9.740,2.155,0.239,0,0
17493,0,0.04,1.02,9.735,2.121,0.259,0,0
17545,0,0.03,-0.20,9.768,2.188,0.206,0,0
17597,0,0.05,0.00,9.869,2.274,0.134,0,0
17648,0,0.05,1.02,9.883,2.164,0.077,0,0
17700,0,0.03,0.00,9.859,2.150,0.077,0,0
17750,0,0.08,1.13,9.811,2.131,0.057,0,0
17800,0,0.07,-0.36,9.816,2.131,0.129,0,0
17850,0,0.10,0.00,9.792,2.160,0.192,0,0
17900,0,0.09,-0.95,9.802,2.212,0.220,0,0
17952,0,0.07,-0.80,9.864,2.298,0.225,0,0
18003,0,0.10,0.00,9.878,2.284,0.239,0,0
18055,0,0.10,0.56,9.783,2.308,0.148,0,0
18107,0,0.07,0.00,9.783,2.107,0.077,0,0
18157,0,0.10,1.04,9.701,1.987,0.177,0,0
18208,0,0.07,0.00,9.725,1.954,0.311,0,0
18260,0,0.10,0.56,9.835,2.265,0.172,0,0
18311,0,0.09,-0.09,9.931,2.423,0.005,0,0
18362,0,0.07,-0.84,9.950,2.298,-0.024,0,0
18414,0,0.10,0.00,9.850,2.088,0.086,0,0
18465,0,0.08,-0.86,9.663,2.126,0.129,0,0
18516,0,0.08,0.00,9.644,2.107,0.144,0,0
18567,0,0.08,-0.86,9.783,2.255,-0.077,0,0
18619,0,0.10,0.00,9.907,2.131,-0.043,0,0
18671,0,0.12,0.48,9.965,2.064,-0.038,0,0
18722,0,0.14,0.52,9.902,2.160,0.043,0,0
18773,0,0.12,0.00,9.821,2.217,0.120,0,0
18823,0,0.12,0.00,9.740,2.265,0.124,0,0
18874,0,0.08,-1.47,9.735,2.136,0.110,0,0
18925,0,0.11,0.56,9.807,1.982,0.010,0,0
18977,0,0.08,0.52,9.744,1.973,0.101,0,0
19029,0,0.10,0.00,9.778,2.040,0.192,0,0
19080,0,0.09,-0.84,9.840,2.217,0.144,0,0
19132,0,0.10,0.54,9.802,2.318,0.201,0,0
19183,0,0.12,0.00,9.802,2.207,0.230,0,0
19235,0,0.09,-0.82,9.720,2.155,0.249,0,0
19286,0,0.09,0.00,9.778,2.150,0.201,0,0
19338,0,0.07,-0.74,9.831,2.227,0.077,0,0
19390,0,0.07,0.00,9.855,2.203,0.081,0,0
19440,0,0.09,0.50,9.883,2.188,0.148,0,0
19492,0,0.12,0.00,9.888,2.217,0.129,0,0
19543,0,0.14,0.50,9.859,2.145,0.105,0,0
19595,0,0.16,0.48,9.744,2.164,0.134,0,0
19646,0,0.16,0.00,9.720,1.973,0.220,0,0
19698,0,0.17,0.60,9.730,2.126,0.235,0,0
19748,0,0.17,0.00,9.740,2.246,0.206,0,0
19833,0,0.18,0.00,9.802,2.097,0.182,0,0
19885,0,0.17,0.00,9.845,2.059,0.081,0,0
19935,0,1.32,42.48,9.883,2.093,-0.019,0,0
19984,0,2.38,0.00,9.874,2.107,0.029,0,0
20036,0,4.23,33.57,9.831,2.217,0.124,0,0
20087,0,5.08,31.56,9.864,2.198,0.120,0,0
20139,0,6.60,29.10,9.840,2.251,0.081,0,0
20190,0,7.34,27.36,9.792,2.217,0.110,0,0
20242,0,7.95,0.00,9.725,2.203,0.148,0,0
20294,0,7.04,-15.99,9.759,2.107,0.101,0,0
20345,0,6.60,-16.49,9.845,2.069,0.010,0,0
20397,0,5.79,-14.42,9.816,2.160,0.048,0,0
20448,0,5.44,-13.01,9.797,2.284,0.086,0,0
20500,0,5.12,0.00,9.783,2.184,0.172,0,0
20550,0,4.81,-11.61,9.826,2.078,0.168,0,0
20602,0,4.23,-10.43,9.831,2.064,0.101,0,0
20653,0,3.99,-8.94,9.835,2.193,0.057,0,0
20705,0,3.75,0.00,9.797,2.251,0.115,0,0
20755,0,3.31,-7.71,9.740,2.107,0.139,0,0
20805,0,3.12,-7.39,9.792,2.054,0.120,0,0
20856,0,2.93,0.00,9.864,2.112,0.038,0,0
20905,0,2.61,-6.32,9.859,2.131,0.053,0,0
20957,0,2.46,0.00,9.835,2.121,0.086,0,0
21008,0,2.18,-5.38,9.764,2.112,0.105,0,0
21060,0,2.04,-5.27,9.826,2.131,0.105,0,0
21112,0,1.91,0.00,9.783,2.169,0.120,0,0
21163,0,1.67,-5.25,9.783,2.184,0.129,0,0
21215,0,1.57,0.00,9.835,2.093,0.105,0,0
21266,0,1.44,-3.02,9.864,2.164,0.053,0,0
21318,0,1.34,-3.50,9.883,2.116,0.029,0,0
21369,0,1.25,0.00,9.807,2.184,0.086,0,0
21420,0,1.16,-3.50,9.778,2.097,0.120,0,0
21471,0,1.03,-2.59,9.749,2.136,0.134,0,0
21523,0,1.01,-0.82,9.783,2.164,0.129,0,0
21574,0,0.93,0.00,9.869,2.164,0.086,0,0
21626,0,0.82,-2.70,9.893,2.160,0.067,0,0
21678,0,0.80,0.00,9.773,2.155,0.091,0,0
21727,0,0.72,-1.33,9.764,2.169,0.168,0,0
21777,0,0.72,0.00,9.831,2.203,0.134,0,0
21828,0,0.63,0.00,9.835,2.241,0.072,0,0
21878,0,0.57,-1.45,9.835,2.107,0.057,0,0
21930,0,0.54,-1.34,9.787,2.049,0.067,0,0
21981,0,0.52,0.00,9.749,1.944,0.283,0,0
22033,0,0.44,-1.86,9.792,2.241,0.278,0,0
22085,0,0.40,0.00,9.778,2.437,0.230,0,0
22136,0,0.38,-0.84,9.754,2.332,0.273,0,0
22188,0,0.37,-0.50,9.759,2.030,0.254,0,0
22239,0,0.34,0.00,9.859,2.049,0.120,0,0
22290,0,0.34,0.00,9.869,2.284,0.005,0,0
22341,0,0.27,-1.32,9.807,2.136,0.101,0,0
22393,0,0.29,0.48,9.797,2.064,0.091,0,0
22444,0,0.26,-0.34,9.831,2.083,0.081,0,0
22495,0,0.23,-1.47,9.821,2.251,0.067,0,0
22547,0,0.24,0.00,9.811,2.184,0.177,0,0
22598,0,0.22,-1.36,9.797,2.088,0.225,0,0
22650,0,0.20,0.00,9.802,2.131,0.292,0,0
22701,0,0.21,0.00,9.768,2.399,0.206,0,0
22752,0,0.20,-0.24,9.807,2.207,0.163,0,0
22802,0,0.20,0.00,9.802,2.011,0.110,0,0
22852,0,0.17,0.00,9.773,1.920,0.201,0,0
22905,0,0.13,-1.36,9.816,2.112,0.172,0,0
22955,0,0.15,0.50,9.816,2.294,0.129,0,0
23007,0,0.15,0.00,9.826,2.236,0.215,0,0
23058,0,0.12,0.48,9.797,2.140,0.239,0,0
23110,0,0.14,0.52,9.850,2.169,0.115,0,0
23161,0,0.15,0.00,9.821,2.313,0.091,0,0
23213,0,0.14,-0.91,9.792,2.040,0.091,0,0
23264,0,0.18,0.00,9.845,2.093,0.048,0,0
23316,0,0.15,-0.48,9.773,2.002,0.148,0,0
23368,0,0.15,0.00,9.807,2.059,0.153,0,0
23419,0,0.13,0.00,9.783,2.160,0.129,0,0
23471,0,0.09,-1.34,9.874,2.212,0.038,0,0
23522,0,0.09,0.00,9.850,2.102,0.105,0,0
23574,0,0.07,-1.43,9.816,2.059,0.225,0,0
23626,0,0.05,-0.50,9.811,2.150,0.254,0,0
23676,0,0.04,-0.52,9.792,2.121,0.364,0,0
23725,0,0.04,0.00,9.831,2.361,0.201,0,0
23776,0,-0.02,-1.89,9.811,2.246,0.139,0,0
23826,0,-0.05,-1.04,9.759,2.011,0.201,0,0
23876,0,-0.08,0.00,9.783,1.858,0.192,0,0
23928,0,-0.07,-0.56,9.864,2.002,0.062,0,0
23977,0,-0.09,-0.52,9.902,2.073,0.086,0,0
24029,0,-0.09,0.00,9.864,2.179,0.077,0,0
24080,0,-0.14,-1.04,9.730,2.116,0.182,0,0
24132,0,-0.14,0.00,9.697,1.973,0.278,0,0
24207,0,-0.15,-0.23,9.831,2.006,0.091,0,0
24258,0,-0.18,-0.56,9.922,2.145,0.000,0,0
24309,0,-0.19,-0.45,9.907,2.040,0.086,0,0
24360,0,-0.18,0.45,9.821,1.954,0.220,0,0
24412,0,-0.19,0.00,9.816,2.155,0.225,0,0
24463,0,-0.21,0.00,9.787,2.375,0.196,0,0
24515,0,-0.19,0.00,9.744,2.160,0.273,0,0
24567,0,-0.21,-0.56,9.773,2.093,0.311,0,0
24618,0,-0.21,0.00,9.850,2.136,0.206,0,0
24670,0,-0.22,0.00,9.874,2.265,0.172,0,0
24719,0,-0.24,-0.48,9.845,2.246,0.201,0,0
24769,0,-0.24,0.00,9.826,2.160,0.244,0,0
24820,0,-0.24,0.00,9.802,2.160,0.254,0,0
24870,0,-0.23,0.32,9.855,2.303,0.168,0,0
24922,0,-0.23,0.00,9.783,2.265,0.196,0,0
24974,0,-0.23,-0.52,9.783,2.064,0.163,0,0
25025,0,-0.23,0.00,9.807,1.944,0.081,0,0
25077,0,-0.23,0.00,9.831,2.069,0.096,0,0
25127,0,-0.26,-1.34,9.821,2.298,0.101,0,0
25179,0,-0.25,0.00,9.787,2.169,0.177,0,0
25230,0,-0.25,0.00,9.783,1.978,0.196,0,0
25282,0,-0.25,0.00,9.792,2.059,0.182,0,0
25333,0,-0.25,0.00,9.855,2.207,0.115,0,0
25385,0,-0.27,0.00,9.864,2.121,0.072,0,0
25437,0,-0.27,0.00,9.859,1.949,0.120,0,0
25488,0,-0.27,0.00,9.883,1.987,0.110,0,0
25540,0,-0.28,0.00,9.840,2.083,0.101,0,0
25591,0,-0.30,-0.48,9.783,2.059,0.177,0,0
25643,0,-0.30,0.00,9.740,2.107,0.244,0,0
25694,0,-0.28,0.48,9.692,2.045,0.283,0,0
25744,0,-0.28,0.00,9.783,2.097,0.268,0,0
25795,0,-0.28,0.00,9.744,2.160,0.302,0,0
25845,0,-0.30,0.00,9.807,2.246,0.273,0,0
25895,0,-0.30,0.00,9.878,2.198,0.254,0,0
25947,0,-0.28,0.00,9.864,2.174,0.220,0,0
25997,0,-0.33,-1.83,9.864,2.102,0.220,0,0
26049,0,-0.31,0.52,9.811,2.140,0.297,0,0
26100,0,-0.29,0.52,9.816,2.179,0.302,0,0
26152,0,-0.29,0.00,9.816,2.188,0.311,0,0
26203,0,-0.28,0.00,9.835,2.193,0.321,0,0
26254,0,-0.30,-0.35,9.835,2.231,0.283,0,0
26306,0,-0.27,0.48,9.845,2.069,0.345,0,0
26357,0,-0.29,0.00,9.835,2.025,0.292,0,0
26409,0,-0.27,0.48,9.802,2.083,0.263,0,0
26460,0,-0.26,0.52,9.821,2.150,0.292,0,0
26511,0,-0.25,0.52,9.759,2.107,0.316,0,0
26562,0,-0.23,0.00,9.759,1.982,0.292,0,0
26614,0,-0.21,0.48,9.797,1.949,0.283,0,0
26665,0,-0.21,0.00,9.898,2.035,0.187,0,0
26717,0,-0.22,0.00,9.840,1.958,0.168,0,0
26768,0,-0.21,0.00,9.768,1.949,0.206,0,0
26818,0,-0.21,0.00,9.692,1.872,0.330,0,0
26868,0,-0.19,0.00,9.778,2.035,0.273,0,0
26920,0,-0.14,1.86,9.850,2.231,0.158,0,0
26972,0,-0.18,-1.30,9.835,2.045,0.249,0,0
27034,0,-0.16,0.00,9.917,2.040,0.211,0,0
27085,0,-0.16,0.00,9.907,2.107,0.211,0,0
27136,0,0.92,0.00,9.821,2.246,0.292,0,0
27188,0,2.90,35.37,9.821,2.121,0.350,0,0
27239,0,3.79,0.00,9.749,2.136,0.350,0,0
27291,0,5.41,28.81,9.826,2.145,0.326,0,0
27343,0,6.18,28.17,9.907,2.174,0.206,0,0
27394,0,6.88,0.00,9.878,2.054,0.225,0,0
27446,0,7.05,-18.15,9.835,1.982,0.249,0,0
27497,0,6.60,0.00,9.778,2.049,0.302,0,0
27549,0,5.80,-14.14,9.783,2.064,0.354,0,0
27601,0,5.43,-14.59,9.831,2.155,0.354,0,0
27652,0,5.09,0.00,9.807,2.083,0.388,0,0
27704,0,4.45,-12.05,9.831,2.083,0.350,0,0
27754,0,4.18,0.00,9.845,2.136,0.350,0,0
27804,0,3.63,-10.36,9.816,2.150,0.354,0,0
27855,0,3.43,-8.17,9.811,1.978,0.330,0,0
27905,0,3.19,0.00,9.787,1.992,0.311,0,0
27955,0,2.99,-7.45,9.749,1.973,0.364,0,0
28006,0,2.84,0.00,9.874,2.025,0.287,0,0
28058,0,2.47,-6.56,9.850,2.073,0.287,0,0
28110,0,2.33,-5.35,9.835,1.982,0.316,0,0
28161,0,2.03,-4.86,9.778,2.049,0.359,0,0
28213,0,1.90,-4.75,9.792,1.987,0.316,0,0
28264,0,1.77,0.00,9.840,2.021,0.321,0,0
28315,0,1.54,-4.08,9.874,1.997,0.297,0,0
28367,0,1.47,0.00,9.831,1.978,0.316,0,0
28419,0,1.32,-3.52,9.869,2.112,0.345,0,0
28470,0,1.22,-3.52,9.816,2.150,0.369,0,0
28522,0,1.09,-2.61,9.850,2.035,0.378,0,0
28573,0,1.00,-3.80,9.869,1.920,0.335,0,0
28624,0,0.94,-2.16,9.864,2.093,0.306,0,0
28675,0,0.89,-2.05,9.821,2.049,0.350,0,0
28727,0,0.83,0.00,9.783,2.054,0.335,0,0
28778,0,0.73,-1.45,9.826,1.958,0.316,0,0
28828,0,0.66,-2.79,9.835,2.021,0.340,0,0
28879,0,0.62,0.00,9.869,2.035,0.297,0,0
28930,0,0.50,-1.41,9.883,2.035,0.278,0,0
28982,0,0.47,-1.36,9.874,1.968,0.306,0,0
29033,0,0.40,-1.34,9.835,1.978,0.297,0,0
29085,0,0.36,-1.36,9.783,2.116,0.302,0,0
29136,0,0.32,0.00,9.802,2.035,0.359,0,0
29188,0,0.25,-1.21,9.816,1.958,0.369,0,0
29240,0,0.22,0.00,9.835,1.949,0.330,0,0
29291,0,0.19,-0.84,9.869,2.064,0.244,0,0
29343,0,0.19,0.00,9.898,2.045,0.263,0,0
29394,0,0.12,-0.84,9.864,1.978,0.321,0,0
29446,0,0.11,-0.50,9.840,1.963,0.316,0,0
29498,0,0.07,0.00,9.831,2.016,0.225,0,0
29548,0,0.07,0.00,9.859,2.030,0.225,0,0
29599,0,0.04,0.00,9.826,1.906,0.215,0,0
29651,0,-0.01,-2.01,9.720,1.743,0.407,0,0
29702,0,0.00,0.00,9.802,1.987,0.431,0,0
29753,0,-0.08,-1.49,9.888,2.466,0.306,0,0
29803,0,-0.08,0.00,9.831,2.308,0.455,0,0
29853,0,-0.07,0.00,9.835,1.877,0.445,0,0
29903,0,-0.07,0.00,9.802,1.805,0.373,0,0
29955,0,-0.11,-1.38,9.907,2.045,0.196,0,0
30007,0,-0.09,0.00,9.869,2.121,0.172,0,0
30058,0,-0.10,-0.82,9.764,1.896,0.168,0,0
30110,0,-0.10,0.00,9.711,1.547,0.335,0,0
30161,0,-0.09,0.48,9.553,2.121,0.378,0,0
30213,0,-0.11,-0.78,9.448,2.284,0.321,0,0
30264,0,-0.13,-0.86,9.610,2.131,0.053,0,0
30316,0,-0.13,0.00,9.792,2.006,-0.235,0,0
30367,0,-0.10,0.56,9.831,2.380,-0.244,0,0
30419,0,-0.11,0.56,9.955,2.327,-0.244,0,0
30470,0,-0.11,0.00,9.878,2.308,-0.182,0,0
30522,0,-0.12,0.00,9.548,2.394,0.115,0,0
30573,0,-0.09,0.56,9.218,2.523,0.239,0,0
30624,0,-0.09,0.00,9.199,2.691,0.172,0,0
30675,0,-0.12,0.00,9.266,2.978,0.072,0,0
30727,0,-0.14,0.00,9.136,3.103,0.421,0,0
30778,0,-0.12,0.60,9.759,3.395,-0.024,0,0
30828,0,-0.11,0.50,9.649,3.275,0.273,0,0
30878,0,-0.09,0.00,10.381,2.064,0.048,0,0
30930,0,-0.12,0.00,9.893,1.709,0.503,0,0
30982,0,-0.12,0.00,9.965,0.881,0.781,0,0
31033,0,-0.12,0.00,9.960,0.800,0.589,0,0
31085,0,-0.12,0.00,10.032,0.675,0.464,0,0
31136,0,-0.10,0.00,10.295,1.092,0.187,0,0
31188,0,-0.09,0.52,10.429,0.800,0.330,0,0
31240,0,-0.09,0.00,10.185,0.211,0.828,0,0
31291,0,-0.11,-0.86,10.204,-0.038,0.728,0,0
31343,0,-0.11,0.00,10.161,-0.455,0.723,0,0
31394,0,-0.10,0.00,10.156,-1.063,0.685,0,0
31446,0,-0.11,-0.88,9.950,-0.603,0.718,0,0
31498,0,-0.08,1.01,9.950,-0.469,0.723,0,0
31548,0,-0.07,0.48,9.969,-0.962,0.742,0,0
31599,0,-0.09,0.00,10.089,-0.608,0.833,0,0
31651,0,-0.11,-0.88,10.367,-1.053,0.876,0,0
31703,0,-0.10,0.48,10.209,-1.216,1.063,0,0
31753,0,-0.12,0.56,10.142,-1.369,1.068,0,0
31803,0,-0.11,0.56,10.013,-1.408,1.092,0,0
31854,0,-0.11,0.00,9.941,-0.757,1.255,0,0
31903,0,-0.06,1.13,10.290,-0.421,1.135,0,0
31955,0,-0.08,0.52,10.463,-0.690,1.010,0,0
32006,0,-0.10,0.00,10.175,-0.522,1.006,0,0
32058,0,-0.10,-0.82,10.127,-0.158,0.929,0,0
32110,0,-0.07,1.01,10.228,-0.172,0.848,0,0
32161,0,-0.04,1.01,10.046,0.158,0.876,0,0
32213,0,-0.04,-0.30,9.969,0.450,0.891,0,0
32264,0,-0.02,0.00,9.941,0.905,0.924,0,0
32316,0,0.02,1.09,10.046,1.044,0.924,0,0
32368,0,0.03,0.54,10.051,1.360,0.814,0,0
32417,0,0.02,-0.19,10.161,1.437,0.608,0,0
32469,0,0.02,0.00,10.065,1.456,0.479,0,0
32519,0,0.05,1.01,9.979,1.279,0.292,0,0
32571,0,0.03,-0.88,9.773,0.876,0.460,0,0
32622,0,0.04,0.00,9.596,0.431,0.781,0,0
32674,0,0.05,0.00,9.625,0.244,0.919,0,0
32723,0,0.02,0.00,9.673,0.182,1.159,0,0
32773,0,0.03,0.00,9.888,0.235,0.996,0,0
32824,0,0.05,0.58,9.984,0.421,0.852,0,0
32874,0,0.01,0.00,10.017,0.450,0.886,0,0
32926,0,0.04,0.56,10.032,0.345,0.934,0,0
32978,0,0.07,0.99,10.104,0.306,0.967,0,0
33029,0,0.07,0.00,10.113,0.330,1.020,0,0
33081,0,0.09,0.00,10.084,0.397,1.082,0,0
33132,0,0.11,0.48,10.127,0.397,1.025,0,0
33184,0,0.11,0.48,10.080,0.498,1.025,0,0
33235,0,0.11,0.00,9.984,0.450,1.168,0,0
33287,0,0.11,0.00,10.003,0.464,1.063,0,0
33339,0,0.13,0.54,9.941,0.498,1.044,0,0
33389,0,0.10,-0.86,9.845,0.421,1.216,0,0
33441,0,0.10,0.00,9.917,0.460,1.302,0,0
33492,0,0.13,0.00,9.936,0.527,1.360,0,0
33544,0,0.16,0.54,9.912,0.603,1.408,0,0
33595,0,0.17,0.00,10.060,0.565,1.264,0,0
33647,0,0.15,0.52,10.084,0.570,1.235,0,0
33698,0,0.18,1.04,10.013,0.694,1.255,0,0
33748,0,0.19,0.00,9.898,0.680,1.408,0,0
33799,0,0.22,0.00,9.835,0.589,1.499,0,0
33849,0,0.23,0.56,9.888,0.618,1.499,0,0
33902,0,0.21,0.00,10.051,0.666,1.408,0,0
33953,0,0.22,0.00,10.046,0.661,1.365,0,0
34005,0,0.24,0.54,9.922,0.728,1.417,0,0
34056,0,0.23,1.02,9.888,0.599,1.441,0,0
34108,0,0.24,0.52,9.922,0.579,1.369,0,0
34159,0,0.27,0.00,9.936,0.474,1.360,0,0
34210,0,0.27,0.00,9.893,0.388,1.393,0,0
34262,0,0.27,0.00,9.893,0.359,1.451,0,0
34314,0,0.27,0.00,9.950,0.512,1.513,0,0
34364,0,0.27,0.00,10.041,0.637,1.422,0,0
34416,0,0.23,-1.86,10.089,0.608,1.384,0,0
34467,0,0.25,0.52,10.036,0.646,1.408,0,0
34519,0,0.25,-0.50,9.989,0.608,1.422,0,0
34570,0,0.26,0.50,9.926,0.450,1.513,0,0
34622,0,0.28,0.00,9.922,0.431,1.504,0,0
34673,0,0.29,0.00,9.922,0.479,1.437,0,0
34725,0,0.30,0.00,9.888,0.498,1.504,0,0
34776,0,0.30,-0.91,9.922,0.431,1.494,0,0
34826,0,0.33,1.37,9.979,0.340,1.470,0,0
34877,0,0.28,0.00,10.104,0.450,1.365,0,0
34928,0,0.28,-0.56,10.041,0.498,1.322,0,0
34980,0,0.30,0.52,9.936,0.546,1.513,0,0
35032,0,0.31,0.00,10.003,0.378,1.470,0,0
35083,0,0.34,0.50,9.984,0.369,1.393,0,0
35135,0,0.31,-1.34,9.902,0.450,1.489,0,0
35186,0,0.34,1.01,10.022,0.397,1.398,0,0
35238,0,0.37,1.13,9.950,0.417,1.475,0,0
35290,0,0.37,0.00,9.917,0.431,1.513,0,0
35340,0,0.37,0.00,9.965,0.369,1.575,0,0
35391,0,0.38,0.50,10.027,0.383,1.542,0,0
35443,0,0.37,-0.54,10.084,0.498,1.518,0,0
35495,0,0.38,0.00,10.017,0.474,1.518,0,0
35546,0,0.38,0.50,9.893,0.498,1.551,0,0
35598,0,0.37,0.00,9.792,0.551,1.676,0,0
35649,0,0.38,0.50,9.802,0.560,1.719,0,0
35701,0,0.40,0.52,9.878,0.397,1.686,0,0
35751,0,0.40,0.00,9.984,0.369,1.561,0,0
35801,0,0.42,0.52,9.926,0.278,1.633,0,0
35852,0,0.42,0.00,9.754,0.287,1.820,0,0
35902,0,0.42,0.00,9.821,0.436,1.877,0,0
35953,0,0.39,-0.52,9.998,0.579,1.642,0,0
36005,0,0.39,0.00,10.123,0.484,1.403,0,0
36056,0,0.39,0.00,10.056,0.196,1.413,0,0
36108,0,0.39,0.00,9.716,0.067,1.867,0,0
36160,0,0.39,0.00,9.764,0.225,1.887,0,0
36210,0,0.39,0.00,10.013,0.522,1.556,0,0
36262,0,0.39,0.00,10.132,0.718,1.307,0,0
36313,0,0.39,0.00,10.127,0.536,1.326,0,0
36364,0,0.39,0.00,9.855,0.350,1.614,0,0
36415,0,0.34,0.00,9.878,0.335,1.547,0,0
36467,0,0.34,0.00,9.974,0.450,1.355,0,0
36518,0,0.33,0.00,9.998,0.393,1.346,0,0
36570,0,0.31,0.00,10.075,0.230,1.379,0,0
36622,0,0.30,0.00,10.089,0.077,1.408,0,0
36673,0,0.30,0.00,10.080,0.206,1.484,0,0
36725,0,0.30,0.00,10.108,0.340,1.317,0,0
36776,0,0.30,0.00,9.950,0.330,1.346,0,0
36826,0,0.28,-2.01,9.744,0.407,1.618,0,0
36876,0,0.28,0.00,9.816,0.603,1.532,0,0
36928,0,0.29,0.00,9.883,0.546,1.599,0,0
36980,0,0.30,0.50,10.022,0.249,1.556,0,0
37029,0,0.31,0.00,10.022,0.321,1.537,0,0
37081,0,0.30,0.52,10.046,0.359,1.556,0,0
37132,0,0.28,-0.84,9.969,0.383,1.595,0,0
37184,0,0.29,0.48,8.753,0.105,2.207,0,0
37235,0,0.27,-0.88,10.630,-0.469,0.436,0,0
37286,0,0.28,0.52,11.114,-0.211,1.030,0,0
37337,0,0.28,0.00,11.430,-0.081,1.020,0,0
37389,0,0.26,0.00,11.353,0.867,0.522,0,0
37440,0,0.29,0.58,9.117,0.158,1.302,0,0
37492,0,0.27,0.00,9.811,-0.656,1.571,0,0
37544,0,0.28,0.00,10.769,-0.460,2.093,0,0
37595,0,0.26,-0.73,10.185,-1.293,1.896,0,0
37647,0,0.27,0.00,9.165,-1.101,2.672,0,0
37698,0,0.25,-1.34,8.710,-1.676,2.600,0,0
37748,0,0.27,0.00,8.950,-3.237,3.673,0,0
37799,0,0.28,0.00,8.950,-3.170,4.468,0,0
37849,0,0.28,0.00,8.131,-4.310,5.435,0,0
37899,0,0.29,0.00,6.761,-3.639,4.970,0,0
37951,0,0.27,-0.86,5.751,-4.774,5.306,0,0
38003,0,0.27,0.00,7.207,-4.683,5.928,0,0
38055,0,0.28,0.00,8.796,-3.505,6.809,0,0
38106,0,0.26,-0.52,6.642,-2.160,5.784,0,0
38158,0,0.26,0.00,5.756,-3.409,6.292,0,0
38208,0,0.26,0.00,5.918,-4.099,6.100,0,0
38260,0,0.28,0.00,5.215,-3.395,6.383,0,0
38310,0,0.28,0.00,4.597,-4.453,7.417,0,0
38362,0,0.28,0.00,4.238,-6.043,8.322,0,0
38413,0,0.28,0.00,2.571,-5.555,7.685,0,0
38465,0,0.24,0.00,2.844,-5.454,8.006,0,0
38517,0,0.27,0.52,2.164,-5.626,6.847,0,0
38567,0,0.27,0.00,1.331,-7.010,6.349,0,0
38618,0,0.30,0.52,0.919,-6.871,6.426,0,0
38670,0,0.28,0.00,0.273,-6.737,6.191,0,0
38719,0,0.28,0.00,0.330,-7.312,6.359,0,0
38770,0,0.25,-0.91,-1.470,-8.255,5.813,0,0
38820,0,0.27,0.00,-1.173,-9.131,6.383,0,0
38870,0,0.25,0.00,-1.508,-8.710,6.220,0,0
38921,0,0.21,-1.47,-1.800,-10.123,5.708,0,0
38972,0,0.22,0.00,-1.556,-9.313,6.163,0,0
39024,0,0.25,0.50,-2.313,-7.863,5.272,0,0
39075,0,0.24,0.00,-1.235,-8.533,5.918,0,0
39127,0,0.21,-1.27,-1.944,-7.834,5.483,0,0
39178,0,0.21,0.00,-2.298,-8.696,5.492,0,0
39230,0,0.21,0.00,-2.605,-8.408,5.004,0,0
39281,0,0.21,0.00,-2.648,-8.049,4.875,0,0
39333,0,0.21,0.00,-2.897,-8.313,4.314,0,0
39385,0,0.21,-0.52,-2.835,-8.265,4.468,0,0
39435,0,0.21,0.00,-2.945,-8.758,3.845,0,0
39486,0,0.18,0.00,-3.007,-8.495,4.214,0,0
39538,0,0.17,0.00,-2.744,-8.241,4.396,0,0
39590,0,0.19,1.23,-2.385,-8.207,4.544,0,0
39641,0,0.19,0.00,-2.294,-8.045,4.851,0,0
39693,0,0.17,-0.50,-1.762,-8.159,5.037,0,0
39743,0,0.21,0.00,-2.547,-8.624,4.961,0,0
39793,0,0.25,0.00,-2.471,-8.145,4.860,0,0
39843,0,0.23,-0.58,-2.255,-8.112,5.076,0,0
39893,0,0.27,1.45,-1.920,-8.246,5.559,0,0
39945,0,0.24,0.00,-2.241,-8.059,5.138,0,0
39997,0,0.26,-0.52,-2.222,-8.145,5.071,0,0
40048,0,0.26,0.00,-2.428,-8.289,5.138,0,0
40100,0,0.25,0.00,-2.279,-8.164,5.104,0,0
40151,0,0.28,0.00,-2.543,-8.131,5.229,0,0
40203,0,0.27,0.00,-2.246,-8.198,4.980,0,0
40254,0,0.29,0.00,-2.442,-8.260,4.774,0,0
40305,0,0.29,0.00,-2.533,-8.595,4.635,0,0
40355,0,0.28,-0.20,-2.916,-8.040,4.683,0,0
40406,0,0.29,0.00,-2.835,-8.294,4.290,0,0
40458,0,0.31,0.58,-2.313,-8.332,4.233,0,0
40510,0,0.31,0.00,-2.591,-8.140,4.673,0,0
40560,0,0.27,-1.34,-2.452,-8.514,5.119,0,0
40611,0,0.28,0.50,-2.332,-8.279,4.913,0,0
40663,0,0.30,0.56,-2.667,-8.638,4.683,0,0
40715,0,0.28,0.00,-2.792,-8.456,4.860,0,0
40765,0,0.28,0.00,-2.816,-8.064,5.234,0,0
40815,0,0.25,-0.91,-2.768,-8.092,5.626,0,0
40866,0,0.27,0.00,-2.935,-7.566,5.775,0,0
40915,0,0.25,-0.86,-3.165,-6.761,6.129,0,0
40967,0,0.25,0.00,-3.376,-6.833,6.594,0,0
41018,0,0.24,-0.80,-3.189,-6.067,6.665,0,0
41070,0,0.23,-0.35,-3.433,-6.005,7.125,0,0
41122,0,0.21,0.00,-3.491,-5.497,7.163,0,0
41173,0,0.23,-0.34,-3.476,-5.320,7.594,0,0
41225,0,0.25,1.01,-3.634,-4.951,7.829,0,0
41276,0,0.25,0.50,-3.831,-4.635,7.752,0,0
41328,0,0.24,-0.32,-3.366,-4.731,8.250,0,0
41379,0,0.26,0.00,-3.663,-4.233,8.016,0,0
41430,0,0.24,-0.82,-3.510,-4.357,8.284,0,0
41481,0,0.23,-0.32,-3.821,-4.247,8.068,0,0
41533,0,0.26,0.99,-3.912,-3.970,8.231,0,0
41584,0,0.24,0.00,-3.692,-4.017,8.466,0,0
41636,0,0.23,0.52,-3.907,-3.548,8.226,0,0
41688,0,0.22,0.00,-3.807,-3.601,8.313,0,0
41737,0,0.22,0.54,-3.926,-3.673,8.231,0,0
41788,0,0.23,0.56,-3.979,-3.208,8.322,0,0
41838,0,0.21,0.00,-3.922,-3.438,8.562,0,0
41888,0,0.20,0.54,-4.152,-3.419,8.337,0,0
41940,0,0.21,0.52,-4.104,-3.452,8.365,0,0
41991,0,0.19,0.00,-4.166,-3.433,8.341,0,0
42043,0,0.18,0.50,-4.286,-3.165,8.236,0,0
42095,0,0.16,0.00,-4.219,-3.342,8.250,0,0
42146,0,0.14,-1.34,-4.391,-3.069,8.064,0,0
42198,0,0.16,0.99,-4.496,-3.017,8.059,0,0
42248,0,0.16,0.00,-4.659,-3.400,7.781,0,0
42300,0,0.16,0.00,-4.434,-3.347,7.848,0,0
42351,0,0.15,-0.86,-4.334,-2.217,8.212,0,0
42403,0,0.15,0.00,-4.525,-2.006,8.092,0,0
42454,0,0.13,-0.80,-5.871,-3.074,6.594,0,0
42506,0,0.10,-1.25,-6.541,-3.754,4.985,0,0
42557,0,0.11,0.52,-7.762,-5.353,3.903,0,0
42609,0,0.08,0.00,-8.107,-5.373,2.734,0,0
42661,0,0.05,0.00,-8.456,-4.755,2.667,0,0
42711,0,0.02,-1.34,-8.437,-5.617,2.916,0,0
42761,0,-0.01,0.00,-8.078,-5.430,2.519,0,0
42811,0,-0.03,-0.36,-8.461,-5.416,3.175,0,0
42862,0,-0.03,-0.36,-6.642,-5.239,2.983,0,0
42911,0,-0.04,0.00,-6.728,-5.459,2.883,0,0
42963,0,-0.02,1.04,-6.618,-5.617,1.982,0,0
43015,0,-0.03,-0.34,-7.350,-5.488,1.379,0,0
43066,0,-0.09,-0.86,-7.422,-6.053,0.752,0,0
43118,0,-0.07,0.48,-8.394,-5.760,0.536,0,0
43169,0,-0.11,0.00,-8.657,-7.441,-0.148,0,0
43221,0,-0.11,-0.52,-7.250,-5.205,0.493,0,0
43272,0,-0.11,0.00,-7.566,-6.230,0.249,0,0
43324,0,-0.09,1.30,-6.665,-6.191,-0.144,0,0
43375,0,-0.09,0.00,-7.226,-8.758,0.886,0,0
43427,0,-0.06,0.00,-5.875,-8.389,1.887,0,0
43479,0,-0.09,-1.04,-4.650,-7.140,2.155,0,0
43529,0,-0.08,0.30,-4.041,-6.876,2.356,0,0
43580,0,-0.10,-0.48,-4.080,-7.647,2.337,0,0
43632,0,-0.13,-1.04,-4.319,-8.116,1.743,0,0
43684,0,-0.14,-1.53,-4.860,-9.060,1.484,0,0
43736,0,-0.16,0.00,-4.611,-7.762,1.202,0,0
43786,0,-0.19,-0.24,-5.210,-7.867,1.714,0,0
43836,0,-0.22,-1.04,-5.205,-7.800,2.437,0,0
43887,0,-0.24,0.00,-4.357,-7.302,2.878,0,0
43938,0,-0.27,-0.15,-3.874,-7.661,3.165,0,0
43990,0,-0.30,-1.08,-3.730,-7.776,2.796,0,0
44041,0,-0.29,0.00,-4.209,-7.709,2.107,0,0
44093,0,-0.28,0.82,-5.229,-8.083,1.676,0,0
44144,0,-0.29,0.00,-5.646,-7.973,1.336,0,0
44211,0,-0.27,0.47,-5.306,-7.930,1.465,0,0
44263,0,-0.31,-0.48,-4.688,-7.997,1.978,0,0
44313,0,-0.31,0.00,-3.864,-7.207,2.461,0,0
44364,0,-0.34,-0.56,-4.626,-8.432,3.156,0,0
44416,0,-0.35,0.00,-4.089,-7.197,2.073,0,0
44468,0,-0.39,-1.34,-5.550,-9.538,1.901,0,0
44519,0,-0.39,0.00,-4.262,-7.345,1.269,0,0
44571,0,-0.37,0.00,-5.296,-8.653,1.839,0,0
44622,0,-0.37,0.00,-5.502,-8.748,2.567,0,0
44674,0,-0.39,0.00,-5.775,-9.361,3.424,0,0
44723,0,-0.42,0.48,-4.434,-7.968,2.935,0,0
44773,0,-0.46,-1.57,-2.749,-5.492,1.829,0,0
44824,0,-0.46,0.00,-2.308,-4.745,1.049,0,0
44874,0,-0.51,-1.41,-5.349,-9.213,1.686,0,0
44925,0,-0.50,0.56,-8.681,-13.058,2.246,0,0
44975,0,-0.53,0.00,-6.086,-8.748,1.786,0,0
45025,0,-0.53,0.00,-5.234,-8.308,2.150,0,0
45076,0,-0.53,0.00,-5.780,-10.415,3.395,0,0
45128,0,-0.55,0.00,-4.410,-8.495,3.141,0,0
45179,0,-0.56,-0.56,-3.682,-6.972,2.595,0,0
45230,0,-0.59,-1.04,-4.697,-8.337,2.945,0,0
45281,0,-0.60,-0.48,-6.072,-10.424,3.012,0,0
45333,0,-0.62,0.00,-1.211,-2.528,0.297,0,0
45384,0,-0.64,-0.56,-8.792,-13.307,1.317,0,0
45436,0,-0.66,0.00,-5.234,-8.365,1.398,0,0
45488,0,-0.66,-1.04,-4.147,-6.766,2.409,0,0
45539,0,-0.68,-0.52,-5.124,-8.571,4.377,0,0
45591,0,-0.67,0.00,-5.535,-9.735,4.439,0,0
45642,0,-0.74,-0.56,-5.301,-10.597,2.950,0,0
45694,0,-0.78,0.00,-4.262,-8.471,1.317,0,0
45744,0,-0.81,-1.09,-4.803,-8.001,1.020,0,0
45794,0,-0.84,-1.04,-5.124,-7.274,1.293,0,0
45845,0,-0.83,0.00,-4.688,-6.340,1.666,0,0
45895,0,-0.89,-0.48,-4.803,-7.187,2.423,0,0
45945,0,-0.92,-1.13,-3.706,-7.001,2.648,0,0
45996,0,-0.91,0.00,-2.902,-6.752,2.567,0,0
46047,0,-0.98,-1.53,-4.027,-9.074,3.041,0,0
46099,0,-0.97,0.22,-4.717,-8.298,2.222,0,0
46150,0,-1.01,-1.09,-5.191,-7.403,1.475,0,0
46201,0,-1.01,0.00,-6.172,-8.428,1.341,0,0
46250,0,-1.02,-0.07,-5.459,-8.461,1.432,0,0
46302,0,-1.03,-1.01,-4.266,-8.112,2.097,0,0
46352,0,-1.03,0.00,-3.917,-8.011,3.179,0,0
46404,0,-1.06,-0.56,-3.630,-6.761,3.242,0,0
46455,0,-1.05,0.34,-4.741,-7.930,3.314,0,0
46507,0,-1.07,0.00,-5.555,-9.285,2.466,0,0
46558,0,-1.11,-0.52,-6.421,-11.286,1.719,0,0
46610,0,-1.11,0.00,-4.602,-8.049,1.082,0,0
46661,0,-1.14,-0.52,-6.321,-9.831,2.155,0,0
46713,0,-1.16,-0.52,-5.392,-8.040,2.658,0,0
46763,0,-1.16,0.00,-4.367,-7.001,2.835,0,0
46814,0,-1.15,-0.52,-3.926,-7.379,2.993,0,0
46864,0,-1.16,-0.54,-3.002,-6.512,2.198,0,0
46915,0,-1.17,0.00,-4.401,-9.179,2.418,0,0
46965,0,-1.20,-0.52,-4.942,-8.562,1.829,0,0
47016,0,-1.22,-0.56,-5.195,-7.604,1.460,0,0
47068,0,-1.24,-0.48,-5.957,-8.447,1.772,0,0
47120,0,-1.22,0.82,-5.109,-8.164,2.102,0,0
47171,0,-1.23,0.00,-3.745,-7.245,2.346,0,0
47223,0,-1.29,-1.01,-3.773,-8.040,3.079,0,0
47274,0,-1.32,-1.04,-4.108,-7.977,3.050,0,0
47326,0,-1.32,-0.48,-4.702,-7.925,2.413,0,0
47377,0,-1.31,0.48,-5.674,-8.973,1.872,0,0
47428,0,-1.27,1.34,-5.674,-9.227,1.446,0,0
47479,0,-1.27,0.00,-5.746,-9.711,1.767,0,0
47531,0,-1.29,-0.45,-6.359,-10.597,2.978,0,0
47582,0,-1.30,-0.56,-5.923,-9.878,3.792,0,0
47634,0,-1.30,0.00,-2.887,-5.124,2.073,0,0
47686,0,-1.30,0.00,-4.209,-7.834,2.653,0,0
47735,0,-1.31,0.00,-4.937,-9.380,2.485,0,0
47786,0,-1.33,0.00,-3.251,-6.100,1.164,0,0
47836,0,-1.33,-0.54,-4.884,-8.169,1.336,0,0
47886,0,-1.31,0.56,-5.622,-8.653,1.657,0,0
47938,0,-1.36,-1.34,-4.118,-6.230,1.618,0,0
47990,0,-1.36,0.00,-4.539,-7.278,2.409,0,0
48041,0,-1.36,0.00,-4.175,-7.695,2.777,0,0
48093,0,-1.35,0.00,-3.816,-7.733,2.749,0,0
48144,0,-1.36,-0.48,-4.372,-8.562,2.624,0,0
48196,0,-1.43,-0.52,-5.569,-9.625,2.342,0,0
48248,0,-1.46,-1.08,-4.956,-7.681,1.561,0,0
48298,0,-1.47,-0.25,-5.286,-7.896,1.614,0,0
48350,0,-1.50,-0.56,-4.784,-7.523,1.748,0,0
48402,0,-1.52,-1.01,-5.215,-9.012,2.696,0,0
48452,0,-1.54,-0.52,-4.606,-8.408,3.084,0,0
48503,0,-1.56,-1.01,-4.118,-7.858,2.744,0,0
48555,0,-1.61,-1.09,-6.804,-11.823,3.893,0,0
48607,0,-1.62,-0.52,-5.416,-9.266,2.260,0,0
48658,0,-1.64,0.00,-4.793,-8.059,1.542,0,0
48710,0,-1.69,-0.48,-4.659,-7.700,1.489,0,0
48760,0,-1.69,0.00,-2.921,-4.803,1.140,0,0
48811,0,-1.71,0.32,-4.937,-7.791,2.332,0,0
48861,0,-1.72,-0.32,-5.128,-8.437,2.940,0,0
48910,0,-1.76,0.00,-3.529,-6.383,2.318,0,0
48962,0,-1.74,0.34,-3.261,-6.316,2.174,0,0
49014,0,-1.75,-0.19,-4.214,-8.135,2.418,0,0
49065,0,-1.79,0.00,-5.296,-9.256,2.452,0,0
49117,0,-1.79,-0.19,-5.009,-7.949,1.954,0,0
49168,0,-1.83,0.00,-5.186,-7.896,1.911,0,0
49220,0,-1.88,-1.65,-5.679,-9.218,2.399,0,0
49272,0,-1.88,-0.19,-5.291,-9.596,2.863,0,0
49322,0,-1.90,-0.71,-4.453,-8.643,2.897,0,0
49373,0,-1.92,-0.82,-4.889,-9.079,3.179,0,0
49425,0,-1.95,-0.76,-7.523,-12.790,3.984,0,0
49477,0,-1.95,-0.15,-5.124,-8.605,2.121,0,0
49528,0,-1.97,0.00,-2.069,-3.697,0.733,0,0
49580,0,-2.01,-0.67,-4.597,-8.006,1.417,0,0
49631,0,-2.04,0.00,-6.215,-10.487,2.294,0,0
49683,0,-2.07,-2.05,-4.243,-6.867,2.131,0,0
49733,0,-2.05,0.68,-3.941,-6.278,2.442,0,0
49783,0,-2.07,0.00,-5.248,-8.720,3.419,0,0
49833,0,-2.11,-0.20,-5.239,-9.835,3.194,0,0
49884,0,-2.12,-0.20,-3.984,-8.145,1.992,0,0
49935,0,-2.12,0.00,-4.434,-8.361,1.690,0,0
49987,0,-2.16,-1.56,-5.856,-9.347,2.002,0,0
50039,0,-2.14,0.00,-5.689,-8.246,2.217,0,0
50090,0,-2.16,0.30,-4.477,-6.752,2.164,0,0
50142,0,-2.18,-1.01,-4.583,-8.025,2.744,0,0
50192,0,-2.21,-1.01,-4.094,-8.370,2.859,0,0
50244,0,-2.24,0.00,-3.898,-8.159,2.591,0,0
50295,0,-2.26,-0.48,-5.219,-9.361,2.662,0,0
50347,0,-2.26,-0.09,-6.235,-9.620,2.442,0,0
50399,0,-2.27,0.92,-5.315,-7.939,1.863,0,0
50450,0,-2.30,-1.04,-5.483,-8.868,2.116,0,0
50502,0,-2.28,0.37,-5.454,-9.926,2.768,0,0
50553,0,-2.29,-0.60,-2.662,-5.334,1.810,0,0
50604,0,-2.32,-1.01,-2.461,-4.712,1.824,0,0
50655,0,-2.35,-1.01,-4.381,-7.638,2.921,0,0
50707,0,-2.35,-1.01,-5.291,-9.060,2.840,0,0
50757,0,-2.33,0.88,-4.147,-7.341,1.724,0,0
50808,0,-2.32,0.00,-4.353,-7.791,1.437,0,0
50858,0,-2.38,-0.76,-5.114,-8.815,1.700,0,0
50908,0,-2.39,-0.20,-4.903,-7.963,2.107,0,0
50959,0,-2.43,0.00,-4.329,-6.800,2.409,0,0
51011,0,-2.43,-0.19,-4.549,-7.489,2.945,0,0
51062,0,-2.43,-0.19,-4.779,-8.887,3.232,0,0
51114,0,-2.51,-2.05,-4.583,-9.337,2.739,0,0
51166,0,-2.51,-1.01,-4.621,-8.887,2.083,0,0
51217,0,-2.51,0.00,-5.353,-8.768,1.968,0,0
51269,0,-2.57,-0.78,-6.139,-9.122,2.251,0,0
51320,0,-2.58,-0.19,-5.918,-9.098,2.605,0,0
51372,0,-2.64,-0.20,-4.760,-8.586,2.758,0,0
51424,0,-2.68,-1.56,-4.017,-8.442,2.931,0,0
51474,0,-2.66,0.71,-5.167,-10.501,3.625,0,0
51525,0,-2.72,-2.09,-4.463,-7.810,2.423,0,0
51577,0,-2.75,0.00,-3.338,-5.286,1.322,0,0
51629,0,-2.77,-1.27,-5.353,-8.049,1.547,0,0
51680,0,-2.80,0.00,-6.182,-9.993,1.867,0,0
51732,0,-2.80,0.72,-4.348,-7.949,2.035,0,0
51783,0,-2.82,-0.80,-3.682,-7.068,2.552,0,0
51833,0,-2.85,0.00,-4.515,-8.294,3.577,0,0
51884,0,-2.86,-0.72,-4.822,-8.413,3.390,0,0
51935,0,-2.86,0.00,-4.405,-7.781,2.227,0,0
51987,0,-2.86,0.00,-4.621,-8.495,1.566,0,0
52038,0,-2.88,-0.19,-5.282,-9.433,1.432,0,0
52090,0,-2.89,0.00,-5.449,-8.887,1.920,0,0
52142,0,-2.94,-1.53,-5.042,-7.705,2.514,0,0
52193,0,-2.94,-0.20,-4.798,-7.599,3.108,0,0
52245,0,-2.95,-0.15,-4.755,-8.758,3.486,0,0
52296,0,-2.98,-1.04,-4.300,-9.266,3.002,0,0
52348,0,-2.99,0.00,-4.688,-9.697,2.423,0,0
52398,0,-2.99,-0.11,-5.373,-9.122,1.978,0,0
52450,0,-2.98,0.36,-6.134,-8.868,2.025,0,0
52501,0,-3.00,0.00,-4.171,-6.019,1.571,0,0
52553,0,-2.97,0.00,-3.476,-5.669,1.686,0,0
52604,0,-3.01,0.00,-3.960,-7.666,2.543,0,0
52655,0,-3.00,0.52,-3.783,-7.987,2.806,0,0
52706,0,-3.01,0.00,-3.496,-6.862,2.351,0,0
52757,0,-3.01,0.00,-4.175,-7.183,2.155,0,0
52807,0,-3.01,0.00,-5.267,-8.284,2.011,0,0
52857,0,-3.05,0.00,-5.473,-8.643,1.805,0,0
52910,0,-3.03,0.52,-4.788,-8.155,1.738,0,0
52961,0,-3.03,0.00,-4.223,-7.666,2.112,0,0
53013,0,-3.06,0.00,-4.583,-8.289,2.945,0,0
53064,0,-3.09,-1.34,-5.095,-8.849,3.457,0,0
53116,0,-3.08,0.00,-4.975,-8.595,2.998,0,0
53168,0,-3.13,-0.71,-4.621,-8.317,2.184,0,0
53219,0,-3.12,0.48,-4.702,-8.562,1.748,0,0
53271,0,-3.16,0.00,-5.526,-9.558,1.997,0,0
53322,0,-3.19,-1.34,-6.196,-9.893,2.653,0,0
53374,0,-3.21,0.00,-5.827,-9.189,3.156,0,0
53425,0,-3.26,0.00,-4.927,-8.509,3.141,0,0
53477,0,-3.31,-1.86,-4.228,-8.327,2.907,0,0
53529,0,-3.35,-1.04,-4.367,-8.892,2.648,0,0
53579,0,-3.35,0.00,-5.109,-9.400,2.370,0,0
53630,0,-3.37,-0.48,-5.593,-8.887,2.121,0,0
53682,0,-3.39,-0.56,-5.320,-7.963,1.973,0,0
53734,0,-3.39,-0.52,-4.879,-7.728,2.116,0,0
53785,0,-3.39,0.36,-4.650,-8.337,2.528,0,0
53835,0,-3.38,0.00,-4.386,-8.610,2.907,0,0
53885,0,-3.40,-0.20,-4.310,-8.289,2.907,0,0
53937,0,-3.42,-1.01,-4.568,-8.011,2.643,0,0
53988,0,-3.42,0.00,-4.678,-7.628,2.126,0,0
54040,0,-3.40,0.34,-4.573,-7.499,1.642,0,0
54092,0,-3.43,-1.01,-4.851,-8.356,1.738,0,0
54143,0,-3.45,-1.01,-4.831,-8.610,2.126,0,0
54222,0,-3.44,0.05,-4.357,-7.628,2.701,0,0
54274,0,-3.48,0.00,-4.343,-7.451,2.859,0,0
54325,0,-3.47,0.30,-4.879,-8.595,2.950,0,0
54376,0,-3.47,0.00,-4.827,-9.007,2.433,0,0
54427,0,-3.49,-0.52,-4.238,-7.982,1.757,0,0
54479,0,-3.52,0.00,-4.219,-7.427,1.580,0,0
54531,0,-3.54,-1.90,-4.879,-7.915,1.987,0,0
54582,0,-3.55,-0.45,-5.488,-8.624,2.567,0,0
54634,0,-3.56,0.00,-5.454,-9.127,3.021,0,0
54685,0,-3.54,0.92,-4.290,-8.183,2.705,0,0
54738,0,-3.54,0.00,-3.745,-7.642,2.389,0,0
54788,0,-3.55,-0.56,-4.511,-8.605,2.495,0,0
54838,0,-3.55,0.00,-5.468,-9.218,2.437,0,0
54889,0,-3.52,0.00,-5.492,-8.557,2.112,0,0
54940,0,-3.55,-0.52,-4.889,-7.800,1.863,0,0
54992,0,-3.53,0.56,-4.673,-8.112,2.069,0,0
55043,0,-3.55,0.00,-4.487,-8.375,2.514,0,0
55095,0,-3.53,0.00,-4.089,-7.695,2.619,0,0
55146,0,-3.53,0.00,-4.262,-7.590,2.614,0,0
55198,0,-3.55,0.88,-4.683,-7.925,2.461,0,0
55250,0,-3.55,0.00,-4.611,-7.882,2.002,0,0
55300,0,-3.55,0.00,-4.362,-7.714,1.676,0,0
55351,0,-3.55,0.00,-4.453,-7.853,1.748,0,0
55403,0,-3.57,0.00,-4.587,-7.863,2.097,0,0
55455,0,-3.58,-0.52,-4.573,-7.532,2.433,0,0
55506,0,-3.55,0.00,-4.568,-7.609,2.648,0,0
55558,0,-3.56,0.00,-4.855,-8.586,2.792,0,0
55609,0,-3.57,0.00,-4.458,-8.509,2.413,0,0
55661,0,-3.61,-0.48,-4.152,-7.867,1.987,0,0
55712,0,-3.61,0.00,-4.975,-8.672,2.107,0,0
55763,0,-3.63,0.00,-5.770,-9.170,2.370,0,0
55813,0,-3.64,-0.56,-5.622,-8.811,2.504,0,0
55864,0,-3.67,-1.09,-5.037,-8.461,2.567,0,0
55913,0,-3.67,0.00,-4.621,-8.533,2.705,0,0
55965,0,-3.68,-0.52,-4.846,-9.313,2.940,0,0
56016,0,-3.68,0.00,-5.157,-9.333,2.830,0,0
56068,0,-3.71,-0.48,-4.970,-8.246,2.279,0,0
56119,0,-3.74,-1.13,-4.808,-7.657,1.915,0,0
56170,0,-3.75,-0.52,-4.726,-7.839,1.867,0,0
56221,0,-3.74,0.00,-4.401,-7.690,1.949,0,0
56294,0,-3.76,-0.21,-4.295,-7.791,2.428,0,0
56346,0,-3.75,0.34,-4.798,-8.423,2.863,0,0
56396,0,-3.78,-1.01,-5.186,-8.954,2.926,0,0
56448,0,-3.79,1.45,-4.875,-8.389,2.389,0,0
56499,0,-3.82,-1.56,-3.625,-6.579,1.566,0,0
56551,0,-3.81,0.34,-3.960,-7.230,1.618,0,0
56602,0,-3.79,0.00,-4.942,-8.552,2.025,0,0
56654,0,-3.82,-0.24,-5.373,-8.839,2.514,0,0
56705,0,-3.83,0.00,-4.994,-8.135,2.648,0,0
56756,0,-3.89,-2.17,-4.266,-7.350,2.433,0,0
56806,0,-3.89,-0.19,-3.673,-6.871,2.160,0,0
56856,0,-3.93,0.00,-3.970,-7.800,2.179,0,0
56907,0,-3.93,-0.20,-4.788,-8.882,2.298,0,0
56958,0,-3.94,-0.19,-5.488,-9.131,2.322,0,0
57010,0,-3.93,0.00,-5.497,-8.595,2.227,0,0
57061,0,-3.96,-0.15,-4.990,-8.025,2.155,0,0
57113,0,-3.98,1.34,-4.496,-7.992,2.274,0,0
57164,0,-3.99,-0.19,-4.544,-8.633,2.638,0,0
57216,0,-4.01,-0.71,-4.903,-9.112,2.897,0,0
57268,0,-4.00,0.00,-5.526,-9.471,2.863,0,0
57318,0,-4.02,-0.67,-4.247,-7.082,1.915,0,0
57369,0,-4.05,0.30,-3.496,-5.866,1.331,0,0
57421,0,-4.05,0.26,-4.836,-8.222,1.700,0,0
57473,0,-4.02,0.00,-5.698,-9.941,2.289,0,0
57524,0,-4.03,0.82,-4.946,-8.495,2.509,0,0
57576,0,-4.03,0.00,-4.228,-7.140,2.543,0,0
57627,0,-4.02,0.34,-4.860,-8.255,2.950,0,0
57679,0,-4.02,-0.19,-5.684,-10.118,3.089,0,0
57728,0,-4.03,0.00,-4.559,-8.485,2.073,0,0
57779,0,-4.03,-0.84,-3.850,-7.034,1.475,0,0
57829,0,-4.03,-0.16,-4.726,-7.925,1.676,0,0
57880,0,-4.05,0.00,-5.832,-9.088,2.255,0,0
57932,0,-4.07,-0.71,-5.401,-8.428,2.490,0,0
57983,0,-4.04,0.00,-4.477,-7.633,2.571,0,0
58035,0,-4.06,-0.30,-3.869,-7.446,2.514,0,0
58086,0,-4.05,0.34,-4.003,-7.982,2.562,0,0
58138,0,-4.04,0.00,-4.530,-8.375,2.289,0,0
58189,0,-4.06,-0.71,-5.397,-8.887,2.078,0,0
58240,0,-4.04,0.63,-6.292,-9.697,2.093,0,0
58291,0,-4.05,-0.22,-5.842,-9.342,2.136,0,0
58345,0,-4.06,-0.18,-4.477,-7.843,2.140,0,0
58397,0,-4.03,0.00,-3.208,-6.062,2.002,0,0
58449,0,-4.03,-0.74,-3.247,-6.158,2.255,0,0
58499,0,-4.03,0.00,-3.764,-6.828,2.337,0,0
58550,0,-4.06,-0.19,-4.228,-7.355,2.069,0,0
58602,0,-4.08,0.00,-4.717,-8.112,1.733,0,0
58654,0,-4.08,-0.67,-4.831,-8.313,1.518,0,0
58705,0,-4.11,-1.01,-4.573,-7.681,1.633,0,0
58755,0,-4.11,0.00,-4.439,-7.254,2.006,0,0
58806,0,-4.12,-0.19,-4.894,-7.968,2.691,0,0
58856,0,-4.15,-1.09,-5.013,-8.614,3.103,0,0
58906,0,-4.14,0.00,-4.362,-8.212,2.705,0,0
58958,0,-4.17,-0.48,-3.936,-7.719,2.102,0,0
59009,0,-4.18,0.00,-4.549,-8.341,1.911,0,0
59061,0,-4.17,-0.52,-5.914,-9.620,2.083,0,0
59112,0,-4.19,-0.52,-6.388,-9.644,2.356,0,0
59164,0,-4.22,0.00,-5.880,-9.160,2.638,0,0
59216,0,-4.24,-0.56,-5.411,-9.462,3.084,0,0
59267,0,-4.26,0.00,-5.425,-10.400,3.481,0,0
59319,0,-4.30,-1.01,-3.596,-6.661,2.198,0,0
59369,0,-4.30,0.00,-3.706,-6.603,1.834,0,0
59421,0,-4.33,-0.48,-5.095,-8.394,1.987,0,0
59472,0,-4.30,0.82,-5.775,-9.218,1.992,0,0
59524,0,-4.36,-1.01,-4.922,-8.116,1.935,0,0
59575,0,-4.37,-0.52,-4.180,-7.264,2.097,0,0
59627,0,-4.35,0.00,-4.525,-8.088,2.768,0,0
59678,0,-4.38,-0.48,-5.080,-9.108,3.232,0,0
59730,0,-4.39,0.00,-5.124,-9.189,2.935,0,0
59781,0,-4.41,0.32,-4.348,-7.767,2.030,0,0
59831,0,-4.40,0.31,-4.415,-7.781,1.700,0,0
59881,0,-4.43,0.00,-5.449,-9.194,1.935,0,0
59934,0,-4.45,-1.09,-5.191,-8.413,2.169,0,0
59985,0,-4.46,-0.19,-4.985,-8.198,2.634,0,0
60037,0,-4.48,0.00,-4.266,-7.254,2.466,0,0
60088,0,-4.49,-0.15,-2.696,-5.258,1.662,0,0
60140,0,-4.50,0.00,-3.290,-6.589,1.963,0,0
60191,0,-4.57,-0.82,-4.721,-8.935,2.442,0,0
60243,0,-4.58,-0.20,-6.622,-11.574,2.739,0,0
60295,0,-4.58,0.00,-9.146,-14.566,3.476,0,0
60345,0,-4.60,-0.71,-5.780,-9.361,2.581,0,0
60395,0,-4.61,-0.14,-2.682,-4.760,1.523,0,0
60446,0,-4.66,-1.69,-1.738,-3.448,1.231,0,0
60497,0,-4.62,1.34,-2.442,-4.875,1.805,0,0
60548,0,-4.65,-0.30,-4.118,-7.915,2.634,0,0
60600,0,-4.66,-0.19,-6.019,-10.664,2.940,0,0
60651,0,-4.67,0.00,-6.661,-11.013,2.385,0,0
60703,0,-4.68,-0.19,-5.277,-8.586,1.786,0,0
60753,0,-4.74,0.00,-4.013,-6.670,1.604,0,0
60803,0,-4.74,-0.16,-3.984,-6.804,1.944,0,0
60854,0,-4.76,-1.08,-4.626,-8.159,2.710,0,0
60904,0,-4.77,0.00,-4.961,-8.964,3.036,0,0
60955,0,-4.81,-1.65,-4.525,-8.332,2.538,0,0
61005,0,-4.82,-0.32,-4.238,-7.728,1.963,0,0
61055,0,-4.83,0.00,-4.707,-8.265,1.791,0,0
61107,0,-4.87,-1.65,-5.282,-8.854,1.891,0,0
61159,0,-4.87,0.34,-5.598,-9.098,2.246,0,0
61210,0,-4.86,0.00,-5.717,-9.342,2.777,0,0
61262,0,-4.90,-1.61,-5.483,-9.519,3.136,0,0
61313,0,-4.88,1.34,-3.917,-7.245,2.437,0,0
61365,0,-4.89,-0.52,-3.156,-6.378,1.618,0,0
61416,0,-4.91,-1.04,-4.223,-7.767,1.973,0,0
61468,0,-4.91,0.00,-5.962,-10.156,2.409,0,0
61520,0,-4.95,-1.04,-5.191,-8.384,1.901,0,0
61570,0,-4.98,-1.04,-5.358,-8.442,2.088,0,0
61621,0,-4.97,0.34,-5.109,-8.514,2.399,0,0
61673,0,-4.98,0.00,-5.009,-9.026,2.859,0,0
61725,0,-5.04,-1.01,-4.908,-9.175,2.969,0,0
61775,0,-5.06,-1.09,-4.745,-8.562,2.591,0,0
61826,0,-5.09,0.00,-4.702,-8.078,2.121,0,0
61876,0,-5.12,-0.58,-4.769,-7.891,1.786,0,0
61926,0,-5.08,1.49,-3.452,-5.727,1.159,0,0
61977,0,-5.11,0.00,-3.888,-6.488,1.365,0,0
62027,0,-5.12,0.36,-5.684,-9.711,2.523,0,0
62077,0,-5.14,-1.09,-4.654,-8.404,2.313,0,0
62129,0,-5.16,-1.53,-3.012,-5.138,1.724,0,0
62180,0,-5.15,0.36,-2.935,-5.061,1.686,0,0
62232,0,-5.19,0.00,-3.328,-6.067,1.733,0,0
62284,0,-5.21,-1.01,-4.314,-7.877,1.743,0,0
62335,0,-5.22,-0.19,-6.330,-11.066,2.476,0,0
62387,0,-5.26,-1.69,-5.646,-9.395,2.274,0,0
62438,0,-5.26,0.10,-7.796,-12.340,3.433,0,0
62489,0,-5.29,-1.13,-7.345,-12.301,3.768,0,0
62540,0,-5.29,0.00,-4.511,-8.447,2.648,0,0
62591,0,-5.27,0.34,-2.729,-5.459,1.628,0,0
62643,0,-5.31,-1.53,-2.940,-5.698,1.585,0,0
62694,0,-5.32,0.00,-4.769,-8.361,2.049,0,0
62744,0,-5.35,-1.53,-6.292,-10.175,2.337,0,0
62795,0,-5.39,0.00,-6.153,-9.687,2.255,0,0
62845,0,-5.38,0.36,-4.750,-7.819,2.030,0,0
62895,0,-5.42,-1.65,-3.807,-6.737,1.968,0,0
62946,0,-5.41,0.00,-3.955,-7.288,2.327,0,0
62996,0,-5.43,0.24,-4.946,-9.002,2.849,0,0
63047,0,-5.46,-1.13,-5.660,-9.845,2.749,0,0
63096,0,-5.45,0.00,-5.435,-9.141,2.155,0,0
63148,0,-5.47,0.30,-4.899,-8.231,1.738,0,0
63199,0,-5.47,-0.19,-5.013,-8.480,1.848,0,0
63251,0,-5.52,-0.19,-5.497,-9.290,2.380,0,0
63302,0,-5.56,-1.53,-5.602,-9.414,2.883,0,0
63354,0,-5.56,0.00,-5.468,-9.333,3.017,0,0
63406,0,-5.58,0.30,-3.922,-6.847,2.045,0,0
63456,0,-5.58,0.00,-3.529,-6.527,1.642,0,0
63507,0,-5.62,-0.52,-3.812,-7.034,1.566,0,0
63559,0,-5.61,0.00,-4.817,-8.274,1.776,0,0
63611,0,-5.63,0.00,-5.574,-8.849,2.093,0,0
63662,0,-5.63,0.00,-5.483,-8.504,2.279,0,0
63714,0,-5.68,-1.34,-5.229,-8.538,2.557,0,0
63764,0,-5.69,-0.60,-4.927,-8.887,2.753,0,0
63814,0,-5.69,0.00,-4.357,-8.317,2.519,0,0
63865,0,-5.69,-0.60,-4.156,-7.819,2.217,0,0
63915,0,-5.69,0.00,-5.009,-8.610,2.169,0,0
63966,0,-5.69,0.00,-5.751,-9.266,2.088,0,0
64016,0,-5.74,-1.41,-5.626,-8.964,1.997,0,0
64066,0,-5.76,-0.60,-4.851,-8.107,1.954,0,0
64118,0,-5.77,0.00,-4.209,-7.441,2.064,0,0
64170,0,-5.80,-1.86,-3.950,-7.192,2.265,0,0
64220,0,-5.81,-0.22,-4.324,-7.743,2.466,0,0
64271,0,-5.83,-1.04,-4.089,-7.661,1.949,0,0
64323,0,-5.84,-0.48,-3.965,-6.637,1.633,0,0
64374,0,-5.82,0.00,-3.965,-6.943,1.360,0,0
64425,0,-5.85,-0.97,-4.731,-8.174,1.599,0,0
64476,0,-5.88,-1.53,-5.521,-9.151,2.064,0,0
64528,0,-5.90,-0.52,-5.708,-9.290,2.471,0,0
64579,0,-5.87,0.00,-5.171,-8.428,2.820,0,0
64631,0,-5.93,-1.01,-5.698,-10.123,3.309,0,0
64683,0,-5.94,-0.52,-4.951,-9.333,2.610,0,0
64732,0,-5.98,-0.56,-3.883,-7.221,1.705,0,0
64783,0,-6.00,-0.52,-3.879,-6.771,1.398,0,0
64833,0,-6.01,0.00,-4.472,-7.178,1.432,0,0
64883,0,-6.04,-0.52,-4.975,-7.652,1.633,0,0
64934,0,-6.05,-0.56,-4.784,-7.508,1.872,0,0
64983,0,-6.07,0.00,-4.281,-7.221,2.059,0,0
65035,0,-6.08,-0.52,-4.228,-7.676,2.423,0,0
65086,0,-6.08,0.00,-4.573,-8.504,2.672,0,0
65138,0,-6.12,0.00,-5.133,-9.227,2.591,0,0
65190,0,-6.14,-0.52,-5.717,-9.735,2.274,0,0
65241,0,-6.16,-0.52,-5.895,-9.682,1.978,0,0
65293,0,-6.20,-0.52,-5.502,-9.036,1.930,0,0
65343,0,-6.20,0.00,-5.583,-9.290,2.389,0,0
65395,0,-6.21,0.32,-5.013,-8.581,2.638,0,0
65446,0,-6.22,-0.48,-3.654,-6.431,2.121,0,0
65498,0,-6.27,-1.04,-3.371,-6.072,1.820,0,0
65549,0,-6.27,0.30,-4.262,-7.714,1.997,0,0
65601,0,-6.31,0.00,-5.521,-9.749,2.126,0,0
65652,0,-6.32,0.34,-6.421,-10.693,2.284,0,0
65704,0,-6.32,0.00,-5.804,-9.170,2.212,0,0
65754,0,-6.38,-1.09,-4.827,-7.642,2.198,0,0
65804,0,-6.36,0.81,-4.559,-7.618,2.351,0,0
65855,0,-6.40,0.00,-4.760,-8.576,2.643,0,0
65905,0,-6.44,-0.20,-4.985,-9.333,2.643,0,0
65956,0,-6.46,-1.01,-5.114,-9.165,2.298,0,0
66008,0,-6.46,0.00,-4.865,-8.049,1.767,0,0
66059,0,-6.46,0.37,-4.626,-7.269,1.599,0,0
66111,0,-6.49,0.00,-5.076,-8.016,1.810,0,0
66163,0,-6.47,0.30,-5.464,-9.103,2.313,0,0
66213,0,-6.47,0.00,-5.267,-9.309,2.772,0,0
66263,0,-6.49,-0.26,-3.816,-6.809,2.198,0,0
66315,0,-6.50,0.30,-2.969,-5.282,1.638,0,0
66366,0,-6.52,-1.01,-3.505,-6.091,1.633,0,0
66417,0,-6.50,0.86,-4.573,-7.901,1.762,0,0
66468,0,-6.53,-1.04,-5.061,-8.701,1.714,0,0
66520,0,-6.53,-0.52,-4.827,-8.030,1.738,0,0
66572,0,-6.56,-1.01,-4.424,-7.163,1.853,0,0
66623,0,-6.55,0.00,-4.348,-6.996,2.121,0,0
66675,0,-6.59,-0.48,-4.573,-7.752,2.433,0,0
66724,0,-6.62,0.00,-4.664,-8.447,2.500,0,0
66774,0,-6.64,-1.13,-4.487,-8.514,2.207,0,0
66825,0,-6.63,0.36,-4.769,-8.581,2.016,0,0
66875,0,-6.66,0.00,-5.406,-8.887,2.011,0,0
66927,0,-6.68,-1.09,-6.096,-9.462,2.227,0,0
66979,0,-6.72,-1.53,-6.244,-9.883,2.500,0,0
67031,0,-6.71,0.00,-5.866,-10.104,2.892,0,0
67082,0,-6.75,-1.53,-5.746,-10.539,3.290,0,0
67134,0,-6.79,-1.53,-4.717,-8.581,2.638,0,0
67185,0,-6.77,0.30,-3.515,-6.019,1.614,0,0
67237,0,-6.81,-1.53,-3.280,-5.444,1.211,0,0
67288,0,-6.79,0.00,-4.295,-7.135,1.245,0,0
67339,0,-6.82,-1.00,-5.626,-9.419,1.676,0,0
67390,0,-6.82,-1.00,-6.675,-11.076,2.600,0,0
67442,0,-6.85,-1.04,-6.196,-10.104,3.280,0,0
67494,0,-6.83,0.00,-4.755,-7.977,2.854,0,0
67545,0,-6.83,0.71,-3.778,-6.776,2.222,0,0
67597,0,-6.83,0.00,-3.826,-7.389,1.930,0,0
67648,0,-6.86,-0.52,-4.515,-8.595,1.772,0,0
67700,0,-6.89,-1.00,-5.358,-9.136,1.753,0,0
67750,0,-6.90,0.00,-5.823,-8.849,1.925,0,0
67800,0,-6.93,-0.56,-5.641,-8.255,2.193,0,0
67851,0,-6.94,-0.56,-4.616,-7.408,2.179,0,0
67901,0,-6.92,0.00,-3.668,-6.613,2.121,0,0
67951,0,-6.95,-1.04,-2.935,-5.923,1.829,0,0
68003,0,-6.96,-0.48,-3.486,-7.068,2.040,0,0
68054,0,-6.98,-1.00,-6.258,-11.066,2.854,0,0
68106,0,-7.01,-1.00,-7.020,-10.889,2.409,0,0
68157,0,-7.04,0.00,-5.531,-8.375,1.738,0,0
68208,0,-7.01,0.86,-3.840,-6.134,1.384,0,0
68259,0,-7.03,-1.00,-2.643,-4.669,1.207,0,0
68313,0,-7.07,-0.57,-2.528,-4.712,1.422,0,0
68365,0,-7.02,0.82,-3.280,-6.048,1.963,0,0
68415,0,-7.04,-1.00,-4.410,-7.748,2.404,0,0
68467,0,-7.02,0.82,-5.655,-9.452,2.456,0,0
68518,0,-7.03,0.00,-6.211,-10.338,2.260,0,0
68570,0,-7.09,-1.53,-5.851,-9.912,2.097,0,0
68621,0,-7.12,0.00,-5.133,-8.729,2.198,0,0
68673,0,-7.20,-2.21,-4.688,-7.887,2.380,0,0
68722,0,-7.20,-0.19,-4.956,-8.337,2.710,0,0
68773,0,-7.22,0.00,-5.516,-9.673,2.935,0,0
68823,0,-7.25,-0.20,-3.457,-6.464,1.609,0,0
68873,0,-7.28,-1.33,-3.859,-7.288,1.456,0,0
68923,0,-7.30,0.00,-5.842,-10.271,2.054,0,0
68975,0,-7.36,-1.19,-8.073,-12.871,3.012,0,0
69026,0,-7.40,-1.30,-7.202,-11.210,3.270,0,0
69078,0,-7.43,-1.19,-4.357,-7.408,2.380,0,0
69130,0,-7.48,-2.21,-2.796,-5.392,1.714,0,0
69181,0,-7.51,0.00,-3.026,-6.134,1.824,0,0
69233,0,-7.52,-0.15,-4.410,-8.523,2.193,0,0
69283,0,-7.56,-1.53,-6.048,-10.242,2.308,0,0
69335,0,-7.56,0.33,-6.804,-10.309,2.198,0,0
69386,0,-7.54,0.00,-5.976,-9.098,2.116,0,0
69438,0,-7.58,-2.05,-4.673,-7.748,2.069,0,0
69489,0,-7.61,-1.00,-3.907,-7.173,2.198,0,0
69541,0,-7.67,-1.04,-3.864,-7.293,2.409,0,0
69592,0,-7.66,0.33,-4.262,-7.781,2.409,0,0
69644,0,-7.67,0.00,-3.922,-6.613,1.776,0,0
69696,0,-7.69,0.33,-5.090,-8.159,1.776,0,0
69745,0,-7.72,0.00,-4.180,-6.823,1.322,0,0
69796,0,-7.72,-1.08,-4.372,-7.216,1.470,0,0
69846,0,-7.75,-1.09,-4.990,-8.265,2.078,0,0
69897,0,-7.78,0.00,-5.756,-9.448,2.988,0,0
69948,0,-7.80,-1.09,-5.176,-8.825,3.031,0,0
70000,0,-7.79,0.33,-3.582,-6.555,2.040,0,0
70051,0,-7.81,0.00,-2.557,-4.985,1.302,0,0
70103,0,-7.81,0.30,-2.969,-5.775,1.211,0,0
70154,0,-7.85,0.00,-4.492,-8.198,1.532,0,0
70205,0,-7.87,-0.82,-6.177,-9.950,2.069,0,0
70256,0,-7.92,0.00,-6.723,-10.075,2.624,0,0
70308,0,-7.99,-2.05,-6.029,-9.524,2.940,0,0
70358,0,-8.00,-0.15,-4.951,-9.036,2.959,0,0
70409,0,-8.02,-0.76,-4.535,-9.194,2.907,0,0
70460,0,-8.05,-1.00,-4.999,-9.725,2.777,0,0
70511,0,-8.06,-0.71,-6.048,-10.123,2.447,0,0
70563,0,-8.09,-0.19,-6.895,-10.506,2.217,0,0
70614,0,-8.09,-0.20,-5.770,-9.007,1.901,0,0
70666,0,-8.13,0.00,-4.027,-6.881,1.695,0,0
70715,0,-8.17,-1.00,-3.275,-5.990,1.800,0,0
70766,0,-8.16,0.40,-3.553,-6.531,2.217,0,0
70816,0,-8.19,0.00,-4.712,-8.303,2.792,0,0
70866,0,-8.22,-1.09,-5.703,-9.744,2.739,0,0
70918,0,-8.21,0.32,-5.933,-10.175,2.160,0,0
70970,0,-8.25,0.00,-5.689,-9.725,1.839,0,0
71021,0,-8.27,0.30,-5.104,-8.480,1.920,0,0
71073,0,-8.29,0.00,-4.496,-7.207,2.078,0,0
71125,0,-8.33,-0.48,-4.204,-6.761,2.246,0,0
71176,0,-8.34,-0.52,-4.448,-7.599,2.471,0,0
71228,0,-8.35,0.00,-4.793,-8.878,2.576,0,0
71279,0,-8.37,-0.52,-5.171,-9.802,2.370,0,0
71330,0,-8.38,-0.52,-5.420,-9.486,2.145,0,0
71381,0,-8.41,-1.00,-5.626,-8.887,2.073,0,0
71433,0,-8.41,0.86,-5.076,-7.867,1.887,0,0
71484,0,-8.43,-0.60,-3.601,-5.775,1.575,0,0
71536,0,-8.44,0.00,-3.026,-5.425,1.523,0,0
71588,0,-8.46,-1.04,-3.203,-6.220,1.791,0,0
71639,0,-8.44,0.86,-3.792,-7.259,2.093,0,0
71691,0,-8.49,-1.04,-4.468,-7.925,2.150,0,0
71741,0,-8.49,0.28,-5.181,-8.413,2.016,0,0
71791,0,-8.52,0.00,-5.564,-8.897,1.949,0,0
71841,0,-8.55,-1.09,-5.626,-9.333,2.040,0,0
71892,0,-8.55,-0.20,-5.334,-9.309,2.370,0,0
71943,0,-8.54,0.00,-4.918,-8.657,2.619,0,0
71995,0,-8.58,-1.04,-4.693,-8.088,2.662,0,0
72047,0,-8.55,0.86,-4.860,-8.322,2.490,0,0
72098,0,-8.59,-1.49,-5.176,-9.050,2.227,0,0
72150,0,-8.59,-0.19,-5.239,-9.294,1.944,0,0
72201,0,-8.58,0.00,-5.080,-8.772,1.906,0,0
72252,0,-8.58,0.22,-4.774,-7.815,1.963,0,0
72303,0,-8.57,0.00,-4.420,-6.986,2.016,0,0
72355,0,-8.60,-1.49,-4.238,-6.905,2.088,0,0
72406,0,-8.58,0.25,-4.544,-7.977,2.346,0,0
72457,0,-8.57,0.36,-4.961,-9.280,2.519,0,0
72508,0,-8.60,-1.00,-5.176,-9.481,2.394,0,0
72559,0,-8.59,0.00,-4.927,-8.255,2.045,0,0
72611,0,-8.61,-1.53,-4.429,-6.886,1.671,0,0
72662,0,-8.64,-1.13,-4.238,-6.512,1.609,0,0
72714,0,-8.67,0.00,-3.812,-6.297,1.528,0,0
72764,0,-8.72,-1.09,-2.964,-4.865,1.508,0,0
72815,0,-8.70,0.88,-2.418,-4.329,1.312,0,0
72865,0,-8.71,0.00,-2.940,-5.387,1.547,0,0
72915,0,-8.77,-1.09,-3.591,-6.220,1.748,0,0
72967,0,-8.80,0.00,-5.636,-9.079,2.705,0,0
73018,0,-8.80,-0.52,-7.709,-12.814,3.247,0,0
73070,0,-8.82,-0.52,-11.119,-19.541,4.865,0,0
73122,0,-8.88,0.00,-9.874,-17.353,5.243,0,0
73173,0,-8.93,-1.45,-6.412,-11.061,3.883,0,0
73225,0,-8.94,0.00,-2.873,-5.167,1.767,0,0
73276,0,-8.96,-0.52,-1.279,-2.495,0.713,0,0
73328,0,-8.99,-1.30,-3.045,-5.962,1.384,0,0
73379,0,-8.99,0.00,-4.889,-9.266,1.829,0,0
73430,0,-8.98,0.48,-6.632,-10.898,2.500,0,0
73481,0,-9.01,0.00,-5.526,-8.384,2.409,0,0
73533,0,-9.01,0.00,-6.057,-9.385,3.127,0,0
73584,0,-9.06,0.00,-4.616,-8.485,2.796,0,0
73636,0,-9.06,0.00,-4.219,-8.906,2.777,0,0
73688,0,-9.08,0.00,-3.515,-7.154,2.002,0,0
73737,0,-9.09,-0.52,-3.773,-6.531,1.690,0,0
73788,0,-9.11,-0.56,-3.472,-5.363,1.255,0,0
73838,0,-9.12,0.00,-3.941,-5.497,1.231,0,0
73888,0,-9.14,-1.09,-4.554,-7.154,1.288,0,0
73940,0,-9.15,-0.52,-4.980,-9.026,1.930,0,0
73991,0,-9.14,0.00,-3.347,-6.412,1.863,0,0
74043,0,-9.18,-0.52,-4.463,-8.121,3.074,0,0
74094,0,-9.16,0.00,-6.589,-11.162,4.295,0,0
74146,0,-9.22,-1.00,-7.671,-13.336,3.816,0,0
74219,0,-9.25,-0.67,-4.812,-9.385,1.662,0,0
74269,0,-9.25,0.00,-4.017,-7.331,1.465,0,0
74320,0,-9.27,0.26,-4.707,-7.566,2.064,0,0
74372,0,-9.30,0.00,-5.286,-7.968,2.662,0,0
74424,0,-9.31,0.33,-4.290,-6.972,2.404,0,0
74475,0,-9.34,-1.04,-4.132,-7.954,2.442,0,0
74527,0,-9.33,0.00,-4.099,-8.701,2.337,0,0
74578,0,-9.33,0.92,-4.611,-8.959,2.155,0,0
74630,0,-9.31,0.00,-5.444,-8.811,2.145,0,0
74681,0,-9.35,-1.00,-5.655,-8.217,2.131,0,0
74733,0,-9.33,0.88,-4.942,-7.412,1.978,0,0
74784,0,-9.34,0.00,-4.271,-7.379,2.078,0,0
74834,0,-9.34,0.00,-4.061,-8.131,2.571,0,0
74885,0,-9.34,0.00,-4.401,-8.887,2.945,0,0
74935,0,-9.34,0.00,-5.004,-8.811,2.840,0,0
74984,0,-9.34,0.00,-5.277,-8.413,2.303,0,0
75036,0,-9.34,0.00,-4.899,-7.714,1.714,0,0
75088,0,-9.36,-0.56,-4.319,-7.302,1.417,0,0
75139,0,-9.36,0.00,-4.501,-8.112,1.767,0,0
75191,0,-9.36,0.00,-5.157,-9.175,2.662,0,0
75241,0,-9.35,0.33,-4.664,-7.829,2.796,0,0
75293,0,-9.37,0.00,-3.572,-5.880,2.184,0,0
75344,0,-9.40,-0.52,-3.361,-5.866,1.786,0,0
75396,0,-9.38,0.00,-4.348,-6.081,2.801,0,0
75447,0,-9.39,0.86,-12.067,-10.218,-0.469,0,0
75499,0,-9.41,-1.04,-10.855,-6.948,-4.606,0,0
75551,0,-9.42,0.30,-7.460,-5.325,-3.486,0,0
75602,0,-9.43,-0.48,-6.919,-5.593,-3.409,0,0
75654,0,-9.41,0.00,-7.302,-7.709,-3.428,0,0
75705,0,-9.39,0.86,-5.162,-7.403,-0.709,0,0
75755,0,-9.40,0.00,-5.085,-7.417,1.599,0,0
75806,0,-9.42,-0.56,-6.206,-7.149,2.021,0,0
75856,0,-9.43,-0.56,-5.607,-7.283,1.207,0,0
75906,0,-9.44,0.00,-5.674,-7.958,0.259,0,0
75957,0,-9.42,0.00,-6.048,-7.901,-1.006,0,0
76007,0,-9.43,-0.56,-7.235,-7.791,-0.953,0,0
76059,0,-9.45,0.00,-6.847,-7.154,-0.618,0,0
76111,0,-9.48,-0.52,-6.407,-7.427,-0.239,0,0
76162,0,-9.48,0.00,-5.488,-7.896,0.464,0,0
76214,0,-9.49,0.00,-5.612,-7.508,0.579,0,0
76264,0,-9.47,0.44,-5.751,-7.537,0.388,0,0
76316,0,-9.47,0.00,-6.019,-7.633,-0.192,0,0
76367,0,-9.46,-0.52,-6.124,-7.786,-0.603,0,0
76418,0,-9.46,0.00,-6.325,-7.460,-0.263,0,0
76469,0,-9.44,-0.48,-6.072,-7.685,-0.335,0,0
76521,0,-9.45,-0.48,-6.086,-7.628,-0.129,0,0
76572,0,-9.44,0.71,-6.000,-7.513,0.163,0,0
76624,0,-9.46,-0.48,-5.875,-7.614,0.139,0,0
76676,0,-9.47,0.00,-6.091,-7.657,-0.067,0,0
76727,0,-9.48,0.33,-5.995,-7.594,0.062,0,0
76778,0,-9.49,-0.56,-5.995,-7.642,0.024,0,0
76828,0,-9.52,0.00,-5.995,-7.609,0.062,0,0
76879,0,-9.51,-1.09,-5.966,-7.618,0.053,0,0
76929,0,-9.50,0.35,-5.914,-7.590,0.000,0,0
76979,0,-9.51,0.00,-6.072,-7.642,-0.345,0,0
77029,0,-9.50,-0.52,-6.249,-7.575,-0.431,0,0
77081,0,-9.48,0.78,-6.282,-7.503,-0.417,0,0
77133,0,-9.49,0.78,-6.167,-7.527,-0.326,0,0
77184,0,-9.46,0.92,-6.053,-7.561,-0.220,0,0
77236,0,-9.49,0.00,-6.014,-7.556,-0.201,0,0
77287,0,-9.48,-0.52,-6.134,-7.547,-0.283,0,0
77339,0,-9.51,-1.00,-6.129,-7.518,-0.273,0,0
77390,0,-9.51,-0.52,-6.076,-7.551,-0.235,0,0
77441,0,-9.51,0.00,-6.120,-7.527,-0.249,0,0
77492,0,-9.50,-0.52,-6.158,-7.527,-0.273,0,0
77544,0,-9.49,0.33,-6.201,-7.527,-0.330,0,0
77596,0,-9.46,1.34,-6.172,-7.503,-0.297,0,0
77647,0,-9.46,0.00,-6.096,-7.527,-0.273,0,0
77699,0,-9.49,0.00,-6.105,-7.527,-0.254,0,0
77749,0,-9.48,-0.56,-6.153,-7.513,-0.316,0,0
77799,0,-9.50,-0.50,-6.144,-7.513,-0.292,0,0
77849,0,-9.51,0.00,-6.134,-7.532,-0.263,0,0
77899,0,-9.52,0.92,-6.139,-7.527,-0.273,0,0
77951,0,-9.53,-0.52,-6.129,-7.556,-0.263,0,0
78003,0,-9.52,0.86,-6.124,-7.537,-0.278,0,0
78054,0,-9.54,-0.60,-6.096,-7.532,-0.244,0,0
78106,0,-9.55,0.00,-6.072,-7.542,-0.235,0,0
78157,0,-9.53,-0.52,-6.105,-7.556,-0.244,0,0
78209,0,-9.52,1.23,-6.120,-7.547,-0.254,0,0
78260,0,-9.56,-0.52,-6.124,-7.547,-0.259,0,0
78314,0,-9.55,0.17,-6.072,-7.575,-0.249,0,0
78366,0,-9.57,0.00,-6.067,-7.585,-0.235,0,0
78418,0,-9.54,0.78,-6.072,-7.556,-0.201,0,0
78468,0,-9.54,0.00,-6.105,-7.570,-0.230,0,0
78520,0,-9.54,0.82,-6.091,-7.570,-0.239,0,0
78571,0,-9.57,0.00,-6.076,-7.566,-0.230,0,0
78623,0,-9.57,-1.00,-6.072,-7.570,-0.187,0,0
78674,0,-9.56,0.30,-6.062,-7.556,-0.239,0,0
78734,0,-9.57,0.16,-6.076,-7.422,-0.144,0,0
78785,0,-9.60,0.00,-6.062,-7.532,-0.129,0,0
78835,0,-8.11,27.98,-6.076,-7.580,-0.201,0,0
78886,0,-7.45,26.25,-6.325,-7.436,-0.426,0,0
78936,0,-6.87,21.70,-6.282,-7.446,-0.393,0,0
78988,0,-6.33,0.00,-6.196,-7.518,-0.311,0,0
79039,0,-5.29,18.39,-5.986,-7.604,-0.225,0,0
79091,0,-4.86,15.82,-5.986,-7.585,-0.072,0,0
79142,0,-4.37,0.00,-5.981,-7.609,-0.067,0,0
79194,0,-5.03,-11.13,-6.005,-7.657,-0.158,0,0
79246,0,-5.30,0.00,-6.120,-7.575,-0.192,0,0
79297,0,-5.82,-9.90,-6.110,-7.590,-0.235,0,0
79349,0,-6.05,-9.13,-6.053,-7.585,-0.163,0,0
79400,0,-6.24,0.00,-6.005,-7.594,-0.134,0,0
79452,0,-6.63,-7.15,-6.076,-7.604,-0.206,0,0
79503,0,-6.79,0.00,-6.072,-7.599,-0.211,0,0
79555,0,-7.17,-6.36,-6.038,-7.575,-0.177,0,0
79607,0,-7.30,-4.95,-6.038,-7.594,-0.177,0,0
79657,0,-7.44,-5.06,-6.029,-7.618,-0.182,0,0
79709,0,-7.56,0.00,-6.057,-7.556,-0.230,0,0
79759,0,-7.79,-5.43,-6.139,-7.513,-0.249,0,0
79809,0,-7.90,-4.02,-6.201,-7.460,-0.378,0,0
79859,0,-8.01,0.00,-6.258,-7.460,-0.383,0,0
79913,0,-8.18,0.00,-6.278,-7.436,-0.417,0,0
79963,0,-8.26,-2.87,-6.220,-7.446,-0.350,0,0
80015,0,-8.34,0.00,-6.187,-7.465,-0.369,0,0
80066,0,-8.47,-2.38,-6.201,-7.446,-0.340,0,0
80118,0,-8.51,-1.53,-6.201,-7.451,-0.326,0,0
80169,0,-8.64,-2.05,-6.206,-7.451,-0.354,0,0
80221,0,-8.72,-3.09,-6.239,-7.470,-0.350,0,0
80272,0,-8.77,0.00,-6.225,-7.475,-0.354,0,0
80324,0,-8.86,-1.53,-6.211,-7.460,-0.350,0,0
80374,0,-8.90,-0.69,-6.196,-7.470,-0.354,0,0
80426,0,-9.00,-1.97,-6.167,-7.503,-0.297,0,0
80476,0,-9.04,-1.23,-6.153,-7.518,-0.292,0,0
80528,0,-9.09,-2.05,-6.139,-7.523,-0.273,0,0
80579,0,-9.15,0.00,-6.134,-7.508,-0.278,0,0
80631,0,-9.22,-2.05,-6.144,-7.537,-0.283,0,0
80682,0,-9.25,-1.00,-6.134,-7.523,-0.287,0,0
80734,0,-9.35,-2.17,-6.115,-7.513,-0.273,0,0
80785,0,-9.35,-0.20,-6.158,-7.537,-0.263,0,0
80835,0,-9.41,0.00,-6.129,-7.542,-0.263,0,0
80886,0,-9.45,-1.65,-6.134,-7.527,-0.263,0,0
80937,0,-9.44,0.33,-6.129,-7.523,-0.278,0,0
80989,0,-9.50,0.00,-6.129,-7.537,-0.259,0,0
81040,0,-9.52,-1.65,-6.115,-7.542,-0.263,0,0
81092,0,-9.56,-1.53,-6.110,-7.547,-0.230,0,0
81143,0,-9.55,-0.48,-6.048,-7.532,-0.187,0,0
81195,0,-9.56,-0.48,-6.129,-7.537,-0.249,0,0
81247,0,-9.55,0.00,-6.139,-7.551,-0.254,0,0
81298,0,-9.55,0.74,-6.124,-7.537,-0.263,0,0
81350,0,-9.58,0.00,-6.105,-7.547,-0.220,0,0
81400,0,-9.59,-0.52,-6.110,-7.537,-0.244,0,0
81452,0,-9.62,0.00,-6.110,-7.532,-0.259,0,0
81503,0,-9.61,0.00,-6.110,-7.527,-0.225,0,0
81555,0,-9.62,-0.48,-6.139,-7.542,-0.263,0,0
81606,0,-9.61,0.48,-6.124,-7.547,-0.278,0,0
81658,0,-9.57,1.38,-6.134,-7.556,-0.249,0,0
81710,0,-9.57,0.00,-6.100,-7.542,-0.268,0,0
81760,0,-9.57,0.00,-6.144,-7.556,-0.249,0,0
81810,0,-9.57,0.00,-6.105,-7.556,-0.283,0,0
81861,0,-9.54,0.00,-6.105,-7.547,-0.268,0,0
81910,0,-9.58,-1.00,-6.129,-7.556,-0.254,0,0
81962,0,-9.59,-0.52,-6.134,-7.556,-0.249,0,0
82013,0,-9.58,-0.48,-6.091,-7.556,-0.254,0,0
82065,0,-9.58,0.00,-6.086,-7.551,-0.268,0,0
82116,0,-9.58,0.00,-6.115,-7.547,-0.225,0,0
82168,0,-9.57,0.00,-6.120,-7.532,-0.230,0,0
82220,0,-9.52,0.00,-6.105,-7.542,-0.230,0,0
82270,0,-9.50,0.52,-6.100,-7.547,-0.239,0,0
82322,0,-9.52,0.00,-6.110,-7.542,-0.254,0,0
82373,0,-9.49,0.52,-6.096,-7.570,-0.254,0,0
82425,0,-9.46,0.38,-6.091,-7.551,-0.230,0,0
82476,0,-9.45,0.56,-6.100,-7.556,-0.254,0,0
82528,0,-9.42,0.00,-6.115,-7.551,-0.244,0,0
85148,0,-0.08,3.60,-6.124,-7.561,-0.259,0,0
85200,0,-0.10,-0.58,-6.091,-7.547,-0.235,0,0
85251,0,-0.10,0.00,-6.091,-7.556,-0.230,0,0
85303,0,-0.10,0.00,-6.148,-7.523,-0.278,0,0
85354,0,-0.10,0.00,-6.158,-7.527,-0.259,0,0
85406,0,-0.14,0.00,-6.115,-7.532,-0.263,0,0
85458,0,-0.14,0.00,-6.076,-7.556,-0.225,0,0
85509,0,-0.14,0.00,-6.120,-7.556,-0.215,0,0
85561,0,-0.12,0.00,-6.115,-7.551,-0.268,0,0
85611,0,-0.12,0.00,-6.144,-7.532,-0.292,0,0
85663,0,-0.15,0.00,-6.076,-7.494,-0.230,0,0
85714,0,-0.13,0.52,-6.120,-7.494,-0.283,0,0
85765,0,-0.11,1.45,-6.225,-7.446,-0.388,0,0
85815,0,-0.12,-0.56,-6.340,-7.389,-0.479,0,0
85865,0,-0.14,0.00,-6.388,-7.379,-0.488,0,0
85917,0,-0.14,-0.52,-6.263,-7.427,-0.412,0,0
85969,0,-0.13,0.30,-6.211,-7.451,-0.373,0,0
86021,0,-0.14,0.00,-6.172,-7.475,-0.330,0,0
86072,0,-0.20,-1.08,-6.153,-7.465,-0.287,0,0
86124,0,-0.19,0.00,-6.201,-7.456,-0.330,0,0
86175,0,-0.19,0.32,-6.249,-7.451,-0.373,0,0
86227,0,-0.22,-1.04,-6.191,-7.465,-0.335,0,0
86278,0,-0.21,0.00,-6.191,-7.479,-0.330,0,0
86330,0,-0.22,0.82,-6.215,-7.465,-0.373,0,0
86386,0,-0.21,0.06,-6.220,-7.479,-0.340,0,0
86437,0,-0.21,0.00,-6.182,-7.460,-0.311,0,0
86488,0,0.50,26.45,-6.191,-7.470,-0.326,0,0
86540,0,1.16,24.60,-6.211,-7.479,-0.350,0,0
86591,0,1.81,0.00,-6.187,-7.475,-0.306,0,0
86643,0,2.99,20.57,-6.191,-7.475,-0.330,0,0
86695,0,3.52,0.00,-6.187,-7.475,-0.359,0,0
86745,0,4.42,18.97,-6.191,-7.475,-0.354,0,0
86795,0,4.12,-12.03,-6.191,-7.475,-0.350,0,0
86845,0,3.87,0.00,-6.196,-7.484,-0.326,0,0
86895,0,3.39,-9.72,-6.201,-7.479,-0.330,0,0
86947,0,3.15,-8.57,-6.187,-7.465,-0.326,0,0
86998,0,2.93,0.00,-6.191,-7.489,-0.340,0,0
87050,0,2.56,-7.10,-6.182,-7.470,-0.330,0,0
87102,0,2.36,0.00,-6.187,-7.475,-0.345,0,0
87153,0,2.06,-6.37,-6.220,-7.484,-0.345,0,0
87205,0,1.94,-4.45,-6.201,-7.451,-0.345,0,0
87256,0,1.76,-3.66,-6.187,-7.475,-0.316,0,0
87308,0,1.56,-3.22,-6.191,-7.460,-0.340,0,0
87358,0,1.44,-4.53,-6.201,-7.470,-0.316,0,0
87410,0,1.35,-3.18,-6.182,-7.484,-0.321,0,0
87461,0,1.26,0.00,-6.163,-7.499,-0.268,0,0
87513,0,1.06,-3.69,-6.167,-7.499,-0.316,0,0
87564,0,0.97,0.00,-6.167,-7.508,-0.330,0,0
87616,0,0.82,-1.95,-6.163,-7.499,-0.306,0,0
87667,0,0.72,-3.71,-6.148,-7.503,-0.321,0,0
87719,0,0.71,0.00,-6.158,-7.484,-0.330,0,0
87769,0,0.58,-2.51,-6.182,-7.513,-0.340,0,0
87820,0,0.53,-2.03,-6.148,-7.499,-0.311,0,0
87870,0,0.47,0.00,-6.139,-7.503,-0.302,0,0
87922,0,0.39,-2.55,-6.148,-7.499,-0.321,0,0
87974,0,0.36,0.00,-6.167,-7.499,-0.297,0,0
88026,0,0.32,-1.23,-6.158,-7.503,-0.321,0,0
88077,0,0.30,-0.52,-6.167,-7.523,-0.316,0,0
88129,0,0.25,0.00,-6.148,-7.494,-0.278,0,0
88180,0,0.23,-0.54,-6.172,-7.503,-0.311,0,0
88232,0,0.23,0.00,-6.177,-7.508,-0.292,0,0
88284,0,0.15,-2.40,-6.148,-7.489,-0.292,0,0
88334,0,0.15,0.00,-6.144,-7.503,-0.263,0,0
88385,0,0.15,0.00,-6.129,-7.499,-0.283,0,0
88437,0,0.14,0.00,-6.158,-7.513,-0.278,0,0
88489,0,0.14,0.00,-6.148,-7.503,-0.316,0,0
88540,0,0.11,-0.86,-6.167,-7.508,-0.292,0,0
88592,0,0.10,-0.48,-6.153,-7.494,-0.235,0,0
88643,0,0.10,0.00,-6.120,-7.518,-0.283,0,0
88695,0,0.06,0.00,-6.144,-7.518,-0.283,0,0
88745,0,0.05,-0.56,-6.139,-7.518,-0.287,0,0
88795,0,0.05,0.00,-6.153,-7.513,-0.254,0,0
88845,0,0.01,0.00,-6.134,-7.518,-0.287,0,0
88896,0,-0.02,-0.56,-6.163,-7.537,-0.278,0,0
88947,0,-0.00,0.52,-6.167,-7.532,-0.316,0,0
88999,0,-0.02,0.00,-6.134,-7.518,-0.268,0,0
89051,0,-0.05,0.00,-6.096,-7.523,-0.244,0,0
89102,0,-0.04,0.00,-6.158,-7.523,-0.311,0,0
89154,0,-0.05,0.00,-6.177,-7.513,-0.278,0,0
89204,0,-0.05,0.00,-6.120,-7.527,-0.283,0,0
89256,0,-0.04,0.56,-6.144,-7.527,-0.278,0,0
89306,0,-0.06,-0.32,-6.148,-7.523,-0.268,0,0
89358,0,-0.05,0.52,-6.177,-7.532,-0.287,0,0
89408,0,-0.05,0.00,-6.120,-7.523,-0.244,0,0
89459,0,-0.05,0.00,-6.115,-7.542,-0.239,0,0
89511,0,-0.03,0.56,-6.100,-7.537,-0.239,0,0
89563,0,-0.05,-0.52,-6.139,-7.518,-0.278,0,0
89614,0,-0.08,0.00,-6.134,-7.532,-0.278,0,0
89666,0,-0.05,1.34,-6.129,-7.523,-0.244,0,0
89718,0,-0.08,0.00,-6.129,-7.532,-0.263,0,0
89768,0,-0.05,1.45,-6.129,-7.508,-0.283,0,0
89818,0,-0.05,0.00,-6.139,-7.518,-0.302,0,0
89869,0,-0.08,0.00,-6.124,-7.537,-0.244,0,0
89919,0,-0.02,1.09,-6.139,-7.532,-0.302,0,0
89969,0,-0.01,0.56,-6.115,-7.527,-0.254,0,0
90021,0,-0.04,0.00,-6.120,-7.542,-0.239,0,0
90073,0,-0.06,-1.27,-6.134,-7.523,-0.268,0,0
90124,0,-0.05,0.52,-6.134,-7.523,-0.254,0,0
90176,0,-0.02,0.00,-6.139,-7.547,-0.244,0,0
90227,0,-0.02,-0.34,-6.139,-7.537,-0.263,0,0
90279,0,-0.02,0.00,-6.129,-7.527,-0.273,0,0
90331,0,0.03,1.09,-6.124,-7.518,-0.244,0,0
90382,0,0.00,-0.80,-6.129,-7.542,-0.259,0,0
90434,0,0.01,-0.30,-6.139,-7.551,-0.278,0,0
90484,0,0.01,0.00,-6.134,-7.537,-0.263,0,0
90536,0,0.01,0.54,-6.144,-7.551,-0.259,0,0
90587,0,-0.01,-0.86,-6.139,-7.532,-0.249,0,0
90639,0,-0.00,-0.34,-6.110,-7.537,-0.273,0,0
90690,0,0.01,0.50,-6.134,-7.532,-0.254,0,0
90740,0,-0.01,0.00,-6.129,-7.527,-0.273,0,0
90790,0,-0.01,-0.78,-6.134,-7.518,-0.297,0,0
90841,0,0.02,1.09,-6.129,-7.547,-0.268,0,0
90891,0,0.00,0.00,-6.139,-7.537,-0.297,0,0
90942,0,0.01,0.56,-6.134,-7.542,-0.230,0,0
90991,0,-0.00,-0.38,-6.110,-7.542,-0.263,0,0
91043,0,-0.03,0.00,-6.120,-7.547,-0.283,0,0
91094,0,-0.01,-0.30,-6.129,-7.547,-0.259,0,0
91146,0,0.01,0.00,-6.129,-7.537,-0.287,0,0
91195,0,0.01,-0.34,-6.120,-7.547,-0.263,0,0
91247,0,0.03,0.54,-6.144,-7.547,-0.254,0,0
91297,0,0.00,-0.84,-6.129,-7.518,-0.268,0,0
91350,0,-0.01,-0.11,-6.134,-7.532,-0.254,0,0
91402,0,0.02,1.01,-6.144,-7.537,-0.259,0,0
91453,0,0.03,0.50,-6.158,-7.537,-0.259,0,0
91504,0,0.03,0.00,-6.129,-7.542,-0.230,0,0
91555,0,0.01,0.52,-6.115,-7.547,-0.259,0,0
91607,0,0.02,0.47,-6.134,-7.547,-0.273,0,0
91659,0,0.01,0.00,-6.124,-7.542,-0.239,0,0
91710,0,0.00,-0.84,-6.129,-7.542,-0.244,0,0
91760,0,0.02,0.00,-6.144,-7.537,-0.244,0,0
91811,0,0.01,-0.36,-6.115,-7.547,-0.278,0,0
91861,0,0.01,0.00,-6.120,-7.537,-0.249,0,0
91912,0,0.01,0.00,-6.129,-7.537,-0.278,0,0
91961,0,0.05,-0.34,-6.124,-7.547,-0.244,0,0
92013,0,0.09,1.51,-6.110,-7.532,-0.239,0,0
92065,0,0.12,1.55,-6.134,-7.532,-0.235,0,0
92116,0,0.09,0.32,-6.139,-7.542,-0.273,0,0
92168,0,0.12,0.00,-6.153,-7.532,-0.268,0,0
92219,0,0.11,0.52,-6.124,-7.551,-0.254,0,0
92271,0,0.10,-0.34,-6.115,-7.523,-0.283,0,0
92322,0,0.11,-0.91,-6.129,-7.523,-0.263,0,0
92373,0,0.11,0.00,-6.134,-7.537,-0.220,0,0
92424,0,0.07,-0.80,-6.129,-7.523,-0.254,0,0
92476,0,0.07,-0.34,-6.124,-7.513,-0.287,0,0
92527,0,0.11,0.19,-6.153,-7.532,-0.273,0,0
92579,0,0.15,1.53,-6.129,-7.547,-0.259,0,0
92630,0,0.14,0.00,-6.110,-7.532,-0.263,0,0
92682,0,0.14,0.19,-6.100,-7.551,-0.239,0,0
92732,0,0.17,1.09,-6.105,-7.547,-0.225,0,0
92782,0,0.17,0.00,-6.110,-7.556,-0.254,0,0
92832,0,0.19,1.03,-6.144,-7.594,-0.297,0,0
92883,0,0.20,0.24,-6.373,-7.757,-0.584,0,0
92933,0,0.22,0.00,-6.886,-8.485,-0.594,0,0
92984,0,0.21,-0.88,-8.466,-11.320,1.073,0,0
93036,0,0.18,0.00,-8.787,-14.413,4.683,0,0
93087,0,0.21,-0.22,-7.159,-16.290,8.629,0,0
93139,0,0.18,-0.82,-7.178,-16.989,8.274,0,0
93190,0,0.21,0.00,-7.403,-12.445,3.539,0,0
93241,0,0.22,0.19,-4.166,-5.703,0.752,0,0
93292,0,0.25,-0.32,-4.774,-5.756,0.326,0,0
93344,0,0.28,1.02,-7.298,-9.160,0.345,0,0
93393,0,0.36,1.22,-6.953,-11.219,1.709,0,0
93445,0,0.40,0.00,-4.017,-9.290,3.922,0,0
93497,0,0.45,1.55,-2.011,-5.966,4.171,0,0
93547,0,0.45,0.00,-1.470,-3.955,3.108,0,0
93598,0,0.56,2.05,-2.375,-4.750,3.098,0,0
93650,0,0.57,0.70,-4.597,-7.690,2.835,0,0
93702,0,0.67,2.03,-5.880,-9.237,1.298,0,0
93752,0,0.72,2.21,-2.753,-4.889,-0.062,0,0
93802,0,0.77,0.00,-3.500,-5.698,0.172,0,0
93852,0,0.81,1.59,-7.503,-11.382,0.943,0,0
93902,0,0.84,1.29,-9.380,-14.820,4.918,0,0
93954,0,0.90,0.00,-6.934,-13.599,7.786,0,0
94003,0,0.97,0.71,-2.988,-8.088,4.721,0,0
94055,0,1.04,2.57,-0.579,-2.356,1.039,0,0
94106,0,1.12,1.71,-0.038,-0.910,0.287,0,0
94158,0,1.19,2.55,-0.986,-2.255,0.211,0,0
94209,0,1.22,0.00,-3.328,-5.464,-0.053,0,0
94261,0,1.34,1.83,-6.100,-8.509,0.014,0,0
94313,0,1.37,1.23,-7.077,-9.026,1.298,0,0
94363,0,1.43,2.05,-7.657,-11.588,4.855,0,0
94414,0,1.45,0.00,-6.124,-14.365,8.322,0,0
94466,0,1.55,0.72,-4.774,-13.724,6.584,0,0
94518,0,1.58,1.21,-4.482,-8.595,2.322,0,0
94569,0,1.67,1.21,-0.781,-1.614,2.519,0,0
94621,0,1.74,2.55,-0.991,-2.140,1.077,0,0
94672,0,1.76,0.00,-1.188,-3.256,1.015,0,0
94724,0,1.85,1.53,-1.700,-5.349,1.642,0,0
94775,0,1.89,1.63,-3.055,-6.292,1.915,0,0
94825,0,1.95,0.00,-5.200,-7.010,2.442,0,0
94875,0,2.05,2.19,-11.267,-13.867,5.095,0,0
94927,0,2.10,2.01,-10.903,-19.537,5.195,0,0
94979,0,2.16,2.01,-7.891,-15.850,4.707,0,0
95030,0,2.23,2.55,-5.052,-7.087,3.687,0,0
95082,0,2.28,0.00,-1.638,-2.131,1.417,0,0
95133,0,2.34,1.53,-0.757,-1.092,0.747,0,0
95221,0,2.42,0.82,-3.984,-7.178,3.132,0,0
95273,0,2.51,2.05,-4.027,-9.955,2.974,0,0
95323,0,2.51,0.00,-1.494,-5.866,1.393,0,0
95375,0,2.62,2.15,-2.270,-8.006,2.255,0,0
95426,0,2.64,0.75,-6.172,-12.957,5.037,0,0
95478,0,2.73,0.73,-9.922,-14.906,7.298,0,0
95529,0,2.77,1.49,-6.598,-10.913,4.238,0,0
95581,0,2.80,0.00,-1.714,-4.166,1.030,0,0
95632,0,2.89,2.05,-0.316,-1.508,0.273,0,0
95684,0,2.96,2.57,-0.690,-2.744,0.163,0,0
95736,0,3.04,0.89,-2.389,-6.531,0.259,0,0
95787,0,3.09,2.17,-5.267,-8.950,1.547,0,0
95837,0,3.16,0.00,-6.962,-8.763,3.840,0,0
95887,0,3.25,1.29,-8.581,-11.985,7.211,0,0
95939,0,3.32,2.78,-6.014,-15.596,6.795,0,0
95991,0,3.35,0.00,-4.583,-14.131,3.361,0,0
96042,0,3.45,1.68,-5.315,-8.610,1.700,0,0
96094,0,3.50,2.05,-4.496,-4.803,1.437,0,0
96146,0,3.59,0.69,-3.831,-3.692,1.489,0,0
96197,0,3.66,2.57,-5.148,-5.760,2.327,0,0
96249,0,3.69,0.00,-5.425,-9.845,3.136,0,0
96300,0,3.80,1.35,-1.891,-8.418,2.954,0,0
96351,0,3.80,0.00,-0.441,-3.089,1.221,0,0
96402,0,3.87,0.71,0.010,-0.828,0.431,0,0
96454,0,3.92,0.00,-2.705,-7.163,3.462,0,0
96505,0,3.98,1.49,-10.889,-17.832,7.906,0,0
96557,0,4.05,2.55,-12.081,-17.789,4.932,0,0
96608,0,4.14,1.29,-3.634,-6.795,1.087,0,0
96660,0,4.21,2.53,-0.010,-0.579,0.172,0,0
96712,0,4.27,0.00,0.153,-0.297,0.144,0,0
96762,0,4.34,2.21,-0.512,-2.547,0.254,0,0
96812,0,4.38,1.63,-2.701,-8.815,0.915,0,0
96863,0,4.44,0.00,-7.542,-13.235,3.960,0,0
96913,0,4.50,0.22,-8.265,-10.266,6.009,0,0
96964,0,4.55,1.99,-5.990,-8.638,5.258,0,0
97016,0,4.62,0.69,-4.927,-12.651,4.506,0,0
97067,0,4.67,1.55,-5.741,-16.597,3.304,0,0
97119,0,4.71,0.00,-8.638,-13.130,3.165,0,0
97170,0,4.79,1.53,-5.363,-5.966,2.490,0,0
97221,0,4.79,0.00,-1.949,-2.356,1.274,0,0
97271,0,4.90,1.44,-2.437,-3.419,1.925,0,0
97323,0,5.00,1.63,-4.171,-7.887,3.725,0,0
97375,0,5.03,1.02,-3.414,-9.816,3.515,0,0
97425,0,5.07,1.53,-1.724,-5.468,1.537,0,0
97476,0,5.11,0.00,-0.661,-1.647,0.436,0,0
97528,0,5.18,1.55,-7.422,-12.158,2.504,0,0
97580,0,5.22,1.53,-16.065,-23.243,6.498,0,0
97631,0,5.33,2.07,-7.307,-14.169,5.598,0,0
97683,0,5.38,1.99,-0.283,-1.599,0.867,0,0
97732,0,5.42,0.00,0.235,-0.254,0.287,0,0
97783,0,5.54,2.74,-0.340,-3.261,2.054,0,0
97833,0,5.56,0.72,-2.538,-9.615,5.349,0,0
97883,0,5.62,0.00,-3.845,-6.426,2.883,0,0
97935,0,5.74,2.05,-4.305,-4.243,0.967,0,0
97987,0,5.81,2.55,-15.553,-15.548,1.595,0,0
98038,0,5.94,3.04,-9.400,-18.143,1.571,0,0
98090,0,5.98,1.71,-1.772,-9.376,4.046,0,0
98142,0,6.06,0.00,-1.010,-4.611,4.429,0,0
98193,0,6.16,1.71,-1.949,-3.922,4.999,0,0
98245,0,6.23,2.55,-3.792,-5.095,4.693,0,0
98295,0,6.28,2.01,-5.751,-7.997,2.567,0,0
98347,0,6.34,0.00,-1.911,-4.137,-0.144,0,0
98398,0,6.46,1.99,0.321,-0.043,0.081,0,0
98450,0,6.50,1.55,0.239,-0.297,-0.096,0,0
98501,0,6.61,1.01,-0.666,-22.395,-12.809,0,0
98553,0,6.68,2.87,-24.790,-16.769,9.275,0,0
98605,0,6.72,0.00,-1.982,-0.642,5.818,0,0
98656,0,6.86,1.55,4.381,-1.796,0.134,0,0
98708,0,6.90,0.00,1.188,-0.814,0.034,0,0
98758,0,6.99,1.11,0.297,-0.436,0.072,0,0
98808,0,7.07,3.12,1.030,-3.012,-0.091,0,0
98859,0,7.09,0.00,0.311,-1.015,0.297,0,0
98909,0,7.21,1.63,-7.111,-8.222,17.861,0,0
98960,0,7.24,1.11,-15.936,-17.703,8.983,0,0
99012,0,7.32,0.00,-9.524,-9.184,-5.938,0,0
99063,0,7.39,1.55,0.426,-2.298,-0.397,0,0
99115,0,7.43,1.51,-3.591,-8.001,4.899,0,0
99166,0,7.52,1.99,-5.918,-9.012,8.509,0,0
99217,0,7.52,0.00,-1.915,-2.586,2.365,0,0
99268,0,7.61,1.53,-5.042,-5.928,3.869,0,0
99328,0,7.70,1.20,-4.980,-7.930,2.246,0,0
99380,0,7.74,1.65,-1.173,-3.314,0.417,0,0
99432,0,7.84,2.03,-0.215,-1.911,0.072,0,0
99482,0,7.84,0.00,-3.304,-12.383,-0.196,0,0
99534,0,7.94,2.07,-13.264,-17.746,6.072,0,0
99585,0,7.99,1.99,-8.533,-8.030,7.527,0,0
99637,0,8.10,2.07,-1.087,-1.451,2.083,0,0
99688,0,8.12,2.03,-3.098,-5.842,7.235,0,0
99741,0,8.19,0.00,-2.054,-7.355,4.875,0,0
99791,0,8.28,0.79,-2.643,-9.088,2.365,0,0
99841,0,8.33,2.09,-5.023,-8.825,0.977,0,0
99892,0,8.35,0.00,-4.137,-4.046,0.871,0,0
99943,0,8.49,2.53,-15.802,-10.956,3.342,0,0
99995,0,8.51,0.69,-9.222,-9.950,2.959,0,0
100046,0,8.56,0.00,-2.322,-11.717,6.335,0,0
100098,0,8.65,0.69,0.187,-4.137,3.926,0,0
100149,0,8.70,0.00,-1.939,-6.728,7.920,0,0
100201,0,8.81,2.57,-1.920,-2.203,1.992,0,0
100253,0,8.82,0.67,-5.195,-4.108,2.025,0,0
100304,0,8.91,2.53,-1.274,-1.154,0.005,0,0
100356,0,8.93,0.80,-2.600,-2.461,-0.536,0,0
100406,0,8.99,2.03,-2.768,-3.338,-1.192,0,0
100458,0,9.01,0.76,-1.935,-3.318,-1.274,0,0
100509,0,9.08,0.71,-2.500,-5.918,-1.590,0,0
100561,0,9.14,1.99,-3.519,-8.605,0.618,0,0
100612,0,9.14,0.00,-5.507,-9.740,7.053,0,0
100664,0,9.16,-0.34,-2.203,-3.998,5.617,0,0
100716,0,9.19,1.01,-2.878,-5.918,7.278,0,0
100766,0,9.26,1.07,-5.492,-9.213,4.683,0,0
100816,0,9.25,1.07,-8.710,-10.592,0.948,0,0
100867,0,9.25,0.00,-6.670,-6.551,-0.378,0,0
100916,0,9.31,2.39,-8.016,-7.436,-0.120,0,0
100968,0,9.31,0.00,-6.574,-7.705,1.528,0,0
101019,0,9.31,0.00,-3.692,-8.351,5.057,0,0
101071,0,9.33,-0.50,-0.651,-5.698,5.535,0,0
101122,0,9.36,1.32,-0.618,-5.526,5.478,0,0
101174,0,9.36,-0.56,-3.481,-7.527,5.186,0,0
101226,0,9.40,1.36,-7.642,-8.552,3.117,0,0
101276,0,9.41,0.19,-7.144,-6.527,0.958,0,0
101327,0,9.41,0.00,-7.144,-7.235,0.101,0,0
101379,0,9.40,-0.06,-5.885,-8.356,0.196,0,0
101431,0,9.39,0.00,-3.931,-9.112,2.198,0,0
101482,0,9.37,-1.11,-2.581,-8.174,5.277,0,0
101533,0,9.39,0.86,-2.370,-6.191,6.072,0,0
101584,0,9.36,-1.04,-3.721,-6.349,5.875,0,0
101636,0,9.35,0.00,-6.105,-7.752,4.051,0,0
101687,0,9.34,-0.50,-7.417,-8.734,1.465,0,0
101740,0,9.36,0.84,-6.302,-7.910,-0.043,0,0
101790,0,9.32,-0.52,-5.617,-7.915,0.129,0,0
101840,0,9.29,-1.08,-5.219,-8.255,1.997,0,0
101891,0,9.29,0.00,-3.903,-7.298,4.659,0,0
101942,0,9.30,-0.52,-2.389,-6.076,5.914,0,0
101994,0,9.29,-0.50,-2.380,-6.469,5.794,0,0
102045,0,9.27,0.00,-4.511,-8.418,4.410,0,0
102097,0,9.29,0.84,-6.953,-8.930,2.078,0,0
102149,0,9.28,0.00,-7.441,-7.944,0.929,0,0
102200,0,9.28,0.82,-7.063,-8.001,1.125,0,0
102252,0,9.26,-0.52,-5.885,-9.036,2.547,0,0
102303,0,9.25,0.00,-3.232,-8.274,4.377,0,0
102355,0,9.22,-0.52,-1.901,-6.886,5.119,0,0
102407,0,9.26,0.00,-2.648,-6.512,4.851,0,0
102457,0,9.24,-0.50,-5.119,-7.398,4.357,0,0
102508,0,9.26,0.00,-7.039,-7.623,2.763,0,0
102560,0,9.24,-0.50,-7.163,-7.791,1.427,0,0
102612,0,9.22,-0.52,-6.340,-8.514,0.939,0,0
102663,0,9.23,0.86,-4.803,-8.854,1.848,0,0
102715,0,9.22,-0.54,-3.706,-8.404,4.089,0,0
102765,0,9.20,0.00,-3.280,-7.025,5.588,0,0
102815,0,9.21,0.34,-3.395,-6.062,5.449,0,0
102866,0,9.20,-0.52,-4.621,-6.996,4.693,0,0
102915,0,9.21,0.00,-5.679,-8.179,2.849,0,0
102967,0,9.21,0.80,-5.947,-8.514,1.197,0,0
103019,0,9.20,0.00,-5.497,-7.963,0.838,0,0
103070,0,9.21,0.82,-5.535,-8.159,1.997,0,0
103122,0,9.20,-0.48,-4.903,-8.068,3.989,0,0
103173,0,9.22,0.00,-3.213,-6.656,4.793,0,0
103225,0,9.20,0.00,-2.835,-6.766,4.927,0,0
103277,0,9.17,0.00,-3.888,-7.800,4.099,0,0
103327,0,9.20,1.30,-5.923,-8.571,2.859,0,0
103378,0,9.20,0.00,-7.020,-8.107,1.954,0,0
103429,0,9.18,-0.39,-6.560,-7.393,1.748,0,0
103480,0,9.19,0.87,-5.622,-7.590,2.217,0,0
103531,0,9.19,0.00,-5.612,-6.551,3.366,0,0
103582,0,9.17,0.00,-4.937,-4.396,8.198,0,0
103634,0,9.17,0.00,-5.938,-5.669,3.682,0,0
103685,0,9.20,-0.52,-11.626,-5.617,-2.088,0,0
103735,0,9.20,0.00,-5.176,-8.274,2.528,0,0
103786,0,9.20,0.00,-3.294,-7.570,3.390,0,0
103836,0,9.23,1.89,-3.601,-9.859,2.447,0,0
103886,0,9.21,-0.56,-4.367,-6.431,5.966,0,0
103938,0,9.24,0.00,-3.045,-8.945,5.138,0,0
103989,0,9.24,0.00,-3.031,-8.265,5.866,0,0
104041,0,9.26,0.86,-2.950,-6.172,6.752,0,0
104093,0,9.25,-0.52,-2.935,-5.219,6.665,0,0
104144,0,9.28,1.34,-2.935,-5.669,7.781,0,0
104196,0,9.26,0.00,-3.582,-5.420,8.859,0,0
104247,0,9.28,0.80,-3.749,-5.152,9.294,0,0
104299,0,9.26,0.00,-3.270,-5.574,9.697,0,0
104351,0,9.26,0.86,-2.835,-5.751,10.070,0,0
104401,0,9.26,0.00,-3.960,-4.755,10.549,0,0
104452,0,9.23,-0.50,-5.737,-4.922,11.516,0,0
104504,0,9.24,0.00,-5.847,-5.315,10.305,0,0
104556,0,9.23,0.34,-5.100,-6.220,9.586,0,0
104607,0,9.22,-0.50,-5.607,-5.842,9.337,0,0
104659,0,9.21,0.00,-5.397,-5.124,6.713,0,0
104710,0,9.19,0.30,-4.717,-6.005,5.176,0,0
104761,0,9.17,0.00,-6.388,-4.860,5.004,0,0
104811,0,9.18,0.31,-7.776,-6.220,5.301,0,0
104861,0,9.19,0.34,-7.585,-9.031,4.693,0,0
104913,0,9.19,0.00,-6.019,-9.553,2.763,0,0
104965,0,9.18,-0.50,-5.420,-8.657,2.361,0,0
105017,0,9.19,0.30,-4.520,-8.408,2.342,0,0
105068,0,9.20,0.00,-4.659,-8.408,2.969,0,0
105120,0,9.22,1.27,-3.874,-7.642,2.753,0,0
105196,0,9.17,0.00,-1.844,-9.467,2.069,0,0
105248,0,9.19,0.00,-1.274,-8.145,3.055,0,0
105298,0,9.18,-0.50,-0.603,-7.230,1.523,0,0
105350,0,9.19,0.00,-1.484,-7.159,0.575,0,0
105401,0,9.22,0.52,-1.441,-8.835,0.268,0,0
105453,0,9.22,0.00,-0.148,-10.252,-0.910,0,0
105504,0,9.25,0.47,-0.158,-10.166,-1.513,0,0
105556,0,9.24,-0.19,-1.355,-8.811,-1.470,0,0
105608,0,9.28,0.52,-2.160,-8.768,-1.025,0,0
105659,0,9.30,0.50,-1.930,-8.959,0.350,0,0
105711,0,9.29,0.00,-2.993,-9.328,1.389,0,0
105761,0,9.34,1.09,-3.668,-8.155,1.154,0,0
105811,0,9.36,0.52,-5.420,-8.480,1.255,0,0
105862,0,9.35,0.00,-6.316,-7.149,1.427,0,0
105911,0,9.39,1.13,-3.069,-10.262,0.488,0,0
105963,0,9.40,0.50,-2.830,-9.194,0.958,0,0
106014,0,9.38,-0.82,-2.126,-8.576,1.733,0,0
106066,0,9.38,0.00,-0.062,-9.855,1.700,0,0
106118,0,9.39,0.00,-0.661,-8.327,1.599,0,0
106168,0,9.36,-1.34,1.671,-10.635,-0.426,0,0
106220,0,9.35,0.52,1.978,-11.463,0.546,0,0
106271,0,9.38,1.01,-0.115,-9.251,1.125,0,0
106323,0,9.39,0.00,0.029,-9.744,3.788,0,0
106374,0,9.40,0.00,2.969,-12.052,2.428,0,0
106426,0,9.38,-1.41,-0.249,-11.693,4.329,0,0
106477,0,9.36,-1.32,0.268,-10.688,3.654,0,0
106529,0,9.36,0.00,3.893,-11.123,1.987,0,0
106581,0,9.37,0.00,4.846,-10.242,1.791,0,0
106632,0,9.39,0.54,3.136,-9.021,0.843,0,0
106684,0,9.40,0.00,2.749,-10.305,1.097,0,0
106733,0,9.36,-1.47,1.058,-9.361,2.112,0,0
106784,0,9.38,0.58,-0.795,-8.662,2.466,0,0
106834,0,9.34,0.00,1.173,-9.682,-0.905,0,0
106884,0,9.37,0.50,1.556,-10.424,-2.332,0,0
106936,0,9.34,-1.30,-0.115,-9.735,-1.302,0,0
106986,0,9.35,0.50,-1.077,-9.505,-1.427,0,0
107038,0,9.36,0.54,-1.192,-11.229,0.134,0,0
107089,0,9.34,0.48,-3.615,-9.333,1.844,0,0
107141,0,9.33,-0.32,-3.716,-9.333,0.383,0,0
107192,0,9.35,0.00,-3.098,-9.591,0.326,0,0
107244,0,9.31,-0.56,-4.204,-8.317,-0.345,0,0
107296,0,9.32,0.00,-2.950,-8.830,-0.488,0,0
107347,0,9.32,0.00,-2.279,-7.772,-0.670,0,0
107398,0,9.32,0.00,-1.307,-8.140,-0.618,0,0
107449,0,9.32,0.00,-1.513,-7.417,-0.350,0,0
107501,0,9.32,0.00,-1.547,-7.748,-0.283,0,0
107552,0,9.32,0.00,-1.422,-9.084,0.824,0,0
107604,0,9.31,0.00,-0.599,-9.668,-0.239,0,0
107656,0,9.30,-0.47,0.460,-10.855,-1.307,0,0
107707,0,9.31,0.47,-0.196,-13.087,-0.091,0,0
107757,0,9.28,-0.58,-1.063,-11.176,-0.857,0,0
107808,0,9.27,-0.54,-0.603,-11.176,-1.360,0,0
107858,0,9.27,0.00,-1.245,-10.487,-0.570,0,0
107908,0,9.26,0.00,-0.800,-10.151,-0.239,0,0
107960,0,9.24,-0.52,0.077,-9.701,-0.670,0,0
108011,0,9.28,0.00,0.493,-9.922,-0.747,0,0
108063,0,9.28,0.00,0.431,-9.610,-0.694,0,0
108115,0,9.26,-0.47,-0.144,-9.941,0.804,0,0
108166,0,9.30,1.32,0.962,-10.415,1.599,0,0
108218,0,9.31,0.50,2.184,-11.463,2.164,0,0
108269,0,9.31,0.00,2.284,-10.683,2.375,0,0
108320,0,9.31,0.00,1.686,-9.797,0.929,0,0
108371,0,9.31,0.00,1.432,-10.420,0.943,0,0
108423,0,9.33,0.00,2.375,-10.549,1.690,0,0
108474,0,9.35,0.00,4.032,-9.495,0.311,0,0
108526,0,9.34,-0.50,4.597,-8.667,-0.153,0,0
108578,0,9.36,0.84,4.348,-8.260,0.129,0,0
108629,0,9.34,0.21,2.265,-7.949,1.508,0,0
108681,0,9.36,0.91,2.370,-8.916,1.614,0,0
108730,0,9.35,0.00,2.835,-9.543,2.184,0,0
108781,0,9.38,0.36,2.078,-9.476,2.389,0,0
108831,0,9.39,0.34,3.160,-9.634,1.547,0,0
108881,0,9.41,0.00,3.510,-10.319,1.336,0,0
108933,0,9.41,0.36,2.964,-9.989,1.307,0,0
108985,0,9.40,-0.50,2.840,-9.290,1.393,0,0
109037,0,9.37,0.00,2.945,-8.739,1.427,0,0
109088,0,9.34,-0.50,2.270,-8.471,2.404,0,0
109140,0,9.33,0.00,2.016,-8.815,3.017,0,0
109190,0,9.36,1.32,2.083,-9.744,3.582,0,0
109242,0,9.33,0.00,2.581,-9.840,2.361,0,0
109295,0,9.33,0.00,1.662,-10.597,3.802,0,0
109345,0,9.33,0.00,0.220,-9.826,4.022,0,0
109397,0,9.32,-0.52,1.279,-10.185,3.754,0,0
109448,0,9.32,0.00,1.839,-9.946,2.744,0,0
109500,0,9.32,0.00,3.175,-10.841,1.791,0,0
109551,0,9.34,0.52,3.625,-9.653,-0.996,0,0
109603,0,9.31,-1.34,3.797,-9.179,-1.772,0,0
109654,0,9.32,0.50,3.424,-8.145,-3.558,0,0
109706,0,9.32,0.00,3.031,-8.241,-4.563,0,0
109756,0,9.30,0.00,4.678,-9.007,-3.888,0,0
109807,0,9.29,-1.45,5.013,-7.460,-4.779,0,0
109857,0,9.30,0.54,4.827,-7.293,-4.017,0,0
109907,0,9.30,0.00,3.692,-7.111,-4.132,0,0
109959,0,9.28,0.00,3.103,-8.212,-3.089,0,0
110010,0,9.26,-0.86,2.940,-8.777,-2.648,0,0
110062,0,9.26,0.50,2.911,-9.141,-1.992,0,0
110114,0,9.24,-0.87,2.246,-10.003,-0.019,0,0
110165,0,9.22,0.00,1.575,-9.682,0.417,0,0
110217,0,9.21,-0.86,0.450,-8.610,-0.158,0,0
110267,0,9.24,1.03,-0.057,-9.122,-0.168,0,0
110319,0,9.22,-0.89,-0.733,-9.471,0.115,0,0
110370,0,9.24,0.00,-1.269,-9.103,-0.235,0,0
110422,0,9.22,-1.32,-2.011,-9.309,-0.158,0,0
110473,0,9.22,0.00,-3.074,-9.055,-0.014,0,0
110525,0,9.17,-1.45,-3.984,-9.184,0.584,0,0
110576,0,9.17,0.00,-4.477,-9.222,1.326,0,0
110628,0,9.21,0.00,-4.970,-8.566,1.791,0,0
110680,0,9.23,1.34,-4.405,-8.887,1.259,0,0
110729,0,9.23,0.00,-4.736,-9.759,2.351,0,0
110779,0,9.25,-0.54,-5.832,-7.503,2.854,0,0
110830,0,9.24,-0.54,-5.746,-6.436,1.858,0,0
110880,0,9.26,0.00,-4.779,-8.207,1.614,0,0
110932,0,9.28,0.69,-6.043,-8.088,3.505,0,0
110984,0,9.28,0.00,-5.713,-7.657,3.438,0,0
111035,0,9.27,0.00,-4.587,-7.499,2.849,0,0
111087,0,9.28,-0.50,-4.884,-6.656,2.586,0,0
111138,0,9.28,0.00,-5.224,-6.598,2.428,0,0
111189,0,9.31,1.36,-5.009,-7.159,2.270,0,0
111240,0,9.31,0.00,-4.879,-7.776,2.480,0,0
111292,0,9.33,0.00,-5.210,-7.748,2.523,0,0
111341,0,9.33,0.00,-5.875,-8.011,3.299,0,0
111393,0,9.29,-1.36,-5.899,-8.849,3.855,0,0
111443,0,9.30,0.52,-6.000,-9.323,4.875,0,0
111495,0,9.32,0.56,-5.516,-9.582,6.053,0,0
111546,0,9.33,0.00,-5.315,-7.341,5.875,0,0
111598,0,9.31,0.52,-4.391,-6.948,4.051,0,0
111649,0,9.28,0.00,-4.827,-7.417,4.319,0,0
111701,0,9.29,0.00,-4.951,-6.728,3.476,0,0
111751,0,9.25,-1.45,-4.410,-7.575,3.108,0,0
111801,0,9.27,0.00,-4.142,-8.016,2.648,0,0
111852,0,9.27,-0.89,-4.420,-7.949,1.786,0,0
111902,0,9.29,0.56,-4.415,-9.572,1.719,0,0
111953,0,9.30,0.00,-4.180,-11.032,2.279,0,0
112005,0,9.28,-0.32,-4.329,-11.258,2.591,0,0
112057,0,9.30,0.00,-3.673,-11.210,2.270,0,0
112108,0,9.30,0.18,-4.453,-9.629,3.381,0,0
112160,0,9.33,1.03,-5.195,-7.738,4.602,0,0
112211,0,9.33,0.50,-3.366,-7.015,5.219,0,0
112263,0,9.31,-0.84,-2.595,-6.340,4.161,0,0
112314,0,9.34,0.00,-1.949,-6.718,3.112,0,0
112365,0,9.32,-0.75,-2.207,-6.024,3.357,0,0
112416,0,9.33,0.00,-2.581,-6.282,3.687,0,0
112468,0,9.34,0.54,-2.863,-6.972,3.596,0,0
112519,0,9.32,0.00,-3.213,-7.427,3.347,0,0
112571,0,9.36,0.52,-3.117,-8.164,3.452,0,0
112620,0,9.35,-0.34,-2.634,-8.308,2.629,0,0
112672,0,9.35,1.01,-2.897,-7.738,2.452,0,0
112723,0,9.33,-0.82,-3.074,-8.657,2.825,0,0
112774,0,9.37,0.00,-3.414,-9.783,4.262,0,0
112824,0,9.40,1.67,-5.042,-9.744,6.321,0,0
112875,0,9.39,-0.36,-4.429,-8.705,6.105,0,0
112926,0,9.39,0.00,-3.864,-8.576,5.262,0,0
112978,0,9.36,-0.30,-3.697,-9.031,5.425,0,0
113030,0,9.37,0.47,-3.534,-7.551,4.401,0,0
113081,0,9.35,-0.32,-2.820,-7.657,3.251,0,0
113133,0,9.35,-0.34,-2.763,-8.001,2.830,0,0
113183,0,9.32,-0.84,-3.213,-8.126,2.897,0,0
113235,0,9.30,-0.91,-3.376,-8.557,3.055,0,0
113286,0,9.31,0.00,-4.281,-8.519,3.706,0,0
113338,0,9.27,-1.36,-4.975,-8.341,4.946,0,0
113389,0,9.28,0.20,-4.678,-8.801,5.258,0,0
113439,0,9.28,0.00,-5.373,-8.231,5.794,0,0
113491,0,9.26,0.00,-5.497,-7.140,5.454,0,0
113542,0,9.23,0.00,-4.846,-6.517,4.075,0,0
113594,0,9.24,0.00,-4.664,-7.005,4.889,0,0
113645,0,9.19,-1.86,-4.851,-8.068,6.809,0,0
113697,0,9.19,0.00,-4.463,-6.512,5.918,0,0
113747,0,9.14,-1.45,-3.567,-6.206,4.089,0,0
113797,0,9.13,0.00,-3.639,-6.627,3.773,0,0
113848,0,9.14,0.00,-4.525,-6.618,4.247,0,0
113897,0,9.12,-0.89,-5.143,-6.488,4.348,0,0
113949,0,9.13,0.00,-5.253,-7.183,4.673,0,0
114001,0,9.12,-0.84,-5.306,-7.518,5.253,0,0
114052,0,9.14,0.50,-5.152,-8.073,5.176,0,0
114104,0,9.11,-0.84,-5.693,-8.547,6.412,0,0
114155,0,9.13,0.52,-6.254,-7.460,7.345,0,0
114207,0,9.11,0.00,-4.362,-6.517,5.550,0,0
114259,0,9.09,-0.75,-3.352,-6.378,4.003,0,0
114309,0,9.09,0.00,-4.472,-6.507,5.248,0,0
114360,0,9.08,-0.84,-5.037,-5.368,4.501,0,0
114412,0,9.09,0.00,-4.975,-5.219,3.328,0,0
114464,0,9.06,-0.35,-4.673,-6.608,3.381,0,0
114515,0,9.09,1.03,-5.243,-7.159,4.152,0,0
114567,0,9.08,-0.32,-5.770,-7.178,4.439,0,0
114618,0,9.10,0.54,-6.115,-7.379,5.171,0,0
114670,0,9.09,0.00,-5.957,-7.441,4.884,0,0
114719,0,9.11,-0.30,-6.105,-7.403,5.746,0,0
114769,0,9.12,0.50,-5.990,-6.474,5.023,0,0
114820,0,9.10,0.00,-6.258,-5.205,4.784,0,0
114870,0,9.07,-0.89,-5.239,-5.296,4.922,0,0
114922,0,9.06,-0.38,-5.061,-7.245,5.258,0,0
114974,0,9.07,-0.86,-5.646,-5.765,6.871,0,0
115025,0,9.06,-0.34,-4.942,-6.000,6.527,0,0
115077,0,9.05,0.00,-3.472,-6.642,5.612,0,0
115128,0,9.06,-0.89,-2.744,-5.966,4.041,0,0
115205,0,9.07,0.24,-2.677,-7.891,6.258,0,0
115257,0,9.05,-0.82,-3.108,-8.097,6.776,0,0
115308,0,9.04,-0.30,-3.668,-8.174,7.005,0,0
115359,0,9.04,0.00,-3.730,-7.954,6.483,0,0
115410,0,9.03,-0.80,-4.386,-6.809,5.148,0,0
115462,0,9.02,-0.34,-4.104,-6.594,5.186,0,0
115514,0,9.01,0.00,-3.309,-7.465,4.884,0,0
115565,0,9.04,-0.28,-3.127,-7.015,4.630,0,0
115617,0,9.03,0.00,-3.668,-7.293,5.990,0,0
115668,0,9.08,1.63,-3.294,-7.460,5.756,0,0
115720,0,9.09,0.30,-3.428,-7.283,6.215,0,0
115771,0,9.08,0.00,-3.452,-6.814,6.551,0,0
115821,0,9.07,0.56,-3.409,-7.307,6.469,0,0
115871,0,9.06,-0.38,-3.089,-7.590,5.578,0,0
115923,0,9.08,1.03,-2.729,-7.508,4.922,0,0
115975,0,9.04,-0.36,-2.859,-8.480,5.028,0,0
116026,0,9.06,0.00,-3.146,-8.859,5.598,0,0
116078,0,9.03,-0.30,-3.419,-7.604,6.713,0,0
116129,0,9.04,0.26,-2.614,-6.000,5.780,0,0
116181,0,9.07,-0.32,-2.916,-7.120,6.483,0,0
116233,0,9.06,-0.34,-2.931,-7.523,6.148,0,0
116283,0,9.07,0.22,-2.720,-7.700,5.737,0,0
116335,0,9.06,-0.35,-2.734,-7.748,5.775,0,0
116386,0,9.05,0.00,-2.682,-7.441,5.636,0,0
116438,0,9.07,1.01,-2.935,-7.369,6.009,0,0
116489,0,9.06,0.00,-2.356,-8.011,6.000,0,0
116541,0,9.06,-0.28,-2.576,-8.068,6.306,0,0
116592,0,9.07,0.19,-2.720,-7.317,6.852,0,0
116644,0,9.10,0.19,-0.977,-7.254,6.723,0,0
116696,0,9.09,-0.32,-0.369,-6.680,7.728,0,0
116746,0,9.12,0.00,0.536,-5.559,8.265,0,0
116796,0,9.11,-0.36,-0.335,-3.644,9.285,0,0
116846,0,9.12,0.19,-0.010,-1.393,9.965,0,0
116896,0,9.11,0.00,-0.273,-0.891,10.645,0,0
116948,0,9.14,0.73,0.105,-0.057,10.309,0,0
116999,0,9.14,0.17,0.206,-0.182,10.376,0,0
117051,0,9.16,1.03,0.498,-0.268,10.214,0,0
117103,0,9.17,0.19,0.546,0.230,9.888,0,0
117153,0,9.16,-0.34,0.512,0.709,9.859,0,0
117205,0,9.18,1.03,0.584,0.704,9.874,0,0
117257,0,9.18,-0.04,0.713,0.311,9.744,0,0
117308,0,9.19,0.00,0.819,0.072,9.673,0,0
117360,0,9.21,-0.24,0.828,-0.005,9.821,0,0
117410,0,9.21,0.00,0.843,-0.206,9.869,0,0
117462,0,9.19,-0.30,0.871,-0.359,10.156,0,0
117513,0,9.18,0.00,0.819,-0.302,10.151,0,0
117565,0,9.20,-0.30,0.915,-0.268,9.989,0,0
117616,0,9.19,-0.34,0.895,-0.192,10.070,0,0
117668,0,9.25,0.48,0.848,-0.345,10.075,0,0
117720,0,9.20,-0.30,0.828,-0.527,10.199,0,0
117770,0,9.19,0.00,0.781,-0.450,10.276,0,0
117820,0,9.18,-0.34,0.991,-0.378,10.036,0,0
117871,0,9.19,0.54,1.140,-0.493,10.209,0,0
117920,0,9.18,0.00,1.341,-0.397,10.118,0,0
117972,0,9.17,-0.82,1.446,-0.225,10.156,0,0
118023,0,9.15,-0.84,1.475,-0.144,10.032,0,0
118075,0,9.17,-0.34,1.446,-0.211,9.764,0,0
118126,0,9.16,-0.34,1.556,-0.354,9.610,0,0
118178,0,9.20,0.00,1.393,-0.268,9.759,0,0
118230,0,9.17,-0.24,1.235,-0.148,9.969,0,0
118280,0,9.17,0.00,1.255,-0.134,10.276,0,0
118332,0,9.19,0.52,1.690,-0.129,10.472,0,0
118383,0,9.17,0.00,2.035,-0.584,10.716,0,0
118435,0,9.19,1.01,2.365,-1.753,10.683,0,0
118486,0,9.18,-0.34,2.634,-1.446,10.654,0,0
118538,0,9.22,1.11,2.710,-0.225,10.970,0,0
118589,0,9.21,1.01,2.801,-0.196,11.100,0,0
118641,0,9.24,0.00,3.175,0.072,10.649,0,0
118693,0,9.25,1.03,3.677,0.627,10.257,0,0
118742,0,9.26,0.56,3.864,1.010,10.051,0,0
118793,0,9.24,0.00,3.778,0.718,9.797,0,0
118843,0,9.28,1.11,3.845,-0.373,9.227,0,0
118894,0,9.27,-0.32,4.855,-0.388,7.748,0,0
118945,0,9.28,0.00,4.736,-0.718,7.240,0,0
118997,0,9.31,1.03,5.080,-1.279,6.929,0,0
119048,0,9.35,0.00,5.636,-2.049,6.948,0,0
119100,0,9.35,1.06,5.962,-4.104,7.283,0,0
119151,0,9.34,-0.34,5.698,-5.358,7.748,0,0
119202,0,9.38,1.55,5.760,-4.683,7.082,0,0
119253,0,9.41,0.00,5.018,-3.371,6.613,0,0
119306,0,9.43,0.26,3.840,-2.519,6.895,0,0
119356,0,9.41,-0.86,2.796,-2.006,7.819,0,0
119408,0,9.45,0.00,2.423,-0.900,8.504,0,0
119459,0,9.50,1.53,2.356,-0.584,8.442,0,0
119511,0,9.49,-0.34,2.605,-1.618,8.930,0,0
119562,0,9.53,1.55,2.902,-1.446,10.400,0,0
119614,0,9.52,-0.38,2.983,-1.269,11.253,0,0
119665,0,9.52,0.00,2.859,-0.512,10.721,0,0
119717,0,9.52,-0.32,2.897,-0.809,9.787,0,0
119768,0,9.51,-0.36,3.371,-1.686,15.347,0,0
119818,0,9.50,0.00,2.840,-1.269,7.657,0,0
119868,0,9.48,-0.34,3.433,-0.675,10.209,0,0
119920,0,9.47,-0.36,3.103,0.723,9.500,0,0
119972,0,9.47,0.00,3.199,0.953,9.634,0,0
120023,0,9.46,-0.32,2.792,1.250,9.802,0,0
120075,0,9.46,0.00,3.251,1.082,9.711,0,0
120127,0,9.43,0.50,3.299,0.723,9.481,0,0
120178,0,9.43,0.00,3.199,0.895,9.773,0,0
120230,0,9.38,-0.52,3.256,1.283,9.586,0,0
120281,0,9.41,1.09,3.352,1.590,9.510,0,0
120332,0,9.39,-0.82,3.261,1.283,9.615,0,0
120383,0,9.39,0.00,3.261,0.833,9.562,0,0
120435,0,9.38,-0.34,3.309,0.809,9.596,0,0
120486,0,9.39,0.56,3.481,0.848,9.438,0,0
120538,0,9.37,0.00,3.400,0.948,9.567,0,0
120590,0,9.38,0.52,3.347,0.852,9.515,0,0
120641,0,9.37,0.00,3.405,0.781,9.510,0,0
120693,0,9.35,-0.36,3.443,0.785,9.486,0,0
120743,0,9.39,1.67,3.405,0.886,9.529,0,0
120793,0,9.42,0.00,3.424,0.996,9.543,0,0
120843,0,9.41,-0.87,3.400,0.972,9.534,0,0
120893,0,9.41,0.20,3.371,0.996,9.476,0,0
120945,0,9.42,0.00,3.347,1.116,9.620,0,0
120996,0,9.39,-0.84,3.428,1.168,9.462,0,0
121048,0,9.40,-1.32,3.376,1.087,9.553,0,0
121100,0,9.40,-0.86,3.376,1.039,9.625,0,0
121150,0,9.40,0.00,3.395,1.087,9.467,0,0
121201,0,9.42,0.00,3.342,1.087,9.582,0,0
121253,0,9.40,-0.73,3.405,1.015,9.467,0,0
121305,0,9.39,-0.84,3.428,1.068,9.548,0,0
121356,0,9.38,-0.20,3.414,1.053,9.553,0,0
121408,0,9.38,-0.48,3.424,0.958,9.534,0,0
121458,0,9.38,0.00,3.433,0.934,9.553,0,0
121510,0,9.35,0.54,3.414,0.891,9.481,0,0
121561,0,9.35,0.00,3.395,0.924,9.553,0,0
121613,0,9.34,-0.84,3.409,0.948,9.500,0,0
121664,0,9.36,0.50,3.472,0.900,9.481,0,0
121716,0,9.35,-0.32,3.405,0.910,9.591,0,0
121766,0,9.36,0.54,3.457,0.828,9.491,0,0
121817,0,9.34,0.00,3.457,0.852,9.519,0,0
121867,0,9.35,-0.91,3.472,0.838,9.519,0,0
121917,0,9.39,1.63,3.414,0.828,9.601,0,0
121968,0,9.36,0.00,3.486,0.804,9.452,0,0
122020,0,9.37,0.50,3.510,0.804,9.519,0,0
122071,0,9.35,-0.80,3.433,0.737,9.529,0,0
122123,0,9.35,-0.82,3.467,0.795,9.524,0,0
122175,0,9.37,0.50,3.467,0.862,9.510,0,0
122226,0,9.38,0.00,3.424,0.838,9.553,0,0
122278,0,9.37,-0.84,3.467,0.795,9.510,0,0
122329,0,9.39,0.00,3.462,0.766,9.515,0,0
122380,0,9.41,1.01,3.476,0.857,9.538,0,0
122431,0,9.38,0.00,3.443,0.795,9.591,0,0
122483,0,9.37,-0.86,3.462,0.790,9.505,0,0
122534,0,9.37,0.00,3.467,0.828,9.538,0,0
122586,0,9.35,-0.82,3.457,0.795,9.553,0,0
122638,0,9.36,0.52,3.476,0.728,9.491,0,0
122689,0,9.37,0.00,3.433,0.766,9.543,0,0
122742,0,9.34,0.00,3.491,0.833,9.491,0,0
122792,0,9.35,0.54,3.438,0.790,9.558,0,0
122842,0,9.35,0.00,3.433,0.771,9.577,0,0
122893,0,9.34,0.00,3.472,0.766,9.538,0,0
122942,0,9.29,-2.01,3.472,0.747,9.486,0,0
122994,0,9.29,0.00,3.472,0.785,9.591,0,0
123045,0,9.26,-1.23,3.510,0.723,9.749,0,0
123097,0,9.26,0.00,3.481,0.637,9.103,0,0
123148,0,9.27,0.00,2.883,0.900,11.004,0,0
123200,0,9.27,0.00,6.306,-1.408,8.777,0,0
123252,0,9.27,0.00,2.480,-0.790,9.347,0,0
123302,0,9.27,0.00,4.602,-1.178,9.218,0,0
123354,0,9.28,0.00,4.099,-1.164,9.567,0,0
123405,0,9.27,-0.19,4.530,-1.695,8.739,0,0
123456,0,9.27,0.00,3.017,-1.144,9.548,0,0
123508,0,9.27,0.00,3.452,-1.030,9.979,0,0
123560,0,9.32,0.50,2.696,-1.298,8.873,0,0
123610,0,9.32,0.00,2.447,-3.606,10.649,0,0
123661,0,9.29,-0.52,1.101,-1.255,10.319,0,0
123713,0,9.29,0.00,-1.087,0.029,15.107,0,0
123763,0,9.30,0.93,-0.316,-1.609,10.884,0,0
123814,0,9.27,-1.13,-0.206,-2.816,6.464,0,0
123864,0,9.31,0.00,0.273,-3.467,4.635,0,0
123915,0,9.28,-0.54,1.207,-2.911,2.078,0,0
123966,0,9.31,1.47,0.579,-4.132,5.578,0,0
124018,0,9.30,0.00,-2.682,-8.413,20.207,0,0
124445,1,9.49,0.49,-13.484,25.441,-9.457,0,0
124496,1,9.51,0.80,-26.269,10.329,9.433,0,0
124547,1,10.87,0.00,-32.360,7.283,9.538,0,0
124599,1,13.14,38.06,-38.307,-17.152,19.623,0,0
124651,1,14.12,36.25,-29.051,-28.491,28.888,0,0
124702,1,15.15,0.00,-17.281,-18.368,23.420,0,0
124752,1,17.06,32.88,-10.147,-10.807,16.175,0,0
124803,1,17.87,31.21,-5.660,-4.199,11.722,0,0
124852,1,18.14,-23.82,-4.645,-1.882,9.864,0,0
124903,1,17.54,-24.18,-5.090,-2.365,8.825,0,0
124952,1,18.26,0.00,-6.076,-2.437,8.049,0,0
125004,1,19.62,25.31,-7.010,-3.103,7.973,0,0
125055,1,20.26,23.86,-7.389,-2.763,7.479,0,0
125107,1,20.82,0.00,-7.149,-2.701,6.785,0,0
125158,1,21.88,18.59,-6.876,-2.088,6.268,0,0
125210,1,22.34,17.34,-6.551,-2.308,6.230,0,0
125262,1,20.67,-30.16,-6.009,-2.643,6.172,0,0
126047,2,12.15,-10.86,-6.278,-2.404,6.618,0,0
126098,2,11.74,-8.03,-6.335,-2.820,6.402,0,0
126148,2,11.74,0.00,-6.306,-2.820,6.455,0,0
126199,2,13.87,37.97,-6.517,-2.662,6.814,0,0
126251,2,14.90,0.00,-6.594,-2.035,6.871,0,0
126303,2,16.79,34.64,-6.934,-1.891,7.312,0,0
126354,2,17.80,37.27,-7.230,-1.489,7.393,0,0
126406,2,18.69,0.00,-7.068,-1.844,6.661,0,0
126458,2,19.75,8.96,-7.096,-2.835,6.182,0,0
126509,2,19.06,0.00,-7.570,-3.989,5.148,0,0
126560,2,17.82,-20.28,-8.179,-2.365,5.545,0,0
126612,2,17.27,-21.27,-8.131,-2.710,5.459,0,0
126662,2,16.75,-19.51,-8.083,-3.974,4.482,0,0
126711,2,16.21,0.00,-9.012,-1.925,5.646,0,0
126762,2,15.29,-18.17,-9.170,0.192,5.114,0,0
126820,2,14.53,-14.02,-8.988,0.622,5.880,0,0
126871,2,14.13,-15.22,-7.465,0.838,3.773,0,0
126921,2,14.88,0.00,-7.283,-0.508,2.806,0,0
126971,2,16.15,23.89,-9.486,1.690,4.855,0,0
127023,2,16.65,18.65,-10.271,5.669,0.824,0,0
127074,2,17.03,0.00,-5.794,8.619,-0.733,0,0
127125,2,17.27,8.86,-6.680,5.545,-1.001,0,0
127176,2,17.69,6.60,-6.440,5.646,-2.758,0,0
127228,2,17.11,-22.97,-5.306,5.344,-4.334,0,0
127704,2,12.28,-9.77,-5.942,0.967,19.948,0,0
127754,2,12.06,0.00,0.302,0.445,0.302,0,0
127805,2,13.04,46.76,-2.030,-7.072,7.580,0,0
127855,2,14.23,47.71,-6.560,-13.360,3.764,0,0
127906,2,15.10,0.00,-5.334,-6.383,-2.274,0,0
127956,2,16.52,28.18,-9.155,-7.140,-3.045,0,0
128007,2,17.21,27.66,-7.724,-5.492,-1.729,0,0
128057,2,17.86,24.27,-7.264,-6.665,0.268,0,0
128109,2,18.48,24.76,-4.152,-8.246,4.980,0,0
128160,2,17.25,-22.59,0.407,-5.334,6.383,0,0
128212,2,16.70,-20.46,0.809,-4.319,5.526,0,0
128263,2,16.21,0.00,-2.049,-7.044,5.550,0,0
128315,2,15.29,-16.49,-9.543,-10.745,3.654,0,0
128367,2,14.88,-15.20,-9.917,-8.543,0.417,0,0
128418,2,14.14,-13.31,-9.811,-10.099,-0.939,0,0
128479,2,13.46,-14.34,-6.321,-11.123,1.077,0,0
128530,2,13.46,0.00,-2.983,-8.068,5.243,0,0
128581,2,14.00,30.47,-0.891,-3.179,4.458,0,0
128633,2,14.96,35.62,-0.622,-1.973,3.754,0,0
128685,2,15.95,0.00,-1.106,-2.394,3.802,0,0
128734,2,17.75,31.71,-2.452,-4.448,3.706,0,0
128785,2,18.55,0.00,-3.486,-5.995,1.489,0,0
128835,2,19.82,22.97,-2.873,-4.559,-0.484,0,0
128886,2,19.13,-26.27,-3.357,-4.664,-1.173,0,0
128936,2,18.46,0.00,-5.425,-6.349,-1.432,0,0
128986,2,17.30,-21.66,-11.923,-13.015,0.393,0,0
129038,2,16.76,-19.90,-12.991,-19.992,11.914,0,0
129090,2,16.26,0.00,-3.644,-17.880,16.075,0,0
129141,2,15.35,-17.16,-10.913,-25.991,12.345,0,0
129193,2,14.92,-16.00,-31.709,-34.050,9.979,0,0
129242,2,14.58,-7.91,-3.950,-5.085,1.369,0,0
129294,2,15.11,31.20,0.350,0.220,-0.043,0,0
129346,2,15.90,29.21,0.201,0.124,-0.005,0,0
129397,2,16.79,1.09,0.182,0.043,0.014,0,0
129449,2,17.93,19.72,0.249,0.014,0.024,0,0
129500,2,18.52,0.00,0.220,0.038,0.024,0,0
129552,2,19.56,18.36,0.196,0.043,0.034,0,0
129604,2,20.19,23.30,0.254,0.010,0.010,0,0
129654,2,19.57,-22.74,0.230,0.000,0.010,0,0
129703,2,18.98,0.00,0.316,-0.057,0.024,0,0
129757,2,17.84,-15.38,5.171,-3.026,1.240,0,0
129808,2,16.88,-18.53,0.192,-0.895,0.910,0,0
129858,2,16.42,-17.82,-0.747,-4.846,4.022,0,0
129909,2,16.03,0.00,-4.559,-5.435,7.901,0,0
129978,2,15.26,-8.20,-2.835,-1.475,3.089,0,0
130029,2,14.86,-14.64,-7.503,-5.444,5.655,0,0
130080,2,16.00,42.13,-11.813,-14.447,1.547,0,0
130132,2,17.50,21.08,-5.076,-11.789,-2.562,0,0
130184,2,18.44,34.89,-2.907,-9.256,-1.657,0,0
130235,2,19.23,0.00,-7.882,-14.020,3.764,0,0
130287,2,20.27,18.98,-5.952,-8.241,8.892,0,0
130338,2,20.71,16.29,-1.882,-4.879,6.402,0,0
130390,2,20.45,-28.36,-2.672,-9.682,6.297,0,0
130442,2,19.71,-29.32,-7.609,-12.081,1.968,0,0
130493,2,19.00,0.00,-8.107,-7.283,0.302,0,0
130545,2,17.73,-21.75,-9.290,-7.226,1.068,0,0
130597,2,17.16,0.00,-5.847,-6.527,1.528,0,0
130648,2,16.12,-18.84,-2.629,-9.189,3.443,0,0
130700,2,15.61,-18.89,-0.139,-9.979,5.665,0,0
130751,2,15.15,-14.27,-5.200,-15.083,9.917,0,0
130801,2,14.75,0.00,-17.439,-18.675,11.037,0,0
130852,2,16.35,32.37,-17.339,-18.306,5.181,0,0
130902,2,17.10,28.82,-13.197,-24.799,4.094,0,0
130953,2,17.74,0.00,-7.982,-19.388,10.353,0,0
131005,2,18.95,22.95,-6.076,-10.898,10.285,0,0
131054,2,19.53,21.25,-3.654,-5.674,4.424,0,0
131106,2,19.99,0.00,-0.029,-0.254,-0.072,0,0
131157,2,18.76,-22.82,0.235,0.182,-0.206,0,0
131209,2,18.15,0.00,0.172,0.129,-0.192,0,0
131261,2,17.12,-19.84,0.110,0.110,-0.168,0,0
131312,2,16.67,-16.55,0.024,0.105,-0.177,0,0
131364,2,15.82,-14.47,-5.076,-0.838,-4.319,0,0
131415,2,15.47,-14.16,-1.231,-0.283,-1.192,0,0
131481,2,14.73,-8.42,-0.034,-0.005,-0.196,0,0
131532,2,14.73,0.00,-1.776,-0.905,-1.188,0,0
131583,2,15.26,31.85,-1.317,-0.800,-0.848,0,0
131635,2,16.06,0.00,-3.065,-2.806,-0.316,0,0
131687,2,17.59,27.94,-1.973,-3.021,1.508,0,0
131736,2,18.20,22.63,-0.345,-2.863,4.166,0,0
131787,2,18.81,0.00,0.809,-1.738,4.520,0,0
131838,2,19.78,15.16,1.255,-1.968,5.765,0,0
131888,2,19.11,0.00,-0.335,-4.113,5.492,0,0
131940,2,17.88,-23.88,-9.471,-14.734,3.036,0,0
131992,2,17.33,-22.08,-13.221,-13.010,-2.236,0,0
132044,2,16.78,-0.50,-13.465,-13.197,-2.792,0,0
132094,2,16.27,-18.65,-13.843,-18.986,1.360,0,0
132146,2,15.35,-16.92,-5.143,-15.639,11.880,0,0
132197,2,14.92,-15.68,-0.737,-6.287,8.657,0,0
132248,2,14.50,0.00,-3.342,-8.638,8.025,0,0
132300,2,13.72,-15.27,-10.606,-13.949,3.654,0,0
132351,2,14.70,0.00,-13.973,-14.825,-0.249,0,0
132403,2,16.33,30.09,-16.510,-20.083,1.053,0,0
132454,2,16.94,22.46,-9.155,-18.450,11.598,0,0
132506,2,17.93,16.73,-2.725,-11.128,12.632,0,0
132555,2,18.27,12.29,-5.104,-13.594,10.750,0,0
132607,2,18.75,0.00,-8.380,-10.783,2.840,0,0
132657,2,18.14,-22.41,-2.725,-2.428,-0.350,0,0
132706,2,17.60,0.00,0.268,0.168,-0.139,0,0
132756,2,16.59,-18.96,0.215,0.077,-0.153,0,0
132807,2,16.11,-19.10,0.158,0.124,-0.096,0,0
132858,2,15.68,0.00,0.096,0.168,-0.062,0,0
132908,2,14.94,-13.54,0.053,0.158,-0.048,0,0
132959,2,14.59,0.00,0.048,0.158,-0.034,0,0
133010,2,13.99,-10.46,0.034,0.182,-0.043,0,0
133061,2,14.86,32.41,-0.790,1.341,-2.993,0,0
133112,2,15.77,33.85,-0.555,1.135,-3.208,0,0
133164,2,16.58,0.00,-0.460,0.613,-2.897,0,0
133216,2,18.09,26.53,-1.365,-0.153,-4.578,0,0
133267,2,19.00,0.00,-3.567,-2.461,-6.053,0,0
133319,2,19.88,10.65,-10.625,-7.791,-0.680,0,0
133371,2,20.29,15.17,-7.001,-5.344,16.108,0,0
133422,2,18.96,-23.94,0.555,-1.652,8.499,0,0
133474,2,18.35,-22.80,3.045,-7.561,8.873,0,0
133525,2,17.75,0.00,-6.780,-13.575,10.544,0,0
133577,2,16.64,-22.38,-17.971,-24.306,-6.220,0,0
133629,2,16.16,-18.02,-3.994,-12.589,3.970,0,0
133680,2,15.26,-16.21,-3.912,-8.495,9.577,0,0
133734,2,14.86,-13.73,-4.903,-6.603,7.714,0,0
133784,2,14.45,0.00,-7.594,-11.262,6.053,0,0
133835,2,15.85,26.59,-6.014,-11.660,1.690,0,0
133894,2,16.57,12.23,-4.707,-9.165,0.637,0,0
133946,2,18.21,22.93,-5.488,-7.992,2.591,0,0
133998,2,18.51,10.97,-6.747,-7.321,5.641,0,0
134048,2,18.67,6.10,-4.817,-5.162,5.243,0,0
134100,2,18.82,5.35,-4.812,-7.915,5.818,0,0
134151,2,18.28,-22.59,-2.514,-8.394,3.467,0,0
134203,2,17.65,-23.11,-1.796,-7.130,1.848,0,0
134254,2,17.13,0.00,-3.826,-7.752,2.093,0,0
134306,2,16.09,-19.17,-5.856,-6.603,2.983,0,0
134358,2,15.66,-16.00,-5.626,-4.951,3.342,0,0
134409,2,14.82,-15.14,-5.507,-5.650,3.955,0,0
134461,2,14.46,-13.22,-4.032,-7.446,4.381,0,0
134511,2,13.78,-11.13,-1.551,-7.221,3.888,0,0
134562,2,13.78,0.00,-1.547,-7.288,3.874,0,0
134613,2,15.33,27.36,-5.602,-6.737,6.776,0,0
134665,2,15.81,19.20,-5.593,-1.729,3.821,0,0
134717,2,17.16,25.50,-3.338,-11.554,3.132,0,0
134767,2,17.70,21.86,-3.026,-9.730,1.384,0,0
134818,2,18.30,0.00,-1.968,-10.458,1.053,0,0
134869,2,18.43,-16.70,-1.245,-9.031,0.666,0,0
134918,2,17.83,-23.90,-3.021,-8.643,1.211,0,0
134970,2,17.26,-21.23,-3.452,-10.228,1.566,0,0
135021,2,16.24,-19.30,-5.861,-10.803,1.604,0,0
135073,2,15.79,-16.71,-5.464,-10.942,2.155,0,0
135125,2,15.34,0.00,-5.708,-11.717,2.811,0,0
135176,2,14.54,-14.38,-2.466,-14.083,2.887,0,0
135234,2,13.84,-7.32,0.474,-14.772,2.389,0,0
135285,2,13.84,0.00,2.423,-12.780,2.346,0,0
135336,2,13.96,17.03,-1.547,-8.782,2.883,0,0
135388,2,14.58,0.00,-11.976,-4.228,2.710,0,0
135440,2,15.73,20.87,-24.474,-2.677,3.682,0,0
135491,2,16.35,22.90,-33.021,-3.127,0.551,0,0
135543,2,16.97,0.00,-21.845,-8.748,-7.235,0,0
135594,2,18.19,23.13,-10.180,-15.960,-12.177,0,0
135646,2,17.63,0.00,1.235,-19.398,-12.388,0,0
135698,2,16.59,-20.19,14.801,-20.662,-10.400,0,0
135748,2,16.12,-18.63,25.206,-18.598,-9.328,0,0
135798,2,15.69,0.00,23.822,-14.849,-9.050,0,0
135849,2,14.87,-15.31,16.075,-17.751,-10.252,0,0
135899,2,14.52,-13.79,9.711,-20.662,-8.677,0,0
135951,2,13.86,-11.31,4.266,-21.653,-7.642,0,0
136000,2,13.60,-6.82,-11.866,-23.018,-5.693,0,0
136052,2,13.29,-11.64,-20.863,-17.502,-0.589,0,0
136104,2,14.05,0.00,-28.381,-5.200,-1.891,0,0
136155,2,15.29,24.33,-36.052,7.077,0.196,0,0
136207,2,15.94,24.25,-34.778,5.162,-1.542,0,0
136258,2,17.11,19.94,-20.466,-8.428,-10.391,0,0
136310,2,17.57,16.83,-16.065,-23.482,-17.171,0,0
136362,2,18.00,0.00,13.211,-34.472,-26.307,0,0
136412,2,17.46,-20.05,29.329,-22.175,-17.885,0,0
136464,2,16.94,0.54,38.413,-19.450,-16.405,0,0
136515,2,16.00,-16.41,29.051,-14.705,-18.608,0,0
136567,2,15.55,0.00,10.420,-21.155,-21.577,0,0
136618,2,14.77,-15.29,-6.177,-29.434,-21.299,0,0
136670,2,14.48,-10.98,-30.119,-22.065,-15.040,0,0
136738,2,13.80,0.00,-28.137,-2.998,-0.824,0,0
136789,2,13.70,7.20,-16.228,0.517,3.357,0,0
136839,2,14.40,27.65,-7.987,-0.024,4.966,0,0
136890,2,14.98,0.00,-3.098,-2.523,6.709,0,0
136940,2,15.49,18.97,0.354,-4.444,7.685,0,0
136992,2,15.94,-1.04,1.599,-6.421,7.432,0,0
137043,2,16.77,13.65,0.895,-8.092,7.489,0,0
137095,2,17.19,0.00,1.010,-8.203,7.384,0,0
137146,2,17.03,-21.52,0.886,-8.557,6.986,0,0
137198,2,16.53,-18.71,0.771,-8.873,6.737,0,0
137250,2,15.64,-16.82,0.306,-8.504,6.555,0,0
137301,2,15.26,-15.19,0.340,-8.279,6.311,0,0
137353,2,14.86,0.00,0.206,-7.700,6.167,0,0
137405,2,14.15,-12.77,0.321,-7.772,5.895,0,0
137456,2,13.83,-12.95,0.388,-8.509,5.861,0,0
137508,2,13.51,-8.26,0.326,-7.997,5.890,0,0
137557,2,13.91,26.09,0.431,-8.308,5.789,0,0
137609,2,14.53,22.92,0.220,-8.188,5.827,0,0
137660,2,15.17,0.00,0.771,-8.523,5.794,0,0
137712,2,16.20,18.09,0.824,-8.566,5.813,0,0
137762,2,16.68,19.10,0.297,-8.528,5.895,0,0
137813,2,17.13,0.00,0.153,-8.140,5.784,0,0
137864,2,17.94,15.84,0.441,-7.762,5.756,0,0
137913,2,17.38,-22.52,0.211,-7.863,5.799,0,0
137965,2,16.86,0.00,0.177,-8.045,5.823,0,0
138017,2,15.88,-15.78,0.124,-7.800,5.923,0,0
138068,2,15.43,0.00,0.057,-8.150,6.033,0,0
138119,2,15.01,-15.50,0.268,-8.337,5.918,0,0
138170,2,14.28,-12.79,0.172,-7.910,5.928,0,0
138237,2,13.61,-9.52,0.019,-8.030,5.938,0,0
138288,2,13.30,-11.43,0.110,-8.025,5.990,0,0
138339,2,13.98,25.29,0.350,-8.107,5.923,0,0
138391,2,14.62,0.00,0.263,-8.217,5.933,0,0
138443,2,15.77,19.96,0.129,-8.025,5.918,0,0
138494,2,16.26,0.00,0.163,-8.054,5.928,0,0
138546,2,17.19,18.61,0.244,-8.045,5.832,0,0
138597,2,17.64,16.49,0.048,-7.925,5.952,0,0
138649,2,17.18,-20.78,0.120,-8.317,5.880,0,0
138701,2,16.65,-21.07,0.096,-7.719,5.713,0,0
138751,2,16.17,0.00,-0.081,-7.441,5.488,0,0
138801,2,15.28,-16.06,-0.402,-6.819,5.353,0,0
138852,2,14.90,-15.43,-0.584,-5.895,5.095,0,0
138902,2,14.50,0.00,-1.662,-5.152,5.669,0,0
138954,2,13.85,-10.97,-2.222,-18.119,12.048,0,0
139005,2,13.49,-9.23,-12.206,-42.349,15.462,0,0
139057,2,13.22,-10.09,-8.657,-33.768,6.656,0,0
139109,2,14.89,29.02,-6.541,-16.132,-4.812,0,0
139160,2,15.46,22.70,-6.895,5.047,-12.790,0,0
139212,2,16.13,0.00,-6.057,26.877,-22.644,0,0
139264,2,17.14,18.35,-3.203,30.507,-26.149,0,0
139315,2,17.67,19.61,-4.827,16.477,-24.823,0,0
139367,2,17.63,-18.71,-17.205,-6.273,-29.262,0,0
139418,2,17.16,-17.40,-18.790,-20.437,-35.961,0,0
139470,2,16.63,0.00,-22.429,-47.137,-31.287,0,0
139522,2,15.71,-17.33,-12.598,-65.850,-7.403,0,0
139572,2,15.26,-16.51,-7.326,-68.905,6.608,0,0
139621,2,14.85,-16.72,-13.843,-55.378,-8.380,0,0
139673,2,14.46,0.00,-29.607,-44.005,-28.261,0,0
139741,2,13.60,-8.29,-22.764,-17.971,-37.464,0,0
139792,2,13.34,-10.09,-10.104,-1.211,-28.156,0,0
139842,2,14.11,0.00,-9.720,14.116,-22.999,0,0
139893,2,15.45,25.95,-7.077,27.557,-25.886,0,0
139943,2,15.45,0.00,-8.686,35.635,-22.798,0,0
139995,2,16.66,21.97,-5.454,21.873,-23.856,0,0
140046,2,17.26,22.07,-12.732,3.735,-30.742,0,0
140097,2,18.51,17.59,-22.276,-17.612,-39.863,0,0
140148,2,17.95,0.00,-20.815,-48.971,-40.682,0,0
140199,2,17.41,-20.28,-20.624,-48.942,-16.142,0,0
140250,2,16.88,0.56,-3.936,-36.267,-10.539,0,0
140302,2,15.92,-18.17,0.388,-23.214,-4.875,0,0
140354,2,15.46,0.00,-4.056,-15.644,-3.941,0,0
140405,2,14.63,-14.66,-4.903,-8.782,-4.214,0,0
140457,2,14.29,-13.84,-3.759,-7.092,-5.243,0,0
140508,2,13.59,-12.43,-3.974,-6.656,-5.531,0,0
140560,2,13.24,-12.98,-4.726,-6.062,-6.033,0,0
140611,2,13.87,0.00,-4.855,-5.593,-5.784,0,0
140663,2,15.01,22.96,-4.252,-6.292,-5.650,0,0
140715,2,15.52,18.99,-3.955,-6.325,-5.612,0,0
140765,2,16.01,0.00,-4.132,-6.187,-5.325,0,0
140816,2,16.84,14.59,-3.357,-7.063,-5.186,0,0
140866,2,17.20,14.40,-3.299,-7.355,-5.042,0,0
140918,2,16.66,0.00,-3.376,-7.618,-5.057,0,0
140970,2,15.66,-19.16,-3.524,-8.054,-5.176,0,0
141022,2,15.19,-17.27,-4.008,-7.628,-5.143,0,0
141073,2,14.43,-14.15,-3.955,-7.887,-5.243,0,0
141125,2,14.07,-13.32,-3.606,-7.743,-5.104,0,0
141176,2,13.72,0.00,-3.601,-7.724,-4.970,0,0
141242,2,13.11,-6.82,-3.606,-7.614,-4.937,0,0
141293,2,12.81,-11.15,-3.950,-7.599,-4.788,0,0
141344,2,13.34,0.00,-4.041,-7.412,-4.731,0,0
141396,2,14.29,18.57,-3.903,-7.556,-4.621,0,0
141448,2,14.69,14.98,-3.893,-7.599,-4.501,0,0
141499,2,15.46,14.14,-3.888,-7.901,-4.520,0,0
141551,2,15.80,13.70,-3.836,-7.853,-4.444,0,0
141602,2,16.16,0.00,-4.056,-8.092,-4.338,0,0
141654,2,15.97,-18.97,-4.051,-8.006,-4.195,0,0
141706,2,15.51,0.00,-3.950,-7.834,-4.137,0,0
141756,2,14.69,-16.74,-3.912,-7.772,-3.984,0,0
141806,2,14.29,-15.22,-3.859,-7.791,-3.984,0,0
141857,2,13.95,0.00,-3.926,-7.628,-3.979,0,0
141907,2,13.34,-11.28,-3.859,-7.719,-3.946,0,0
141958,2,13.03,-11.47,-3.764,-7.867,-3.926,0,0
142010,2,12.77,-6.17,-3.965,-8.059,-4.003,0,0
142062,2,12.53,0.00,-3.879,-7.925,-4.104,0,0
142114,2,13.60,19.90,-3.773,-7.930,-4.219,0,0
142165,2,14.80,18.84,-3.783,-8.480,-3.572,0,0
142215,2,14.80,0.00,-3.529,-9.036,-3.979,0,0
142267,2,15.67,13.84,-3.074,-8.332,-4.386,0,0
142318,2,16.05,14.14,-3.290,-7.278,-4.324,0,0
142370,2,16.72,11.99,-3.931,-8.490,-3.467,0,0
142421,2,16.23,-18.17,-3.524,-8.959,-3.577,0,0
142473,2,15.76,0.00,-3.711,-8.423,-3.768,0,0
142525,2,14.94,-14.57,-4.482,-7.005,-3.888,0,0
142576,2,14.54,-14.66,-4.741,-6.790,-3.735,0,0
142628,2,13.86,-11.95,-4.841,-7.264,-3.443,0,0
142679,2,13.53,-11.97,-4.305,-7.460,-3.357,0,0
142744,2,12.98,-5.56,-3.855,-8.480,-3.347,0,0
142795,2,12.70,0.00,-4.276,-8.916,-3.223,0,0
142845,2,14.17,29.67,-4.554,-8.753,-3.093,0,0
142895,2,14.84,26.77,-4.343,-8.930,-3.012,0,0
142947,2,15.49,0.00,-4.420,-8.921,-2.897,0,0
142998,2,16.70,22.92,-4.970,-9.266,-2.878,0,0
143049,2,16.70,0.00,-5.272,-9.438,-2.950,0,0
143100,2,17.81,21.60,-5.631,-9.826,-2.749,0,0
143152,2,17.30,-20.21,-5.296,-10.075,-2.624,0,0
143204,2,16.26,-18.58,-3.701,-9.481,-2.116,0,0
143255,2,15.79,-17.46,-3.146,-9.222,-1.427,0,0
143307,2,15.36,0.00,-3.232,-8.523,-1.082,0,0
143359,2,14.56,-15.18,-3.232,-8.662,-0.594,0,0
143410,2,14.23,-11.97,-3.486,-9.050,-0.206,0,0
143462,2,13.59,-10.61,-3.036,-9.371,0.378,0,0
143511,2,13.29,-7.17,-2.322,-8.916,0.781,0,0
143563,2,13.02,-9.81,-1.417,-8.921,0.934,0,0
143615,2,14.24,22.12,-0.455,-8.586,1.025,0,0
143666,2,14.78,21.85,0.273,-8.547,1.379,0,0
143718,2,15.29,0.00,0.402,-8.988,1.465,0,0
143769,2,16.26,18.71,0.498,-9.141,1.269,0,0
143819,2,16.71,17.47,1.341,-8.586,1.025,0,0
143870,2,17.16,0.00,2.179,-8.811,0.718,0,0
143919,2,16.17,-19.52,2.811,-9.462,0.388,0,0
143971,2,15.72,-16.95,2.792,-9.740,0.230,0,0
144022,2,15.34,0.00,2.926,-9.821,0.134,0,0
144074,2,14.59,-13.63,2.389,-9.720,0.163,0,0
144126,2,14.24,0.00,2.064,-9.376,0.441,0,0
144177,2,13.63,-10.65,1.183,-9.213,0.848,0,0
144227,2,13.34,-5.69,0.057,-9.524,1.331,0,0
144277,2,13.06,0.00,-0.785,-9.883,1.753,0,0
144328,2,12.79,-10.31,-1.082,-10.156,1.896,0,0
144379,2,14.21,25.27,-0.407,-10.501,2.145,0,0
144431,2,14.80,23.85,-0.029,-11.080,2.284,0,0
144483,2,15.36,0.00,-1.312,-11.760,2.562,0,0
144534,2,16.28,15.52,-3.285,-10.032,2.351,0,0
144586,2,16.71,15.99,-4.908,-8.413,2.083,0,0
144638,2,16.63,-19.53,-5.205,-8.054,1.810,0,0
144689,2,16.18,-16.73,-4.401,-7.503,1.575,0,0
144742,2,15.72,0.00,-3.883,-7.422,1.599,0,0
144792,2,14.89,-14.70,-3.486,-7.791,1.733,0,0
144843,2,14.52,-14.94,-3.352,-8.064,1.935,0,0
144893,2,14.18,0.00,-3.290,-8.346,2.078,0,0
144944,2,13.54,-11.99,-3.122,-8.882,2.155,0,0
145002,2,13.00,-13.76,-3.539,-9.189,2.270,0,0
145053,2,13.00,0.00,-3.701,-9.380,2.322,0,0
145104,2,13.51,28.72,-3.936,-9.213,2.332,0,0
145156,2,14.23,26.61,-4.094,-9.036,2.298,0,0
145208,2,14.86,0.00,-4.123,-8.873,2.241,0,0
145259,2,16.01,20.85,-3.917,-8.657,2.227,0,0
145311,2,16.55,0.00,-3.845,-8.576,2.184,0,0
145362,2,17.49,17.85,-3.998,-8.475,2.198,0,0
145414,2,16.96,-19.49,-4.032,-8.576,2.193,0,0
145466,2,16.44,0.00,-4.027,-8.590,2.179,0,0
145517,2,15.55,-16.00,-3.970,-8.796,2.298,0,0
145569,2,15.13,0.00,-3.989,-8.734,2.241,0,0
145621,2,14.39,-14.36,-4.171,-8.782,2.246,0,0
145672,2,14.07,-11.99,-4.056,-8.610,2.265,0,0
145724,2,13.71,0.00,-4.219,-8.619,2.284,0,0
145775,2,13.44,-8.51,-4.238,-8.734,2.207,0,0
145826,2,13.62,18.24,-4.085,-8.696,2.174,0,0
145876,2,14.29,26.77,-4.008,-8.705,2.179,0,0
145929,2,15.51,23.30,-4.022,-8.619,2.160,0,0
145980,2,16.03,19.51,-4.056,-8.724,2.160,0,0
146031,2,16.53,18.17,-4.061,-8.657,2.131,0,0
146083,2,17.49,17.22,-4.108,-8.629,2.150,0,0
146135,2,17.98,17.89,-4.128,-8.614,2.160,0,0
146186,2,17.43,0.00,-4.080,-8.614,2.150,0,0
146238,2,16.38,-19.49,-4.137,-8.672,2.164,0,0
146289,2,15.92,-7.11,-4.070,-8.557,2.155,0,0
146339,2,15.47,-16.84,-4.175,-8.667,2.179,0,0
146388,2,14.71,-15.17,-4.223,-8.686,2.207,0,0
146440,2,14.33,-14.14,-4.147,-8.672,2.179,0,0
146504,2,13.67,-10.66,-4.118,-8.605,2.160,0,0
146555,2,13.40,-10.13,-4.137,-8.653,2.164,0,0
146606,2,14.10,0.00,-4.195,-8.600,2.188,0,0
146658,2,15.37,22.60,-4.166,-8.624,2.193,0,0
146710,2,15.93,20.74,-4.094,-8.581,2.212,0,0
146760,2,16.51,0.00,-4.166,-8.768,2.140,0,0
146811,2,17.52,20.07,-4.118,-8.792,2.116,0,0
146861,2,17.95,17.29,-3.998,-8.657,2.088,0,0
146913,2,17.83,-22.11,-3.960,-8.533,2.078,0,0
146965,2,17.28,-21.86,-4.238,-8.657,2.102,0,0
147017,2,16.76,0.00,-3.926,-8.681,2.035,0,0
147068,2,15.88,-15.57,-3.979,-8.748,2.025,0,0
147120,2,15.45,-15.91,-4.137,-8.629,2.040,0,0
147171,2,14.68,-14.64,-4.209,-8.629,2.049,0,0
147223,2,14.32,-13.33,-4.013,-8.729,2.021,0,0
147272,2,14.00,-8.65,-3.950,-8.744,2.016,0,0
147324,2,13.69,0.00,-4.032,-8.777,2.011,0,0
147376,2,14.96,21.56,-4.065,-8.825,1.911,0,0
147427,2,15.54,0.00,-4.132,-8.787,1.915,0,0
147479,2,16.58,19.01,-3.984,-8.672,1.915,0,0
147531,2,17.07,18.07,-4.051,-8.739,1.872,0,0
147582,2,17.54,0.00,-4.089,-8.739,1.911,0,0
147634,2,17.94,0.00,-3.960,-8.729,1.896,0,0
147685,2,17.40,0.00,-3.864,-8.605,1.920,0,0
147735,2,16.40,-20.21,-3.941,-8.633,1.877,0,0
147786,2,15.95,-17.81,-4.137,-8.839,1.867,0,0
147836,2,15.50,0.00,-4.017,-8.839,1.858,0,0
147887,2,14.72,-15.73,-3.912,-8.902,1.863,0,0
147938,2,14.38,-12.46,-3.965,-8.691,1.863,0,0
148004,2,13.73,-6.85,-3.926,-8.681,1.829,0,0
148055,2,13.73,0.00,-3.931,-8.662,1.786,0,0
148106,2,14.19,28.14,-3.936,-8.475,1.743,0,0
148158,2,14.88,0.00,-4.185,-8.849,1.724,0,0
148210,2,16.09,21.65,-4.214,-9.036,1.753,0,0
148261,2,16.65,20.78,-4.037,-9.045,1.791,0,0
148313,2,17.10,0.00,-4.013,-8.825,1.796,0,0
148366,2,17.95,12.51,-4.190,-8.830,1.839,0,0
148418,2,16.86,-19.51,-4.152,-8.772,1.867,0,0
148468,2,16.86,0.00,-4.108,-8.619,1.911,0,0
148520,2,15.96,-16.81,-4.219,-8.557,1.877,0,0
148571,2,15.54,-15.52,-4.219,-8.662,1.911,0,0
148623,2,14.75,-12.79,-4.128,-8.653,1.877,0,0
148674,2,14.39,-13.32,-4.061,-8.571,1.891,0,0
148726,2,14.06,0.00,-4.128,-8.605,1.930,0,0
148777,2,13.47,-13.25,-4.190,-8.724,1.939,0,0
148828,2,13.17,-11.58,-4.089,-8.729,1.925,0,0
148878,2,13.95,0.00,-4.132,-8.662,1.958,0,0
148931,2,15.29,0.00,-4.204,-8.729,1.939,0,0
148982,2,15.91,22.72,-4.142,-8.796,1.925,0,0
149033,2,16.48,0.00,-4.137,-8.729,1.958,0,0
149085,2,17.56,19.89,-4.027,-8.552,1.901,0,0
149137,2,18.04,17.87,-4.008,-8.408,1.858,0,0
149188,2,16.97,-18.90,-4.065,-8.523,1.796,0,0
149240,2,16.49,-18.94,-4.171,-8.581,1.834,0,0
149291,2,16.05,0.00,-4.046,-8.428,1.810,0,0
149343,2,15.22,-15.46,-4.080,-8.610,1.829,0,0
149395,2,14.84,-15.29,-3.941,-8.404,1.800,0,0
149446,2,14.13,-12.74,-3.840,-8.504,1.595,0,0
149504,2,13.82,-7.91,-4.118,-8.183,1.379,0,0
149555,2,13.53,-10.96,-4.669,-8.145,1.312,0,0
149606,2,14.09,0.00,-4.051,-7.939,1.168,0,0
149658,2,15.51,24.77,-4.065,-7.800,0.857,0,0
149710,2,16.11,0.00,-4.300,-7.638,0.369,0,0
149760,2,17.31,23.53,-4.764,-8.045,0.105,0,0
149811,2,17.80,18.89,-4.999,-7.527,-0.369,0,0
149861,2,18.26,0.00,-5.516,-7.839,-0.704,0,0
149911,2,18.16,-23.33,-5.737,-8.006,-0.996,0,0
149962,2,17.56,-22.11,-6.081,-8.097,-1.101,0,0
150014,2,17.06,0.00,-6.287,-8.715,-1.379,0,0
150066,2,16.07,-18.17,-6.809,-8.514,-1.724,0,0
150117,2,15.62,-16.82,-7.499,-8.059,-1.700,0,0
150169,2,14.84,-14.16,-7.724,-7.815,-1.599,0,0
150220,2,14.50,-12.27,-7.872,-8.040,-1.638,0,0
150272,2,14.16,-7.86,-7.475,-7.676,-1.561,0,0
150324,2,14.75,32.73,-7.125,-7.312,-1.537,0,0
150375,2,15.51,28.46,-7.508,-7.489,-1.547,0,0
150427,2,17.12,27.22,-7.532,-7.135,-1.508,0,0
150479,2,17.61,19.50,-8.226,-6.881,-1.437,0,0
150530,2,18.02,0.00,-8.988,-6.847,-1.015,0,0
150582,2,18.84,17.71,-9.294,-5.325,-0.814,0,0
150634,2,19.30,17.02,-8.566,-4.597,-0.455,0,0
150684,2,18.68,-22.93,-8.030,-4.626,0.115,0,0
150734,2,18.08,0.00,-7.743,-4.324,0.527,0,0
150784,2,17.04,-19.08,-8.408,-3.687,1.202,0,0
150835,2,16.56,-19.10,-7.982,-3.960,1.820,0,0
150885,2,16.08,0.00,-7.436,-5.042,2.490,0,0
150937,2,15.24,-14.86,-6.699,-5.358,3.496,0,0
151006,2,14.54,-9.76,-7.312,-5.507,4.640,0,0
151057,2,14.21,-12.31,-6.876,-6.225,5.200,0,0
151108,2,14.85,23.93,-6.091,-6.656,5.588,0,0
151160,2,15.51,0.50,-5.267,-7.005,5.622,0,0
151212,2,16.66,20.01,-3.658,-7.187,5.377,0,0
151263,2,17.13,0.00,-1.776,-6.953,5.363,0,0
151315,2,17.90,14.28,-1.341,-7.140,5.353,0,0
151367,2,18.29,14.64,-2.049,-6.584,5.545,0,0
151418,2,17.81,-21.57,-1.049,-5.646,5.066,0,0
151470,2,17.29,-20.97,-1.891,-4.784,4.377,0,0
151521,2,16.75,0.00,-1.489,-5.674,3.017,0,0
151573,2,15.85,-16.02,-3.141,-5.684,1.681,0,0
151625,2,15.42,-15.91,-2.950,-7.695,0.187,0,0
151676,2,14.63,-13.84,-4.688,-8.341,-1.207,0,0
151728,2,14.25,-15.47,-4.094,-9.002,-1.997,0,0
151779,2,13.88,-11.39,-4.640,-9.682,-2.978,0,0
151830,2,13.53,-13.67,-4.784,-10.381,-3.812,0,0
151880,2,14.11,0.00,-8.456,-16.491,-6.158,0,0
151932,2,15.17,22.22,-0.297,-13.264,-4.094,0,0
151981,2,15.65,19.44,-0.134,-8.566,-2.136,0,0
152033,2,16.43,13.56,-1.355,-7.786,-1.092,0,0
152084,2,16.82,14.34,-1.844,-6.574,-1.379,0,0
152136,2,17.18,0.00,-1.159,-9.318,-1.853,0,0
152188,2,16.12,-18.50,-2.217,-11.167,-2.227,0,0
152239,2,15.67,-16.81,-1.551,-9.266,-2.830,0,0
152291,2,14.78,-15.01,-1.408,-7.120,-3.864,0,0
152342,2,14.40,-14.21,-0.881,-7.934,-5.449,0,0
152394,2,14.03,0.00,0.048,-8.935,-5.540,0,0
152446,2,13.42,-11.00,-0.484,-8.916,-5.622,0,0
152513,2,12.83,-8.17,-1.111,-8.217,-5.669,0,0
152564,2,12.61,-9.10,-1.355,-8.011,-5.942,0,0
152614,2,13.00,14.60,-0.900,-8.092,-6.345,0,0
152665,2,13.31,11.60,-0.728,-7.824,-6.560,0,0
152717,2,13.72,7.83,-0.838,-7.326,-6.670,0,0
152768,2,13.89,6.67,-1.202,-6.732,-6.579,0,0
152818,2,14.07,0.00,-1.264,-6.704,-6.527,0,0
152869,2,14.34,5.18,-1.504,-6.680,-6.689,0,0
152919,2,14.46,5.10,-1.743,-6.642,-6.790,0,0
152970,2,14.10,0.00,-1.178,-7.063,-7.144,0,0
153022,2,13.43,-12.03,-1.336,-6.919,-7.336,0,0
153073,2,13.15,-10.26,-1.197,-6.440,-7.432,0,0
153125,2,12.64,-9.45,-1.484,-6.105,-7.527,0,0
153174,2,12.40,-8.93,-1.288,-5.986,-7.451,0,0
153226,2,12.17,0.00,-1.595,-6.053,-7.609,0,0
153286,2,11.77,-4.81,-0.939,-6.795,-7.776,0,0
153337,2,11.60,-6.58,-1.657,-5.942,-7.427,0,0
153388,2,11.81,0.00,-1.489,-5.885,-7.614,0,0
153440,2,12.24,7.61,-1.537,-6.153,-7.623,0,0
153492,2,12.42,6.71,-1.470,-5.775,-7.599,0,0
153543,2,12.53,-2.05,-1.561,-5.904,-7.609,0,0
153595,2,12.89,5.48,-1.542,-5.732,-7.547,0,0
153647,2,13.03,0.00,-1.523,-5.818,-7.685,0,0
153698,2,12.91,-9.79,-1.767,-5.947,-7.661,0,0
153748,2,12.66,-10.05,-2.174,-5.765,-7.700,0,0
153799,2,12.41,0.00,-2.002,-5.602,-7.700,0,0
153849,2,11.98,-8.03,-1.369,-5.488,-8.083,0,0
153899,2,11.78,-8.01,-2.203,-5.344,-7.791,0,0
153951,2,11.41,-6.08,-2.394,-5.507,-7.843,0,0
154002,2,11.26,-5.63,-2.088,-5.186,-8.025,0,0
154052,2,11.10,-3.83,-2.715,-5.191,-7.958,0,0
154104,2,11.00,0.00,-2.112,-4.980,-7.925,0,0
154156,2,11.42,8.45,-2.878,-5.286,-8.222,0,0
154207,2,11.62,0.00,-1.441,-4.990,-8.150,0,0
154259,2,11.95,6.36,-1.815,-5.583,-8.212,0,0
154310,2,12.07,4.46,-2.140,-5.631,-8.270,0,0
154362,2,12.23,0.00,-1.834,-6.029,-8.169,0,0
154414,2,12.61,7.94,-2.179,-6.479,-7.666,0,0
154464,2,12.38,-8.78,-3.156,-7.891,-7.140,0,0
154513,2,12.12,-10.17,-3.026,-7.240,-6.584,0,0
154564,2,11.70,-5.91,-2.600,-6.225,-6.345,0,0
154616,2,11.49,0.00,-1.829,-6.536,-5.823,0,0
154668,2,11.13,-6.41,-1.547,-7.240,-5.598,0,0
154719,2,10.94,-7.31,-1.427,-7.465,-5.200,0,0
154790,2,10.66,-3.34,-2.131,-7.819,-4.788,0,0
154841,2,10.51,0.00,-2.049,-8.068,-4.693,0,0
154891,2,11.66,22.19,-1.504,-8.226,-5.157,0,0
154942,2,12.14,17.90,-1.475,-8.006,-5.157,0,0
154993,2,12.63,17.99,-1.901,-8.370,-5.095,0,0
155044,2,13.08,16.65,-1.992,-7.906,-4.956,0,0
155096,2,13.47,0.00,-2.241,-7.805,-5.186,0,0
155148,2,14.30,13.86,-1.671,-8.054,-5.157,0,0
155199,2,13.95,0.00,-2.136,-7.302,-5.037,0,0
155251,2,13.27,-10.85,-3.275,-8.394,-4.999,0,0
155303,2,12.95,-11.84,-4.209,-8.667,-4.501,0,0
155354,2,12.67,0.00,-3.266,-7.930,-4.214,0,0
155406,2,12.15,-9.17,-3.352,-7.599,-4.190,0,0
155457,2,11.88,0.00,-4.027,-7.839,-4.535,0,0
155509,2,11.46,-8.54,-3.845,-7.805,-3.577,0,0
155561,2,11.25,-5.50,-4.003,-10.491,-3.093,0,0
155610,2,11.05,-7.08,-3.984,-12.723,-2.983,0,0
155662,2,12.17,19.56,-3.692,-11.540,-4.185,0,0
155713,2,12.57,15.89,-5.286,-9.835,-4.219,0,0
155764,2,12.95,0.00,-6.057,-8.533,-1.815,0,0
155814,2,13.58,12.57,-4.310,-6.972,-0.014,0,0
155865,2,13.85,10.75,-3.438,-6.637,2.049,0,0
155914,2,14.10,0.00,-3.203,-5.382,3.433,0,0
155966,2,13.47,-10.61,-4.185,-6.206,5.052,0,0
156018,2,13.18,-11.50,-4.554,-6.503,6.191,0,0
156069,2,12.92,0.00,-4.334,-6.900,6.263,0,0
156121,2,12.49,-8.26,-4.324,-6.498,5.535,0,0
156173,2,12.26,0.00,-4.798,-6.977,5.310,0,0
156224,2,11.83,-7.10,-5.617,-6.321,4.300,0,0
156290,2,11.61,-5.19,-5.411,-4.640,3.548,0,0
156341,2,11.46,-5.57,-4.683,-4.760,2.911,0,0
156392,2,11.92,22.60,-6.019,-5.095,2.686,0,0
156444,2,12.51,21.87,-8.155,-5.296,2.500,0,0
156496,2,13.03,0.00,-8.906,-4.065,2.227,0,0
156547,2,13.96,16.37,-8.054,-3.050,2.523,0,0
156599,2,14.37,0.00,-10.333,-3.778,4.290,0,0
156649,2,15.14,11.79,-10.750,-2.701,3.208,0,0
156699,2,14.74,-14.55,-9.840,-3.558,3.797,0,0
156749,2,14.36,-15.49,-9.859,-1.259,3.151,0,0
156800,2,14.01,0.00,-8.614,-0.766,2.346,0,0
156850,2,13.34,-12.59,-8.624,-1.379,2.155,0,0
156900,2,13.02,-12.59,-9.457,-1.331,2.303,0,0
156952,2,12.79,0.00,-9.720,-1.149,2.581,0,0
157003,2,12.30,-8.48,-9.242,-1.326,2.629,0,0
157054,2,12.11,-6.01,-9.079,-1.207,2.557,0,0
157106,2,12.31,15.29,-9.309,-0.900,2.605,0,0
157158,2,12.88,21.09,-9.155,-0.613,2.586,0,0
157209,2,13.91,19.31,-9.131,-0.599,2.562,0,0
157261,2,14.39,17.59,-9.390,-0.828,2.662,0,0
157312,2,14.88,0.00,-9.395,-1.001,2.868,0,0
157364,2,15.70,14.16,-9.093,-0.694,2.849,0,0
157416,2,16.13,16.00,-9.261,-0.694,2.931,0,0
157466,2,15.68,-16.51,-9.946,-0.867,2.983,0,0
157515,2,15.24,0.00,-10.525,0.421,2.677,0,0
157567,2,14.53,-12.50,-9.816,3.223,2.231,0,0
157618,2,14.21,-11.99,-7.111,5.861,2.241,0,0
157670,2,13.57,-12.04,-5.722,6.397,2.145,0,0
157719,2,13.30,-9.88,-5.109,5.497,3.175,0,0
157770,2,13.05,0.00,-5.406,5.215,3.610,0,0
157819,2,12.60,-10.05,-6.302,5.564,3.328,0,0
157870,2,13.16,0.00,-7.810,6.239,3.045,0,0
157922,2,14.09,16.34,-7.700,5.976,2.844,0,0
157973,2,14.55,18.63,-7.389,5.430,3.017,0,0
158024,2,14.95,14.64,-7.374,5.353,3.146,0,0
158075,2,15.33,14.16,-7.403,6.139,3.146,0,0
158127,2,15.70,0.00,-6.584,6.536,3.290,0,0
158176,2,16.38,11.75,-6.033,6.713,3.318,0,0
158228,2,15.96,0.00,-6.407,6.713,3.529,0,0
158279,2,15.17,-16.42,-6.953,6.991,3.711,0,0
158331,2,14.78,-14.23,-6.594,6.507,3.850,0,0
158383,2,14.13,-12.98,-5.942,5.593,4.295,0,0
158434,2,13.87,-9.92,-5.914,5.377,4.707,0,0
158486,2,13.56,0.00,-5.914,5.818,4.994,0,0
158544,2,13.07,-7.14,-5.708,5.847,5.191,0,0
158595,2,12.86,-7.72,-5.325,5.689,5.301,0,0
158646,2,13.30,16.32,-5.186,5.990,5.329,0,0
158699,2,14.11,11.04,-5.430,6.115,5.497,0,0
158749,2,14.54,0.00,-5.344,6.172,5.550,0,0
158800,2,15.20,13.31,-5.076,6.144,5.540,0,0
158850,2,15.46,10.37,-5.009,6.206,5.602,0,0
158903,2,15.72,0.00,-4.769,6.158,5.578,0,0
158954,2,15.58,-16.40,-5.071,6.254,5.746,0,0
159005,2,15.21,-13.84,-4.994,6.282,5.555,0,0
159056,2,14.82,-14.32,-5.167,6.072,5.660,0,0
159108,2,14.54,0.00,-5.171,6.081,5.669,0,0
159160,2,13.90,-11.15,-5.205,6.187,5.622,0,0
159211,2,13.63,0.00,-5.152,6.321,5.569,0,0
159263,2,13.19,-8.70,-4.865,6.450,5.602,0,0
159312,2,12.96,-4.86,-4.875,6.297,5.660,0,0
159364,2,12.76,0.00,-4.578,6.383,5.655,0,0
159416,2,13.62,14.99,-4.975,6.450,5.622,0,0
159467,2,14.04,16.60,-4.865,6.278,5.737,0,0
159519,2,14.41,-1.01,-4.673,6.369,5.650,0,0
159571,2,15.10,12.29,-5.128,6.134,5.693,0,0
159622,2,15.40,0.00,-5.052,6.292,5.689,0,0
159674,2,15.35,-13.82,-5.066,6.297,5.717,0,0
159723,2,15.04,-12.37,-4.559,6.551,5.693,0,0
159774,2,14.75,0.00,-4.726,6.263,5.789,0,0
159824,2,14.15,-10.17,-4.496,6.316,5.799,0,0
159875,2,13.85,-11.82,-4.616,6.316,5.732,0,0
159927,2,13.61,0.00,-4.745,6.254,5.765,0,0
159978,2,13.12,-9.10,-5.583,5.899,5.631,0,0
160044,2,12.72,-5.32,-6.033,5.526,5.847,0,0
160095,2,12.72,0.00,-5.693,5.674,5.684,0,0
160146,2,12.97,17.06,-5.756,5.583,5.780,0,0
160198,2,13.40,0.00,-5.119,5.737,5.823,0,0
160250,2,14.15,12.62,-4.903,5.574,5.746,0,0
160301,2,14.50,12.94,-5.334,5.631,5.804,0,0
160353,2,14.83,0.00,-5.986,5.449,5.765,0,0
160404,2,15.42,11.28,-5.856,5.296,5.602,0,0
160456,2,15.01,0.00,-5.914,5.205,5.626,0,0
160508,2,14.28,-14.02,-5.760,5.325,5.382,0,0
160559,2,13.97,-11.32,-5.971,5.713,5.229,0,0
160611,2,13.66,0.00,-6.158,5.933,5.124,0,0
160663,2,13.10,-11.70,-6.120,6.105,4.894,0,0
160714,2,12.86,0.00,-5.981,6.167,4.784,0,0
160765,2,12.41,-8.49,-6.076,6.378,4.788,0,0
160815,2,12.41,0.00,-6.134,6.148,4.803,0,0
160866,2,12.02,-7.03,-6.278,5.909,4.760,0,0
160915,2,12.55,21.32,-6.531,5.449,4.851,0,0
160967,2,13.03,0.00,-7.393,5.301,4.870,0,0
161016,2,13.90,15.85,-9.562,5.598,4.673,0,0
161068,2,14.29,0.00,-9.495,4.506,4.008,0,0
161119,2,15.09,15.29,-9.179,1.231,2.624,0,0
161171,2,15.51,15.50,-6.531,-1.398,1.978,0,0
161223,2,14.74,-13.80,-8.370,-2.294,1.753,0,0
161274,2,14.41,-12.01,-6.407,-3.869,1.724,0,0
161326,2,14.08,0.00,-6.622,-5.622,1.848,0,0
161377,2,13.46,-11.15,-6.292,-4.793,1.398,0,0
161429,2,13.21,-9.29,-5.516,-9.199,-0.072,0,0
161481,2,12.75,-8.48,-5.914,-7.599,-1.398,0,0
161544,2,12.52,-6.16,-4.463,-8.025,-4.381,0,0
161595,2,12.31,-7.74,-4.990,-8.523,-6.067,0,0
161646,2,12.50,0.00,-3.601,-6.330,-6.665,0,0
161698,2,12.38,-5.05,-2.725,-7.226,-7.312,0,0
161748,2,12.17,0.00,-3.701,-5.363,-7.891,0,0
161799,2,12.00,-1.97,-2.365,-6.632,-6.268,0,0
161849,2,11.98,-0.52,-3.587,-6.244,-6.618,0,0
161899,2,12.02,0.00,-3.745,-5.995,-6.383,0,0
161951,2,11.92,-4.87,-5.191,-6.048,-6.292,0,0
162003,2,11.73,-7.12,-5.612,-5.722,-5.368,0,0
162054,2,11.59,0.00,-6.546,-5.765,-4.583,0,0
162106,2,11.30,-5.35,-7.005,-5.023,-4.592,0,0
162157,2,11.14,-6.10,-5.128,-6.225,-4.204,0,0
162209,2,10.88,-4.88,-6.589,-5.909,-3.836,0,0
162258,2,10.78,-3.91,-6.766,-5.928,-3.721,0,0
162310,2,10.67,-2.58,-6.680,-6.014,-3.323,0,0
162362,2,11.43,30.98,-6.321,-6.282,-3.797,0,0
162413,2,12.17,27.41,-6.440,-6.029,-3.840,0,0
162465,2,12.83,0.00,-6.661,-6.158,-4.348,0,0
162516,2,13.83,14.68,-6.393,-5.875,-4.396,0,0
162568,2,14.17,12.46,-6.043,-5.986,-4.506,0,0
162617,2,14.53,5.05,-6.244,-5.856,-4.611,0,0
162669,2,14.60,2.37,-6.134,-5.880,-4.673,0,0
162721,2,14.28,0.00,-6.110,-5.880,-4.669,0,0
162771,2,13.65,-11.82,-6.134,-5.880,-4.654,0,0
162824,2,13.39,-4.89,-6.182,-5.890,-4.568,0,0
162874,2,13.10,0.00,-6.235,-5.918,-4.458,0,0
162926,2,12.63,-9.02,-6.235,-5.938,-4.381,0,0
162978,2,12.39,-8.80,-6.244,-5.947,-4.348,0,0
163043,2,11.99,-5.15,-6.292,-5.938,-4.329,0,0
163094,2,11.82,-6.23,-6.287,-5.957,-4.290,0,0
163145,2,12.19,13.85,-6.297,-5.966,-4.271,0,0
163197,2,12.55,0.00,-6.364,-5.986,-4.209,0,0
163249,2,13.28,13.03,-6.287,-6.033,-4.041,0,0
163300,2,13.58,0.00,-6.335,-5.995,-4.204,0,0
163352,2,14.16,12.59,-6.330,-5.986,-4.314,0,0
163404,2,14.39,8.45,-6.302,-5.990,-4.209,0,0
163455,2,14.50,0.50,-6.340,-6.009,-4.118,0,0
163507,2,13.84,-13.29,-6.321,-5.976,-4.204,0,0
163558,2,13.54,0.00,-6.311,-5.986,-4.209,0,0
163610,2,13.00,-10.11,-6.316,-6.000,-4.156,0,0
163662,2,12.76,-9.51,-6.311,-5.995,-4.190,0,0
163713,2,12.34,-7.55,-6.321,-5.990,-4.257,0,0
163764,2,12.14,-8.03,-6.330,-5.976,-4.190,0,0
163815,2,11.92,-6.14,-6.321,-5.976,-4.199,0,0
163865,2,11.74,-6.97,-6.335,-5.971,-4.204,0,0
163917,2,12.12,0.00,-6.345,-5.990,-4.199,0,0
163969,2,12.95,15.83,-6.302,-5.995,-4.195,0,0
164018,2,13.34,0.00,-6.321,-5.981,-4.238,0,0
164070,2,14.08,13.63,-6.330,-5.986,-4.185,0,0
164121,2,14.52,17.54,-6.330,-6.005,-4.166,0,0
164173,2,14.97,0.00,-6.302,-5.971,-4.195,0,0
164225,2,14.24,-11.97,-6.316,-5.971,-4.214,0,0
164276,2,13.92,0.00,-6.278,-5.995,-4.171,0,0
164328,2,13.31,-10.65,-6.244,-6.115,-4.290,0,0
164379,2,13.02,-10.63,-6.622,-5.751,-4.214,0,0
164431,2,12.78,0.50,-6.177,-6.067,-4.257,0,0
164483,2,12.35,-7.96,-6.460,-5.837,-4.401,0,0
164546,2,11.97,-4.93,-6.378,-5.890,-4.381,0,0
164597,2,11.97,0.00,-6.321,-5.938,-4.195,0,0
164648,2,12.40,23.46,-6.306,-6.000,-4.056,0,0
164700,2,12.94,20.25,-6.321,-5.952,-4.252,0,0
164750,2,13.45,0.00,-6.325,-5.918,-4.348,0,0
164801,2,14.30,15.31,-6.345,-5.962,-4.185,0,0
164851,2,14.58,11.04,-6.335,-5.947,-4.132,0,0
164902,2,14.97,5.63,-6.330,-5.918,-4.290,0,0
164954,2,14.59,0.00,-6.249,-5.895,-4.458,0,0
165006,2,13.94,-11.95,-6.239,-5.899,-4.515,0,0
165056,2,13.94,0.00,-6.254,-5.904,-4.482,0,0
165107,2,13.31,-11.15,-6.278,-5.918,-4.420,0,0
165159,2,13.01,0.00,-6.393,-5.918,-4.257,0,0
165211,2,12.51,-9.29,-6.273,-6.038,-3.917,0,0
165262,2,12.28,-8.48,-6.369,-5.962,-4.228,0,0
165313,2,12.09,0.00,-6.297,-5.957,-4.357,0,0
165365,2,11.68,-6.58,-6.321,-5.962,-4.171,0,0
165416,2,11.91,0.00,-6.330,-5.981,-4.085,0,0
165468,2,12.19,6.34,-5.995,-5.923,-4.578,0,0
165519,2,12.50,11.15,-6.177,-5.842,-4.731,0,0
165571,2,13.59,21.37,-6.172,-5.832,-4.755,0,0
165620,2,14.07,17.77,-6.115,-5.871,-4.583,0,0
165672,2,14.59,0.00,-6.206,-5.875,-4.496,0,0
165724,2,13.91,-11.82,-6.249,-5.837,-4.573,0,0
165774,2,13.58,-13.33,-6.249,-5.866,-4.530,0,0
165825,2,13.33,0.00,-6.244,-5.904,-4.458,0,0
165875,2,12.80,-10.96,-6.268,-5.899,-4.405,0,0
165927,2,12.56,-9.48,-6.287,-5.918,-4.377,0,0
165979,2,12.33,0.00,-6.373,-5.938,-4.233,0,0
166047,2,11.93,-5.12,-6.369,-5.976,-4.094,0,0
166098,2,11.73,-7.57,-6.311,-5.952,-4.305,0,0
166149,2,12.25,0.00,-6.297,-5.952,-4.353,0,0
166201,2,13.16,16.50,-6.321,-5.971,-4.156,0,0
166253,2,13.53,13.85,-6.349,-5.957,-4.180,0,0
166304,2,14.23,11.66,-6.330,-5.942,-4.353,0,0
166356,2,14.52,11.68,-6.359,-5.933,-4.257,0,0
166407,2,14.80,0.00,-6.335,-5.986,-4.132,0,0
166459,2,14.74,-13.02,-6.316,-5.952,-4.223,0,0
166511,2,14.40,0.00,-6.292,-5.986,-4.271,0,0
166562,2,13.79,-10.46,-6.445,-5.904,-4.032,0,0
166614,2,13.49,-10.96,-6.421,-5.928,-4.190,0,0
166666,2,13.21,0.00,-6.412,-5.942,-4.295,0,0
166717,2,12.71,-8.78,-6.373,-5.966,-4.223,0,0
166768,2,12.45,0.00,-6.373,-5.947,-4.175,0,0
166818,2,12.26,-5.93,-6.397,-5.904,-4.185,0,0
166869,2,12.03,0.00,-6.297,-5.981,-4.161,0,0
166918,2,12.75,12.95,-6.460,-5.909,-4.204,0,0
166970,2,13.36,8.56,-6.292,-5.981,-4.171,0,0
167020,2,13.36,0.00,-6.330,-5.942,-4.247,0,0
167072,2,13.88,9.79,-6.354,-5.928,-4.219,0,0
167123,2,14.13,9.01,-6.364,-5.947,-4.219,0,0
167175,2,14.54,6.40,-6.340,-5.957,-4.204,0,0
167226,2,14.22,-12.71,-6.335,-5.933,-4.276,0,0
167278,2,13.89,0.00,-6.364,-5.933,-4.175,0,0
167330,2,13.35,-9.62,-6.359,-5.933,-4.247,0,0
167381,2,13.05,0.00,-6.325,-5.947,-4.276,0,0
167433,2,12.61,-8.26,-6.335,-5.947,-4.257,0,0
167485,2,12.37,-8.89,-6.345,-5.947,-4.219,0,0
167548,2,11.99,-3.98,-6.345,-5.938,-4.247,0,0
167599,2,11.81,-6.71,-6.354,-5.933,-4.238,0,0
167650,2,12.18,13.82,-6.349,-5.942,-4.228,0,0
167702,2,12.62,1.03,-6.335,-5.928,-4.286,0,0
167752,2,13.33,14.04,-6.354,-5.933,-4.180,0,0
167803,2,13.65,12.59,-6.311,-5.938,-4.266,0,0
167853,2,13.94,0.00,-6.349,-5.971,-4.219,0,0
167903,2,14.50,11.14,-6.354,-5.952,-4.156,0,0
167955,2,14.50,0.32,-6.325,-5.938,-4.266,0,0
168006,2,13.90,-10.42,-6.282,-5.971,-4.171,0,0
168058,2,13.62,-10.46,-6.359,-5.928,-4.286,0,0
168110,2,13.36,0.00,-6.345,-5.933,-4.252,0,0
168161,2,12.88,-8.37,-6.359,-5.957,-4.185,0,0
168213,2,12.65,-8.28,-6.364,-5.952,-4.223,0,0
168264,2,12.32,-5.89,-6.340,-5.938,-4.243,0,0
168316,2,12.13,-4.51,-6.354,-5.952,-4.219,0,0
168368,2,11.96,-6.45,-6.340,-5.952,-4.223,0,0
168420,2,12.73,12.98,-6.354,-5.938,-4.243,0,0
168471,2,13.04,12.57,-6.345,-5.947,-4.180,0,0
168523,2,13.32,0.00,-6.325,-5.976,-4.252,0,0
168575,2,13.86,9.08,-6.325,-5.933,-4.166,0,0
168626,2,14.12,9.45,-6.349,-5.928,-4.199,0,0
168678,2,14.02,-10.42,-6.311,-5.966,-4.247,0,0
168727,2,13.70,-12.63,-6.330,-5.962,-4.209,0,0
168778,2,13.45,0.00,-6.354,-5.933,-4.233,0,0
168828,2,12.98,-8.98,-6.364,-5.957,-4.214,0,0
168879,2,12.72,-10.35,-6.345,-5.947,-4.238,0,0
168931,2,12.54,0.00,-6.335,-5.942,-4.252,0,0
168982,2,12.14,-6.53,-6.349,-5.957,-4.199,0,0
169035,2,11.95,-3.40,-6.330,-5.957,-4.238,0,0
169086,2,11.63,-6.19,-6.402,-5.928,-4.209,0,0
169137,2,11.63,0.00,-6.340,-5.928,-4.243,0,0
169188,2,12.13,9.90,-6.373,-5.928,-4.204,0,0
169240,2,12.36,9.14,-6.330,-5.923,-4.266,0,0
169292,2,12.63,1.01,-6.373,-5.918,-4.171,0,0
169343,2,13.01,7.64,-6.378,-5.914,-4.276,0,0
169395,2,13.20,0.00,-6.412,-5.952,-4.128,0,0
169447,2,13.10,-9.10,-6.349,-5.957,-4.281,0,0
169498,2,12.85,-9.10,-6.407,-5.923,-4.223,0,0
169550,2,12.49,-6.41,-6.321,-5.923,-4.204,0,0
169601,2,12.26,-8.37,-6.330,-5.942,-4.228,0,0
169653,2,12.09,0.00,-6.287,-5.947,-4.219,0,0
169705,2,11.76,-6.53,-6.373,-5.928,-4.238,0,0
169755,2,11.61,-6.02,-6.359,-5.966,-4.219,0,0
169810,2,11.32,-4.36,-6.354,-5.942,-4.271,0,0
169861,2,11.19,-5.03,-6.354,-5.942,-4.243,0,0
169913,2,11.49,0.00,-6.373,-5.942,-4.199,0,0
169964,2,12.03,10.57,-6.345,-5.938,-4.223,0,0
170015,2,12.03,0.00,-6.349,-5.914,-4.243,0,0
170066,2,12.51,8.56,-6.373,-5.933,-4.209,0,0
170118,2,12.70,0.00,-6.335,-5.918,-4.214,0,0
170167,2,13.05,7.14,-6.369,-5.938,-4.233,0,0
170219,2,12.78,-10.14,-6.330,-5.957,-4.243,0,0
170270,2,12.55,0.00,-6.345,-5.966,-4.223,0,0
170322,2,12.11,-8.89,-6.359,-5.947,-4.195,0,0
170373,2,11.91,0.00,-6.340,-5.942,-4.228,0,0
170425,2,11.56,-6.67,-6.345,-5.942,-4.262,0,0
170477,2,11.36,-7.57,-6.373,-5.933,-4.228,0,0
170528,2,11.08,-5.63,-6.359,-5.938,-4.252,0,0
170580,2,11.08,0.00,-6.345,-5.933,-4.228,0,0
170629,2,10.83,-4.75,-6.378,-5.952,-4.209,0,0
170681,2,11.17,0.00,-6.349,-5.933,-4.290,0,0
170730,2,11.73,10.67,-6.340,-5.957,-4.161,0,0
170781,2,12.01,11.14,-6.393,-5.909,-4.252,0,0
170831,2,12.22,0.00,-6.345,-5.918,-4.343,0,0
170882,2,12.57,6.38,-6.321,-5.928,-4.314,0,0
170933,2,12.77,8.22,-6.378,-5.962,-4.199,0,0
170985,2,12.53,0.00,-6.359,-5.957,-4.166,0,0
171037,2,12.14,-6.93,-6.292,-5.952,-4.319,0,0
171100,2,11.74,-5.51,-6.311,-5.938,-4.228,0,0
171152,2,11.59,-5.63,-6.421,-5.895,-4.113,0,0
171202,2,11.40,-6.99,-6.311,-5.904,-4.329,0,0
171254,2,11.25,0.00,-6.316,-5.890,-4.324,0,0
171310,2,10.98,0.00,-6.479,-5.856,-4.343,0,0
171361,2,10.82,-6.11,-6.335,-5.861,-4.338,0,0
171412,2,10.97,0.00,-6.230,-5.880,-4.424,0,0
171464,2,11.46,8.58,-6.311,-5.823,-4.372,0,0
171516,2,11.65,0.00,-6.268,-5.871,-4.410,0,0
171567,2,11.86,3.19,-6.412,-5.583,-4.673,0,0
171619,2,11.96,3.87,-6.364,-5.497,-4.903,0,0
171670,2,12.08,0.00,-6.373,-5.468,-4.745,0,0
171722,2,11.98,-7.01,-6.354,-5.622,-4.520,0,0
171773,2,11.78,0.00,-6.488,-5.401,-4.664,0,0
171823,2,11.43,-7.63,-6.527,-5.210,-4.836,0,0
171874,2,11.28,-6.02,-6.105,-5.703,-4.980,0,0
171923,2,11.15,0.00,-6.005,-5.851,-4.583,0,0
171975,2,10.90,-4.33,-6.235,-5.808,-4.515,0,0
172026,2,10.78,-4.25,-6.364,-5.636,-4.611,0,0
172076,2,10.65,-3.27,-6.393,-5.435,-4.865,0,0
172128,2,10.74,6.77,-6.340,-5.602,-4.673,0,0
172180,2,10.87,5.05,-6.235,-5.679,-4.712,0,0
172231,2,11.04,0.00,-6.359,-5.535,-4.736,0,0
172283,2,11.35,4.49,-6.460,-5.373,-4.822,0,0
172334,2,11.48,0.00,-5.401,-6.120,-4.554,0,0
172386,2,11.76,5.05,-6.100,-5.646,-5.186,0,0
172438,2,11.91,5.78,-6.062,-5.674,-5.004,0,0
172488,2,11.75,-6.10,-6.033,-5.679,-4.994,0,0
172537,2,11.58,0.00,-6.048,-5.674,-4.870,0,0
172589,2,11.30,-4.87,-6.081,-5.626,-5.138,0,0
172640,2,11.16,-5.24,-5.986,-5.660,-5.138,0,0
172692,2,11.03,0.00,-6.033,-5.655,-5.013,0,0
172742,2,10.81,-3.81,-6.053,-5.665,-4.994,0,0
172814,2,10.58,-2.72,-6.172,-5.650,-4.798,0,0
172865,2,10.48,0.00,-6.024,-5.660,-5.023,0,0
172914,2,10.91,7.71,-6.029,-5.674,-5.004,0,0
172965,2,10.91,0.00,-6.009,-5.660,-5.037,0,0
173016,2,11.32,8.56,-6.120,-5.617,-5.013,0,0
173068,2,11.51,0.00,-5.770,-5.698,-5.205,0,0
173120,2,11.85,6.60,-5.837,-5.646,-5.224,0,0
173171,2,12.00,2.34,-6.091,-5.583,-5.052,0,0
173222,2,11.97,-6.02,-5.813,-5.650,-5.239,0,0
173274,2,11.77,-7.40,-5.756,-5.636,-5.368,0,0
173325,2,11.43,-6.58,-5.871,-5.655,-5.143,0,0
173376,2,11.43,0.00,-5.966,-5.602,-5.229,0,0
173427,2,11.19,-4.27,-5.861,-5.684,-5.109,0,0
173479,2,11.08,-4.34,-5.966,-5.674,-5.286,0,0
173531,2,10.88,-2.52,-5.966,-5.679,-5.013,0,0
173581,2,10.79,-3.64,-5.947,-5.650,-5.363,0,0
173633,2,10.69,0.00,-5.952,-5.737,-5.033,0,0
173685,2,11.11,8.46,-5.933,-5.789,-5.047,0,0
173734,2,11.31,7.79,-7.570,-3.539,-1.044,0,0
173785,2,11.54,0.00,-5.066,-6.910,-4.726,0,0
173835,2,12.01,11.16,-6.713,-5.665,-3.630,0,0
173886,2,12.33,12.93,-6.924,-5.186,-5.205,0,0
173938,2,12.62,0.00,-5.430,-5.928,-3.414,0,0
173989,2,12.22,-7.44,-6.728,-5.488,-4.975,0,0
174041,2,11.98,0.00,-5.770,-5.650,-3.314,0,0
174092,2,11.64,-7.03,-3.596,-8.653,-5.593,0,0
174144,2,11.50,-5.07,-5.090,-8.543,-6.967,0,0
174196,2,11.35,0.00,-7.384,-8.068,-5.258,0,0
174247,2,11.06,-5.57,-6.962,-9.644,-2.002,0,0
174313,2,10.83,-2.78,-8.231,-8.169,0.038,0,0
174364,2,10.83,0.00,-7.384,-6.364,2.926,0,0
174415,2,11.50,29.72,-6.076,-5.013,4.334,0,0
174467,2,12.17,0.00,-4.171,-4.712,5.243,0,0
174519,2,13.26,19.62,-3.376,-4.779,5.995,0,0
174570,2,13.77,19.17,-3.357,-4.319,6.378,0,0
174622,2,14.26,0.00,-3.735,-4.195,7.106,0,0
174673,2,15.09,13.76,-3.203,-4.219,7.010,0,0
174725,2,14.71,0.00,-3.644,-3.706,6.531,0,0
174776,2,14.01,-13.27,-4.372,-2.500,6.244,0,0
174826,2,13.72,-11.44,-2.768,-5.923,6.436,0,0
174877,2,13.43,0.00,-1.887,-7.120,5.488,0,0
174926,2,12.89,-10.89,-1.317,-8.150,5.109,0,0
174978,2,12.68,-8.42,-1.954,-8.188,4.788,0,0
175029,2,12.46,0.00,-2.595,-10.487,4.966,0,0
175081,2,12.29,-4.18,-2.116,-10.324,4.243,0,0
175133,2,11.86,-7.44,-2.207,-7.695,3.098,0,0
175185,2,12.95,0.00,-3.347,-8.260,5.080,0,0
175236,2,15.07,33.05,-2.212,-7.695,6.292,0,0
175288,2,16.42,0.00,-4.099,-7.527,5.904,0,0
175338,2,17.60,43.67,-4.918,-7.326,5.492,0,0
175390,2,18.80,0.00,-4.223,-8.068,4.338,0,0
175441,2,20.35,21.94,-4.836,-8.653,3.371,0,0
175493,2,19.65,0.00,-4.257,-7.657,5.454,0,0
175544,2,18.41,-24.26,-2.634,-7.652,6.460,0,0
175596,2,17.84,-21.06,-2.892,-7.140,6.100,0,0
175648,2,16.83,-18.47,-3.467,-6.345,5.756,0,0
175699,2,16.35,-18.98,-1.575,-7.705,5.856,0,0
175749,2,15.90,0.00,-2.830,-7.154,5.454,0,0
175814,2,15.14,0.00,-2.241,-6.737,5.243,0,0
175865,2,15.90,43.19,-2.691,-6.464,5.765,0,0
175917,2,16.97,39.86,-2.274,-6.297,6.191,0,0
175968,2,18.00,0.00,-2.887,-6.958,6.445,0,0
176019,2,18.92,34.07,-3.290,-6.771,6.321,0,0
176070,2,19.78,0.00,-2.840,-6.661,7.312,0,0
176122,2,21.25,26.14,-2.308,-6.790,8.231,0,0
176174,2,21.92,0.00,-2.744,-7.518,10.755,0,0
176225,2,21.68,-30.55,-4.659,-6.067,6.081,0,0
176277,2,20.89,-31.68,-4.616,-5.382,6.469,0,0
176328,2,20.16,0.00,-6.172,-4.587,5.823,0,0
176380,2,18.84,-23.12,-6.009,-4.769,6.934,0,0
176432,2,18.24,0.00,-4.367,-4.266,8.997,0,0
176483,2,17.14,-19.61,-3.764,-4.128,8.744,0,0
176535,2,16.64,-18.35,-4.243,-4.252,8.006,0,0
176587,2,16.15,-14.50,-6.627,-5.119,6.158,0,0
176638,2,15.74,0.00,-3.778,-3.812,9.021,0,0
176690,2,16.53,13.04,-3.242,-4.209,7.585,0,0
176740,2,16.92,0.00,-3.371,-4.650,6.919,0,0
176790,2,17.61,13.82,-5.669,-5.875,5.794,0,0
176841,2,17.92,12.39,-7.523,-5.890,5.468,0,0
176891,2,18.28,0.00,-6.440,-5.641,5.258,0,0
176943,2,18.97,14.93,-5.756,-5.909,5.071,0,0
176994,2,18.39,-21.68,-5.574,-6.148,5.497,0,0
177046,2,17.83,0.00,-5.162,-6.005,5.219,0,0
177097,2,16.84,-17.57,-5.564,-6.330,4.846,0,0
177149,2,16.35,-18.15,-5.478,-6.311,4.822,0,0
177201,2,15.55,-15.29,-6.412,-6.857,4.664,0,0
177252,2,15.19,-13.61,-5.990,-7.101,3.697,0,0
177304,2,14.46,-12.33,-5.023,-6.828,3.721,0,0
177355,2,14.15,-11.49,-4.913,-6.871,4.132,0,0
177406,2,15.16,37.28,-4.927,-6.747,4.999,0,0
177457,2,16.11,35.38,-5.057,-6.981,5.746,0,0
177509,2,16.98,0.00,-4.468,-6.680,5.593,0,0
177561,2,18.51,27.98,-4.812,-6.651,5.593,0,0
177612,2,19.14,0.00,-4.405,-6.349,5.971,0,0
177664,2,20.18,17.26,-4.017,-6.019,6.723,0,0
177716,2,20.55,13.79,-4.482,-6.000,7.044,0,0
177766,2,19.85,0.00,-4.051,-5.823,6.579,0,0
177817,2,18.55,-25.35,-4.166,-5.813,6.689,0,0
177867,2,17.95,-23.88,-4.319,-5.770,6.833,0,0
177919,2,17.41,0.00,-4.434,-5.722,6.823,0,0
177971,2,16.41,-20.04,-4.238,-5.602,7.010,0,0
178023,2,15.96,-16.53,-3.922,-5.420,7.072,0,0
178078,2,15.16,-9.02,-4.204,-5.468,7.661,0,0
178129,2,14.80,-13.35,-3.601,-5.157,7.384,0,0
178180,2,15.31,18.93,-3.850,-5.262,7.633,0,0
178232,2,16.26,16.82,-3.692,-5.152,7.681,0,0
178284,2,16.67,15.39,-3.788,-5.152,7.690,0,0
178335,2,17.10,0.00,-3.682,-5.148,7.728,0,0
178387,2,17.82,14.38,-3.419,-4.970,7.714,0,0
178438,2,18.15,11.96,-3.577,-5.033,7.987,0,0
178490,2,17.87,-22.57,-3.548,-4.990,7.944,0,0
178542,2,17.35,-21.11,-3.175,-4.942,7.887,0,0
178593,2,16.80,0.00,-3.189,-4.956,7.819,0,0
178645,2,15.85,-17.85,-3.122,-4.865,8.054,0,0
178697,2,15.42,0.00,-3.725,-4.990,7.915,0,0
178747,2,14.63,-14.92,-3.994,-5.071,7.398,0,0
178797,2,14.26,-14.45,-4.310,-5.693,6.914,0,0
178848,2,13.94,-9.51,-4.214,-5.986,6.436,0,0
178898,2,13.62,-12.10,-4.137,-6.187,6.790,0,0
178949,2,15.71,37.58,-4.008,-5.784,7.168,0,0
179001,2,16.69,36.28,-3.931,-5.995,7.005,0,0
179053,2,17.66,0.00,-3.984,-5.933,6.704,0,0
179104,2,19.38,30.88,-3.869,-5.899,6.790,0,0
179156,2,20.19,30.06,-3.998,-5.928,6.996,0,0
179207,2,20.20,-27.99,-4.348,-6.072,6.972,0,0
179259,2,19.52,-27.22,-4.367,-6.000,6.646,0,0
179311,2,18.88,0.00,-4.611,-6.110,5.933,0,0
179361,2,17.67,-22.09,-4.621,-5.995,6.196,0,0
179413,2,17.12,-22.06,-4.937,-5.986,5.971,0,0
179465,2,16.12,-17.83,-5.248,-6.215,5.737,0,0
179516,2,15.71,-16.32,-5.234,-6.120,6.167,0,0
179580,2,14.89,-10.08,-4.822,-5.938,6.268,0,0
179631,2,14.89,0.00,-5.152,-6.048,6.249,0,0
179682,2,15.70,44.18,-5.157,-6.383,6.076,0,0
179735,2,16.82,41.59,-4.937,-6.603,6.321,0,0
179785,2,18.83,38.17,-3.955,-6.330,6.483,0,0
179836,2,19.75,36.81,-4.175,-6.038,6.100,0,0
179886,2,20.59,33.12,-5.138,-6.201,6.847,0,0
179938,2,22.16,27.47,-3.922,-6.464,7.264,0,0
179989,2,21.35,-30.16,-2.188,-6.833,7.470,0,0
180041,2,20.54,0.00,-2.682,-7.389,6.603,0,0
180093,2,19.14,-26.12,-2.926,-7.513,6.584,0,0
180144,2,18.52,-22.93,-2.461,-7.374,6.244,0,0
180196,2,17.37,-20.26,-1.135,-7.192,6.076,0,0
180247,2,16.84,-19.44,-1.006,-7.068,5.674,0,0
180299,2,16.36,0.00,-1.001,-7.293,5.210,0,0
180351,2,15.91,-12.21,-1.365,-6.919,6.421,0,0
180400,2,15.16,-11.15,-2.859,-7.441,5.612,0,0
180452,2,16.30,0.00,-2.931,-6.977,6.129,0,0
180503,2,18.44,43.14,-3.807,-6.881,6.220,0,0
180555,2,19.43,36.64,-4.640,-6.756,4.626,0,0
180607,2,20.43,0.00,-5.243,-6.177,5.588,0,0
180658,2,22.34,34.67,-6.038,-7.728,4.506,0,0
180710,2,23.23,0.00,-4.266,-7.264,6.110,0,0
180760,2,21.51,-32.91,-3.893,-7.034,5.976,0,0
180811,2,20.75,-29.28,-3.218,-6.163,5.674,0,0
180861,2,19.99,0.00,-3.812,-6.622,5.464,0,0
180914,2,18.69,-24.14,-3.472,-7.269,8.021,0,0
180965,2,18.06,-25.29,-0.833,-6.115,3.270,0,0
181017,2,17.51,0.00,-4.482,-8.394,8.207,0,0
181080,2,16.46,-12.47,-3.261,-7.125,3.347,0,0
181131,2,16.01,-16.86,-3.213,-7.460,5.545,0,0
181182,2,17.16,0.00,-2.255,-7.958,6.651,0,0
181234,2,19.15,35.90,-1.824,-6.981,6.809,0,0
181286,2,20.04,32.75,-2.083,-7.163,6.953,0,0
181337,2,20.82,-0.50,-2.533,-7.235,6.570,0,0
181389,2,22.29,28.76,-2.753,-7.240,6.148,0,0
181438,2,23.86,24.60,-2.921,-7.465,6.172,0,0
181490,2,22.96,-36.24,-2.959,-7.360,5.827,0,0
181542,2,22.12,0.00,-2.916,-7.403,6.053,0,0
181592,2,21.27,-31.41,-3.050,-7.436,5.555,0,0
181644,2,20.52,0.00,-3.275,-7.604,5.277,0,0
181695,2,19.13,-25.19,-3.151,-7.709,5.248,0,0
181745,2,18.53,0.00,-2.883,-7.542,5.957,0,0
181796,2,17.40,-21.64,-2.691,-7.393,6.120,0,0
181845,2,16.87,-17.48,-2.715,-7.341,6.407,0,0
181895,2,16.39,0.00,-2.643,-7.283,6.191,0,0
181947,2,18.49,37.59,-2.806,-7.374,6.024,0,0
181999,2,19.45,38.12,-2.878,-7.551,5.861,0,0
182050,2,21.19,30.17,-2.897,-7.393,5.962,0,0
182102,2,21.98,29.21,-2.557,-7.245,6.134,0,0
182151,2,22.71,0.00,-2.835,-7.403,6.479,0,0
182203,2,23.35,-0.82,-2.710,-7.283,6.110,0,0
182253,2,23.35,0.00,-2.768,-7.331,6.201,0,0
182305,2,21.62,-33.98,-2.725,-7.245,6.134,0,0
182356,2,20.86,0.00,-2.873,-7.302,6.096,0,0
182408,2,19.44,-25.17,-2.653,-7.283,5.990,0,0
182459,2,18.79,-25.87,-2.887,-7.288,6.230,0,0
182511,2,18.20,0.00,-2.792,-7.207,6.263,0,0
182581,2,16.64,-14.54,-2.528,-7.082,6.531,0,0
182632,2,16.64,0.00,-2.533,-7.168,6.584,0,0
182683,2,17.18,39.79,-2.610,-7.183,6.378,0,0
182736,2,18.21,0.00,-2.466,-7.163,6.416,0,0
182786,2,19.98,33.48,-2.610,-7.250,6.397,0,0
182837,2,20.76,31.12,-2.562,-7.187,6.397,0,0
182887,2,21.59,0.00,-2.514,-7.163,6.340,0,0
182936,2,22.99,25.81,-2.638,-7.096,6.469,0,0
182988,2,22.16,-30.57,-2.581,-7.125,6.393,0,0
183039,2,21.37,0.00,-2.710,-7.106,6.440,0,0
183091,2,19.90,-25.64,-2.523,-7.216,6.292,0,0
183143,2,19.21,0.00,-2.591,-7.178,6.584,0,0
183194,2,18.04,-23.31,-2.456,-7.149,6.546,0,0
183246,2,17.53,-18.90,-2.480,-7.183,6.421,0,0
183297,2,16.57,-18.17,-2.533,-7.178,6.206,0,0
183349,2,16.57,0.00,-2.835,-7.240,6.235,0,0
183401,2,15.66,-16.49,-2.476,-7.221,6.383,0,0
183453,2,16.77,0.00,-2.298,-7.168,6.579,0,0
183503,2,18.72,30.95,-2.404,-7.269,6.503,0,0
183555,2,19.83,0.00,-2.557,-7.159,6.335,0,0
183606,2,21.41,27.88,-2.729,-7.221,6.287,0,0
183657,2,21.41,0.00,-2.495,-7.240,6.321,0,0
183708,2,22.83,25.87,-2.298,-7.187,6.522,0,0
183759,2,21.99,0.00,-2.284,-7.144,6.584,0,0
183809,2,20.45,-29.82,-2.461,-7.140,6.507,0,0
183860,2,19.76,-27.65,-2.466,-7.163,6.464,0,0
183909,2,19.13,0.00,-2.523,-7.183,6.570,0,0
183961,2,17.93,-20.76,-2.461,-7.125,6.373,0,0
184013,2,17.41,-19.42,-2.543,-7.211,6.383,0,0
184082,2,16.43,-15.73,-2.466,-7.240,6.445,0,0
184133,2,15.98,-16.73,-2.519,-7.183,6.340,0,0
184184,2,16.88,0.00,-2.514,-7.211,6.416,0,0
184236,2,18.80,34.61,-2.409,-7.163,6.455,0,0
184288,2,19.72,33.34,-2.480,-7.202,6.445,0,0
184339,2,21.31,28.48,-2.495,-7.207,6.373,0,0
184391,2,22.02,28.34,-2.380,-7.135,6.517,0,0
184442,2,22.71,0.00,-2.380,-7.168,6.469,0,0
184494,2,22.50,-32.33,-2.394,-7.197,6.445,0,0
184546,2,21.69,0.00,-2.389,-7.183,6.503,0,0
184597,2,20.18,-26.33,-2.413,-7.187,6.402,0,0
184649,2,19.51,-24.80,-2.380,-7.159,6.373,0,0
184701,2,18.27,-21.57,-2.394,-7.192,6.483,0,0
184751,2,17.72,-21.86,-2.356,-7.168,6.598,0,0
184801,2,17.20,-21.54,-2.409,-7.178,6.460,0,0
184852,2,16.72,-12.55,-2.370,-7.240,6.397,0,0
184903,2,16.22,-0.56,-2.375,-7.183,6.507,0,0
184953,2,18.30,40.13,-2.284,-7.173,6.522,0,0
185004,2,19.19,34.00,-2.337,-7.187,6.421,0,0
185055,2,20.09,0.00,-2.428,-7.221,6.431,0,0
185107,2,21.62,27.97,-2.327,-7.207,6.440,0,0
185159,2,22.30,0.00,-2.490,-7.197,6.493,0,0
185210,2,23.61,24.23,-2.346,-7.207,6.517,0,0
185262,2,22.74,-32.31,-2.365,-7.168,6.479,0,0
185314,2,21.09,-30.03,-2.342,-7.140,6.474,0,0
185365,2,20.35,-27.49,-2.375,-7.168,6.493,0,0
185417,2,19.66,0.00,-2.318,-7.135,6.522,0,0
185468,2,18.42,-22.16,-2.097,-7.101,6.723,0,0
185520,2,17.84,-21.29,-2.222,-7.082,6.618,0,0
185571,2,16.82,-19.36,-2.193,-7.072,6.665,0,0
185621,2,16.36,-18.17,-2.169,-7.068,6.598,0,0
185672,2,17.38,37.59,-2.236,-7.053,6.665,0,0
185721,2,18.30,34.06,-2.021,-7.025,6.766,0,0
185772,2,19.13,0.00,-2.097,-6.986,6.838,0,0
185822,2,20.76,30.46,-2.059,-6.972,6.819,0,0
185873,2,21.47,28.20,-2.169,-7.010,6.752,0,0
185923,2,22.15,0.00,-2.112,-7.005,6.780,0,0
185974,2,23.38,25.62,-2.102,-7.010,6.771,0,0
186024,2,22.46,-35.51,-2.160,-7.039,6.761,0,0
186075,2,21.65,0.00,-2.078,-6.986,6.771,0,0
186127,2,20.12,-27.97,-2.150,-7.015,6.790,0,0
186179,2,19.45,-24.82,-2.121,-7.020,6.766,0,0
186230,2,18.21,-24.40,-2.088,-6.972,6.761,0,0
186282,2,17.67,-19.92,-2.184,-6.996,6.670,0,0
186345,2,16.66,-10.71,-2.078,-6.991,6.833,0,0
186396,2,16.20,-17.25,-2.059,-6.986,6.862,0,0
186447,2,17.19,36.77,-2.136,-7.020,6.761,0,0
186499,2,18.95,30.88,-2.083,-6.967,6.833,0,0
186551,2,19.76,30.04,-2.002,-6.977,6.795,0,0
186602,2,20.51,0.00,-2.097,-6.981,6.895,0,0
186654,2,21.85,25.86,-2.035,-6.953,6.852,0,0
186706,2,22.48,23.14,-2.025,-6.953,6.852,0,0
186756,2,22.43,0.00,-2.025,-6.938,6.852,0,0
186806,2,20.85,-30.72,-2.054,-6.967,6.847,0,0
186857,2,20.12,-29.06,-1.978,-6.981,6.833,0,0
186907,2,19.45,0.00,-1.982,-6.934,6.819,0,0
186958,2,18.19,-25.33,-2.021,-6.981,6.857,0,0
187008,2,17.64,-21.86,-2.002,-6.958,6.900,0,0
187060,2,16.64,-17.57,-1.939,-6.967,6.843,0,0
187109,2,16.17,-10.53,-2.083,-7.001,6.809,0,0
187161,2,15.74,-15.97,-1.944,-6.962,6.833,0,0
187213,2,17.66,35.95,-1.978,-6.977,6.857,0,0
187264,2,18.52,34.41,-1.915,-6.953,6.910,0,0
187316,2,19.30,0.00,-1.877,-6.728,7.144,0,0
187367,2,20.79,27.15,-2.016,-6.919,6.637,0,0
187419,2,21.48,25.71,-1.978,-6.948,6.718,0,0
187471,2,21.30,-29.97,-1.829,-6.895,7.005,0,0
187521,2,21.30,0.00,-1.963,-6.962,6.881,0,0
187570,2,19.87,-28.56,-1.915,-6.938,6.910,0,0
187622,2,18.60,-17.71,-1.853,-6.905,6.996,0,0
187674,2,18.00,-23.86,-1.944,-6.962,6.871,0,0
187726,2,17.49,0.00,-1.863,-6.929,6.929,0,0
187777,2,16.50,-18.34,-2.073,-6.953,6.924,0,0
187847,2,15.64,-19.29,-1.839,-6.924,7.025,0,0
187898,2,15.21,-16.50,-1.872,-6.919,7.029,0,0
187948,2,16.25,0.00,-1.901,-6.919,6.919,0,0
188000,2,18.08,31.99,-1.786,-6.886,6.996,0,0
188050,2,18.08,0.00,-1.820,-6.881,6.977,0,0
188102,2,19.72,29.74,-1.863,-6.881,6.981,0,0
188153,2,20.44,26.61,-1.848,-6.900,7.010,0,0
188205,2,21.13,0.00,-1.877,-6.891,7.025,0,0
188256,2,21.00,-30.55,-1.887,-6.895,6.948,0,0
188308,2,20.28,0.00,-1.935,-6.919,6.938,0,0
188360,2,18.91,-24.27,-1.920,-6.929,6.948,0,0
188411,2,18.30,-24.76,-1.949,-6.910,6.886,0,0
188463,2,17.79,1.03,-1.939,-6.929,6.986,0,0
188515,2,16.76,-18.39,-1.949,-6.953,6.938,0,0
188566,2,16.31,0.00,-2.030,-6.905,6.886,0,0
188618,2,15.90,-10.70,-1.982,-6.924,6.867,0,0
188667,2,16.15,23.93,-2.006,-6.929,6.900,0,0
188719,2,17.14,36.54,-2.006,-6.943,6.891,0,0
188769,2,18.07,0.00,-1.987,-6.914,6.823,0,0
188820,2,19.76,31.74,-2.025,-6.934,6.886,0,0
188870,2,20.55,31.68,-2.025,-6.929,6.891,0,0
188921,2,21.28,0.00,-2.049,-6.958,6.809,0,0
188971,2,22.62,26.44,-2.049,-6.934,6.847,0,0
189022,2,21.79,0.00,-1.992,-6.924,6.914,0,0
189074,2,20.28,-26.44,-2.064,-6.929,6.847,0,0
189125,2,19.59,-25.60,-1.963,-6.914,6.895,0,0
189177,2,18.95,0.00,-2.073,-6.895,6.910,0,0
189229,2,17.82,-19.85,-2.011,-6.924,6.891,0,0
189280,2,17.31,0.00,-2.049,-6.910,6.891,0,0
189349,2,16.35,-9.86,-2.045,-6.943,6.891,0,0
189400,2,15.91,-16.21,-2.064,-6.934,6.867,0,0
189451,2,16.92,0.00,-2.030,-6.881,6.938,0,0
189503,2,18.72,31.92,-2.002,-6.900,6.847,0,0
189555,2,19.54,30.50,-2.059,-6.919,6.938,0,0
189606,2,20.28,0.00,-2.040,-6.919,6.871,0,0
189658,2,21.70,27.75,-2.049,-6.914,6.847,0,0
189709,2,23.09,21.12,-1.992,-6.914,6.910,0,0
189759,2,22.22,-34.81,-2.021,-6.914,6.905,0,0
189810,2,21.39,0.00,-2.035,-6.929,6.881,0,0
189860,2,19.90,-29.12,-2.006,-6.910,6.857,0,0
189913,2,19.24,-24.68,-1.992,-6.943,6.938,0,0
189964,2,18.62,0.00,-1.987,-6.929,6.886,0,0
190015,2,18.03,-21.58,-1.968,-6.972,6.881,0,0
190066,2,17.53,0.99,-2.006,-6.934,6.953,0,0
190117,2,16.52,-17.31,-2.006,-6.938,6.891,0,0
190169,2,16.05,0.00,-1.949,-6.943,6.919,0,0
190221,2,17.93,34.57,-1.987,-6.958,6.886,0,0
190272,2,18.75,32.58,-1.954,-6.934,6.867,0,0
190324,2,20.29,27.99,-2.016,-6.962,6.886,0,0
190376,2,20.97,25.19,-1.963,-6.924,6.847,0,0
190427,2,21.62,0.00,-2.006,-6.967,6.881,0,0
190479,2,21.66,-21.59,-2.040,-6.943,6.914,0,0
190530,2,20.86,-29.54,-1.954,-6.900,6.895,0,0
190582,2,19.48,-24.18,-2.016,-6.953,6.843,0,0
190634,2,18.85,-23.43,-1.949,-6.914,6.871,0,0
190685,2,18.23,0.00,-2.006,-6.919,7.010,0,0
190738,2,17.15,-20.55,-1.987,-6.919,6.876,0,0
190788,2,16.65,-20.15,-2.040,-6.938,6.886,0,0
190851,2,15.79,-11.24,-1.997,-6.934,6.867,0,0
190902,2,15.36,-16.58,-2.035,-6.929,6.862,0,0
190952,2,16.38,37.56,-1.930,-6.886,6.934,0,0
191004,2,17.31,34.68,-2.025,-6.924,6.900,0,0
191055,2,19.06,31.40,-2.021,-6.919,6.871,0,0
191107,2,19.81,27.99,-2.025,-6.905,6.934,0,0
191158,2,20.54,0.00,-1.992,-6.910,6.910,0,0
191210,2,21.90,23.14,-2.078,-6.914,6.895,0,0
191259,2,21.10,-29.54,-1.887,-6.876,6.914,0,0
191311,2,19.65,-29.54,-2.059,-6.881,6.967,0,0
191362,2,18.98,-24.76,-2.054,-6.934,6.891,0,0
191414,2,18.40,0.00,-2.011,-6.895,6.943,0,0
191466,2,17.27,-21.42,-1.978,-6.914,6.924,0,0
191517,2,16.78,0.00,-2.107,-6.943,6.886,0,0
191569,2,15.85,-16.32,-1.958,-6.886,6.924,0,0
191618,2,15.86,0.42,-2.049,-6.905,6.919,0,0
191670,2,15.01,-15.48,-2.054,-6.914,6.881,0,0
191722,2,16.09,0.00,-2.002,-6.910,6.924,0,0
191774,2,17.96,28.77,-2.025,-6.914,6.886,0,0
191825,2,19.01,0.00,-2.011,-6.924,6.871,0,0
191875,2,20.51,28.66,-2.054,-6.910,6.891,0,0
191928,2,21.24,27.11,-1.973,-6.910,6.967,0,0
191978,2,21.88,23.64,-2.021,-6.891,6.905,0,0
192030,2,21.08,0.00,-2.059,-6.919,6.843,0,0
192081,2,19.67,-25.53,-1.963,-6.919,6.895,0,0
192133,2,19.00,-24.78,-2.025,-6.929,6.886,0,0
192184,2,18.36,0.00,-1.987,-6.914,6.900,0,0
192236,2,17.27,-19.59,-2.016,-6.938,6.871,0,0
192288,2,16.75,0.00,-2.002,-6.953,6.886,0,0
192349,2,15.83,-18.73,-1.997,-6.938,6.910,0,0
192401,2,15.41,-16.62,-1.978,-6.938,6.924,0,0
192452,2,16.43,0.00,-2.006,-6.919,6.895,0,0
192504,2,18.23,32.81,-2.016,-6.895,6.934,0,0
192556,2,19.08,31.49,-1.925,-6.871,6.924,0,0
192607,2,20.58,26.65,-2.035,-6.934,6.895,0,0
192659,2,21.25,26.74,-1.982,-6.919,6.924,0,0
192710,2,21.84,0.00,-1.939,-6.905,6.943,0,0
192761,2,21.62,-34.00,-2.045,-6.924,6.914,0,0
192811,2,20.85,-29.28,-1.982,-6.943,6.953,0,0
192862,2,20.11,0.00,-2.002,-6.900,6.919,0,0
192912,2,18.81,-24.76,-2.049,-6.929,6.871,0,0
192963,2,18.17,-25.35,-2.006,-6.910,6.914,0,0
193013,2,17.61,0.00,-1.987,-6.910,6.934,0,0
193065,2,16.61,-17.55,-2.021,-6.938,6.857,0,0
193114,2,16.15,-10.09,-2.035,-6.914,6.871,0,0
193166,2,15.70,0.00,-2.002,-6.919,6.991,0,0
193218,2,17.65,35.95,-2.006,-6.924,6.862,0,0
193269,2,18.50,0.00,-2.035,-6.919,6.867,0,0
193321,2,20.07,27.45,-1.997,-6.914,6.943,0,0
193372,2,20.78,26.55,-1.978,-6.905,6.919,0,0
193424,2,21.48,0.00,-2.006,-6.914,6.891,0,0
193476,2,22.67,21.78,-2.025,-6.919,6.938,0,0
193526,2,21.83,-30.91,-1.992,-6.919,6.900,0,0
193578,2,21.02,-32.41,-1.944,-6.910,6.919,0,0
193629,2,20.29,0.00,-2.006,-6.929,6.905,0,0
193681,2,18.93,-24.29,-1.997,-6.905,6.914,0,0
193730,2,18.34,0.00,-1.987,-6.886,6.934,0,0
193781,2,17.19,-22.40,-1.982,-6.900,6.967,0,0
193832,2,16.70,-7.33,-1.987,-6.905,6.900,0,0
193884,2,15.77,-18.19,-1.992,-6.895,6.910,0,0
193935,2,16.77,38.16,-2.002,-6.900,6.914,0,0
193985,2,17.70,0.00,-1.978,-6.900,6.953,0,0
194035,2,19.39,33.07,-1.920,-6.871,6.924,0,0
194087,2,20.13,27.37,-2.011,-6.914,6.881,0,0
194139,2,20.80,0.00,-1.997,-6.895,6.929,0,0
194189,2,21.44,23.94,-1.982,-6.871,6.953,0,0
194240,2,22.06,-0.30,-2.002,-6.891,6.924,0,0
194292,2,21.28,-29.02,-1.982,-6.886,6.929,0,0
194344,2,20.51,0.00,-2.049,-6.900,6.943,0,0
194395,2,19.15,-24.27,-1.982,-6.891,6.962,0,0
194447,2,18.53,-22.93,-1.954,-6.871,6.967,0,0
194499,2,17.36,-21.56,-1.992,-6.881,6.919,0,0
194550,2,16.86,-18.41,-1.987,-6.900,6.934,0,0
194606,2,15.95,-10.42,-1.992,-6.871,6.977,0,0
194657,2,15.95,0.00,-1.978,-6.900,6.958,0,0
194708,2,16.51,36.41,-1.997,-6.886,6.958,0,0
194759,2,17.45,0.00,-1.949,-6.891,6.934,0,0
194809,2,19.15,32.35,-1.978,-6.905,6.924,0,0
194860,2,19.89,29.58,-1.987,-6.886,6.981,0,0
194910,2,20.64,0.00,-1.992,-6.891,6.871,0,0
194961,2,21.94,26.40,-2.011,-6.881,6.977,0,0
195011,2,21.16,-31.48,-1.958,-6.867,6.943,0,0
195062,2,20.42,0.00,-2.025,-6.919,6.934,0,0
195114,2,19.07,-23.40,-1.978,-6.895,6.948,0,0
195166,2,18.47,-22.41,-1.982,-6.886,6.891,0,0
195217,2,17.91,0.56,-2.006,-6.900,6.996,0,0
195269,2,16.86,-18.91,-2.006,-6.895,6.934,0,0
195321,2,16.41,0.00,-2.030,-6.910,6.905,0,0
195370,2,15.54,-19.33,-1.949,-6.905,6.919,0,0
195422,2,15.14,-14.64,-2.002,-6.891,6.958,0,0
195474,2,16.18,0.00,-2.016,-6.900,6.905,0,0
195525,2,18.01,35.86,-1.963,-6.910,6.943,0,0
195577,2,18.89,32.54,-1.973,-6.895,7.001,0,0
195628,2,20.40,27.13,-1.987,-6.900,6.910,0,0
195680,2,21.08,24.97,-2.011,-6.881,6.924,0,0
195732,2,21.73,0.00,-2.006,-6.900,6.948,0,0
195783,2,20.27,-29.12,-2.016,-6.905,6.905,0,0
195833,2,19.60,-25.95,-1.949,-6.919,6.962,0,0
195886,2,18.94,-11.91,-1.987,-6.905,6.905,0,0
195936,2,17.82,-21.86,-2.021,-6.910,6.895,0,0
195987,2,17.32,-19.97,-2.006,-6.914,6.924,0,0
196037,2,16.81,0.00,-1.968,-6.891,6.972,0,0
196107,2,15.92,-9.77,-2.059,-6.900,6.929,0,0
196158,2,15.54,-14.14,-2.045,-6.919,6.886,0,0
196209,2,16.22,0.00,-1.935,-6.871,6.972,0,0
196261,2,18.13,35.11,-2.021,-6.919,6.905,0,0
196313,2,18.97,0.00,-2.035,-6.924,6.876,0,0
196364,2,20.51,27.97,-1.973,-6.900,6.934,0,0
196416,2,21.21,27.75,-2.021,-6.919,6.895,0,0
196468,2,21.85,0.00,-2.025,-6.929,6.948,0,0
196519,2,21.71,-29.02,-2.002,-6.881,6.938,0,0
196571,2,20.96,0.00,-1.987,-6.929,6.905,0,0
196622,2,19.61,-23.77,-2.030,-6.905,6.953,0,0
196674,2,18.95,-24.37,-1.954,-6.876,6.934,0,0
196723,2,18.36,0.00,-2.059,-6.919,6.929,0,0
196774,2,17.34,-18.96,-2.011,-6.919,6.914,0,0
196824,2,16.85,-18.87,-1.997,-6.886,7.015,0,0
196875,2,16.38,-12.81,-2.002,-6.914,6.871,0,0
196926,2,15.96,0.00,-2.054,-6.938,6.910,0,0
196976,2,17.94,38.78,-1.973,-6.905,6.900,0,0
197026,2,18.80,33.13,-2.030,-6.914,6.895,0,0
197078,2,19.61,0.00,-2.016,-6.938,6.886,0,0
197130,2,21.05,25.28,-1.935,-6.905,6.943,0,0
197181,2,21.67,0.00,-2.011,-6.919,6.891,0,0
197233,2,22.88,24.09,-2.025,-6.905,6.876,0,0
197284,2,22.03,-31.39,-1.982,-6.895,6.962,0,0
197336,2,20.53,-27.36,-2.021,-6.914,6.948,0,0
197385,2,19.83,-26.12,-2.016,-6.919,6.900,0,0
197437,2,19.18,0.00,-1.997,-6.871,6.958,0,0
197487,2,18.58,-22.07,-1.954,-6.886,6.981,0,0
197536,2,18.01,0.00,-2.021,-6.910,6.910,0,0
197608,2,16.48,-11.93,-2.011,-6.910,6.934,0,0
197659,2,16.02,-16.82,-1.939,-6.891,6.958,0,0
197710,2,16.98,35.38,-2.025,-6.886,6.977,0,0
197761,2,17.88,0.00,-2.040,-6.891,6.938,0,0
197811,2,19.56,31.31,-1.939,-6.881,6.938,0,0
197862,2,20.32,30.15,-2.011,-6.871,6.914,0,0
197912,2,21.02,0.00,-2.016,-6.876,6.929,0,0
197966,2,22.33,18.16,-1.982,-6.886,6.914,0,0
198016,2,21.15,-30.01,-2.035,-6.881,6.895,0,0
198068,2,20.43,-26.85,-1.968,-6.876,6.991,0,0
198118,2,19.75,-25.10,-1.958,-6.891,6.924,0,0
198170,2,19.13,-23.01,-2.035,-6.891,6.924,0,0
198221,2,17.98,-19.76,-2.035,-6.900,6.905,0,0
198273,2,17.46,-18.92,-2.025,-6.876,6.981,0,0
198324,2,16.99,0.00,-1.954,-6.886,6.962,0,0
198375,2,16.10,-15.57,-2.002,-6.895,6.934,0,0
198427,2,15.67,-15.85,-2.035,-6.905,6.900,0,0
198478,2,17.55,34.57,-1.958,-6.891,6.948,0,0
198530,2,18.42,34.59,-1.958,-6.914,6.958,0,0
198581,2,19.24,0.00,-2.054,-6.886,6.919,0,0
198633,2,20.72,26.55,-2.002,-6.895,6.938,0,0
198682,2,21.36,23.92,-1.968,-6.900,6.972,0,0
198734,2,22.02,1.11,-1.992,-6.914,6.953,0,0
198785,2,20.47,-29.14,-2.011,-6.919,6.905,0,0
198835,2,19.78,-27.65,-1.978,-6.914,6.934,0,0
198886,2,19.16,0.54,-1.992,-6.910,6.900,0,0
198936,2,17.95,-21.66,-1.997,-6.910,6.958,0,0
198986,2,17.43,-21.52,-1.935,-6.900,6.924,0,0
199038,2,16.47,-17.35,-2.025,-6.914,6.914,0,0
199109,2,16.04,-9.13,-1.963,-6.919,6.972,0,0
199160,2,15.62,-15.50,-2.006,-6.914,6.938,0,0
199211,2,16.22,37.25,-1.987,-6.919,6.891,0,0
199263,2,17.13,33.54,-1.992,-6.924,6.905,0,0
199315,2,18.05,0.00,-1.978,-6.891,6.953,0,0
199366,2,19.66,29.29,-1.987,-6.900,6.991,0,0
199418,2,20.37,0.00,-2.011,-6.910,6.857,0,0
199470,2,21.71,24.48,-1.963,-6.900,6.881,0,0
199521,2,20.95,-28.18,-2.002,-6.905,6.962,0,0
199573,2,20.22,0.00,-1.963,-6.886,6.905,0,0
199624,2,18.90,-22.93,-1.997,-6.900,6.953,0,0
199676,2,18.31,0.00,-1.978,-6.910,6.895,0,0
199725,2,17.20,-20.86,-2.002,-6.891,6.938,0,0
199776,2,16.73,-18.94,-1.944,-6.905,6.967,0,0
199826,2,16.29,0.00,-1.968,-6.891,6.938,0,0
199877,2,15.89,-10.86,-2.002,-6.910,6.934,0,0
199928,2,16.38,35.37,-1.997,-6.891,6.953,0,0
199978,2,17.32,37.65,-1.930,-6.867,7.029,0,0
200029,2,19.22,28.41,-1.982,-6.886,6.958,0,0
200081,2,20.12,36.03,-1.982,-6.905,6.943,0,0
200133,2,20.85,0.00,-1.901,-6.881,6.972,0,0
200183,2,21.50,23.96,-1.963,-6.871,6.938,0,0
200232,2,22.70,23.48,-1.915,-6.905,6.943,0,0
200284,2,21.83,-32.19,-1.944,-6.900,6.924,0,0
200335,2,21.05,0.00,-1.963,-6.905,6.958,0,0
200387,2,19.60,-26.22,-1.930,-6.900,6.938,0,0
200439,2,18.95,-24.25,-1.968,-6.905,6.938,0,0
200490,2,17.78,-21.29,-1.920,-6.914,6.934,0,0
200542,2,17.27,-18.88,-1.997,-6.900,6.914,0,0
200611,2,16.30,-17.92,-1.954,-6.910,6.914,0,0
200662,2,15.83,-17.33,-1.968,-6.895,6.986,0,0
200713,2,16.81,0.00,-1.973,-6.910,6.905,0,0
200764,2,18.53,34.01,-1.997,-6.895,6.905,0,0
200814,2,19.29,30.43,-1.896,-6.910,6.910,0,0
200865,2,20.05,0.00,-1.987,-6.895,6.981,0,0
200915,2,21.40,26.76,-1.944,-6.891,6.986,0,0
200966,2,21.97,22.94,-1.901,-6.862,6.943,0,0
201015,2,22.62,0.00,-1.987,-6.914,6.948,0,0
201067,2,21.01,-29.04,-1.925,-6.881,6.981,0,0
201118,2,20.26,-29.64,-1.930,-6.881,6.953,0,0
201170,2,18.90,-24.80,-1.915,-6.891,6.900,0,0
201222,2,18.32,-21.57,-1.963,-6.876,6.958,0,0
201273,2,17.74,0.00,-1.978,-6.895,6.991,0,0
201325,2,16.72,-18.91,-1.949,-6.871,6.986,0,0
201376,2,16.28,-9.95,-1.935,-6.891,6.910,0,0
201428,2,15.82,0.00,-1.978,-6.914,6.948,0,0
201480,2,17.64,33.20,-1.925,-6.881,6.953,0,0
201531,2,18.52,35.02,-1.954,-6.871,6.981,0,0
201583,2,20.07,27.13,-1.939,-6.881,6.958,0,0
201634,2,20.74,25.04,-1.992,-6.891,6.905,0,0
201686,2,21.40,0.00,-1.925,-6.910,6.924,0,0
201738,2,21.72,-10.72,-1.963,-6.862,6.953,0,0
201789,2,20.94,-31.44,-1.954,-6.891,6.981,0,0
201839,2,20.22,0.00,-1.920,-6.871,6.981,0,0
201890,2,18.89,-26.22,-1.992,-6.891,6.900,0,0
201940,2,18.27,-24.76,-1.939,-6.876,6.991,0,0
201990,2,17.72,0.00,-1.982,-6.895,6.919,0,0
202042,2,16.70,-19.90,-1.987,-6.881,6.924,0,0
202093,2,16.27,-8.02,-1.925,-6.895,6.943,0,0
202143,2,15.83,0.00,-1.935,-6.876,6.962,0,0
202194,2,15.43,-14.94,-1.954,-6.895,6.948,0,0
202245,2,17.33,34.55,-1.982,-6.938,6.891,0,0
202297,2,18.17,33.55,-1.982,-6.914,6.929,0,0
202349,2,19.01,0.00,-1.958,-6.900,6.948,0,0
202400,2,20.47,25.26,-1.963,-6.867,6.924,0,0
202452,2,21.15,25.08,-1.958,-6.895,6.943,0,0
202504,2,21.04,-27.81,-1.939,-6.914,6.914,0,0
202555,2,20.27,-28.27,-1.954,-6.867,6.972,0,0
202607,2,19.59,0.00,-1.958,-6.900,6.924,0,0
202658,2,18.32,-21.60,-1.973,-6.886,6.948,0,0
202710,2,17.76,0.00,-1.963,-6.891,6.886,0,0
202761,2,16.71,-19.96,-1.958,-6.905,6.958,0,0
202811,2,16.25,-18.41,-1.997,-6.905,6.962,0,0
202868,2,15.39,-10.83,-1.930,-6.895,6.895,0,0
202919,2,14.98,-16.08,-1.954,-6.895,6.934,0,0
202969,2,16.00,0.00,-1.958,-6.871,6.914,0,0
203020,2,17.85,33.75,-1.958,-6.891,6.986,0,0
203071,2,17.85,0.00,-1.968,-6.905,6.934,0,0
203122,2,19.39,27.97,-1.997,-6.905,6.876,0,0
203174,2,20.16,30.73,-1.944,-6.895,6.943,0,0
203226,2,21.48,24.58,-1.949,-6.905,6.934,0,0
203277,2,20.69,-29.17,-1.992,-6.905,6.895,0,0
203329,2,19.98,0.00,-1.954,-6.929,6.924,0,0
203381,2,18.69,-22.41,-1.987,-6.929,6.948,0,0
203432,2,18.07,-22.93,-1.992,-6.881,6.962,0,0
203484,2,17.00,-19.51,-1.935,-6.900,6.958,0,0
203535,2,16.49,-18.90,-2.016,-6.929,6.900,0,0
203587,2,16.05,0.00,-1.958,-6.886,6.929,0,0
203639,2,15.58,-12.64,-1.958,-6.891,7.010,0,0
203688,2,15.13,-1.34,-1.982,-6.910,6.895,0,0
203741,2,16.10,0.00,-1.997,-6.895,6.867,0,0
203791,2,17.03,0.00,-1.949,-6.900,7.020,0,0
203842,2,18.75,31.75,-1.944,-6.881,6.914,0,0
203892,2,19.52,30.75,-2.002,-6.914,6.914,0,0
203943,2,20.25,0.00,-1.992,-6.905,6.910,0,0
203992,2,21.57,25.51,-1.925,-6.891,6.967,0,0
204044,2,20.79,-30.55,-1.982,-6.910,6.953,0,0
204095,2,19.39,-24.98,-1.954,-6.891,6.905,0,0
204145,2,18.73,-10.56,-1.987,-6.895,6.948,0,0
204197,2,17.58,-19.70,-1.987,-6.900,6.953,0,0
204249,2,17.03,-20.24,-1.958,-6.891,6.981,0,0
204299,2,16.56,-17.68,-1.968,-6.900,6.943,0,0
204369,2,15.64,-11.02,-1.949,-6.905,6.958,0,0
204420,2,15.24,-14.85,-1.954,-6.905,6.967,0,0
204471,2,16.21,0.00,-1.949,-6.867,6.972,0,0
204523,2,18.02,32.38,-1.958,-6.862,6.914,0,0
204575,2,18.82,29.70,-1.958,-6.871,6.929,0,0
204626,2,20.30,27.02,-1.978,-6.871,6.958,0,0
204678,2,20.95,25.88,-1.987,-6.881,6.953,0,0
204727,2,21.56,0.00,-1.982,-6.886,6.981,0,0
204778,2,21.34,-32.91,-1.973,-6.895,6.938,0,0
204828,2,20.60,-29.87,-1.949,-6.886,6.962,0,0
204879,2,19.85,0.00,-1.987,-6.891,6.967,0,0
204929,2,18.60,-24.20,-1.982,-6.900,6.967,0,0
204981,2,18.00,-24.20,-1.882,-6.929,6.871,0,0
205033,2,17.46,0.00,-1.949,-6.886,6.991,0,0
205082,2,16.49,-17.57,-1.930,-6.924,6.934,0,0
205134,2,16.00,-10.83,-2.045,-6.910,6.843,0,0
205186,2,15.60,0.00,-1.891,-6.900,6.958,0,0
205238,2,17.48,33.73,-1.992,-6.914,6.891,0,0
205289,2,18.32,0.00,-1.978,-6.919,6.895,0,0
205341,2,19.85,27.52,-1.963,-6.910,6.953,0,0
205392,2,20.53,25.26,-2.016,-6.905,6.891,0,0
205444,2,21.20,0.00,-1.963,-6.895,6.943,0,0
205496,2,22.22,16.20,-1.939,-6.881,6.948,0,0
205546,2,21.40,-30.34,-1.992,-6.924,6.934,0,0
205598,2,20.65,-30.01,-1.925,-6.886,6.967,0,0
205649,2,19.94,0.00,-1.963,-6.891,7.015,0,0
205701,2,18.64,-22.39,-1.911,-6.867,6.948,0,0
205751,2,18.04,-25.83,-1.978,-6.900,6.934,0,0
205801,2,17.52,0.52,-1.968,-6.871,6.934,0,0
205873,2,16.06,-11.53,-1.906,-6.881,6.981,0,0
205923,2,15.61,-18.05,-1.973,-6.871,6.967,0,0
205975,2,16.57,0.00,-1.997,-6.871,6.919,0,0
206025,2,17.47,33.30,-1.949,-6.867,6.986,0,0
206076,2,19.16,29.68,-1.987,-6.905,6.938,0,0
206128,2,19.86,27.87,-1.944,-6.876,6.972,0,0
206180,2,20.61,0.00,-1.982,-6.857,6.948,0,0
206239,2,21.85,16.20,-1.949,-6.881,6.953,0,0
206290,2,20.34,-27.77,-1.944,-6.862,7.010,0,0
206341,2,20.39,2.02,-1.963,-6.914,6.972,0,0
206392,2,19.00,-23.68,-1.973,-6.838,6.953,0,0
206444,2,18.38,0.00,-1.968,-6.871,6.972,0,0
206493,2,17.31,-20.33,-1.911,-6.876,6.953,0,0
206545,2,16.81,-18.37,-1.925,-6.881,6.953,0,0
206596,2,15.92,-16.70,-2.011,-6.895,6.953,0,0
206649,2,15.52,-9.62,-1.954,-6.886,6.967,0,0
206700,2,15.09,-16.00,-1.896,-6.862,7.034,0,0
206750,2,16.12,0.00,-1.920,-6.886,6.948,0,0
206801,2,17.92,34.73,-1.973,-6.881,6.958,0,0
206851,2,18.74,33.00,-1.920,-6.847,6.977,0,0
206902,2,19.50,0.00,-1.867,-6.814,7.063,0,0
206953,2,20.95,27.85,-1.949,-6.847,6.981,0,0
207005,2,21.56,22.60,-1.920,-6.867,6.996,0,0
207057,2,20.84,1.53,-1.944,-6.857,6.977,0,0
207108,2,19.44,-23.75,-1.925,-6.876,6.986,0,0
207160,2,18.77,0.00,-1.882,-6.862,7.049,0,0
207211,2,17.63,-20.74,-1.935,-6.862,6.905,0,0
207263,2,17.12,-18.88,-1.891,-6.867,6.991,0,0
207312,2,16.16,-18.19,-1.925,-6.847,7.025,0,0
207375,2,15.74,-9.49,-1.987,-6.886,6.924,0,0
207426,2,15.32,-15.52,-1.896,-6.843,7.044,0,0
207477,2,15.90,36.76,-1.935,-6.857,6.953,0,0
207529,2,16.84,34.64,-1.968,-6.881,7.015,0,0
207581,2,17.74,0.00,-1.915,-6.857,7.020,0,0
207632,2,19.33,29.72,-1.949,-6.843,6.972,0,0
207684,2,20.06,29.26,-1.944,-6.852,6.986,0,0
207733,2,21.42,25.96,-1.911,-6.852,6.996,0,0
207784,2,20.65,-30.90,-1.982,-6.843,6.981,0,0
207834,2,19.98,0.00,-1.944,-6.847,7.005,0,0
207885,2,18.71,-23.66,-1.863,-6.838,7.049,0,0
207934,2,18.14,-22.73,-1.954,-6.847,6.972,0,0
207986,2,17.61,-21.25,-1.935,-6.862,7.020,0,0
208037,2,16.60,-17.16,-1.901,-6.857,6.981,0,0
208089,2,16.16,-16.30,-1.973,-6.862,7.029,0,0
208139,2,15.72,-9.78,-1.930,-6.823,7.063,0,0
208190,2,16.32,37.14,-1.911,-6.862,7.010,0,0
208242,2,17.27,35.18,-1.930,-6.852,6.981,0,0
208298,2,19.06,29.45,-1.930,-6.852,6.996,0,0
208350,2,19.96,33.21,-1.930,-6.857,6.986,0,0
208401,2,20.64,0.00,-1.915,-6.857,7.025,0,0
208452,2,21.25,22.71,-1.949,-6.862,6.981,0,0
208503,2,22.46,21.44,-1.978,-6.867,7.001,0,0
208555,2,21.67,-31.44,-1.906,-6.828,7.039,0,0
208607,2,20.90,0.00,-1.906,-6.852,6.977,0,0
208658,2,19.51,-25.08,-1.968,-6.905,6.934,0,0
208710,2,18.89,0.00,-1.896,-6.843,7.020,0,0
208760,2,17.72,-22.38,-1.935,-6.857,7.010,0,0
208811,2,17.17,-21.02,-1.968,-6.895,6.977,0,0
208880,2,16.22,-15.25,-1.915,-6.876,6.996,0,0
208929,2,15.77,0.00,-1.949,-6.891,6.934,0,0
208980,2,16.76,36.39,-1.935,-6.862,7.005,0,0
209031,2,17.64,0.49,-1.891,-6.857,6.996,0,0
209083,2,19.21,30.08,-1.920,-6.881,6.977,0,0
209132,2,19.95,0.00,-1.973,-6.891,6.958,0,0
209184,2,21.27,24.46,-1.935,-6.871,7.001,0,0
209235,2,21.87,24.04,-1.944,-6.871,6.977,0,0
209287,2,22.49,1.55,-1.925,-6.867,6.938,0,0
209339,2,20.88,-27.67,-1.944,-6.862,6.967,0,0
209390,2,20.15,0.00,-1.958,-6.881,6.986,0,0
209442,2,18.84,-23.62,-1.911,-6.881,7.025,0,0
209493,2,18.26,-21.57,-1.939,-6.891,6.929,0,0
209545,2,17.19,-19.85,-1.992,-6.876,6.910,0,0
209597,2,16.73,-17.03,-1.858,-6.847,7.044,0,0
209648,2,16.27,-13.52,-2.011,-6.876,6.905,0,0
209700,2,15.86,0.00,-1.896,-6.814,7.020,0,0
209750,2,17.68,36.00,-1.829,-6.823,7.125,0,0
209801,2,18.49,32.44,-1.920,-6.819,7.029,0,0
209851,2,19.28,0.00,-1.992,-6.828,6.958,0,0
209901,2,20.67,25.62,-1.882,-6.833,7.034,0,0
209953,2,21.28,22.62,-1.820,-6.814,7.159,0,0
210005,2,21.90,0.00,-1.839,-6.747,7.202,0,0
210056,2,20.37,-27.69,-1.901,-6.790,7.125,0,0
210108,2,19.67,0.00,-2.025,-6.752,7.025,0,0
210160,2,18.40,-24.20,-1.949,-6.833,7.005,0,0
210211,2,17.82,-21.55,-1.973,-6.809,7.025,0,0
210263,2,17.34,1.04,-1.978,-6.819,7.044,0,0
210314,2,16.32,-17.65,-1.805,-6.790,7.063,0,0
210365,2,15.87,-9.02,-1.963,-6.838,6.977,0,0
210415,2,15.07,-15.29,-1.997,-6.843,7.001,0,0
210466,2,15.07,0.00,-1.824,-6.819,7.077,0,0
210517,2,16.98,34.56,-1.901,-6.823,7.010,0,0
210569,2,17.86,34.95,-2.035,-6.857,6.991,0,0
210621,2,18.69,0.00,-1.958,-6.790,7.101,0,0
210672,2,20.17,26.63,-2.006,-6.823,7.039,0,0
210724,2,20.87,0.00,-1.791,-6.867,6.943,0,0
210775,2,20.75,-30.53,-1.853,-6.857,6.991,0,0
210825,2,20.05,-28.09,-1.954,-6.843,6.991,0,0
210876,2,19.38,0.00,-1.915,-6.843,6.981,0,0
210925,2,18.14,-23.88,-1.906,-6.862,6.953,0,0
210977,2,17.61,-19.48,-1.944,-6.852,6.977,0,0
211029,2,17.08,0.00,-1.935,-6.871,6.967,0,0
211080,2,16.19,-16.28,-1.939,-6.900,7.001,0,0
211138,2,15.36,-18.94,-1.949,-6.895,6.924,0,0
211189,2,15.36,0.00,-1.968,-6.905,6.996,0,0
211240,2,15.98,36.74,-1.935,-6.857,7.053,0,0
211292,2,16.93,35.37,-1.935,-6.886,6.967,0,0
211344,2,17.78,0.00,-1.911,-6.881,7.015,0,0
211395,2,19.41,29.81,-1.939,-6.881,6.972,0,0
211447,2,20.10,0.00,-1.915,-6.852,7.015,0,0
211498,2,21.40,23.12,-1.848,-6.843,7.053,0,0
211550,2,20.67,-26.96,-1.978,-6.876,6.953,0,0
211602,2,20.01,1.09,-1.925,-6.871,6.996,0,0
211653,2,18.71,-22.82,-1.930,-6.881,7.010,0,0
211705,2,18.11,0.00,-1.911,-6.881,6.962,0,0
211755,2,17.07,-19.52,-1.954,-6.895,6.962,0,0
211806,2,16.58,-19.48,-1.949,-6.852,7.010,0,0
211856,2,16.09,0.00,-1.891,-6.843,7.020,0,0
211907,2,15.68,-10.37,-1.973,-6.871,6.938,0,0
211958,2,14.90,-14.36,-1.911,-6.871,6.914,0,0
212010,2,15.89,36.72,-1.930,-6.867,7.010,0,0
212059,2,17.66,31.86,-1.925,-6.891,6.938,0,0
212111,2,18.45,31.71,-1.891,-6.891,6.981,0,0
212162,2,19.24,0.00,-1.973,-6.876,6.958,0,0
212214,2,20.61,25.28,-1.906,-6.867,7.005,0,0
212266,2,21.25,25.51,-1.911,-6.847,6.991,0,0
212317,2,19.78,-26.85,-1.935,-6.886,6.977,0,0
212369,2,19.13,-24.22,-1.939,-6.881,6.953,0,0
212419,2,18.52,-12.11,-1.939,-6.867,6.986,0,0
212471,2,17.40,-22.38,-1.915,-6.843,6.991,0,0
212523,2,16.89,-18.88,-1.949,-6.871,6.910,0,0
212573,2,16.42,-17.66,-1.944,-6.886,6.991,0,0
212640,2,15.57,-10.92,-1.911,-6.886,6.962,0,0
212691,2,15.16,-15.50,-1.920,-6.876,7.020,0,0
212741,2,16.16,0.00,-1.944,-6.881,7.001,0,0
212791,2,17.92,34.60,-1.944,-6.886,6.962,0,0
212842,2,18.73,32.20,-1.920,-6.876,6.948,0,0
212892,2,19.50,0.00,-1.935,-6.886,6.991,0,0
212944,2,20.83,24.44,-1.896,-6.891,6.986,0,0
212995,2,21.46,23.08,-1.944,-6.891,6.953,0,0
213047,2,22.09,0.00,-1.935,-6.891,7.029,0,0
213099,2,20.57,-26.83,-1.858,-6.833,7.001,0,0
213150,2,19.84,0.00,-1.963,-6.895,7.001,0,0
213202,2,18.57,-23.49,-1.911,-6.867,6.981,0,0
213253,2,18.01,-20.75,-1.915,-6.876,6.981,0,0
213305,2,16.96,-18.06,-1.911,-6.867,7.010,0,0
213357,2,16.49,-17.66,-1.896,-6.876,6.986,0,0
213408,2,16.07,-10.72,-1.939,-6.857,6.986,0,0
213460,2,15.65,0.00,-1.915,-6.900,6.981,0,0
213512,2,17.49,32.70,-1.911,-6.847,7.053,0,0
213563,2,18.34,34.45,-1.920,-6.852,6.977,0,0
213615,2,19.84,27.86,-1.882,-6.857,7.025,0,0
213667,2,20.52,25.26,-1.901,-6.857,7.025,0,0
213718,2,21.16,0.00,-1.906,-6.843,6.962,0,0
213769,2,21.68,-2.34,-1.891,-6.852,6.972,0,0
213819,2,20.90,-30.98,-1.896,-6.847,7.015,0,0
213870,2,20.18,0.00,-1.867,-6.862,6.967,0,0
213920,2,18.89,-24.82,-1.853,-6.847,7.029,0,0
213971,2,18.29,-23.88,-1.896,-6.867,7.044,0,0
214023,2,17.73,0.00,-1.891,-6.862,6.986,0,0
214074,2,16.73,-17.53,-1.915,-6.886,7.005,0,0
214140,2,15.84,-9.42,-1.882,-6.857,7.034,0,0
214191,2,15.84,0.00,-1.925,-6.871,6.991,0,0
214242,2,16.38,35.90,-1.882,-6.862,6.938,0,0
214294,2,17.28,0.00,-1.872,-6.838,7.044,0,0
214346,2,18.90,29.18,-1.906,-6.876,7.010,0,0
214397,2,19.64,27.26,-1.872,-6.847,6.972,0,0
214449,2,20.32,0.00,-1.863,-6.852,6.991,0,0
214499,2,21.65,20.53,-1.906,-6.857,7.010,0,0
214549,2,20.89,-28.18,-1.844,-6.843,7.044,0,0
214601,2,20.17,0.00,-1.915,-6.857,6.981,0,0
214652,2,18.86,-23.45,-1.891,-6.886,6.967,0,0
214704,2,18.27,-22.05,-1.891,-6.876,7.001,0,0
214754,2,17.72,0.00,-1.839,-6.847,7.015,0,0
214805,2,16.74,-18.21,-1.915,-6.895,7.005,0,0
214855,2,16.28,-18.17,-1.848,-6.881,6.929,0,0
214907,2,15.89,1.04,-1.887,-6.847,7.072,0,0
214958,2,15.05,-15.13,-1.882,-6.876,7.034,0,0
215010,2,16.06,0.00,-1.877,-6.847,6.991,0,0
215061,2,17.80,31.88,-1.810,-6.876,6.967,0,0
215113,2,18.61,29.79,-1.896,-6.871,7.025,0,0
215165,2,19.36,0.00,-1.824,-6.857,7.063,0,0
215216,2,20.74,25.27,-1.848,-6.852,6.972,0,0
215268,2,21.38,0.00,-1.882,-6.857,7.015,0,0
215320,2,19.90,-28.19,-1.882,-6.881,6.986,0,0
215371,2,19.19,-26.20,-1.858,-6.828,7.049,0,0
215423,2,18.61,0.52,-1.844,-6.862,6.962,0,0
215474,2,17.47,-20.74,-1.939,-6.895,6.958,0,0
215525,2,16.97,-18.67,-1.834,-6.814,7.082,0,0
215576,2,16.53,-16.21,-1.853,-6.862,7.001,0,0
215641,2,15.66,-12.19,-1.958,-6.900,6.948,0,0
215692,2,15.25,-15.48,-1.887,-6.881,7.010,0,0
215742,2,16.24,0.00,-1.891,-6.819,7.053,0,0
215792,2,18.01,33.09,-1.906,-6.857,6.991,0,0
215843,2,18.84,33.08,-1.867,-6.862,6.967,0,0
215893,2,19.57,0.00,-1.978,-6.867,6.967,0,0
215945,2,20.96,24.46,-1.848,-6.876,7.125,0,0
215996,2,21.58,23.07,-1.911,-6.895,6.958,0,0
216048,2,21.41,-29.84,-1.896,-6.876,6.924,0,0
216100,2,20.66,-27.66,-1.863,-6.867,7.020,0,0
216151,2,20.00,0.00,-1.848,-6.838,7.072,0,0
216203,2,18.71,-21.90,-1.911,-6.871,7.001,0,0
216254,2,18.19,-21.23,-1.920,-6.838,6.977,0,0
216306,2,17.18,-17.89,-1.844,-6.857,7.063,0,0
216358,2,16.73,-16.58,-1.877,-6.857,7.010,0,0
216409,2,16.27,-11.80,-1.858,-6.828,7.039,0,0
216461,2,15.87,0.00,-1.891,-6.828,6.967,0,0
216513,2,17.68,32.70,-1.853,-6.847,7.020,0,0
216566,2,19.42,26.26,-1.911,-6.847,7.044,0,0
216616,2,19.42,0.00,-1.820,-6.838,7.039,0,0
216668,2,20.87,25.84,-1.867,-6.871,7.039,0,0
216719,2,21.50,23.42,-1.877,-6.838,7.010,0,0
216770,2,22.12,0.00,-1.877,-6.828,7.039,0,0
216820,2,21.93,-31.34,-1.834,-6.828,7.068,0,0
216871,2,21.15,-31.32,-1.906,-6.847,7.010,0,0
216921,2,20.47,0.00,-1.848,-6.833,7.005,0,0
216972,2,19.19,-22.39,-1.872,-6.819,7.020,0,0
217024,2,18.62,0.00,-1.853,-6.871,7.034,0,0
217075,2,17.56,-20.95,-1.887,-6.857,7.020,0,0
217142,2,16.63,-14.82,-1.844,-6.838,7.034,0,0
217193,2,16.21,-15.46,-1.858,-6.838,7.044,0,0
217244,2,17.11,33.31,-1.839,-6.847,7.020,0,0
217296,2,17.97,0.00,-1.891,-6.867,7.034,0,0
217348,2,19.56,27.95,-1.858,-6.823,7.082,0,0
217399,2,20.24,25.23,-1.848,-6.838,7.044,0,0
217451,2,21.56,24.95,-1.877,-6.862,7.039,0,0
217502,2,22.17,22.36,-1.853,-6.838,7.039,0,0
217554,2,21.38,0.00,-1.848,-6.838,7.020,0,0
217606,2,19.95,-27.08,-1.824,-6.843,7.068,0,0
217657,2,19.31,-23.77,-1.887,-6.852,7.025,0,0
217709,2,18.16,-20.20,-1.872,-6.871,7.044,0,0
217759,2,17.63,-21.30,-1.872,-6.847,7.077,0,0
217810,2,17.13,0.00,-1.863,-6.823,7.049,0,0
217860,2,16.27,-16.90,-1.858,-6.838,7.025,0,0
217910,2,15.86,-10.13,-1.882,-6.852,7.001,0,0
217962,2,15.45,-15.46,-1.858,-6.823,7.068,0,0
218014,2,16.42,0.00,-1.848,-6.847,6.981,0,0
218065,2,18.22,35.08,-1.906,-6.857,7.005,0,0
218117,2,19.02,0.00,-1.863,-6.886,7.029,0,0
218169,2,20.50,26.27,-1.829,-6.814,7.001,0,0
218220,2,21.16,26.38,-1.863,-6.857,7.001,0,0
218272,2,21.80,0.00,-1.891,-6.847,7.044,0,0
218323,2,20.35,-25.00,-1.872,-6.871,6.981,0,0
218375,2,19.71,0.00,-1.896,-6.852,7.044,0,0
218427,2,18.51,-20.56,-1.800,-6.867,6.996,0,0
218477,2,18.51,0.00,-1.901,-6.881,6.962,0,0
218529,2,17.47,-18.51,-1.867,-6.843,7.053,0,0
218580,2,17.01,-17.03,-1.844,-6.843,7.034,0,0
218651,2,16.13,-12.71,-1.939,-6.852,6.986,0,0
218703,2,15.75,0.00,-1.891,-6.881,7.005,0,0
218753,2,16.36,40.13,-1.887,-6.838,7.039,0,0
218803,2,17.28,36.75,-1.834,-6.833,7.010,0,0
218854,2,18.15,0.00,-1.939,-6.852,7.010,0,0
218904,2,19.73,30.23,-1.820,-6.819,6.981,0,0
218956,2,20.46,29.14,-1.867,-6.843,7.015,0,0
219007,2,21.12,0.00,-1.867,-6.823,7.025,0,0
219059,2,21.01,-27.75,-1.863,-6.833,7.005,0,0
219111,2,20.31,-27.93,-1.867,-6.857,6.986,0,0
219162,2,19.05,-22.87,-1.882,-6.847,7.068,0,0
219214,2,18.47,-21.60,-1.906,-6.867,7.029,0,0
219265,2,17.96,0.00,-1.882,-6.843,6.962,0,0
219317,2,16.98,-17.67,-1.834,-6.847,7.020,0,0
219369,2,16.54,0.00,-1.887,-6.871,7.001,0,0
219418,2,16.15,-8.28,-1.810,-6.809,7.015,0,0
219470,2,15.34,-14.68,-1.911,-6.828,7.001,0,0
219522,2,16.31,0.00,-1.848,-6.833,6.996,0,0
219573,2,18.11,34.43,-1.872,-6.833,7.020,0,0
219625,2,18.92,29.79,-1.863,-6.819,7.068,0,0
219676,2,20.44,27.13,-1.839,-6.838,7.020,0,0
219728,2,21.11,24.97,-1.911,-6.852,7.049,0,0
219779,2,21.76,0.00,-1.858,-6.814,7.106,0,0
219829,2,20.34,-26.42,-1.834,-6.804,7.044,0,0
219880,2,19.66,-27.08,-1.896,-6.823,7.025,0,0
219929,2,19.04,0.00,-1.858,-6.852,7.039,0,0
219981,2,17.94,-21.32,-1.863,-6.804,7.063,0,0
220033,2,17.45,-18.13,-1.848,-6.838,7.044,0,0
220083,2,16.96,-18.36,-1.872,-6.838,7.039,0,0
220155,2,16.11,-9.62,-1.877,-6.833,7.053,0,0
220206,2,15.71,-15.00,-1.848,-6.828,7.058,0,0
220257,2,16.68,0.00,-1.939,-6.838,7.039,0,0
220309,2,18.45,32.48,-1.848,-6.833,7.044,0,0
220361,2,19.19,27.35,-1.800,-6.823,7.063,0,0
220412,2,20.62,24.43,-1.901,-6.843,7.020,0,0
220464,2,21.23,24.41,-1.882,-6.843,7.034,0,0
220515,2,21.85,0.00,-1.781,-6.857,7.005,0,0
220567,2,21.67,-29.00,-1.896,-6.833,7.039,0,0
220619,2,20.94,0.00,-1.834,-6.809,7.044,0,0
220670,2,19.60,-24.76,-1.829,-6.838,7.001,0,0
220721,2,18.97,-10.90,-1.882,-6.857,7.029,0,0
220772,2,18.42,0.00,-1.867,-6.833,7.039,0,0
220822,2,17.40,-18.98,-1.839,-6.838,7.063,0,0
220873,2,16.91,-19.56,-1.844,-6.823,7.039,0,0
220925,2,16.47,-12.89,-1.834,-6.862,7.053,0,0
220976,2,16.07,0.00,-1.815,-6.800,7.096,0,0
221028,2,17.88,32.48,-1.877,-6.838,7.044,0,0
221079,2,18.72,0.00,-1.839,-6.843,7.058,0,0
221131,2,20.20,27.11,-1.858,-6.867,7.053,0,0
221180,2,20.90,25.81,-1.863,-6.828,7.025,0,0
221232,2,21.52,0.00,-1.829,-6.828,7.077,0,0
221283,2,22.67,21.43,-1.872,-6.838,7.034,0,0
221335,2,21.88,0.00,-1.887,-6.857,7.010,0,0
221387,2,20.40,-26.89,-2.236,-7.029,7.494,0,0
221437,2,20.40,0.00,-1.930,-7.594,7.527,0,0
221489,2,19.13,-22.89,-2.164,-7.101,6.981,0,0
221540,2,18.53,-22.07,-4.764,-7.877,4.999,0,0
221592,2,17.48,-18.90,-5.722,-7.547,2.854,0,0
221656,2,16.55,-14.12,-5.698,-7.896,0.776,0,0
221707,2,16.10,-16.49,-4.808,-8.198,1.944,0,0
221757,2,17.38,51.13,-4.702,-8.619,2.073,0,0
221807,2,18.59,0.00,-5.382,-8.456,1.135,0,0
221858,2,20.70,40.10,-6.191,-7.427,-0.268,0,0
221908,2,21.55,33.66,-6.627,-6.570,-2.830,0,0
221959,2,22.26,0.00,-6.608,-6.800,-3.045,0,0
222011,2,23.33,19.86,-5.727,-7.125,-2.974,0,0
222060,2,22.48,-31.78,-4.970,-7.178,-2.270,0,0
222112,2,21.69,0.00,-4.630,-7.345,-2.054,0,0
222163,2,20.27,-27.65,-6.033,-7.020,-2.682,0,0
222215,2,19.64,0.00,-5.832,-7.211,-1.599,0,0
222267,2,18.43,-22.07,-5.832,-7.135,-1.288,0,0
222318,2,17.90,-21.03,-5.751,-7.173,-1.460,0,0
222370,2,17.39,0.00,-5.784,-6.393,-4.329,0,0
222421,2,16.50,-20.26,-6.230,-6.421,-3.634,0,0
222473,2,16.07,-15.97,-6.790,-5.502,-5.866,0,0
222525,2,16.66,0.00,-6.024,-5.104,-6.704,0,0
222576,2,17.45,14.32,-5.737,-4.932,-7.374,0,0
222628,2,17.70,0.00,-5.679,-4.659,-7.321,0,0
222679,2,18.09,7.07,-5.349,-4.731,-6.393,0,0
222732,2,18.23,5.39,-5.339,-4.717,-6.981,0,0
222784,2,17.85,-6.94,-5.727,-4.956,-6.905,0,0
222834,2,17.33,-20.11,-5.229,-4.472,-7.345,0,0
222885,2,16.87,0.00,-5.435,-5.071,-6.560,0,0
222937,2,16.00,-15.50,-4.544,-4.659,-6.574,0,0
222987,2,16.00,0.00,-4.085,-4.554,-6.862,0,0
223039,2,15.22,-13.28,-3.639,-4.329,-7.570,0,0
223090,2,14.88,-12.72,-3.041,-3.491,-9.347,0,0
223160,2,14.25,-8.74,-2.145,-3.371,-8.758,0,0
223211,2,13.98,-10.07,-1.676,-3.452,-8.787,0,0
223262,2,14.37,25.18,-1.120,-3.342,-8.940,0,0
223314,2,14.94,21.33,-0.402,-3.414,-8.892,0,0
223366,2,15.50,0.00,-0.115,-3.438,-8.930,0,0
223417,2,16.42,16.62,-0.153,-3.400,-9.208,0,0
223469,2,16.83,0.00,-0.172,-3.634,-8.988,0,0
223520,2,17.48,11.64,-0.220,-3.553,-8.710,0,0
223572,2,17.01,-17.65,0.144,-3.510,-9.290,0,0
223624,2,16.58,0.00,-0.541,-3.649,-9.021,0,0
223675,2,15.77,-14.88,-0.579,-3.922,-8.940,0,0
223727,2,15.41,0.00,-0.599,-3.979,-8.705,0,0
223778,2,14.76,-11.33,-0.843,-3.960,-8.734,0,0
223828,2,14.43,-13.27,-1.097,-4.108,-8.686,0,0
223879,2,14.18,0.00,-1.408,-4.185,-8.950,0,0
223928,2,13.86,-8.72,-1.920,-4.525,-8.250,0,0
223980,2,14.15,19.06,-1.686,-4.482,-8.672,0,0
224032,2,14.62,17.34,-1.867,-4.266,-8.681,0,0
224083,2,15.10,0.00,-1.891,-4.247,-8.619,0,0
224135,2,15.92,14.64,-1.982,-4.405,-8.308,0,0
224187,2,16.37,0.00,-2.131,-4.228,-8.475,0,0
224238,2,17.05,13.30,-1.944,-3.946,-8.595,0,0
224290,2,17.40,13.00,-2.035,-3.855,-8.605,0,0
224341,2,16.46,-17.40,-2.112,-3.807,-8.782,0,0
224393,2,16.04,-15.37,-2.021,-3.922,-8.648,0,0
224445,2,15.64,0.00,-2.265,-3.960,-8.519,0,0
224495,2,15.26,-14.14,-2.222,-3.979,-8.543,0,0
224544,2,14.92,0.00,-2.294,-3.936,-8.739,0,0
224596,2,14.26,-11.95,-2.169,-3.802,-8.973,0,0
224660,2,13.74,-8.94,-2.246,-3.725,-8.873,0,0
224711,2,13.48,-9.72,-2.121,-3.677,-8.792,0,0
224761,2,14.09,24.39,-2.136,-3.620,-8.811,0,0
224812,2,14.68,0.00,-2.308,-3.812,-8.815,0,0
224863,2,15.72,14.41,-2.332,-3.840,-8.815,0,0
224916,2,16.86,14.25,-2.227,-3.783,-8.633,0,0
224967,2,17.27,16.58,-2.255,-3.792,-8.643,0,0
225018,2,17.63,13.32,-2.552,-3.855,-8.691,0,0
225069,2,17.97,0.00,-2.614,-4.037,-8.428,0,0
225121,2,16.95,-18.19,-3.069,-4.281,-8.461,0,0
225173,2,16.49,-17.29,-3.385,-4.305,-8.499,0,0
225224,2,16.07,0.00,-3.898,-4.669,-9.036,0,0
225276,2,15.27,-14.14,-3.572,-4.932,-8.600,0,0
225327,2,14.93,0.00,-3.749,-5.756,-8.260,0,0
225379,2,14.32,-10.95,-3.448,-6.321,-7.642,0,0
225428,2,14.05,-6.49,-3.314,-7.221,-6.258,0,0
225480,2,13.76,0.00,-2.605,-7.724,-5.181,0,0
225532,2,15.33,30.51,-1.547,-8.135,-4.051,0,0
225583,2,16.15,32.95,-0.948,-8.274,-3.639,0,0
225635,2,16.91,0.00,-0.680,-8.313,-3.563,0,0
225687,2,18.32,24.44,-0.527,-8.504,-3.361,0,0
225736,2,18.94,0.00,-0.570,-8.619,-3.639,0,0
225787,2,18.90,-23.77,-0.211,-8.638,-3.275,0,0
225837,2,18.32,-23.31,-0.393,-8.787,-3.223,0,0
225888,2,17.79,0.00,-0.402,-8.849,-3.323,0,0
225939,2,16.84,-16.30,-0.785,-8.859,-3.764,0,0
225991,2,16.39,-18.17,-0.618,-8.792,-3.452,0,0
226043,2,15.98,0.00,-1.164,-8.926,-3.821,0,0
226093,2,15.60,-14.38,-1.097,-8.624,-4.171,0,0
226160,2,14.57,-8.74,-1.796,-8.906,-4.070,0,0
226211,2,14.57,0.00,-1.700,-8.662,-4.420,0,0
226262,2,15.16,31.85,-2.025,-8.748,-4.262,0,0
226314,2,15.95,29.30,-2.231,-8.787,-4.065,0,0
226366,2,17.42,26.71,-2.361,-8.710,-4.099,0,0
226417,2,18.10,25.24,-2.112,-8.605,-4.147,0,0
226469,2,18.71,0.00,-2.203,-8.657,-3.745,0,0
226520,2,19.89,21.74,-2.265,-8.796,-3.582,0,0
226572,2,19.27,-22.89,-2.547,-8.964,-3.697,0,0
226624,2,18.10,-21.28,-2.380,-8.763,-3.850,0,0
226675,2,17.59,-18.90,-2.485,-8.801,-3.792,0,0
226727,2,17.12,0.00,-2.289,-8.701,-3.496,0,0
226778,2,16.21,-16.83,-2.356,-8.796,-3.333,0,0
226828,2,15.82,-15.83,-2.399,-8.868,-3.309,0,0
226879,2,15.45,0.00,-2.576,-8.887,-3.261,0,0
226939,2,14.76,-10.63,-2.471,-8.801,-3.299,0,0
226989,2,14.45,0.00,-2.547,-8.820,-3.285,0,0
227040,2,14.18,-10.13,-2.682,-8.839,-3.347,0,0
227091,2,15.94,31.97,-2.528,-8.748,-3.247,0,0
227143,2,16.70,30.60,-2.634,-8.782,-3.256,0,0
227195,2,17.44,0.00,-2.667,-8.825,-3.199,0,0
227246,2,18.76,23.08,-2.725,-8.897,-3.261,0,0
227298,2,19.34,21.77,-2.394,-8.825,-3.079,0,0
227350,2,19.28,-23.40,-2.145,-8.734,-3.026,0,0
227401,2,18.70,-21.57,-2.102,-8.452,-2.816,0,0
227453,2,18.18,0.00,-3.381,-8.289,-2.294,0,0
227504,2,17.13,-18.78,-3.534,-8.255,-2.361,0,0
227556,2,16.67,0.00,-4.496,-7.661,-3.816,0,0
227608,2,15.86,-14.60,-5.009,-7.867,-4.310,0,0
227659,2,15.48,-14.04,-5.186,-7.489,-4.247,0,0
227712,2,15.17,0.00,-5.430,-7.671,-4.348,0,0
227763,2,14.51,-12.04,-5.037,-7.240,-4.391,0,0
227813,2,15.41,35.89,-5.454,-6.431,-4.243,0,0
227864,2,16.28,0.00,-5.219,-7.106,-4.841,0,0
227914,2,17.99,33.08,-5.622,-6.938,-4.673,0,0
227964,2,17.99,0.00,-5.368,-7.192,-4.166,0,0
228016,2,19.42,26.08,-5.612,-7.226,-3.768,0,0
228067,2,20.06,0.00,-5.708,-7.312,-3.519,0,0
228119,2,19.95,-25.30,-5.933,-7.374,-3.328,0,0
228170,2,19.31,-25.81,-5.856,-7.523,-3.227,0,0
228222,2,18.14,-21.23,-5.401,-7.585,-2.998,0,0
228271,2,17.65,-18.17,-5.239,-7.484,-3.189,0,0
228323,2,17.16,0.00,-5.186,-7.551,-3.318,0,0
228374,2,16.26,-15.99,-4.875,-7.796,-3.309,0,0
228426,2,15.86,-14.66,-4.348,-7.863,-3.093,0,0
228475,2,15.49,-9.00,-4.171,-8.068,-2.729,0,0
228527,2,16.17,37.94,-4.611,-7.772,-3.395,0,0
228579,2,17.08,34.02,-4.851,-7.508,-3.500,0,0
228630,2,17.94,0.00,-4.784,-7.345,-3.673,0,0
228682,2,19.46,26.61,-5.368,-6.905,-3.309,0,0
228731,2,20.11,0.00,-5.717,-6.752,-3.132,0,0
228782,2,21.16,22.05,-5.818,-6.167,-3.275,0,0
228832,2,21.55,15.50,-4.472,-4.726,-6.670,0,0
228883,2,20.81,0.00,-7.130,-6.541,-5.823,0,0
228935,2,19.50,-26.16,-4.314,-4.238,-8.375,0,0
228986,2,18.91,-10.64,-3.663,-4.214,-8.428,0,0
229036,2,18.35,-20.73,-2.332,-3.812,-8.346,0,0
229088,2,17.82,-19.51,-1.504,-3.242,-9.184,0,0
229139,2,16.84,-18.56,-0.781,-3.543,-8.633,0,0
229211,2,15.99,-10.70,-0.321,-3.510,-9.371,0,0
229262,2,15.60,-14.53,-0.273,-3.012,-9.620,0,0
229313,2,15.64,1.31,0.354,-3.012,-9.409,0,0
229365,2,15.78,4.03,0.278,-3.275,-9.184,0,0
229417,2,15.91,4.83,0.747,-2.777,-9.385,0,0
229468,2,16.02,0.00,0.958,-2.121,-9.524,0,0
229520,2,16.20,4.37,1.369,-2.490,-9.270,0,0
229571,2,16.30,3.88,1.700,-1.839,-9.615,0,0
229623,2,15.98,-15.46,1.776,-2.054,-9.419,0,0
229675,2,15.59,-15.67,1.714,-1.815,-9.658,0,0
229724,2,15.24,0.00,1.891,-1.978,-9.294,0,0
229775,2,14.61,-12.35,1.504,-1.781,-9.304,0,0
229825,2,14.32,-11.84,1.930,-1.111,-9.883,0,0
229876,2,14.04,0.00,2.284,-1.633,-9.634,0,0
229927,2,13.57,-10.13,2.054,-2.198,-9.251,0,0
229977,2,13.33,-5.26,2.298,-1.877,-9.242,0,0
230029,2,13.11,0.00,1.810,-1.853,-9.261,0,0
230081,2,13.65,10.61,2.203,-1.173,-9.486,0,0
230132,2,13.99,13.51,1.891,-1.504,-9.390,0,0
230184,2,14.63,10.63,2.322,-1.963,-9.538,0,0
230235,2,14.87,8.80,3.323,-2.653,-9.946,0,0
230287,2,15.05,0.00,2.303,-2.385,-9.462,0,0
230339,2,14.91,-10.63,2.629,-2.217,-8.724,0,0
230389,2,14.91,0.00,3.946,-3.203,-8.653,0,0
230438,2,14.31,-11.50,4.233,-2.725,-8.011,0,0
230490,2,14.05,0.00,4.831,-2.653,-8.428,0,0
230541,2,13.53,-9.79,4.769,-2.638,-7.441,0,0
230593,2,13.33,-8.14,5.545,-2.452,-8.255,0,0
230645,2,13.09,-0.48,5.162,-2.260,-7.681,0,0
230714,2,12.57,-6.41,5.598,-2.902,-7.412,0,0
230765,2,12.40,-6.79,4.889,-2.638,-6.919,0,0
230815,2,12.89,0.00,5.449,-2.849,-7.049,0,0
230866,2,13.84,17.94,5.746,-2.768,-6.383,0,0
230915,2,14.26,16.94,6.445,-3.031,-5.602,0,0
230966,2,14.69,15.78,7.269,-2.758,-5.253,0,0
231017,2,15.03,12.61,7.834,-2.322,-5.114,0,0
231069,2,15.72,9.87,8.892,-2.188,-5.329,0,0
231121,2,15.37,0.00,9.242,-1.580,-4.894,0,0
231173,2,14.68,-12.68,9.567,-1.499,-4.654,0,0
231223,2,14.68,0.00,9.448,-1.432,-4.137,0,0
231272,2,14.11,-10.90,10.041,-1.599,-3.730,0,0
231324,2,13.84,0.00,9.773,-1.441,-3.596,0,0
231375,2,13.36,-8.20,9.586,-0.977,-3.476,0,0
231427,2,13.17,-6.81,9.500,-0.939,-3.735,0,0
231477,2,12.95,0.00,9.199,-1.049,-3.333,0,0
231529,2,12.59,-7.38,9.352,-0.962,-3.227,0,0
231581,2,13.33,0.00,9.907,-0.680,-2.346,0,0
231632,2,14.72,26.53,9.907,-0.417,-1.743,0,0
231684,2,15.33,22.36,10.812,-0.445,-1.618,0,0
231733,2,15.91,0.00,10.080,-0.575,-0.958,0,0
231784,2,16.93,18.94,9.778,-0.321,-0.895,0,0
231834,2,17.42,19.58,9.850,-0.704,-0.972,0,0
231885,2,16.95,0.00,10.123,-0.306,-0.661,0,0
231934,2,16.11,-16.48,9.428,-0.373,-0.503,0,0
231986,2,15.72,-14.66,10.204,1.063,-0.613,0,0
232037,2,15.00,-12.93,9.955,1.499,-0.211,0,0
232088,2,15.00,0.00,10.520,0.704,0.053,0,0
232139,2,14.39,-10.63,10.376,1.188,-0.297,0,0
232191,2,14.10,-11.46,9.807,1.317,0.579,0,0
232241,2,13.84,-5.61,10.338,0.795,1.044,0,0
232292,2,14.61,38.25,9.883,0.560,1.786,0,0
232344,2,16.10,55.17,9.692,0.354,1.935,0,0
232396,2,18.68,49.12,10.041,0.091,0.804,0,0
232447,2,19.83,42.30,9.333,0.627,2.365,0,0
232499,2,20.91,0.00,9.582,-0.666,2.385,0,0
232550,2,22.70,31.37,9.452,-1.154,1.992,0,0
232602,2,23.40,25.78,9.275,-0.311,2.184,0,0
232651,2,21.77,-28.68,10.807,0.369,1.786,0,0
232703,2,21.03,-27.45,9.361,-0.163,3.089,0,0
232753,2,20.33,0.00,9.850,0.220,2.787,0,0
232803,2,19.07,-25.29,9.558,0.129,2.461,0,0
232854,2,18.51,-22.39,9.993,0.977,2.485,0,0
232904,2,17.99,0.00,10.132,0.168,2.677,0,0
232967,2,17.05,-12.28,9.404,-1.293,2.945,0,0
233018,2,16.60,-16.69,9.304,-1.365,3.041,0,0
233069,2,17.21,0.00,9.457,-0.924,3.227,0,0
233124,2,18.36,15.29,9.036,0.129,2.911,0,0
233175,2,19.59,18.56,11.483,0.158,2.653,0,0
233226,2,19.59,0.00,9.031,0.757,2.806,0,0
233277,2,20.47,14.65,10.032,-0.148,2.485,0,0
233329,2,20.85,15.15,9.443,-0.905,2.619,0,0
233381,2,21.22,0.00,9.960,-0.417,2.404,0,0
233432,2,19.84,-24.65,10.209,0.177,2.255,0,0
233484,2,19.24,0.00,9.543,-0.718,2.399,0,0
233536,2,18.10,-19.92,9.974,-1.398,2.121,0,0
233587,2,17.60,-18.52,9.998,-0.690,2.107,0,0
233639,2,16.67,-16.40,10.625,-0.675,1.618,0,0
233691,2,16.26,-15.15,9.515,0.153,2.049,0,0
233742,2,15.83,-1.11,9.701,0.053,2.203,0,0
233792,2,16.28,32.41,9.946,-0.781,1.446,0,0
233843,2,16.99,30.08,10.094,-2.102,1.221,0,0
233893,2,17.74,0.00,9.318,-2.543,1.623,0,0
233945,2,19.12,25.62,8.916,-2.456,1.518,0,0
233995,2,19.76,23.71,10.195,-1.810,1.551,0,0
234047,2,20.37,24.71,8.341,0.086,1.279,0,0
234098,2,20.88,0.00,11.770,0.508,1.724,0,0
234150,2,19.53,-24.93,9.697,0.517,1.255,0,0
234202,2,18.94,-23.54,10.013,-0.599,0.795,0,0
234253,2,17.85,-19.05,9.768,-0.072,0.881,0,0
234305,2,17.35,-18.67,10.453,-1.470,-0.436,0,0
234356,2,16.88,0.00,11.162,0.330,0.484,0,0
234408,2,16.06,-14.66,9.390,1.020,1.585,0,0
234469,2,15.34,-15.96,10.736,0.373,1.518,0,0
234520,2,15.34,0.00,10.673,-0.666,2.054,0,0
234571,2,15.36,12.79,10.530,-0.551,2.303,0,0
234623,2,15.65,0.00,9.936,-0.565,2.523,0,0
234675,2,15.92,3.32,9.869,-0.215,2.480,0,0
234727,2,15.93,0.47,9.720,-0.225,2.480,0,0
234777,2,15.82,0.00,9.941,-0.450,2.605,0,0
234828,2,15.24,-13.82,9.931,-0.402,2.519,0,0
234878,2,14.93,-12.37,9.697,-0.599,2.471,0,0
234930,2,14.60,0.00,9.692,-0.527,2.375,0,0
234982,2,14.04,-8.76,9.495,-1.154,2.298,0,0
235033,2,13.76,0.00,9.443,-1.753,2.361,0,0
235085,2,13.30,-9.36,10.496,-2.207,2.567,0,0
235137,2,13.10,-7.46,9.639,-2.179,2.543,0,0
235188,2,12.72,-6.69,9.682,-0.977,2.318,0,0
235240,2,12.72,0.00,8.763,-0.718,2.519,0,0
235289,2,12.38,-6.69,9.515,-0.871,2.571,0,0
235341,2,12.26,0.00,9.706,-0.220,2.471,0,0
235392,2,12.03,-4.87,9.649,0.153,2.528,0,0
235444,2,11.96,-2.57,9.222,1.245,2.485,0,0
235496,2,11.76,-3.17,9.625,1.058,1.872,0,0
235547,2,11.67,-3.06,9.457,0.781,2.088,0,0
235599,2,11.56,0.00,9.452,0.096,2.552,0,0
235651,2,11.40,-2.70,9.433,0.828,1.853,0,0
235702,2,11.29,-3.88,8.758,0.460,2.150,0,0
235752,2,11.14,-2.32,9.625,1.681,1.537,0,0
235803,2,11.02,-4.81,9.744,0.158,2.543,0,0
235853,2,10.96,0.00,9.797,-0.077,2.471,0,0
235906,2,10.86,-1.64,10.008,-1.039,2.322,0,0
235969,2,10.80,-1.43,10.180,-0.627,1.705,0,0
236020,2,10.76,-1.64,10.175,-0.982,1.379,0,0
236071,2,11.18,0.00,9.917,-1.231,1.489,0,0
236123,2,12.24,20.38,10.013,-0.364,1.508,0,0
236175,2,12.74,0.00,10.104,0.220,1.709,0,0
236226,2,13.76,18.55,10.276,0.230,1.700,0,0
236278,2,14.26,20.12,10.271,0.608,1.604,0,0
236329,2,14.65,0.00,10.218,0.742,1.164,0,0
236381,2,14.70,-11.45,10.290,1.053,0.699,0,0
236433,2,14.39,0.00,10.185,0.852,0.488,0,0
236484,2,13.82,-10.22,10.271,1.144,0.441,0,0
236536,2,13.55,-10.11,10.051,0.421,0.062,0,0
236588,2,13.32,0.00,10.305,0.642,-0.230,0,0
236639,2,12.94,-6.90,9.582,-1.341,-0.752,0,0
236691,2,12.73,0.00,9.883,0.464,-0.081,0,0
236741,2,12.57,-5.68,10.046,0.436,-0.283,0,0
236791,2,12.41,0.00,9.922,0.196,-0.402,0,0
236842,2,13.17,17.12,9.922,0.685,-0.206,0,0
236892,2,13.59,16.74,9.562,-0.038,-0.603,0,0
236944,2,13.96,0.00,10.271,0.790,-1.437,0,0
236995,2,14.76,15.12,10.582,-0.182,-2.006,0,0
237047,2,15.19,0.00,9.831,-1.580,-0.953,0,0
237099,2,16.06,15.65,9.333,-1.575,-1.149,0,0
237150,2,15.68,-14.10,10.439,-0.407,-2.734,0,0
237202,2,15.34,0.00,10.961,-0.139,-3.658,0,0
237254,2,14.66,-10.57,9.692,-1.676,-0.953,0,0
237306,2,14.07,-10.11,10.218,-0.833,-2.380,0,0
237357,2,13.81,-10.43,9.199,-1.724,-1.437,0,0
237408,2,13.59,-8.28,9.811,-0.905,-0.982,0,0
237470,2,13.15,-6.26,9.807,-1.058,-1.140,0,0
237521,2,12.92,-8.80,9.443,-2.375,-1.872,0,0
237572,2,13.47,20.42,9.855,-1.484,-1.192,0,0
237624,2,14.02,0.00,8.801,-2.552,-0.771,0,0
237676,2,15.10,20.51,9.878,-1.499,-2.116,0,0
237728,2,15.63,0.00,9.855,-2.744,-1.834,0,0
237778,2,16.60,18.84,9.845,-2.586,-2.002,0,0
237829,2,17.02,16.56,9.357,-2.854,-1.484,0,0
237879,2,16.72,0.00,9.663,-2.442,-2.322,0,0
237931,2,15.90,-14.96,8.997,-2.610,-1.666,0,0
237983,2,15.51,-15.69,9.467,-2.543,-2.021,0,0
238035,2,15.18,0.00,9.529,-2.614,-2.073,0,0
238086,2,14.50,-11.99,9.610,-2.600,-1.738,0,0
238138,2,14.22,0.00,9.160,-2.677,-2.303,0,0
238189,2,13.67,-9.27,8.959,-2.820,-2.825,0,0
238241,2,13.42,-6.51,8.926,-3.146,-3.261,0,0
238290,2,13.21,-7.91,9.318,-2.772,-2.840,0,0
238342,2,13.94,12.77,9.088,-2.796,-1.714,0,0
238393,2,14.22,10.94,9.251,-2.959,-3.112,0,0
238445,2,14.36,0.00,9.495,-3.452,-2.892,0,0
238497,2,15.11,19.90,9.017,-2.375,-1.140,0,0
238548,2,15.71,22.08,9.783,-2.878,-2.303,0,0
238600,2,15.92,-14.60,9.462,-2.557,-1.274,0,0
238651,2,15.53,-14.66,9.754,-2.840,-1.446,0,0
238703,2,15.19,0.00,9.285,-3.309,-1.111,0,0
238753,2,14.56,-11.48,9.031,-3.065,-1.068,0,0
238804,2,14.27,-11.56,9.127,-3.448,-1.063,0,0
238854,2,13.97,0.00,9.270,-2.993,-0.915,0,0
238904,2,13.48,-9.12,9.242,-3.074,-1.120,0,0
238973,2,13.07,-9.73,9.409,-3.203,-1.302,0,0
239024,2,13.07,0.00,9.266,-4.185,-1.733,0,0
239075,2,14.24,51.56,8.586,-4.266,-1.786,0,0
239127,2,15.55,48.49,9.596,-3.323,-2.131,0,0
239179,2,16.73,0.00,9.294,-3.481,-1.767,0,0
239230,2,18.80,35.69,9.160,-3.630,-1.968,0,0
239282,2,19.66,0.00,10.539,-2.591,-2.485,0,0
