Tempo,Estado,Alt,Vel,AccX,AccY,AccZ,Lat,Lon
14233,0,0.08,0.00,9.304,1.839,3.443,0,0
14285,0,0.07,-0.30,9.409,2.002,3.414,0,0
14336,0,0.04,-1.02,9.304,1.954,3.491,0,0
14388,0,0.05,-0.52,9.112,1.920,3.730,0,0
14439,0,0.07,0.74,9.064,1.978,3.802,0,0
14491,0,0.06,0.00,9.266,2.174,3.735,0,0
14543,0,0.07,0.80,9.290,2.188,3.563,0,0
14593,0,0.04,-1.01,9.342,1.930,3.338,0,0
14644,0,0.06,0.84,9.352,1.848,3.223,0,0
14696,0,0.03,0.00,9.352,1.705,3.184,0,0
14748,0,0.03,-1.02,9.337,1.920,3.309,0,0
14799,0,0.02,-0.50,9.342,1.992,3.376,0,0
14851,0,-0.01,-0.47,9.194,2.140,3.673,0,0
14901,0,0.01,0.86,9.270,2.145,3.687,0,0
14951,0,-0.00,0.00,9.203,2.054,3.596,0,0
15002,0,-0.03,-0.56,9.122,1.815,3.615,0,0
15051,0,-0.06,-1.09,9.213,1.954,3.654,0,0
15103,0,-0.04,0.00,9.313,2.231,3.692,0,0
15155,0,-0.06,-0.52,9.222,2.107,3.697,0,0
15206,0,-0.03,1.34,9.146,1.987,3.673,0,0
15258,0,-0.04,0.82,9.218,1.958,3.563,0,0
15309,0,-0.04,0.00,9.213,1.963,3.567,0,0
15361,0,-0.05,0.00,9.280,1.954,3.587,0,0
15413,0,-0.02,1.34,9.256,2.002,3.610,0,0
15463,0,-0.00,0.52,9.328,2.145,3.644,0,0
15514,0,-0.02,-0.52,9.309,2.126,3.548,0,0
15566,0,-0.02,0.00,9.141,1.834,3.500,0,0
15618,0,0.03,1.73,9.175,1.839,3.457,0,0
15669,0,0.03,0.00,9.237,1.978,3.472,0,0
15721,0,0.03,0.00,9.246,1.939,3.476,0,0
15772,0,0.07,1.47,9.275,1.887,3.491,0,0
15824,0,0.08,0.00,9.251,1.844,3.510,0,0
15873,0,0.09,0.47,9.227,1.982,3.601,0,0
15924,0,0.11,0.00,9.251,2.069,3.697,0,0
15974,0,0.08,-0.93,9.242,1.954,3.582,0,0
16024,0,0.10,0.54,9.261,1.911,3.515,0,0
16076,0,0.11,0.00,9.213,1.820,3.472,0,0
16128,0,0.14,0.54,9.246,1.925,3.486,0,0
16179,0,0.15,0.52,9.222,2.073,3.615,0,0
16231,0,0.17,0.00,9.222,2.049,3.644,0,0
16282,0,0.18,1.35,9.251,1.896,3.567,0,0
16338,0,0.13,-0.86,9.275,1.844,3.467,0,0
16390,0,0.16,0.50,9.486,2.193,3.539,0,0
16441,0,0.17,0.56,9.400,2.179,3.587,0,0
16492,0,0.20,0.99,9.108,1.901,3.630,0,0
16543,0,0.20,0.00,9.117,1.805,3.443,0,0
16595,0,0.22,0.74,9.151,1.920,3.539,0,0
16646,0,0.21,-0.54,9.256,1.935,3.443,0,0
16698,0,0.23,0.00,9.380,1.992,3.505,0,0
16750,0,0.27,1.34,9.424,1.911,3.448,0,0
16801,0,0.30,0.00,9.342,1.915,3.476,0,0
16853,0,0.34,2.01,9.208,1.978,3.543,0,0
16903,0,0.33,-0.54,9.093,1.987,3.582,0,0
16953,0,0.38,0.00,9.151,1.935,3.582,0,0
17004,0,0.36,0.00,9.251,1.930,3.539,0,0
17054,0,0.40,1.41,9.361,1.925,3.500,0,0
17105,0,0.40,0.00,9.352,1.963,3.515,0,0
17157,0,0.45,1.55,9.275,1.935,3.563,0,0
17208,0,0.48,0.00,9.323,1.944,3.462,0,0
17260,0,0.53,1.07,9.270,2.002,3.539,0,0
17312,0,0.55,0.54,9.309,1.915,3.510,0,0
17362,0,0.56,0.54,9.376,1.954,3.424,0,0
17413,0,0.56,0.00,9.270,1.767,3.395,0,0
17465,0,0.53,-1.49,9.285,1.800,3.371,0,0
17517,0,0.54,0.50,9.261,1.815,3.467,0,0
17568,0,0.55,0.00,9.122,1.877,3.663,0,0
17620,0,0.55,0.00,8.997,1.738,3.783,0,0
17671,0,0.52,-1.34,9.467,2.136,3.615,0,0
17723,0,0.52,0.00,9.615,1.877,3.108,0,0
17774,0,0.50,-0.52,9.740,1.791,3.002,0,0
17826,0,0.50,0.00,9.304,1.657,3.012,0,0
17878,0,0.47,0.00,9.184,1.700,3.045,0,0
17928,0,0.43,0.00,9.127,1.872,3.146,0,0
17979,0,0.43,0.54,9.194,1.992,3.227,0,0
18029,0,0.43,0.00,9.414,2.049,3.247,0,0
18081,0,0.43,0.00,9.424,2.030,3.199,0,0
18133,0,0.43,0.00,9.337,2.049,3.285,0,0
18184,0,0.43,0.00,9.438,2.184,3.237,0,0
18236,0,0.42,0.00,9.529,2.385,3.227,0,0
18287,0,0.39,-1.02,9.438,2.227,3.194,0,0
18338,0,0.38,-0.50,9.400,2.207,3.232,0,0
18389,0,0.36,-0.19,9.155,1.978,3.314,0,0
18441,0,0.35,-0.52,8.978,2.011,3.486,0,0
18493,0,0.35,0.00,9.165,2.160,3.481,0,0
18543,0,0.33,-0.52,9.199,2.169,3.438,0,0
18594,0,0.33,0.00,9.357,2.346,3.390,0,0
18646,0,0.32,-0.50,9.390,2.155,3.199,0,0
18698,0,0.32,0.00,9.294,2.116,3.227,0,0
18749,0,0.32,0.00,9.385,2.102,3.165,0,0
18801,0,0.32,0.00,9.323,2.035,3.170,0,0
18852,0,0.33,0.00,9.261,2.140,3.275,0,0
18902,0,0.30,-1.41,9.304,2.236,3.270,0,0
18953,0,0.31,0.54,9.285,2.251,3.347,0,0
19003,0,0.31,0.00,9.285,2.169,3.333,0,0
19056,0,0.30,-0.88,9.318,2.121,3.179,0,0
19107,0,0.32,0.00,9.357,2.193,3.232,0,0
19159,0,0.31,0.00,9.428,2.188,3.208,0,0
19210,0,0.31,0.00,9.400,2.212,3.199,0,0
19262,0,0.29,0.00,9.256,2.155,3.247,0,0
19314,0,0.32,0.54,9.232,2.078,3.242,0,0
19365,0,0.35,0.00,9.376,2.179,3.141,0,0
19417,0,0.34,-0.52,9.333,2.198,3.280,0,0
19467,0,0.34,0.00,9.366,2.073,3.160,0,0
19519,0,0.37,0.78,9.448,2.011,3.112,0,0
19570,0,0.36,0.00,9.285,1.896,3.232,0,0
19622,0,0.37,0.00,9.285,2.083,3.419,0,0
19673,0,0.38,0.52,9.323,2.361,3.428,0,0
19725,0,0.40,0.00,9.237,2.318,3.419,0,0
19776,0,0.44,0.82,9.213,2.045,3.290,0,0
19828,0,0.44,0.00,9.275,1.887,3.136,0,0
19877,0,0.44,0.00,9.352,2.035,3.160,0,0
19928,0,0.43,-0.52,9.395,2.069,3.223,0,0
19978,0,0.41,0.00,9.361,2.040,3.314,0,0
20029,0,0.36,-1.91,9.313,2.102,3.318,0,0
20080,0,0.40,1.32,9.270,2.126,3.352,0,0
20132,0,0.38,0.00,9.194,2.054,3.328,0,0
20184,0,0.38,0.00,9.251,2.040,3.304,0,0
20235,0,0.38,0.00,9.313,2.011,3.242,0,0
20287,0,0.39,-1.36,9.366,2.035,3.208,0,0
20338,0,0.39,0.00,9.462,2.102,3.179,0,0
20389,0,0.39,0.00,9.404,2.045,3.194,0,0
20441,0,0.39,0.00,9.251,2.093,3.309,0,0
20492,0,0.39,0.00,9.304,2.155,3.261,0,0
20544,0,0.38,-0.50,9.347,2.030,3.179,0,0
20594,0,0.38,0.00,9.352,2.088,3.280,0,0
20646,0,0.36,-0.50,9.361,2.116,3.275,0,0
20697,0,0.36,0.00,9.313,2.064,3.256,0,0
20749,0,0.39,0.00,9.290,2.093,3.309,0,0
20800,0,0.32,-0.47,9.313,2.121,3.309,0,0
20852,0,0.29,0.00,9.246,2.040,3.256,0,0
20902,0,0.28,-0.52,9.318,2.049,3.266,0,0
20952,0,0.27,-0.58,9.376,2.093,3.227,0,0
21003,0,0.24,0.00,9.352,2.064,3.266,0,0
21053,0,0.21,-0.54,9.342,2.093,3.275,0,0
21105,0,0.20,-0.52,9.347,2.045,3.203,0,0
21156,0,0.18,0.00,9.270,2.121,3.314,0,0
21208,0,0.16,-0.54,9.270,2.112,3.314,0,0
21259,0,0.14,0.00,9.290,2.064,3.232,0,0
21311,0,0.14,0.00,9.395,2.021,3.156,0,0
21362,0,0.13,-0.52,9.400,2.116,3.280,0,0
21414,0,0.10,0.00,9.342,2.025,3.213,0,0
21466,0,0.05,-1.06,9.323,2.078,3.242,0,0
21516,0,0.02,-1.02,9.290,2.083,3.218,0,0
21568,0,0.01,-0.19,9.304,2.121,3.251,0,0
21619,0,-0.01,0.00,9.323,2.021,3.194,0,0
21671,0,-0.02,-0.52,9.323,2.025,3.189,0,0
21722,0,0.02,0.00,9.318,2.021,3.156,0,0
21774,0,0.01,0.34,9.361,2.150,3.213,0,0
21825,0,0.01,0.00,9.333,2.054,3.122,0,0
21877,0,-0.00,0.00,9.299,2.107,3.165,0,0
21928,0,-0.03,-0.56,9.323,2.112,3.237,0,0
21978,0,0.01,1.41,9.371,2.049,3.151,0,0
22028,0,0.01,0.00,9.481,2.069,3.141,0,0
22078,0,0.06,1.99,9.452,2.006,3.050,0,0
22130,0,0.06,0.00,9.179,1.863,3.060,0,0
22181,0,0.04,-0.52,9.112,1.805,3.084,0,0
22233,0,0.06,0.74,9.337,2.088,3.084,0,0
22284,0,0.06,0.00,9.663,2.610,3.098,0,0
22336,0,0.08,0.54,9.251,2.605,3.045,0,0
22388,0,0.04,0.00,9.079,1.729,2.672,0,0
22438,0,0.06,0.52,9.179,1.724,2.547,0,0
22490,0,0.03,-0.30,9.227,1.810,2.610,0,0
22542,0,0.05,0.00,9.290,1.968,2.624,0,0
22594,0,0.09,0.52,9.371,2.385,2.830,0,0
22644,0,0.09,0.00,9.519,2.116,2.768,0,0
22695,0,0.13,0.52,9.687,1.935,2.653,0,0
22747,0,0.11,-1.34,9.907,1.978,2.423,0,0
22799,0,0.16,1.01,10.266,1.288,2.093,0,0
22850,0,0.19,1.02,9.893,1.417,1.666,0,0
22900,0,0.21,0.00,10.319,3.424,2.409,0,0
22951,0,0.23,0.56,8.983,3.385,3.151,0,0
23001,0,0.25,0.56,8.830,2.428,2.126,0,0
23051,0,0.26,0.00,9.318,1.863,1.767,0,0
23103,0,0.27,0.00,8.849,1.441,2.370,0,0
23155,0,0.29,0.50,8.801,1.384,2.763,0,0
23206,0,0.32,0.00,8.586,1.480,3.984,0,0
23258,0,0.31,-0.52,8.935,2.155,4.597,0,0
23309,0,0.31,0.00,9.874,3.141,5.042,0,0
23361,0,0.35,0.00,9.357,2.638,5.162,0,0
23412,0,0.33,0.00,8.945,2.222,5.047,0,0
23464,0,0.35,-0.56,8.921,2.184,4.822,0,0
23516,0,0.39,1.36,9.151,2.260,4.444,0,0
23566,0,0.39,0.00,8.959,2.126,4.233,0,0
23617,0,0.37,0.00,9.596,2.710,4.712,0,0
23669,0,0.36,0.00,8.614,2.198,4.410,0,0
23721,0,0.38,0.84,7.819,1.844,3.936,0,0
23772,0,0.38,0.00,8.274,2.931,4.415,0,0
23824,0,0.34,-0.50,8.399,3.251,4.827,0,0
23876,0,0.31,0.00,8.011,3.165,4.717,0,0
23926,0,0.32,-1.09,8.035,2.782,4.697,0,0
23976,0,0.32,-0.20,8.547,2.753,4.453,0,0
24027,0,0.29,0.00,8.729,2.753,4.353,0,0
24076,0,0.31,1.45,8.495,2.705,4.252,0,0
24128,0,0.29,-1.02,9.606,4.482,4.884,0,0
24180,0,0.31,0.00,8.102,4.535,5.962,0,0
24231,0,0.30,0.88,6.206,3.649,6.397,0,0
24282,0,0.28,-0.49,6.953,2.806,4.841,0,0
24334,0,0.25,-0.48,7.934,2.605,5.583,0,0
24384,0,0.25,0.00,8.116,3.548,5.957,0,0
24436,0,0.24,-0.58,7.891,3.740,5.789,0,0
24487,0,0.26,0.00,7.398,3.328,5.679,0,0
24539,0,0.24,-0.52,7.623,3.146,5.315,0,0
24590,0,0.22,-0.54,8.993,4.061,4.836,0,0
24642,0,0.26,0.00,8.212,4.290,3.960,0,0
24694,0,0.22,-1.02,8.413,4.032,4.075,0,0
24745,0,0.22,0.00,8.835,4.688,3.002,0,0
24797,0,0.20,-0.54,8.677,4.444,3.194,0,0
24848,0,0.18,-0.50,8.399,4.985,2.629,0,0
24898,0,0.16,0.00,8.940,4.520,2.456,0,0
24949,0,0.18,0.93,8.648,4.764,2.576,0,0
24999,0,0.18,0.00,9.017,5.028,2.998,0,0
25049,0,0.19,0.86,8.231,5.368,2.552,0,0
25101,0,0.17,-0.47,8.715,5.962,1.609,0,0
25152,0,0.15,0.00,7.034,5.952,1.748,0,0
25204,0,0.12,-0.52,7.025,6.699,1.125,0,0
25255,0,0.11,-0.50,6.656,7.116,0.781,0,0
25306,0,0.13,0.84,6.637,7.609,0.086,0,0
25357,0,0.16,0.00,5.454,7.594,-0.249,0,0
25409,0,0.12,-0.50,4.568,8.255,-1.030,0,0
25460,0,0.14,0.82,3.994,8.543,-1.475,0,0
25512,0,0.14,0.00,3.290,8.844,-1.528,0,0
25561,0,0.15,0.73,3.146,8.906,-1.954,0,0
25613,0,0.14,0.00,3.716,8.782,-2.121,0,0
25664,0,0.12,-0.99,4.731,8.701,-2.298,0,0
25716,0,0.13,0.30,4.793,8.260,-2.121,0,0
25767,0,0.11,0.32,4.865,7.949,-1.484,0,0
25819,0,0.08,-1.02,4.932,8.016,-1.441,0,0
25871,0,0.10,0.00,4.793,8.375,-1.623,0,0
25921,0,0.05,-1.65,4.501,8.677,-2.126,0,0
25971,0,0.04,-0.20,4.175,8.940,-2.523,0,0
26022,0,0.02,0.00,4.401,9.199,-3.065,0,0
26072,0,-0.02,-0.24,4.573,9.045,-2.825,0,0
26122,0,-0.02,0.00,4.784,8.782,-2.428,0,0
26174,0,-0.05,0.32,4.884,8.610,-2.423,0,0
26225,0,-0.08,-1.01,4.760,8.696,-2.682,0,0
26277,0,-0.15,-1.56,4.520,8.614,-2.911,0,0
26327,0,-0.14,0.13,4.515,8.562,-2.734,0,0
26379,0,-0.19,-1.49,4.492,8.289,-2.294,0,0
26430,0,-0.19,0.22,4.463,8.150,-2.174,0,0
26481,0,-0.21,-1.04,4.487,8.346,-2.236,0,0
26532,0,-0.24,0.00,4.434,8.097,-2.231,0,0
26584,0,-0.23,-1.04,4.583,8.375,-2.514,0,0
26636,0,-0.21,0.86,4.975,8.289,-2.241,0,0
26687,0,-0.22,0.00,5.358,8.145,-1.815,0,0
26739,0,-0.20,0.86,5.986,8.016,-1.599,0,0
26790,0,-0.23,0.00,6.000,8.006,-1.700,0,0
26842,0,-0.23,0.30,5.880,8.317,-2.011,0,0
26892,0,-0.23,0.00,5.660,7.824,-2.174,0,0
26942,0,-0.26,-0.52,5.526,7.690,-1.930,0,0
26992,0,-0.23,0.00,5.784,7.709,-1.326,0,0
27043,0,-0.23,0.00,5.880,7.858,-1.188,0,0
27093,0,-0.23,0.00,5.904,8.025,-1.279,0,0
27144,0,-0.19,0.00,5.669,7.997,-1.690,0,0
27194,0,-0.20,0.00,5.631,8.030,-1.705,0,0
27243,0,-0.20,0.00,5.511,8.011,-1.796,0,0
27295,0,-0.20,0.00,5.406,7.987,-1.992,0,0
27346,0,-0.22,0.00,5.296,7.872,-1.695,0,0
27398,0,-0.21,0.30,5.349,7.743,-1.322,0,0
27449,0,-0.26,-1.79,5.468,7.882,-1.393,0,0
27500,0,-0.26,0.00,5.641,8.126,-1.753,0,0
27551,0,-0.24,0.00,5.722,8.241,-1.805,0,0
27603,0,-0.24,0.00,5.713,8.001,-1.480,0,0
27654,0,-0.24,0.00,5.717,8.011,-1.494,0,0
27706,0,-0.24,0.00,5.823,8.025,-1.528,0,0
27758,0,-0.24,0.00,5.717,8.107,-1.776,0,0
27809,0,-0.22,0.00,5.545,7.930,-1.561,0,0
27861,0,-0.18,1.08,5.559,7.973,-1.604,0,0
27911,0,-0.17,0.52,5.583,7.915,-1.614,0,0
27961,0,-0.14,0.00,5.674,7.954,-1.561,0,0
28012,0,-0.13,0.56,5.823,7.982,-1.590,0,0
28062,0,-0.11,0.56,5.775,7.968,-1.561,0,0
28113,0,-0.13,0.00,5.808,7.949,-1.532,0,0
28163,0,-0.09,0.00,5.732,7.944,-1.523,0,0
28213,0,-0.06,1.37,5.751,7.901,-1.508,0,0
28265,0,-0.06,0.00,5.818,7.977,-1.628,0,0
28316,0,-0.02,1.30,5.746,7.925,-1.575,0,0
28366,0,-0.03,-0.23,5.641,7.829,-1.465,0,0
28418,0,-0.02,-0.48,5.737,7.901,-1.523,0,0
28468,0,-0.02,0.00,5.775,7.963,-1.470,0,0
28520,0,-0.04,0.00,5.808,7.896,-1.446,0,0
28571,0,-0.05,0.00,5.827,7.944,-1.456,0,0
28623,0,-0.03,0.00,5.789,7.920,-1.437,0,0
28674,0,-0.04,-0.52,5.813,7.973,-1.542,0,0
28726,0,-0.06,0.00,5.794,7.939,-1.532,0,0
28778,0,-0.03,-0.48,5.804,7.954,-1.513,0,0
28829,0,-0.03,0.00,5.727,7.887,-1.384,0,0
28881,0,-0.05,0.00,5.689,7.858,-1.393,0,0
28932,0,-0.05,0.00,5.770,7.949,-1.451,0,0
28982,0,-0.05,0.00,5.880,8.011,-1.528,0,0
29032,0,-0.03,0.60,5.799,7.982,-1.484,0,0
29083,0,-0.07,-1.49,5.823,7.867,-1.312,0,0
29133,0,-0.06,0.00,5.756,7.843,-1.413,0,0
29185,0,-0.03,0.52,5.655,7.819,-1.417,0,0
29237,0,-0.04,-0.34,5.851,7.901,-1.494,0,0
29288,0,0.00,0.52,5.818,7.963,-1.551,0,0
29340,0,0.02,0.52,5.784,7.987,-1.456,0,0
29391,0,0.03,0.00,5.794,7.954,-1.374,0,0
29443,0,0.06,0.54,5.789,7.944,-1.307,0,0
29495,0,0.06,0.00,5.827,8.054,-1.484,0,0
29545,0,0.06,0.00,5.722,8.011,-1.542,0,0
29596,0,0.07,0.00,5.593,7.910,-1.417,0,0
29648,0,0.10,0.56,5.578,7.920,-1.432,0,0
29700,0,0.10,0.00,5.804,8.016,-1.489,0,0
29751,0,0.13,0.50,5.813,8.030,-1.432,0,0
29803,0,0.14,0.50,5.751,7.949,-1.389,0,0
29854,0,0.20,0.00,5.727,7.882,-1.235,0,0
29904,0,0.23,0.52,5.741,8.006,-1.441,0,0
29955,0,0.18,-1.97,5.708,8.001,-1.460,0,0
30005,0,0.18,0.00,5.813,7.920,-1.322,0,0
30055,0,0.20,0.54,5.813,7.891,-1.159,0,0
30106,0,0.15,-2.01,5.880,7.963,-1.183,0,0
30157,0,0.15,0.00,5.813,8.006,-1.302,0,0
30209,0,0.15,0.00,5.732,8.011,-1.259,0,0
30261,0,0.15,0.00,5.559,7.877,-1.130,0,0
30312,0,0.12,-1.41,5.660,8.159,-1.437,0,0
30364,0,0.14,0.47,6.287,8.346,-1.197,0,0
30414,0,0.13,-0.09,6.225,7.877,-0.335,0,0
30464,0,0.13,0.00,5.760,7.839,-0.934,0,0
30515,0,0.14,-0.32,5.425,7.570,-1.149,0,0
30567,0,0.10,-1.41,4.554,7.278,-1.274,0,0
30619,0,0.13,0.00,4.817,7.949,-2.145,0,0
30670,0,0.11,0.52,5.329,8.294,-2.150,0,0
30722,0,0.08,0.00,5.933,8.131,-1.341,0,0
30773,0,0.06,-0.82,6.445,8.011,-0.747,0,0
30825,0,0.06,0.00,6.287,8.045,-0.996,0,0
30874,0,0.04,0.00,5.875,8.102,-1.393,0,0
30925,0,0.04,0.00,5.713,8.217,-1.671,0,0
30975,0,0.01,0.00,5.650,8.131,-1.566,0,0
31025,0,-0.02,-1.47,5.545,8.040,-1.518,0,0
31076,0,-0.03,-0.46,5.497,8.064,-1.662,0,0
31125,0,-0.02,0.00,5.449,8.049,-1.781,0,0
31177,0,-0.08,-1.79,5.564,7.973,-1.700,0,0
31229,0,-0.10,-0.48,5.760,7.901,-1.551,0,0
31279,0,-0.12,-1.04,5.947,7.877,-1.427,0,0
31330,0,-0.15,0.00,6.038,7.843,-1.408,0,0
31382,0,-0.21,-1.01,5.947,7.824,-1.413,0,0
31434,0,-0.22,-0.52,5.890,7.839,-1.441,0,0
31485,0,-0.26,0.00,5.899,7.819,-1.470,0,0
31537,0,-0.31,-1.83,5.818,7.829,-1.532,0,0
31588,0,-0.34,0.00,5.775,7.858,-1.657,0,0
31640,0,-0.37,-0.48,5.751,7.743,-1.484,0,0
31691,0,-0.38,-0.48,5.832,7.858,-1.618,0,0
31743,0,-0.41,0.00,5.861,7.867,-1.590,0,0
31795,0,-0.42,-0.52,5.938,7.882,-1.547,0,0
31846,0,-0.42,0.00,5.938,7.939,-1.494,0,0
31899,0,-0.41,0.00,5.866,7.934,-1.417,0,0
31949,0,-0.43,-0.54,5.871,8.107,-1.580,0,0
31999,0,-0.43,0.00,6.115,8.174,-1.595,0,0
32050,0,-0.42,0.76,6.091,7.963,-1.312,0,0
32099,0,-0.41,0.48,5.990,7.733,-1.173,0,0
32150,0,-0.42,-0.48,5.933,7.700,-1.106,0,0
32201,0,-0.42,0.00,5.890,7.647,-1.063,0,0
32253,0,-0.43,-1.86,5.856,7.752,-1.154,0,0
32304,0,-0.43,0.00,5.818,7.724,-1.063,0,0
32356,0,-0.43,0.00,5.861,7.767,-0.953,0,0
32408,0,-0.42,0.52,5.880,7.915,-0.939,0,0
32461,0,-0.41,0.20,5.942,8.025,-1.020,0,0
32513,0,-0.41,0.00,5.962,8.006,-0.962,0,0
32563,0,-0.45,-1.71,5.904,8.112,-1.001,0,0
32614,0,-0.44,0.52,6.067,8.337,-1.207,0,0
32666,0,-0.43,0.52,6.790,9.352,-1.901,0,0
32718,0,-0.41,0.52,6.694,9.491,-1.197,0,0
32769,0,-0.39,0.00,5.239,9.658,-0.014,0,0
32821,0,-0.37,1.04,3.706,8.677,1.834,0,0
32873,0,-0.37,-1.30,2.950,8.045,2.974,0,0
32923,0,-0.36,-0.36,2.619,8.116,3.400,0,0
32973,0,-0.33,1.13,2.768,8.241,3.515,0,0
33024,0,-0.30,0.00,2.461,8.389,3.965,0,0
33073,0,-0.27,0.56,1.906,8.332,3.960,0,0
33125,0,-0.31,-1.34,1.709,8.260,4.381,0,0
33177,0,-0.30,0.00,1.686,8.203,4.563,0,0
33228,0,-0.28,0.00,2.002,7.939,4.966,0,0
33280,0,-0.27,0.52,2.045,8.150,4.922,0,0
33331,0,-0.25,0.52,1.896,8.155,4.884,0,0
33383,0,-0.24,0.52,1.858,8.035,5.057,0,0
33435,0,-0.26,0.00,2.035,8.078,4.994,0,0
33485,0,-0.28,-0.56,2.198,8.394,4.760,0,0
33536,0,-0.24,0.52,2.466,8.303,4.755,0,0
33588,0,-0.24,0.00,2.318,8.126,4.812,0,0
33640,0,-0.22,0.00,2.342,8.361,4.683,0,0
33691,0,-0.24,-1.30,2.543,8.519,4.702,0,0
33743,0,-0.23,0.00,2.734,8.528,4.650,0,0
33794,0,-0.22,0.48,2.825,8.226,4.410,0,0
33846,0,-0.24,-0.82,3.136,8.188,3.907,0,0
33896,0,-0.21,0.00,3.328,8.408,2.988,0,0
33946,0,-0.22,0.52,3.381,9.084,1.384,0,0
33997,0,-0.19,1.13,3.381,9.663,-0.005,0,0
34047,0,-0.21,0.00,3.467,9.969,-0.326,0,0
34096,0,-0.17,1.04,3.601,10.003,-0.915,0,0
34148,0,-0.19,-0.82,3.615,9.807,-0.053,0,0
34199,0,-0.19,-0.52,3.749,8.969,0.584,0,0
34281,0,-0.15,0.72,3.663,8.806,-0.187,0,0
34333,0,-0.14,0.52,4.175,8.844,-0.503,0,0
34385,0,-0.15,-0.82,3.974,9.227,-1.432,0,0
34435,0,-0.15,0.00,3.836,9.251,-1.757,0,0
34486,0,-0.11,0.48,3.496,9.199,-1.800,0,0
34538,0,-0.11,0.00,3.807,8.964,-1.010,0,0
34587,0,-0.09,0.00,4.156,8.935,-0.560,0,0
34639,0,-0.08,0.00,4.334,9.117,-0.565,0,0
34690,0,-0.07,0.00,4.472,9.175,-0.809,0,0
34742,0,-0.02,1.01,4.362,8.978,-0.781,0,0
34793,0,-0.01,0.52,4.286,8.844,-0.781,0,0
34845,0,-0.02,0.00,4.238,8.720,-0.728,0,0
34895,0,-0.05,-0.88,4.152,8.657,-0.546,0,0
34945,0,-0.05,0.00,4.094,8.801,-0.637,0,0
34996,0,-0.02,0.56,4.305,8.950,-0.666,0,0
35046,0,-0.01,0.56,4.314,8.950,-0.723,0,0
35097,0,-0.01,0.00,4.348,8.964,-0.680,0,0
35149,0,-0.00,0.52,4.463,8.973,-0.661,0,0
35201,0,-0.00,0.00,4.583,8.969,-0.618,0,0
35251,0,-0.01,-0.30,4.501,8.911,-0.541,0,0
35302,0,-0.01,0.00,4.501,8.844,-0.498,0,0
35354,0,0.00,0.48,4.353,8.806,-0.522,0,0
35406,0,-0.03,-1.30,4.310,8.758,-0.527,0,0
35457,0,-0.02,0.48,4.262,8.782,-0.622,0,0
35509,0,-0.02,0.00,4.252,8.710,-0.469,0,0
35560,0,-0.00,0.00,4.300,8.815,-0.608,0,0
35612,0,-0.01,-0.34,4.343,9.017,-0.838,0,0
35663,0,0.00,0.54,4.372,8.906,-0.536,0,0
35715,0,0.03,0.52,4.420,8.930,-0.503,0,0
35767,0,0.04,0.56,4.367,8.945,-0.512,0,0
35818,0,0.02,0.00,4.310,9.026,-0.752,0,0
35870,0,0.05,0.50,4.180,8.916,-0.790,0,0
35920,0,0.06,0.54,4.132,8.772,-0.627,0,0
35971,0,0.03,0.00,4.142,8.724,-0.522,0,0
36021,0,0.05,1.11,4.286,8.945,-0.699,0,0
36071,0,0.05,0.00,4.252,8.882,-0.694,0,0
36121,0,0.07,0.52,4.377,9.050,-0.718,0,0
36172,0,0.05,0.00,4.338,8.758,-0.311,0,0
36224,0,0.06,0.00,4.444,8.882,-0.512,0,0
36275,0,0.07,0.50,4.463,8.940,-0.527,0,0
36332,0,0.07,-0.12,4.472,8.892,-0.522,0,0
36383,0,0.08,0.00,4.353,8.873,-0.651,0,0
36434,0,0.08,0.00,4.233,8.772,-0.517,0,0
36485,0,0.11,0.52,4.338,8.782,-0.527,0,0
36537,0,0.12,0.52,4.444,8.844,-0.522,0,0
36588,0,0.13,0.00,4.439,8.844,-0.512,0,0
36640,0,0.16,0.50,4.381,8.820,-0.436,0,0
36692,0,0.18,0.00,4.444,8.839,-0.426,0,0
36743,0,0.22,1.01,4.501,8.887,-0.436,0,0
36795,0,0.20,-0.80,4.415,8.835,-0.431,0,0
36846,0,0.21,0.00,4.219,8.729,-0.402,0,0
36896,0,0.22,0.56,4.290,8.739,-0.469,0,0
36947,0,0.22,0.00,4.343,8.815,-0.508,0,0
36997,0,0.22,0.00,4.195,8.777,-0.508,0,0
37047,0,0.21,0.52,4.324,8.844,-0.551,0,0
37099,0,0.21,0.00,4.415,8.859,-0.532,0,0
37151,0,0.21,0.00,4.463,8.892,-0.512,0,0
37202,0,0.23,0.54,4.501,8.882,-0.517,0,0
37254,0,0.24,0.00,4.511,8.863,-0.493,0,0
37305,0,0.22,-0.82,4.611,8.854,-0.464,0,0
37356,0,0.23,0.52,4.563,8.878,-0.560,0,0
37407,0,0.23,0.00,4.444,8.844,-0.622,0,0
37459,0,0.25,0.00,4.319,8.768,-0.594,0,0
37510,0,0.26,0.00,4.266,8.796,-0.670,0,0
37562,0,0.25,-0.54,4.348,8.897,-0.737,0,0
37614,0,0.23,0.00,4.391,8.839,-0.594,0,0
37665,0,0.23,0.00,4.439,8.825,-0.503,0,0
37717,0,0.25,0.00,4.487,9.002,-0.690,0,0
37768,0,0.21,0.48,4.434,8.945,-0.723,0,0
37820,0,0.22,0.00,4.391,8.825,-0.608,0,0
37869,0,0.24,0.56,4.444,8.768,-0.536,0,0
37919,0,0.24,0.00,4.539,8.811,-0.532,0,0
37970,0,0.20,0.00,4.539,8.897,-0.642,0,0
38020,0,0.20,0.00,4.410,8.815,-0.589,0,0
38072,0,0.21,0.50,4.377,8.806,-0.570,0,0
38124,0,0.18,0.00,4.386,8.811,-0.613,0,0
38175,0,0.21,0.54,4.420,8.835,-0.555,0,0
38226,0,0.21,0.00,4.362,8.772,-0.579,0,0
38277,0,0.19,0.48,4.391,8.854,-0.622,0,0
38329,0,0.15,0.00,4.357,8.806,-0.527,0,0
38378,0,0.14,-0.20,4.377,8.892,-0.685,0,0
38430,0,0.14,0.00,4.420,8.835,-0.565,0,0
38482,0,0.11,-1.02,4.487,8.906,-0.594,0,0
38532,0,0.11,0.00,4.472,8.873,-0.503,0,0
38583,0,0.07,-1.34,4.501,8.882,-0.522,0,0
38635,0,0.07,0.00,4.401,8.820,-0.498,0,0
38687,0,0.06,-0.50,4.448,8.911,-0.622,0,0
38738,0,0.06,0.00,4.472,8.849,-0.527,0,0
38790,0,0.03,0.00,4.434,8.806,-0.445,0,0
38841,0,0.03,0.00,4.424,8.801,-0.527,0,0
38891,0,0.03,0.00,4.348,8.768,-0.532,0,0
38942,0,0.04,0.00,4.482,8.782,-0.508,0,0
38992,0,0.06,0.56,4.559,8.710,-0.402,0,0
39042,0,0.06,0.00,4.434,8.796,-0.512,0,0
39094,0,0.07,0.00,4.458,8.792,-0.541,0,0
39145,0,0.07,0.00,4.434,8.758,-0.450,0,0
39197,0,0.09,0.00,4.549,8.835,-0.426,0,0
39248,0,0.09,0.00,4.535,8.825,-0.488,0,0
39300,0,0.09,0.00,4.496,8.744,-0.426,0,0
39352,0,0.11,1.34,4.420,8.710,-0.450,0,0
39402,0,0.11,0.00,4.410,8.768,-0.570,0,0
39453,0,0.11,0.00,4.472,8.796,-0.594,0,0
39505,0,0.11,0.00,4.429,8.854,-0.565,0,0
39557,0,0.12,0.00,4.492,8.868,-0.541,0,0
39608,0,0.09,0.00,4.539,8.792,-0.445,0,0
39660,0,0.11,0.50,4.530,8.849,-0.670,0,0
39711,0,0.13,0.50,4.386,8.815,-0.642,0,0
39763,0,0.14,0.52,4.482,8.782,-0.560,0,0
39815,0,0.12,0.48,4.535,8.806,-0.503,0,0
39866,0,0.15,0.00,4.472,8.902,-0.666,0,0
39917,0,0.16,0.54,4.477,8.868,-0.656,0,0
39967,0,0.17,0.58,4.439,8.830,-0.622,0,0
40017,0,0.17,0.00,4.396,8.772,-0.594,0,0
40069,0,0.17,0.52,4.458,8.863,-0.699,0,0
40121,0,0.18,0.50,4.401,8.806,-0.627,0,0
40173,0,0.17,0.00,4.377,8.782,-0.560,0,0
40224,0,0.18,0.00,4.396,8.902,-0.685,0,0
40276,0,0.17,0.00,4.367,8.897,-0.742,0,0
40326,0,0.17,0.00,4.343,8.863,-0.713,0,0
40378,0,0.13,0.00,4.377,8.744,-0.508,0,0
40428,0,0.13,0.00,4.472,8.835,-0.599,0,0
40480,0,0.13,0.00,4.487,8.921,-0.685,0,0
40532,0,0.13,0.00,4.410,8.811,-0.603,0,0
40582,0,0.15,0.50,4.377,8.835,-0.618,0,0
40633,0,0.13,0.00,4.410,8.806,-0.555,0,0
40685,0,0.07,-1.99,4.448,8.906,-0.675,0,0
40737,0,0.06,-0.52,4.324,8.882,-0.728,0,0
40788,0,0.06,0.00,4.281,8.854,-0.646,0,0
40840,0,0.06,0.00,4.396,8.935,-0.742,0,0
40889,0,0.06,0.00,4.367,8.902,-0.709,0,0
40940,0,0.06,0.00,4.434,8.863,-0.618,0,0
40990,0,0.07,0.54,4.410,8.844,-0.608,0,0
41040,0,0.06,0.00,4.429,8.806,-0.560,0,0
41092,0,0.04,-0.48,4.463,8.844,-0.642,0,0
41144,0,0.06,0.48,4.415,8.873,-0.680,0,0
41195,0,0.04,0.00,4.324,8.859,-0.656,0,0
41247,0,0.04,0.00,4.381,8.892,-0.723,0,0
41298,0,0.05,0.00,4.247,8.815,-0.713,0,0
41350,0,0.05,0.00,4.247,8.729,-0.599,0,0
41401,0,0.05,0.00,4.334,8.839,-0.694,0,0
41452,0,0.01,-1.34,4.511,8.878,-0.589,0,0
41503,0,0.01,0.00,4.458,8.811,-0.555,0,0
41555,0,0.00,-0.52,4.362,8.787,-0.589,0,0
41607,0,0.00,0.00,4.381,8.734,-0.546,0,0
41658,0,0.00,0.00,4.444,8.768,-0.594,0,0
41710,0,-0.02,-0.84,4.386,8.811,-0.694,0,0
41761,0,-0.02,0.00,4.348,8.825,-0.752,0,0
41813,0,0.03,0.50,4.300,8.748,-0.594,0,0
41864,0,-0.02,-1.86,4.506,8.887,-0.613,0,0
41915,0,-0.01,0.00,4.568,8.935,-0.661,0,0
41965,0,-0.01,0.00,4.410,8.863,-0.666,0,0
42016,0,0.02,1.11,4.401,8.801,-0.589,0,0
42065,0,0.02,0.00,4.477,8.811,-0.699,0,0
42117,0,0.03,0.00,4.420,8.815,-0.733,0,0
42168,0,-0.00,0.00,4.424,8.815,-0.675,0,0
42220,0,0.01,0.00,4.410,8.806,-0.622,0,0
42271,0,0.04,1.02,4.468,8.815,-0.632,0,0
42322,0,0.05,0.52,4.511,8.935,-0.742,0,0
42373,0,0.05,0.00,4.429,8.873,-0.694,0,0
42425,0,0.07,0.00,4.444,8.825,-0.599,0,0
42477,0,0.07,0.00,4.415,8.768,-0.632,0,0
42528,0,0.10,1.49,4.434,8.796,-0.666,0,0
42579,0,0.10,0.00,4.353,8.806,-0.747,0,0
42630,0,0.10,0.00,4.377,8.691,-0.570,0,0
42682,0,0.07,0.00,4.458,8.902,-0.713,0,0
42733,0,0.07,0.00,4.420,8.935,-0.723,0,0
42785,0,0.07,0.00,4.410,8.926,-0.680,0,0
42837,0,0.08,0.00,4.401,8.787,-0.527,0,0
42886,0,0.09,0.56,4.468,8.849,-0.642,0,0
42937,0,0.09,0.00,4.434,8.863,-0.699,0,0
42987,0,0.13,1.11,4.405,8.825,-0.584,0,0
43037,0,0.16,1.11,4.429,8.878,-0.642,0,0
43089,0,0.14,0.00,4.415,8.753,-0.570,0,0
43141,0,0.17,0.56,4.396,8.811,-0.618,0,0
43192,0,0.13,0.00,4.338,8.729,-0.618,0,0
43244,0,0.12,-0.82,4.439,8.806,-0.579,0,0
43295,0,0.14,0.50,4.429,8.854,-0.670,0,0
43347,0,0.14,0.00,4.377,8.830,-0.642,0,0
43399,0,0.14,0.00,4.477,8.835,-0.618,0,0
43449,0,0.11,-0.84,4.482,8.806,-0.512,0,0
43501,0,0.11,0.00,4.501,8.868,-0.603,0,0
43552,0,0.11,0.00,4.396,8.859,-0.675,0,0
43604,0,0.09,-0.73,4.377,8.849,-0.690,0,0
43655,0,0.08,0.00,4.377,8.854,-0.656,0,0
43707,0,0.11,1.33,4.348,8.839,-0.594,0,0
43758,0,0.10,-0.47,4.348,8.911,-0.728,0,0
43810,0,0.09,0.00,4.348,8.849,-0.646,0,0
43859,0,0.09,0.00,4.396,8.839,-0.536,0,0
43909,0,0.09,0.00,4.343,8.935,-0.713,0,0
43960,0,0.11,0.00,4.271,8.916,-0.709,0,0
44010,0,0.11,0.00,4.266,8.868,-0.690,0,0
44060,0,0.13,0.00,4.314,8.820,-0.603,0,0
44112,0,0.14,-0.56,4.396,8.839,-0.536,0,0
44163,0,0.14,0.00,4.372,8.887,-0.613,0,0
44215,0,0.18,0.00,4.338,8.911,-0.651,0,0
44283,0,0.20,0.34,4.314,8.815,-0.551,0,0
44334,0,0.22,1.45,4.377,8.882,-0.613,0,0
44386,0,0.22,0.00,4.314,8.863,-0.603,0,0
44436,0,0.24,0.82,4.310,8.882,-0.661,0,0
44488,0,0.23,-0.52,4.444,8.844,-0.493,0,0
44539,0,0.22,0.00,4.511,8.964,-0.603,0,0
44591,0,0.25,1.25,4.329,8.859,-0.560,0,0
44642,0,0.25,0.00,4.324,8.830,-0.584,0,0
44694,0,0.25,0.00,4.334,8.792,-0.527,0,0
44745,0,0.25,0.00,4.367,8.868,-0.589,0,0
44797,0,0.25,0.00,4.286,8.806,-0.565,0,0
44849,0,0.22,-1.04,4.281,8.902,-0.642,0,0
44899,0,0.22,0.00,4.247,8.801,-0.541,0,0
44949,0,0.21,-0.54,4.377,8.863,-0.613,0,0
44999,0,0.21,0.00,4.300,8.815,-0.589,0,0
45050,0,0.19,0.00,4.324,8.887,-0.680,0,0
45101,0,0.17,-0.56,4.401,8.839,-0.536,0,0
45153,0,0.12,-1.75,4.482,8.926,-0.680,0,0
45204,0,0.14,0.74,4.448,8.849,-0.651,0,0
45256,0,0.14,0.00,4.472,8.777,-0.608,0,0
45307,0,0.14,0.00,4.487,8.792,-0.565,0,0
45358,0,0.14,0.00,4.477,8.863,-0.680,0,0
45409,0,0.14,0.00,4.420,8.825,-0.690,0,0
45461,0,0.14,0.00,4.377,8.811,-0.680,0,0
45513,0,0.15,0.00,4.439,8.825,-0.670,0,0
45564,0,0.12,-1.01,4.429,8.815,-0.704,0,0
45616,0,0.11,-0.48,4.415,8.835,-0.757,0,0
45667,0,0.08,-0.50,4.410,8.787,-0.733,0,0
45719,0,0.08,0.00,4.453,8.835,-0.642,0,0
45770,0,0.10,0.00,4.448,8.892,-0.766,0,0
45822,0,0.07,-0.47,4.338,8.911,-0.795,0,0
45874,0,0.07,0.00,4.367,8.873,-0.723,0,0
45924,0,0.05,0.00,4.439,8.806,-0.584,0,0
45975,0,0.02,-1.11,4.463,8.854,-0.713,0,0
46025,0,0.01,0.00,4.367,8.854,-0.728,0,0
46075,0,0.00,0.91,4.319,8.820,-0.704,0,0
46127,0,-0.01,-0.58,4.305,8.811,-0.670,0,0
46178,0,-0.03,0.00,4.386,8.782,-0.685,0,0
46230,0,-0.02,0.82,4.415,8.887,-0.747,0,0
46280,0,-0.02,0.00,4.338,8.820,-0.680,0,0
46330,0,-0.03,-0.18,4.377,8.811,-0.656,0,0
46380,0,-0.01,0.82,4.410,8.873,-0.709,0,0
46431,0,-0.02,0.00,4.357,8.882,-0.761,0,0
46483,0,-0.00,0.93,4.319,8.815,-0.713,0,0
46535,0,-0.02,0.00,4.348,8.830,-0.699,0,0
46586,0,-0.04,-0.48,4.415,8.825,-0.699,0,0
46638,0,-0.04,0.00,4.377,8.892,-0.771,0,0
46689,0,-0.06,0.00,4.372,8.859,-0.766,0,0
46741,0,-0.03,0.82,4.367,8.825,-0.742,0,0
46793,0,-0.03,0.00,4.367,8.873,-0.781,0,0
46844,0,-0.03,-0.56,4.348,8.820,-0.747,0,0
46897,0,-0.03,0.00,4.367,8.854,-0.790,0,0
46947,0,-0.03,0.00,4.348,8.854,-0.761,0,0
46997,0,-0.06,-0.56,4.405,8.839,-0.704,0,0
47048,0,-0.08,-0.56,4.405,8.902,-0.819,0,0
47099,0,-0.10,-0.48,4.324,8.892,-0.824,0,0
47151,0,-0.12,-0.52,4.362,8.835,-0.742,0,0
47203,0,-0.13,0.00,4.396,8.825,-0.737,0,0
47254,0,-0.14,-0.52,4.381,8.806,-0.713,0,0
47306,0,-0.14,0.00,4.338,8.854,-0.819,0,0
47356,0,-0.16,-0.52,4.314,8.801,-0.776,0,0
47408,0,-0.17,0.00,4.362,8.878,-0.824,0,0
47459,0,-0.18,0.86,4.334,8.820,-0.737,0,0
47511,0,-0.19,-0.48,4.429,8.902,-0.742,0,0
47562,0,-0.24,-1.01,4.276,8.897,-0.800,0,0
47614,0,-0.26,-0.52,4.334,8.859,-0.828,0,0
47666,0,-0.29,0.00,4.329,8.911,-0.800,0,0
47717,0,-0.31,-0.48,4.271,8.926,-0.871,0,0
47769,0,-0.29,0.00,4.257,8.835,-0.776,0,0
47820,0,-0.32,0.00,4.324,8.892,-0.828,0,0
47872,0,-0.34,-0.52,4.367,8.854,-0.661,0,0
47922,0,-0.32,0.00,4.405,8.983,-0.809,0,0
47973,0,-0.31,0.00,4.348,8.916,-0.713,0,0
48023,0,-0.31,0.00,4.286,8.873,-0.627,0,0
48075,0,-0.29,0.00,4.305,8.887,-0.603,0,0
48127,0,-0.31,0.52,4.357,8.964,-0.618,0,0
48178,0,-0.31,0.00,4.334,8.911,-0.436,0,0
48230,0,-0.30,0.48,4.415,9.093,-0.709,0,0
48282,0,-0.29,0.52,4.070,9.266,-1.097,0,0
48332,0,-0.27,0.48,4.046,9.256,-1.159,0,0
48383,0,-0.30,-0.30,4.089,9.179,-1.202,0,0
48435,0,-0.24,1.90,4.094,8.954,-1.135,0,0
48485,0,-0.23,0.45,4.257,8.763,-0.694,0,0
48537,0,-0.22,0.56,4.520,8.882,-0.551,0,0
48588,0,-0.23,0.52,4.784,10.625,-2.040,0,0
48640,0,-0.19,1.34,4.195,9.438,-0.278,0,0
48691,0,-0.18,0.00,3.721,8.610,0.848,0,0
48743,0,-0.15,0.00,3.285,8.442,0.800,0,0
48794,0,-0.14,0.48,2.911,7.949,0.828,0,0
48846,0,-0.09,0.00,2.811,7.920,0.622,0,0
48896,0,-0.05,1.45,3.007,9.041,-0.330,0,0
48946,0,-0.05,0.00,3.098,9.246,-0.196,0,0
48997,0,-0.05,0.00,3.242,9.505,0.273,0,0
49047,0,-0.07,-0.60,3.433,10.353,-0.565,0,0
49098,0,-0.08,0.00,3.405,9.663,0.450,0,0
49150,0,-0.08,0.00,3.409,9.385,0.589,0,0
49201,0,-0.06,0.00,3.304,8.988,0.613,0,0
49253,0,-0.08,-1.13,3.448,9.045,0.268,0,0
49305,0,-0.08,0.00,3.620,9.055,0.153,0,0
49355,0,-0.08,0.00,3.572,9.007,0.249,0,0
49406,0,-0.10,-0.52,3.472,9.002,0.287,0,0
49458,0,-0.09,-0.56,3.529,8.954,0.330,0,0
49510,0,-0.12,-1.01,3.567,9.122,0.230,0,0
49561,0,-0.09,0.00,3.855,9.347,0.120,0,0
49613,0,-0.10,-1.01,3.773,9.333,0.201,0,0
49664,0,-0.10,0.00,3.572,9.462,0.139,0,0
49716,0,-0.12,0.30,3.515,9.390,0.254,0,0
49767,0,-0.15,-1.01,3.639,9.409,0.019,0,0
49819,0,-0.23,-1.53,3.587,9.179,0.091,0,0
49868,0,-0.23,0.30,3.577,9.184,0.077,0,0
49918,0,-0.25,0.00,3.414,8.950,0.292,0,0
49969,0,-0.26,-1.13,3.280,8.897,0.302,0,0
50019,0,-0.24,0.93,3.323,9.074,0.124,0,0
50071,0,-0.27,0.00,3.563,9.290,0.086,0,0
50123,0,-0.27,0.34,3.587,9.251,0.105,0,0
50173,0,-0.27,0.00,3.342,9.371,-0.182,0,0
50225,0,-0.28,0.88,3.203,9.146,-0.062,0,0
50276,0,-0.27,0.30,3.170,9.151,-0.201,0,0
50328,0,-0.29,-0.19,3.338,8.868,0.072,0,0
50379,0,-0.28,0.52,3.443,8.710,-0.014,0,0
50429,0,-0.30,-0.43,3.759,8.902,-0.283,0,0
50481,0,-0.34,-1.19,3.883,8.897,-0.302,0,0
50532,0,-0.33,0.00,3.979,8.926,-0.287,0,0
50583,0,-0.32,0.67,4.085,8.945,-0.412,0,0
50634,0,-0.26,1.97,4.357,9.098,-0.532,0,0
50686,0,-0.24,0.63,4.554,9.500,-0.871,0,0
50737,0,-0.28,0.00,4.650,9.404,-0.848,0,0
50789,0,-0.22,1.45,4.549,9.213,-0.804,0,0
50841,0,-0.21,0.00,4.492,9.036,-0.915,0,0
50890,0,-0.21,-0.84,4.592,8.868,-0.848,0,0
50941,0,-0.18,1.29,4.621,8.657,-0.905,0,0
50991,0,-0.20,0.00,3.510,8.294,-0.752,0,0
51041,0,-0.17,-0.16,3.419,9.266,-1.144,0,0
51093,0,-0.16,0.30,5.464,10.420,-2.241,0,0
51144,0,-0.15,0.00,6.062,9.313,-1.154,0,0
51196,0,-0.17,-0.19,4.942,7.537,0.000,0,0
51248,0,-0.17,0.00,4.147,7.096,0.029,0,0
51299,0,-0.18,-0.19,4.764,7.915,-0.503,0,0
51351,0,-0.14,1.68,5.540,8.365,-0.479,0,0
51402,0,-0.21,-1.13,5.454,8.657,-0.488,0,0
51453,0,-0.17,1.38,4.865,8.758,-0.761,0,0
51504,0,-0.15,0.22,4.161,8.868,-0.972,0,0
51556,0,-0.20,-1.53,4.041,9.031,-1.135,0,0
51607,0,-0.19,0.00,4.377,9.175,-1.192,0,0
51659,0,-0.19,-1.01,4.731,9.108,-1.168,0,0
51711,0,-0.22,0.00,4.621,8.806,-1.030,0,0
51762,0,-0.26,-0.52,4.626,8.610,-0.876,0,0
51814,0,-0.29,-1.01,4.697,8.586,-0.785,0,0
51865,0,-0.34,-1.08,4.707,8.543,-0.733,0,0
51916,0,-0.34,0.00,4.669,8.734,-1.025,0,0
51966,0,-0.37,0.00,4.659,8.777,-1.006,0,0
52016,0,-0.40,-0.54,4.654,8.748,-0.953,0,0
52069,0,-0.40,0.00,4.611,8.657,-0.833,0,0
52120,0,-0.41,0.00,4.673,8.710,-0.857,0,0
52172,0,-0.43,-0.52,4.750,8.768,-0.967,0,0
52223,0,-0.43,0.00,4.693,8.686,-0.939,0,0
52275,0,-0.44,-0.52,4.635,8.566,-0.843,0,0
52326,0,-0.45,-0.48,4.568,8.653,-0.948,0,0
52377,0,-0.50,-1.86,4.611,8.686,-0.962,0,0
52428,0,-0.52,-0.52,4.731,8.677,-0.967,0,0
52481,0,-0.49,0.32,4.659,8.657,-0.824,0,0
52531,0,-0.49,0.00,4.544,8.753,-0.977,0,0
52583,0,-0.49,0.00,4.482,8.715,-0.939,0,0
52634,0,-0.52,0.00,4.630,8.820,-1.068,0,0
52686,0,-0.57,-0.52,4.750,8.811,-1.006,0,0
52737,0,-0.57,0.00,4.750,8.701,-0.771,0,0
52789,0,-0.60,-0.56,4.736,8.691,-0.867,0,0
52840,0,-0.61,-0.52,4.654,8.715,-0.977,0,0
52890,0,-0.64,0.00,4.626,8.710,-0.958,0,0
52941,0,-0.64,0.00,4.717,8.562,-0.694,0,0
52991,0,-0.62,0.00,4.779,8.629,-0.709,0,0
53041,0,-0.64,0.00,4.831,8.653,-0.575,0,0
53093,0,-0.63,0.48,4.836,8.701,-0.584,0,0
53144,0,-0.66,0.00,4.980,8.830,-0.555,0,0
53196,0,-0.65,0.52,4.922,8.820,-0.517,0,0
53248,0,-0.69,-1.38,4.736,8.863,-0.795,0,0
53299,0,-0.66,0.52,4.410,8.801,-0.943,0,0
53351,0,-0.65,0.48,4.104,8.648,-0.996,0,0
53402,0,-0.63,0.00,3.946,8.629,-0.953,0,0
53453,0,-0.63,0.00,3.907,8.614,-0.929,0,0
53504,0,-0.65,0.52,4.204,8.724,-0.771,0,0
53556,0,-0.67,-0.52,4.401,8.753,-0.622,0,0
53607,0,-0.69,0.00,4.669,8.897,-0.517,0,0
53659,0,-0.69,0.00,4.717,8.887,-0.479,0,0
53711,0,-0.65,1.34,4.760,8.911,-0.512,0,0
53762,0,-0.67,0.00,4.645,8.839,-0.532,0,0
53814,0,-0.72,-1.82,4.439,8.744,-0.618,0,0
53865,0,-0.75,0.00,4.286,8.715,-0.737,0,0
53916,0,-0.77,-0.56,4.386,8.720,-0.728,0,0
53966,0,-0.79,-0.56,4.367,8.724,-0.637,0,0
54016,0,-0.78,0.00,4.396,8.820,-0.728,0,0
54066,0,-0.83,-1.53,4.448,8.820,-0.757,0,0
54118,0,-0.82,0.34,4.506,8.882,-0.785,0,0
54169,0,-0.86,-1.01,4.544,8.830,-0.651,0,0
54221,0,-0.88,-0.52,4.568,8.820,-0.584,0,0
54293,0,-0.88,-0.07,4.415,8.863,-0.800,0,0
54345,0,-0.90,0.00,4.420,8.820,-0.785,0,0
54395,0,-0.86,1.34,4.482,8.796,-0.670,0,0
54446,0,-0.87,0.00,4.420,8.882,-0.800,0,0
54498,0,-0.86,0.00,4.343,8.844,-0.828,0,0
54550,0,-0.86,0.00,4.405,8.830,-0.814,0,0
54601,0,-0.84,0.52,4.520,8.792,-0.646,0,0
54653,0,-0.84,0.00,4.496,8.863,-0.718,0,0
54704,0,-0.83,0.00,4.458,8.815,-0.699,0,0
54756,0,-0.79,0.00,4.453,8.820,-0.675,0,0
54807,0,-0.79,0.00,4.472,8.806,-0.632,0,0
54859,0,-0.76,0.48,4.377,8.753,-0.603,0,0
54909,0,-0.75,0.52,4.401,8.758,-0.704,0,0
54960,0,-0.74,0.00,4.405,8.768,-0.718,0,0
55010,0,-0.72,0.52,4.396,8.701,-0.584,0,0
55060,0,-0.72,0.00,4.444,8.724,-0.622,0,0
55112,0,-0.71,0.00,4.439,8.902,-0.828,0,0
55163,0,-0.69,0.52,4.372,8.887,-0.728,0,0
55215,0,-0.68,0.00,4.530,8.878,-0.642,0,0
55266,0,-0.68,0.00,4.544,8.887,-0.656,0,0
55317,0,-0.68,0.00,4.458,8.839,-0.685,0,0
55368,0,-0.67,-0.48,4.357,8.825,-0.713,0,0
55420,0,-0.69,0.00,4.362,8.758,-0.709,0,0
55472,0,-0.68,0.82,4.429,8.768,-0.694,0,0
55523,0,-0.69,-0.52,4.405,8.806,-0.709,0,0
55575,0,-0.70,0.00,4.381,8.839,-0.757,0,0
55626,0,-0.73,-0.56,4.468,8.849,-0.699,0,0
55678,0,-0.71,0.00,4.439,8.878,-0.737,0,0
55729,0,-0.72,0.00,4.410,8.892,-0.819,0,0
55781,0,-0.74,-0.52,4.401,8.768,-0.733,0,0
55833,0,-0.70,0.00,4.424,8.734,-0.723,0,0
55885,0,-0.74,0.00,4.559,8.801,-0.694,0,0
55935,0,-0.75,0.00,4.525,8.825,-0.694,0,0
55985,0,-0.71,0.00,4.492,8.897,-0.781,0,0
56036,0,-0.71,0.00,4.530,8.844,-0.737,0,0
56088,0,-0.69,0.00,4.434,8.830,-0.781,0,0
56139,0,-0.73,-0.48,4.401,8.724,-0.670,0,0
56191,0,-0.73,0.00,4.415,8.787,-0.723,0,0
56241,0,-0.72,0.48,4.410,8.796,-0.781,0,0
56293,0,-0.68,0.00,4.511,8.772,-0.646,0,0
56347,0,-0.67,0.19,4.520,8.868,-0.828,0,0
56399,0,-0.64,0.52,4.415,8.748,-0.709,0,0
56449,0,-0.64,0.00,4.439,8.734,-0.742,0,0
56500,0,-0.60,0.48,4.515,8.782,-0.728,0,0
56552,0,-0.57,1.13,4.525,8.854,-0.699,0,0
56604,0,-0.56,-0.30,4.515,8.873,-0.752,0,0
56655,0,-0.56,-0.34,4.458,8.849,-0.747,0,0
56707,0,-0.54,0.00,4.424,8.782,-0.709,0,0
56758,0,-0.48,1.49,4.501,8.763,-0.704,0,0
56810,0,-0.50,-0.78,4.496,8.787,-0.666,0,0
56862,0,-0.45,0.52,4.448,8.705,-0.661,0,0
56912,0,-0.42,1.09,4.515,8.729,-0.646,0,0
56962,0,-0.39,0.00,4.496,8.844,-0.761,0,0
57013,0,-0.40,0.52,4.444,8.772,-0.733,0,0
57062,0,-0.39,0.60,4.515,8.806,-0.670,0,0
57114,0,-0.39,0.00,4.530,8.720,-0.546,0,0
57166,0,-0.39,-0.45,4.535,8.830,-0.733,0,0
57217,0,-0.35,1.30,4.544,8.801,-0.747,0,0
57269,0,-0.37,0.00,4.444,8.758,-0.666,0,0
57320,0,-0.34,0.88,4.434,8.763,-0.680,0,0
57371,0,-0.36,-0.48,4.448,8.772,-0.718,0,0
57422,0,-0.32,1.38,4.439,8.873,-0.843,0,0
57474,0,-0.31,0.86,4.401,8.792,-0.757,0,0
57525,0,-0.33,-0.52,4.472,8.820,-0.704,0,0
57577,0,-0.34,0.00,4.578,8.916,-0.833,0,0
57629,0,-0.33,-0.52,4.420,8.830,-0.776,0,0
57680,0,-0.35,-0.52,4.434,8.820,-0.800,0,0
57732,0,-0.34,-0.52,4.487,8.772,-0.666,0,0
57783,0,-0.35,-0.52,4.453,8.729,-0.661,0,0
57835,0,-0.37,0.00,4.444,8.902,-0.900,0,0
57884,0,-0.34,-0.56,4.401,8.815,-0.819,0,0
57935,0,-0.34,0.00,4.453,8.830,-0.752,0,0
57985,0,-0.34,0.00,4.420,8.801,-0.690,0,0
58036,0,-0.34,0.00,4.439,8.849,-0.781,0,0
58087,0,-0.33,0.52,4.391,8.710,-0.747,0,0
58139,0,-0.32,0.52,4.468,8.768,-0.742,0,0
58191,0,-0.32,0.00,4.506,8.844,-0.752,0,0
58241,0,-0.32,0.00,4.420,8.873,-0.766,0,0
58292,0,-0.30,0.56,4.410,8.815,-0.699,0,0
58344,0,-0.25,0.00,4.468,8.830,-0.728,0,0
58397,0,-0.27,-0.19,4.520,8.787,-0.694,0,0
58449,0,-0.24,0.86,4.463,8.820,-0.785,0,0
58500,0,-0.26,-0.52,4.391,8.748,-0.737,0,0
58551,0,-0.22,1.34,4.410,8.758,-0.718,0,0
58602,0,-0.25,0.00,4.487,8.811,-0.766,0,0
58654,0,-0.25,-1.01,4.477,8.844,-0.804,0,0
58706,0,-0.28,-1.04,4.424,8.777,-0.737,0,0
58757,0,-0.25,0.30,4.444,8.763,-0.699,0,0
58809,0,-0.26,-0.26,4.405,8.892,-0.761,0,0
58860,0,-0.29,0.00,4.228,8.892,-0.852,0,0
58910,0,-0.23,1.45,4.219,8.859,-1.015,0,0
58961,0,-0.24,-0.52,4.271,8.892,-1.149,0,0
59011,0,-0.24,0.00,4.439,8.662,-0.627,0,0
59063,0,-0.26,0.00,4.453,8.686,-0.498,0,0
59115,0,-0.24,0.52,4.228,8.859,-0.881,0,0
59167,0,-0.21,0.52,4.544,9.136,-1.030,0,0
59218,0,-0.20,0.52,4.683,9.026,-0.690,0,0
59270,0,-0.17,0.00,4.717,8.969,-0.646,0,0
59321,0,-0.13,0.48,4.640,8.873,-0.828,0,0
59373,0,-0.14,0.00,4.559,8.571,-0.862,0,0
59425,0,-0.10,1.04,4.458,8.399,-0.776,0,0
59475,0,-0.10,0.00,4.276,8.361,-0.785,0,0
59526,0,-0.09,1.04,4.324,8.490,-0.785,0,0
59578,0,-0.07,1.09,4.587,8.691,-0.642,0,0
59630,0,-0.10,-1.23,4.659,8.887,-0.651,0,0
59681,0,-0.10,0.00,4.717,9.036,-0.742,0,0
59733,0,-0.09,0.00,4.669,9.026,-0.867,0,0
59784,0,-0.09,0.00,4.563,8.878,-0.848,0,0
59836,0,-0.09,0.00,4.439,8.710,-0.804,0,0
59886,0,-0.05,0.00,4.444,8.720,-0.910,0,0
59936,0,-0.05,0.00,4.324,8.643,-0.867,0,0
59986,0,-0.04,0.00,4.410,8.710,-0.915,0,0
60037,0,-0.07,-1.37,4.525,8.734,-0.728,0,0
60088,0,-0.04,1.37,4.482,8.839,-0.886,0,0
60140,0,-0.04,0.00,4.420,8.815,-0.881,0,0
60191,0,-0.07,0.00,4.487,8.863,-0.900,0,0
60243,0,-0.07,0.00,4.559,8.744,-0.747,0,0
60294,0,-0.09,-1.45,4.554,8.839,-0.900,0,0
60345,0,-0.09,0.00,4.468,8.815,-0.948,0,0
60396,0,-0.07,0.52,4.401,8.691,-0.857,0,0
60452,0,-0.08,-0.12,4.477,8.753,-0.876,0,0
60502,0,-0.08,0.00,4.506,8.777,-0.852,0,0
60553,0,-0.03,1.01,4.482,8.806,-0.828,0,0
60605,0,-0.01,0.00,4.530,8.844,-0.862,0,0
60657,0,-0.00,0.48,4.535,8.768,-0.781,0,0
60708,0,-0.01,-0.34,4.468,8.782,-0.814,0,0
60760,0,-0.02,-0.82,4.444,8.753,-0.857,0,0
60811,0,0.02,1.51,4.549,8.710,-0.785,0,0
60863,0,0.02,0.00,4.549,8.720,-0.761,0,0
60913,0,0.03,-0.93,4.468,8.681,-0.685,0,0
60964,0,0.03,0.00,4.396,8.830,-0.929,0,0
61014,0,0.04,0.00,4.348,8.801,-0.833,0,0
61064,0,0.05,0.00,4.415,8.835,-0.809,0,0
61115,0,0.05,0.00,4.458,8.854,-0.828,0,0
61167,0,0.05,0.00,4.362,8.859,-0.838,0,0
61218,0,0.07,0.50,4.367,8.748,-0.771,0,0
61270,0,0.09,0.00,4.511,8.811,-0.828,0,0
61321,0,0.08,0.00,4.453,8.839,-0.876,0,0
61372,0,0.08,0.00,4.405,8.796,-0.862,0,0
61423,0,0.06,0.00,4.429,8.772,-0.848,0,0
61475,0,0.10,0.00,4.496,8.839,-0.795,0,0
61526,0,0.08,0.00,4.444,8.863,-0.828,0,0
61578,0,0.07,-0.50,4.405,8.854,-0.838,0,0
61629,0,0.07,0.00,4.353,8.772,-0.824,0,0
61681,0,0.07,0.00,4.420,8.811,-0.867,0,0
61733,0,0.06,0.00,4.458,8.777,-0.852,0,0
61784,0,0.02,-0.52,4.405,8.744,-0.781,0,0
61836,0,0.02,0.00,4.444,8.691,-0.766,0,0
61885,0,0.05,0.56,4.487,8.820,-0.891,0,0
61936,0,0.06,0.52,4.439,8.815,-0.852,0,0
61986,0,0.04,0.00,4.391,8.839,-0.795,0,0
62036,0,0.08,0.56,4.420,8.825,-0.814,0,0
62088,0,0.06,-0.84,4.487,8.873,-0.838,0,0
62140,0,0.07,0.00,4.463,8.835,-0.804,0,0
62190,0,0.09,0.50,4.405,8.830,-0.833,0,0
62242,0,0.08,0.52,4.362,8.782,-0.843,0,0
62293,0,0.08,0.00,4.362,8.796,-0.843,0,0
62345,0,0.09,0.00,4.381,8.792,-0.781,0,0
62396,0,0.09,-0.73,4.420,8.811,-0.795,0,0
62448,0,0.13,1.89,4.410,8.839,-0.804,0,0
62502,0,0.13,0.00,4.401,8.772,-0.747,0,0
62552,0,0.15,0.50,4.458,8.825,-0.871,0,0
62603,0,0.15,0.00,4.367,8.758,-0.795,0,0
62655,0,0.17,0.00,4.410,8.811,-0.867,0,0
62707,0,0.20,0.47,4.463,8.792,-0.752,0,0
62758,0,0.20,0.00,4.468,8.792,-0.723,0,0
62810,0,0.23,0.48,4.472,8.911,-0.895,0,0
62861,0,0.26,1.06,4.348,8.844,-0.800,0,0
62912,0,0.28,0.54,4.367,8.882,-0.876,0,0
62962,0,0.30,0.56,4.381,8.820,-0.871,0,0
63012,0,0.31,0.00,4.367,8.806,-0.843,0,0
63062,0,0.31,-0.78,4.353,8.825,-0.828,0,0
63114,0,0.33,1.02,4.353,8.763,-0.838,0,0
63165,0,0.35,0.00,4.511,8.830,-0.781,0,0
63217,0,0.34,-0.80,4.405,8.935,-0.943,0,0
63269,0,0.37,1.02,4.329,8.897,-0.924,0,0
63320,0,0.36,-0.35,4.357,8.892,-0.867,0,0
63372,0,0.37,0.54,4.482,8.792,-0.766,0,0
63423,0,0.36,0.00,4.525,8.787,-0.757,0,0
63474,0,0.38,0.52,4.424,8.796,-0.809,0,0
63525,0,0.38,0.00,4.367,8.729,-0.814,0,0
63577,0,0.38,-0.84,4.377,8.768,-0.824,0,0
63628,0,0.39,0.00,4.439,8.801,-0.838,0,0
63680,0,0.39,-0.84,4.444,8.859,-0.857,0,0
63732,0,0.40,0.50,4.396,8.748,-0.709,0,0
63783,0,0.39,-1.34,4.458,8.820,-0.848,0,0
63835,0,0.40,0.56,4.506,8.777,-0.752,0,0
63884,0,0.42,0.00,4.401,8.777,-0.795,0,0
63935,0,0.40,0.50,4.367,8.758,-0.781,0,0
63985,0,0.38,-0.76,4.405,8.811,-0.843,0,0
64035,0,0.39,0.00,4.410,8.787,-0.718,0,0
64087,0,0.38,0.56,4.420,8.792,-0.757,0,0
64139,0,0.40,0.52,4.305,8.835,-0.900,0,0
64190,0,0.34,-0.82,4.329,8.763,-0.833,0,0
64287,0,0.36,0.39,4.410,8.897,-0.843,0,0
64339,0,0.33,0.00,4.396,8.849,-0.795,0,0
64389,0,0.33,0.00,4.391,8.859,-0.900,0,0
64441,0,0.34,0.50,4.396,8.887,-0.895,0,0
64492,0,0.33,-0.32,4.401,8.868,-0.876,0,0
64544,0,0.35,0.00,4.357,8.844,-0.876,0,0
64595,0,0.39,1.02,4.329,8.792,-0.838,0,0
64647,0,0.42,0.00,4.367,8.820,-0.881,0,0
64698,0,0.41,0.50,4.448,8.796,-0.790,0,0
64750,0,0.42,0.50,4.439,8.854,-0.881,0,0
64802,0,0.45,0.48,4.357,8.873,-0.852,0,0
64853,0,0.46,0.52,4.372,8.863,-0.838,0,0
64903,0,0.46,0.00,4.310,8.825,-0.857,0,0
64954,0,0.50,1.11,4.396,8.835,-0.895,0,0
65004,0,0.47,-1.45,4.290,8.820,-0.843,0,0
65054,0,0.48,0.00,4.329,8.768,-0.876,0,0
65106,0,0.46,0.50,4.343,8.768,-0.795,0,0
65157,0,0.47,0.50,4.357,8.873,-0.929,0,0
65209,0,0.45,0.48,4.343,8.906,-0.958,0,0
65260,0,0.47,0.56,4.353,8.839,-0.814,0,0
65311,0,0.48,0.52,4.444,8.839,-0.843,0,0
65362,0,0.44,-1.36,4.434,8.887,-0.900,0,0
65414,0,0.46,0.00,4.353,8.859,-0.910,0,0
65465,0,0.46,-0.54,4.334,8.863,-0.876,0,0
65517,0,0.43,0.00,4.367,8.796,-0.828,0,0
65566,0,0.45,0.50,4.429,8.806,-0.886,0,0
65618,0,0.41,-1.36,4.357,8.873,-0.953,0,0
65669,0,0.40,-0.48,4.348,8.744,-0.790,0,0
65721,0,0.39,-0.50,4.429,8.768,-0.824,0,0
65772,0,0.40,0.00,4.424,8.849,-0.934,0,0
65824,0,0.39,-0.54,4.386,8.854,-0.948,0,0
65876,0,0.39,0.00,4.396,8.753,-0.809,0,0
65926,0,0.36,-0.58,4.448,8.844,-0.852,0,0
65977,0,0.38,-0.52,4.472,8.835,-0.876,0,0
66027,0,0.38,0.00,4.420,8.902,-0.962,0,0
66076,0,0.38,0.00,4.372,8.859,-0.924,0,0
66127,0,0.37,-0.48,4.381,8.787,-0.862,0,0
66178,0,0.33,0.00,4.262,8.729,-0.867,0,0
66230,0,0.34,0.52,4.410,8.835,-0.924,0,0
66281,0,0.34,0.00,4.434,8.849,-0.857,0,0
66335,0,0.36,0.18,4.511,8.859,-0.876,0,0
66387,0,0.39,0.54,4.530,8.825,-0.704,0,0
66439,0,0.40,0.50,4.362,8.863,-0.881,0,0
66489,0,0.41,0.48,4.334,8.815,-0.900,0,0
66540,0,0.41,0.00,4.300,8.758,-0.833,0,0
66592,0,0.40,-0.32,4.410,8.768,-0.785,0,0
66644,0,0.42,0.50,4.448,8.787,-0.771,0,0
66695,0,0.45,0.00,4.420,8.835,-0.804,0,0
66747,0,0.46,0.50,4.458,8.811,-0.766,0,0
66798,0,0.46,0.00,4.429,8.753,-0.757,0,0
66850,0,0.42,0.00,4.453,8.758,-0.814,0,0
66900,0,0.42,0.00,4.429,8.825,-0.814,0,0
66950,0,0.42,0.00,4.353,8.830,-0.824,0,0
67001,0,0.37,-1.45,4.434,8.859,-0.790,0,0
67051,0,0.39,0.89,4.391,8.796,-0.804,0,0
67103,0,0.38,0.00,4.343,8.748,-0.785,0,0
67154,0,0.37,-0.54,4.458,8.758,-0.809,0,0
67206,0,0.35,-0.52,4.453,8.782,-0.747,0,0
67257,0,0.38,0.00,4.386,8.878,-0.781,0,0
67309,0,0.38,0.00,4.377,8.911,-0.857,0,0
67360,0,0.41,0.00,4.420,8.835,-0.757,0,0
67411,0,0.39,-0.99,4.381,8.806,-0.747,0,0
67462,0,0.42,1.30,4.396,8.720,-0.690,0,0
67514,0,0.42,0.00,4.439,8.854,-0.819,0,0
67566,0,0.42,0.00,4.401,8.777,-0.757,0,0
67617,0,0.44,-0.52,4.482,8.763,-0.690,0,0
67669,0,0.44,0.00,4.448,8.815,-0.795,0,0
67720,0,0.57,2.37,4.377,8.839,-0.800,0,0
67772,0,0.62,1.62,4.444,8.835,-0.737,0,0
67823,0,0.69,0.00,4.501,8.796,-0.713,0,0
67875,0,0.75,1.09,4.468,8.815,-0.723,0,0
67925,0,0.73,0.00,4.424,8.854,-0.824,0,0
67976,0,3.67,57.78,4.377,8.792,-0.814,0,0
68026,0,4.99,52.94,4.348,8.787,-0.742,0,0
68075,0,6.22,46.60,4.439,8.849,-0.838,0,0
68127,0,8.44,38.86,4.463,8.878,-0.828,0,0
68178,0,9.44,39.72,4.401,8.806,-0.809,0,0
68229,0,10.36,34.08,4.448,8.777,-0.737,0,0
68280,0,10.33,-0.84,4.420,8.878,-0.886,0,0
68332,0,9.15,-21.10,4.377,8.835,-0.824,0,0
68385,0,8.61,-7.70,4.286,8.815,-0.848,0,0
68436,0,7.67,-18.44,4.444,8.806,-0.819,0,0
68487,0,7.22,-16.74,4.477,8.772,-0.723,0,0
68538,0,6.79,-16.03,4.448,8.873,-0.833,0,0
68590,0,6.40,0.00,4.386,8.806,-0.804,0,0
68641,0,5.65,-14.27,4.386,8.787,-0.771,0,0
68693,0,5.33,-12.00,4.357,8.830,-0.819,0,0
68745,0,4.73,-11.98,4.386,8.815,-0.776,0,0
68796,0,4.49,-8.89,4.362,8.830,-0.766,0,0
68848,0,4.23,0.00,4.472,8.768,-0.742,0,0
68898,0,3.78,-9.58,4.506,8.815,-0.761,0,0
68948,0,3.60,-7.22,4.458,8.787,-0.785,0,0
68999,0,3.40,0.00,4.357,8.835,-0.814,0,0
69049,0,3.05,-7.24,4.401,8.849,-0.757,0,0
69100,0,2.87,-7.12,4.434,8.868,-0.790,0,0
69152,0,2.58,-4.77,4.429,8.863,-0.785,0,0
69203,0,2.43,-5.36,4.372,8.844,-0.804,0,0
69255,0,2.34,0.00,4.401,8.820,-0.800,0,0
69306,0,2.11,-3.52,4.410,8.806,-0.718,0,0
69357,0,2.02,-3.39,4.434,8.825,-0.699,0,0
69408,0,1.93,-3.52,4.386,8.815,-0.670,0,0
69460,0,1.82,0.00,4.420,8.801,-0.785,0,0
69512,0,1.63,-3.50,4.453,8.748,-0.661,0,0
69563,0,1.57,-2.18,4.415,8.796,-0.766,0,0
69615,0,1.41,-2.70,4.353,8.806,-0.766,0,0
69666,0,1.36,-1.77,4.372,8.868,-0.781,0,0
69718,0,1.29,0.00,4.434,8.811,-0.637,0,0
69770,0,1.17,-2.18,4.559,8.911,-0.704,0,0
69821,0,1.14,0.00,4.429,8.772,-0.622,0,0
69873,0,1.04,-1.30,4.353,8.696,-0.570,0,0
69923,0,0.99,-2.25,4.525,8.806,-0.575,0,0
69974,0,0.96,0.00,4.831,9.036,-0.177,0,0
70024,0,0.88,-2.33,5.138,9.285,0.608,0,0
70073,0,0.86,-0.86,4.606,9.567,0.211,0,0
70125,0,0.83,0.00,4.482,10.046,-0.757,0,0
70176,0,0.78,-0.73,4.496,9.759,-0.761,0,0
70227,0,0.76,-0.80,4.247,9.294,-0.345,0,0
70278,0,0.74,-0.86,3.730,8.485,0.488,0,0
70330,0,0.72,0.00,3.591,8.543,0.565,0,0
70381,0,0.67,-0.84,3.917,8.969,-0.187,0,0
70437,0,0.65,-0.30,4.980,9.438,-0.335,0,0
70487,0,0.65,0.00,5.574,9.902,-0.474,0,0
70539,0,0.60,-0.86,4.482,8.830,0.153,0,0
70590,0,0.57,-1.25,4.621,7.690,0.757,0,0
70642,0,0.57,-0.32,4.343,8.011,-0.206,0,0
70693,0,0.57,0.00,4.606,7.398,-0.814,0,0
70745,0,0.54,0.00,5.804,8.045,-1.350,0,0
70796,0,0.55,0.00,5.459,7.398,-1.235,0,0
70848,0,0.52,0.00,5.760,7.594,-0.268,0,0
70901,0,0.53,0.56,5.880,6.828,-0.230,0,0
70951,0,0.53,0.00,6.148,6.948,-1.097,0,0
71001,0,0.49,0.00,6.239,7.187,-1.978,0,0
71051,0,0.46,-0.86,7.087,6.795,-2.016,0,0
71103,0,0.46,0.00,6.292,5.387,-0.211,0,0
71154,0,0.46,0.00,7.638,6.718,-2.284,0,0
71206,0,0.46,0.00,9.380,6.546,-2.217,0,0
71258,0,0.46,0.00,7.293,4.970,-0.876,0,0
71309,0,0.42,-1.36,7.887,5.665,-2.351,0,0
71361,0,0.41,-0.50,7.781,5.052,-1.642,0,0
71412,0,0.44,0.00,8.341,4.492,-1.484,0,0
71463,0,0.43,-0.48,9.242,4.779,-0.503,0,0
71514,0,0.42,0.00,9.127,2.203,-0.622,0,0
71566,0,0.42,0.00,9.677,3.002,-0.838,0,0
71617,0,0.40,0.00,10.041,1.920,-0.005,0,0
71669,0,0.40,0.34,8.576,2.097,1.049,0,0
71721,0,0.38,0.00,8.533,1.733,0.359,0,0
71772,0,0.36,-1.02,9.500,1.369,-0.757,0,0
71824,0,0.39,0.84,10.123,0.340,-0.359,0,0
71876,0,0.35,-0.15,8.562,-0.939,-0.737,0,0
71926,0,0.38,0.89,8.461,-0.886,-1.288,0,0
71976,0,0.35,0.00,9.898,-0.608,-1.250,0,0
72027,0,0.33,-1.11,9.562,-0.718,-1.719,0,0
72076,0,0.30,-1.01,8.768,-0.464,-1.283,0,0
72128,0,0.29,0.00,7.283,-2.940,-1.978,0,0
72179,0,0.24,-0.17,4.769,-5.042,-2.322,0,0
72231,0,0.20,-1.55,-0.182,-5.138,-1.978,0,0
72654,1,0.00,-0.44,-6.110,-8.768,-0.718,0,0
72705,1,-0.02,-1.01,-6.120,-7.140,-0.330,0,0
72756,1,1.62,0.00,-7.216,-7.144,0.991,0,0
72808,1,4.81,57.08,-7.475,-7.422,2.849,0,0
72862,1,7.75,40.76,-5.655,-7.494,4.252,0,0
72912,1,9.05,52.09,-3.874,-8.011,5.339,0,0
72963,1,9.85,0.00,-2.844,-7.891,3.845,0,0
73013,1,10.93,18.58,-3.127,-8.576,1.891,0,0
73063,1,10.20,-22.81,-4.357,-7.202,0.010,0,0
73114,1,9.56,-25.87,-12.464,-5.875,-0.124,0,0
73166,1,9.96,0.00,-4.132,-6.737,0.177,0,0
73218,1,10.67,13.63,-4.563,-7.762,2.270,0,0
73269,1,11.06,14.28,-3.572,-7.389,4.784,0,0
73321,1,11.88,16.84,-2.528,-5.947,5.382,0,0
73372,1,12.31,16.02,-3.184,-6.737,5.339,0,0
73424,1,12.86,0.00,-3.998,-6.891,3.012,0,0
74245,2,11.26,-28.30,-4.482,-6.603,0.771,0,0
74293,2,2.31,-10.88,-1.853,-3.587,1.686,0,0
74344,2,2.12,-3.77,-3.017,-4.424,0.948,0,0
74395,2,3.80,62.39,-4.271,-5.440,0.388,0,0
74446,2,4.82,37.56,-5.013,-6.393,0.120,0,0
76682,3,0.40,-3.58,-2.610,-5.535,2.993,0,0
76690,3,5.20,6.43,-3.285,-6.704,3.213,0,0
76742,3,4.75,-16.75,-4.310,-8.495,4.635,0,0
76794,3,4.32,0.00,-4.463,-7.700,3.917,0,0
76844,3,3.94,-14.05,-5.555,-8.562,3.266,0,0
76894,3,3.18,-13.36,-6.627,-9.764,2.557,0,0
76944,3,2.86,-12.40,-5.488,-8.394,1.748,0,0
76994,3,2.54,0.00,-5.095,-8.116,2.045,0,0
77045,3,2.00,-10.16,-5.770,-9.419,3.443,0,0
77094,3,1.76,-9.47,-5.708,-9.457,4.650,0,0
77146,3,1.51,0.00,-5.784,-9.898,5.219,0,0
77198,3,1.09,-7.43,-6.239,-11.052,4.803,0,0
77249,3,0.87,-8.05,-7.470,-12.833,3.883,0,0
77301,3,0.50,-5.29,-7.312,-11.334,2.806,0,0
77352,3,0.32,-7.24,-6.359,-9.031,2.614,0,0
77404,3,0.18,0.00,-6.024,-8.595,3.156,0,0
77455,3,-0.09,-4.79,-4.899,-7.944,3.529,0,0
77507,3,-0.20,-3.99,-3.692,-7.125,3.342,0,0
77559,3,-0.40,-3.91,-3.050,-6.431,2.878,0,0
77610,3,-0.50,-3.54,-3.256,-6.292,2.514,0,0
77662,3,-0.59,0.00,-4.233,-6.953,2.385,0,0
77713,3,-0.72,-2.82,-5.301,-7.628,2.423,0,0
77764,3,-0.72,0.00,-5.545,-7.800,2.466,0,0
77815,3,-0.85,-2.16,-4.017,-6.287,2.121,0,0
77867,3,-0.93,0.00,-2.547,-4.803,1.791,0,0
77917,3,-1.02,-2.53,-4.314,-8.633,3.515,0,0
77968,3,-1.07,-1.97,-5.497,-10.199,4.334,0,0
78018,3,-1.14,0.00,-5.760,-9.045,3.730,0,0
78067,3,-1.20,-1.65,-6.373,-9.170,3.323,0,0
78119,3,-1.27,-2.38,-5.258,-8.021,2.380,0,0
78171,3,-1.34,-1.56,-6.129,-10.161,2.840,0,0
78222,3,-1.36,-1.05,-5.636,-9.768,3.242,0,0
78274,3,-1.37,0.00,-4.243,-7.125,3.089,0,0
78325,3,-1.39,0.34,-4.573,-7.235,3.658,0,0
78377,3,-1.37,0.82,-4.089,-6.517,3.136,0,0
78429,3,-1.37,0.82,-3.926,-6.661,2.634,0,0
78480,3,-1.36,0.26,-3.505,-6.412,2.030,0,0
78532,3,-1.37,0.00,-3.141,-5.890,1.532,0,0
78582,3,-1.35,0.82,-4.942,-8.193,2.097,0,0
78634,3,-1.37,-0.56,-4.578,-6.627,2.174,0,0
78708,3,-1.38,-0.20,-6.785,-9.409,4.650,0,0
78760,3,-1.36,0.00,-5.061,-8.538,4.166,0,0
78812,3,-1.35,0.00,-3.290,-7.183,3.026,0,0
78862,3,-1.34,0.34,-3.850,-8.739,3.089,0,0
78912,3,-1.36,-0.56,-4.568,-8.212,2.662,0,0
78963,3,-1.35,0.00,-5.358,-7.436,2.452,0,0
79013,3,-1.34,0.93,-6.613,-8.092,2.801,0,0
79063,3,-1.34,0.00,-6.110,-8.313,2.854,0,0
79114,3,-1.34,0.00,-5.018,-8.964,3.189,0,0
79166,3,-1.31,0.00,-3.639,-8.222,3.381,0,0
79217,3,-1.28,1.34,-3.677,-7.757,3.625,0,0
79269,3,-1.29,0.00,-4.305,-7.072,3.318,0,0
79320,3,-1.22,1.34,-4.415,-6.268,2.543,0,0
79372,3,-1.23,0.00,-5.981,-8.490,2.538,0,0
79424,3,-1.21,-0.52,-5.066,-8.222,2.035,0,0
79475,3,-1.21,0.00,-4.855,-8.863,2.461,0,0
79527,3,-1.19,0.00,-4.525,-8.145,3.098,0,0
79578,3,-1.15,1.82,-4.597,-7.345,3.668,0,0
79630,3,-1.12,0.00,-4.803,-7.278,3.701,0,0
79682,3,-1.11,-0.30,-6.330,-9.850,4.147,0,0
79732,3,-1.10,0.48,-4.295,-7.757,2.332,0,0
79783,3,-1.09,0.52,-4.300,-8.164,1.925,0,0
79835,3,-1.06,0.00,-4.817,-8.116,2.198,0,0
79885,3,-1.04,1.01,-5.148,-7.479,2.806,0,0
79935,3,-1.03,0.20,-5.052,-6.886,3.347,0,0
79985,3,-1.01,0.00,-4.659,-7.020,3.563,0,0
80036,3,-0.97,1.13,-4.156,-7.714,3.414,0,0
80086,3,-0.96,0.52,-4.013,-8.619,3.065,0,0
80135,3,-0.93,0.00,-4.583,-8.873,2.691,0,0
80187,3,-0.86,1.97,-5.780,-8.753,2.658,0,0
80238,3,-0.84,0.00,-6.144,-7.901,2.701,0,0
80290,3,-0.82,0.86,-5.713,-7.566,2.725,0,0
80342,3,-0.82,0.00,-5.200,-8.461,3.122,0,0
80393,3,-0.81,0.00,-3.989,-8.341,3.237,0,0
80445,3,-0.77,1.38,-3.711,-8.083,3.376,0,0
80496,3,-0.77,0.00,-4.314,-7.657,3.371,0,0
80548,3,-0.74,0.45,-5.344,-7.657,3.242,0,0
80600,3,-0.73,0.52,-5.502,-7.412,2.648,0,0
80650,3,-0.73,0.00,-5.459,-8.064,2.413,0,0
80701,3,-0.71,0.00,-4.549,-7.982,2.284,0,0
80755,3,-0.72,-0.11,-4.271,-8.169,2.825,0,0
80807,3,-0.67,1.01,-4.324,-7.556,3.371,0,0
80857,3,-0.67,0.00,-4.520,-6.977,3.486,0,0
80907,3,-0.66,1.09,-4.357,-6.397,2.988,0,0
80958,3,-0.65,0.60,-4.357,-6.795,2.528,0,0
81008,3,-0.64,0.00,-4.386,-7.666,2.112,0,0
81058,3,-0.60,-0.36,-4.391,-8.159,2.083,0,0
81109,3,-0.59,0.58,-4.353,-7.532,2.327,0,0
81160,3,-0.58,0.00,-4.645,-7.096,2.897,0,0
81212,3,-0.53,0.48,-5.104,-7.331,3.548,0,0
81263,3,-0.52,0.00,-5.282,-8.179,3.869,0,0
81315,3,-0.50,-0.88,-4.597,-8.361,3.275,0,0
81366,3,-0.47,1.01,-4.630,-9.160,2.921,0,0
81418,3,-0.48,0.00,-4.741,-8.452,2.514,0,0
81470,3,-0.45,-0.34,-5.559,-8.188,2.787,0,0
81521,3,-0.42,0.00,-5.248,-7.068,2.758,0,0
81573,3,-0.40,0.30,-4.721,-6.771,2.744,0,0
81624,3,-0.35,1.49,-4.424,-7.532,2.983,0,0
81676,3,-0.32,1.69,-4.041,-8.116,3.103,0,0
81728,3,-0.35,0.19,-3.864,-7.671,2.897,0,0
81778,3,-0.35,0.19,-4.702,-7.906,3.017,0,0
81829,3,-0.31,1.53,-5.535,-7.915,2.969,0,0
81881,3,-0.29,0.00,-5.622,-7.781,2.701,0,0
81932,3,-0.28,0.20,-5.325,-8.222,2.576,0,0
81982,3,-0.22,2.17,-4.779,-8.538,2.768,0,0
82033,3,-0.20,0.00,-4.424,-8.322,3.117,0,0
82083,3,-0.19,-0.36,-4.745,-8.145,3.529,0,0
82133,3,-0.17,0.76,-5.138,-7.853,3.476,0,0
82184,3,-0.13,0.00,-5.090,-7.527,2.993,0,0
82236,3,-0.09,0.19,-4.999,-7.925,2.667,0,0
82287,3,-0.05,0.00,-4.788,-8.408,2.385,0,0
82339,3,-0.04,0.19,-4.630,-8.236,2.447,0,0
82391,3,-0.05,-0.30,-4.860,-8.126,2.959,0,0
82442,3,-0.06,-0.71,-4.922,-7.628,3.280,0,0
82494,3,-0.07,-0.40,-4.822,-7.355,3.342,0,0
82545,3,-0.01,0.00,-4.975,-8.030,3.323,0,0
82597,3,0.04,1.02,-4.520,-8.155,2.777,0,0
82649,3,0.03,-1.45,-4.415,-8.016,2.495,0,0
82700,3,0.07,1.04,-4.918,-7.925,2.591,0,0
82752,3,0.05,-0.86,-6.977,-2.054,5.128,0,0
82809,3,0.10,0.98,-6.450,-9.811,4.185,0,0
82859,3,0.10,0.00,-6.393,-7.360,3.601,0,0
82909,3,0.11,0.56,-4.966,-7.278,3.836,0,0
82960,3,0.13,1.11,-6.335,-7.570,3.472,0,0
83010,3,0.12,0.00,-7.001,-7.221,2.710,0,0
83060,3,0.10,-0.86,-5.890,-6.876,4.132,0,0
83110,3,0.12,0.48,-6.953,-5.387,3.807,0,0
83162,3,0.09,0.00,-8.150,-5.430,3.476,0,0
83214,3,0.10,-0.73,-8.581,-5.076,3.084,0,0
83265,3,0.08,-0.82,-8.806,-5.018,2.318,0,0
83317,3,0.06,-0.86,-9.261,-4.606,2.361,0,0
83368,3,0.07,0.52,-8.897,-3.768,1.963,0,0
83420,3,0.03,0.00,-8.820,-2.638,1.647,0,0
83472,3,0.03,0.00,-8.902,-1.341,1.235,0,0
83523,3,0.02,0.00,-8.643,-0.378,0.646,0,0
83575,3,0.02,-1.04,-7.815,0.373,0.182,0,0
83626,3,0.02,0.32,-7.460,1.326,0.311,0,0
83678,3,0.01,-1.02,-8.045,2.073,0.532,0,0
83729,3,-0.00,-0.28,-9.232,2.227,0.512,0,0
83780,3,0.01,0.30,-8.930,2.413,0.522,0,0
83831,3,0.00,-0.19,-8.792,2.868,0.575,0,0
83883,3,-0.00,0.00,-8.921,2.868,0.445,0,0
83934,3,-0.01,-0.72,-9.165,3.045,0.426,0,0
83984,3,-0.01,-0.20,-9.515,2.974,0.445,0,0
84035,3,0.00,0.00,-9.543,2.787,0.326,0,0
84084,3,0.03,1.25,-9.495,2.715,0.508,0,0
84136,3,0.05,0.67,-9.361,2.672,0.637,0,0
84187,3,0.06,1.15,-9.251,2.629,0.757,0,0
84239,3,0.07,0.60,-9.270,2.586,0.685,0,0
84290,3,0.07,0.00,-9.433,2.571,0.800,0,0
84342,3,0.10,1.14,-9.467,2.605,0.699,0,0
84394,3,0.09,1.34,-9.160,2.591,0.761,0,0
84445,3,0.11,0.78,-8.978,2.495,0.828,0,0
84497,3,0.13,0.84,-9.060,2.528,0.919,0,0
84548,3,0.13,0.00,-9.266,2.504,0.871,0,0
84600,3,0.14,-0.54,-9.476,2.476,1.006,0,0
84651,3,0.11,0.00,-9.400,2.385,1.111,0,0
84702,3,0.10,-0.54,-9.337,2.528,1.097,0,0
84753,3,0.10,0.00,-9.199,2.701,0.843,0,0
84805,3,0.08,-1.36,-9.232,2.840,0.828,0,0
84858,3,0.10,0.18,-9.189,2.859,0.795,0,0
84908,3,0.11,0.58,-9.098,2.825,0.742,0,0
84958,3,0.11,0.00,-9.136,2.907,0.867,0,0
85009,3,0.12,0.00,-9.088,2.983,0.795,0,0
85059,3,0.12,0.00,-9.088,3.050,0.848,0,0
85109,3,0.12,0.00,-9.064,3.069,0.881,0,0
85160,3,0.12,0.00,-9.136,3.036,0.871,0,0
85212,3,0.10,0.58,-9.131,3.017,0.910,0,0
85264,3,0.09,-0.54,-9.012,3.194,0.948,0,0
85315,3,0.09,0.00,-8.911,3.347,0.953,0,0
85367,3,0.06,0.00,-8.997,3.405,1.039,0,0
85418,3,0.05,-0.48,-8.921,3.481,1.049,0,0
85470,3,0.04,-0.52,-9.088,3.414,1.188,0,0
85521,3,0.04,0.00,-8.868,3.496,1.068,0,0
85573,3,0.05,0.00,-8.777,3.687,0.881,0,0
85625,3,0.03,0.50,-8.715,3.812,0.900,0,0
85676,3,0.04,0.00,-8.758,3.859,0.848,0,0
85728,3,0.03,-0.52,-8.643,3.792,0.838,0,0
85779,3,0.03,0.00,-8.983,3.768,0.828,0,0
85830,3,0.02,-0.50,-8.758,3.917,0.948,0,0
85879,3,0.02,0.00,-8.897,3.917,0.599,0,0
85929,3,0.02,0.00,-8.519,3.907,0.254,0,0
85980,3,0.03,0.54,-8.835,3.735,-0.259,0,0
86030,3,0.02,0.00,-8.978,3.989,-0.709,0,0
86082,3,0.02,0.78,-8.303,4.070,-1.020,0,0
86134,3,0.02,0.00,-8.820,3.922,-1.676,0,0
86185,3,0.01,0.00,-8.930,3.376,-1.724,0,0
86237,3,0.00,-0.52,-9.146,2.902,-1.858,0,0
86289,3,-0.00,-0.19,-9.007,2.763,-1.920,0,0
86340,3,0.01,0.82,-9.213,3.160,-1.599,0,0
86392,3,-0.01,-0.56,-8.509,3.352,-1.259,0,0
86443,3,0.02,0.00,-9.041,3.620,-1.087,0,0
86495,3,0.02,-1.04,-9.189,3.692,-1.077,0,0
86546,3,0.05,0.00,-8.418,3.845,-1.432,0,0
86598,3,0.04,0.86,-7.934,4.233,-2.801,0,0
86650,3,0.04,0.00,-7.499,4.501,-3.462,0,0
86700,3,0.05,0.32,-7.499,4.439,-3.462,0,0
86752,3,0.05,0.00,-8.011,4.377,-3.591,0,0
86803,3,0.07,0.00,-7.283,4.444,-4.118,0,0
86855,3,0.09,0.82,-7.077,4.788,-4.147,0,0
86909,3,0.13,0.51,-6.393,4.525,-4.851,0,0
86959,3,0.12,0.00,-7.958,4.563,-2.863,0,0
87010,3,0.11,-0.52,-8.289,5.171,-3.869,0,0
87060,3,0.10,-0.56,-7.278,5.114,-3.108,0,0
87110,3,0.12,0.82,-7.738,4.961,-3.836,0,0
87162,3,0.11,-0.54,-7.264,4.956,-3.582,0,0
87213,3,0.09,0.00,-7.561,4.855,-3.084,0,0
87265,3,0.10,-0.48,-6.857,4.946,-3.754,0,0
87316,3,0.12,0.00,-7.623,4.860,-4.319,0,0
87368,3,0.13,0.91,-7.484,4.899,-3.946,0,0
87419,3,0.12,-0.52,-8.686,3.998,-4.295,0,0
87471,3,0.14,-0.50,-8.188,3.347,-3.950,0,0
87523,3,0.14,0.00,-8.581,2.682,-3.926,0,0
87574,3,0.17,0.00,-8.691,2.112,-4.013,0,0
87626,3,0.15,-0.50,-8.523,1.403,-3.606,0,0
87677,3,0.18,1.36,-9.452,0.627,-3.500,0,0
87729,3,0.21,1.47,-9.189,0.211,-3.294,0,0
87781,3,0.19,-0.52,-8.830,-0.177,-2.907,0,0
87831,3,0.21,0.84,-9.222,-0.910,-2.792,0,0
87880,3,0.20,-0.50,-9.084,-0.891,-2.883,0,0
87931,3,0.22,0.00,-9.088,-1.274,-2.859,0,0
87981,3,0.23,0.89,-9.050,-1.369,-2.734,0,0
88031,3,0.20,-1.11,-8.375,-1.867,-2.840,0,0
88083,3,0.21,0.00,-8.610,-2.073,-2.777,0,0
88135,3,0.20,0.34,-8.159,-2.231,-2.792,0,0
88187,3,0.17,0.00,-8.188,-2.025,-2.892,0,0
88238,3,0.17,-0.50,-8.126,-1.958,-3.548,0,0
88290,3,0.20,0.82,-8.614,-2.136,-3.802,0,0
88341,3,0.20,0.00,-8.571,-2.270,-4.156,0,0
88393,3,0.23,0.82,-8.384,-2.634,-3.821,0,0
88444,3,0.25,0.00,-8.375,-3.069,-3.601,0,0
88496,3,0.24,0.88,-8.183,-3.280,-3.553,0,0
88548,3,0.24,-0.19,-8.092,-3.519,-3.515,0,0
88599,3,0.18,-1.01,-7.781,-3.620,-3.649,0,0
88651,3,0.19,0.32,-7.910,-3.701,-3.735,0,0
88702,3,0.20,0.00,-8.212,-3.644,-3.534,0,0
88753,3,0.17,-0.99,-8.198,-3.409,-3.577,0,0
88804,3,0.19,-0.19,-8.255,-3.280,-3.649,0,0
88856,3,0.21,0.80,-8.265,-3.385,-3.476,0,0
88906,3,0.18,0.00,-8.246,-3.639,-3.472,0,0
88962,3,0.21,0.43,-8.246,-3.831,-3.151,0,0
89013,3,0.20,-1.09,-8.102,-4.085,-3.199,0,0
89063,3,0.20,0.34,-8.102,-4.070,-3.045,0,0
89113,3,0.16,-1.53,-8.126,-4.118,-3.060,0,0
89164,3,0.17,0.32,-8.011,-4.017,-3.031,0,0
89216,3,0.17,0.00,-8.212,-3.783,-3.290,0,0
89268,3,0.17,0.34,-8.265,-3.836,-3.069,0,0
89319,3,0.14,0.00,-8.274,-3.797,-2.902,0,0
89371,3,0.14,0.34,-8.413,-3.836,-2.634,0,0
89422,3,0.15,0.34,-8.384,-3.692,-2.456,0,0
89474,3,0.13,-1.01,-8.595,-3.543,-2.466,0,0
89526,3,0.16,0.84,-9.821,-4.008,-2.404,0,0
89577,3,0.17,0.00,-8.270,-3.467,-2.370,0,0
89629,3,0.13,0.22,-8.782,-3.524,-2.514,0,0
89680,3,0.12,-0.54,-9.831,-4.080,-2.514,0,0
89732,3,0.11,-0.20,-8.614,-3.716,-3.026,0,0
89784,3,0.10,-0.17,-8.768,-3.883,-2.097,0,0
89834,3,0.07,-1.04,-8.739,-4.065,-2.107,0,0
89883,3,0.07,-0.17,-8.533,-4.410,-2.112,0,0
89934,3,0.08,0.00,-8.174,-4.573,-2.107,0,0
89984,3,0.04,0.33,-8.011,-4.741,-2.025,0,0
90035,3,0.07,0.88,-7.748,-5.286,-1.709,0,0
90086,3,0.04,0.00,-8.112,-4.865,-1.173,0,0
90138,3,0.06,1.47,-8.112,-3.687,-1.432,0,0
90190,3,0.03,0.00,-9.064,-3.745,-1.791,0,0
90241,3,0.05,0.00,-9.548,-3.318,-1.437,0,0
90293,3,0.05,0.00,-11.090,-1.844,-2.270,0,0
90344,3,0.09,0.00,-10.649,-2.830,-2.844,0,0
90396,3,0.10,-0.50,-8.868,-2.840,-0.105,0,0
90447,3,0.12,0.00,-9.409,-2.998,-0.493,0,0
90499,3,0.12,0.34,-9.175,-1.571,0.551,0,0
90551,3,0.09,-1.02,-8.466,0.757,0.661,0,0
90602,3,0.10,-0.54,-8.356,3.093,2.093,0,0
90654,3,0.12,0.88,-8.351,4.175,2.332,0,0
90705,3,0.11,0.00,-8.222,4.228,2.231,0,0
90756,3,0.12,0.32,-8.231,4.171,2.246,0,0
90807,3,0.11,-0.50,-8.437,4.702,2.476,0,0
90859,3,0.12,0.22,-8.203,4.544,2.265,0,0
90909,3,0.12,0.00,-8.796,4.999,1.551,0,0
90959,3,0.12,-0.56,-11.593,2.705,0.857,0,0
91015,3,0.13,0.13,-11.626,-0.436,-0.498,0,0
91064,3,0.12,-0.54,-9.275,-2.485,-0.953,0,0
91115,3,0.12,0.00,-8.045,-2.974,0.010,0,0
91166,3,0.13,0.50,-8.313,-2.231,2.672,0,0
91218,3,0.15,0.00,-7.906,-1.829,5.468,0,0
91269,3,0.16,0.00,-7.800,0.101,5.665,0,0
91321,3,0.19,0.00,-7.513,0.996,4.884,0,0
91373,3,0.20,0.50,-7.633,0.848,3.438,0,0
91424,3,0.20,0.00,-8.547,1.331,3.414,0,0
91476,3,0.22,0.00,-8.969,1.537,4.027,0,0
91527,3,0.19,0.50,-9.136,1.504,4.401,0,0
91579,3,0.19,0.00,-9.055,1.666,4.784,0,0
91630,3,0.21,0.50,-8.897,2.184,4.353,0,0
91682,3,0.16,-1.88,-8.471,2.586,3.965,0,0
91734,3,0.16,0.00,-8.370,2.811,3.855,0,0
91784,3,0.16,0.00,-8.260,2.945,4.233,0,0
91836,3,0.14,-0.47,-7.944,3.242,4.314,0,0
91888,3,0.14,0.00,-7.949,3.505,4.128,0,0
91938,3,0.14,0.00,-8.021,3.141,3.984,0,0
91989,3,0.16,0.00,-8.236,3.175,3.926,0,0
92039,3,0.12,-1.31,-8.356,2.916,3.778,0,0
92088,3,0.14,0.00,-8.447,2.155,3.893,0,0
92140,3,0.13,-0.52,-8.701,1.896,3.850,0,0
92191,3,0.13,0.00,-8.595,1.369,3.467,0,0
92243,3,0.12,-0.54,-8.787,0.460,3.539,0,0
92294,3,0.14,0.84,-9.146,-0.038,2.969,0,0
92346,3,0.12,0.00,-9.333,-0.675,2.931,0,0
92398,3,0.15,1.30,-9.615,-0.493,3.175,0,0
92449,3,0.15,0.00,-9.639,-0.259,2.844,0,0
92501,3,0.18,0.88,-9.021,-0.915,2.069,0,0
92552,3,0.17,-0.52,-9.203,0.048,3.108,0,0
92604,3,0.17,0.00,-9.294,0.488,3.112,0,0
92656,3,0.17,0.00,-9.428,0.469,2.729,0,0
92706,3,0.18,0.52,-9.232,0.599,2.337,0,0
92757,3,0.18,0.00,-9.079,0.972,2.576,0,0
92809,3,0.20,0.00,-8.820,2.552,3.165,0,0
92861,3,0.20,0.00,-9.361,2.682,2.428,0,0
92911,3,0.23,0.00,-9.175,2.303,2.476,0,0
92961,3,0.23,1.04,-9.242,1.279,2.251,0,0
93012,3,0.22,-0.34,-8.782,1.508,3.098,0,0
93068,3,0.26,0.57,-8.279,0.024,1.939,0,0
93119,3,0.24,-0.82,-9.021,-1.130,2.102,0,0
93170,3,0.25,0.50,-8.370,-1.671,2.978,0,0
93221,3,0.27,0.00,-8.226,-2.533,4.147,0,0
93273,3,0.26,-0.74,-6.115,-5.033,5.703,0,0
93325,3,0.28,0.50,-3.778,-6.474,6.124,0,0
93376,3,0.28,0.50,-1.135,-6.527,2.437,0,0
93428,3,0.29,0.52,-4.678,-9.481,0.728,0,0
93479,3,0.27,0.00,-12.048,-10.592,0.824,0,0
93531,3,0.24,-1.32,-8.049,-5.813,1.015,0,0
93582,3,0.24,0.00,-8.131,-9.184,0.939,0,0
93634,3,0.23,0.54,-3.610,-9.266,0.081,0,0
93686,3,0.23,0.00,-1.523,-6.709,0.206,0,0
93737,3,0.18,0.00,-3.481,-8.083,1.887,0,0
93789,3,0.19,0.52,-5.420,-7.484,4.070,0,0
93840,3,0.19,0.00,-3.783,-4.899,3.179,0,0
93893,3,0.20,0.00,-5.104,-8.155,2.835,0,0
93943,3,0.20,0.00,-6.876,-10.410,0.129,0,0
93994,3,0.18,0.00,-7.245,-8.471,-1.211,0,0
94044,3,0.18,0.00,-8.126,-8.116,-0.565,0,0
94096,3,0.20,0.52,-6.823,-8.030,0.939,0,0
94146,3,0.20,0.00,-4.118,-8.581,2.696,0,0
94198,3,0.20,0.00,-1.638,-7.705,3.366,0,0
94249,3,0.16,-1.38,-2.500,-7.896,3.314,0,0
94301,3,0.16,0.00,-6.258,-8.906,3.361,0,0
94352,3,0.16,0.00,-7.135,-7.183,2.212,0,0
94404,3,0.10,-0.80,-6.421,-6.962,0.924,0,0
94455,3,0.12,0.50,-6.766,-10.089,-0.048,0,0
94507,3,0.04,-1.32,-3.974,-8.839,0.000,0,0
94559,3,0.02,-0.84,-3.510,-8.777,1.489,0,0
94610,3,0.04,0.00,-4.324,-8.337,3.783,0,0
94662,3,0.01,0.52,-3.836,-6.201,3.989,0,0
94713,3,0.03,0.00,-3.879,-6.019,3.328,0,0
94765,3,0.04,0.00,-5.210,-8.289,2.322,0,0
94817,3,0.04,0.00,-5.660,-8.595,0.498,0,0
94867,3,0.04,0.00,-5.689,-8.121,-0.019,0,0
94917,3,0.04,0.00,-5.789,-8.370,0.594,0,0
94968,3,-0.00,0.31,-5.219,-8.677,2.021,0,0
95018,3,-0.03,-1.09,-3.725,-8.040,3.227,0,0
95072,3,-0.03,-0.56,-3.012,-7.714,3.414,0,0
95126,3,-0.02,0.17,-4.142,-8.107,2.931,0,0
95178,3,-0.03,0.34,-6.436,-8.648,2.456,0,0
95228,3,-0.03,0.00,-5.789,-6.771,1.523,0,0
95279,3,-0.05,-1.01,-6.191,-8.246,1.235,0,0
95331,3,-0.04,1.33,-4.808,-7.872,1.077,0,0
95383,3,-0.07,-1.04,-4.118,-8.672,1.686,0,0
95434,3,-0.08,-0.19,-3.716,-8.284,2.696,0,0
95486,3,-0.11,0.00,-4.094,-7.997,3.606,0,0
95537,3,-0.13,-1.01,-4.439,-7.456,3.452,0,0
95589,3,-0.12,0.00,-4.884,-7.451,2.619,0,0
95641,3,-0.16,-1.01,-5.229,-7.853,1.561,0,0
95692,3,-0.17,-0.56,-5.526,-8.533,0.876,0,0
95744,3,-0.19,0.00,-5.607,-9.098,0.886,0,0
95795,3,-0.21,-0.48,-4.999,-8.758,1.776,0,0
95847,3,-0.23,0.00,-4.305,-8.274,2.830,0,0
95897,3,-0.27,-0.60,-3.677,-7.709,3.338,0,0
95947,3,-0.28,-0.52,-3.907,-7.934,3.371,0,0
95998,3,-0.31,0.00,-5.033,-8.547,2.782,0,0
96048,3,-0.31,0.88,-6.029,-8.619,1.958,0,0
96099,3,-0.36,-1.65,-6.546,-8.878,1.580,0,0
96150,3,-0.38,-1.01,-5.392,-8.097,1.384,0,0
96201,3,-0.37,0.34,-4.113,-7.681,1.700,0,0
96253,3,-0.41,-1.04,-3.290,-7.489,2.318,0,0
96304,3,-0.41,-0.20,-3.328,-7.523,3.026,0,0
96356,3,-0.41,0.00,-4.798,-9.021,3.965,0,0
96405,3,-0.41,0.34,-4.975,-7.743,2.954,0,0
96457,3,-0.43,0.00,-5.622,-7.987,2.155,0,0
96508,3,-0.44,-0.52,-5.401,-8.001,1.360,0,0
96560,3,-0.44,0.30,-5.258,-8.820,1.125,0,0
96611,3,-0.45,0.00,-4.477,-8.231,1.437,0,0
96663,3,-0.43,0.32,-4.243,-8.107,2.423,0,0
96715,3,-0.47,0.00,-4.147,-7.767,3.213,0,0
96765,3,-0.46,0.34,-4.247,-7.676,3.405,0,0
96816,3,-0.44,0.00,-4.836,-8.265,2.974,0,0
96868,3,-0.45,0.97,-4.831,-7.652,1.839,0,0
96918,3,-0.47,0.00,-5.416,-8.068,1.298,0,0
96969,3,-0.46,0.93,-5.966,-8.902,1.336,0,0
97019,3,-0.48,-0.56,-5.492,-8.969,1.839,0,0
97072,3,-0.47,0.00,-3.706,-7.226,2.236,0,0
97123,3,-0.52,-1.01,-3.146,-7.187,2.883,0,0
97183,3,-0.54,-0.24,-3.840,-8.246,3.395,0,0
97235,3,-0.56,-0.48,-4.185,-7.250,2.552,0,0
97286,3,-0.57,0.00,-5.598,-8.073,2.246,0,0
97337,3,-0.58,-0.48,-5.531,-7.796,1.618,0,0
97388,3,-0.60,-0.56,-4.626,-7.283,1.250,0,0
97440,3,-0.61,-0.48,-4.128,-7.676,1.422,0,0
97492,3,-0.63,0.00,-4.108,-8.552,2.179,0,0
97543,3,-0.68,-1.86,-4.161,-8.346,3.002,0,0
97595,3,-0.70,0.00,-4.717,-8.490,3.654,0,0
97646,3,-0.72,0.00,-4.836,-8.150,3.328,0,0
97698,3,-0.72,0.00,-5.301,-8.729,2.586,0,0
97749,3,-0.72,0.00,-5.598,-9.266,1.815,0,0
97801,3,-0.74,0.48,-6.292,-10.477,1.805,0,0
97853,3,-0.78,0.00,-5.938,-10.041,2.389,0,0
97903,3,-0.80,-0.88,-5.191,-9.347,3.290,0,0
97953,3,-0.78,0.54,-4.147,-8.222,3.496,0,0
98003,3,-0.81,0.00,-3.227,-6.646,2.662,0,0
98054,3,-0.85,-0.88,-3.558,-6.709,2.164,0,0
98105,3,-0.87,-0.86,-5.262,-8.547,2.107,0,0
98157,3,-0.86,0.00,-5.679,-8.399,1.834,0,0
98207,3,-0.87,-0.34,-4.922,-7.604,1.690,0,0
98259,3,-0.88,0.52,-4.793,-8.543,2.174,0,0
98310,3,-0.94,-0.78,-3.974,-8.408,2.586,0,0
98362,3,-0.92,0.00,-3.792,-8.174,2.983,0,0
98413,3,-0.99,-1.34,-4.563,-8.667,3.371,0,0
98465,3,-0.98,0.00,-4.942,-8.035,2.969,0,0
98516,3,-1.02,0.00,-5.583,-8.586,2.691,0,0
98568,3,-1.00,0.48,-5.363,-8.672,2.126,0,0
98620,3,-1.00,0.00,-5.176,-9.290,1.954,0,0
98671,3,-1.02,-0.48,-5.033,-9.534,2.332,0,0
98723,3,-1.03,0.00,-4.908,-9.093,3.060,0,0
98774,3,-1.03,0.00,-4.630,-8.303,3.405,0,0
98826,3,-1.03,-0.19,-4.520,-8.112,3.309,0,0
98878,3,-1.06,0.00,-4.563,-8.274,2.772,0,0
98928,3,-1.09,-0.52,-4.764,-8.471,2.193,0,0
98978,3,-1.07,0.85,-3.697,-6.306,1.341,0,0
99029,3,-1.08,0.00,-2.409,-4.080,0.900,0,0
99081,3,-1.09,-0.52,-4.324,-7.101,1.757,0,0
99132,3,-1.14,0.00,-4.496,-7.786,2.260,0,0
99183,3,-1.13,0.34,-3.136,-6.057,2.035,0,0
99244,3,-1.19,-0.77,-3.347,-7.082,2.591,0,0
99296,3,-1.22,-1.04,-4.946,-9.787,3.462,0,0
99346,3,-1.22,0.00,-5.171,-9.012,2.950,0,0
99397,3,-1.28,-0.56,-4.841,-7.628,2.198,0,0
99449,3,-1.29,-0.52,-5.344,-8.384,2.212,0,0
99501,3,-1.32,0.00,-5.947,-10.195,2.638,0,0
99552,3,-1.39,-1.04,-5.526,-10.731,3.036,0,0
99604,3,-1.37,0.00,-4.453,-9.079,3.132,0,0
99655,3,-1.44,-1.01,-4.142,-7.867,3.146,0,0
99707,3,-1.45,-0.52,-4.640,-8.145,3.242,0,0
99758,3,-1.47,-0.52,-6.053,-10.190,3.443,0,0
99810,3,-1.49,-1.01,-4.204,-7.159,2.049,0,0
99862,3,-1.51,0.00,-3.654,-6.876,1.403,0,0
99912,3,-1.51,0.00,-4.779,-8.504,1.829,0,0
99962,3,-1.53,-1.13,-4.908,-8.633,2.399,0,0
100013,3,-1.55,0.00,-4.357,-7.805,2.863,0,0
100063,3,-1.60,-1.09,-4.324,-8.140,3.405,0,0
100115,3,-1.64,-1.53,-4.334,-8.533,3.357,0,0
100166,3,-1.71,-1.04,-4.420,-8.485,2.758,0,0
100218,3,-1.72,-1.65,-5.090,-8.887,2.356,0,0
100270,3,-1.71,0.00,-5.583,-8.806,2.188,0,0
100320,3,-1.75,-1.53,-5.306,-8.337,2.294,0,0
100371,3,-1.74,0.00,-5.248,-9.069,2.873,0,0
100423,3,-1.77,-0.20,-4.693,-9.366,3.333,0,0
100472,3,-1.82,0.00,-4.156,-8.681,3.184,0,0
100524,3,-1.85,-0.19,-4.334,-8.159,2.950,0,0
100575,3,-1.88,-1.01,-4.721,-7.824,2.667,0,0
100627,3,-1.87,0.00,-4.865,-7.417,2.270,0,0
100678,3,-1.90,-1.01,-3.931,-6.268,1.690,0,0
100730,3,-1.89,0.00,-3.462,-6.206,1.556,0,0
100782,3,-1.91,-1.13,-3.481,-6.747,1.800,0,0
100833,3,-1.91,-0.19,-3.735,-7.216,2.308,0,0
100885,3,-1.91,-0.24,-3.673,-6.670,2.571,0,0
100936,3,-1.92,-0.52,-4.209,-7.216,3.045,0,0
100986,3,-1.92,0.00,-5.066,-8.408,3.280,0,0
101036,3,-1.93,0.36,-4.918,-8.332,2.658,0,0
101089,3,-1.94,-0.20,-4.539,-8.097,1.925,0,0
101140,3,-1.93,0.00,-5.813,-10.343,2.294,0,0
101192,3,-1.98,-0.30,-6.158,-10.597,2.868,0,0
101243,3,-1.97,0.36,-4.990,-8.686,3.055,0,0
101299,3,-1.94,0.57,-4.554,-8.562,3.409,0,0
101351,3,-1.97,-1.13,-5.780,-11.214,4.190,0,0
101403,3,-2.00,0.00,-3.500,-6.661,2.097,0,0
101453,3,-1.99,0.34,-2.897,-5.004,1.312,0,0
101504,3,-2.01,0.00,-5.076,-7.992,1.748,0,0
101556,3,-2.01,0.60,-6.215,-9.917,2.351,0,0
101608,3,-2.01,0.00,-4.458,-8.135,2.418,0,0
101659,3,-2.05,0.00,-3.610,-7.776,2.792,0,0
101711,3,-2.07,-0.82,-4.132,-9.131,3.677,0,0
101762,3,-2.09,0.00,-4.573,-8.787,3.510,0,0
101814,3,-2.13,-1.34,-4.683,-7.580,2.648,0,0
101866,3,-2.16,0.00,-5.545,-8.365,2.337,0,0
101916,3,-2.19,-1.49,-6.053,-9.644,2.207,0,0
101966,3,-2.20,-0.48,-4.970,-9.242,2.054,0,0
102017,3,-2.24,0.00,-3.907,-8.317,2.289,0,0
102067,3,-2.28,-1.09,-4.099,-8.734,3.218,0,0
102118,3,-2.29,-0.52,-3.931,-7.733,3.299,0,0
102170,3,-2.35,0.00,-5.502,-9.538,4.017,0,0
102222,3,-2.36,0.34,-3.587,-6.225,2.083,0,0
102273,3,-2.39,0.00,-2.351,-4.271,0.986,0,0
102325,3,-2.46,-1.56,-4.094,-7.264,1.149,0,0
102375,3,-2.46,0.00,-6.249,-10.645,1.935,0,0
102427,3,-2.49,-1.65,-5.286,-9.021,2.629,0,0
102478,3,-2.48,0.34,-3.232,-6.081,2.653,0,0
102530,3,-2.50,0.22,-3.031,-6.431,3.256,0,0
102581,3,-2.54,-1.53,-4.070,-9.050,4.152,0,0
102633,3,-2.53,0.00,-4.899,-9.639,3.194,0,0
102685,3,-2.59,-1.04,-4.808,-7.877,1.719,0,0
102736,3,-2.62,0.00,-5.353,-7.719,1.336,0,0
102788,3,-2.64,-0.56,-7.044,-10.324,2.078,0,0
102839,3,-2.67,-1.01,-6.517,-11.540,3.424,0,0
102891,3,-2.71,0.00,-4.535,-10.400,4.367,0,0
102942,3,-2.73,0.36,-1.839,-4.808,2.380,0,0
102992,3,-2.76,-1.13,-1.781,-4.295,2.198,0,0
103043,3,-2.77,0.00,-4.515,-8.672,3.994,0,0
103092,3,-2.79,-1.09,-7.714,-12.656,4.391,0,0
103144,3,-2.78,0.30,-6.469,-10.238,2.217,0,0
103195,3,-2.82,-0.19,-4.405,-7.412,1.202,0,0
103247,3,-2.86,-1.53,-5.047,-8.959,1.738,0,0
103298,3,-2.86,0.00,-5.794,-10.669,3.309,0,0
103353,3,-2.89,-0.61,-4.161,-8.092,3.740,0,0
103405,3,-2.91,0.00,-3.175,-6.531,3.405,0,0
103455,3,-2.94,-1.01,-3.821,-7.810,3.572,0,0
103506,3,-2.91,0.00,-4.841,-9.088,2.954,0,0
103558,3,-2.95,-1.09,-5.320,-8.792,1.887,0,0
103610,3,-2.94,0.71,-5.301,-8.073,1.499,0,0
103661,3,-2.95,0.00,-4.899,-7.551,1.695,0,0
103713,3,-2.96,-0.56,-4.305,-7.551,2.332,0,0
103764,3,-2.98,0.00,-3.706,-7.843,3.132,0,0
103816,3,-3.00,-0.48,-3.376,-7.901,3.534,0,0
103868,3,-3.02,0.00,-3.630,-7.695,3.261,0,0
103918,3,-3.04,-0.56,-4.381,-7.604,2.725,0,0
103968,3,-3.06,-0.50,-5.358,-8.116,2.284,0,0
104019,3,-3.07,0.00,-5.770,-8.696,1.963,0,0
104069,3,-3.08,-0.52,-4.956,-8.384,1.820,0,0
104120,3,-3.08,0.00,-3.941,-7.920,2.078,0,0
104172,3,-3.10,0.00,-3.792,-8.294,2.959,0,0
104224,3,-3.08,0.00,-4.089,-8.384,3.730,0,0
104275,3,-3.08,0.00,-4.434,-8.011,3.615,0,0
104327,3,-3.08,-0.48,-4.726,-7.934,3.012,0,0
104378,3,-3.12,-1.37,-5.224,-8.801,2.346,0,0
104429,3,-3.12,0.00,-5.555,-9.692,1.949,0,0
104480,3,-3.12,0.00,-4.736,-8.610,1.839,0,0
104532,3,-3.12,-0.52,-4.233,-7.815,2.389,0,0
104583,3,-3.10,0.56,-4.611,-8.523,3.500,0,0
104635,3,-3.10,0.00,-4.429,-8.523,3.898,0,0
104687,3,-3.10,0.00,-3.807,-7.561,3.084,0,0
104738,3,-3.09,0.00,-3.979,-7.618,2.394,0,0
104790,3,-3.13,-1.34,-4.324,-7.614,1.796,0,0
104841,3,-3.13,0.00,-5.066,-8.169,1.834,0,0
104891,3,-3.11,0.00,-5.382,-8.547,2.222,0,0
104941,3,-3.11,0.00,-4.731,-8.260,2.705,0,0
104992,3,-3.11,0.00,-3.917,-7.944,3.098,0,0
105042,3,-3.11,0.00,-3.697,-8.250,3.433,0,0
105094,3,-3.10,0.52,-3.903,-8.045,3.122,0,0
105146,3,-3.09,0.52,-4.367,-7.681,2.610,0,0
105197,3,-3.08,-0.82,-5.157,-8.049,2.298,0,0
105249,3,-3.04,1.34,-5.808,-8.993,2.279,0,0
105300,3,-3.11,0.00,-4.702,-8.246,2.097,0,0
105351,3,-3.11,0.00,-4.573,-9.155,2.744,0,0
105404,3,-3.10,0.12,-3.582,-7.623,2.844,0,0
105456,3,-3.10,0.00,-3.630,-7.226,3.141,0,0
105507,3,-3.10,0.36,-4.271,-7.623,3.280,0,0
105558,3,-3.12,-0.52,-4.712,-7.920,2.863,0,0
105609,3,-3.10,0.71,-4.985,-8.471,2.327,0,0
105661,3,-3.13,0.00,-5.578,-9.859,2.145,0,0
105712,3,-3.13,-0.56,-5.823,-10.539,2.533,0,0
105764,3,-3.11,1.34,-4.343,-7.973,2.653,0,0
105816,3,-3.13,0.34,-2.964,-5.660,2.471,0,0
105867,3,-3.14,-0.48,-2.868,-5.717,2.753,0,0
105918,3,-3.13,0.00,-3.462,-7.034,3.079,0,0
105968,3,-3.14,0.31,-4.046,-8.045,2.811,0,0
106018,3,-3.15,-0.52,-4.664,-8.461,2.222,0,0
106068,3,-3.13,0.00,-4.803,-7.949,1.729,0,0
106120,3,-3.13,0.82,-4.812,-7.685,1.839,0,0
106172,3,-3.15,-0.52,-5.028,-8.394,2.504,0,0
106223,3,-3.13,-0.52,-4.793,-9.165,3.419,0,0
106275,3,-3.14,-0.52,-4.171,-8.993,3.692,0,0
106326,3,-3.17,0.00,-3.950,-8.346,3.347,0,0
106378,3,-3.18,0.00,-4.865,-8.849,3.122,0,0
106429,3,-3.18,0.00,-6.148,-9.831,2.916,0,0
106480,3,-3.18,0.00,-6.785,-10.764,2.787,0,0
106531,3,-3.19,0.00,-4.180,-7.484,1.987,0,0
106583,3,-3.22,-0.45,-2.313,-4.884,1.499,0,0
106634,3,-3.24,0.00,-2.490,-5.631,2.025,0,0
106686,3,-3.26,-0.52,-4.075,-8.490,3.405,0,0
106735,3,-3.26,0.00,-5.641,-10.242,4.171,0,0
106787,3,-3.31,0.00,-4.899,-8.150,2.897,0,0
106838,3,-3.29,0.82,-4.137,-6.876,1.949,0,0
106890,3,-3.33,0.00,-4.621,-8.016,1.820,0,0
106941,3,-3.33,-1.41,-5.210,-9.558,2.164,0,0
106991,3,-3.33,0.00,-5.104,-9.629,2.863,0,0
107042,3,-3.31,0.00,-5.047,-9.505,3.735,0,0
107093,3,-3.34,0.52,-5.492,-10.285,4.520,0,0
107145,3,-3.34,0.00,-5.842,-11.023,4.233,0,0
107196,3,-3.34,0.00,-5.344,-9.936,2.887,0,0
107248,3,-3.37,0.00,-2.811,-5.157,1.159,0,0
107300,3,-3.37,0.00,-2.739,-4.664,1.020,0,0
107350,3,-3.39,-0.52,-5.215,-8.212,1.815,0,0
107401,3,-3.39,0.00,-6.053,-9.960,2.844,0,0
107456,3,-3.39,0.00,-3.960,-7.772,3.007,0,0
107508,3,-3.35,0.00,-2.830,-6.546,2.926,0,0
107559,3,-3.35,0.00,-3.385,-7.705,3.400,0,0
107610,3,-3.36,-0.48,-4.635,-9.084,3.452,0,0
107661,3,-3.36,0.00,-5.684,-9.323,2.772,0,0
107713,3,-3.41,-1.30,-6.632,-10.199,2.375,0,0
107764,3,-3.43,-0.56,-6.129,-10.132,2.246,0,0
107816,3,-3.43,0.00,-4.386,-8.475,2.404,0,0
107868,3,-3.44,0.00,-3.175,-6.977,2.653,0,0
107918,3,-3.50,0.00,-3.275,-7.168,3.376,0,0
107968,3,-3.53,-0.56,-3.989,-7.843,3.701,0,0
108019,3,-3.53,0.00,-4.290,-7.652,3.017,0,0
108068,3,-3.55,0.00,-4.204,-7.207,2.030,0,0
108120,3,-3.56,0.82,-4.271,-7.274,1.446,0,0
108171,3,-3.56,0.00,-4.563,-7.958,1.460,0,0
108223,3,-3.57,1.34,-4.736,-8.437,2.088,0,0
108275,3,-3.59,-0.52,-4.616,-8.499,3.151,0,0
108326,3,-3.60,0.00,-4.477,-8.677,4.075,0,0
108378,3,-3.64,-1.04,-4.271,-8.734,4.080,0,0
108429,3,-3.66,-0.56,-4.539,-9.127,3.314,0,0
108480,3,-3.63,0.86,-4.851,-8.811,2.356,0,0
108531,3,-3.65,0.00,-3.836,-6.431,1.360,0,0
108583,3,-3.66,-1.01,-3.472,-5.488,1.188,0,0
108634,3,-3.66,0.32,-4.559,-7.230,1.848,0,0
108686,3,-3.68,0.00,-5.100,-8.935,2.950,0,0
108735,3,-3.68,0.26,-4.319,-8.878,3.563,0,0
108787,3,-3.69,0.00,-3.472,-7.901,3.486,0,0
108838,3,-3.70,-0.19,-2.547,-5.540,2.303,0,0
108890,3,-3.74,-1.65,-2.533,-4.803,1.757,0,0
108941,3,-3.74,0.00,-4.319,-7.092,2.169,0,0
108991,3,-3.75,-0.20,-6.182,-9.787,2.456,0,0
109041,3,-3.77,-0.76,-6.086,-10.376,2.605,0,0
109093,3,-3.81,-0.30,-4.166,-8.164,2.504,0,0
109145,3,-3.84,-1.04,-3.630,-7.681,2.998,0,0
109196,3,-3.85,0.00,-4.573,-9.285,4.128,0,0
109248,3,-3.88,-0.52,-6.014,-11.042,4.583,0,0
109299,3,-3.91,-1.13,-6.867,-11.870,3.701,0,0
109350,3,-3.92,-0.48,-6.474,-11.315,2.686,0,0
109401,3,-3.93,0.00,-3.548,-6.507,1.518,0,0
109453,3,-3.96,-0.52,-2.528,-4.822,1.369,0,0
109508,3,-3.99,-0.37,-3.859,-7.135,2.519,0,0
109558,3,-3.99,0.00,-5.033,-9.242,3.773,0,0
109610,3,-4.01,-0.56,-4.745,-8.969,3.697,0,0
109661,3,-4.03,-0.48,-3.970,-7.776,2.763,0,0
109713,3,-4.04,-0.52,-4.113,-7.877,2.318,0,0
109764,3,-4.09,-1.75,-5.186,-9.309,2.418,0,0
109816,3,-4.09,0.00,-5.693,-9.596,2.648,0,0
109868,3,-4.10,-1.27,-5.009,-8.523,2.777,0,0
109918,3,-4.12,-0.52,-4.286,-7.872,2.964,0,0
109968,3,-4.12,0.00,-3.553,-7.288,2.887,0,0
110019,3,-4.13,0.00,-3.519,-7.432,2.720,0,0
110068,3,-4.13,0.00,-4.401,-8.619,2.959,0,0
110120,3,-4.15,-0.82,-6.632,-11.372,3.496,0,0
110171,3,-4.14,0.48,-6.972,-11.459,3.285,0,0
110223,3,-4.18,0.00,-3.256,-5.770,1.714,0,0
110275,3,-4.21,-0.92,-1.810,-3.668,1.235,0,0
110326,3,-4.21,0.00,-2.883,-5.942,2.121,0,0
110378,3,-4.22,-1.38,-4.448,-8.973,3.390,0,0
110428,3,-4.22,0.00,-5.435,-10.080,3.845,0,0
110477,3,-4.23,-0.88,-4.602,-8.025,2.863,0,0
110529,3,-4.23,0.00,-3.807,-6.551,2.030,0,0
110580,3,-4.25,-1.34,-3.898,-6.886,1.863,0,0
110632,3,-4.25,0.00,-4.621,-8.442,2.308,0,0
110683,3,-4.27,0.00,-4.578,-8.624,2.624,0,0
110735,3,-4.27,0.00,-4.094,-7.690,2.801,0,0
110787,3,-4.27,0.00,-3.792,-7.044,2.849,0,0
110838,3,-4.32,-0.48,-4.257,-7.843,3.146,0,0
110890,3,-4.32,0.00,-5.085,-9.491,3.285,0,0
110941,3,-4.32,0.00,-5.507,-10.290,2.978,0,0
110991,3,-4.36,0.00,-5.684,-10.252,2.710,0,0
111041,3,-4.36,0.00,-5.885,-10.132,2.969,0,0
111093,3,-4.36,0.00,-5.320,-9.208,3.179,0,0
111145,3,-4.41,-0.56,-3.251,-6.096,2.361,0,0
111196,3,-4.46,-1.30,-2.658,-5.425,2.198,0,0
111248,3,-4.47,0.00,-3.663,-7.547,2.907,0,0
111298,3,-4.47,0.00,-5.057,-9.797,3.385,0,0
111350,3,-4.51,-1.09,-5.655,-9.869,2.993,0,0
111401,3,-4.53,-0.52,-5.066,-8.356,2.346,0,0
111453,3,-4.54,-0.52,-4.568,-7.657,2.188,0,0
111504,3,-4.57,-1.01,-4.764,-8.590,2.677,0,0
111560,3,-4.58,-0.20,-4.745,-9.309,3.299,0,0
111612,3,-4.61,0.00,-4.214,-8.432,3.266,0,0
111663,3,-4.67,-1.09,-4.008,-7.633,2.983,0,0
111714,3,-4.67,0.00,-4.391,-7.853,2.811,0,0
111765,3,-4.69,0.00,-5.052,-8.782,2.696,0,0
111817,3,-4.70,0.00,-5.104,-8.882,2.567,0,0
111869,3,-4.74,-1.41,-4.817,-8.950,2.509,0,0
111919,3,-4.71,0.88,-5.698,-10.515,3.385,0,0
111969,3,-4.75,0.00,-4.329,-8.045,2.983,0,0
112020,3,-4.78,-0.48,-2.954,-5.574,2.274,0,0
112069,3,-4.79,-0.60,-3.012,-5.751,2.308,0,0
112121,3,-4.79,0.00,-3.749,-7.144,2.619,0,0
112172,3,-4.84,-1.45,-4.132,-7.858,2.461,0,0
112224,3,-4.86,-0.52,-4.525,-8.308,2.356,0,0
112275,3,-4.86,0.00,-4.712,-8.284,2.332,0,0
112327,3,-4.88,-0.82,-4.760,-8.231,2.586,0,0
112379,3,-4.88,0.00,-4.281,-7.647,2.749,0,0
112430,3,-4.89,0.52,-3.869,-7.369,2.787,0,0
112482,3,-4.91,0.00,-3.831,-7.676,2.873,0,0
112533,3,-4.96,-1.45,-4.089,-8.092,2.816,0,0
112584,3,-4.96,0.00,-4.587,-8.499,2.715,0,0
112635,3,-5.01,-1.38,-5.564,-9.562,2.830,0,0
112687,3,-5.00,0.00,-6.177,-10.487,3.098,0,0
112738,3,-5.04,-1.41,-5.962,-10.683,3.347,0,0
112790,3,-5.04,0.00,-5.526,-10.654,3.706,0,0
112842,3,-5.08,0.00,-4.209,-8.423,3.151,0,0
112891,3,-5.11,-1.41,-3.433,-6.646,2.519,0,0
112942,3,-5.11,0.00,-3.658,-6.732,2.423,0,0
112992,3,-5.16,-0.54,-4.650,-8.226,2.629,0,0
113042,3,-5.16,0.00,-5.550,-9.778,2.863,0,0
113094,3,-5.20,-1.34,-5.176,-9.491,2.753,0,0
113145,3,-5.20,-0.82,-4.343,-8.179,2.595,0,0
113197,3,-5.22,-0.52,-4.458,-8.394,2.988,0,0
113249,3,-5.20,0.00,-5.277,-9.740,3.649,0,0
113300,3,-5.20,0.00,-5.162,-9.524,3.419,0,0
113352,3,-5.24,0.00,-4.343,-8.174,2.667,0,0
113403,3,-5.24,0.00,-4.061,-7.623,2.217,0,0
113454,3,-5.24,0.00,-4.396,-8.078,2.289,0,0
113505,3,-5.27,-0.52,-4.817,-8.576,2.595,0,0
113557,3,-5.22,0.00,-4.951,-8.801,2.998,0,0
113611,3,-5.27,-0.70,-4.640,-8.633,3.160,0,0
113663,3,-5.28,0.00,-3.869,-7.590,2.744,0,0
113715,3,-5.25,0.00,-3.165,-6.412,2.251,0,0
113765,3,-5.27,-1.04,-3.270,-6.474,2.112,0,0
113817,3,-5.27,0.30,-4.568,-8.442,2.600,0,0
113868,3,-5.29,0.00,-5.770,-10.084,3.017,0,0
113919,3,-5.31,-0.28,-5.502,-9.706,3.007,0,0
113969,3,-5.31,-0.20,-4.204,-7.891,2.643,0,0
114019,3,-5.32,0.00,-3.338,-6.665,2.370,0,0
114071,3,-5.29,1.25,-3.677,-7.412,2.653,0,0
114123,3,-5.31,1.34,-4.683,-9.036,3.151,0,0
114174,3,-5.33,-0.19,-5.315,-9.711,3.189,0,0
114226,3,-5.33,0.26,-4.817,-8.643,2.586,0,0
114278,3,-5.32,0.00,-4.118,-7.566,2.145,0,0
114329,3,-5.29,0.82,-3.759,-7.039,2.088,0,0
114381,3,-5.29,0.00,-4.266,-8.025,2.576,0,0
114432,3,-5.34,0.30,-5.133,-9.577,3.371,0,0
114484,3,-5.33,0.34,-4.860,-9.036,3.285,0,0
114536,3,-5.32,0.00,-3.630,-6.800,2.447,0,0
114587,3,-5.32,-0.52,-3.017,-5.703,1.906,0,0
114639,3,-5.30,0.00,-3.189,-5.957,1.820,0,0
114689,3,-5.32,-0.52,-4.099,-7.527,2.207,0,0
114741,3,-5.30,0.00,-4.544,-8.174,2.523,0,0
114792,3,-5.31,-0.56,-5.114,-9.002,3.026,0,0
114844,3,-5.27,0.00,-4.669,-8.332,3.017,0,0
114894,3,-5.32,-1.41,-4.142,-7.705,2.830,0,0
114944,3,-5.34,-0.60,-4.003,-7.681,2.691,0,0
114994,3,-5.34,0.00,-3.936,-7.556,2.442,0,0
115044,3,-5.36,-1.49,-4.238,-7.772,2.399,0,0
115096,3,-5.39,-1.23,-4.831,-8.452,2.600,0,0
115148,3,-5.39,0.00,-5.516,-9.366,3.012,0,0
115199,3,-5.40,-0.82,-5.808,-10.175,3.338,0,0
115251,3,-5.40,0.00,-5.923,-10.932,3.725,0,0
115302,3,-5.42,0.00,-5.660,-10.798,3.792,0,0
115354,3,-5.45,-0.86,-3.850,-7.274,2.557,0,0
115405,3,-5.50,-1.30,-2.365,-4.391,1.556,0,0
115457,3,-5.50,0.00,-2.658,-4.688,1.575,0,0
115509,3,-5.50,0.00,-4.482,-7.695,2.342,0,0
115559,3,-5.50,0.00,-6.024,-10.410,3.194,0,0
115611,3,-5.53,0.00,-5.995,-10.865,3.572,0,0
115664,3,-5.52,0.12,-4.764,-8.863,3.256,0,0
115716,3,-5.55,-0.48,-3.926,-7.341,2.820,0,0
115766,3,-5.58,-1.04,-3.931,-7.207,2.729,0,0
115818,3,-5.61,-1.01,-4.611,-8.308,2.830,0,0
115869,3,-5.61,0.00,-5.114,-9.146,2.792,0,0
115920,3,-5.61,0.88,-4.827,-8.648,2.547,0,0
115970,3,-5.64,-1.04,-4.554,-8.174,2.514,0,0
116020,3,-5.65,0.00,-3.783,-6.857,2.394,0,0
116072,3,-5.71,-1.05,-3.553,-6.493,2.452,0,0
116124,3,-5.70,0.30,-4.372,-8.116,3.160,0,0
116175,3,-5.74,-1.01,-5.655,-10.549,3.807,0,0
116227,3,-5.77,-1.04,-5.631,-10.386,3.390,0,0
116279,3,-5.76,0.00,-4.166,-7.503,2.270,0,0
116330,3,-5.80,-1.04,-2.648,-4.712,1.465,0,0
116382,3,-5.83,-1.01,-2.605,-4.597,1.437,0,0
116433,3,-5.82,0.78,-3.625,-6.364,2.078,0,0
116485,3,-5.85,-0.97,-4.946,-8.911,3.079,0,0
116537,3,-5.86,0.00,-5.468,-10.290,3.692,0,0
116588,3,-5.92,-1.01,-5.124,-9.802,3.505,0,0
116640,3,-5.96,0.00,-4.592,-8.576,2.964,0,0
116690,3,-5.95,0.22,-4.645,-8.279,2.758,0,0
116742,3,-5.98,0.00,-5.114,-8.945,2.811,0,0
116793,3,-6.01,-1.53,-5.569,-9.807,3.026,0,0
116845,3,-6.03,-0.67,-5.464,-9.974,3.223,0,0
116895,3,-6.08,-0.16,-4.975,-9.380,3.266,0,0
116945,3,-6.10,-1.13,-4.659,-8.806,3.213,0,0
116995,3,-6.11,0.00,-4.736,-8.715,3.179,0,0
117045,3,-6.13,0.36,-4.693,-8.772,2.863,0,0
117097,3,-6.15,-1.01,-3.898,-7.082,2.236,0,0
117149,3,-6.17,0.00,-3.448,-6.325,1.901,0,0
117200,3,-6.18,-0.52,-3.649,-6.732,2.035,0,0
117252,3,-6.15,0.00,-4.515,-8.255,2.643,0,0
117303,3,-6.16,-0.48,-5.052,-9.203,3.218,0,0
117355,3,-6.17,-0.52,-4.808,-8.930,3.261,0,0
117406,3,-6.19,0.00,-4.319,-8.179,2.998,0,0
117458,3,-6.18,0.86,-4.243,-8.021,2.749,0,0
117510,3,-6.19,0.00,-4.549,-8.361,2.658,0,0
117560,3,-6.22,-1.01,-5.028,-8.983,2.749,0,0
117612,3,-6.25,0.00,-3.649,-6.493,2.088,0,0
117663,3,-6.24,0.71,-3.323,-6.129,2.035,0,0
117718,3,-6.29,-0.62,-3.304,-6.201,2.174,0,0
117770,3,-6.28,0.34,-3.788,-7.154,2.672,0,0
117820,3,-6.32,-1.53,-4.779,-9.199,3.227,0,0
117869,3,-6.36,0.00,-5.713,-10.659,3.654,0,0
117919,3,-6.39,-1.61,-5.243,-9.333,3.127,0,0
117970,3,-6.38,0.32,-4.645,-8.274,2.624,0,0
118020,3,-6.41,0.00,-4.741,-8.456,2.677,0,0
118072,3,-6.49,-1.65,-4.190,-7.733,2.519,0,0
118124,3,-6.49,0.34,-3.917,-7.470,2.567,0,0
118175,3,-6.53,0.00,-4.094,-7.829,2.787,0,0
118227,3,-6.58,-1.01,-4.381,-8.217,2.983,0,0
118279,3,-6.57,0.00,-4.587,-8.365,2.954,0,0
118330,3,-6.61,-1.01,-4.468,-8.059,2.701,0,0
118382,3,-6.63,-0.52,-4.487,-8.126,2.528,0,0
118433,3,-6.64,0.00,-4.908,-8.993,2.772,0,0
118485,3,-6.68,-1.90,-5.502,-10.171,3.280,0,0
118537,3,-6.70,0.00,-5.684,-10.453,3.615,0,0
118588,3,-6.72,0.00,-4.266,-7.910,2.868,0,0
118640,3,-6.75,-1.01,-4.903,-9.074,3.203,0,0
118690,3,-6.80,-1.86,-5.952,-10.965,3.630,0,0
118742,3,-6.80,0.00,-4.573,-8.456,2.667,0,0
118793,3,-6.82,0.00,-2.859,-5.349,1.709,0,0
118845,3,-6.83,-0.52,-2.715,-5.023,1.614,0,0
118895,3,-6.84,0.00,-3.907,-7.053,2.318,0,0
118945,3,-6.86,-0.56,-5.167,-9.385,3.170,0,0
118995,3,-6.88,-1.00,-5.440,-10.190,3.567,0,0
119045,3,-6.93,0.00,-5.004,-9.553,3.352,0,0
119097,3,-6.96,-0.52,-4.492,-8.504,2.897,0,0
119149,3,-6.98,0.00,-4.463,-8.193,2.715,0,0
119200,3,-7.00,-0.52,-5.090,-9.026,2.863,0,0
119252,3,-7.00,0.00,-4.463,-7.977,2.643,0,0
119303,3,-7.00,0.48,-4.578,-8.068,2.983,0,0
119355,3,-7.02,-0.48,-4.166,-8.135,2.600,0,0
119407,3,-7.03,0.00,-3.682,-7.092,2.466,0,0
119458,3,-7.07,-1.00,-3.792,-7.183,2.567,0,0
119510,3,-7.12,-1.86,-3.788,-7.101,2.543,0,0
119560,3,-7.14,-0.52,-4.903,-8.844,2.954,0,0
119612,3,-7.15,0.00,-5.420,-9.840,3.060,0,0
119663,3,-7.18,-0.52,-4.573,-8.519,2.658,0,0
119715,3,-7.19,-0.48,-3.534,-6.709,2.212,0,0
119769,3,-7.22,-0.38,-3.065,-5.818,2.045,0,0
119819,3,-7.27,-1.86,-3.510,-6.555,2.337,0,0
119868,3,-7.29,-1.00,-4.372,-8.045,2.887,0,0
119918,3,-7.29,0.00,-5.516,-10.137,3.448,0,0
119969,3,-7.36,-1.97,-5.986,-11.056,3.534,0,0
120019,3,-7.37,-0.56,-5.574,-10.242,3.189,0,0
120071,3,-7.39,0.00,-4.338,-7.963,2.547,0,0
120123,3,-7.45,-1.04,-3.529,-6.440,2.198,0,0
120174,3,-7.46,0.00,-3.788,-6.953,2.437,0,0
120226,3,-7.49,0.00,-4.918,-9.088,3.146,0,0
120278,3,-7.54,-1.75,-6.225,-11.626,3.922,0,0
120329,3,-7.59,-0.48,-4.970,-9.294,3.074,0,0
120381,3,-7.62,-1.04,-4.535,-8.322,2.701,0,0
120432,3,-7.64,0.00,-3.802,-6.876,2.227,0,0
120484,3,-7.68,-0.52,-3.539,-6.431,2.184,0,0
120536,3,-7.70,0.00,-4.070,-7.489,2.528,0,0
120587,3,-7.77,-1.00,-4.798,-8.988,3.084,0,0
120639,3,-7.80,-1.00,-5.109,-9.606,3.275,0,0
120689,3,-7.84,-1.56,-5.095,-9.519,3.223,0,0
120741,3,-7.86,-0.56,-5.052,-9.136,3.036,0,0
120792,3,-7.89,-1.56,-4.942,-8.854,2.921,0,0
120844,3,-7.92,-1.00,-4.903,-8.844,2.859,0,0
120893,3,-7.92,0.00,-4.889,-9.036,2.945,0,0
120944,3,-7.98,-1.13,-5.076,-9.500,3.175,0,0
120994,3,-8.02,-1.55,-5.444,-10.046,3.462,0,0
121045,3,-8.01,0.00,-5.353,-9.778,3.371,0,0
121096,3,-8.05,-0.97,-3.922,-7.197,2.490,0,0
121148,3,-8.05,0.00,-2.442,-4.630,1.595,0,0
121199,3,-8.04,-1.04,-2.327,-4.477,1.518,0,0
121251,3,-8.09,-1.86,-3.371,-6.316,2.011,0,0
121303,3,-8.11,0.00,-4.831,-8.835,2.811,0,0
121354,3,-8.12,-0.56,-5.171,-9.404,3.112,0,0
121406,3,-8.12,0.00,-4.492,-8.274,2.931,0,0
121457,3,-8.18,-0.52,-3.615,-6.833,2.428,0,0
121509,3,-8.18,0.00,-3.318,-6.359,2.217,0,0
121560,3,-8.20,0.00,-3.836,-7.264,2.413,0,0
121611,3,-8.20,0.00,-4.640,-8.595,2.768,0,0
121662,3,-8.25,-0.52,-5.353,-9.653,3.069,0,0
121714,3,-8.27,-0.74,-5.737,-10.252,3.309,0,0
121765,3,-8.27,0.00,-4.712,-8.820,2.887,0,0
121823,3,-8.30,-0.49,-5.626,-10.582,3.572,0,0
121874,3,-8.33,-1.45,-5.866,-11.037,3.773,0,0
121925,3,-8.33,0.00,-5.195,-9.615,3.270,0,0
121975,3,-8.35,0.00,-4.056,-7.393,2.476,0,0
122025,3,-8.36,0.00,-3.381,-6.124,2.025,0,0
122078,3,-8.39,-1.45,-3.644,-6.622,2.121,0,0
122129,3,-8.39,0.00,-4.616,-8.461,2.701,0,0
122181,3,-8.42,-0.86,-5.262,-9.778,3.247,0,0
122231,3,-8.42,0.00,-5.306,-9.845,3.376,0,0
122283,3,-8.45,-1.34,-4.870,-9.031,3.156,0,0
122334,3,-8.47,0.00,-4.357,-8.054,2.816,0,0
122386,3,-8.48,0.00,-4.070,-7.542,2.500,0,0
122437,3,-8.51,-1.00,-4.199,-7.728,2.466,0,0
122489,3,-8.52,-0.52,-4.712,-8.638,2.739,0,0
122540,3,-8.55,-1.04,-5.291,-9.649,3.127,0,0
122592,3,-8.56,0.00,-5.507,-10.041,3.424,0,0
122644,3,-8.59,-0.52,-4.846,-9.036,3.189,0,0
122695,3,-8.58,1.34,-3.802,-7.221,2.523,0,0
122747,3,-8.62,-1.04,-3.290,-6.325,2.188,0,0
122798,3,-8.63,-0.48,-3.567,-6.742,2.207,0,0
122850,3,-8.63,0.00,-4.276,-7.786,2.500,0,0
122900,3,-8.64,0.88,-4.846,-8.744,2.820,0,0
122950,3,-8.66,0.00,-5.109,-9.218,3.041,0,0
123001,3,-8.69,0.00,-4.836,-8.911,3.050,0,0
123051,3,-8.66,0.96,-4.233,-8.068,2.782,0,0
123101,3,-8.66,0.00,-3.917,-7.484,2.619,0,0
123153,3,-8.66,0.00,-4.118,-7.743,2.667,0,0
123204,3,-8.68,0.00,-4.755,-8.657,2.863,0,0
123256,3,-8.67,-0.52,-4.659,-8.361,2.739,0,0
123307,3,-8.68,-0.52,-4.401,-8.006,2.547,0,0
123359,3,-8.70,-0.48,-3.922,-7.341,2.394,0,0
123411,3,-8.71,-0.52,-3.826,-7.240,2.461,0,0
123462,3,-8.72,0.00,-3.965,-7.503,2.638,0,0
123514,3,-8.75,-0.56,-4.128,-7.728,2.701,0,0
123565,3,-8.78,0.00,-4.175,-7.752,2.653,0,0
123617,3,-8.81,0.00,-4.118,-7.575,2.495,0,0
123668,3,-8.81,0.00,-4.204,-7.738,2.452,0,0
123720,3,-8.82,0.00,-4.219,-7.839,2.452,0,0
123772,3,-8.83,-0.48,-4.946,-9.141,2.964,0,0
123822,3,-8.87,-1.34,-6.033,-11.032,3.716,0,0
123876,3,-8.87,0.00,-7.005,-12.838,4.391,0,0
123926,3,-8.87,0.00,-6.756,-12.455,4.219,0,0
123976,3,-8.91,0.00,-5.033,-9.457,3.098,0,0
124027,3,-8.94,-1.49,-3.079,-5.823,1.925,0,0
124079,3,-8.94,0.00,-2.097,-4.041,1.336,0,0
124129,3,-8.94,0.00,-2.916,-5.377,1.810,0,0
124181,3,-8.94,0.00,-4.750,-8.547,2.772,0,0
124232,3,-8.92,0.48,-6.239,-11.286,3.697,0,0
124284,3,-8.92,0.00,-6.364,-11.789,3.984,0,0
124335,3,-8.92,0.00,-5.248,-9.955,3.424,0,0
124387,3,-8.93,-0.48,-3.850,-7.269,2.485,0,0
124439,3,-8.93,0.00,-2.964,-5.588,1.911,0,0
124490,3,-8.93,0.00,-3.021,-5.631,1.896,0,0
124542,3,-8.93,0.00,-3.998,-7.298,2.361,0,0
124593,3,-8.93,0.00,-5.128,-9.352,2.945,0,0
124645,3,-8.92,0.00,-5.358,-9.946,3.203,0,0
124696,3,-8.93,0.00,-5.334,-9.974,3.419,0,0
124748,3,-8.94,0.00,-4.937,-9.155,3.232,0,0
124800,3,-8.99,-1.82,-4.257,-7.896,2.758,0,0
124850,3,-8.96,1.34,-3.682,-6.910,2.322,0,0
124900,3,-8.99,0.00,-3.539,-6.637,2.121,0,0
124950,3,-8.96,0.00,-3.898,-7.216,2.298,0,0
125001,3,-8.97,-0.54,-4.568,-8.375,2.658,0,0
125051,3,-8.97,0.00,-5.095,-9.270,3.060,0,0
125102,3,-8.96,0.00,-5.210,-9.510,3.294,0,0
125154,3,-8.96,0.00,-4.831,-8.988,3.170,0,0
125205,3,-8.97,0.00,-4.362,-8.298,2.844,0,0
125257,3,-8.99,0.00,-4.199,-7.958,2.619,0,0
125309,3,-8.99,0.00,-4.324,-8.025,2.571,0,0
125360,3,-9.00,0.52,-4.511,-8.179,2.614,0,0
125412,3,-9.00,0.00,-4.554,-8.198,2.648,0,0
125463,3,-8.97,0.00,-4.405,-8.064,2.677,0,0
125515,3,-8.98,-0.71,-4.290,-8.112,2.772,0,0
125566,3,-8.97,0.00,-4.415,-8.423,2.969,0,0
125618,3,-8.96,0.48,-4.424,-8.327,2.820,0,0
125670,3,-8.95,0.52,-4.559,-7.997,2.495,0,0
125720,3,-8.97,-0.82,-4.860,-8.083,2.399,0,0
125771,3,-8.93,0.00,-5.061,-8.509,2.452,0,0
125823,3,-8.90,1.61,-5.152,-8.576,2.504,0,0
125872,3,-8.87,1.04,-5.133,-8.423,2.662,0,0
125928,3,-8.86,0.06,-4.908,-7.791,2.734,0,0
125979,3,-8.87,0.00,-4.654,-7.456,2.734,0,0
126029,3,-8.87,-0.32,-4.319,-7.101,2.543,0,0
126081,3,-8.84,1.09,-5.617,-8.619,3.199,0,0
126133,3,-8.80,0.00,-4.932,-7.614,2.610,0,0
126183,3,-8.79,0.19,-4.927,-7.776,2.251,0,0
126234,3,-8.79,0.00,-4.946,-7.580,1.647,0,0
126286,3,-8.74,1.69,-5.301,-7.288,0.536,0,0
126338,3,-8.75,0.00,-6.412,-7.997,-0.833,0,0
126389,3,-8.73,-0.30,-7.518,-6.584,-2.002,0,0
126441,3,-8.73,0.15,-7.987,-6.167,-1.705,0,0
126492,3,-8.72,0.48,-7.772,-6.675,-0.939,0,0
126544,3,-8.73,-0.30,-5.775,-7.278,0.278,0,0
126595,3,-8.74,0.00,-5.310,-7.503,0.603,0,0
126647,3,-8.74,-0.33,-5.349,-7.642,0.871,0,0
126699,3,-8.73,0.52,-5.569,-7.532,1.025,0,0
126750,3,-8.74,-0.33,-5.478,-7.254,1.216,0,0
126802,3,-8.70,1.53,-5.128,-6.709,1.226,0,0
126852,3,-8.72,-0.82,-8.729,-10.357,-1.901,0,0
126902,3,-8.72,0.20,-6.752,-6.503,-2.423,0,0
126952,3,-8.69,0.00,-8.586,-5.468,-3.381,0,0
127003,3,-8.70,0.19,-8.619,-4.707,-2.825,0,0
127053,3,-8.69,0.24,-8.432,-5.262,-2.303,0,0
127104,3,-8.65,1.04,-8.418,-6.637,-0.603,0,0
127156,3,-8.69,-0.33,-6.220,-7.207,0.120,0,0
127207,3,-8.68,0.00,-4.559,-7.092,1.537,0,0
127259,3,-8.66,1.04,-5.799,-6.948,-0.627,0,0
127308,3,-8.67,-0.33,-6.938,-6.833,-1.504,0,0
127360,3,-8.67,-0.82,-7.858,-6.182,-1.542,0,0
127411,3,-8.64,1.00,-8.016,-5.732,-1.542,0,0
127463,3,-8.65,0.00,-7.800,-6.455,-1.207,0,0
127514,3,-8.62,0.48,-6.847,-6.450,-1.192,0,0
127566,3,-8.66,0.00,-6.948,-6.426,-1.039,0,0
127618,3,-8.61,1.00,-7.283,-6.263,-1.216,0,0
127668,3,-8.61,0.00,-7.551,-6.067,-1.312,0,0
127719,3,-8.62,0.52,-7.561,-6.019,-1.427,0,0
127771,3,-8.61,0.56,-7.398,-6.163,-1.283,0,0
127820,3,-8.58,0.48,-7.216,-6.263,-1.101,0,0
127872,3,-8.60,-0.82,-7.144,-6.330,-1.173,0,0
127922,3,-8.59,0.00,-7.350,-6.182,-1.188,0,0
127979,3,-8.60,-0.11,-7.412,-6.144,-1.307,0,0
128029,3,-8.59,0.56,-7.331,-6.201,-1.211,0,0
128081,3,-8.61,-0.92,-7.240,-6.258,-1.197,0,0
128133,3,-8.59,0.00,-7.336,-6.167,-1.240,0,0
128183,3,-8.59,-0.33,-7.412,-6.110,-1.293,0,0
128235,3,-8.59,0.00,-7.422,-6.110,-1.317,0,0
128286,3,-8.57,-0.33,-7.360,-6.139,-1.245,0,0
128338,3,-8.57,0.19,-7.326,-6.163,-1.231,0,0
128389,3,-8.58,-0.33,-7.389,-6.129,-1.269,0,0
128441,3,-8.56,1.09,-7.403,-6.105,-1.302,0,0
128492,3,-8.55,0.00,-7.432,-6.086,-1.317,0,0
128544,3,-8.55,0.19,-7.389,-6.110,-1.255,0,0
128596,3,-8.51,0.00,-7.350,-6.134,-1.240,0,0
128647,3,-8.52,0.15,-7.379,-6.139,-1.259,0,0
128699,3,-8.47,1.56,-7.389,-6.124,-1.264,0,0
128750,3,-8.51,-0.33,-7.384,-6.105,-1.274,0,0
128802,3,-8.53,-0.88,-7.403,-6.105,-1.279,0,0
128854,3,-8.54,0.00,-7.389,-6.115,-1.269,0,0
128904,3,-8.53,0.52,-7.369,-6.134,-1.250,0,0
128954,3,-8.54,-0.24,-7.389,-6.120,-1.269,0,0
129004,3,-8.53,0.00,-7.374,-6.115,-1.279,0,0
129057,3,-8.51,-0.30,-7.403,-6.120,-1.288,0,0
129108,3,-8.54,-0.92,-7.379,-6.134,-1.274,0,0
129159,3,-8.51,1.04,-7.412,-6.110,-1.269,0,0
129210,3,-8.52,-0.33,-7.398,-6.139,-1.288,0,0
129262,3,-8.52,-0.33,-7.398,-6.115,-1.259,0,0
129313,3,-8.49,1.00,-7.393,-6.115,-1.264,0,0
129365,3,-8.52,0.00,-7.417,-6.120,-1.293,0,0
129417,3,-8.52,1.53,-7.389,-6.105,-1.245,0,0
129468,3,-8.53,0.00,-7.365,-6.115,-1.264,0,0
129520,3,-8.51,1.04,-7.403,-6.115,-1.283,0,0
129571,3,-8.52,-0.30,-7.398,-6.091,-1.245,0,0
129623,3,-8.52,0.19,-7.412,-6.105,-1.283,0,0
129674,3,-8.56,-1.67,-7.393,-6.096,-1.298,0,0
129726,3,-8.54,0.00,-7.441,-6.076,-1.307,0,0
129778,3,-8.54,-0.30,-7.417,-6.067,-1.293,0,0
129828,3,-8.54,0.00,-7.417,-6.053,-1.279,0,0
129877,3,-8.54,0.22,-7.403,-6.019,-1.302,0,0
129928,3,-8.55,0.00,-7.456,-6.038,-1.302,0,0
129978,3,-8.58,-0.36,-7.441,-6.048,-1.283,0,0
130034,3,-8.56,0.24,-7.436,-6.072,-1.322,0,0
130086,3,-8.57,-0.30,-7.432,-6.067,-1.298,0,0
130137,3,-8.59,0.00,-7.379,-6.081,-1.264,0,0
130188,3,-8.61,-0.86,-7.427,-6.067,-1.269,0,0
130239,3,-8.59,0.00,-7.441,-6.038,-1.312,0,0
130291,3,-8.62,-0.33,-7.465,-6.009,-1.336,0,0
130342,3,-8.64,0.00,-7.513,-6.024,-1.413,0,0
130394,3,-8.65,0.52,-7.331,-6.144,-1.216,0,0
130446,3,-8.66,-0.33,-7.374,-6.148,-1.269,0,0
130497,3,-8.63,0.00,-7.714,-6.100,-1.336,0,0
130549,3,-8.69,-0.80,-7.360,-6.709,-1.369,0,0
130600,3,-8.71,0.00,-6.555,-6.661,0.086,0,0
130652,3,-8.70,-0.82,-5.540,-7.020,0.512,0,0
130703,3,-8.69,0.56,-6.345,-7.068,-0.417,0,0
130755,3,-8.69,0.48,-7.412,-6.742,-1.341,0,0
130807,3,-8.69,-0.33,-8.231,-5.818,-1.781,0,0
130857,3,-8.69,0.00,-8.212,-5.401,-1.590,0,0
130907,3,-8.72,-0.88,-7.762,-5.971,-1.077,0,0
130957,3,-8.69,0.00,-6.871,-6.809,-1.331,0,0
131008,3,-8.70,-1.39,-6.637,-6.665,-0.273,0,0
131058,3,-8.72,-0.92,-6.153,-7.029,-0.436,0,0
131108,3,-8.71,0.00,-6.311,-6.924,-0.867,0,0
131160,3,-8.72,0.52,-7.456,-6.306,-1.393,0,0
131211,3,-8.72,0.00,-8.394,-4.951,-1.690,0,0
131263,3,-8.77,-1.38,-8.370,-5.339,-1.820,0,0
131314,3,-8.76,0.52,-7.053,-6.211,-1.676,0,0
131366,3,-8.78,0.00,-7.039,-6.220,-0.656,0,0
131418,3,-8.72,0.52,-7.163,-6.230,-1.279,0,0
131469,3,-8.75,-1.34,-7.767,-5.837,-1.494,0,0
131521,3,-8.73,-0.33,-7.839,-5.646,-1.590,0,0
131572,3,-8.74,-0.33,-7.412,-5.995,-1.427,0,0
131624,3,-8.72,0.00,-7.369,-6.033,-1.140,0,0
131676,3,-8.68,0.56,-7.432,-6.000,-1.331,0,0
131727,3,-8.69,0.00,-7.614,-5.861,-1.456,0,0
131779,3,-8.67,-0.33,-7.566,-5.904,-1.446,0,0
131829,3,-8.67,0.00,-7.436,-5.966,-1.322,0,0
131878,3,-8.65,-0.32,-7.460,-5.971,-1.298,0,0
131929,3,-8.64,0.52,-7.570,-5.918,-1.422,0,0
131979,3,-8.64,0.00,-7.532,-5.885,-1.393,0,0
132029,3,-8.64,-0.32,-7.475,-5.957,-1.355,0,0
132089,3,-8.64,0.06,-7.475,-5.933,-1.346,0,0
132141,3,-8.64,0.00,-7.537,-5.909,-1.384,0,0
132191,3,-8.67,-0.86,-7.523,-5.933,-1.360,0,0
132242,3,-8.65,0.00,-7.489,-5.947,-1.360,0,0
132294,3,-8.70,-0.88,-7.508,-5.918,-1.360,0,0
132346,3,-8.68,0.52,-7.523,-5.938,-1.365,0,0
132397,3,-8.68,0.52,-7.503,-5.933,-1.350,0,0
132449,3,-8.67,0.48,-7.503,-5.923,-1.369,0,0
132500,3,-8.69,0.00,-7.523,-5.933,-1.355,0,0
132552,3,-8.70,0.45,-7.503,-5.914,-1.379,0,0
132604,3,-8.73,0.00,-7.499,-5.952,-1.360,0,0
132655,3,-8.70,0.52,-7.503,-5.933,-1.355,0,0
132707,3,-8.73,-0.82,-7.508,-5.918,-1.369,0,0
132758,3,-8.75,-0.86,-7.518,-5.928,-1.369,0,0
132810,3,-8.75,0.00,-7.518,-5.947,-1.350,0,0
132861,3,-8.73,0.00,-7.503,-5.928,-1.360,0,0
132912,3,-8.73,1.13,-7.508,-5.933,-1.350,0,0
132962,3,-8.72,0.56,-7.499,-5.938,-1.369,0,0
133012,3,-8.75,0.00,-7.384,-5.722,-1.015,0,0
133063,3,-8.72,0.52,-7.226,-5.957,-1.863,0,0
133114,3,-8.75,-0.88,-8.906,-6.124,-1.676,0,0
133165,3,-8.73,0.52,-10.056,-8.576,-2.433,0,0
133216,3,-8.72,0.48,-9.376,-8.341,-3.405,0,0
133268,3,-8.74,0.52,-9.529,-9.189,-2.188,0,0
133319,3,-8.73,0.52,-8.499,-10.022,-2.873,0,0
133371,3,-8.76,0.00,-6.455,-9.127,-4.065,0,0
133423,3,-8.72,0.48,-4.884,-8.030,-5.895,0,0
133474,3,-8.74,0.00,-1.183,-6.364,-6.685,0,0
133526,3,-8.72,-0.33,0.192,-7.441,-6.124,0,0
133577,3,-8.70,1.04,1.484,-5.315,-6.421,0,0
133629,3,-8.67,0.00,2.878,-4.319,-5.880,0,0
133681,3,-8.66,1.13,4.046,-2.471,-5.827,0,0
133732,3,-8.69,0.00,4.707,-2.203,-4.664,0,0
133784,3,-8.64,0.48,6.321,-1.805,-2.964,0,0
133834,3,-8.64,0.00,7.025,-0.493,-3.582,0,0
133883,3,-8.63,1.13,7.140,-1.341,-3.563,0,0
133934,3,-8.61,0.52,7.887,-0.785,-3.807,0,0
133984,3,-8.60,0.00,8.408,-0.828,-3.898,0,0
134035,3,-8.58,0.54,8.308,-0.302,-3.203,0,0
134084,3,-8.57,0.52,8.384,-1.432,-5.138,0,0
134145,3,-8.54,0.35,6.780,-1.322,-5.804,0,0
134195,3,-8.54,0.00,7.671,1.130,-7.585,0,0
134247,3,-8.53,0.00,7.001,0.460,-6.761,0,0
134298,3,-8.48,1.86,7.570,1.135,-7.585,0,0
134350,3,-8.49,-0.52,7.633,2.222,-7.293,0,0
134401,3,-8.47,0.52,7.384,2.184,-6.665,0,0
134453,3,-8.50,-1.49,7.140,2.069,-6.053,0,0
134504,3,-8.49,0.00,7.623,3.395,-5.507,0,0
134556,3,-8.45,1.04,7.642,3.912,-4.492,0,0
134608,3,-8.43,0.00,7.614,4.492,-3.845,0,0
134659,3,-8.46,-1.34,7.891,4.496,-3.840,0,0
134711,3,-8.43,1.00,7.671,4.185,-3.917,0,0
134762,3,-8.44,-0.86,7.767,4.300,-4.171,0,0
134814,3,-8.41,1.13,7.743,4.300,-4.094,0,0
134866,3,-8.40,0.00,7.685,4.099,-4.199,0,0
134916,3,-8.39,1.09,7.705,3.807,-4.300,0,0
134966,3,-8.40,-0.20,7.853,4.075,-4.171,0,0
135017,3,-8.40,0.00,7.992,3.836,-4.506,0,0
135066,3,-8.37,0.56,7.977,3.716,-4.515,0,0
135117,3,-8.37,0.00,8.049,3.754,-4.788,0,0
135168,3,-8.38,0.52,8.016,3.692,-4.899,0,0
135220,3,-8.38,0.00,7.786,3.208,-4.927,0,0
135271,3,-8.37,1.09,7.858,2.820,-5.100,0,0
135323,3,-8.40,-0.82,7.628,2.361,-5.191,0,0
135372,3,-8.38,0.00,7.657,2.514,-5.507,0,0
135424,3,-8.38,-0.82,7.638,3.026,-5.914,0,0
135475,3,-8.36,0.00,7.475,3.098,-5.904,0,0
135527,3,-8.36,0.97,7.590,3.438,-6.244,0,0
135578,3,-8.34,0.56,7.451,2.993,-6.129,0,0
135630,3,-8.33,0.00,7.666,2.983,-6.096,0,0
135682,3,-8.34,-0.82,7.374,2.878,-5.526,0,0
135732,3,-8.31,1.00,7.580,2.634,-5.885,0,0
135783,3,-8.30,0.48,7.671,2.763,-5.722,0,0
135835,3,-8.31,0.00,7.867,2.998,-5.871,0,0
135885,3,-8.28,0.48,7.853,2.571,-5.511,0,0
135935,3,-8.30,-1.33,7.872,2.792,-5.550,0,0
135985,3,-8.27,0.54,7.489,2.686,-5.080,0,0
136036,3,-8.31,-1.45,7.700,2.662,-5.416,0,0
136087,3,-8.28,1.04,7.767,2.859,-5.765,0,0
136139,3,-8.30,-1.45,7.690,2.825,-5.574,0,0
