Tempo,Estado,Alt,Vel,AccX,AccY,AccZ,Lat,Lon
14229,0,-0.02,0.00,-7.101,-6.512,-1.087,0,0
14280,0,-0.02,0.00,-7.092,-6.498,-1.082,0,0
14329,0,-0.01,-0.19,-7.116,-6.507,-1.106,0,0
14380,0,-0.00,1.45,-7.096,-6.503,-1.073,0,0
14430,0,-0.05,-1.13,-7.077,-6.503,-1.053,0,0
14480,0,-0.04,0.32,-7.096,-6.503,-1.082,0,0
14531,0,-0.07,0.00,-7.087,-6.493,-1.092,0,0
14581,0,-0.08,-0.54,-7.096,-6.527,-1.097,0,0
14631,0,-0.05,-0.56,-7.106,-6.503,-1.077,0,0
14681,0,-0.03,1.45,-7.087,-6.498,-1.125,0,0
14733,0,-0.01,0.00,-7.077,-6.503,-1.073,0,0
14785,0,-0.01,0.26,-7.106,-6.507,-1.077,0,0
14836,0,-0.01,0.00,-7.092,-6.507,-1.077,0,0
14888,0,0.00,0.84,-7.125,-6.522,-1.092,0,0
14939,0,0.03,0.88,-7.101,-6.498,-1.063,0,0
14991,0,0.02,0.32,-7.096,-6.479,-1.092,0,0
15042,0,0.03,0.20,-7.096,-6.498,-1.073,0,0
15094,0,-0.01,0.00,-7.096,-6.493,-1.082,0,0
15146,0,0.00,0.35,-7.092,-6.498,-1.082,0,0
15197,0,-0.02,0.00,-7.096,-6.493,-1.097,0,0
15249,0,-0.01,0.34,-7.092,-6.493,-1.063,0,0
15300,0,-0.03,-1.09,-7.101,-6.507,-1.077,0,0
15353,0,-0.01,0.00,-7.092,-6.498,-1.063,0,0
15403,0,-0.03,-1.09,-7.111,-6.503,-1.073,0,0
15454,0,-0.03,-0.20,-7.096,-6.503,-1.092,0,0
15504,0,-0.03,0.00,-7.087,-6.503,-1.106,0,0
15554,0,-0.05,0.32,-7.096,-6.522,-1.053,0,0
15605,0,-0.02,0.93,-7.087,-6.507,-1.092,0,0
15654,0,-0.02,0.00,-7.092,-6.488,-1.077,0,0
15705,0,-0.02,-0.15,-7.092,-6.498,-1.063,0,0
15756,0,-0.01,0.82,-7.096,-6.503,-1.077,0,0
15808,0,-0.00,0.34,-7.092,-6.493,-1.097,0,0
15859,0,-0.03,0.00,-7.096,-6.498,-1.063,0,0
15911,0,-0.05,-1.01,-7.087,-6.498,-1.092,0,0
15963,0,-0.04,0.30,-7.096,-6.512,-1.077,0,0
16014,0,-0.05,0.71,-7.111,-6.512,-1.116,0,0
16066,0,-0.03,0.86,-7.087,-6.483,-1.073,0,0
16117,0,-0.04,0.00,-7.087,-6.483,-1.087,0,0
16169,0,-0.07,0.00,-7.101,-6.493,-1.082,0,0
16221,0,-0.04,0.00,-7.106,-6.517,-1.077,0,0
16272,0,-0.04,0.82,-7.101,-6.507,-1.077,0,0
16323,0,-0.05,-0.27,-7.096,-6.522,-1.087,0,0
16373,0,-0.03,0.00,-7.101,-6.503,-1.068,0,0
16424,0,-0.07,-0.56,-7.092,-6.498,-1.097,0,0
16474,0,-0.05,0.88,-7.087,-6.517,-1.097,0,0
16525,0,-0.06,0.00,-7.096,-6.483,-1.073,0,0
16575,0,-0.05,-0.52,-7.092,-6.488,-1.077,0,0
16625,0,-0.03,0.85,-7.106,-6.493,-1.063,0,0
16675,0,-0.01,0.00,-7.101,-6.493,-1.073,0,0
16726,0,-0.03,-1.01,-7.106,-6.507,-1.106,0,0
16777,0,-0.05,-1.04,-7.101,-6.507,-1.087,0,0
16829,0,-0.05,0.34,-7.082,-6.507,-1.077,0,0
16881,0,-0.06,0.00,-7.106,-6.488,-1.097,0,0
16932,0,-0.08,0.30,-7.096,-6.493,-1.073,0,0
16984,0,-0.07,1.30,-7.106,-6.512,-1.063,0,0
17035,0,-0.07,-0.52,-7.101,-6.479,-1.077,0,0
17087,0,-0.07,0.30,-7.092,-6.493,-1.087,0,0
17138,0,-0.06,0.00,-7.092,-6.493,-1.092,0,0
17190,0,-0.07,0.34,-7.096,-6.488,-1.087,0,0
17242,0,-0.07,0.00,-7.087,-6.503,-1.073,0,0
17293,0,-0.07,-1.01,-7.096,-6.493,-1.073,0,0
17346,0,-0.07,0.32,-7.120,-6.503,-1.106,0,0
17396,0,-0.06,0.00,-7.077,-6.503,-1.049,0,0
17446,0,-0.05,-0.20,-7.096,-6.507,-1.068,0,0
17497,0,-0.08,-1.09,-7.082,-6.493,-1.111,0,0
17547,0,-0.07,0.00,-7.072,-6.507,-1.082,0,0
17597,0,-0.05,0.36,-7.101,-6.503,-1.058,0,0
17648,0,-0.07,-0.56,-7.116,-6.493,-1.092,0,0
17700,0,-0.06,0.00,-7.087,-6.503,-1.111,0,0
17751,0,-0.04,0.30,-7.082,-6.512,-1.111,0,0
17803,0,-0.04,0.00,-7.082,-6.498,-1.073,0,0
17853,0,-0.08,-1.49,-7.101,-6.503,-1.073,0,0
17905,0,-0.04,0.00,-7.096,-6.507,-1.068,0,0
17956,0,-0.01,0.34,-7.111,-6.493,-1.058,0,0
18008,0,-0.04,-0.97,-7.101,-6.498,-1.077,0,0
18059,0,-0.04,0.34,-7.101,-6.493,-1.058,0,0
18111,0,-0.03,0.34,-7.106,-6.512,-1.082,0,0
18162,0,-0.01,0.00,-7.106,-6.493,-1.058,0,0
18214,0,-0.00,0.82,-7.101,-6.498,-1.106,0,0
18266,0,0.01,0.00,-7.092,-6.498,-1.082,0,0
18317,0,-0.04,-0.97,-7.116,-6.507,-1.082,0,0
18371,0,-0.01,0.35,-7.092,-6.503,-1.073,0,0
18421,0,0.00,0.38,-7.096,-6.512,-1.073,0,0
18471,0,0.03,0.85,-7.101,-6.503,-1.068,0,0
18522,0,0.04,0.00,-7.106,-6.493,-1.087,0,0
18572,0,0.05,0.34,-7.092,-6.507,-1.063,0,0
18622,0,0.01,-1.65,-7.106,-6.522,-1.077,0,0
18674,0,0.02,0.00,-7.096,-6.493,-1.058,0,0
18724,0,0.01,-0.17,-7.092,-6.512,-1.101,0,0
18776,0,0.04,0.00,-7.072,-6.507,-1.092,0,0
18827,0,0.00,0.34,-7.120,-6.507,-1.073,0,0
18879,0,-0.00,1.34,-7.087,-6.512,-1.082,0,0
18930,0,-0.01,-0.19,-7.106,-6.512,-1.058,0,0
18982,0,-0.02,-0.28,-7.087,-6.493,-1.077,0,0
19033,0,-0.03,0.00,-7.096,-6.512,-1.053,0,0
19085,0,-0.03,-0.19,-7.096,-6.493,-1.087,0,0
19137,0,-0.04,0.00,-7.087,-6.493,-1.068,0,0
19188,0,-0.09,-1.53,-7.106,-6.507,-1.068,0,0
19240,0,-0.09,-0.19,-7.106,-6.503,-1.087,0,0
19291,0,-0.11,-0.67,-7.082,-6.493,-1.073,0,0
19344,0,-0.13,-0.84,-7.096,-6.507,-1.058,0,0
19394,0,-0.14,0.00,-7.092,-6.517,-1.097,0,0
19444,0,-0.15,-0.20,-7.096,-6.507,-1.073,0,0
19495,0,-0.15,-0.20,-7.101,-6.488,-1.101,0,0
19545,0,-0.18,0.00,-7.101,-6.507,-1.087,0,0
19596,0,-0.16,0.36,-7.096,-6.507,-1.106,0,0
19648,0,-0.16,0.36,-7.101,-6.522,-1.101,0,0
19699,0,-0.17,0.00,-7.082,-6.493,-1.101,0,0
19751,0,-0.14,0.34,-7.082,-6.498,-1.092,0,0
19801,0,-0.14,0.00,-7.092,-6.498,-1.082,0,0
19850,0,-0.15,0.93,-7.092,-6.474,-1.097,0,0
19902,0,-0.16,0.00,-7.130,-6.503,-1.077,0,0
19953,0,-0.16,-0.52,-7.082,-6.527,-1.077,0,0
20005,0,-0.13,1.34,-7.106,-6.493,-1.077,0,0
20056,0,-0.12,0.86,-7.082,-6.507,-1.049,0,0
20108,0,-0.12,0.00,-7.096,-6.498,-1.097,0,0
20160,0,-0.12,0.00,-7.092,-6.498,-1.073,0,0
20211,0,-0.13,0.00,-7.106,-6.507,-1.073,0,0
20263,0,-0.13,0.00,-7.092,-6.498,-1.073,0,0
20314,0,-0.13,0.00,-7.106,-6.507,-1.063,0,0
20365,0,-0.12,0.56,-7.082,-6.488,-1.068,0,0
20417,0,-0.13,-0.26,-7.092,-6.507,-1.063,0,0
20467,0,-0.11,0.00,-7.087,-6.493,-1.068,0,0
20518,0,-0.12,-0.52,-7.077,-6.507,-1.082,0,0
20568,0,-0.12,0.00,-7.116,-6.493,-1.063,0,0
20621,0,-0.13,0.00,-7.101,-6.493,-1.077,0,0
20671,0,-0.13,0.00,-7.101,-6.483,-1.053,0,0
20723,0,-0.10,0.00,-7.101,-6.522,-1.087,0,0
20774,0,-0.10,0.00,-7.087,-6.507,-1.077,0,0
20826,0,-0.07,-0.52,-7.077,-6.493,-1.082,0,0
20877,0,-0.07,0.00,-7.116,-6.498,-1.082,0,0
20929,0,-0.09,-0.52,-7.106,-6.512,-1.120,0,0
20981,0,-0.09,0.00,-7.087,-6.498,-1.073,0,0
21032,0,-0.07,0.00,-7.111,-6.503,-1.077,0,0
21084,0,-0.09,-0.56,-7.082,-6.493,-1.092,0,0
21135,0,-0.06,1.23,-7.096,-6.503,-1.073,0,0
21187,0,-0.06,0.00,-7.101,-6.498,-1.087,0,0
21239,0,-0.06,0.00,-7.106,-6.493,-1.087,0,0
21290,0,-0.02,0.00,-7.106,-6.479,-1.092,0,0
21342,0,-0.02,0.52,-7.106,-6.498,-1.092,0,0
21393,0,-0.00,0.93,-7.092,-6.498,-1.068,0,0
21443,0,-0.02,0.00,-7.096,-6.498,-1.106,0,0
21493,0,-0.02,0.00,-7.092,-6.498,-1.097,0,0
21545,0,0.01,0.00,-7.106,-6.517,-1.101,0,0
21597,0,-0.01,-1.01,-7.092,-6.503,-1.077,0,0
21647,0,-0.01,0.00,-7.092,-6.493,-1.077,0,0
21698,0,-0.01,-1.01,-7.087,-6.483,-1.097,0,0
21750,0,-0.03,-0.56,-7.096,-6.507,-1.087,0,0
21802,0,-0.04,-1.01,-7.101,-6.507,-1.073,0,0
21853,0,-0.06,-0.52,-7.106,-6.503,-1.082,0,0
21905,0,-0.05,0.00,-7.096,-6.498,-1.073,0,0
21956,0,-0.04,0.82,-7.101,-6.512,-1.087,0,0
22008,0,-0.02,0.00,-7.087,-6.493,-1.063,0,0
22060,0,-0.01,0.71,-7.106,-6.507,-1.106,0,0
22111,0,-0.04,-1.09,-7.111,-6.507,-1.101,0,0
22163,0,-0.03,0.00,-7.111,-6.488,-1.077,0,0
22214,0,0.00,0.34,-7.116,-6.498,-1.111,0,0
22266,0,-0.01,0.00,-7.120,-6.493,-1.068,0,0
22317,0,-0.01,-0.22,-7.101,-6.498,-1.097,0,0
22368,0,-0.01,-0.20,-7.116,-6.507,-1.097,0,0
22418,0,-0.02,0.00,-7.096,-6.503,-1.082,0,0
22474,0,-0.02,0.02,-7.111,-6.493,-1.063,0,0
22526,0,0.01,2.90,-7.106,-6.493,-1.063,0,0
22578,0,-0.04,-0.04,-7.101,-6.503,-1.073,0,0
22629,0,-0.05,-0.19,-7.101,-6.493,-1.082,0,0
22680,0,-0.05,-0.19,-7.101,-6.498,-1.106,0,0
22731,0,-0.09,-1.56,-7.116,-6.498,-1.101,0,0
22783,0,-0.08,0.37,-7.092,-6.517,-1.111,0,0
22835,0,-0.08,-0.30,-7.092,-6.488,-1.101,0,0
22886,0,-0.07,0.00,-7.111,-6.479,-1.092,0,0
22938,0,-0.11,-1.04,-7.106,-6.493,-1.087,0,0
22989,0,-0.10,0.36,-7.111,-6.512,-1.092,0,0
23041,0,-0.12,0.30,-7.106,-6.498,-1.077,0,0
23092,0,-0.11,0.34,-7.077,-6.474,-1.116,0,0
23144,0,-0.10,0.00,-7.077,-6.488,-1.101,0,0
23196,0,-0.15,-1.09,-7.106,-6.493,-1.097,0,0
23247,0,-0.15,0.00,-7.111,-6.483,-1.077,0,0
23299,0,-0.19,-0.52,-7.101,-6.507,-1.082,0,0
23351,0,-0.16,0.93,-7.116,-6.498,-1.082,0,0
23402,0,-0.19,0.00,-7.106,-6.488,-1.097,0,0
23452,0,-0.19,-0.56,-7.101,-6.503,-1.101,0,0
23502,0,-0.16,0.88,-7.087,-6.488,-1.106,0,0
23554,0,-0.18,0.00,-7.101,-6.488,-1.077,0,0
23604,0,-0.19,-0.52,-7.125,-6.479,-1.092,0,0
23656,0,-0.20,0.82,-7.092,-6.498,-1.073,0,0
23707,0,-0.21,-0.48,-7.101,-6.479,-1.073,0,0
23759,0,-0.21,0.00,-7.116,-6.488,-1.063,0,0
23810,0,-0.19,-0.52,-7.096,-6.507,-1.120,0,0
23862,0,-0.19,0.00,-7.092,-6.469,-1.082,0,0
23913,0,-0.18,-0.52,-7.096,-6.503,-1.063,0,0
23965,0,-0.14,1.34,-7.101,-6.479,-1.077,0,0
24017,0,-0.15,0.00,-7.101,-6.488,-1.101,0,0
24068,0,-0.17,-0.52,-7.106,-6.498,-1.092,0,0
24120,0,-0.18,0.00,-7.096,-6.498,-1.082,0,0
24171,0,-0.16,0.00,-7.101,-6.493,-1.111,0,0
24223,0,-0.15,0.56,-7.096,-6.503,-1.092,0,0
24279,0,-0.12,0.38,-7.116,-6.493,-1.092,0,0
24331,0,-0.12,0.00,-7.106,-6.488,-1.092,0,0
24381,0,-0.12,0.00,-7.092,-6.493,-1.082,0,0
24432,0,-0.10,1.45,-7.106,-6.498,-1.120,0,0
24482,0,-0.10,0.00,-7.111,-6.488,-1.073,0,0
24534,0,-0.14,0.00,-7.092,-6.483,-1.077,0,0
24586,0,-0.13,-0.52,-7.096,-6.493,-1.077,0,0
24636,0,-0.13,0.00,-7.101,-6.503,-1.073,0,0
24687,0,-0.14,-0.52,-7.106,-6.493,-1.077,0,0
24739,0,-0.14,0.00,-7.096,-6.498,-1.097,0,0
24791,0,-0.11,0.00,-7.092,-6.469,-1.068,0,0
24842,0,-0.08,1.30,-7.092,-6.483,-1.106,0,0
24894,0,-0.07,0.82,-7.111,-6.507,-1.097,0,0
24945,0,-0.07,0.00,-7.101,-6.512,-1.087,0,0
24997,0,-0.10,0.00,-7.106,-6.498,-1.077,0,0
25049,0,-0.09,-0.52,-7.106,-6.493,-1.068,0,0
25100,0,-0.07,0.88,-7.101,-6.483,-1.097,0,0
25152,0,-0.08,-0.52,-7.101,-6.488,-1.082,0,0
25203,0,-0.06,0.86,-7.092,-6.488,-1.106,0,0
25255,0,-0.08,0.00,-7.101,-6.512,-1.073,0,0
25306,0,-0.04,0.80,-7.106,-6.507,-1.092,0,0
25359,0,-0.07,0.00,-7.092,-6.488,-1.106,0,0
25409,0,-0.06,-0.54,-7.111,-6.498,-1.092,0,0
25460,0,-0.07,-0.52,-7.092,-6.493,-1.058,0,0
25510,0,-0.09,0.00,-7.101,-6.498,-1.097,0,0
25560,0,-0.07,0.82,-7.092,-6.488,-1.092,0,0
25612,0,-0.07,0.00,-7.096,-6.488,-1.092,0,0
25663,0,-0.04,0.00,-7.082,-6.483,-1.101,0,0
25715,0,-0.03,0.30,-7.101,-6.493,-1.097,0,0
25766,0,-0.01,0.86,-7.111,-6.498,-1.101,0,0
25818,0,-0.01,0.00,-7.111,-6.503,-1.092,0,0
25869,0,-0.01,0.00,-7.096,-6.498,-1.077,0,0
25921,0,-0.03,0.00,-7.096,-6.483,-1.092,0,0
25973,0,-0.03,0.00,-7.111,-6.488,-1.077,0,0
26024,0,-0.04,-0.48,-7.101,-6.498,-1.101,0,0
26076,0,-0.00,1.30,-7.125,-6.503,-1.101,0,0
26127,0,-0.02,0.00,-7.125,-6.493,-1.082,0,0
26179,0,-0.03,1.34,-7.101,-6.507,-1.092,0,0
26231,0,-0.02,0.00,-7.096,-6.512,-1.106,0,0
26281,0,-0.02,0.00,-7.101,-6.488,-1.092,0,0
26332,0,-0.03,-0.19,-7.106,-6.488,-1.101,0,0
26382,0,-0.02,0.00,-7.106,-6.503,-1.101,0,0
26433,0,-0.02,0.00,-7.116,-6.488,-1.092,0,0
26483,0,-0.00,0.52,-7.106,-6.479,-1.082,0,0
26535,0,0.01,0.00,-7.111,-6.483,-1.073,0,0
26585,0,0.01,0.00,-7.096,-6.507,-1.087,0,0
26634,0,0.01,0.00,-7.101,-6.517,-1.092,0,0
26686,0,0.03,0.52,-7.082,-6.493,-1.101,0,0
26737,0,0.03,0.00,-7.096,-6.507,-1.077,0,0
26789,0,0.03,-0.50,-7.101,-6.483,-1.101,0,0
26840,0,0.04,0.50,-7.106,-6.483,-1.073,0,0
26892,0,0.04,0.00,-7.106,-6.488,-1.077,0,0
26944,0,0.00,-1.34,-7.125,-6.488,-1.068,0,0
26995,0,0.00,0.00,-7.106,-6.503,-1.073,0,0
27047,0,0.02,0.00,-7.101,-6.493,-1.082,0,0
27098,0,0.02,0.00,-7.106,-6.488,-1.063,0,0
27150,0,0.03,0.00,-7.101,-6.493,-1.092,0,0
27201,0,0.06,1.02,-7.111,-6.493,-1.082,0,0
27252,0,0.04,-0.52,-7.116,-6.498,-1.077,0,0
27303,0,0.06,0.52,-7.082,-6.488,-1.068,0,0
27353,0,0.07,0.00,-7.120,-6.488,-1.058,0,0
27404,0,0.07,0.00,-7.111,-6.493,-1.073,0,0
27454,0,0.06,-0.50,-7.101,-6.493,-1.116,0,0
27507,0,0.04,0.00,-7.092,-6.493,-1.092,0,0
27558,0,0.03,0.00,-7.101,-6.498,-1.082,0,0
27610,0,0.00,0.00,-7.092,-6.464,-1.106,0,0
27661,0,0.00,0.00,-7.111,-6.488,-1.087,0,0
27713,0,0.00,0.00,-7.101,-6.488,-1.087,0,0
27765,0,0.03,-0.50,-7.092,-6.503,-1.106,0,0
27816,0,-0.01,0.00,-7.111,-6.488,-1.058,0,0
27868,0,-0.03,0.00,-7.111,-6.479,-1.092,0,0
27919,0,-0.05,-0.52,-7.101,-6.488,-1.077,0,0
27971,0,-0.05,0.00,-7.106,-6.488,-1.087,0,0
28023,0,-0.10,-1.34,-7.101,-6.493,-1.068,0,0
28074,0,-0.10,0.00,-7.106,-6.493,-1.092,0,0
28126,0,-0.10,0.00,-7.101,-6.498,-1.092,0,0
28176,0,-0.10,0.00,-7.101,-6.488,-1.130,0,0
28228,0,-0.12,0.00,-7.101,-6.483,-1.101,0,0
28279,0,-0.11,0.52,-7.111,-6.488,-1.101,0,0
28331,0,-0.11,0.00,-7.106,-6.493,-1.073,0,0
28384,0,-0.16,-0.72,-7.087,-6.498,-1.068,0,0
28435,0,-0.15,0.00,-7.092,-6.488,-1.063,0,0
28485,0,-0.15,0.00,-7.096,-6.493,-1.087,0,0
28537,0,-0.13,0.00,-7.092,-6.474,-1.092,0,0
28588,0,-0.16,-0.82,-7.082,-6.498,-1.077,0,0
28639,0,-0.16,0.00,-7.106,-6.488,-1.092,0,0
28690,0,-0.14,0.00,-7.096,-6.488,-1.068,0,0
28742,0,-0.13,0.00,-7.101,-6.498,-1.097,0,0
28794,0,-0.10,0.00,-7.101,-6.507,-1.073,0,0
28845,0,-0.07,1.04,-7.116,-6.493,-1.097,0,0
28897,0,-0.07,0.00,-7.096,-6.498,-1.073,0,0
28948,0,-0.04,0.56,-7.106,-6.479,-1.106,0,0
29000,0,-0.01,0.00,-7.120,-6.507,-1.130,0,0
29051,0,0.01,0.30,-7.101,-6.483,-1.082,0,0
29103,0,0.03,1.01,-7.077,-6.493,-1.073,0,0
29155,0,0.05,1.04,-7.106,-6.503,-1.087,0,0
29206,0,0.07,0.48,-7.092,-6.474,-1.082,0,0
29258,0,0.08,0.00,-7.106,-6.479,-1.087,0,0
29309,0,0.09,1.11,-7.111,-6.498,-1.101,0,0
29362,0,0.10,0.52,-7.125,-6.469,-1.068,0,0
29413,0,0.08,0.00,-7.111,-6.488,-1.063,0,0
29463,0,0.10,0.54,-7.116,-6.474,-1.087,0,0
29513,0,0.08,-0.91,-7.096,-6.498,-1.087,0,0
29565,0,0.10,0.00,-7.106,-6.493,-1.097,0,0
29615,0,0.06,-1.32,-7.101,-6.498,-1.058,0,0
29666,0,0.07,0.52,-7.120,-6.503,-1.087,0,0
29718,0,0.06,-0.56,-7.101,-6.479,-1.077,0,0
29770,0,0.01,0.00,-7.125,-6.493,-1.092,0,0
29821,0,0.01,0.00,-7.106,-6.493,-1.077,0,0
29873,0,0.01,0.00,-7.116,-6.483,-1.101,0,0
29924,0,-0.02,-1.02,-7.087,-6.493,-1.063,0,0
29976,0,-0.02,0.00,-7.116,-6.488,-1.053,0,0
30028,0,-0.06,-0.45,-7.120,-6.493,-1.101,0,0
30079,0,-0.07,-0.60,-7.111,-6.503,-1.111,0,0
30131,0,-0.06,0.00,-7.096,-6.479,-1.082,0,0
30182,0,-0.07,0.82,-7.106,-6.488,-1.092,0,0
30234,0,-0.08,-0.48,-7.106,-6.488,-1.082,0,0
30286,0,-0.11,-0.52,-7.111,-6.493,-1.058,0,0
30338,0,-0.09,0.93,-7.101,-6.503,-1.063,0,0
30388,0,-0.10,0.00,-7.087,-6.488,-1.092,0,0
30440,0,-0.13,-0.52,-7.111,-6.498,-1.092,0,0
30491,0,-0.11,0.88,-7.077,-6.483,-1.092,0,0
30541,0,-0.13,-1.01,-7.111,-6.503,-1.082,0,0
30593,0,-0.13,0.00,-7.096,-6.479,-1.111,0,0
30644,0,-0.11,-0.48,-7.120,-6.488,-1.092,0,0
30696,0,-0.11,0.00,-7.101,-6.498,-1.073,0,0
30747,0,-0.11,0.00,-7.116,-6.512,-1.120,0,0
30799,0,-0.14,-0.52,-7.120,-6.483,-1.082,0,0
30851,0,-0.14,0.00,-7.130,-6.493,-1.077,0,0
30902,0,-0.12,0.00,-7.116,-6.498,-1.082,0,0
30954,0,-0.12,0.00,-7.087,-6.488,-1.092,0,0
31005,0,-0.12,0.00,-7.101,-6.498,-1.077,0,0
31057,0,-0.13,0.00,-7.096,-6.498,-1.087,0,0
31108,0,-0.13,0.00,-7.101,-6.488,-1.073,0,0
31160,0,-0.14,0.00,-7.106,-6.531,-1.087,0,0
31212,0,-0.16,-0.56,-7.096,-6.493,-1.077,0,0
31262,0,-0.16,0.00,-7.120,-6.507,-1.097,0,0
31314,0,-0.14,0.00,-7.096,-6.498,-1.077,0,0
31364,0,-0.17,0.00,-7.111,-6.479,-1.063,0,0
31414,0,-0.17,0.00,-7.116,-6.498,-1.106,0,0
31465,0,-0.17,0.00,-7.116,-6.498,-1.097,0,0
31514,0,-0.17,0.00,-7.087,-6.479,-1.073,0,0
31566,0,-0.15,0.52,-7.096,-6.488,-1.063,0,0
31617,0,-0.14,0.00,-7.092,-6.479,-1.082,0,0
31669,0,-0.12,0.00,-7.120,-6.507,-1.077,0,0
31721,0,-0.12,0.00,-7.092,-6.503,-1.087,0,0
31772,0,-0.13,0.00,-7.120,-6.503,-1.092,0,0
31824,0,-0.12,0.52,-7.125,-6.488,-1.097,0,0
31875,0,-0.11,0.00,-7.096,-6.474,-1.068,0,0
31927,0,-0.11,0.00,-7.101,-6.488,-1.082,0,0
31979,0,-0.11,0.00,-7.116,-6.488,-1.106,0,0
32030,0,-0.11,0.00,-7.092,-6.474,-1.097,0,0
32082,0,-0.11,0.00,-7.101,-6.498,-1.068,0,0
32132,0,-0.11,0.00,-7.116,-6.493,-1.087,0,0
32184,0,-0.11,0.00,-7.087,-6.488,-1.092,0,0
32235,0,-0.09,0.52,-7.092,-6.493,-1.097,0,0
32287,0,-0.13,-1.34,-7.125,-6.483,-1.082,0,0
32336,0,-0.11,0.00,-7.101,-6.479,-1.082,0,0
32387,0,-0.10,0.50,-7.101,-6.483,-1.068,0,0
32437,0,-0.11,-0.52,-7.135,-6.488,-1.077,0,0
32493,0,-0.10,0.19,-7.111,-6.488,-1.092,0,0
32545,0,-0.10,0.00,-7.120,-6.498,-1.073,0,0
32595,0,-0.10,0.00,-7.087,-6.493,-1.077,0,0
32647,0,-0.10,0.00,-7.106,-6.498,-1.087,0,0
32698,0,-0.10,0.00,-7.125,-6.493,-1.087,0,0
32750,0,-0.10,0.00,-7.116,-6.503,-1.111,0,0
32801,0,-0.10,0.00,-7.111,-6.474,-1.073,0,0
32853,0,-0.11,-0.48,-7.116,-6.488,-1.068,0,0
32904,0,-0.11,0.00,-7.111,-6.479,-1.077,0,0
32956,0,-0.15,-1.34,-7.111,-6.512,-1.106,0,0
33008,0,-0.15,0.00,-7.101,-6.498,-1.092,0,0
33059,0,-0.14,0.52,-7.116,-6.474,-1.092,0,0
33111,0,-0.12,0.52,-7.125,-6.488,-1.082,0,0
33162,0,-0.13,-0.82,-7.106,-6.488,-1.111,0,0
33214,0,-0.11,1.01,-7.106,-6.498,-1.077,0,0
33265,0,-0.08,0.00,-7.101,-6.493,-1.077,0,0
33316,0,-0.10,-0.82,-7.116,-6.488,-1.092,0,0
33366,0,-0.08,1.13,-7.111,-6.479,-1.068,0,0
33417,0,-0.10,-0.80,-7.125,-6.503,-1.039,0,0
33467,0,-0.12,0.00,-7.120,-6.498,-1.063,0,0
33517,0,-0.11,-0.36,-7.111,-6.483,-1.068,0,0
33568,0,-0.11,-0.30,-7.111,-6.460,-1.087,0,0
33620,0,-0.10,0.00,-7.096,-6.498,-1.077,0,0
33671,0,-0.09,0.71,-7.106,-6.479,-1.077,0,0
33723,0,-0.09,0.15,-7.116,-6.507,-1.106,0,0
33775,0,-0.07,-0.30,-7.111,-6.493,-1.087,0,0
33826,0,-0.08,-0.34,-7.101,-6.483,-1.097,0,0
33878,0,-0.04,0.00,-7.096,-6.474,-1.082,0,0
33929,0,-0.05,-0.34,-7.101,-6.483,-1.097,0,0
33981,0,-0.04,0.22,-7.116,-6.488,-1.097,0,0
34032,0,-0.03,-0.30,-7.101,-6.479,-1.049,0,0
34084,0,-0.04,-0.34,-7.125,-6.483,-1.087,0,0
34136,0,-0.03,0.00,-7.111,-6.479,-1.077,0,0
34186,0,0.01,1.53,-7.120,-6.488,-1.097,0,0
34312,0,0.04,0.34,-7.125,-6.498,-1.106,0,0
34362,0,0.05,0.00,-7.116,-6.488,-1.087,0,0
34412,0,0.08,1.63,-7.101,-6.498,-1.068,0,0
34463,0,0.07,-0.34,-7.125,-6.483,-1.097,0,0
34512,0,0.08,0.00,-7.130,-6.488,-1.077,0,0
34563,0,0.07,-0.34,-7.116,-6.483,-1.082,0,0
34614,0,0.09,0.15,-7.096,-6.503,-1.101,0,0
34666,0,0.12,1.06,-7.092,-6.498,-1.097,0,0
34717,0,0.09,0.00,-7.111,-6.460,-1.082,0,0
34769,0,0.09,0.28,-7.106,-6.483,-1.073,0,0
34821,0,0.08,0.00,-7.111,-6.483,-1.077,0,0
34872,0,0.12,1.04,-7.101,-6.493,-1.092,0,0
34924,0,0.11,-0.34,-7.120,-6.488,-1.073,0,0
34975,0,0.11,0.00,-7.116,-6.488,-1.097,0,0
35027,0,0.14,0.17,-7.116,-6.493,-1.097,0,0
35079,0,0.15,0.00,-7.101,-6.488,-1.097,0,0
35130,0,0.17,-0.32,-7.101,-6.493,-1.092,0,0
35182,0,0.17,0.26,-7.101,-6.493,-1.101,0,0
35232,0,0.17,-0.32,-7.125,-6.483,-1.097,0,0
35281,0,0.19,0.00,-7.106,-6.493,-1.073,0,0
35333,0,0.18,0.48,-7.120,-6.493,-1.106,0,0
35383,0,0.18,-0.34,-7.116,-6.488,-1.101,0,0
35434,0,0.19,0.00,-7.106,-6.474,-1.073,0,0
35484,0,0.21,1.13,-7.101,-6.479,-1.087,0,0
35536,0,0.22,0.50,-7.135,-6.498,-1.087,0,0
35587,0,0.24,0.00,-7.116,-6.479,-1.082,0,0
35639,0,0.20,-1.30,-7.101,-6.479,-1.068,0,0
35688,0,0.21,0.00,-7.120,-6.498,-1.087,0,0
35740,0,0.24,0.50,-7.120,-6.464,-1.087,0,0
35791,0,0.23,-0.50,-7.135,-6.483,-1.097,0,0
35843,0,0.24,0.00,-7.111,-6.474,-1.087,0,0
35894,0,0.24,0.00,-7.087,-6.483,-1.106,0,0
35946,0,0.23,0.00,-7.116,-6.503,-1.092,0,0
35998,0,0.23,0.00,-7.106,-6.493,-1.082,0,0
36048,0,0.23,0.00,-7.116,-6.474,-1.073,0,0
36099,0,0.23,0.00,-7.130,-6.512,-1.077,0,0
36151,0,0.23,0.00,-7.116,-6.488,-1.082,0,0
36203,0,0.21,-0.52,-7.116,-6.503,-1.073,0,0
36254,0,0.20,-0.47,-7.106,-6.474,-1.077,0,0
36306,0,0.15,-1.32,-7.092,-6.479,-1.101,0,0
36357,0,0.15,0.00,-7.101,-6.488,-1.097,0,0
36408,0,0.15,0.54,-7.096,-6.498,-1.087,0,0
36458,0,0.15,0.00,-7.106,-6.488,-1.073,0,0
36508,0,0.15,0.00,-7.120,-6.493,-1.082,0,0
36559,0,0.15,0.00,-7.096,-6.507,-1.073,0,0
36610,0,0.15,0.00,-7.111,-6.488,-1.087,0,0
36661,0,0.11,-1.36,-7.116,-6.464,-1.077,0,0
36713,0,0.13,0.54,-7.106,-6.498,-1.087,0,0
36764,0,0.13,0.00,-7.101,-6.493,-1.068,0,0
36816,0,0.16,1.32,-7.106,-6.498,-1.106,0,0
36868,0,0.14,0.00,-7.116,-6.464,-1.106,0,0
36919,0,0.15,0.00,-7.106,-6.493,-1.092,0,0
36971,0,0.14,-0.52,-7.125,-6.479,-1.092,0,0
37022,0,0.13,0.00,-7.120,-6.469,-1.077,0,0
37074,0,0.13,0.00,-7.111,-6.493,-1.063,0,0
37125,0,0.09,0.00,-7.111,-6.488,-1.101,0,0
37177,0,0.06,-0.47,-7.096,-6.483,-1.106,0,0
37229,0,0.06,0.00,-7.111,-6.488,-1.097,0,0
37279,0,0.06,0.00,-7.111,-6.474,-1.092,0,0
37331,0,0.03,0.00,-7.096,-6.474,-1.097,0,0
37381,0,0.03,0.00,-7.116,-6.474,-1.087,0,0
37431,0,0.03,0.00,-7.125,-6.479,-1.073,0,0
37482,0,0.04,0.00,-7.101,-6.493,-1.120,0,0
37531,0,0.04,0.00,-7.116,-6.474,-1.106,0,0
37583,0,0.04,0.00,-7.120,-6.483,-1.097,0,0
37634,0,0.09,1.25,-7.120,-6.483,-1.120,0,0
37686,0,0.09,0.00,-7.120,-6.483,-1.106,0,0
37737,0,0.08,0.00,-7.111,-6.493,-1.077,0,0
37789,0,0.08,0.00,-7.116,-6.498,-1.097,0,0
37841,0,0.08,0.00,-7.101,-6.503,-1.101,0,0
37892,0,0.06,-0.50,-7.111,-6.464,-1.073,0,0
37944,0,0.10,1.30,-7.111,-6.479,-1.073,0,0
37995,0,0.09,-0.50,-7.111,-6.474,-1.073,0,0
38047,0,0.09,0.00,-7.106,-6.474,-1.068,0,0
38098,0,0.11,0.00,-7.116,-6.503,-1.087,0,0
38149,0,0.10,-0.48,-7.101,-6.483,-1.101,0,0
38200,0,0.13,0.00,-7.106,-6.483,-1.082,0,0
38252,0,0.12,0.00,-7.101,-6.479,-1.101,0,0
38304,0,0.12,0.00,-7.120,-6.479,-1.092,0,0
38353,0,0.10,0.00,-7.140,-6.464,-1.068,0,0
38407,0,0.13,0.33,-7.101,-6.488,-1.097,0,0
38457,0,0.16,1.43,-7.111,-6.479,-1.101,0,0
38507,0,0.15,-0.56,-7.106,-6.493,-1.063,0,0
38558,0,0.17,0.00,-7.125,-6.493,-1.092,0,0
38609,0,0.14,-1.04,-7.125,-6.464,-1.097,0,0
38660,0,0.12,-0.52,-7.135,-6.479,-1.087,0,0
38712,0,0.13,0.34,-7.135,-6.507,-1.077,0,0
38763,0,0.11,0.00,-7.135,-6.483,-1.092,0,0
38815,0,0.12,-0.52,-7.111,-6.479,-1.077,0,0
38864,0,0.15,0.00,-7.096,-6.474,-1.106,0,0
38916,0,0.14,-0.48,-7.116,-6.493,-1.077,0,0
38967,0,0.18,1.34,-7.101,-6.493,-1.087,0,0
39019,0,0.18,0.82,-7.120,-6.479,-1.101,0,0
39070,0,0.16,-1.01,-7.111,-6.460,-1.068,0,0
39122,0,0.14,0.00,-7.111,-6.469,-1.087,0,0
39174,0,0.10,-0.54,-7.101,-6.479,-1.087,0,0
39224,0,0.10,0.00,-7.096,-6.474,-1.120,0,0
39275,0,0.13,-0.52,-7.111,-6.493,-1.082,0,0
39327,0,0.13,0.00,-7.120,-6.488,-1.077,0,0
39378,0,0.13,0.56,-7.135,-6.479,-1.077,0,0
39428,0,0.11,-0.54,-7.125,-6.493,-1.077,0,0
39479,0,0.13,0.00,-7.116,-6.474,-1.106,0,0
39530,0,0.14,0.56,-7.116,-6.479,-1.082,0,0
39582,0,0.15,0.48,-7.120,-6.474,-1.116,0,0
39634,0,0.15,0.00,-7.130,-6.479,-1.097,0,0
39685,0,0.15,0.00,-7.101,-6.464,-1.082,0,0
39737,0,0.15,0.00,-7.116,-6.507,-1.077,0,0
39788,0,0.13,0.00,-7.101,-6.507,-1.130,0,0
39840,0,0.14,0.50,-7.101,-6.483,-1.058,0,0
39891,0,0.17,0.52,-7.106,-6.474,-1.082,0,0
39943,0,0.15,-0.86,-7.111,-6.483,-1.068,0,0
39995,0,0.15,0.00,-7.116,-6.483,-1.082,0,0
40046,0,0.16,0.00,-7.096,-6.503,-1.092,0,0
40102,0,0.18,0.24,-7.125,-6.483,-1.097,0,0
40153,0,0.14,-1.34,-7.116,-6.469,-1.073,0,0
40204,0,0.16,0.00,-7.101,-6.474,-1.082,0,0
40256,0,1.58,24.81,-7.144,-6.464,-1.073,0,0
40307,0,2.21,0.00,-7.092,-6.493,-1.092,0,0
40358,0,3.26,21.00,-7.120,-6.474,-1.077,0,0
40408,0,3.78,20.94,-7.120,-6.474,-1.087,0,0
40460,0,4.90,16.41,-7.111,-6.479,-1.097,0,0
40513,0,4.61,-10.64,-7.111,-6.493,-1.068,0,0
40563,0,4.30,-11.50,-7.116,-6.474,-1.101,0,0
40614,0,4.02,0.00,-7.116,-6.493,-1.082,0,0
40666,0,3.50,-9.41,-7.116,-6.469,-1.077,0,0
40718,0,3.26,-8.76,-7.101,-6.474,-1.097,0,0
40769,0,2.86,-7.41,-7.130,-6.479,-1.097,0,0
40821,0,2.69,-6.22,-7.125,-6.503,-1.087,0,0
40872,0,2.51,0.00,-7.125,-6.483,-1.053,0,0
40924,0,2.20,-4.79,-7.106,-6.488,-1.087,0,0
40975,0,2.03,-6.18,-7.096,-6.488,-1.073,0,0
41027,0,1.77,-4.88,-7.125,-6.479,-1.087,0,0
41079,0,1.67,-3.91,-7.111,-6.479,-1.058,0,0
41130,0,1.59,0.00,-7.111,-6.483,-1.068,0,0
41182,0,1.34,-3.41,-7.096,-6.483,-1.097,0,0
41233,0,1.28,0.00,-7.111,-6.503,-1.106,0,0
41284,0,1.17,-4.04,-7.106,-6.474,-1.082,0,0
41333,0,1.10,0.00,-7.106,-6.488,-1.087,0,0
41384,0,0.93,-2.92,-7.111,-6.503,-1.092,0,0
41434,0,0.86,-2.90,-7.125,-6.464,-1.101,0,0
41484,0,0.80,0.00,-7.101,-6.469,-1.068,0,0
41536,0,0.68,-2.35,-7.125,-6.464,-1.077,0,0
41588,0,0.65,-1.45,-7.125,-6.479,-1.073,0,0
41639,0,0.50,-2.59,-7.120,-6.488,-1.097,0,0
41691,0,0.48,-0.84,-7.120,-6.493,-1.068,0,0
41742,0,0.45,0.00,-7.120,-6.483,-1.073,0,0
41794,0,0.40,-0.82,-7.116,-6.469,-1.053,0,0
41846,0,0.36,-1.34,-7.125,-6.479,-1.092,0,0
41897,0,0.29,-1.43,-7.106,-6.498,-1.073,0,0
41949,0,0.27,-0.73,-7.130,-6.479,-1.082,0,0
42000,0,0.20,0.00,-7.116,-6.469,-1.087,0,0
42052,0,0.19,-0.86,-7.120,-6.479,-1.073,0,0
42103,0,0.17,0.00,-7.116,-6.483,-1.082,0,0
42154,0,0.18,0.47,-7.111,-6.479,-1.092,0,0
42205,0,0.16,0.00,-7.120,-6.469,-1.077,0,0
42257,0,0.09,-1.36,-7.116,-6.474,-1.082,0,0
42309,0,0.05,-1.32,-7.111,-6.483,-1.058,0,0
42359,0,0.04,-0.82,-7.101,-6.469,-1.077,0,0
42409,0,0.01,-1.47,-7.135,-6.483,-1.092,0,0
42460,0,0.02,0.00,-7.092,-6.483,-1.106,0,0
42515,0,-0.02,-0.51,-7.106,-6.503,-1.087,0,0
42566,0,-0.00,0.00,-7.111,-6.493,-1.111,0,0
42617,0,-0.04,-1.34,-7.120,-6.469,-1.097,0,0
42668,0,-0.06,-1.34,-7.116,-6.493,-1.101,0,0
42720,0,-0.08,-0.82,-7.120,-6.483,-1.097,0,0
42771,0,-0.08,0.00,-7.111,-6.464,-1.092,0,0
42823,0,-0.06,0.48,-7.106,-6.488,-1.087,0,0
42872,0,-0.09,0.00,-7.116,-6.488,-1.092,0,0
42924,0,-0.10,-0.48,-7.111,-6.483,-1.082,0,0
42975,0,-0.13,-0.86,-7.120,-6.469,-1.068,0,0
43027,0,-0.14,0.00,-7.106,-6.460,-1.087,0,0
43078,0,-0.16,-0.86,-7.120,-6.498,-1.092,0,0
43130,0,-0.15,0.00,-7.120,-6.483,-1.082,0,0
43182,0,-0.17,0.45,-7.096,-6.483,-1.092,0,0
43232,0,-0.17,0.00,-7.120,-6.498,-1.082,0,0
43283,0,-0.19,0.52,-7.120,-6.483,-1.106,0,0
43336,0,-0.22,0.00,-7.111,-6.479,-1.077,0,0
43386,0,-0.24,-0.93,-7.101,-6.503,-1.087,0,0
45999,0,0.09,0.13,-7.101,-6.464,-1.068,0,0
46051,0,0.09,0.00,-7.111,-6.474,-1.106,0,0
46103,0,0.11,0.50,-7.120,-6.483,-1.092,0,0
46154,0,0.11,0.00,-7.111,-6.483,-1.073,0,0
46206,0,0.14,0.84,-7.106,-6.483,-1.097,0,0
46258,0,0.12,-0.84,-7.125,-6.464,-1.073,0,0
46308,0,0.17,1.86,-7.111,-6.479,-1.082,0,0
46358,0,0.16,0.00,-7.106,-6.469,-1.087,0,0
46408,0,0.17,0.00,-7.106,-6.488,-1.063,0,0
46459,0,0.17,0.00,-7.111,-6.503,-1.073,0,0
46509,0,0.17,0.00,-7.101,-6.479,-1.125,0,0
46560,0,0.18,0.00,-7.125,-6.488,-1.101,0,0
46612,0,0.20,0.54,-7.106,-6.488,-1.101,0,0
46664,0,0.20,0.00,-7.111,-6.488,-1.092,0,0
46715,0,0.20,0.00,-7.125,-6.488,-1.058,0,0
46767,0,0.21,0.00,-7.120,-6.483,-1.073,0,0
46818,0,0.19,-1.36,-7.130,-6.493,-1.092,0,0
46870,0,0.17,-0.50,-7.106,-6.483,-1.082,0,0
46921,0,0.20,0.54,-7.111,-6.479,-1.092,0,0
46973,0,0.22,0.48,-7.106,-6.483,-1.106,0,0
47025,0,0.23,0.00,-7.125,-6.479,-1.120,0,0
47076,0,0.17,-0.50,-7.101,-6.488,-1.092,0,0
47128,0,0.18,0.00,-7.101,-6.493,-1.063,0,0
47178,0,0.18,0.00,-7.130,-6.493,-1.063,0,0
47230,0,0.18,0.00,-7.096,-6.479,-1.082,0,0
47281,0,0.22,0.48,-7.106,-6.488,-1.068,0,0
47333,0,0.22,0.00,-7.101,-6.488,-1.097,0,0
47384,0,0.22,0.00,-7.111,-6.483,-1.101,0,0
47434,0,0.22,0.00,-7.096,-6.479,-1.068,0,0
47484,0,0.25,1.43,-7.101,-6.493,-1.106,0,0
47536,0,0.24,0.00,-7.111,-6.483,-1.097,0,0
47588,0,0.25,0.00,-7.106,-6.493,-1.082,0,0
47640,0,0.29,0.00,-7.101,-6.493,-1.097,0,0
47691,0,0.26,-1.02,-7.116,-6.488,-1.106,0,0
47743,0,0.26,0.00,-7.140,-6.483,-1.073,0,0
47794,0,0.26,-0.54,-7.111,-6.488,-1.087,0,0
47846,0,0.24,-0.48,-7.116,-6.483,-1.111,0,0
47898,0,0.23,0.00,-7.101,-6.483,-1.077,0,0
47949,0,0.24,0.00,-7.125,-6.483,-1.092,0,0
48001,0,0.24,0.00,-7.125,-6.498,-1.082,0,0
48052,0,0.24,-0.48,-7.111,-6.479,-1.077,0,0
48103,0,0.24,0.00,-7.101,-6.483,-1.101,0,0
48153,0,0.26,0.48,-7.125,-6.483,-1.092,0,0
48204,0,0.27,0.54,-7.116,-6.493,-1.077,0,0
48256,0,0.26,0.00,-7.096,-6.479,-1.092,0,0
48308,0,0.26,0.00,-7.120,-6.483,-1.097,0,0
48358,0,0.26,0.00,-7.120,-6.493,-1.097,0,0
48408,0,0.26,0.00,-7.130,-6.483,-1.120,0,0
48459,0,0.27,0.58,-7.125,-6.479,-1.082,0,0
48509,0,0.23,0.00,-7.116,-6.483,-1.097,0,0
48560,0,0.25,0.48,-7.101,-6.479,-1.063,0,0
48612,0,0.25,0.00,-7.101,-6.483,-1.073,0,0
48664,0,0.24,0.48,-7.135,-6.483,-1.101,0,0
48715,0,0.27,1.02,-7.111,-6.479,-1.077,0,0
48767,0,0.24,0.00,-7.101,-6.474,-1.073,0,0
48818,0,0.25,-0.84,-7.101,-6.483,-1.092,0,0
48870,0,0.28,1.04,-7.120,-6.464,-1.125,0,0
48921,0,0.28,0.52,-7.106,-6.474,-1.082,0,0
48973,0,0.26,-0.91,-7.125,-6.493,-1.082,0,0
49025,0,0.26,0.00,-7.120,-6.488,-1.092,0,0
49075,0,0.24,-0.84,-7.125,-6.460,-1.077,0,0
49126,0,0.23,0.52,-7.140,-6.493,-1.106,0,0
49178,0,0.24,0.54,-7.101,-6.450,-1.087,0,0
49230,0,0.24,0.00,-7.125,-6.493,-1.082,0,0
49281,0,0.21,0.00,-7.096,-6.479,-1.077,0,0
49333,0,0.22,0.00,-7.125,-6.464,-1.092,0,0
49384,0,0.21,0.54,-7.125,-6.483,-1.125,0,0
49434,0,0.21,0.00,-7.111,-6.469,-1.106,0,0
49484,0,0.23,0.00,-7.111,-6.469,-1.116,0,0
49536,0,0.20,0.56,-7.111,-6.483,-1.082,0,0
49588,0,0.20,0.00,-7.120,-6.474,-1.111,0,0
49637,0,0.20,0.00,-7.135,-6.488,-1.087,0,0
49689,0,0.22,0.50,-7.130,-6.474,-1.073,0,0
49740,0,0.20,-0.50,-7.106,-6.469,-1.101,0,0
49792,0,0.24,1.32,-7.101,-6.474,-1.120,0,0
49843,0,0.23,-0.48,-7.116,-6.483,-1.125,0,0
49895,0,0.21,0.00,-7.106,-6.488,-1.082,0,0
49947,0,0.18,0.00,-7.111,-6.483,-1.116,0,0
49997,0,0.17,-0.50,-7.130,-6.479,-1.053,0,0
50048,0,0.16,-0.50,-7.130,-6.479,-1.077,0,0
50100,0,0.16,0.00,-7.111,-6.479,-1.087,0,0
50150,0,0.18,0.32,-7.120,-6.488,-1.087,0,0
50202,0,0.14,0.50,-7.111,-6.479,-1.073,0,0
50254,0,0.14,0.00,-7.130,-6.498,-1.087,0,0
50304,0,0.14,0.00,-7.125,-6.460,-1.077,0,0
50354,0,0.14,0.00,-7.096,-6.464,-1.092,0,0
50404,0,0.12,0.00,-7.106,-6.483,-1.073,0,0
50454,0,0.13,0.50,-7.116,-6.469,-1.073,0,0
50505,0,0.15,0.58,-7.116,-6.488,-1.077,0,0
50554,0,0.13,0.00,-7.096,-6.474,-1.058,0,0
50606,0,0.08,-0.34,-7.087,-6.483,-1.073,0,0
50657,0,0.06,-0.82,-7.116,-6.479,-1.116,0,0
50709,0,0.08,1.09,-7.130,-6.483,-1.077,0,0
50760,0,0.07,-0.24,-7.106,-6.493,-1.097,0,0
50812,0,0.06,0.00,-7.120,-6.464,-1.087,0,0
50864,0,0.03,-0.34,-7.116,-6.503,-1.087,0,0
50915,0,0.02,0.00,-7.096,-6.493,-1.073,0,0
50967,0,0.00,-0.34,-7.116,-6.483,-1.087,0,0
51018,0,-0.01,-0.34,-7.101,-6.493,-1.073,0,0
51070,0,-0.01,0.00,-7.120,-6.488,-1.068,0,0
51122,0,0.02,0.26,-7.125,-6.474,-1.092,0,0
51172,0,-0.00,-0.84,-7.116,-6.469,-1.073,0,0
51223,0,0.00,0.19,-7.125,-6.474,-1.092,0,0
51275,0,-0.01,0.00,-7.101,-6.474,-1.087,0,0
51327,0,0.00,-0.82,-7.096,-6.474,-1.077,0,0
51377,0,-0.01,0.00,-7.125,-6.483,-1.058,0,0
51427,0,0.01,-0.33,-7.125,-6.488,-1.082,0,0
51478,0,0.00,-0.34,-7.116,-6.479,-1.101,0,0
51528,0,0.03,0.00,-7.106,-6.488,-1.053,0,0
51579,0,0.04,0.54,-7.120,-6.488,-1.073,0,0
51629,0,0.01,-0.86,-7.125,-6.498,-1.073,0,0
51679,0,-0.01,0.00,-7.111,-6.483,-1.097,0,0
51730,0,-0.03,-0.82,-7.092,-6.483,-1.092,0,0
51782,0,-0.05,-0.86,-7.125,-6.488,-1.111,0,0
51834,0,-0.05,0.48,-7.116,-6.488,-1.087,0,0
51885,0,-0.06,-0.30,-7.106,-6.503,-1.053,0,0
51937,0,-0.03,0.00,-7.130,-6.488,-1.101,0,0
51988,0,-0.03,1.01,-7.111,-6.479,-1.125,0,0
52040,0,-0.03,-0.36,-7.116,-6.503,-1.077,0,0
52092,0,-0.03,0.52,-7.111,-6.493,-1.106,0,0
52142,0,-0.03,0.00,-7.120,-6.493,-1.092,0,0
52194,0,-0.09,-0.79,-7.106,-6.474,-1.087,0,0
52245,0,-0.07,0.34,-7.130,-6.483,-1.101,0,0
52297,0,-0.09,0.48,-7.106,-6.493,-1.106,0,0
52346,0,0.66,0.00,-7.120,-6.474,-1.106,0,0
52397,0,1.94,26.27,-7.101,-6.493,-1.101,0,0
52447,0,2.50,22.19,-7.120,-6.488,-1.082,0,0
52497,0,3.08,0.00,-7.125,-6.493,-1.087,0,0
52548,0,4.14,21.85,-7.111,-6.488,-1.116,0,0
52598,0,4.59,18.25,-7.111,-6.483,-1.087,0,0
52648,0,4.31,0.00,-7.120,-6.469,-1.087,0,0
52700,0,3.81,-9.65,-7.116,-6.493,-1.101,0,0
52752,0,3.57,-9.48,-7.116,-6.488,-1.092,0,0
52804,0,3.35,0.00,-7.116,-6.483,-1.073,0,0
52854,0,3.12,-8.31,-7.096,-6.493,-1.077,0,0
52905,0,2.74,-5.57,-7.116,-6.507,-1.111,0,0
52957,0,2.56,-7.50,-7.120,-6.464,-1.073,0,0
53009,0,2.42,0.00,-7.125,-6.469,-1.063,0,0
53060,0,2.12,-5.66,-7.116,-6.479,-1.087,0,0
53112,0,2.00,-4.60,-7.135,-6.479,-1.077,0,0
53163,0,1.78,-3.74,-7.092,-6.479,-1.087,0,0
53215,0,1.70,-3.04,-7.116,-6.483,-1.063,0,0
53267,0,1.59,0.00,-7.120,-6.479,-1.058,0,0
53318,0,1.42,-3.26,-7.106,-6.493,-1.044,0,0
53368,0,1.31,0.00,-7.125,-6.474,-1.073,0,0
53419,0,1.17,-2.30,-7.130,-6.483,-1.097,0,0
53469,0,1.09,-3.10,-7.125,-6.469,-1.077,0,0
53519,0,1.04,-2.90,-7.111,-6.474,-1.116,0,0
53570,0,0.99,1.09,-7.116,-6.483,-1.097,0,0
53620,0,0.84,-3.26,-7.116,-6.469,-1.120,0,0
53671,0,0.79,0.00,-7.120,-6.469,-1.053,0,0
53723,0,0.74,-0.32,-7.092,-6.479,-1.097,0,0
53775,0,0.71,-1.06,-7.111,-6.474,-1.063,0,0
53825,0,0.67,-1.68,-7.116,-6.483,-1.101,0,0
53876,0,0.64,-1.38,-7.111,-6.479,-1.097,0,0
53928,0,0.56,-1.73,-7.116,-6.493,-1.097,0,0
53977,0,0.55,-0.30,-7.125,-6.483,-1.073,0,0
54029,0,0.54,0.00,-7.106,-6.469,-1.092,0,0
54080,0,0.50,-0.30,-7.125,-6.479,-1.068,0,0
54132,0,0.46,0.00,-7.087,-6.464,-1.063,0,0
54183,0,0.43,-0.71,-7.120,-6.503,-1.092,0,0
54236,0,0.42,-0.16,-7.111,-6.479,-1.077,0,0
54288,0,0.36,-0.36,-7.130,-6.469,-1.077,0,0
54338,0,0.36,-0.34,-7.125,-6.474,-1.106,0,0
54388,0,0.35,0.00,-7.116,-6.483,-1.077,0,0
54438,0,0.33,-0.36,-7.120,-6.483,-1.082,0,0
54489,0,0.31,-0.80,-7.111,-6.474,-1.087,0,0
54539,0,0.32,0.00,-7.106,-6.488,-1.101,0,0
54589,0,0.28,-0.85,-7.120,-6.493,-1.101,0,0
54641,0,0.26,-0.91,-7.116,-6.469,-1.063,0,0
54692,0,0.23,-0.84,-7.096,-6.493,-1.068,0,0
54743,0,0.21,-0.84,-7.096,-6.483,-1.087,0,0
54795,0,0.18,-0.82,-7.135,-6.503,-1.092,0,0
54846,0,0.16,-0.71,-7.130,-6.469,-1.077,0,0
54898,0,0.19,0.00,-7.092,-6.488,-1.077,0,0
54950,0,0.16,-0.32,-7.116,-6.474,-1.092,0,0
55001,0,0.17,0.00,-7.111,-6.479,-1.073,0,0
55053,0,0.14,-0.36,-7.106,-6.503,-1.077,0,0
55104,0,0.13,-0.32,-7.116,-6.498,-1.073,0,0
55156,0,0.13,0.00,-7.116,-6.479,-1.097,0,0
55207,0,0.15,1.55,-7.111,-6.483,-1.087,0,0
55259,0,0.14,0.00,-7.096,-6.483,-1.082,0,0
55311,0,0.16,-0.30,-7.111,-6.474,-1.101,0,0
55361,0,0.14,-0.80,-7.106,-6.488,-1.101,0,0
55411,0,0.16,0.00,-7.106,-6.503,-1.049,0,0
55461,0,0.17,0.52,-7.087,-6.493,-1.092,0,0
55512,0,0.16,-0.34,-7.087,-6.498,-1.077,0,0
55562,0,0.14,0.00,-7.101,-6.488,-1.082,0,0
55612,0,0.13,0.52,-7.130,-6.483,-1.077,0,0
55663,0,0.13,0.00,-7.101,-6.488,-1.082,0,0
55714,0,0.11,0.00,-7.120,-6.503,-1.087,0,0
55766,0,0.07,0.00,-7.096,-6.512,-1.068,0,0
55817,0,0.09,0.58,-7.092,-6.493,-1.068,0,0
55869,0,0.09,0.00,-7.092,-6.503,-1.101,0,0
55921,0,0.10,0.00,-7.096,-6.488,-1.063,0,0
55972,0,0.06,0.00,-7.101,-6.498,-1.092,0,0
56064,0,0.08,0.18,-7.101,-6.522,-1.058,0,0
56116,0,0.06,-0.52,-7.077,-6.517,-1.082,0,0
56167,0,0.05,0.00,-7.092,-6.488,-1.082,0,0
56218,0,0.07,0.82,-7.072,-6.517,-1.068,0,0
56269,0,0.06,0.00,-7.087,-6.507,-1.073,0,0
56321,0,0.04,-0.50,-7.106,-6.512,-1.097,0,0
56371,0,0.05,0.00,-7.101,-6.507,-1.092,0,0
56422,0,0.03,0.32,-7.106,-6.507,-1.082,0,0
56472,0,0.02,-0.52,-7.092,-6.507,-1.058,0,0
56523,0,0.03,0.00,-7.092,-6.498,-1.058,0,0
56573,0,0.01,0.36,-7.087,-6.507,-1.082,0,0
56625,0,-0.03,-1.55,-7.072,-6.503,-1.073,0,0
56676,0,-0.02,0.00,-7.096,-6.522,-1.087,0,0
56728,0,-0.04,-0.48,-7.087,-6.507,-1.092,0,0
56779,0,-0.03,0.00,-7.101,-6.517,-1.092,0,0
56831,0,-0.05,-1.01,-7.197,-6.522,-1.111,0,0
56882,0,-0.04,0.34,-7.202,-6.570,-1.106,0,0
56934,0,-0.01,0.86,-7.250,-7.460,-1.120,0,0
56986,0,-0.01,0.00,-8.906,-9.735,-1.642,0,0
57417,1,0.23,0.64,-4.405,-7.796,2.169,0,0
57467,1,1.02,27.86,-2.772,-7.427,4.022,0,0
57518,1,2.43,56.20,-1.757,-5.195,3.816,0,0
57568,1,3.68,0.00,0.010,-0.177,0.508,0,0
57618,1,5.93,43.83,0.297,0.153,0.225,0,0
57670,1,6.99,39.32,-0.522,-1.202,0.934,0,0
57722,1,7.89,0.00,-4.664,-7.049,3.242,0,0
57772,1,8.72,30.53,-9.419,-14.241,3.883,0,0
57822,1,9.02,-16.97,-9.500,-16.252,2.629,0,0
57874,1,8.56,-16.98,-5.626,-10.961,2.562,0,0
57923,1,9.43,0.00,-2.571,-5.023,2.164,0,0
57975,1,10.97,27.18,-1.700,-3.333,2.069,0,0
58026,1,11.70,0.00,-1.618,-3.065,2.126,0,0
58078,1,13.01,23.85,-1.767,-3.376,2.155,0,0
58129,1,13.54,19.88,-6.225,-10.693,4.535,0,0
58181,1,14.05,0.00,-10.467,-19.235,4.482,0,0
58233,1,12.59,-26.24,-11.028,-19.460,3.840,0,0
59046,2,5.44,-8.26,-2.878,-5.320,1.872,0,0
59097,2,5.14,-5.59,-9.155,-12.186,3.591,0,0
59147,2,5.14,0.00,-14.763,-19.652,5.329,0,0
59198,2,7.12,36.11,-10.127,-19.934,6.972,0,0
59253,2,9.13,26.90,-4.013,-10.467,5.669,0,0
59305,2,10.12,0.00,-1.585,-3.730,2.533,0,0
59355,2,11.24,20.48,-1.283,-2.375,1.709,0,0
59406,2,11.60,13.67,-2.476,-3.567,2.375,0,0
59456,2,11.97,0.00,-3.136,-4.468,2.260,0,0
59507,2,11.06,-17.68,-1.106,-1.867,0.656,0,0
59557,2,10.62,-17.64,-0.656,-1.384,0.230,0,0
59609,2,10.20,0.00,-5.373,-9.486,-0.029,0,0
59659,2,9.85,-12.84,-12.919,-20.360,2.758,0,0
59711,2,9.47,0.00,-11.056,-16.721,9.658,0,0
59762,2,8.89,-10.38,-2.533,-5.478,5.229,0,0
59818,2,8.63,-9.64,0.172,-0.244,0.479,0,0
59870,2,8.13,-8.78,0.206,-0.412,0.546,0,0
59921,2,9.17,38.73,0.283,-3.955,3.156,0,0
59973,2,10.24,0.00,-1.322,-8.471,4.525,0,0
60025,2,12.13,33.50,-6.460,-8.873,3.103,0,0
60076,2,12.94,29.94,-14.212,-12.378,3.845,0,0
60128,2,14.60,33.80,-12.910,-14.255,2.950,0,0
60179,2,15.31,26.50,-4.329,-11.463,2.950,0,0
60231,2,14.67,0.00,-0.747,-6.867,3.783,0,0
60714,2,9.39,-10.06,-4.041,-6.211,10.314,0,0
60766,2,8.96,-8.09,0.479,-0.972,2.337,0,0
60816,2,9.00,1.51,0.517,-0.158,0.670,0,0
60867,2,11.24,42.86,2.806,-1.925,2.533,0,0
60919,2,12.40,0.00,1.791,-2.705,1.202,0,0
60971,2,14.44,37.35,-0.690,-3.199,0.364,0,0
61022,2,15.42,36.12,-15.074,-16.142,4.779,0,0
61074,2,16.31,0.00,-14.834,-9.136,6.886,0,0
61126,2,17.68,22.57,-11.147,-12.081,7.547,0,0
61177,2,16.94,0.00,-1.149,-9.103,4.238,0,0
61229,2,15.66,-23.18,1.317,-4.894,2.399,0,0
61280,2,15.07,-21.90,0.570,-6.632,3.309,0,0
61333,2,14.03,-20.87,-5.794,-10.396,5.741,0,0
61383,2,13.58,-17.90,-8.231,-5.938,4.951,0,0
61434,2,13.15,0.00,-0.153,-0.196,0.172,0,0
61491,2,12.37,-9.77,0.187,-0.081,-0.043,0,0
61542,2,12.00,0.00,-6.675,-2.088,1.470,0,0
61594,2,14.06,37.59,-21.677,-14.064,1.470,0,0
61644,2,14.06,0.00,-3.701,-16.707,2.887,0,0
61696,2,16.02,37.26,1.437,-2.969,3.218,0,0
61747,2,16.79,28.74,0.220,0.072,2.112,0,0
61799,2,17.99,22.11,-3.869,0.029,9.404,0,0
61850,2,18.55,22.43,-1.642,-3.792,4.870,0,0
61902,2,18.15,0.00,-0.134,-9.979,2.883,0,0
61954,2,16.82,-23.47,-1.695,-7.796,-1.753,0,0
62005,2,16.23,-24.44,-11.708,-13.101,-2.260,0,0
62057,2,15.14,-19.90,-18.306,-10.487,4.693,0,0
62109,2,14.65,-18.22,-6.766,-6.201,5.756,0,0
62160,2,14.20,0.00,0.417,-6.129,7.843,0,0
62212,2,13.35,-14.90,3.132,-5.152,6.325,0,0
62264,2,13.00,-10.41,0.685,-2.164,1.279,0,0
62315,2,12.65,-12.83,-0.891,-3.117,0.388,0,0
62366,2,14.50,36.49,-5.746,-6.843,0.565,0,0
62416,2,15.39,34.18,-5.344,-3.596,0.498,0,0
62467,2,16.23,33.14,-1.484,-0.713,0.287,0,0
62517,2,17.06,0.56,-21.826,-8.614,2.097,0,0
62568,2,18.40,26.09,-12.301,-13.762,1.379,0,0
62619,2,18.94,21.72,1.700,-7.748,7.259,0,0
62671,2,17.62,-24.10,0.431,-1.240,4.324,0,0
62723,2,17.02,-24.03,-4.099,-1.834,7.221,0,0
62776,2,15.94,-15.20,-1.733,-2.801,2.495,0,0
62828,2,15.48,-16.86,-1.413,-12.100,4.128,0,0
62878,2,15.03,-16.90,-1.714,-9.232,0.939,0,0
62930,2,14.61,0.00,-1.044,-1.408,-0.057,0,0
62991,2,13.54,-11.17,-10.841,-7.920,0.555,0,0
63042,2,13.54,0.00,-17.516,-12.522,2.236,0,0
63093,2,14.61,52.14,-5.578,-8.217,3.280,0,0
63145,2,15.62,37.36,-1.183,-12.081,12.483,0,0
63197,2,16.29,0.00,-0.862,-4.017,4.583,0,0
63248,2,17.30,16.92,-3.812,-6.139,4.410,0,0
63300,2,17.84,0.00,-9.845,-12.503,3.663,0,0
63350,2,19.07,24.62,-5.301,-7.072,0.201,0,0
63400,2,18.45,-24.56,-3.529,-4.808,-0.168,0,0
63451,2,17.86,0.00,-3.792,-4.841,0.182,0,0
63501,2,16.81,-20.23,-2.720,-3.390,0.972,0,0
63552,2,16.33,-18.58,-4.152,-5.684,4.252,0,0
63601,2,15.88,0.00,-6.938,-11.061,10.381,0,0
63653,2,15.04,-15.24,-2.624,-6.292,4.204,0,0
63704,2,14.67,-13.45,-3.486,-9.917,3.524,0,0
63756,2,14.33,-7.26,-3.634,-7.551,1.188,0,0
63808,2,14.12,4.61,-6.618,-8.514,1.494,0,0
63860,2,15.27,41.38,-4.745,-4.487,1.561,0,0
63911,2,17.09,33.24,-5.004,-4.252,2.289,0,0
63963,2,17.91,30.02,-3.869,-3.917,2.538,0,0
64014,2,18.82,0.00,-3.256,-5.195,3.558,0,0
64066,2,20.54,30.97,-1.753,-5.526,3.864,0,0
64118,2,21.14,19.95,-1.250,-5.727,3.855,0,0
64168,2,20.44,-26.20,-1.978,-5.411,3.098,0,0
64220,2,19.75,0.00,-4.199,-6.383,2.840,0,0
64271,2,18.55,-20.78,-11.574,-3.333,5.353,0,0
64323,2,18.01,-20.17,-4.051,-3.778,0.742,0,0
64373,2,17.50,0.00,-4.310,-6.948,5.076,0,0
64424,2,16.55,-18.43,-2.892,-3.759,4.310,0,0
64493,2,15.72,-11.11,-2.533,-7.824,6.718,0,0
64544,2,15.34,0.00,-2.514,-10.051,6.531,0,0
64594,2,16.08,27.27,-1.949,-7.681,1.551,0,0
64646,2,17.46,26.33,-2.811,-7.666,4.937,0,0
64697,2,18.14,25.30,-3.974,-6.268,3.745,0,0
64749,2,18.89,0.00,-3.936,-9.122,2.136,0,0
64800,2,20.40,31.56,-6.388,-7.369,3.165,0,0
64857,2,22.21,24.46,-4.779,-7.365,3.931,0,0
64909,2,21.42,-31.93,-5.756,-6.780,3.764,0,0
64961,2,20.69,0.00,-6.981,-6.627,3.543,0,0
65011,2,19.96,-26.85,-6.551,-6.412,3.639,0,0
65063,2,18.69,-22.44,-5.535,-7.005,3.840,0,0
65114,2,18.12,-21.10,-5.847,-6.670,3.970,0,0
65166,2,17.61,0.00,-6.622,-6.096,3.979,0,0
65217,2,16.65,-17.07,-5.746,-6.862,4.080,0,0
65271,2,15.79,-15.00,-6.048,-6.421,4.171,0,0
65321,2,15.79,0.00,-6.029,-6.565,4.108,0,0
65371,2,18.39,50.53,-6.211,-6.388,4.156,0,0
65422,2,19.61,48.86,-6.158,-6.397,4.147,0,0
65472,2,20.77,0.00,-6.148,-6.431,4.161,0,0
65523,2,22.83,39.71,-6.124,-6.426,4.166,0,0
65573,2,23.79,38.56,-6.081,-6.383,4.266,0,0
65624,2,24.68,0.00,-6.115,-6.373,4.257,0,0
65676,2,23.57,-37.84,-6.029,-6.455,4.319,0,0
65728,2,22.72,-31.75,-6.048,-6.445,4.266,0,0
65779,2,21.12,-28.83,-6.120,-6.364,4.262,0,0
65831,2,20.40,-28.80,-5.947,-6.464,4.310,0,0
65882,2,19.73,0.00,-6.019,-6.163,4.511,0,0
65934,2,18.45,-22.09,-6.009,-6.225,4.482,0,0
65995,2,17.35,-12.47,-6.139,-6.215,4.353,0,0
66046,2,17.35,0.00,-5.861,-6.503,4.041,0,0
66097,2,18.09,46.36,-6.541,-6.498,4.453,0,0
66149,2,19.17,0.00,-6.627,-5.622,4.223,0,0
66201,2,21.19,36.26,-5.377,-6.258,4.228,0,0
66252,2,22.15,35.44,-4.080,-5.775,2.184,0,0
66304,2,23.13,0.00,-6.115,-8.705,2.763,0,0
66354,2,24.65,25.32,-4.851,-8.375,2.595,0,0
66404,2,23.70,-38.93,-4.190,-8.294,2.844,0,0
66455,2,22.84,1.67,-4.286,-7.867,3.352,0,0
66505,2,21.20,-32.45,-4.420,-7.230,3.448,0,0
66558,2,20.46,0.00,-3.926,-6.388,2.878,0,0
66609,2,19.15,-23.45,-3.768,-6.689,2.327,0,0
66661,2,18.54,-24.40,-7.776,-12.991,4.041,0,0
66712,2,17.97,0.00,-5.420,-9.716,-0.972,0,0
66764,2,16.91,-25.08,-6.996,-8.059,-0.522,0,0
66816,2,16.40,-18.88,-3.098,-3.706,-0.709,0,0
66868,2,17.42,0.00,-9.290,-9.294,-1.858,0,0
66921,2,19.83,36.53,-5.004,-5.459,-0.546,0,0
66973,2,21.41,-0.52,-8.121,-10.640,2.030,0,0
67023,2,21.92,18.72,-2.399,-4.583,2.260,0,0
67074,2,22.66,14.56,-1.499,-5.794,5.119,0,0
67126,2,22.90,9.57,-0.421,-3.625,3.280,0,0
67178,2,22.05,0.00,-1.336,-4.966,3.328,0,0
67229,2,20.49,-28.85,-3.816,-6.388,2.629,0,0
67281,2,19.81,0.00,-8.045,-8.830,2.490,0,0
67330,2,18.51,-23.45,-6.527,-6.589,1.384,0,0
67381,2,17.91,-23.88,-5.971,-7.436,1.255,0,0
67431,2,17.39,0.00,-5.200,-9.898,2.231,0,0
67498,2,16.36,0.00,-2.634,-8.418,4.128,0,0
67548,2,15.72,-8.26,-2.816,-7.633,5.080,0,0
67599,2,16.81,43.39,-4.764,-8.073,5.473,0,0
67650,2,17.89,40.29,-5.789,-7.408,3.668,0,0
67701,2,18.82,34.42,-6.613,-8.131,2.179,0,0
67753,2,20.43,28.19,-6.656,-9.448,1.159,0,0
67805,2,21.07,23.47,-4.645,-8.322,1.125,0,0
67856,2,21.72,0.00,-4.008,-8.327,2.605,0,0
67908,2,21.51,-32.81,-3.251,-6.953,4.080,0,0
67959,2,20.71,-29.56,-2.404,-4.970,4.080,0,0
68011,2,19.27,-25.62,-3.807,-7.120,5.449,0,0
68063,2,18.58,-27.58,-4.745,-7.896,3.697,0,0
68114,2,17.96,0.00,-6.292,-9.117,2.126,0,0
68166,2,16.80,-22.12,-4.444,-6.072,0.680,0,0
68218,2,16.28,0.00,-7.757,-10.314,1.896,0,0
68269,2,15.79,-13.57,-3.577,-5.928,2.045,0,0
68318,2,16.19,32.43,-0.934,-2.571,1.322,0,0
68369,2,16.96,30.48,-0.996,-3.735,2.476,0,0
68419,2,17.73,0.00,-0.953,-4.396,2.969,0,0
68470,2,19.21,31.09,-2.394,-6.833,3.850,0,0
68520,2,19.95,29.58,-4.429,-7.307,3.103,0,0
68571,2,20.60,0.00,-5.578,-6.536,2.126,0,0
68623,2,21.79,21.26,-6.431,-7.058,1.657,0,0
68674,2,20.87,-33.76,-5.258,-6.843,1.178,0,0
68726,2,19.24,-32.26,-3.261,-6.196,1.269,0,0
68778,2,18.50,-27.54,-1.537,-4.774,1.465,0,0
68829,2,17.79,0.00,-1.255,-4.875,2.600,0,0
68881,2,16.48,-26.05,-1.513,-5.052,3.567,0,0
68933,2,15.92,0.00,-3.462,-6.771,4.918,0,0
68987,2,14.86,-19.70,-5.593,-7.982,4.496,0,0
69038,2,14.40,-18.39,-6.134,-8.021,2.600,0,0
69088,2,15.12,26.78,-4.731,-7.570,0.838,0,0
69139,2,15.81,25.42,-3.797,-7.111,0.584,0,0
69191,2,16.44,-3.34,-3.663,-7.398,1.188,0,0
69243,2,17.80,25.33,-3.505,-6.622,2.600,0,0
69294,2,18.40,0.00,-2.768,-4.731,3.491,0,0
69344,2,19.60,25.15,-3.232,-5.669,4.803,0,0
69395,2,20.06,18.42,-3.012,-5.746,4.118,0,0
69445,2,19.23,0.00,-3.539,-7.551,3.323,0,0
69496,2,17.65,-28.63,-5.770,-12.713,2.231,0,0
69548,2,16.92,-26.82,-23.406,-34.812,10.697,0,0
69599,2,15.58,-24.14,-10.755,-12.594,7.863,0,0
69651,2,14.97,-22.83,-16.922,-26.652,19.810,0,0
69702,2,14.38,0.00,-6.503,-19.489,8.600,0,0
69760,2,13.32,-14.27,-0.694,-1.800,0.517,0,0
69811,2,12.86,-17.01,0.134,0.024,0.077,0,0
69862,2,13.76,0.00,-0.915,-1.058,0.211,0,0
69914,2,15.36,29.84,-9.026,-7.786,1.034,0,0
69966,2,16.12,28.14,-13.259,-14.193,2.327,0,0
70017,2,16.86,0.00,-4.745,-10.736,4.286,0,0
70069,2,18.18,25.12,-0.421,-5.104,4.477,0,0
70120,2,18.81,25.19,-0.010,-3.223,4.468,0,0
70172,2,18.56,-31.59,-1.216,-4.310,5.756,0,0
70224,2,17.75,-32.14,-2.648,-4.424,3.232,0,0
70275,2,16.97,0.00,-3.194,-4.046,0.565,0,0
70327,2,15.62,-23.61,-3.749,-4.386,-0.838,0,0
70378,2,14.98,0.00,-3.687,-4.085,-1.283,0,0
70428,2,13.84,-22.64,-5.033,-5.507,-1.786,0,0
70479,2,13.32,-19.71,-4.822,-5.334,-0.776,0,0
70529,2,12.84,-12.16,-3.357,-3.950,0.809,0,0
70578,2,12.35,0.00,-2.303,-3.309,2.768,0,0
70630,2,14.59,40.28,-0.905,-2.581,4.410,0,0
70681,2,15.25,24.64,-0.134,-3.251,6.263,0,0
70733,2,16.12,18.73,-0.144,-4.161,4.946,0,0
70785,2,16.71,23.67,-1.393,-4.999,1.786,0,0
70836,2,17.17,0.00,-3.783,-6.201,-0.091,0,0
70888,2,17.56,-6.42,-5.205,-5.497,-0.910,0,0
70939,2,16.73,0.00,-7.551,-6.115,-0.699,0,0
70990,2,15.97,-28.20,-7.676,-6.139,0.158,0,0
71043,2,14.59,-18.22,-5.171,-5.636,1.853,0,0
71095,2,13.92,0.00,-2.461,-5.612,4.899,0,0
71146,2,12.76,-23.20,0.077,-3.965,4.927,0,0
71197,2,12.76,0.00,0.498,-5.195,6.756,0,0
71264,2,11.22,-12.82,-14.020,-27.548,13.676,0,0
71315,2,11.22,0.00,-22.185,-23.276,1.911,0,0
71365,2,11.46,29.72,-22.027,-22.438,4.975,0,0
71416,2,12.21,0.00,-7.695,-13.724,8.528,0,0
71466,2,13.40,23.16,-0.804,-4.913,6.225,0,0
71516,2,14.03,24.15,0.091,-1.824,3.266,0,0
71568,2,14.68,0.00,-0.005,-1.245,2.231,0,0
71620,2,15.72,19.75,-0.795,-2.682,3.668,0,0
71671,2,14.99,-27.14,-3.409,-6.713,5.047,0,0
71723,2,14.24,0.00,-3.419,-5.377,1.441,0,0
71774,2,12.96,-23.12,-4.501,-6.220,-0.182,0,0
71826,2,12.35,0.00,-2.892,-3.342,-0.168,0,0
71878,2,11.28,-20.60,-10.123,-10.142,-0.575,0,0
71929,2,10.79,-18.36,-3.778,-4.693,0.709,0,0
71981,2,9.90,-16.52,-2.298,-3.170,2.677,0,0
72032,2,9.47,-10.84,-1.456,-2.854,5.143,0,0
72084,2,9.03,-16.63,-0.010,-2.442,3.874,0,0
72136,2,10.01,0.00,0.287,-2.212,3.706,0,0
72187,2,11.88,35.28,-0.541,-7.240,6.359,0,0
72239,2,12.72,31.23,-8.006,-15.476,5.416,0,0
72291,2,13.86,17.06,-16.372,-15.830,2.682,0,0
72340,2,14.31,16.52,-22.146,-20.025,5.569,0,0
72391,2,14.89,0.00,-6.349,-12.091,6.081,0,0
72441,2,13.41,-29.30,-0.441,-8.485,8.499,0,0
72492,2,12.74,-25.44,-0.359,-5.004,6.053,0,0
72541,2,12.12,0.00,-1.360,-3.194,2.969,0,0
72593,2,10.99,-20.58,-2.796,-3.462,1.738,0,0
72644,2,10.47,-19.15,-3.323,-3.309,0.613,0,0
72695,2,10.01,-17.24,-2.988,-2.691,-0.010,0,0
72764,2,9.12,-11.37,-2.327,-2.322,-0.373,0,0
72815,2,8.76,-13.31,-2.145,-2.351,-0.493,0,0
72866,2,8.93,0.00,-2.246,-2.591,-0.455,0,0
72918,2,10.66,30.89,-5.703,-7.537,0.177,0,0
72970,2,11.45,0.00,-2.251,-3.903,0.915,0,0
73021,2,12.87,25.10,-1.451,-2.768,2.207,0,0
73073,2,13.49,24.81,-3.127,-5.918,10.084,0,0
73128,2,14.97,21.09,-11.909,-26.307,22.721,0,0
73178,2,14.15,-30.34,-23.851,-39.782,7.154,0,0
73230,2,13.40,-30.15,-21.107,-21.696,7.508,0,0
73281,2,12.67,0.00,-4.171,-4.535,3.716,0,0
73333,2,11.38,-23.12,0.081,0.302,-0.330,0,0
73384,2,10.82,0.00,0.105,0.225,-0.417,0,0
73434,2,9.74,-20.19,0.124,0.235,-0.340,0,0
73485,2,9.26,-19.17,0.134,0.263,-0.249,0,0
73536,2,8.80,0.00,1.810,0.919,1.279,0,0
73588,2,9.28,32.25,8.270,3.553,5.799,0,0
73639,2,10.08,31.91,7.537,1.585,5.502,0,0
73691,2,10.79,0.00,-8.135,-4.233,0.986,0,0
73743,2,12.23,28.71,-9.232,2.270,-4.348,0,0
73794,2,12.89,0.00,-3.318,3.270,-3.845,0,0
73846,2,13.89,17.68,-1.748,3.534,-5.296,0,0
73898,2,14.39,18.61,3.314,2.136,-8.183,0,0
73949,2,13.59,0.00,0.273,-6.014,-4.870,0,0
74001,2,12.13,-26.33,-6.694,-2.701,5.583,0,0
74052,2,11.51,0.00,2.102,2.155,3.740,0,0
74104,2,10.31,-21.55,11.722,-9.222,-3.701,0,0
74156,2,9.76,-20.24,4.573,-5.128,-2.265,0,0
74206,2,9.26,-18.77,-15.917,2.868,0.656,0,0
74265,2,8.29,-14.56,-23.683,-16.558,-18.368,0,0
74316,2,7.83,-17.09,0.464,-27.782,-29.075,0,0
74366,2,9.16,53.08,-11.851,-3.965,17.368,0,0
74417,2,11.63,0.00,-2.600,-0.168,14.092,0,0
74467,2,15.03,63.95,1.250,0.297,3.342,0,0
74517,2,16.54,58.20,0.680,0.455,-0.230,0,0
74569,2,18.11,0.00,0.838,0.038,-0.838,0,0
74621,2,20.67,41.87,2.021,-2.255,-2.428,0,0
74672,2,20.01,-24.48,-1.403,-3.701,-3.955,0,0
74724,2,17.76,-40.09,-12.076,-4.942,-4.252,0,0
74775,2,16.72,-38.67,-13.867,-2.346,-0.690,0,0
74827,2,15.76,0.00,-11.866,-3.127,1.863,0,0
74876,2,13.98,-31.61,0.450,-3.021,5.277,0,0
74928,2,13.18,0.00,1.556,0.709,0.460,0,0
74979,2,11.72,-26.33,1.336,1.532,0.532,0,0
75031,2,11.03,-17.66,12.249,6.033,12.311,0,0
75082,2,10.35,-25.15,3.922,0.541,7.738,0,0
75134,2,13.73,60.06,-32.063,-8.787,-6.263,0,0
75190,2,15.36,24.66,-17.827,-11.076,-18.052,0,0
75240,2,17.40,75.56,-0.402,-6.076,-8.715,0,0
75292,2,18.63,0.00,0.618,0.929,-1.939,0,0
75341,2,21.31,44.56,0.436,1.705,-1.547,0,0
75392,2,22.46,46.36,0.881,1.628,0.929,0,0
75442,2,21.13,0.00,0.666,5.325,10.496,0,0
75493,2,18.69,-47.76,0.939,3.529,9.615,0,0
75543,2,17.60,-43.52,1.092,-1.063,3.510,0,0
75594,2,16.56,0.00,-0.833,-6.076,-5.713,0,0
75644,2,14.66,-36.26,-10.070,-5.933,-11.444,0,0
75696,2,13.81,-33.92,-10.056,-2.921,-6.967,0,0
75768,2,11.54,-18.72,-7.671,-2.059,-4.539,0,0
75819,2,11.54,0.00,-6.340,-4.875,-2.777,0,0
75870,2,12.66,67.66,0.709,-7.259,6.843,0,0
75922,2,14.46,66.85,2.073,-5.234,14.590,0,0
75974,2,16.20,0.00,-2.365,-3.189,5.818,0,0
76025,2,19.37,56.83,-4.468,-3.328,0.986,0,0
76077,2,20.64,0.00,-9.519,-7.451,-1.197,0,0
76128,2,22.77,46.62,-7.671,-9.448,-4.860,0,0
76180,2,21.41,-50.35,-4.085,-8.777,-4.180,0,0
76232,2,20.09,0.00,-3.089,-5.689,-0.077,0,0
76283,2,17.76,-42.05,-4.597,-5.531,5.569,0,0
76335,2,16.68,0.00,-4.927,-5.813,11.756,0,0
76386,2,14.75,-37.42,-1.642,-6.129,8.638,0,0
76436,2,13.87,-33.64,-0.441,-6.570,2.231,0,0
76487,2,13.05,0.00,-3.232,-7.039,-1.618,0,0
76538,2,12.27,-19.57,-8.978,-8.562,-2.892,0,0
76588,2,13.73,83.80,-11.511,-7.733,-1.738,0,0
76638,2,15.61,75.49,-7.178,-6.057,-0.124,0,0
76690,2,17.34,0.00,-2.792,-6.795,3.567,0,0
76742,2,19.47,34.94,0.369,-7.077,8.442,0,0
76793,2,20.20,26.96,-1.025,-5.205,7.106,0,0
76845,2,20.94,0.00,-3.031,-3.845,3.333,0,0
76896,2,22.34,28.52,-6.426,-5.813,2.270,0,0
76948,2,20.94,0.00,-9.242,-9.926,-0.062,0,0
76997,2,18.48,-44.85,-5.440,-9.543,-1.408,0,0
77049,2,17.37,-41.19,-2.557,-6.460,-0.053,0,0
77100,2,16.31,-0.54,-2.710,-5.880,2.241,0,0
77152,2,14.41,-37.36,-2.931,-3.539,1.231,0,0
77204,2,13.53,0.00,-6.211,-5.052,1.312,0,0
77258,2,12.00,-28.36,-6.795,-6.507,0.776,0,0
77308,2,11.28,-28.67,-7.168,-8.021,-0.340,0,0
77359,2,11.44,0.00,-7.666,-10.199,-2.509,0,0
77409,2,13.85,45.80,-7.140,-10.008,-0.680,0,0
77460,2,14.85,39.70,-6.100,-9.510,0.795,0,0
77510,2,15.80,0.00,-5.478,-7.192,0.986,0,0
77561,2,17.54,32.50,-7.192,-7.240,1.068,0,0
77613,2,18.31,28.73,-6.886,-7.130,0.661,0,0
77663,2,19.02,26.31,-6.206,-7.432,0.402,0,0
77715,2,17.85,-43.39,-5.219,-7.829,-0.570,0,0
77766,2,15.76,-37.71,-6.402,-7.230,0.536,0,0
77818,2,14.82,-34.93,-5.358,-7.494,1.097,0,0
77869,2,13.95,0.00,-5.483,-8.361,-0.412,0,0
77921,2,12.34,-28.81,-6.373,-7.207,0.618,0,0
77973,2,11.61,-27.91,-6.206,-7.341,0.484,0,0
78031,2,10.25,-14.88,-5.890,-7.671,0.187,0,0
79537,3,9.64,-22.61,-6.072,-7.465,0.225,0,0
79888,3,3.13,-4.37,-7.168,-6.402,-1.188,0,0
79892,3,12.38,26.97,-7.183,-6.383,-1.188,0,0
79944,3,12.65,-29.67,-7.178,-6.359,-1.188,0,0
79995,3,11.87,-31.01,-7.154,-6.397,-1.192,0,0
80046,3,11.13,-27.50,-7.192,-6.383,-1.188,0,0
80097,3,10.45,-25.17,-7.192,-6.369,-1.173,0,0
80149,3,9.83,0.50,-7.202,-6.364,-1.183,0,0
80201,3,8.64,-21.45,-7.192,-6.383,-1.173,0,0
80252,3,8.10,0.00,-7.183,-6.397,-1.188,0,0
80304,3,7.16,-16.83,-7.178,-6.373,-1.192,0,0
80354,3,6.74,-16.64,-7.192,-6.402,-1.211,0,0
80404,3,6.36,0.00,-7.183,-6.378,-1.197,0,0
80454,3,5.63,-13.85,-7.173,-6.402,-1.197,0,0
80505,3,5.27,-14.39,-7.178,-6.397,-1.154,0,0
80556,3,5.00,0.00,-7.168,-6.393,-1.188,0,0
80608,3,4.40,-10.66,-7.197,-6.407,-1.168,0,0
80659,3,4.17,0.00,-7.192,-6.388,-1.183,0,0
80711,3,3.68,-8.79,-7.202,-6.383,-1.178,0,0
80763,3,3.49,-7.59,-7.178,-6.388,-1.178,0,0
80814,3,3.11,-6.59,-7.173,-6.388,-1.159,0,0
80866,3,2.93,-6.71,-7.187,-6.397,-1.183,0,0
80917,3,2.74,0.00,-7.173,-6.393,-1.192,0,0
80968,3,2.59,-5.38,-7.183,-6.393,-1.168,0,0
81019,3,2.43,0.00,-7.173,-6.412,-1.159,0,0
81071,3,2.18,-4.41,-7.173,-6.407,-1.149,0,0
81122,3,2.04,0.00,-7.178,-6.397,-1.183,0,0
81174,3,1.82,-3.93,-7.163,-6.402,-1.178,0,0
81223,3,1.68,-5.36,-7.173,-6.388,-1.168,0,0
81275,3,1.50,-3.91,-7.183,-6.412,-1.154,0,0
81326,3,1.43,-2.68,-7.168,-6.388,-1.197,0,0
81377,3,1.32,0.00,-7.183,-6.407,-1.211,0,0
81427,3,1.19,-2.86,-7.168,-6.393,-1.173,0,0
81478,3,1.13,-2.35,-7.183,-6.397,-1.164,0,0
81529,3,1.09,0.00,-7.178,-6.402,-1.183,0,0
81581,3,1.00,-0.74,-7.183,-6.388,-1.178,0,0
81633,3,0.94,-2.16,-7.173,-6.388,-1.183,0,0
81684,3,0.86,-2.18,-7.183,-6.383,-1.197,0,0
81736,3,0.82,-1.34,-7.168,-6.383,-1.192,0,0
81787,3,0.79,0.00,-7.178,-6.369,-1.159,0,0
81842,3,0.71,-1.43,-7.187,-6.402,-1.159,0,0
81894,3,0.68,-1.31,-7.183,-6.383,-1.197,0,0
81946,3,0.63,-1.88,-7.183,-6.393,-1.207,0,0
81996,3,0.63,0.00,-7.183,-6.407,-1.178,0,0
82048,3,0.61,0.00,-7.187,-6.373,-1.183,0,0
82099,3,0.61,0.00,-7.197,-6.378,-1.197,0,0
82151,3,0.56,0.00,-7.202,-6.378,-1.192,0,0
82202,3,0.55,0.00,-7.178,-6.402,-1.173,0,0
82254,3,0.55,0.00,-7.183,-6.373,-1.183,0,0
82306,3,0.52,-0.54,-7.192,-6.383,-1.221,0,0
82356,3,0.51,-0.54,-7.178,-6.378,-1.216,0,0
82406,3,0.50,0.00,-7.183,-6.373,-1.188,0,0
82456,3,0.47,-0.54,-7.187,-6.383,-1.168,0,0
82506,3,0.47,0.00,-7.173,-6.383,-1.188,0,0
82558,3,0.48,0.00,-7.187,-6.378,-1.154,0,0
82609,3,0.47,0.00,-7.183,-6.388,-1.183,0,0
82661,3,0.43,0.00,-7.178,-6.369,-1.188,0,0
82710,3,0.47,0.00,-7.178,-6.378,-1.202,0,0
82762,3,0.47,0.00,-7.197,-6.378,-1.216,0,0
82812,3,0.47,0.00,-7.197,-6.383,-1.202,0,0
82864,3,0.47,0.00,-7.187,-6.388,-1.183,0,0
82915,3,0.48,0.50,-7.168,-6.373,-1.183,0,0
82967,3,0.48,0.00,-7.197,-6.369,-1.178,0,0
83018,3,0.48,0.50,-7.192,-6.373,-1.188,0,0
83070,3,0.48,0.00,-7.192,-6.397,-1.202,0,0
83121,3,0.50,0.00,-7.183,-6.369,-1.173,0,0
83173,3,0.50,0.00,-7.202,-6.378,-1.173,0,0
83225,3,0.50,0.00,-7.178,-6.369,-1.183,0,0
83276,3,0.47,-0.50,-7.207,-6.369,-1.202,0,0
83328,3,0.47,0.00,-7.202,-6.378,-1.168,0,0
83378,3,0.47,0.00,-7.178,-6.388,-1.197,0,0
83429,3,0.43,-1.39,-7.192,-6.412,-1.168,0,0
83479,3,0.45,0.89,-7.163,-6.407,-1.183,0,0
83531,3,0.44,0.00,-7.149,-6.426,-1.159,0,0
83583,3,0.43,0.00,-7.140,-6.436,-1.159,0,0
83634,3,0.41,-0.52,-7.173,-6.402,-1.188,0,0
83686,3,0.40,0.00,-7.187,-6.436,-1.164,0,0
83738,3,0.42,0.84,-7.168,-6.416,-1.173,0,0
83788,3,0.39,-1.02,-7.168,-6.416,-1.164,0,0
83839,3,0.38,-0.50,-7.130,-6.455,-1.140,0,0
83893,3,0.40,0.31,-7.106,-6.498,-1.125,0,0
83945,3,0.38,0.00,-7.087,-6.503,-1.135,0,0
83996,3,0.35,-1.07,-7.053,-6.527,-1.092,0,0
84047,3,0.33,-1.02,-7.044,-6.551,-1.087,0,0
84098,3,0.36,1.34,-7.044,-6.579,-1.068,0,0
84150,3,0.35,0.00,-7.072,-6.565,-1.087,0,0
84202,3,0.33,0.30,-7.058,-6.551,-1.092,0,0
84253,3,0.30,-1.02,-7.015,-6.579,-1.068,0,0
84305,3,0.31,0.00,-7.010,-6.589,-1.068,0,0
84355,3,0.33,0.91,-7.025,-6.574,-1.063,0,0
84405,3,0.32,0.00,-7.063,-6.560,-1.082,0,0
84455,3,0.29,-0.56,-7.096,-6.522,-1.111,0,0
84505,3,0.32,0.91,-7.087,-6.522,-1.106,0,0
84557,3,0.29,0.00,-7.058,-6.541,-1.077,0,0
84609,3,0.30,-0.48,-7.058,-6.541,-1.120,0,0
84660,3,0.28,-0.52,-7.106,-6.517,-1.125,0,0
84712,3,0.28,0.84,-7.092,-6.546,-1.125,0,0
84763,3,0.26,-0.50,-7.154,-6.522,-1.154,0,0
84815,3,0.25,0.00,-7.422,-6.531,-1.302,0,0
84867,3,0.21,-1.02,-7.666,-6.924,-1.810,0,0
84917,3,0.20,-0.50,-8.499,-9.084,-1.269,0,0
84968,3,0.22,0.84,-7.973,-12.086,1.973,0,0
85020,3,0.19,0.00,-6.622,-12.570,7.173,0,0
85072,3,0.20,0.73,-5.320,-11.396,9.242,0,0
85123,3,0.18,-0.48,-4.913,-9.711,6.105,0,0
85175,3,0.21,0.88,-5.143,-8.246,2.313,0,0
85226,3,0.21,0.00,-4.429,-6.235,0.302,0,0
85278,3,0.24,0.00,-2.998,-4.037,-0.187,0,0
85330,3,0.30,0.00,-3.730,-4.975,-0.283,0,0
85380,3,0.36,0.00,-5.574,-7.776,0.278,0,0
85431,3,0.42,1.99,-6.393,-10.228,2.959,0,0
85481,3,0.43,0.58,-5.689,-10.851,6.977,0,0
85530,3,0.43,0.00,-4.812,-10.180,8.183,0,0
85582,3,0.48,0.00,-4.525,-8.906,5.282,0,0
85634,3,0.50,0.56,-4.673,-7.647,2.073,0,0
85685,3,0.55,0.00,-5.344,-7.513,0.484,0,0
85737,3,0.61,1.84,-5.784,-7.690,0.062,0,0
85787,3,0.62,0.50,-5.401,-7.671,0.651,0,0
85839,3,0.64,0.54,-4.271,-7.130,2.169,0,0
85890,3,0.65,0.00,-3.275,-6.503,3.955,0,0
85947,3,0.73,1.00,-2.643,-5.784,4.846,0,0
85999,3,0.78,1.01,-2.605,-5.411,4.199,0,0
86050,3,0.83,2.03,-3.127,-5.674,2.921,0,0
86101,3,0.86,1.01,-4.061,-6.488,1.690,0,0
86152,3,0.92,0.00,-5.076,-7.408,0.613,0,0
86204,3,0.99,1.04,-5.411,-7.724,0.364,0,0
86255,3,1.00,0.52,-5.138,-7.638,1.097,0,0
86307,3,1.04,0.52,-4.568,-7.446,2.734,0,0
86357,3,1.05,0.54,-3.931,-7.293,4.611,0,0
86408,3,1.08,0.00,-3.481,-7.144,5.502,0,0
86458,3,1.12,1.13,-3.500,-7.120,4.645,0,0
86508,3,1.15,1.07,-4.185,-7.494,3.079,0,0
86559,3,1.16,0.00,-5.253,-7.977,1.494,0,0
86611,3,1.20,1.04,-6.163,-8.538,0.752,0,0
86663,3,1.22,0.50,-6.196,-8.825,1.101,0,0
86714,3,1.23,0.00,-5.449,-8.801,2.552,0,0
86766,3,1.31,0.99,-4.492,-8.456,4.544,0,0
86817,3,1.32,0.00,-3.534,-7.240,5.138,0,0
86869,3,1.34,0.00,-3.055,-6.014,4.085,0,0
86921,3,1.35,0.54,-3.553,-6.163,3.026,0,0
86971,3,1.40,1.84,-4.889,-7.738,2.193,0,0
87022,3,1.40,0.00,-6.067,-9.050,1.365,0,0
87074,3,1.40,0.00,-7.072,-10.573,1.709,0,0
87126,3,1.44,1.34,-7.250,-11.540,3.328,0,0
87177,3,1.47,1.34,-5.933,-10.372,5.344,0,0
87229,3,1.47,0.00,-4.515,-8.758,5.497,0,0
87280,3,1.47,0.00,-4.362,-8.203,4.726,0,0
87332,3,1.52,0.50,-5.291,-8.859,3.462,0,0
87383,3,1.55,1.11,-6.483,-9.759,2.198,0,0
87433,3,1.56,0.00,-6.522,-9.342,1.590,0,0
87483,3,1.64,0.56,-5.387,-8.097,1.724,0,0
87535,3,1.68,1.55,-3.960,-6.574,2.251,0,0
87587,3,1.73,1.55,-3.069,-5.641,2.772,0,0
87638,3,1.76,1.02,-2.868,-5.387,3.194,0,0
87690,3,1.80,0.00,-3.093,-5.669,3.361,0,0
87742,3,1.83,1.07,-3.711,-6.335,3.084,0,0
87793,3,1.86,1.01,-4.774,-7.508,2.480,0,0
87845,3,1.90,2.03,-5.660,-8.543,1.896,0,0
87895,3,1.90,0.00,-5.598,-8.643,1.719,0,0
87947,3,1.96,0.74,-4.688,-7.638,2.021,0,0
88000,3,2.01,0.61,-3.529,-6.211,2.476,0,0
88050,3,2.01,0.00,-2.792,-5.138,2.758,0,0
88102,3,2.06,1.65,-2.547,-4.889,2.916,0,0
88153,3,2.06,-1.32,-4.142,-7.475,4.075,0,0
88205,3,2.09,0.20,-6.120,-10.290,4.219,0,0
88256,3,2.13,1.51,-7.192,-11.128,2.988,0,0
88308,3,2.13,0.00,-6.436,-9.845,2.150,0,0
88358,3,2.14,0.20,-5.334,-8.408,2.136,0,0
88408,3,2.15,-1.45,-4.640,-7.724,2.710,0,0
88459,3,2.19,2.13,-4.434,-7.853,3.610,0,0
88509,3,2.18,-0.34,-4.453,-8.059,4.247,0,0
88560,3,2.20,0.00,-4.626,-8.064,3.979,0,0
88612,3,2.24,0.30,-4.741,-7.839,2.998,0,0
88663,3,2.26,0.69,-7.039,-6.416,2.806,0,0
88715,3,2.26,0.00,-6.057,-8.705,0.852,0,0
88767,3,2.24,-0.36,-5.195,-7.786,1.077,0,0
88818,3,2.23,0.00,-4.008,-6.809,1.848,0,0
88870,3,2.26,0.19,-3.668,-6.225,3.136,0,0
88920,3,2.26,0.00,-3.711,-5.971,4.065,0,0
88972,3,2.27,0.30,-3.922,-6.613,4.573,0,0
89023,3,2.31,0.00,-4.295,-8.064,4.142,0,0
89075,3,2.28,-0.82,-5.329,-10.415,2.859,0,0
89126,3,2.31,0.99,-6.852,-11.109,1.978,0,0
89178,3,2.30,0.00,-8.174,-11.032,2.260,0,0
89230,3,2.31,-0.80,-7.216,-10.084,3.318,0,0
89281,3,2.33,0.00,-5.042,-8.973,4.463,0,0
89333,3,2.36,1.01,-3.797,-8.370,4.875,0,0
89384,3,2.39,1.09,-4.061,-8.059,4.319,0,0
89434,3,2.37,0.00,-4.870,-7.930,3.213,0,0
89484,3,2.42,1.11,-5.555,-8.035,2.040,0,0
89536,3,2.41,-0.32,-5.430,-8.193,1.355,0,0
89588,3,2.45,0.00,-4.654,-7.752,1.393,0,0
89639,3,2.48,1.51,-4.166,-7.140,2.169,0,0
89691,3,2.49,0.00,-4.214,-6.924,3.381,0,0
89743,3,2.55,0.89,-4.338,-6.991,4.314,0,0
89794,3,2.56,0.17,-4.017,-7.082,4.190,0,0
89846,3,2.62,0.73,-3.797,-7.451,3.223,0,0
89896,3,2.62,0.00,-4.027,-7.743,2.107,0,0
89945,3,2.70,1.61,-4.654,-7.685,1.403,0,0
89997,3,2.69,-0.30,-5.306,-7.494,1.508,0,0
90051,3,2.76,0.95,-5.066,-6.953,2.073,0,0
90103,3,2.75,0.00,-3.682,-5.890,2.533,0,0
90155,3,2.77,-0.82,-2.595,-5.148,2.835,0,0
90205,3,2.77,0.00,-3.328,-7.230,4.429,0,0
90256,3,2.83,1.02,-5.799,-10.851,5.837,0,0
90308,3,2.82,0.00,-8.145,-12.819,4.463,0,0
90358,3,2.90,1.67,-6.905,-10.592,2.174,0,0
90408,3,2.94,1.63,-4.415,-7.235,1.092,0,0
90459,3,2.92,0.00,-3.893,-6.555,1.365,0,0
90509,3,2.97,1.13,-5.334,-8.667,2.931,0,0
90560,3,2.99,0.54,-6.206,-9.816,4.951,0,0
90612,3,2.98,0.00,-5.248,-9.021,5.152,0,0
90664,3,3.05,1.02,-3.519,-6.967,3.486,0,0
90715,3,3.08,0.00,-3.256,-6.613,2.456,0,0
90767,3,3.11,1.55,-4.228,-7.456,1.935,0,0
90818,3,3.15,1.53,-5.502,-8.241,1.877,0,0
90870,3,3.23,1.49,-5.253,-7.451,1.987,0,0
90922,3,3.22,-0.32,-4.147,-6.388,2.255,0,0
90973,3,3.23,0.00,-3.400,-6.115,2.820,0,0
91025,3,3.26,-0.32,-3.395,-6.776,3.615,0,0
91075,3,3.26,0.00,-4.008,-7.748,4.027,0,0
91127,3,3.34,1.63,-4.592,-7.728,3.405,0,0
91178,3,3.35,0.00,-4.817,-7.456,2.375,0,0
91230,3,3.40,1.51,-5.760,-8.935,2.035,0,0
91281,3,3.40,0.19,-6.105,-10.013,2.298,0,0
91333,3,3.42,0.00,-6.230,-10.319,3.390,0,0
91384,3,3.47,0.30,-6.967,-11.277,5.397,0,0
91434,3,3.51,1.65,-6.804,-11.358,6.110,0,0
91484,3,3.50,0.00,-5.430,-10.046,4.602,0,0
91536,3,3.51,0.17,-4.554,-8.495,2.796,0,0
91588,3,3.57,0.00,-4.788,-7.920,1.906,0,0
91639,3,3.62,0.72,-4.961,-7.307,1.695,0,0
91691,3,3.68,2.07,-4.712,-6.833,1.954,0,0
91742,3,3.73,1.53,-3.883,-6.211,2.346,0,0
91794,3,3.78,2.05,-3.347,-6.096,2.911,0,0
91846,3,3.79,0.00,-3.146,-6.115,3.299,0,0
91897,3,3.87,2.01,-3.639,-6.780,3.519,0,0
91949,3,3.91,1.53,-3.974,-6.694,2.873,0,0
92000,3,3.94,1.09,-3.898,-6.244,1.997,0,0
92051,3,3.94,0.00,-3.898,-6.263,1.504,0,0
92104,3,3.99,0.62,-4.583,-7.484,1.618,0,0
92156,3,4.07,2.23,-5.028,-8.317,2.236,0,0
92208,3,4.07,0.20,-4.683,-7.551,3.031,0,0
92258,3,4.13,2.01,-3.970,-6.407,3.352,0,0
92309,3,4.13,0.19,-3.802,-6.479,3.735,0,0
92360,3,4.23,2.19,-3.031,-5.904,3.021,0,0
92410,3,4.22,-0.34,-3.855,-7.819,3.041,0,0
92460,3,4.25,0.00,-6.689,-11.732,3.357,0,0
92510,3,4.33,1.63,-8.241,-11.985,3.299,0,0
92562,3,4.33,0.20,-6.584,-9.543,2.969,0,0
92613,3,4.36,0.00,-5.689,-9.649,3.663,0,0
92665,3,4.44,1.07,-5.258,-10.290,4.535,0,0
92716,3,4.45,0.20,-5.617,-10.051,4.559,0,0
92768,3,4.52,1.55,-5.966,-9.175,3.802,0,0
92820,3,4.54,1.01,-5.952,-9.131,2.911,0,0
92871,3,4.59,0.00,-5.679,-9.572,2.433,0,0
92923,3,4.63,1.53,-5.167,-9.002,2.476,0,0
92974,3,4.69,0.00,-4.405,-7.269,2.638,0,0
93026,3,4.76,0.78,-3.725,-5.890,2.720,0,0
93078,3,4.80,1.53,-3.395,-5.444,2.811,0,0
93128,3,4.84,1.30,-3.084,-5.488,2.734,0,0
93179,3,4.91,2.53,-2.988,-5.770,2.461,0,0
93231,3,4.99,2.03,-3.266,-6.254,2.140,0,0
93283,3,5.00,0.19,-4.195,-7.230,2.073,0,0
93335,3,5.05,0.00,-5.090,-7.791,2.184,0,0
93385,3,5.13,1.31,-5.171,-7.661,2.471,0,0
93435,3,5.20,2.65,-4.573,-7.369,2.854,0,0
93486,3,5.22,0.00,-4.008,-7.355,3.285,0,0
93537,3,5.28,0.72,-3.242,-6.464,3.127,0,0
93589,3,5.32,1.51,-3.472,-6.412,2.998,0,0
93641,3,5.38,0.67,-4.774,-7.896,3.213,0,0
93692,3,5.44,2.07,-5.095,-8.049,2.720,0,0
93744,3,5.48,0.00,-4.602,-7.475,2.231,0,0
93795,3,5.55,1.51,-4.659,-8.131,2.217,0,0
93888,3,5.56,0.59,-5.655,-9.337,3.874,0,0
93939,3,5.61,1.53,-6.416,-10.290,4.922,0,0
93990,3,8.13,96.14,-6.005,-10.353,4.669,0,0
94042,3,10.47,86.84,-5.617,-10.482,3.836,0,0
94093,3,12.77,0.00,-5.746,-10.051,3.007,0,0
94145,3,16.86,73.65,-6.239,-9.596,2.859,0,0
94198,3,20.82,58.24,-6.325,-9.433,3.189,0,0
94250,3,22.52,67.78,-5.660,-9.510,3.797,0,0
94302,3,21.49,0.00,-4.453,-8.504,3.802,0,0
94354,3,19.66,-35.14,-3.893,-7.379,3.385,0,0
94404,3,18.82,-32.55,-4.429,-7.479,3.247,0,0
94455,3,18.05,0.00,-4.511,-7.058,2.710,0,0
94505,3,16.63,-27.50,-3.864,-6.163,1.997,0,0
94556,3,16.00,-25.22,-3.472,-5.952,1.719,0,0
94607,3,15.40,-21.92,-3.567,-6.407,1.901,0,0
94658,3,14.81,-21.91,-3.917,-6.776,2.342,0,0
94710,3,13.81,-19.23,-4.812,-7.705,3.290,0,0
94761,3,13.36,-17.88,-5.028,-7.944,3.792,0,0
94813,3,12.96,0.00,-3.994,-6.900,3.189,0,0
94865,3,12.21,-12.62,-3.481,-6.871,2.772,0,0
94916,3,11.82,0.00,-4.199,-8.011,2.734,0,0
94968,3,11.21,-11.26,-4.707,-7.561,2.456,0,0
95019,3,10.92,-10.66,-4.616,-6.584,2.236,0,0
95071,3,10.44,-8.09,-4.506,-6.507,2.294,0,0
95123,3,10.19,-9.82,-4.357,-7.341,2.729,0,0
95174,3,9.96,0.00,-3.950,-7.652,3.089,0,0
95226,3,9.55,-7.77,-4.013,-7.594,3.352,0,0
95276,3,9.55,0.00,-5.679,-9.179,4.061,0,0
95325,3,9.23,-6.50,-6.316,-9.529,3.879,0,0
95376,3,9.09,0.00,-6.029,-9.778,3.309,0,0
95426,3,8.83,-5.40,-4.894,-8.835,2.686,0,0
95476,3,8.69,-5.48,-4.654,-8.289,2.744,0,0
95529,3,8.55,0.00,-5.703,-9.036,3.563,0,0
95580,3,8.36,-3.84,-5.545,-8.437,3.855,0,0
95632,3,8.29,-2.40,-4.338,-7.245,3.314,0,0
95683,3,8.23,0.00,-4.099,-7.714,3.237,0,0
95735,3,8.08,-2.91,-4.243,-8.001,2.993,0,0
95786,3,8.02,0.00,-4.343,-7.192,2.538,0,0
95838,3,7.90,-2.16,-5.588,-8.294,2.907,0,0
95890,3,7.85,-2.09,-5.741,-8.815,3.160,0,0
95941,3,7.79,0.00,-4.410,-7.681,2.993,0,0
95993,3,7.70,-1.19,-3.692,-6.929,3.031,0,0
96044,3,7.65,0.00,-3.950,-6.895,3.203,0,0
96096,3,7.60,-1.64,-4.606,-7.125,3.309,0,0
96148,3,7.59,-0.67,-4.841,-7.183,3.084,0,0
96198,3,7.59,0.19,-4.784,-7.484,2.682,0,0
96262,3,7.53,-0.69,-4.453,-7.752,2.389,0,0
96312,3,7.54,0.21,-4.793,-8.092,2.744,0,0
96362,3,7.53,0.00,-5.258,-8.059,3.266,0,0
96413,3,7.48,-0.87,-5.286,-7.934,3.797,0,0
96463,3,7.47,-0.36,-4.568,-7.264,3.553,0,0
96513,3,7.49,0.00,-4.118,-7.264,3.184,0,0
96564,3,7.43,-1.34,-4.492,-8.198,3.175,0,0
96616,3,7.43,0.00,-5.387,-8.835,3.165,0,0
96667,3,7.42,0.00,-5.224,-7.738,2.715,0,0
96719,3,7.42,0.00,-4.831,-7.106,2.591,0,0
96771,3,7.40,0.00,-4.731,-7.728,2.931,0,0
96822,3,7.39,0.00,-4.592,-8.279,3.318,0,0
96874,3,7.37,-0.47,-4.530,-7.925,3.496,0,0
96925,3,7.40,0.00,-4.429,-7.140,3.218,0,0
96977,3,7.40,0.00,-4.750,-7.187,3.074,0,0
97029,3,7.38,0.00,-5.157,-8.021,3.117,0,0
97080,3,7.36,-1.36,-4.760,-8.078,2.811,0,0
97132,3,7.40,1.36,-5.248,-9.108,3.103,0,0
97182,3,7.38,-0.52,-6.043,-9.634,3.625,0,0
97234,3,7.38,0.00,-5.444,-8.284,3.496,0,0
97285,3,7.41,-0.48,-4.999,-8.102,3.558,0,0
97337,3,7.43,0.80,-5.440,-9.754,4.022,0,0
97388,3,7.43,0.00,-6.033,-10.750,3.979,0,0
97438,3,7.45,-0.52,-6.507,-10.491,3.673,0,0
97488,3,7.45,0.00,-6.627,-10.099,3.510,0,0
97540,3,7.47,0.00,-5.789,-9.462,3.381,0,0
97592,3,7.46,-0.54,-4.803,-8.835,3.361,0,0
97643,3,7.46,0.00,-4.252,-7.944,3.275,0,0
97695,3,7.51,0.52,-4.070,-6.938,3.002,0,0
97746,3,7.51,0.00,-3.931,-6.158,2.629,0,0
97798,3,7.53,-0.50,-4.353,-6.642,2.672,0,0
97849,3,7.53,0.00,-3.917,-6.728,2.433,0,0
97901,3,7.55,0.00,-3.457,-6.479,2.131,0,0
97953,3,7.58,0.52,-4.080,-7.336,2.356,0,0
98004,3,7.58,0.00,-5.310,-8.346,2.883,0,0
98056,3,7.59,-0.22,-5.540,-8.241,3.141,0,0
98107,3,7.60,0.54,-5.128,-8.384,3.333,0,0
98158,3,7.59,-0.32,-4.391,-8.322,3.338,0,0
98209,3,7.62,1.03,-4.061,-7.939,3.227,0,0
98261,3,7.64,-0.34,-3.500,-6.024,2.447,0,0
98320,3,7.67,0.42,-4.468,-6.689,2.586,0,0
98371,3,7.67,0.20,-4.108,-6.369,2.342,0,0
98421,3,7.70,0.00,-6.278,-10.707,3.630,0,0
98472,3,7.72,1.11,-7.527,-13.585,5.234,0,0
98524,3,7.71,-0.34,-2.801,-4.942,2.207,0,0
98574,3,7.75,1.53,-2.983,-4.515,2.045,0,0
98626,3,7.75,-0.34,-6.302,-9.577,4.113,0,0
98677,3,7.79,0.56,-4.717,-8.490,3.275,0,0
98729,3,7.81,0.99,-3.994,-8.102,2.811,0,0
98780,3,7.81,0.00,-5.066,-9.122,3.112,0,0
98832,3,7.85,0.54,-5.013,-7.575,2.825,0,0
98884,3,7.88,1.03,-5.296,-7.786,2.969,0,0
98935,3,7.90,0.50,-4.554,-7.776,2.940,0,0
98987,3,7.92,0.52,-3.768,-7.752,2.926,0,0
99038,3,7.95,0.00,-4.022,-8.102,3.151,0,0
99090,3,8.00,0.50,-4.779,-7.738,3.122,0,0
99141,3,8.03,0.00,-4.717,-6.656,2.643,0,0
99193,3,8.05,-0.32,-3.926,-5.890,2.322,0,0
99245,3,8.07,1.01,-5.942,-10.831,3.883,0,0
99295,3,8.07,-0.34,-4.410,-9.127,3.309,0,0
99345,3,8.09,1.04,-4.415,-7.958,3.141,0,0
99395,3,8.13,0.17,-7.910,-11.827,5.061,0,0
99445,3,8.17,1.67,-5.411,-8.571,3.424,0,0
99496,3,8.16,0.00,-5.942,-10.908,3.879,0,0
99547,3,8.18,-0.36,-5.243,-9.883,3.424,0,0
99599,3,8.22,1.53,-5.593,-9.146,3.424,0,0
99651,3,8.22,0.00,-5.684,-8.562,3.505,0,0
99702,3,8.31,1.53,-4.769,-7.815,3.175,0,0
99754,3,8.31,0.19,-4.027,-7.666,2.926,0,0
99805,3,8.32,0.30,-3.903,-7.661,2.811,0,0
99857,3,8.35,1.03,-4.276,-7.360,2.787,0,0
99909,3,8.41,0.00,-4.113,-6.311,2.500,0,0
99960,3,8.45,1.03,-4.424,-6.752,2.715,0,0
100012,3,8.48,0.00,-3.515,-6.129,2.351,0,0
100063,3,8.49,0.00,-4.195,-8.222,3.079,0,0
100115,3,8.54,1.73,-3.673,-7.029,2.696,0,0
100166,3,8.54,0.00,-3.601,-6.067,2.447,0,0
100217,3,8.57,1.36,-4.281,-6.694,2.787,0,0
100268,3,8.59,0.00,-3.926,-6.531,2.634,0,0
100320,3,8.65,2.35,-3.294,-6.258,2.394,0,0
100377,3,8.70,0.67,-3.505,-7.063,2.528,0,0
100427,3,8.71,0.00,-3.979,-7.341,2.705,0,0
100477,3,8.73,0.52,0.704,-9.131,6.373,0,0
100530,3,8.76,1.30,-5.066,-6.756,7.872,0,0
100580,3,8.78,0.54,-7.365,-7.015,2.710,0,0
100632,3,8.79,0.50,-4.985,-7.202,2.763,0,0
100683,3,8.84,0.00,-7.274,-7.187,3.764,0,0
100735,3,8.84,0.00,-6.934,-7.877,3.366,0,0
100786,3,8.89,0.00,-5.952,-8.126,3.218,0,0
100838,3,8.91,1.43,-5.119,-8.073,3.371,0,0
100889,3,8.96,1.34,-4.061,-6.795,3.218,0,0
100941,3,8.98,1.21,-3.840,-7.116,3.893,0,0
100993,3,8.98,0.00,-3.740,-6.364,3.711,0,0
101044,3,9.01,0.00,-2.729,-7.623,5.641,0,0
101096,3,9.05,0.82,-4.003,-7.796,5.612,0,0
101147,3,9.06,0.00,-3.883,-6.388,6.254,0,0
101199,3,9.05,-1.03,-4.118,-7.077,5.990,0,0
101251,3,9.08,0.84,-3.859,-7.082,6.622,0,0
101301,3,9.10,0.82,-3.850,-6.847,5.760,0,0
101351,3,9.12,0.00,-3.716,-6.235,5.387,0,0
101401,3,9.14,-0.52,-3.812,-6.402,5.373,0,0
101452,3,9.18,1.47,-4.003,-6.373,4.731,0,0
101502,3,9.19,0.00,-3.639,-5.890,5.459,0,0
101553,3,9.19,0.00,-4.367,-4.937,5.143,0,0
101605,3,9.19,0.00,-4.085,-4.985,5.947,0,0
101656,3,9.21,0.00,-4.051,-5.052,7.187,0,0
101708,3,9.23,0.52,-4.434,-5.444,6.555,0,0
101759,3,9.26,0.00,-4.755,-7.254,6.110,0,0
101811,3,9.28,-0.32,-5.181,-7.614,6.881,0,0
101863,3,9.32,1.55,-4.788,-5.770,6.105,0,0
101914,3,9.35,0.00,-5.306,-5.454,6.618,0,0
101966,3,9.35,0.50,-5.205,-5.488,6.790,0,0
102017,3,9.40,0.00,-5.167,-5.818,5.799,0,0
102069,3,9.42,0.54,-5.243,-6.000,5.339,0,0
102121,3,9.40,-0.50,-5.195,-5.885,5.732,0,0
102171,3,9.39,-0.50,-5.124,-6.287,7.666,0,0
102222,3,9.41,0.00,-6.014,-6.076,5.483,0,0
102274,3,9.43,1.45,-4.961,-5.799,5.617,0,0
102323,3,9.41,-1.01,-4.913,-6.115,5.535,0,0
102374,3,9.39,0.00,-5.660,-5.674,5.066,0,0
102429,3,9.44,0.63,-5.631,-6.239,4.329,0,0
102479,3,9.40,-1.03,-6.574,-6.919,1.719,0,0
102530,3,9.40,0.00,-6.201,-7.709,1.216,0,0
102580,3,9.43,0.00,-7.120,-7.331,1.460,0,0
102630,3,9.42,-0.50,-6.416,-6.637,1.456,0,0
102682,3,9.41,0.00,-6.412,-6.426,1.159,0,0
102733,3,9.41,0.00,-6.120,-7.523,0.077,0,0
102785,3,9.39,0.00,-7.690,-10.051,-2.365,0,0
102836,3,9.38,-0.48,-7.288,-7.350,-1.456,0,0
102888,3,9.41,1.43,-6.972,-6.718,-1.839,0,0
102939,3,9.43,0.00,-6.756,-6.033,-1.010,0,0
102991,3,9.44,0.52,-7.475,-6.268,-2.351,0,0
103043,3,9.43,0.00,-7.278,-6.105,-2.116,0,0
103094,3,9.41,0.00,-7.389,-6.038,-2.260,0,0
103146,3,9.41,0.00,-8.040,-4.994,-1.465,0,0
103197,3,9.44,0.00,-7.901,-5.363,-1.944,0,0
103249,3,9.45,0.50,-7.618,-5.550,-2.270,0,0
103301,3,9.47,0.00,-7.748,-5.550,-2.112,0,0
103353,3,9.50,0.52,-7.982,-5.195,-1.183,0,0
103404,3,9.47,-0.89,-7.752,-6.225,-1.978,0,0
103454,3,9.50,0.00,-5.990,-6.766,-2.557,0,0
103504,3,9.50,0.00,-7.748,-5.923,-2.025,0,0
103555,3,9.48,-0.89,-7.781,-5.885,-1.657,0,0
103607,3,9.51,0.00,-6.613,-6.431,-2.169,0,0
103659,3,9.48,-0.80,-7.599,-5.880,-2.136,0,0
103709,3,9.48,0.00,-7.183,-6.139,-2.002,0,0
103760,3,9.45,-1.36,-7.116,-6.129,-1.954,0,0
103812,3,9.46,0.00,-7.369,-6.005,-2.049,0,0
103864,3,9.45,0.52,-7.154,-6.158,-2.097,0,0
103915,3,9.47,0.50,-7.317,-6.014,-2.006,0,0
103967,3,9.46,0.50,-7.173,-6.139,-2.073,0,0
104018,3,9.49,1.13,-7.293,-6.038,-2.045,0,0
104070,3,9.46,0.00,-7.202,-6.115,-2.011,0,0
104122,3,9.44,0.00,-7.264,-6.076,-2.045,0,0
104173,3,9.42,0.00,-7.221,-6.072,-2.035,0,0
104225,3,9.45,0.50,-7.240,-6.086,-1.997,0,0
104276,3,9.48,1.03,-7.240,-6.086,-2.083,0,0
104328,3,9.48,0.00,-7.245,-6.081,-2.006,0,0
104379,3,9.43,-0.54,-7.269,-6.105,-2.011,0,0
104429,3,9.46,1.45,-7.245,-6.057,-2.059,0,0
104488,3,9.45,-0.23,-7.250,-6.067,-2.002,0,0
104538,3,9.45,0.00,-7.235,-6.091,-2.030,0,0
104591,3,9.47,0.00,-7.230,-6.076,-2.049,0,0
104642,3,9.47,0.00,-7.230,-6.105,-2.021,0,0
104693,3,9.47,0.00,-7.240,-6.081,-2.040,0,0
104744,3,9.50,1.21,-7.245,-6.081,-2.054,0,0
104796,3,9.52,0.00,-7.230,-6.086,-1.949,0,0
104848,3,9.49,-0.48,-7.259,-6.115,-2.016,0,0
104899,3,9.53,1.32,-7.250,-6.062,-2.078,0,0
104951,3,9.50,-0.52,-7.207,-6.057,-2.011,0,0
105002,3,9.52,0.93,-7.240,-6.076,-2.064,0,0
105054,3,9.51,0.00,-7.230,-6.096,-2.016,0,0
105106,3,9.48,-0.50,-7.264,-6.067,-2.035,0,0
105157,3,9.50,0.00,-7.245,-6.081,-2.030,0,0
105209,3,9.51,0.82,-7.221,-6.072,-1.997,0,0
105260,3,9.50,-0.52,-7.235,-6.096,-2.040,0,0
105312,3,9.51,-0.50,-7.254,-6.067,-2.045,0,0
105362,3,9.54,1.47,-7.250,-6.081,-1.982,0,0
105412,3,9.53,0.00,-7.230,-6.081,-2.035,0,0
105463,3,9.54,-0.54,-7.250,-6.091,-2.040,0,0
105513,3,9.56,0.89,-7.230,-6.076,-1.997,0,0
105564,3,9.55,0.00,-7.245,-6.091,-2.016,0,0
105614,3,9.52,-1.06,-7.221,-6.072,-2.002,0,0
105665,3,9.54,0.00,-7.259,-6.076,-2.054,0,0
105717,3,9.56,1.47,-7.230,-6.081,-2.049,0,0
105769,3,9.53,-1.03,-7.254,-6.086,-2.016,0,0
105820,3,9.54,0.88,-7.226,-6.081,-2.021,0,0
105872,3,9.53,-0.54,-7.240,-6.076,-2.030,0,0
105923,3,9.55,0.00,-7.254,-6.086,-2.025,0,0
105975,3,9.52,-0.54,-7.226,-6.072,-2.035,0,0
106027,3,9.52,0.00,-7.250,-6.072,-2.030,0,0
106078,3,9.55,-0.54,-7.240,-6.067,-2.021,0,0
106130,3,9.55,0.00,-7.240,-6.072,-1.997,0,0
106181,3,9.56,0.00,-7.264,-6.081,-2.025,0,0
106233,3,9.61,1.85,-7.259,-6.067,-2.049,0,0
106284,3,9.61,0.00,-7.230,-6.072,-2.006,0,0
106337,3,9.61,0.00,-7.235,-6.072,-2.040,0,0
106387,3,9.65,1.45,-7.254,-6.076,-2.035,0,0
106437,3,9.66,0.00,-7.226,-6.081,-2.006,0,0
106488,3,9.65,0.00,-7.250,-6.091,-2.016,0,0
106542,3,9.65,0.00,-7.235,-6.067,-2.030,0,0
106594,3,9.65,0.00,-7.254,-6.067,-2.030,0,0
106645,3,9.65,0.00,-7.250,-6.081,-2.049,0,0
106696,3,9.66,0.50,-7.230,-6.086,-2.025,0,0
106747,3,9.66,0.00,-7.245,-6.072,-2.040,0,0
106799,3,9.65,0.00,-7.250,-6.091,-2.059,0,0
106851,3,9.65,0.00,-7.240,-6.072,-2.035,0,0
106902,3,9.65,0.00,-7.230,-6.062,-2.011,0,0
106954,3,9.61,0.00,-7.250,-6.091,-2.030,0,0
107005,3,9.61,0.00,-7.240,-6.076,-2.021,0,0
107057,3,9.65,0.00,-7.240,-6.053,-2.025,0,0
107108,3,9.60,-1.04,-7.245,-6.081,-2.035,0,0
107160,3,9.59,0.00,-7.250,-6.081,-2.040,0,0
107212,3,9.56,-0.54,-7.254,-6.072,-2.035,0,0
107263,3,9.55,-0.52,-7.240,-6.086,-2.035,0,0
107315,3,9.57,0.00,-7.250,-6.062,-2.045,0,0
107365,3,9.54,-1.07,-7.226,-6.072,-2.040,0,0
107415,3,9.53,-0.54,-7.250,-6.091,-2.030,0,0
107466,3,9.52,0.00,-7.250,-6.062,-2.035,0,0
107516,3,9.53,0.89,-7.259,-6.096,-2.045,0,0
107567,3,9.51,-0.50,-7.250,-6.076,-2.045,0,0
107618,3,9.51,0.00,-7.250,-6.081,-2.016,0,0
107669,3,9.50,0.00,-7.235,-6.081,-2.016,0,0
107721,3,9.48,-0.52,-7.240,-6.081,-2.049,0,0
107772,3,9.48,0.00,-7.235,-6.076,-2.040,0,0
107824,3,9.52,1.23,-7.240,-6.062,-2.035,0,0
107876,3,9.50,-0.52,-7.245,-6.067,-2.021,0,0
107927,3,9.50,0.00,-7.254,-6.086,-2.025,0,0
107979,3,9.48,0.21,-7.245,-6.067,-2.049,0,0
108030,3,9.48,0.00,-7.254,-6.086,-2.011,0,0
108082,3,9.49,0.52,-7.221,-6.086,-2.045,0,0
108134,3,9.49,0.00,-7.235,-6.076,-2.078,0,0
108185,3,9.49,0.00,-7.221,-6.076,-2.030,0,0
108237,3,9.49,0.00,-7.235,-6.081,-1.982,0,0
108288,3,9.49,0.00,-7.254,-6.086,-2.045,0,0
108340,3,9.53,0.00,-7.245,-6.086,-2.011,0,0
108391,3,9.51,-0.56,-7.240,-6.081,-2.030,0,0
108441,3,9.50,0.00,-7.240,-6.091,-2.035,0,0
108492,3,9.51,1.45,-7.259,-6.072,-2.035,0,0
108544,3,9.48,-1.01,-7.230,-6.072,-2.040,0,0
108599,3,9.47,-0.26,-7.230,-6.086,-2.049,0,0
108649,3,9.45,-0.50,-7.250,-6.076,-2.035,0,0
108700,3,9.44,0.00,-7.240,-6.081,-2.002,0,0
108752,3,9.44,0.00,-7.245,-6.072,-2.021,0,0
108804,3,9.46,0.00,-7.245,-6.081,-2.011,0,0
108855,3,9.45,-0.50,-7.230,-6.067,-2.030,0,0
108907,3,9.46,0.00,-7.264,-6.091,-2.030,0,0
108958,3,9.47,0.82,-7.240,-6.067,-2.030,0,0
109010,3,9.46,-0.50,-7.226,-6.072,-2.035,0,0
109062,3,9.46,0.00,-7.235,-6.076,-2.049,0,0
109113,3,9.46,1.43,-7.240,-6.081,-2.030,0,0
109165,3,9.45,0.00,-7.230,-6.057,-2.006,0,0
109216,3,9.47,0.82,-7.250,-6.081,-2.011,0,0
109268,3,9.47,0.00,-7.259,-6.081,-2.011,0,0
109320,3,9.50,1.34,-7.250,-6.067,-2.054,0,0
109370,3,9.48,-0.52,-7.240,-6.062,-2.040,0,0
109420,3,9.50,0.00,-7.235,-6.072,-2.035,0,0
109471,3,9.51,0.56,-7.259,-6.053,-2.045,0,0
109520,3,9.51,0.00,-7.264,-6.081,-1.997,0,0
109571,3,9.52,0.52,-7.226,-6.076,-2.040,0,0
109622,3,9.52,0.00,-7.250,-6.062,-2.035,0,0
109674,3,9.54,0.00,-7.245,-6.076,-2.011,0,0
109725,3,9.54,0.00,-7.269,-6.081,-2.054,0,0
109777,3,9.54,0.00,-7.240,-6.076,-2.016,0,0
109829,3,9.54,0.00,-7.259,-6.062,-2.035,0,0
109880,3,9.54,0.00,-7.221,-6.072,-2.021,0,0
109932,3,9.54,0.00,-7.250,-6.062,-2.021,0,0
109983,3,9.52,0.00,-7.250,-6.091,-2.030,0,0
110035,3,9.54,0.00,-7.254,-6.067,-2.035,0,0
110087,3,9.56,1.31,-7.240,-6.086,-2.049,0,0
110138,3,9.56,0.00,-7.226,-6.062,-2.064,0,0
110190,3,9.55,0.84,-7.240,-6.072,-2.025,0,0
110241,3,9.55,0.00,-7.245,-6.072,-2.054,0,0
110292,3,9.54,-0.50,-7.250,-6.081,-2.035,0,0
110341,3,9.56,0.84,-7.230,-6.081,-2.016,0,0
110392,3,9.56,0.00,-7.240,-6.067,-2.021,0,0
110442,3,9.57,-0.50,-7.264,-6.067,-2.035,0,0
110492,3,9.56,-0.58,-7.250,-6.081,-2.030,0,0
110544,3,9.56,0.00,-7.254,-6.062,-2.021,0,0
110595,3,9.57,0.00,-7.250,-6.086,-2.045,0,0
110649,3,9.61,0.50,-7.250,-6.072,-2.006,0,0
110701,3,9.61,0.00,-7.245,-6.067,-2.002,0,0
110753,3,9.61,0.00,-7.250,-6.081,-2.045,0,0
110803,3,9.63,1.03,-7.254,-6.072,-2.030,0,0
110854,3,9.63,0.00,-7.245,-6.062,-2.040,0,0
110906,3,9.65,0.56,-7.245,-6.072,-2.035,0,0
110955,3,9.65,0.00,-7.240,-6.062,-2.021,0,0
111007,3,9.65,0.00,-7.226,-6.067,-2.030,0,0
111058,3,9.65,0.00,-7.240,-6.057,-2.035,0,0
111110,3,9.60,-1.88,-7.240,-6.062,-2.030,0,0
111161,3,9.60,0.00,-7.245,-6.072,-2.035,0,0
111213,3,9.60,0.00,-7.264,-6.067,-2.025,0,0
111265,3,9.60,0.00,-7.250,-6.096,-2.030,0,0
111316,3,9.58,0.00,-7.235,-6.086,-2.011,0,0
111366,3,9.58,0.00,-7.221,-6.076,-2.021,0,0
111417,3,9.58,0.00,-7.230,-6.067,-2.035,0,0
111467,3,9.58,0.00,-7.235,-6.067,-2.035,0,0
111519,3,9.57,0.00,-7.254,-6.081,-2.021,0,0
111571,3,9.56,-0.54,-7.235,-6.067,-2.011,0,0
111623,3,9.56,0.00,-7.259,-6.081,-2.016,0,0
111673,3,9.58,0.88,-7.245,-6.076,-2.040,0,0
111724,3,9.58,0.00,-7.254,-6.081,-2.040,0,0
111776,3,9.58,0.00,-7.250,-6.062,-2.045,0,0
111828,3,9.58,0.00,-7.240,-6.072,-2.021,0,0
111879,3,9.61,1.30,-7.245,-6.091,-2.011,0,0
111931,3,9.61,0.00,-7.269,-6.067,-2.030,0,0
111982,3,9.60,0.00,-7.259,-6.072,-2.011,0,0
112034,3,9.59,-0.50,-7.269,-6.072,-2.025,0,0
112086,3,9.57,0.00,-7.250,-6.081,-2.035,0,0
112137,3,9.57,0.34,-7.264,-6.038,-2.030,0,0
112189,3,9.57,0.00,-7.245,-6.072,-2.040,0,0
112240,3,9.57,0.00,-7.254,-6.096,-2.030,0,0
112292,3,9.60,1.45,-7.245,-6.076,-2.021,0,0
112342,3,9.60,0.00,-7.230,-6.072,-2.011,0,0
112392,3,9.60,0.00,-7.245,-6.062,-2.016,0,0
112442,3,9.59,-0.56,-7.250,-6.067,-2.025,0,0
112493,3,9.58,0.00,-7.235,-6.057,-2.025,0,0
112543,3,9.61,1.30,-7.259,-6.057,-2.045,0,0
112595,3,9.58,-1.30,-7.250,-6.072,-2.030,0,0
112646,3,9.60,0.80,-7.259,-6.067,-2.040,0,0
112701,3,9.59,-0.17,-7.250,-6.072,-2.045,0,0
112753,3,9.57,0.00,-7.250,-6.057,-2.030,0,0
112805,3,9.58,-0.52,-7.245,-6.081,-2.030,0,0
112855,3,9.58,0.00,-7.250,-6.067,-2.025,0,0
112906,3,9.55,-0.52,-7.259,-6.081,-1.997,0,0
112958,3,9.56,0.34,-7.250,-6.062,-2.006,0,0
113010,3,9.56,0.00,-7.264,-6.076,-2.054,0,0
113061,3,9.57,0.48,-7.235,-6.062,-2.011,0,0
113113,3,9.56,0.00,-7.235,-6.067,-2.035,0,0
113164,3,9.55,-0.52,-7.250,-6.076,-2.025,0,0
113216,3,9.53,0.00,-7.254,-6.096,-2.035,0,0
113268,3,9.53,-1.03,-7.254,-6.062,-2.030,0,0
113319,3,9.51,-0.52,-7.245,-6.076,-2.016,0,0
113370,3,9.50,0.00,-7.250,-6.096,-2.025,0,0
113420,3,9.47,-0.54,-7.269,-6.062,-2.049,0,0
113470,3,9.46,-0.58,-7.235,-6.076,-2.025,0,0
113522,3,9.48,0.00,-7.250,-6.076,-2.045,0,0
113574,3,9.45,-0.52,-7.250,-6.076,-2.025,0,0
113626,3,9.45,0.00,-7.250,-6.086,-2.030,0,0
113677,3,9.49,0.00,-7.259,-6.062,-2.016,0,0
113729,3,9.48,-0.52,-7.254,-6.057,-2.040,0,0
113780,3,9.50,-0.52,-7.254,-6.067,-2.025,0,0
113831,3,9.50,0.00,-7.235,-6.053,-2.011,0,0
113882,3,9.50,0.00,-7.235,-6.076,-2.040,0,0
113934,3,9.50,0.00,-7.254,-6.062,-2.054,0,0
113985,3,9.55,1.36,-7.269,-6.072,-2.054,0,0
114037,3,9.53,-0.82,-7.250,-6.076,-2.035,0,0
114089,3,9.56,0.00,-7.250,-6.100,-2.035,0,0
114140,3,9.56,0.00,-7.254,-6.072,-1.982,0,0
114192,3,9.58,0.54,-7.254,-6.086,-2.049,0,0
114243,3,9.59,0.52,-7.245,-6.072,-2.045,0,0
114295,3,9.60,0.50,-7.259,-6.062,-2.025,0,0
114345,3,9.62,0.00,-7.245,-6.067,-2.025,0,0
114395,3,9.62,0.00,-7.250,-6.072,-2.021,0,0
114445,3,9.62,0.00,-7.269,-6.053,-2.040,0,0
114496,3,9.62,0.00,-7.245,-6.081,-2.040,0,0
114547,3,9.63,0.00,-7.254,-6.076,-2.049,0,0
114599,3,9.63,0.00,-7.259,-6.053,-2.016,0,0
114649,3,9.63,0.00,-7.254,-6.072,-2.054,0,0
114701,3,9.65,0.00,-7.230,-6.072,-2.045,0,0
114757,3,9.60,-0.63,-7.245,-6.072,-2.021,0,0
114808,3,9.62,0.00,-7.250,-6.067,-2.059,0,0
114859,3,9.62,0.00,-7.250,-6.067,-2.035,0,0
114910,3,9.60,-1.36,-7.264,-6.072,-2.054,0,0
114962,3,9.60,0.00,-7.230,-6.076,-1.987,0,0
115013,3,9.59,-0.54,-7.254,-6.076,-2.049,0,0
115065,3,9.59,0.00,-7.259,-6.076,-2.016,0,0
115117,3,9.58,-0.52,-7.259,-6.081,-2.016,0,0
115168,3,9.58,0.00,-7.274,-6.076,-2.054,0,0
115220,3,9.56,0.00,-7.230,-6.072,-2.021,0,0
115271,3,9.58,0.00,-7.226,-6.053,-2.035,0,0
115323,3,9.59,0.52,-7.274,-6.067,-2.049,0,0
115373,3,9.63,0.00,-7.254,-6.057,-2.030,0,0
115424,3,9.63,0.00,-7.254,-6.091,-2.025,0,0
115474,3,9.58,-1.45,-7.240,-6.062,-2.045,0,0
115526,3,9.59,0.00,-7.240,-6.076,-2.016,0,0
115578,3,9.57,-1.34,-7.250,-6.072,-2.045,0,0
115630,3,9.58,0.00,-7.240,-6.053,-2.035,0,0
115681,3,9.61,0.52,-7.259,-6.062,-2.011,0,0
115733,3,9.62,0.52,-7.259,-6.053,-2.025,0,0
115783,3,9.60,-0.84,-7.245,-6.081,-2.002,0,0
115835,3,9.60,0.00,-7.254,-6.081,-2.054,0,0
115886,3,9.60,0.00,-7.245,-6.076,-2.006,0,0
115938,3,9.60,0.00,-7.245,-6.062,-2.030,0,0
115989,3,9.60,0.00,-7.230,-6.062,-2.025,0,0
116041,3,9.59,-0.52,-7.245,-6.053,-2.016,0,0
116093,3,9.55,0.00,-7.250,-6.076,-2.025,0,0
116144,3,9.61,0.48,-7.250,-6.062,-2.016,0,0
116196,3,9.61,0.00,-7.250,-6.067,-2.040,0,0
116247,3,9.63,0.00,-7.245,-6.072,-2.025,0,0
116299,3,9.63,0.00,-7.259,-6.062,-2.040,0,0
116349,3,9.64,0.00,-7.269,-6.057,-2.059,0,0
116399,3,9.69,0.00,-7.250,-6.081,-2.011,0,0
116449,3,9.70,0.56,-7.245,-6.086,-2.045,0,0
116500,3,9.69,0.00,-7.250,-6.057,-2.021,0,0
116551,3,9.70,0.52,-7.221,-6.072,-2.011,0,0
116603,3,9.73,1.11,-7.235,-6.076,-2.016,0,0
116655,3,9.72,0.00,-7.250,-6.067,-2.025,0,0
116705,3,9.72,0.00,-7.259,-6.081,-2.035,0,0
116756,3,9.70,0.00,-7.245,-6.072,-2.049,0,0
116818,3,9.68,-0.24,-7.264,-6.062,-2.011,0,0
116869,3,9.69,0.00,-7.269,-6.072,-2.021,0,0
116920,3,9.65,-1.55,-7.245,-6.053,-2.035,0,0
116971,3,9.66,0.00,-7.240,-6.053,-2.025,0,0
117023,3,9.64,0.22,-7.240,-6.067,-2.021,0,0
117074,3,9.65,0.00,-7.264,-6.081,-2.016,0,0
117126,3,9.64,0.34,-7.254,-6.067,-2.025,0,0
117178,3,9.65,0.32,-7.269,-6.076,-2.016,0,0
117229,3,9.64,0.00,-7.245,-6.067,-2.030,0,0
117281,3,9.65,0.00,-7.259,-6.072,-2.045,0,0
117333,3,9.66,0.00,-7.264,-6.091,-2.030,0,0
117383,3,9.64,0.00,-7.259,-6.076,-2.040,0,0
117433,3,9.66,0.83,-7.264,-6.072,-2.040,0,0
117484,3,9.65,0.00,-7.250,-6.057,-2.025,0,0
117536,3,9.60,-1.88,-7.250,-6.076,-2.054,0,0
117587,3,9.61,0.54,-7.250,-6.076,-2.040,0,0
117639,3,9.61,0.00,-7.250,-6.072,-2.030,0,0
117690,3,9.63,0.00,-7.278,-6.072,-2.025,0,0
117742,3,9.58,0.00,-7.254,-6.062,-2.025,0,0
117794,3,9.59,0.00,-7.254,-6.091,-2.049,0,0
117844,3,9.59,0.00,-7.254,-6.067,-2.030,0,0
117895,3,9.57,-1.32,-7.269,-6.062,-2.035,0,0
117947,3,9.57,0.00,-7.264,-6.076,-2.016,0,0
117999,3,9.53,0.00,-7.250,-6.062,-2.040,0,0
118050,3,9.55,0.54,-7.250,-6.072,-2.035,0,0
118102,3,9.55,0.00,-7.245,-6.091,-2.049,0,0
118153,3,9.52,-0.93,-7.269,-6.072,-2.016,0,0
118205,3,9.52,0.00,-7.240,-6.076,-2.045,0,0
118256,3,9.52,-0.80,-7.250,-6.067,-2.006,0,0
118308,3,9.52,0.00,-7.250,-6.067,-2.016,0,0
118358,3,9.53,0.00,-7.274,-6.057,-2.030,0,0
118409,3,9.51,-1.35,-7.283,-6.067,-2.064,0,0
118459,3,9.52,0.56,-7.250,-6.072,-2.035,0,0
118509,3,9.52,0.00,-7.240,-6.062,-2.021,0,0
118560,3,9.52,0.00,-7.259,-6.086,-2.049,0,0
118612,3,9.52,0.00,-7.254,-6.048,-2.025,0,0
118664,3,9.56,-0.50,-7.250,-6.072,-2.025,0,0
118714,3,9.56,0.00,-7.254,-6.048,-2.021,0,0
118765,3,9.54,-0.50,-7.250,-6.086,-2.064,0,0
118817,3,9.53,0.00,-7.245,-6.062,-2.045,0,0
118871,3,9.54,0.13,-7.254,-6.081,-2.054,0,0
118921,3,9.54,0.00,-7.250,-6.057,-2.040,0,0
118973,3,9.52,0.00,-7.278,-6.053,-2.006,0,0
119024,3,9.52,-0.50,-7.264,-6.067,-2.006,0,0
119076,3,9.56,1.34,-7.235,-6.072,-2.011,0,0
119127,3,9.55,-0.48,-7.240,-6.067,-2.040,0,0
119179,3,9.55,0.00,-7.259,-6.062,-2.016,0,0
119231,3,9.52,0.00,-7.245,-6.091,-2.025,0,0
119282,3,9.51,-0.50,-7.254,-6.057,-2.025,0,0
119334,3,9.54,1.47,-7.269,-6.067,-2.025,0,0
119385,3,9.53,0.00,-7.259,-6.072,-2.059,0,0
119435,3,9.52,-0.52,-7.259,-6.062,-2.040,0,0
119485,3,9.52,0.00,-7.245,-6.072,-2.049,0,0
119537,3,9.52,-0.50,-7.259,-6.043,-2.045,0,0
119589,3,9.55,0.86,-7.235,-6.072,-2.021,0,0
119640,3,9.52,0.00,-7.250,-6.081,-2.006,0,0
119692,3,9.53,-0.54,-7.264,-6.062,-2.045,0,0
119743,3,9.51,-0.47,-7.259,-6.072,-2.040,0,0
119795,3,9.50,0.00,-7.250,-6.076,-1.997,0,0
119847,3,9.50,0.00,-7.259,-6.062,-2.021,0,0
119897,3,9.49,-0.50,-7.235,-6.067,-2.040,0,0
119948,3,9.52,1.34,-7.250,-6.096,-2.021,0,0
120000,3,9.52,0.00,-7.235,-6.091,-2.049,0,0
120052,3,9.51,-0.50,-7.250,-6.067,-2.021,0,0
120103,3,9.51,0.00,-7.254,-6.057,-2.049,0,0
120155,3,9.49,-0.52,-7.240,-6.100,-2.021,0,0
120206,3,9.49,0.00,-7.245,-6.062,-2.025,0,0
120258,3,9.51,0.52,-7.264,-6.057,-2.021,0,0
120310,3,9.49,-0.52,-7.245,-6.076,-2.016,0,0
120360,3,9.53,0.00,-7.250,-6.081,-2.021,0,0
120410,3,9.51,0.00,-7.245,-6.096,-2.045,0,0
120460,3,9.51,0.00,-7.264,-6.081,-2.030,0,0
120510,3,9.53,0.00,-7.245,-6.072,-2.049,0,0
120562,3,9.56,0.47,-7.269,-6.062,-2.040,0,0
120613,3,9.56,0.00,-7.245,-6.076,-2.025,0,0
120665,3,9.57,0.00,-7.259,-6.057,-2.040,0,0
120716,3,9.61,1.32,-7.259,-6.067,-2.006,0,0
120767,3,9.61,0.00,-7.259,-6.081,-2.040,0,0
120818,3,9.61,0.00,-7.254,-6.086,-2.059,0,0
120870,3,9.61,0.00,-7.245,-6.086,-2.011,0,0
120925,3,9.61,0.00,-7.259,-6.086,-2.030,0,0
120977,3,9.59,-0.52,-7.274,-6.062,-2.030,0,0
121028,3,9.59,0.00,-7.269,-6.081,-2.016,0,0
121079,3,9.59,0.00,-7.240,-6.081,-2.035,0,0
121130,3,9.58,0.00,-7.274,-6.072,-2.021,0,0
121182,3,9.59,-0.52,-7.259,-6.067,-1.992,0,0
121233,3,9.59,0.00,-7.235,-6.072,-2.006,0,0
121285,3,9.60,-1.03,-7.250,-6.053,-2.021,0,0
121337,3,9.62,0.82,-7.240,-6.053,-2.054,0,0
121388,3,9.59,0.00,-7.264,-6.062,-2.006,0,0
121438,3,9.63,0.00,-7.259,-6.057,-2.025,0,0
121488,3,9.63,0.00,-7.254,-6.081,-2.035,0,0
121540,3,9.64,0.00,-7.259,-6.062,-2.054,0,0
121591,3,9.63,-0.52,-7.240,-6.048,-2.025,0,0
121643,3,9.63,0.00,-7.245,-6.062,-2.059,0,0
121695,3,9.69,1.83,-7.264,-6.072,-2.030,0,0
121746,3,9.71,0.54,-7.264,-6.067,-2.025,0,0
121798,3,9.71,0.00,-7.235,-6.062,-2.045,0,0
121849,3,9.67,0.00,-7.269,-6.048,-2.035,0,0
121901,3,9.67,0.00,-7.259,-6.062,-2.016,0,0
121953,3,9.68,-0.50,-7.259,-6.072,-2.025,0,0
122003,3,9.68,0.00,-7.259,-6.053,-2.030,0,0
122054,3,9.65,0.00,-7.254,-6.067,-2.045,0,0
122106,3,9.64,0.00,-7.259,-6.053,-2.006,0,0
122158,3,9.69,1.34,-7.269,-6.053,-2.049,0,0
122209,3,9.68,-0.52,-7.245,-6.067,-2.040,0,0
122261,3,9.67,-1.04,-7.235,-6.067,-1.997,0,0
122312,3,9.66,-0.50,-7.240,-6.081,-2.030,0,0
122363,3,9.68,0.00,-7.264,-6.067,-2.049,0,0
122413,3,9.69,0.89,-7.264,-6.072,-2.006,0,0
122463,3,9.66,-1.09,-7.264,-6.072,-2.016,0,0
122516,3,9.68,0.00,-7.254,-6.072,-2.030,0,0
122567,3,9.68,0.80,-7.221,-6.067,-2.035,0,0
122619,3,9.67,-0.50,-7.250,-6.076,-2.021,0,0
122670,3,9.70,0.00,-7.245,-6.057,-2.016,0,0
122722,3,9.69,-0.52,-7.259,-6.057,-2.054,0,0
122774,3,9.67,0.00,-7.269,-6.081,-2.040,0,0
122825,3,9.66,-1.85,-7.269,-6.081,-2.064,0,0
122877,3,9.70,1.34,-7.254,-6.038,-2.025,0,0
122927,3,9.71,0.50,-7.245,-6.062,-2.021,0,0
122983,3,9.71,0.00,-7.254,-6.072,-2.059,0,0
123035,3,9.71,0.00,-7.254,-6.067,-2.049,0,0
123085,3,9.71,0.00,-7.254,-6.072,-2.025,0,0
123137,3,9.71,0.00,-7.264,-6.067,-2.006,0,0
123188,3,9.73,0.82,-7.250,-6.053,-2.002,0,0
123240,3,9.71,0.00,-7.254,-6.072,-2.045,0,0
123291,3,9.69,0.00,-7.264,-6.062,-2.030,0,0
123344,3,9.69,0.00,-7.254,-6.053,-2.025,0,0
123394,3,9.74,0.00,-7.245,-6.067,-2.030,0,0
123444,3,9.73,-0.52,-7.250,-6.057,-2.021,0,0
123495,3,9.73,0.00,-7.235,-6.048,-2.011,0,0
123546,3,9.72,0.00,-7.250,-6.057,-2.049,0,0
123598,3,9.75,0.00,-7.254,-6.057,-2.059,0,0
123649,3,9.75,0.00,-7.254,-6.053,-2.021,0,0
123701,3,9.79,0.00,-7.259,-6.067,-2.011,0,0
123753,3,9.77,-0.54,-7.259,-6.072,-2.030,0,0
123804,3,9.77,0.00,-7.226,-6.062,-2.045,0,0
123856,3,9.78,-0.50,-7.254,-6.076,-2.035,0,0
123907,3,9.80,0.00,-7.250,-6.053,-2.049,0,0
123959,3,9.79,0.00,-7.264,-6.072,-1.997,0,0
124011,3,9.81,0.84,-7.235,-6.076,-2.040,0,0
124061,3,9.80,-0.50,-7.264,-6.076,-2.045,0,0
124112,3,9.82,0.00,-7.240,-6.067,-2.006,0,0
124164,3,9.78,-0.50,-7.254,-6.067,-2.030,0,0
124216,3,9.80,0.80,-7.259,-6.053,-2.025,0,0
124267,3,9.76,-0.56,-7.240,-6.057,-2.016,0,0
124319,3,9.78,0.86,-7.245,-6.048,-2.011,0,0
124369,3,9.77,0.00,-7.254,-6.072,-2.011,0,0
124420,3,9.78,-0.54,-7.254,-6.062,-2.021,0,0
124470,3,9.80,0.89,-7.250,-6.062,-2.011,0,0
124519,3,9.79,0.00,-7.250,-6.072,-2.006,0,0
124571,3,9.79,-0.48,-7.264,-6.067,-2.030,0,0
124623,3,9.79,0.00,-7.250,-6.072,-2.049,0,0
124674,3,9.77,0.00,-7.235,-6.072,-2.054,0,0
124726,3,9.78,-0.50,-7.269,-6.053,-2.011,0,0
124777,3,9.77,0.00,-7.250,-6.096,-2.016,0,0
124829,3,9.75,-0.48,-7.230,-6.076,-2.002,0,0
124880,3,9.74,-0.52,-7.254,-6.057,-2.016,0,0
124931,3,9.73,-0.52,-7.259,-6.067,-2.035,0,0
124982,3,9.71,0.00,-7.264,-6.048,-2.021,0,0
125037,3,9.71,-0.07,-7.240,-6.076,-2.021,0,0
125089,3,9.73,0.80,-7.250,-6.076,-2.030,0,0
125139,3,9.73,0.00,-7.264,-6.081,-2.025,0,0
125190,3,9.69,-1.04,-7.245,-6.057,-2.025,0,0
125242,3,9.67,-0.48,-7.250,-6.048,-2.045,0,0
125294,3,9.65,-0.48,-7.254,-6.081,-2.049,0,0
125343,3,9.68,1.43,-7.269,-6.067,-2.040,0,0
125394,3,9.66,0.00,-7.259,-6.067,-2.006,0,0
125444,3,9.72,2.54,-7.245,-6.081,-2.059,0,0
125494,3,9.73,0.56,-7.250,-6.081,-2.025,0,0
125546,3,9.73,0.00,-7.254,-6.057,-2.040,0,0
125598,3,9.75,0.00,-7.235,-6.062,-2.049,0,0
125649,3,9.75,0.00,-7.264,-6.072,-2.016,0,0
125701,3,9.75,0.00,-7.259,-6.067,-2.016,0,0
125752,3,9.73,-0.52,-7.264,-6.072,-2.025,0,0
125804,3,9.73,0.00,-7.259,-6.053,-2.030,0,0
125853,3,9.71,0.00,-7.259,-6.067,-2.035,0,0
125905,3,9.69,0.00,-7.245,-6.057,-2.045,0,0
125955,3,9.71,0.86,-7.245,-6.081,-2.011,0,0
126007,3,9.71,0.00,-7.274,-6.062,-2.035,0,0
126058,3,9.69,-0.54,-7.259,-6.081,-2.030,0,0
126110,3,9.67,-0.48,-7.235,-6.076,-2.011,0,0
126161,3,9.63,-0.50,-7.245,-6.067,-2.021,0,0
126213,3,9.62,-0.48,-7.264,-6.062,-2.016,0,0
126264,3,9.60,0.00,-7.259,-6.067,-1.992,0,0
126316,3,9.58,-1.01,-7.245,-6.062,-2.011,0,0
126366,3,9.56,0.00,-7.250,-6.062,-2.025,0,0
126417,3,9.52,-0.56,-7.259,-6.086,-2.025,0,0
126467,3,9.52,0.00,-7.264,-6.062,-2.011,0,0
126520,3,9.52,0.00,-7.259,-6.072,-2.040,0,0
126571,3,9.54,0.00,-7.240,-6.081,-2.002,0,0
126623,3,9.53,-0.56,-7.274,-6.067,-1.997,0,0
126674,3,9.53,0.00,-7.250,-6.057,-2.030,0,0
126726,3,9.53,0.52,-7.240,-6.076,-2.025,0,0
126778,3,9.53,0.00,-7.254,-6.057,-1.987,0,0
126829,3,9.52,0.00,-7.245,-6.086,-2.016,0,0
126881,3,9.52,0.00,-7.250,-6.072,-2.035,0,0
126931,3,9.52,0.00,-7.245,-6.086,-2.030,0,0
126983,3,9.52,0.00,-7.264,-6.062,-2.030,0,0
127034,3,9.49,-0.52,-7.250,-6.067,-2.025,0,0
127088,3,9.49,0.00,-7.254,-6.067,-2.016,0,0
127138,3,9.49,0.00,-7.264,-6.081,-2.021,0,0
127189,3,9.48,-0.50,-7.254,-6.067,-2.006,0,0
127241,3,9.51,1.31,-7.269,-6.086,-2.011,0,0
127293,3,9.50,0.00,-7.269,-6.062,-2.021,0,0
127342,3,9.48,0.00,-7.245,-6.076,-1.997,0,0
127393,3,9.50,0.00,-7.259,-6.048,-2.011,0,0
127443,3,9.50,0.00,-7.254,-6.072,-2.006,0,0
127493,3,9.53,1.43,-7.250,-6.072,-2.011,0,0
127545,3,9.53,0.00,-7.269,-6.057,-2.011,0,0
127596,3,9.50,-0.47,-7.250,-6.067,-2.021,0,0
127648,3,9.51,0.47,-7.254,-6.076,-2.030,0,0
127700,3,9.50,0.00,-7.274,-6.072,-2.035,0,0
127751,3,9.48,-0.52,-7.269,-6.067,-2.021,0,0
127803,3,9.48,0.00,-7.235,-6.062,-2.030,0,0
127854,3,9.48,1.25,-7.240,-6.057,-2.016,0,0
127906,3,9.48,0.00,-7.245,-6.067,-2.002,0,0
127958,3,9.45,0.00,-7.230,-6.057,-2.040,0,0
128008,3,9.45,0.00,-7.254,-6.067,-1.997,0,0
128059,3,9.45,0.00,-7.254,-6.081,-2.021,0,0
128111,3,9.43,-0.91,-7.254,-6.062,-2.049,0,0
128163,3,9.43,0.00,-7.269,-6.072,-2.002,0,0
128214,3,9.44,0.54,-7.250,-6.072,-2.002,0,0
128266,3,9.44,0.00,-7.245,-6.057,-2.030,0,0
128317,3,9.42,-0.86,-7.254,-6.086,-2.016,0,0
128368,3,9.42,0.00,-7.245,-6.053,-1.997,0,0
128418,3,9.42,0.00,-7.264,-6.053,-2.025,0,0
128468,3,9.42,0.00,-7.245,-6.062,-2.016,0,0
128518,3,9.42,0.00,-7.240,-6.067,-2.021,0,0
128570,3,9.42,0.50,-7.278,-6.062,-2.016,0,0
128621,3,9.45,1.32,-7.254,-6.072,-2.011,0,0
128673,3,9.44,0.00,-7.240,-6.072,-2.011,0,0
128724,3,9.44,0.00,-7.269,-6.062,-2.030,0,0
128776,3,9.43,-0.58,-7.240,-6.081,-2.021,0,0
128828,3,9.45,1.36,-7.283,-6.067,-2.021,0,0
128878,3,9.45,0.00,-7.264,-6.072,-1.992,0,0
128929,3,9.45,0.00,-7.269,-6.067,-2.016,0,0
128981,3,9.45,0.00,-7.269,-6.072,-1.992,0,0
129030,3,9.45,0.00,-7.254,-6.072,-2.021,0,0
129082,3,9.46,-0.75,-7.259,-6.076,-2.078,0,0
129136,3,9.43,-0.41,-7.264,-6.072,-2.016,0,0
129188,3,9.43,0.00,-7.250,-6.062,-2.025,0,0
129239,3,9.43,0.00,-7.245,-6.067,-2.025,0,0
129290,3,9.43,0.00,-7.264,-6.067,-1.997,0,0
129339,3,9.41,-0.50,-7.254,-6.057,-2.021,0,0
129390,3,9.41,0.00,-7.245,-6.072,-2.045,0,0
129440,3,9.41,0.00,-7.269,-6.076,-2.025,0,0
129491,3,9.42,0.00,-7.254,-6.067,-1.987,0,0
129542,3,9.43,0.56,-7.259,-6.076,-2.035,0,0
129594,3,9.43,0.00,-7.250,-6.062,-2.021,0,0
129645,3,9.45,0.00,-7.254,-6.072,-2.021,0,0
129697,3,9.41,-1.47,-7.245,-6.072,-2.025,0,0
129748,3,9.43,0.00,-7.250,-6.072,-2.006,0,0
129800,3,9.44,0.54,-7.250,-6.076,-2.069,0,0
129852,3,9.45,0.00,-7.235,-6.067,-2.016,0,0
129903,3,9.47,0.54,-7.259,-6.057,-2.025,0,0
129955,3,9.44,0.00,-7.264,-6.062,-2.021,0,0
130006,3,9.47,0.56,-7.259,-6.062,-2.040,0,0
130058,3,9.49,0.47,-7.250,-6.072,-2.021,0,0
130110,3,9.46,0.00,-7.254,-6.072,-2.030,0,0
130160,3,9.48,0.50,-7.274,-6.072,-2.002,0,0
130212,3,9.51,0.54,-7.269,-6.072,-1.997,0,0
130263,3,9.52,0.47,-7.250,-6.072,-2.030,0,0
130315,3,9.53,0.00,-7.259,-6.062,-2.021,0,0
130365,3,9.57,0.54,-7.250,-6.072,-2.011,0,0
130415,3,9.55,-0.87,-7.254,-6.072,-2.025,0,0
130466,3,9.56,0.00,-7.221,-6.072,-2.025,0,0
130515,3,9.58,0.00,-7.254,-6.062,-2.006,0,0
130567,3,9.58,0.00,-7.264,-6.067,-2.045,0,0
130619,3,9.54,-0.47,-7.254,-6.081,-2.035,0,0
130670,3,9.54,0.00,-7.264,-6.076,-2.011,0,0
130722,3,9.56,0.00,-7.235,-6.076,-2.025,0,0
130773,3,9.56,0.00,-7.250,-6.062,-2.016,0,0
130825,3,9.57,0.00,-7.259,-6.062,-2.011,0,0
130877,3,9.56,-0.58,-7.250,-6.048,-2.059,0,0
130928,3,9.57,0.54,-7.274,-6.057,-2.006,0,0
130980,3,9.57,0.00,-7.250,-6.076,-2.049,0,0
131030,3,9.57,0.00,-7.250,-6.057,-2.049,0,0
131082,3,9.58,0.00,-7.259,-6.081,-2.011,0,0
131133,3,9.57,-0.47,-7.250,-6.067,-2.025,0,0
131188,3,9.57,0.00,-7.264,-6.053,-2.035,0,0
131240,3,9.52,0.00,-7.245,-6.072,-2.045,0,0
131291,3,9.53,0.52,-7.250,-6.057,-2.035,0,0
131344,3,9.53,0.00,-7.235,-6.067,-2.016,0,0
131394,3,9.53,0.00,-7.259,-6.053,-2.040,0,0
131444,3,9.55,0.00,-7.278,-6.067,-2.025,0,0
131495,3,9.55,0.00,-7.250,-6.038,-2.035,0,0
131545,3,9.51,-1.34,-7.254,-6.076,-2.011,0,0
131597,3,9.51,0.00,-7.250,-6.072,-2.016,0,0
131648,3,9.52,0.48,-7.245,-6.072,-2.016,0,0
131700,3,9.52,0.00,-7.264,-6.062,-2.025,0,0
131751,3,9.52,0.00,-7.259,-6.057,-2.025,0,0
131803,3,9.50,0.52,-7.259,-6.086,-2.049,0,0
131855,3,9.52,0.00,-7.245,-6.081,-2.045,0,0
131906,3,9.54,0.54,-7.250,-6.067,-2.006,0,0
131958,3,9.56,0.48,-7.254,-6.076,-2.006,0,0
132009,3,9.56,0.00,-7.235,-6.053,-2.011,0,0
132061,3,9.57,0.52,-7.259,-6.062,-2.021,0,0
132113,3,9.57,0.00,-7.254,-6.057,-2.040,0,0
132164,3,9.53,0.00,-7.254,-6.062,-2.025,0,0
132216,3,9.55,0.52,-7.264,-6.062,-2.030,0,0
132266,3,9.56,0.50,-7.250,-6.048,-2.030,0,0
132318,3,9.53,0.00,-7.264,-6.062,-2.045,0,0
132368,3,9.57,0.52,-7.230,-6.072,-2.025,0,0
132418,3,9.59,1.09,-7.254,-6.067,-2.025,0,0
132469,3,9.59,0.00,-7.269,-6.076,-2.002,0,0
132518,3,9.57,0.56,-7.269,-6.076,-2.035,0,0
132570,3,9.57,0.00,-7.259,-6.076,-2.016,0,0
132621,3,9.57,0.00,-7.240,-6.072,-2.035,0,0
132673,3,9.57,0.00,-7.259,-6.076,-2.049,0,0
132725,3,9.57,0.00,-7.240,-6.053,-2.030,0,0
132776,3,9.56,0.00,-7.274,-6.062,-2.030,0,0
132828,3,9.57,0.52,-7.245,-6.053,-2.011,0,0
132879,3,9.56,-0.52,-7.259,-6.033,-2.030,0,0
132931,3,9.55,-0.48,-7.269,-6.076,-2.002,0,0
132983,3,9.51,0.00,-7.264,-6.062,-2.011,0,0
133034,3,9.53,1.34,-7.259,-6.057,-1.997,0,0
133086,3,9.53,0.00,-7.274,-6.086,-2.006,0,0
133136,3,9.50,-1.01,-7.269,-6.057,-2.002,0,0
133188,3,9.50,0.00,-7.264,-6.067,-2.040,0,0
133249,3,9.49,-0.17,-7.254,-6.067,-2.011,0,0
133301,3,9.45,-1.36,-7.259,-6.072,-2.002,0,0
133351,3,9.45,0.00,-7.254,-6.067,-2.030,0,0
133401,3,9.47,0.00,-7.240,-6.067,-2.025,0,0
133451,3,9.47,0.00,-7.259,-6.067,-2.045,0,0
133501,3,9.47,0.00,-7.240,-6.072,-2.016,0,0
133552,3,9.42,-1.85,-7.259,-6.048,-2.016,0,0
133603,3,9.42,0.00,-7.269,-6.076,-2.035,0,0
133655,3,9.42,0.00,-7.250,-6.053,-2.025,0,0
133707,3,9.42,0.00,-7.264,-6.053,-2.030,0,0
133758,3,9.40,0.00,-7.235,-6.076,-2.016,0,0
133810,3,9.40,0.00,-7.254,-6.062,-2.035,0,0
133861,3,9.37,0.00,-7.240,-6.081,-2.002,0,0
133913,3,9.39,0.52,-7.274,-6.072,-2.025,0,0
133965,3,9.39,0.00,-7.269,-6.062,-2.002,0,0
134016,3,9.39,0.00,-7.254,-6.043,-2.011,0,0
134068,3,9.41,0.52,-7.254,-6.072,-2.045,0,0
134119,3,9.41,0.00,-7.264,-6.053,-2.016,0,0
134171,3,9.37,-1.85,-7.254,-6.076,-2.025,0,0
134223,3,9.39,0.00,-7.264,-6.057,-2.035,0,0
134273,3,9.39,0.00,-7.245,-6.067,-2.045,0,0
134325,3,9.39,0.00,-7.254,-6.086,-2.030,0,0
134375,3,9.39,0.00,-7.250,-6.067,-2.059,0,0
134425,3,9.34,-1.99,-7.274,-6.057,-2.059,0,0
134476,3,9.32,0.00,-7.240,-6.053,-2.002,0,0
134525,3,9.32,0.00,-7.245,-6.057,-1.997,0,0
134577,3,9.34,0.82,-7.254,-6.072,-2.016,0,0
134628,3,9.33,0.00,-7.250,-6.062,-2.011,0,0
134680,3,9.33,0.00,-7.250,-6.067,-2.040,0,0
134731,3,9.32,0.00,-7.240,-6.062,-2.021,0,0
134783,3,9.32,0.00,-7.245,-6.067,-2.011,0,0
134835,3,9.30,0.00,-7.264,-6.057,-2.016,0,0
134886,3,9.30,0.00,-7.240,-6.062,-2.040,0,0
134938,3,9.29,-0.52,-7.245,-6.053,-2.040,0,0
134989,3,9.29,0.00,-7.274,-6.062,-2.016,0,0
135041,3,9.31,0.84,-7.259,-6.062,-2.025,0,0
135093,3,9.31,0.00,-7.264,-6.048,-2.025,0,0
135143,3,9.31,0.00,-7.254,-6.057,-2.011,0,0
135195,3,9.30,0.00,-7.254,-6.057,-2.049,0,0
135246,3,9.30,0.00,-7.254,-6.057,-2.054,0,0
135301,3,9.30,0.00,-7.259,-6.062,-2.021,0,0
135351,3,9.28,-0.58,-7.259,-6.086,-2.021,0,0
135401,3,9.30,0.00,-7.264,-6.057,-1.992,0,0
135452,3,9.28,1.43,-7.259,-6.062,-2.025,0,0
135502,3,9.24,-1.95,-7.250,-6.062,-2.035,0,0
135552,3,9.24,0.00,-7.240,-6.053,-2.011,0,0
135604,3,9.24,0.00,-7.245,-6.057,-2.025,0,0
135655,3,9.21,-0.52,-7.269,-6.057,-2.021,0,0
135707,3,9.19,-0.48,-7.269,-6.076,-2.054,0,0
135758,3,9.18,-0.52,-7.245,-6.053,-2.006,0,0
135810,3,9.20,0.84,-7.250,-6.048,-2.040,0,0
135862,3,9.20,0.00,-7.250,-6.072,-2.030,0,0
135913,3,9.17,-0.52,-7.230,-6.062,-2.035,0,0
135965,3,9.17,0.00,-7.245,-6.062,-2.025,0,0
136016,3,9.17,0.00,-7.259,-6.081,-2.035,0,0
136068,3,9.21,1.36,-7.240,-6.076,-2.016,0,0
136120,3,9.21,0.00,-7.274,-6.072,-2.030,0,0
136171,3,9.17,-1.36,-7.259,-6.067,-2.035,0,0
136223,3,9.16,-0.48,-7.264,-6.057,-2.040,0,0
136273,3,9.15,-0.54,-7.245,-6.053,-2.049,0,0
136322,3,9.15,0.00,-7.254,-6.091,-2.064,0,0
136372,3,9.13,-1.45,-7.264,-6.086,-2.049,0,0
136423,3,9.13,0.00,-7.269,-6.072,-2.059,0,0
136473,3,9.10,0.00,-7.254,-6.057,-2.035,0,0
136525,3,9.10,0.00,-7.245,-6.067,-2.054,0,0
136577,3,9.08,-0.73,-7.254,-6.057,-2.006,0,0
136628,3,9.10,0.00,-7.254,-6.057,-2.040,0,0
136680,3,9.09,-0.84,-7.245,-6.076,-1.987,0,0
136732,3,9.10,0.00,-7.269,-6.053,-2.035,0,0
136783,3,9.09,0.56,-7.250,-6.053,-2.030,0,0
136835,3,9.07,-0.84,-7.250,-6.072,-2.059,0,0
136886,3,9.08,1.04,-7.264,-6.062,-2.025,0,0
136938,3,9.09,0.50,-7.250,-6.062,-1.982,0,0
136990,3,9.07,0.00,-7.259,-6.038,-2.006,0,0
137041,3,9.08,0.52,-7.269,-6.067,-2.016,0,0
137093,3,9.08,0.00,-7.274,-6.062,-2.030,0,0
137144,3,9.07,0.54,-7.259,-6.081,-1.963,0,0
137195,3,9.07,0.00,-7.278,-6.057,-2.035,0,0
137246,3,9.10,1.04,-7.240,-6.067,-2.021,0,0
137298,3,9.08,-0.82,-7.254,-6.067,-2.054,0,0
137353,3,9.09,0.18,-7.254,-6.076,-2.002,0,0
137403,3,9.09,0.00,-7.269,-6.076,-2.054,0,0
137454,3,9.09,0.00,-7.245,-6.062,-1.992,0,0
137504,3,9.09,0.00,-7.235,-6.072,-2.021,0,0
137554,3,9.09,0.00,-7.254,-6.081,-2.002,0,0
137606,3,9.10,0.00,-7.240,-6.057,-2.002,0,0
137657,3,9.14,0.52,-7.254,-6.072,-2.021,0,0
137709,3,9.14,0.00,-7.264,-6.043,-2.040,0,0
137760,3,9.14,0.00,-7.250,-6.072,-1.978,0,0
137812,3,9.14,0.00,-7.259,-6.043,-2.049,0,0
137863,3,9.14,0.00,-7.245,-6.062,-2.006,0,0
137915,3,9.15,0.48,-7.235,-6.057,-2.021,0,0
137967,3,9.17,0.58,-7.274,-6.029,-2.016,0,0
138018,3,9.17,0.00,-7.264,-6.067,-2.011,0,0
138070,3,9.18,0.50,-7.259,-6.072,-2.025,0,0
138121,3,9.18,0.00,-7.278,-6.062,-2.006,0,0
138173,3,9.20,0.50,-7.254,-6.053,-1.997,0,0
138225,3,9.18,-0.50,-7.245,-6.062,-2.049,0,0
138275,3,9.20,0.50,-7.259,-6.048,-1.992,0,0
138324,3,9.16,0.00,-7.259,-6.062,-2.040,0,0
138375,3,9.15,-0.54,-7.264,-6.076,-2.045,0,0
138425,3,9.15,0.00,-7.259,-6.067,-1.987,0,0
138475,3,9.11,0.00,-7.245,-6.057,-2.006,0,0
138527,3,9.12,0.00,-7.254,-6.081,-2.049,0,0
138579,3,9.11,-0.47,-7.264,-6.086,-2.011,0,0
138630,3,9.15,0.00,-7.245,-6.072,-2.030,0,0
138682,3,9.15,0.00,-7.250,-6.053,-2.025,0,0
138734,3,9.15,0.00,-7.269,-6.062,-2.011,0,0
138785,3,9.15,0.00,-7.264,-6.057,-2.030,0,0
138837,3,9.17,0.91,-7.264,-6.076,-2.016,0,0
138888,3,9.15,-0.54,-7.254,-6.067,-2.011,0,0
138940,3,9.23,1.32,-7.274,-6.057,-2.002,0,0
138992,3,9.20,0.00,-7.259,-6.072,-2.045,0,0
139043,3,9.22,-0.52,-7.278,-6.062,-2.025,0,0
139095,3,9.24,0.86,-7.269,-6.057,-2.040,0,0
139145,3,9.24,0.00,-7.250,-6.053,-2.021,0,0
139197,3,9.27,0.00,-7.250,-6.057,-2.030,0,0
139248,3,9.29,0.80,-7.259,-6.062,-1.997,0,0
139300,3,9.30,0.52,-7.240,-6.053,-2.025,0,0
139349,3,9.30,0.00,-7.254,-6.053,-2.025,0,0
139406,3,9.32,0.20,-7.259,-6.081,-2.030,0,0
139456,3,9.30,-0.54,-7.250,-6.043,-2.025,0,0
139507,3,9.32,0.56,-7.254,-6.067,-2.049,0,0
139556,3,9.30,0.00,-7.259,-6.053,-2.035,0,0
139607,3,9.35,1.73,-7.264,-6.062,-2.021,0,0
139658,3,9.34,-0.47,-7.245,-6.062,-1.968,0,0
139710,3,9.37,1.32,-7.278,-6.067,-2.049,0,0
139761,3,9.36,0.00,-7.259,-6.057,-2.025,0,0
139813,3,9.34,0.00,-7.264,-6.053,-2.021,0,0
139862,3,9.33,-0.48,-7.250,-6.057,-2.006,0,0
139914,3,9.34,-0.50,-7.264,-6.081,-1.997,0,0
139965,3,9.38,1.36,-7.278,-6.076,-2.030,0,0
140017,3,9.36,0.00,-7.264,-6.053,-2.011,0,0
140068,3,9.36,-0.52,-7.250,-6.072,-2.016,0,0
140120,3,9.37,1.34,-7.259,-6.076,-2.030,0,0
140172,3,9.33,-0.50,-7.269,-6.062,-2.035,0,0
140222,3,9.33,0.00,-7.254,-6.067,-2.011,0,0
140274,3,9.35,0.00,-7.245,-6.048,-2.035,0,0
140325,3,9.35,0.00,-7.254,-6.053,-2.045,0,0
140375,3,9.35,0.54,-7.264,-6.062,-2.021,0,0
140426,3,9.37,0.89,-7.250,-6.053,-2.025,0,0
140476,3,9.37,0.00,-7.264,-6.053,-2.040,0,0
140527,3,9.38,0.52,-7.264,-6.072,-2.016,0,0
140576,3,9.38,0.00,-7.259,-6.067,-2.021,0,0
140628,3,9.42,0.00,-7.250,-6.072,-2.021,0,0
140677,3,9.41,-0.50,-7.254,-6.067,-2.040,0,0
140729,3,9.41,0.00,-7.254,-6.062,-2.025,0,0
140780,3,9.34,-0.50,-7.250,-6.081,-2.021,0,0
140832,3,9.34,0.00,-7.245,-6.057,-2.025,0,0
140883,3,9.34,0.00,-7.264,-6.072,-2.011,0,0
140935,3,9.36,0.00,-7.269,-6.081,-2.035,0,0
140987,3,9.37,0.00,-7.250,-6.062,-2.011,0,0
141037,3,9.37,0.00,-7.259,-6.057,-2.025,0,0
141089,3,9.37,0.00,-7.269,-6.067,-2.035,0,0
141140,3,9.37,0.00,-7.259,-6.081,-2.011,0,0
141192,3,9.38,0.48,-7.250,-6.067,-2.030,0,0
141243,3,9.35,-1.30,-7.259,-6.062,-2.035,0,0
141295,3,9.36,0.52,-7.264,-6.062,-2.025,0,0
141345,3,9.36,0.00,-7.264,-6.057,-2.045,0,0
141395,3,9.37,0.00,-7.259,-6.076,-2.030,0,0
141453,3,9.40,0.41,-7.250,-6.057,-2.045,0,0
141504,3,9.42,0.50,-7.264,-6.062,-2.040,0,0
141554,3,9.38,0.00,-7.254,-6.067,-2.040,0,0
141606,3,9.39,0.50,-7.269,-6.076,-2.016,0,0
141656,3,9.39,0.00,-7.259,-6.072,-2.021,0,0
141708,3,9.42,0.00,-7.259,-6.067,-2.045,0,0
141759,3,9.40,-0.48,-7.264,-6.067,-2.025,0,0
141811,3,9.39,0.00,-7.264,-6.076,-2.035,0,0
141862,3,9.37,-0.52,-7.264,-6.053,-2.011,0,0
141914,3,9.40,0.00,-7.254,-6.067,-2.035,0,0
141966,3,9.37,-0.48,-7.259,-6.053,-2.006,0,0
142017,3,9.37,0.00,-7.245,-6.062,-2.035,0,0
142069,3,9.38,-0.56,-7.264,-6.057,-2.011,0,0
142120,3,9.36,-0.50,-7.240,-6.062,-2.006,0,0
142172,3,9.39,0.00,-7.269,-6.062,-2.035,0,0
142223,3,9.37,0.00,-7.264,-6.062,-2.025,0,0
142275,3,9.40,0.00,-7.269,-6.048,-2.025,0,0
142327,3,9.38,0.00,-7.274,-6.053,-2.049,0,0
142377,3,9.38,0.00,-7.250,-6.048,-2.054,0,0
142428,3,9.38,0.00,-7.278,-6.067,-2.011,0,0
142478,3,9.40,0.93,-7.254,-6.067,-2.030,0,0
142528,3,9.40,0.00,-7.245,-6.057,-2.030,0,0
142579,3,9.40,0.00,-7.250,-6.057,-2.045,0,0
142630,3,9.39,-0.50,-7.264,-6.062,-2.002,0,0
142682,3,9.39,-0.50,-7.254,-6.062,-2.021,0,0
142733,3,9.38,-0.56,-7.250,-6.076,-2.025,0,0
142785,3,9.43,0.00,-7.259,-6.053,-2.016,0,0
142837,3,9.41,0.00,-7.254,-6.076,-2.011,0,0
142888,3,9.40,0.00,-7.269,-6.057,-2.040,0,0
142940,3,9.39,0.00,-7.269,-6.067,-2.035,0,0
142991,3,9.39,0.00,-7.269,-6.053,-2.025,0,0
143043,3,9.37,0.00,-7.274,-6.062,-2.025,0,0
143095,3,9.37,0.50,-7.259,-6.076,-2.045,0,0
143146,3,9.39,0.00,-7.245,-6.053,-2.030,0,0
143198,3,9.39,0.00,-7.278,-6.057,-2.025,0,0
143249,3,9.38,-0.58,-7.259,-6.053,-2.016,0,0
143300,3,9.38,0.00,-7.254,-6.067,-2.049,0,0
143350,3,9.38,0.00,-7.278,-6.057,-2.054,0,0
143400,3,9.38,0.00,-7.264,-6.072,-2.016,0,0
143450,3,9.37,-0.52,-7.250,-6.048,-2.025,0,0
143507,3,9.34,-0.37,-7.278,-6.067,-2.035,0,0
143558,3,9.36,0.00,-7.274,-6.048,-2.025,0,0
143609,3,9.36,0.00,-7.264,-6.062,-2.035,0,0
143660,3,9.36,0.00,-7.254,-6.067,-2.030,0,0
143712,3,9.34,-0.48,-7.283,-6.057,-2.030,0,0
143763,3,9.34,0.00,-7.245,-6.053,-2.045,0,0
143815,3,9.37,0.00,-7.274,-6.062,-1.997,0,0
143867,3,9.37,0.00,-7.259,-6.067,-2.049,0,0
143918,3,9.39,-1.01,-7.298,-6.043,-2.025,0,0
143970,3,9.36,-1.34,-7.250,-6.072,-2.021,0,0
144021,3,9.37,0.00,-7.269,-6.053,-2.045,0,0
144073,3,9.37,0.00,-7.259,-6.053,-2.016,0,0
144125,3,9.38,0.54,-7.254,-6.086,-2.030,0,0
144176,3,9.40,0.54,-7.259,-6.067,-2.016,0,0
144228,3,9.36,-1.36,-7.269,-6.057,-2.025,0,0
144278,3,9.36,0.00,-7.250,-6.057,-2.045,0,0
144327,3,9.35,-0.56,-7.254,-6.062,-2.040,0,0
144378,3,9.35,0.00,-7.254,-6.057,-2.040,0,0
144428,3,9.35,0.00,-7.259,-6.057,-2.002,0,0
144478,3,9.35,0.00,-7.259,-6.053,-2.035,0,0
144530,3,9.35,0.00,-7.250,-6.053,-2.016,0,0
144582,3,9.34,-0.48,-7.269,-6.038,-2.021,0,0
144634,3,9.34,0.00,-7.269,-6.053,-2.021,0,0
144685,3,9.34,0.00,-7.278,-6.048,-2.030,0,0
144737,3,9.36,0.82,-7.240,-6.067,-2.054,0,0
144788,3,9.36,0.00,-7.259,-6.062,-2.049,0,0
144840,3,9.34,0.52,-7.259,-6.033,-2.025,0,0
144892,3,9.34,0.00,-7.254,-6.076,-2.025,0,0
144943,3,9.35,0.52,-7.254,-6.062,-2.035,0,0
144995,3,9.35,0.00,-7.259,-6.053,-1.992,0,0
145046,3,9.38,0.50,-7.250,-6.067,-2.002,0,0
145098,3,9.38,0.00,-7.269,-6.067,-2.021,0,0
145149,3,9.40,0.00,-7.245,-6.062,-2.035,0,0
145200,3,9.40,0.00,-7.264,-6.072,-2.025,0,0
145251,3,9.40,0.00,-7.274,-6.053,-2.021,0,0
145303,3,9.40,0.00,-7.254,-6.057,-2.002,0,0
145353,3,9.39,0.00,-7.259,-6.067,-2.025,0,0
145403,3,9.39,0.00,-7.250,-6.053,-2.049,0,0
145454,3,9.39,0.00,-7.269,-6.062,-2.049,0,0
145504,3,9.40,0.00,-7.278,-6.072,-2.021,0,0
145557,3,9.42,0.20,-7.264,-6.053,-2.035,0,0
145609,3,9.39,-0.50,-7.245,-6.048,-2.021,0,0
145660,3,9.43,1.43,-7.259,-6.081,-2.016,0,0
145711,3,9.43,0.00,-7.240,-6.057,-2.045,0,0
145762,3,9.45,0.84,-7.240,-6.053,-2.035,0,0
145814,3,9.45,0.00,-7.283,-6.072,-1.982,0,0
145865,3,9.43,0.00,-7.274,-6.053,-2.002,0,0
145917,3,9.45,0.00,-7.254,-6.062,-2.011,0,0
145969,3,9.43,-0.50,-7.288,-6.072,-2.021,0,0
146020,3,9.46,1.49,-7.245,-6.048,-2.016,0,0
146072,3,9.45,0.00,-7.250,-6.038,-2.045,0,0
146123,3,9.49,1.34,-7.250,-6.048,-2.030,0,0
146175,3,9.47,0.00,-7.230,-6.057,-2.030,0,0
146227,3,9.47,0.00,-7.245,-6.067,-2.025,0,0
146278,3,9.46,-0.52,-7.240,-6.072,-2.045,0,0
146330,3,9.51,0.52,-7.264,-6.067,-2.011,0,0
146381,3,9.49,-0.52,-7.250,-6.072,-2.011,0,0
146431,3,9.49,0.00,-7.250,-6.067,-2.021,0,0
146481,3,9.48,-0.56,-7.269,-6.057,-2.016,0,0
146533,3,9.52,1.34,-7.269,-6.067,-2.049,0,0
146585,3,9.52,0.00,-7.245,-6.057,-2.002,0,0
146635,3,9.49,-0.82,-7.254,-6.053,-2.025,0,0
146687,3,9.51,0.00,-7.264,-6.072,-2.006,0,0
146738,3,9.52,-0.82,-7.245,-6.048,-2.011,0,0
146790,3,9.54,0.00,-7.245,-6.053,-2.021,0,0
146841,3,9.54,0.00,-7.274,-6.067,-2.035,0,0
146893,3,9.54,0.00,-7.250,-6.057,-2.025,0,0
146945,3,9.54,0.00,-7.264,-6.072,-2.030,0,0
146996,3,9.54,0.00,-7.264,-6.067,-2.002,0,0
147048,3,9.52,0.00,-7.269,-6.057,-2.045,0,0
147099,3,9.52,0.00,-7.264,-6.076,-2.040,0,0
147151,3,9.51,-0.52,-7.250,-6.067,-2.030,0,0
147203,3,9.51,0.00,-7.254,-6.067,-2.006,0,0
147254,3,9.49,-0.48,-7.264,-6.053,-2.045,0,0
147306,3,9.49,0.00,-7.245,-6.057,-2.011,0,0
147356,3,9.51,0.00,-7.274,-6.057,-2.069,0,0
147406,3,9.52,0.56,-7.230,-6.048,-2.040,0,0
147456,3,9.54,0.00,-7.250,-6.062,-2.035,0,0
147507,3,9.56,0.56,-7.278,-6.076,-2.021,0,0
147557,3,9.56,0.00,-7.254,-6.067,-2.045,0,0
147612,3,9.57,0.06,-7.259,-6.048,-2.025,0,0
147663,3,9.57,0.00,-7.245,-6.072,-2.016,0,0
147715,3,9.55,0.00,-7.278,-6.067,-2.049,0,0
147765,3,9.56,0.52,-7.259,-6.067,-2.021,0,0
147817,3,9.57,0.00,-7.245,-6.053,-2.040,0,0
147868,3,9.59,0.52,-7.245,-6.053,-2.040,0,0
147920,3,9.59,0.00,-7.269,-6.072,-2.049,0,0
147971,3,9.56,0.00,-7.264,-6.072,-2.035,0,0
148023,3,9.58,0.48,-7.240,-6.067,-2.035,0,0
148075,3,9.53,0.00,-7.269,-6.057,-2.049,0,0
148126,3,9.54,0.52,-7.269,-6.062,-2.021,0,0
148178,3,9.56,0.00,-7.259,-6.062,-2.011,0,0
148229,3,9.57,0.00,-7.254,-6.043,-2.035,0,0
148281,3,9.57,0.00,-7.240,-6.062,-2.045,0,0
148330,3,9.54,0.00,-7.269,-6.062,-2.035,0,0
148381,3,9.54,0.00,-7.235,-6.057,-2.030,0,0
148431,3,9.54,0.00,-7.254,-6.057,-2.049,0,0
148481,3,9.55,0.00,-7.254,-6.067,-2.049,0,0
148533,3,9.58,1.04,-7.250,-6.053,-1.997,0,0
148585,3,9.58,0.00,-7.259,-6.057,-2.025,0,0
148636,3,9.59,0.00,-7.259,-6.072,-2.021,0,0
148687,3,9.59,0.00,-7.264,-6.067,-2.016,0,0
148738,3,9.58,0.00,-7.274,-6.053,-2.016,0,0
148790,3,9.58,0.00,-7.269,-6.067,-2.016,0,0
148842,3,9.58,0.00,-7.250,-6.072,-2.040,0,0
148893,3,9.58,0.00,-7.245,-6.067,-2.059,0,0
148945,3,9.58,0.00,-7.264,-6.057,-2.011,0,0
148996,3,9.58,0.00,-7.269,-6.067,-2.045,0,0
149048,3,9.58,0.00,-7.264,-6.057,-2.016,0,0
149099,3,9.61,1.30,-7.274,-6.057,-2.025,0,0
149151,3,9.61,0.00,-7.259,-6.053,-2.040,0,0
149203,3,9.60,0.00,-7.245,-6.057,-2.035,0,0
149254,3,9.59,-0.48,-7.269,-6.057,-2.064,0,0
149306,3,9.57,0.00,-7.264,-6.062,-2.025,0,0
149356,3,9.55,0.22,-7.245,-6.062,-2.021,0,0
149406,3,9.55,0.00,-7.250,-6.072,-2.021,0,0
149457,3,9.54,0.00,-7.264,-6.076,-2.025,0,0
149507,3,9.55,-0.56,-7.245,-6.072,-2.011,0,0
149557,3,9.55,0.00,-7.259,-6.057,-2.002,0,0
149608,3,9.55,-0.50,-7.259,-6.057,-2.025,0,0
149662,3,9.53,-0.37,-7.254,-6.067,-2.021,0,0
149714,3,9.53,0.00,-7.293,-6.053,-2.025,0,0
149764,3,9.51,-0.52,-7.283,-6.067,-2.030,0,0
149816,3,9.50,0.00,-7.240,-6.038,-2.021,0,0
149867,3,9.50,0.00,-7.240,-6.053,-2.040,0,0
149919,3,9.49,-0.50,-7.264,-6.067,-2.006,0,0
149970,3,9.46,-0.52,-7.259,-6.062,-2.016,0,0
150022,3,9.44,-0.52,-7.230,-6.062,-2.030,0,0
150074,3,9.43,0.00,-7.240,-6.048,-2.040,0,0
150125,3,9.42,0.00,-7.240,-6.057,-2.025,0,0
150177,3,9.40,-0.54,-7.240,-6.062,-2.021,0,0
150228,3,9.39,0.00,-7.254,-6.053,-2.025,0,0
150280,3,9.38,-0.54,-7.264,-6.057,-2.035,0,0
150329,3,9.39,0.00,-7.226,-6.076,-2.045,0,0
150380,3,9.34,0.00,-7.264,-6.062,-2.016,0,0
150430,3,9.34,0.00,-7.278,-6.062,-2.025,0,0
150480,3,9.34,0.00,-7.245,-6.038,-2.040,0,0
150532,3,9.32,-1.34,-7.254,-6.062,-2.021,0,0
150584,3,9.32,0.00,-7.259,-6.057,-2.011,0,0
150635,3,9.33,0.50,-7.254,-6.057,-2.011,0,0
150686,3,9.33,0.00,-7.264,-6.062,-2.040,0,0
150737,3,9.37,0.00,-7.254,-6.048,-1.997,0,0
150789,3,9.34,-0.84,-7.269,-6.053,-2.021,0,0
150841,3,9.34,0.00,-7.250,-6.076,-2.030,0,0
150892,3,9.37,-0.50,-7.259,-6.053,-2.073,0,0
150944,3,9.35,0.00,-7.254,-6.067,-2.011,0,0
150995,3,9.33,-0.48,-7.264,-6.053,-2.054,0,0
151047,3,9.31,-0.52,-7.240,-6.053,-2.040,0,0
151099,3,9.33,-0.50,-7.254,-6.053,-1.992,0,0
151150,3,9.32,-0.54,-7.240,-6.062,-2.025,0,0
151202,3,9.34,0.00,-7.250,-6.053,-2.011,0,0
151253,3,9.32,-0.50,-7.264,-6.062,-2.025,0,0
151305,3,9.32,0.00,-7.264,-6.067,-2.021,0,0
151355,3,9.34,0.00,-7.269,-6.062,-2.021,0,0
151405,3,9.34,0.00,-7.245,-6.057,-2.030,0,0
151456,3,9.33,0.00,-7.259,-6.062,-2.025,0,0
151506,3,9.35,-0.54,-7.269,-6.062,-2.025,0,0
151556,3,9.35,0.00,-7.264,-6.057,-2.030,0,0
151608,3,9.35,0.00,-7.274,-6.048,-2.035,0,0
151659,3,9.35,0.00,-7.254,-6.043,-2.054,0,0
151717,3,9.35,0.00,-7.269,-6.062,-2.025,0,0
151768,3,9.35,0.00,-7.250,-6.062,-2.030,0,0
151819,3,9.35,0.00,-7.250,-6.057,-2.011,0,0
151870,3,9.36,0.00,-7.259,-6.033,-2.006,0,0
151922,3,9.36,0.00,-7.254,-6.043,-2.006,0,0
151973,3,9.36,0.00,-7.259,-6.076,-2.040,0,0
152025,3,9.36,0.00,-7.269,-6.053,-2.006,0,0
152077,3,9.36,0.00,-7.259,-6.072,-2.030,0,0
152128,3,9.38,0.84,-7.264,-6.067,-2.030,0,0
152180,3,9.38,0.00,-7.245,-6.072,-2.021,0,0
152231,3,9.36,-0.48,-7.259,-6.053,-2.021,0,0
152283,3,9.34,-0.52,-7.283,-6.067,-2.021,0,0
152332,3,9.34,0.00,-7.259,-6.053,-2.025,0,0
152383,3,9.36,0.56,-7.278,-6.062,-2.016,0,0
152433,3,9.39,1.39,-7.274,-6.072,-2.030,0,0
152484,3,9.41,0.00,-7.259,-6.062,-2.025,0,0
152535,3,9.41,0.48,-7.264,-6.062,-2.030,0,0
152587,3,9.36,-1.83,-7.250,-6.043,-2.016,0,0
152639,3,9.39,0.00,-7.264,-6.057,-2.025,0,0
152689,3,9.39,0.00,-7.264,-6.057,-2.025,0,0
152740,3,9.39,0.00,-7.259,-6.053,-2.021,0,0
152792,3,9.41,0.48,-7.259,-6.053,-2.025,0,0
152844,3,9.42,0.00,-7.254,-6.048,-2.021,0,0
152895,3,9.38,-1.36,-7.235,-6.048,-2.030,0,0
152947,3,9.43,0.00,-7.264,-6.053,-2.016,0,0
152998,3,9.42,-0.50,-7.259,-6.081,-2.025,0,0
153050,3,9.42,0.00,-7.259,-6.062,-2.025,0,0
153102,3,9.41,0.00,-7.269,-6.057,-2.025,0,0
153153,3,9.41,0.00,-7.269,-6.067,-2.002,0,0
153205,3,9.39,0.00,-7.254,-6.062,-2.035,0,0
153256,3,9.40,0.34,-7.259,-6.067,-2.025,0,0
153308,3,9.39,-0.50,-7.250,-6.053,-2.054,0,0
153358,3,9.41,-0.54,-7.264,-6.067,-2.035,0,0
153408,3,9.38,-1.11,-7.245,-6.067,-2.011,0,0
153459,3,9.40,0.00,-7.259,-6.048,-2.030,0,0
153509,3,9.40,0.00,-7.250,-6.057,-2.021,0,0
153559,3,9.40,0.00,-7.269,-6.053,-2.016,0,0
153611,3,9.44,0.00,-7.269,-6.062,-2.030,0,0
153662,3,9.47,1.36,-7.264,-6.057,-2.025,0,0
153714,3,9.47,0.00,-7.283,-6.062,-2.002,0,0
153774,3,9.52,0.64,-7.259,-6.024,-2.030,0,0
153826,3,9.52,0.00,-7.259,-6.062,-2.049,0,0
153876,3,9.51,-0.50,-7.259,-6.062,-2.035,0,0
153927,3,9.51,0.00,-7.245,-6.072,-2.035,0,0
153979,3,9.55,0.00,-7.254,-6.067,-2.064,0,0
154031,3,9.55,0.56,-7.264,-6.053,-1.997,0,0
154082,3,9.56,0.00,-7.264,-6.057,-2.002,0,0
154134,3,9.56,0.00,-7.269,-6.043,-2.073,0,0
154185,3,9.60,1.34,-7.274,-6.053,-2.030,0,0
154237,3,9.61,0.50,-7.254,-6.067,-2.035,0,0
154289,3,9.62,0.52,-7.283,-6.072,-2.030,0,0
154338,3,9.64,0.00,-7.269,-6.067,-2.016,0,0
154389,3,9.66,0.50,-7.264,-6.048,-2.025,0,0
154439,3,9.68,0.58,-7.259,-6.038,-2.025,0,0
154489,3,9.67,0.00,-7.254,-6.062,-2.006,0,0
154541,3,9.70,0.52,-7.254,-6.081,-2.025,0,0
154593,3,9.73,1.06,-7.269,-6.053,-2.021,0,0
154644,3,9.70,0.00,-7.245,-6.067,-2.030,0,0
154696,3,9.74,1.09,-7.250,-6.062,-2.025,0,0
154748,3,9.74,0.00,-7.259,-6.057,-2.021,0,0
154798,3,9.74,0.00,-7.278,-6.062,-2.030,0,0
154849,3,9.74,0.00,-7.264,-6.057,-2.006,0,0
154901,3,9.74,-0.91,-7.264,-6.043,-2.021,0,0
154953,3,9.75,0.00,-7.250,-6.062,-2.016,0,0
155004,3,9.76,0.52,-7.264,-6.053,-2.035,0,0
155056,3,9.78,0.50,-7.259,-6.057,-2.040,0,0
155107,3,9.75,0.00,-7.269,-6.062,-2.035,0,0
155159,3,9.77,0.00,-7.269,-6.053,-2.049,0,0
155211,3,9.75,0.00,-7.264,-6.067,-2.011,0,0
155262,3,9.72,0.00,-7.254,-6.062,-2.035,0,0
155314,3,9.72,0.00,-7.250,-6.072,-2.011,0,0
155364,3,9.72,0.00,-7.264,-6.053,-2.016,0,0
155414,3,9.70,-0.56,-7.259,-6.067,-2.054,0,0
155465,3,9.69,-0.50,-7.264,-6.067,-2.030,0,0
155515,3,9.69,0.00,-7.259,-6.072,-2.045,0,0
155566,3,9.68,-0.52,-7.254,-6.067,-2.035,0,0
155618,3,9.69,0.00,-7.245,-6.062,-2.030,0,0
155669,3,9.69,0.00,-7.269,-6.062,-2.040,0,0
155720,3,9.69,0.00,-7.259,-6.062,-2.045,0,0
155771,3,9.70,0.00,-7.274,-6.062,-2.002,0,0
155826,3,9.72,0.19,-7.269,-6.067,-2.045,0,0
155878,3,9.70,-0.89,-7.269,-6.067,-2.035,0,0
155930,3,9.71,0.50,-7.274,-6.043,-2.021,0,0
155980,3,9.71,0.00,-7.274,-6.067,-2.040,0,0
156031,3,9.67,-1.27,-7.278,-6.048,-2.049,0,0
156083,3,9.67,0.00,-7.269,-6.062,-2.035,0,0
156135,3,9.67,0.00,-7.269,-6.062,-2.006,0,0
156186,3,9.67,-0.32,-7.269,-6.067,-2.025,0,0
156238,3,9.69,0.00,-7.250,-6.067,-2.045,0,0
156289,3,9.70,-0.28,-7.264,-6.062,-2.011,0,0
156342,3,9.71,0.47,-7.264,-6.076,-2.035,0,0
156392,3,9.73,1.11,-7.264,-6.062,-2.045,0,0
156442,3,9.72,-0.36,-7.283,-6.062,-2.002,0,0
156493,3,9.75,0.00,-7.259,-6.062,-2.030,0,0
156545,3,9.73,0.00,-7.250,-6.053,-2.030,0,0
156596,3,9.73,-0.82,-7.250,-6.048,-1.997,0,0
156648,3,9.75,0.00,-7.240,-6.053,-2.025,0,0
156699,3,9.72,0.50,-7.250,-6.053,-2.025,0,0
156751,3,9.72,0.00,-7.254,-6.072,-2.025,0,0
156803,3,9.69,0.00,-7.269,-6.053,-2.021,0,0
156854,3,9.69,0.00,-7.250,-6.057,-2.035,0,0
156906,3,9.69,0.00,-7.254,-6.067,-2.030,0,0
156956,3,9.65,-1.25,-7.254,-6.062,-2.054,0,0
157008,3,9.65,0.00,-7.254,-6.038,-2.030,0,0
157059,3,9.64,0.00,-7.259,-6.072,-2.030,0,0
157111,3,9.60,0.00,-7.269,-6.048,-2.002,0,0
157162,3,9.60,0.00,-7.264,-6.053,-2.035,0,0
157214,3,9.60,0.00,-7.254,-6.057,-2.054,0,0
157266,3,9.60,-0.34,-7.259,-6.057,-2.025,0,0
157317,3,9.60,0.00,-7.269,-6.067,-2.030,0,0
157367,3,9.60,0.00,-7.274,-6.048,-2.035,0,0
157418,3,9.56,-1.45,-7.254,-6.081,-2.025,0,0
157468,3,9.57,0.54,-7.254,-6.062,-2.030,0,0
157521,3,9.57,0.00,-7.254,-6.057,-2.006,0,0
157572,3,9.54,0.00,-7.269,-6.053,-2.030,0,0
157624,3,9.55,0.48,-7.283,-6.053,-2.016,0,0
157675,3,9.51,0.00,-7.259,-6.067,-2.040,0,0
157727,3,9.51,0.00,-7.230,-6.053,-2.045,0,0
157779,3,9.51,0.00,-7.269,-6.053,-2.035,0,0
157830,3,9.51,0.52,-7.264,-6.067,-2.045,0,0
157884,3,9.51,0.00,-7.245,-6.062,-2.021,0,0
157935,3,9.48,0.54,-7.278,-6.053,-2.049,0,0
157986,3,9.48,0.00,-7.250,-6.053,-2.054,0,0
158037,3,9.48,0.54,-7.254,-6.062,-2.040,0,0
158089,3,9.45,-0.88,-7.259,-6.062,-2.002,0,0
158140,3,9.43,-0.89,-7.259,-6.053,-2.040,0,0
158192,3,9.43,0.00,-7.274,-6.072,-2.035,0,0
158244,3,9.41,0.00,-7.254,-6.043,-2.045,0,0
158295,3,9.43,0.52,-7.264,-6.048,-2.025,0,0
158348,3,9.41,0.00,-7.264,-6.062,-2.045,0,0
158398,3,9.39,-1.43,-7.254,-6.043,-2.011,0,0
158448,3,9.39,0.00,-7.269,-6.062,-2.025,0,0
158499,3,9.39,0.00,-7.269,-6.072,-2.035,0,0
158550,3,9.40,0.56,-7.259,-6.057,-2.030,0,0
158602,3,9.40,0.00,-7.240,-6.057,-2.021,0,0
158654,3,9.39,0.00,-7.250,-6.062,-2.021,0,0
158705,3,9.36,-0.56,-7.250,-6.048,-2.035,0,0
158757,3,9.38,0.82,-7.235,-6.067,-2.021,0,0
158808,3,9.37,-0.48,-7.274,-6.057,-2.016,0,0
158860,3,9.36,-0.52,-7.245,-6.057,-2.040,0,0
158911,3,9.38,0.00,-7.264,-6.062,-2.035,0,0
158962,3,9.38,0.00,-7.269,-6.062,-2.035,0,0
159013,3,9.37,0.00,-7.264,-6.043,-2.021,0,0
159065,3,9.39,0.82,-7.264,-6.053,-2.035,0,0
159117,3,9.37,0.00,-7.240,-6.053,-2.002,0,0
159168,3,9.36,-0.50,-7.264,-6.057,-2.025,0,0
159220,3,9.36,0.00,-7.269,-6.062,-2.030,0,0
159271,3,9.36,0.00,-7.274,-6.062,-2.040,0,0
159323,3,9.35,-0.48,-7.254,-6.062,-2.016,0,0
159373,3,9.35,0.00,-7.259,-6.048,-2.064,0,0
159424,3,9.35,0.00,-7.254,-6.053,-2.011,0,0
159474,3,9.31,-1.41,-7.264,-6.057,-2.030,0,0
159526,3,9.31,0.00,-7.283,-6.067,-2.025,0,0
159578,3,9.34,0.54,-7.259,-6.043,-2.021,0,0
159629,3,9.32,-1.34,-7.259,-6.057,-2.016,0,0
159681,3,9.29,-0.84,-7.250,-6.062,-2.035,0,0
159733,3,9.31,0.54,-7.264,-6.048,-2.035,0,0
159784,3,9.28,0.00,-7.264,-6.038,-2.016,0,0
159836,3,9.29,-0.34,-7.250,-6.038,-2.011,0,0
159886,3,9.32,1.01,-7.254,-6.062,-2.035,0,0
159941,3,9.29,-0.28,-7.269,-6.053,-2.040,0,0
159992,3,9.31,0.50,-7.240,-6.057,-2.021,0,0
160043,3,9.34,1.04,-7.245,-6.048,-2.035,0,0
160094,3,9.33,-0.24,-7.264,-6.038,-2.040,0,0
160146,3,9.36,0.50,-7.259,-6.048,-2.016,0,0
160198,3,9.34,-0.84,-7.259,-6.048,-2.030,0,0
160249,3,9.35,0.00,-7.250,-6.043,-2.054,0,0
160301,3,9.34,-0.82,-7.259,-6.053,-2.025,0,0
160351,3,9.35,0.00,-7.264,-6.048,-2.054,0,0
160401,3,9.33,0.00,-7.278,-6.067,-2.049,0,0
160451,3,9.37,0.52,-7.259,-6.067,-2.030,0,0
160501,3,9.35,-0.85,-7.259,-6.076,-2.045,0,0
160553,3,9.39,0.52,-7.264,-6.062,-2.016,0,0
160605,3,9.37,-0.86,-7.235,-6.043,-2.016,0,0
160656,3,9.40,0.00,-7.274,-6.067,-2.016,0,0
160708,3,9.37,-1.36,-7.254,-6.048,-2.021,0,0
160759,3,9.39,0.00,-7.254,-6.048,-2.021,0,0
160811,3,9.39,0.00,-7.274,-6.067,-2.006,0,0
160863,3,9.39,0.00,-7.240,-6.062,-2.006,0,0
160913,3,9.39,0.00,-7.264,-6.076,-2.016,0,0
160965,3,9.35,-1.38,-7.264,-6.053,-2.021,0,0
161016,3,9.37,0.00,-7.264,-6.048,-2.040,0,0
161068,3,9.37,0.00,-7.264,-6.062,-2.011,0,0
161119,3,9.36,0.00,-7.254,-6.053,-2.040,0,0
161171,3,9.37,0.89,-7.259,-6.062,-2.045,0,0
161223,3,9.37,0.00,-7.245,-6.053,-2.030,0,0
161274,3,9.38,0.82,-7.264,-6.062,-2.035,0,0
161326,3,9.36,-0.56,-7.254,-6.048,-2.006,0,0
161376,3,9.34,0.00,-7.264,-6.048,-2.049,0,0
161427,3,9.35,-0.54,-7.250,-6.057,-2.040,0,0
161477,3,9.33,-0.56,-7.269,-6.048,-2.040,0,0
161526,3,9.32,0.00,-7.274,-6.057,-2.006,0,0
161578,3,9.33,-0.52,-7.240,-6.057,-2.016,0,0
161630,3,9.31,0.00,-7.254,-6.053,-2.054,0,0
161681,3,9.32,-1.04,-7.259,-6.043,-2.011,0,0
161733,3,9.33,0.34,-7.240,-6.072,-2.021,0,0
161783,3,9.33,0.00,-7.269,-6.048,-1.992,0,0
161835,3,9.32,0.00,-7.254,-6.053,-2.006,0,0
161886,3,9.34,0.82,-7.259,-6.053,-2.030,0,0
161938,3,9.32,-1.03,-7.259,-6.053,-2.011,0,0
161995,3,9.31,-0.06,-7.278,-6.048,-2.021,0,0
162047,3,9.32,0.00,-7.259,-6.057,-2.011,0,0
162099,3,9.30,-1.03,-7.250,-6.053,-2.025,0,0
162149,3,9.30,0.00,-7.259,-6.048,-2.049,0,0
162200,3,9.32,0.34,-7.264,-6.076,-2.011,0,0
162252,3,9.31,0.00,-7.245,-6.062,-2.021,0,0
162301,3,9.31,0.32,-7.269,-6.048,-2.030,0,0
162354,3,9.33,0.95,-7.259,-6.067,-2.069,0,0
162404,3,9.34,0.00,-7.250,-6.048,-2.040,0,0
162454,3,9.32,0.33,-7.250,-6.067,-2.025,0,0
162504,3,9.33,0.36,-7.278,-6.067,-2.011,0,0
162556,3,9.32,0.00,-7.254,-6.048,-2.025,0,0
162608,3,9.34,0.34,-7.254,-6.043,-2.030,0,0
162659,3,9.32,0.00,-7.259,-6.053,-2.035,0,0
162711,3,9.37,0.86,-7.240,-6.067,-2.040,0,0
162762,3,9.34,-1.03,-7.245,-6.067,-2.064,0,0
162814,3,9.34,-0.52,-7.269,-6.062,-2.006,0,0
162866,3,9.35,0.36,-7.274,-6.057,-1.992,0,0
162917,3,9.33,0.00,-7.254,-6.038,-2.035,0,0
162969,3,9.36,0.84,-7.245,-6.053,-2.040,0,0
163019,3,9.36,0.00,-7.264,-6.048,-2.025,0,0
163068,3,9.34,0.32,-7.245,-6.067,-2.021,0,0
163120,3,9.35,0.00,-7.269,-6.053,-2.011,0,0
163171,3,9.34,-0.19,-7.274,-6.053,-2.045,0,0
163223,3,9.35,0.36,-7.235,-6.033,-2.045,0,0
163274,3,9.30,-0.30,-7.259,-6.043,-2.006,0,0
163326,3,9.28,-0.65,-7.269,-6.038,-2.040,0,0
163377,3,9.26,0.00,-7.259,-6.062,-2.011,0,0
163427,3,9.25,0.32,-7.283,-6.048,-2.030,0,0
163477,3,9.23,-0.74,-7.269,-6.072,-2.040,0,0
163529,3,9.21,0.00,-7.245,-6.067,-2.045,0,0
163581,3,9.16,-0.69,-7.250,-6.043,-2.002,0,0
163632,3,9.15,-0.32,-7.250,-6.053,-2.011,0,0
163684,3,9.11,-0.69,-7.235,-6.057,-1.997,0,0
163736,3,9.11,-0.19,-7.259,-6.067,-2.025,0,0
163787,3,9.09,0.00,-7.259,-6.067,-2.016,0,0
163839,3,9.10,-0.69,-7.283,-6.024,-2.016,0,0
163890,3,9.08,1.37,-7.254,-6.062,-2.049,0,0
163941,3,9.08,-0.21,-7.274,-6.057,-2.025,0,0
163992,3,9.06,0.00,-7.264,-6.067,-2.059,0,0
164046,3,9.05,-0.14,-7.274,-6.067,-2.030,0,0
164096,3,9.06,0.32,-7.254,-6.053,-2.002,0,0
164148,3,9.05,0.00,-7.264,-6.048,-2.035,0,0
164199,3,9.07,0.32,-7.274,-6.057,-2.030,0,0
164251,3,9.09,0.75,-7.264,-6.067,-2.011,0,0
164302,3,9.11,0.34,-7.264,-6.048,-2.040,0,0
164352,3,9.08,-1.04,-7.250,-6.048,-2.040,0,0
164403,3,9.09,0.00,-7.254,-6.053,-2.040,0,0
164453,3,9.12,0.36,-7.250,-6.062,-2.021,0,0
164503,3,9.14,0.91,-7.264,-6.067,-2.035,0,0
164552,3,9.11,0.00,-7.259,-6.062,-2.021,0,0
164604,3,9.13,0.34,-7.269,-6.072,-2.030,0,0
164655,3,9.10,-0.99,-7.259,-6.057,-1.992,0,0
164707,3,9.08,-1.03,-7.274,-6.053,-2.030,0,0
164758,3,9.11,0.86,-7.264,-6.053,-2.011,0,0
164810,3,9.11,0.00,-7.250,-6.062,-2.021,0,0
164862,3,9.11,0.84,-7.259,-6.057,-2.049,0,0
164912,3,9.08,-1.04,-7.254,-6.072,-2.035,0,0
164964,3,9.09,0.34,-7.259,-6.062,-2.030,0,0
165015,3,9.08,0.00,-7.254,-6.062,-2.049,0,0
165067,3,9.08,-0.52,-7.264,-6.048,-2.025,0,0
165118,3,9.11,1.36,-7.259,-6.057,-2.030,0,0
165170,3,9.07,-0.54,-7.259,-6.038,-2.016,0,0
165221,3,9.09,0.84,-7.274,-6.067,-2.040,0,0
165273,3,9.07,0.00,-7.264,-6.048,-2.035,0,0
165325,3,9.10,1.37,-7.274,-6.053,-2.045,0,0
165375,3,9.08,0.00,-7.269,-6.053,-2.040,0,0
165426,3,9.09,0.91,-7.254,-6.062,-2.021,0,0
165476,3,9.08,-0.58,-7.264,-6.053,-2.035,0,0
165525,3,9.06,0.00,-7.245,-6.053,-2.035,0,0
165577,3,9.07,-0.54,-7.254,-6.043,-2.035,0,0
165629,3,9.07,0.00,-7.259,-6.057,-2.045,0,0
165680,3,9.07,0.00,-7.254,-6.072,-2.054,0,0
165732,3,9.09,0.00,-7.264,-6.072,-2.016,0,0
165782,3,9.08,-0.52,-7.254,-6.057,-2.021,0,0
165834,3,9.08,0.00,-7.259,-6.062,-2.016,0,0
165885,3,9.12,0.00,-7.269,-6.067,-2.021,0,0
165937,3,9.12,0.00,-7.264,-6.043,-2.035,0,0
165988,3,9.12,0.00,-7.264,-6.048,-2.040,0,0
166040,3,9.17,1.38,-7.264,-6.067,-2.030,0,0
166095,3,9.17,0.00,-7.269,-6.067,-2.021,0,0
166147,3,9.15,0.00,-7.259,-6.033,-2.035,0,0
166198,3,9.15,0.00,-7.254,-6.057,-2.059,0,0
166249,3,9.14,-0.50,-7.274,-6.053,-2.030,0,0
166300,3,9.14,0.00,-7.264,-6.062,-2.030,0,0
166350,3,9.14,0.00,-7.254,-6.048,-2.049,0,0
166401,3,9.10,-1.47,-7.264,-6.048,-2.030,0,0
166451,3,9.10,0.00,-7.283,-6.043,-2.002,0,0
166501,3,9.07,-0.58,-7.264,-6.062,-2.049,0,0
166553,3,9.07,0.00,-7.259,-6.072,-2.025,0,0
166604,3,9.03,-0.48,-7.245,-6.062,-2.059,0,0
166656,3,9.01,-0.52,-7.245,-6.053,-2.035,0,0
166707,3,9.03,0.00,-7.298,-6.053,-2.021,0,0
166759,3,9.01,0.00,-7.245,-6.048,-2.025,0,0
166811,3,9.05,1.34,-7.259,-6.057,-2.025,0,0
166862,3,9.02,-1.09,-7.240,-6.048,-2.049,0,0
166914,3,9.04,0.82,-7.269,-6.057,-2.035,0,0
166965,3,9.02,0.00,-7.259,-6.038,-2.040,0,0
167017,3,9.02,-0.47,-7.264,-6.048,-2.030,0,0
167069,3,9.06,0.00,-7.264,-6.062,-2.040,0,0
167119,3,9.05,-0.50,-7.259,-6.076,-2.025,0,0
167170,3,9.03,0.00,-7.259,-6.057,-2.025,0,0
167222,3,9.05,0.00,-7.274,-6.053,-2.025,0,0
167274,3,9.05,0.00,-7.250,-6.033,-2.025,0,0
167325,3,9.07,0.73,-7.240,-6.057,-2.016,0,0
167376,3,9.07,0.00,-7.259,-6.062,-2.025,0,0
167426,3,9.07,0.00,-7.264,-6.057,-2.016,0,0
167476,3,9.09,0.54,-7.269,-6.067,-2.016,0,0
167528,3,9.09,0.00,-7.254,-6.053,-2.049,0,0
167580,3,9.09,0.00,-7.269,-6.048,-2.016,0,0
167632,3,9.10,0.00,-7.264,-6.033,-2.030,0,0
167683,3,9.12,0.00,-7.269,-6.053,-2.064,0,0
167735,3,9.07,-1.35,-7.259,-6.057,-2.054,0,0
167786,3,9.08,0.54,-7.245,-6.053,-2.011,0,0
167838,3,9.08,0.00,-7.259,-6.057,-2.040,0,0
167889,3,9.08,0.00,-7.259,-6.043,-2.045,0,0
167941,3,9.06,0.00,-7.259,-6.057,-2.025,0,0
167993,3,9.04,-1.34,-7.250,-6.048,-2.016,0,0
168043,3,9.04,0.00,-7.269,-6.043,-2.054,0,0
173345,3,9.17,0.02,-7.269,-6.057,-2.035,0,0
173400,3,9.20,0.50,-7.269,-6.057,-2.006,0,0
173451,3,9.17,-0.93,-7.269,-6.062,-2.040,0,0
173501,3,9.20,0.00,-7.278,-6.048,-2.030,0,0
173552,3,9.21,-0.34,-7.269,-6.057,-2.040,0,0
173603,3,9.23,1.04,-7.269,-6.062,-2.006,0,0
173654,3,9.24,0.19,-7.283,-6.043,-2.040,0,0
173706,3,9.25,0.00,-7.259,-6.053,-2.045,0,0
173758,3,9.25,0.19,-7.264,-6.038,-2.021,0,0
173809,3,9.28,1.01,-7.274,-6.029,-2.021,0,0
173861,3,9.27,0.48,-7.269,-6.048,-2.011,0,0
173912,3,9.28,0.54,-7.264,-6.038,-2.054,0,0
173964,3,9.30,0.00,-7.245,-6.057,-2.002,0,0
174015,3,9.27,-0.82,-7.274,-6.029,-2.030,0,0
174067,3,9.29,0.00,-7.240,-6.057,-2.035,0,0
174119,3,9.30,0.00,-7.274,-6.053,-2.035,0,0
174170,3,9.31,0.52,-7.269,-6.043,-2.016,0,0
174222,3,9.28,-1.23,-7.250,-6.048,-2.045,0,0
174273,3,9.29,0.54,-7.264,-6.072,-2.021,0,0
174324,3,9.29,0.00,-7.269,-6.062,-2.011,0,0
174374,3,9.28,-0.54,-7.259,-6.053,-2.006,0,0
174425,3,9.23,0.00,-7.283,-6.053,-2.059,0,0
174475,3,9.22,0.00,-7.264,-6.048,-2.021,0,0
174527,3,9.20,-0.50,-7.264,-6.053,-2.021,0,0
174579,3,9.20,0.00,-7.259,-6.053,-2.011,0,0
174630,3,9.20,0.00,-7.264,-6.048,-2.035,0,0
174682,3,9.20,0.00,-7.250,-6.067,-2.035,0,0
174733,3,9.20,-1.45,-7.278,-6.057,-2.030,0,0
174785,3,9.19,-0.52,-7.240,-6.043,-2.049,0,0
174837,3,9.20,0.00,-7.250,-6.048,-2.011,0,0
174888,3,9.20,0.00,-7.264,-6.048,-2.045,0,0
174940,3,9.22,0.00,-7.245,-6.062,-2.064,0,0
174991,3,9.23,0.52,-7.259,-6.043,-2.049,0,0
175043,3,9.25,0.52,-7.274,-6.053,-2.016,0,0
175095,3,9.21,0.00,-7.259,-6.043,-2.035,0,0
175146,3,9.22,0.00,-7.302,-6.053,-2.025,0,0
175198,3,9.19,0.00,-7.278,-6.053,-2.016,0,0
175249,3,9.15,-1.47,-7.259,-6.048,-2.016,0,0
175300,3,9.15,0.00,-7.264,-6.048,-2.011,0,0
175349,3,9.14,-0.30,-7.264,-6.057,-2.035,0,0
175400,3,9.14,0.00,-7.274,-6.053,-2.021,0,0
175465,3,9.13,-0.10,-7.269,-6.033,-2.035,0,0
175515,3,9.12,0.54,-7.254,-6.062,-2.035,0,0
175565,3,9.12,0.00,-7.269,-6.062,-1.992,0,0
175616,3,9.16,1.53,-7.240,-6.053,-2.011,0,0
175668,3,9.15,0.00,-7.254,-6.033,-2.011,0,0
175720,3,9.16,-0.32,-7.264,-6.067,-2.021,0,0
175771,3,9.15,-0.32,-7.264,-6.053,-2.045,0,0
175823,3,9.17,-0.34,-7.259,-6.062,-2.040,0,0
175874,3,9.16,-0.32,-7.269,-6.057,-2.030,0,0
175926,3,9.18,0.00,-7.235,-6.072,-2.025,0,0
175978,3,9.15,-0.84,-7.259,-6.038,-2.030,0,0
176029,3,9.18,1.04,-7.259,-6.067,-2.035,0,0
176081,3,9.15,-0.75,-7.283,-6.053,-2.035,0,0
176132,3,9.18,1.03,-7.259,-6.048,-2.054,0,0
176184,3,9.17,0.00,-7.264,-6.053,-2.025,0,0
176236,3,9.20,-0.34,-7.264,-6.053,-2.016,0,0
176286,3,9.23,1.03,-7.264,-6.062,-1.997,0,0
176335,3,9.19,-1.34,-7.250,-6.053,-2.025,0,0
176386,3,9.21,0.00,-7.269,-6.057,-2.035,0,0
176436,3,9.21,0.52,-7.274,-6.057,-2.035,0,0
176486,3,9.26,1.67,-7.245,-6.057,-2.064,0,0
176538,3,9.27,0.00,-7.235,-6.048,-2.021,0,0
176590,3,9.27,-0.84,-7.288,-6.053,-2.030,0,0
176641,3,9.29,0.54,-7.274,-6.062,-2.025,0,0
176693,3,9.26,0.00,-7.278,-6.048,-2.025,0,0
176745,3,9.26,-0.82,-7.274,-6.053,-2.035,0,0
176796,3,9.27,0.00,-7.259,-6.057,-2.025,0,0
176848,3,9.27,-0.34,-7.264,-6.057,-2.040,0,0
176899,3,9.29,0.52,-7.269,-6.062,-2.035,0,0
176951,3,9.30,0.52,-7.259,-6.067,-2.030,0,0
177003,3,9.32,1.11,-7.250,-6.053,-2.040,0,0
177054,3,9.35,0.00,-7.298,-6.048,-2.006,0,0
177106,3,9.37,1.04,-7.264,-6.048,-2.016,0,0
177156,3,9.40,1.03,-7.250,-6.053,-2.016,0,0
177208,3,9.39,-0.36,-7.254,-6.057,-2.035,0,0
177259,3,9.45,0.00,-7.259,-6.057,-2.035,0,0
177311,3,9.46,0.50,-7.250,-6.057,-2.006,0,0
177361,3,9.46,0.00,-7.269,-6.024,-2.002,0,0
177411,3,9.46,0.00,-7.250,-6.053,-2.025,0,0
177462,3,9.44,-0.54,-7.259,-6.038,-2.035,0,0
177523,3,9.43,-0.18,-7.264,-6.038,-2.040,0,0
177574,3,9.42,0.00,-7.254,-6.067,-2.035,0,0
177625,3,9.42,0.00,-7.269,-6.057,-2.016,0,0
177676,3,9.42,0.00,-7.298,-6.053,-2.025,0,0
177728,3,9.43,0.52,-7.264,-6.053,-2.021,0,0
177780,3,9.42,-0.52,-7.274,-6.053,-2.030,0,0
177831,3,9.42,0.00,-7.250,-6.053,-2.021,0,0
177883,3,9.42,0.00,-7.245,-6.053,-2.021,0,0
177934,3,9.43,0.00,-7.254,-6.062,-2.035,0,0
177986,3,9.43,-0.50,-7.264,-6.053,-2.006,0,0
178037,3,9.44,0.00,-7.278,-6.057,-2.011,0,0
178089,3,9.46,0.00,-7.259,-6.048,-2.002,0,0
178141,3,9.47,0.54,-7.274,-6.048,-2.016,0,0
178192,3,9.48,0.48,-7.240,-6.043,-2.021,0,0
178244,3,9.45,-1.34,-7.269,-6.057,-2.045,0,0
178295,3,9.45,0.00,-7.259,-6.057,-2.016,0,0
178348,3,9.48,0.56,-7.278,-6.062,-2.011,0,0
178398,3,9.44,-1.43,-7.254,-6.048,-2.030,0,0
178449,3,9.48,0.00,-7.283,-6.067,-2.016,0,0
178499,3,9.45,0.00,-7.254,-6.053,-2.011,0,0
178549,3,9.45,0.00,-7.269,-6.062,-2.021,0,0
178601,3,9.48,0.54,-7.274,-6.057,-2.021,0,0
178652,3,9.49,0.50,-7.259,-6.053,-1.992,0,0
178704,3,9.47,0.56,-7.250,-6.057,-2.040,0,0
178755,3,9.47,0.00,-7.264,-6.067,-2.045,0,0
178807,3,9.47,0.00,-7.259,-6.048,-2.030,0,0
178859,3,9.46,-0.56,-7.259,-6.043,-2.045,0,0
178910,3,9.47,0.00,-7.269,-6.053,-2.054,0,0
178962,3,9.49,0.00,-7.269,-6.062,-2.045,0,0
179013,3,9.45,-1.32,-7.274,-6.053,-2.011,0,0
179065,3,9.46,0.52,-7.254,-6.038,-2.021,0,0
179116,3,9.49,0.99,-7.307,-6.062,-2.040,0,0
179168,3,9.52,0.00,-7.274,-6.062,-2.016,0,0
179220,3,9.57,1.88,-7.259,-6.043,-2.025,0,0
179270,3,9.57,0.00,-7.250,-6.053,-2.040,0,0
179321,3,9.55,-0.84,-7.264,-6.062,-2.006,0,0
179372,3,9.60,0.00,-7.269,-6.053,-1.997,0,0
179422,3,9.61,0.56,-7.278,-6.067,-2.002,0,0
179473,3,9.62,0.52,-7.269,-6.062,-2.002,0,0
179522,3,9.62,0.00,-7.283,-6.057,-2.049,0,0
179577,3,9.64,0.19,-7.269,-6.057,-2.035,0,0
179629,3,9.64,0.00,-7.283,-6.053,-2.040,0,0
179679,3,9.64,0.00,-7.250,-6.067,-2.002,0,0
179730,3,9.66,1.32,-7.264,-6.048,-2.049,0,0
179782,3,9.65,-0.54,-7.264,-6.043,-2.025,0,0
179834,3,9.61,0.00,-7.269,-6.062,-2.040,0,0
179885,3,9.63,0.82,-7.235,-6.062,-2.064,0,0
179937,3,9.63,0.00,-7.288,-6.057,-2.064,0,0
179988,3,9.62,-0.48,-7.259,-6.048,-2.045,0,0
180040,3,9.62,0.00,-7.274,-6.038,-1.987,0,0
180092,3,9.65,0.00,-7.254,-6.048,-1.997,0,0
180143,3,9.64,-0.52,-7.250,-6.038,-2.035,0,0
180195,3,9.63,0.00,-7.264,-6.053,-2.021,0,0
180246,3,9.61,-0.52,-7.259,-6.048,-2.040,0,0
180298,3,9.60,0.00,-7.264,-6.057,-2.011,0,0
180348,3,9.61,0.00,-7.269,-6.062,-2.030,0,0
180398,3,9.61,0.00,-7.269,-6.057,-2.021,0,0
180448,3,9.60,0.00,-7.269,-6.072,-2.011,0,0
180499,3,9.64,0.00,-7.278,-6.033,-2.030,0,0
180551,3,9.64,0.00,-7.259,-6.062,-2.040,0,0
180601,3,9.64,0.00,-7.269,-6.048,-2.035,0,0
180653,3,9.65,0.54,-7.269,-6.053,-2.035,0,0
180704,3,9.65,0.00,-7.254,-6.081,-2.040,0,0
180756,3,9.65,0.00,-7.254,-6.057,-2.021,0,0
180807,3,9.65,0.00,-7.274,-6.048,-2.035,0,0
180859,3,9.59,-0.52,-7.283,-6.062,-2.030,0,0
180911,3,9.59,0.00,-7.274,-6.053,-2.045,0,0
180962,3,9.58,0.00,-7.259,-6.057,-2.035,0,0
181014,3,9.57,-0.54,-7.274,-6.038,-2.011,0,0
181065,3,9.55,0.00,-7.278,-6.057,-2.030,0,0
181117,3,9.53,-0.54,-7.264,-6.062,-2.035,0,0
181169,3,9.53,0.00,-7.274,-6.053,-2.030,0,0
181220,3,9.53,0.00,-7.245,-6.033,-2.021,0,0
181272,3,9.53,0.00,-7.264,-6.062,-2.006,0,0
181322,3,9.53,0.00,-7.283,-6.062,-2.025,0,0
181372,3,9.56,1.45,-7.278,-6.067,-2.040,0,0
181423,3,9.56,0.00,-7.259,-6.067,-2.030,0,0
181473,3,9.50,0.00,-7.269,-6.072,-2.030,0,0
181523,3,9.48,-0.56,-7.278,-6.043,-2.030,0,0
181575,3,9.46,0.00,-7.274,-6.048,-2.030,0,0
181629,3,9.48,0.30,-7.254,-6.053,-2.016,0,0
181679,3,9.43,-1.86,-7.278,-6.043,-1.997,0,0
181731,3,9.42,-2.03,-7.259,-6.043,-2.035,0,0
181782,3,9.42,0.00,-7.269,-6.067,-2.021,0,0
181834,3,9.42,0.00,-7.254,-6.067,-2.021,0,0
181885,3,9.42,0.00,-7.250,-6.057,-2.021,0,0
181937,3,9.40,0.00,-7.269,-6.057,-2.021,0,0
181989,3,9.42,-0.52,-7.274,-6.057,-2.035,0,0
182040,3,9.42,0.00,-7.264,-6.062,-2.021,0,0
182092,3,9.41,0.00,-7.274,-6.062,-2.025,0,0
182143,3,9.38,-1.04,-7.278,-6.038,-2.025,0,0
182195,3,9.40,0.00,-7.250,-6.048,-2.025,0,0
182247,3,9.37,-0.86,-7.264,-6.048,-2.035,0,0
182298,3,9.36,-0.50,-7.259,-6.062,-2.040,0,0
182351,3,9.36,0.00,-7.269,-6.053,-2.030,0,0
182401,3,9.37,0.54,-7.293,-6.062,-2.045,0,0
182451,3,9.35,-1.45,-7.254,-6.053,-2.021,0,0
182502,3,9.38,0.54,-7.259,-6.057,-2.035,0,0
182553,3,9.39,0.50,-7.274,-6.057,-2.054,0,0
182605,3,9.41,0.00,-7.264,-6.076,-2.016,0,0
182656,3,9.41,0.00,-7.264,-6.038,-2.021,0,0
182707,3,9.41,0.00,-7.274,-6.038,-2.030,0,0
182758,3,9.38,0.00,-7.278,-6.053,-2.045,0,0
182810,3,9.38,0.00,-7.254,-6.053,-2.035,0,0
182861,3,9.40,0.58,-7.274,-6.043,-2.021,0,0
182913,3,9.41,0.50,-7.254,-6.043,-2.035,0,0
182965,3,9.41,0.00,-7.274,-6.081,-2.030,0,0
183016,3,9.43,0.00,-7.259,-6.062,-2.030,0,0
183068,3,9.44,0.00,-7.264,-6.053,-2.040,0,0
183119,3,9.44,0.00,-7.259,-6.053,-2.030,0,0
183171,3,9.45,0.47,-7.269,-6.053,-2.035,0,0
183223,3,9.47,0.54,-7.269,-6.033,-2.054,0,0
183274,3,9.47,0.00,-7.245,-6.038,-2.025,0,0
183326,3,9.48,0.00,-7.254,-6.067,-2.040,0,0
183376,3,9.45,-1.08,-7.288,-6.057,-2.035,0,0
183427,3,9.44,-0.50,-7.283,-6.043,-2.064,0,0
183477,3,9.43,0.00,-7.259,-6.048,-2.006,0,0
183529,3,9.39,-1.65,-7.283,-6.048,-2.040,0,0
183581,3,9.37,-1.01,-7.269,-6.062,-2.002,0,0
183633,3,9.35,0.00,-7.254,-6.067,-2.016,0,0
183688,3,9.30,-0.84,-7.283,-6.024,-2.035,0,0
183738,3,9.28,-0.69,-7.235,-6.053,-2.025,0,0
183789,3,9.26,-0.76,-7.259,-6.067,-2.006,0,0
183841,3,9.24,0.00,-7.269,-6.062,-2.006,0,0
183893,3,9.24,-0.21,-7.274,-6.062,-2.045,0,0
183944,3,9.22,0.00,-7.274,-6.057,-2.016,0,0
183996,3,9.21,-0.74,-7.259,-6.072,-2.045,0,0
184047,3,9.21,0.04,-7.264,-6.053,-2.078,0,0
184099,3,9.18,-0.19,-7.264,-6.053,-2.002,0,0
184151,3,9.21,1.14,-7.269,-6.053,-2.025,0,0
184202,3,9.23,0.00,-7.274,-6.019,-2.040,0,0
184254,3,9.23,0.26,-7.288,-6.057,-2.021,0,0
184305,3,9.28,2.68,-7.274,-6.057,-2.030,0,0
184355,3,9.30,-0.20,-7.245,-6.053,-2.045,0,0
184406,3,9.30,-0.20,-7.254,-6.053,-2.040,0,0
184456,3,9.29,0.00,-7.274,-6.053,-2.035,0,0
184506,3,9.35,0.36,-7.264,-6.062,-2.040,0,0
184558,3,9.34,-0.19,-7.264,-6.048,-2.025,0,0
184608,3,9.35,0.30,-7.235,-6.057,-2.021,0,0
184660,3,9.36,0.36,-7.254,-6.053,-2.049,0,0
184711,3,9.34,0.00,-7.288,-6.062,-2.030,0,0
184763,3,9.36,0.34,-7.264,-6.062,-2.045,0,0
184814,3,9.34,0.00,-7.274,-6.072,-2.045,0,0
184866,3,9.34,-0.52,-7.264,-6.038,-2.035,0,0
184918,3,9.35,0.22,-7.269,-6.053,-2.021,0,0
184969,3,9.35,0.00,-7.264,-6.053,-2.025,0,0
185021,3,9.35,0.00,-7.254,-6.038,-2.002,0,0
185072,3,9.35,0.00,-7.269,-6.057,-2.049,0,0
185124,3,9.34,0.00,-7.259,-6.053,-2.025,0,0
185176,3,9.35,0.00,-7.269,-6.053,-2.025,0,0
185227,3,9.36,-0.71,-7.264,-6.053,-2.035,0,0
185279,3,9.38,1.01,-7.264,-6.038,-2.011,0,0
185331,3,9.41,0.00,-7.274,-6.043,-2.035,0,0
185381,3,9.40,0.54,-7.274,-6.029,-2.025,0,0
185431,3,9.44,1.61,-7.264,-6.062,-2.040,0,0
185482,3,9.42,0.00,-7.259,-6.057,-2.040,0,0
185534,3,9.45,1.53,-7.264,-6.057,-2.049,0,0
185584,3,9.45,0.00,-7.269,-6.048,-2.030,0,0
185635,3,9.46,1.01,-7.259,-6.057,-2.030,0,0
185687,3,9.44,0.00,-7.264,-6.048,-2.011,0,0
185743,3,9.46,0.25,-7.283,-6.043,-2.021,0,0
185795,3,9.45,-0.95,-7.259,-6.062,-2.030,0,0
185847,3,9.44,-0.28,-7.274,-6.048,-2.025,0,0
185897,3,9.42,-0.75,-7.235,-6.038,-2.059,0,0
185949,3,9.45,1.01,-7.283,-6.048,-2.040,0,0
186000,3,9.42,-0.30,-7.269,-6.033,-2.045,0,0
186052,3,9.44,1.03,-7.254,-6.072,-2.035,0,0
186103,3,9.43,0.00,-7.259,-6.057,-2.025,0,0
186155,3,9.42,0.17,-7.269,-6.048,-2.021,0,0
186207,3,9.39,0.00,-7.264,-6.048,-2.035,0,0
186258,3,9.41,-0.32,-7.274,-6.053,-2.006,0,0
186310,3,9.42,0.32,-7.269,-6.043,-1.978,0,0
186360,3,9.41,0.00,-7.269,-6.043,-2.049,0,0
186410,3,9.47,0.74,-7.269,-6.062,-2.030,0,0
186461,3,9.46,-0.34,-7.254,-6.048,-2.016,0,0
186511,3,9.47,0.00,-7.269,-6.057,-2.011,0,0
186562,3,9.45,-0.36,-7.278,-6.053,-2.045,0,0
186614,3,9.44,-1.36,-7.254,-6.067,-2.030,0,0
186665,3,9.46,-0.35,-7.274,-6.057,-2.021,0,0
186717,3,9.45,-0.21,-7.264,-6.043,-1.992,0,0
186768,3,9.48,0.00,-7.278,-6.048,-2.054,0,0
186819,3,9.49,0.19,-7.259,-6.053,-2.049,0,0
186870,3,9.49,-0.34,-7.274,-6.029,-2.025,0,0
186922,3,9.47,-0.84,-7.254,-6.048,-2.021,0,0
186973,3,9.48,0.00,-7.269,-6.038,-2.025,0,0
187025,3,9.48,-0.34,-7.259,-6.053,-1.997,0,0
187077,3,9.51,0.00,-7.254,-6.072,-2.045,0,0
187128,3,9.49,-0.91,-7.278,-6.038,-2.006,0,0
187180,3,9.52,1.01,-7.254,-6.057,-2.025,0,0
187231,3,9.51,0.00,-7.259,-6.057,-2.040,0,0
187283,3,9.50,-0.73,-7.250,-6.043,-2.054,0,0
187332,3,9.52,0.00,-7.264,-6.048,-2.011,0,0
187383,3,9.52,0.54,-7.259,-6.062,-2.049,0,0
187433,3,9.50,-0.83,-7.264,-6.053,-2.025,0,0
187484,3,9.51,0.00,-7.278,-6.053,-2.064,0,0
187535,3,9.47,-0.82,-7.264,-6.048,-2.016,0,0
187587,3,9.48,0.50,-7.259,-6.048,-2.006,0,0
187638,3,9.47,0.00,-7.278,-6.062,-2.011,0,0
187689,3,9.47,0.00,-7.259,-6.057,-2.002,0,0
187740,3,9.44,-0.32,-7.269,-6.048,-2.040,0,0
187795,3,9.43,-0.09,-7.250,-6.062,-2.035,0,0
187847,3,9.43,0.00,-7.254,-6.057,-2.045,0,0
187897,3,9.41,-0.80,-7.274,-6.062,-2.035,0,0
187948,3,9.43,0.47,-7.254,-6.062,-2.011,0,0
188000,3,9.43,0.00,-7.288,-6.057,-2.025,0,0
188052,3,9.40,-1.34,-7.259,-6.033,-2.030,0,0
188103,3,9.39,0.00,-7.264,-6.057,-2.025,0,0
188155,3,9.40,0.00,-7.254,-6.053,-2.035,0,0
188206,3,9.44,1.34,-7.278,-6.053,-2.040,0,0
188258,3,9.44,0.00,-7.278,-6.053,-2.035,0,0
188310,3,9.43,-0.54,-7.278,-6.043,-2.011,0,0
188360,3,9.46,0.00,-7.264,-6.048,-2.030,0,0
188410,3,9.46,0.00,-7.264,-6.053,-2.002,0,0
188460,3,9.50,1.32,-7.264,-6.057,-2.025,0,0
188510,3,9.50,0.00,-7.254,-6.057,-2.049,0,0
188562,3,9.48,0.00,-7.269,-6.053,-2.045,0,0
188613,3,9.48,0.00,-7.269,-6.048,-2.040,0,0
188665,3,9.49,0.80,-7.259,-6.033,-2.011,0,0
188717,3,9.45,-1.34,-7.269,-6.057,-2.002,0,0
188767,3,9.47,0.54,-7.269,-6.033,-2.040,0,0
188819,3,9.47,0.00,-7.269,-6.043,-2.035,0,0
188870,3,9.51,0.00,-7.259,-6.062,-2.035,0,0
188922,3,9.52,0.47,-7.283,-6.043,-2.035,0,0
188973,3,9.52,0.00,-7.269,-6.033,-2.040,0,0
189025,3,9.50,0.00,-7.269,-6.057,-2.035,0,0
189077,3,9.52,0.99,-7.259,-6.062,-2.040,0,0
189128,3,9.50,-0.71,-7.278,-6.053,-2.016,0,0
189180,3,9.52,0.54,-7.278,-6.062,-2.021,0,0
189231,3,9.52,0.00,-7.264,-6.038,-2.025,0,0
189283,3,9.55,0.54,-7.269,-6.043,-2.011,0,0
189332,3,9.56,0.00,-7.278,-6.057,-2.069,0,0
189383,3,9.54,-0.93,-7.274,-6.043,-2.059,0,0
189433,3,9.54,0.00,-7.283,-6.057,-2.049,0,0
189483,3,9.54,0.00,-7.264,-6.053,-2.035,0,0
189535,3,9.55,0.00,-7.274,-6.067,-2.040,0,0
189587,3,9.55,0.00,-7.283,-6.053,-2.016,0,0
189637,3,9.51,-1.34,-7.250,-6.062,-2.035,0,0
189686,3,9.53,0.50,-7.283,-6.062,-2.006,0,0
189738,3,9.53,0.00,-7.259,-6.053,-2.035,0,0
189789,3,9.56,1.06,-7.254,-6.067,-2.025,0,0
189843,3,9.56,0.00,-7.245,-6.057,-2.011,0,0
189895,3,9.58,1.01,-7.245,-6.062,-2.016,0,0
189945,3,9.58,0.00,-7.259,-6.053,-2.025,0,0
189994,3,9.60,0.00,-7.278,-6.057,-2.021,0,0
190046,3,9.61,0.00,-7.259,-6.043,-2.030,0,0
190097,3,9.61,0.00,-7.288,-6.053,-2.021,0,0
190149,3,9.62,0.00,-7.259,-6.048,-2.011,0,0
190200,3,9.62,0.00,-7.274,-6.053,-2.030,0,0
190252,3,9.64,0.00,-7.259,-6.038,-1.997,0,0
190304,3,9.62,-0.50,-7.254,-6.038,-2.025,0,0
190354,3,9.64,0.54,-7.278,-6.057,-2.045,0,0
190404,3,9.65,0.00,-7.250,-6.038,-2.021,0,0
190454,3,9.64,-0.87,-7.278,-6.048,-2.035,0,0
190505,3,9.66,0.54,-7.264,-6.057,-2.006,0,0
190556,3,9.67,0.00,-7.259,-6.053,-2.011,0,0
190608,3,9.66,0.50,-7.259,-6.043,-2.016,0,0
190659,3,9.64,0.00,-7.264,-6.053,-2.045,0,0
190711,3,9.69,1.04,-7.254,-6.057,-2.035,0,0
190763,3,9.68,-0.34,-7.288,-6.072,-2.040,0,0
190813,3,9.70,0.50,-7.274,-6.053,-2.040,0,0
190864,3,9.68,0.00,-7.269,-6.053,-2.035,0,0
190916,3,9.69,0.00,-7.274,-6.038,-2.016,0,0
190968,3,9.67,-0.84,-7.269,-6.038,-2.011,0,0
191019,3,9.68,0.00,-7.269,-6.062,-2.045,0,0
191071,3,9.67,0.48,-7.259,-6.053,-2.040,0,0
191122,3,9.69,0.00,-7.269,-6.062,-2.016,0,0
191174,3,9.73,0.52,-7.264,-6.033,-2.025,0,0
191226,3,9.74,0.50,-7.269,-6.067,-2.021,0,0
191277,3,9.79,0.00,-7.245,-6.048,-2.021,0,0
191329,3,9.81,1.03,-7.245,-6.053,-2.021,0,0
191379,3,9.81,0.00,-7.331,-6.053,-2.093,0,0
191430,3,9.83,0.00,-7.235,-6.019,-1.949,0,0
191480,3,9.81,-0.56,-7.288,-6.076,-2.073,0,0
191529,3,9.80,0.00,-7.259,-6.053,-2.006,0,0
191581,3,9.82,0.84,-7.259,-6.033,-2.016,0,0
191633,3,9.80,-1.01,-7.283,-6.029,-2.025,0,0
191683,3,9.78,-0.52,-7.226,-6.014,-2.006,0,0
191734,3,9.77,0.00,-7.302,-6.057,-2.045,0,0
191786,3,9.75,-0.54,-7.250,-6.029,-2.021,0,0
191838,3,9.74,-0.52,-7.278,-6.048,-2.059,0,0
191892,3,9.76,0.32,-7.269,-6.053,-2.006,0,0
191944,3,9.78,0.00,-7.269,-6.067,-2.025,0,0
191996,3,9.75,0.00,-7.264,-6.043,-2.025,0,0
192046,3,9.75,0.00,-7.274,-6.048,-2.045,0,0
192098,3,9.69,-1.11,-7.259,-6.048,-2.006,0,0
192149,3,9.73,1.34,-7.278,-6.062,-1.997,0,0
192201,3,9.70,-0.52,-7.264,-6.043,-2.040,0,0
192252,3,9.70,0.00,-7.274,-6.057,-2.059,0,0
192304,3,9.73,0.00,-7.245,-6.057,-2.021,0,0
192354,3,9.71,0.00,-7.264,-6.057,-2.045,0,0
192404,3,9.70,-0.58,-7.269,-6.057,-2.006,0,0
192455,3,9.70,0.00,-7.264,-6.062,-2.045,0,0
192505,3,9.68,-0.52,-7.274,-6.057,-2.045,0,0
192556,3,9.67,-0.52,-7.283,-6.048,-2.035,0,0
192608,3,9.67,0.00,-7.245,-6.043,-2.030,0,0
192660,3,9.67,0.00,-7.259,-6.053,-2.025,0,0
192711,3,9.67,0.00,-7.254,-6.043,-2.030,0,0
192763,3,9.67,-0.52,-7.264,-6.048,-2.016,0,0
192814,3,9.66,0.00,-7.259,-6.072,-2.035,0,0
192866,3,9.64,-0.54,-7.259,-6.033,-2.045,0,0
192918,3,9.66,0.50,-7.250,-6.043,-2.011,0,0
192968,3,9.67,0.50,-7.264,-6.053,-2.006,0,0
193019,3,9.67,0.00,-7.283,-6.048,-2.035,0,0
193071,3,9.68,0.00,-7.274,-6.033,-2.025,0,0
193123,3,9.70,0.48,-7.245,-6.067,-2.040,0,0
193174,3,9.68,0.00,-7.254,-6.043,-2.054,0,0
193226,3,9.68,0.00,-7.278,-6.057,-2.025,0,0
193277,3,9.68,0.00,-7.259,-6.048,-2.030,0,0
193329,3,9.68,0.00,-7.274,-6.067,-2.016,0,0
193380,3,9.70,0.52,-7.250,-6.053,-2.030,0,0
193430,3,9.71,0.00,-7.269,-6.043,-2.045,0,0
193480,3,9.71,0.00,-7.288,-6.053,-2.045,0,0
193532,3,9.73,0.56,-7.269,-6.033,-2.049,0,0
193584,3,9.71,0.00,-7.254,-6.053,-2.035,0,0
193636,3,9.70,0.50,-7.283,-6.038,-2.025,0,0
193687,3,9.72,0.00,-7.274,-6.057,-2.035,0,0
193739,3,9.68,-0.84,-7.264,-6.062,-2.025,0,0
193790,3,9.69,0.52,-7.264,-6.057,-2.059,0,0
193842,3,9.72,0.00,-7.259,-6.067,-2.030,0,0
193894,3,9.70,0.00,-7.283,-6.053,-2.035,0,0
193947,3,9.69,-0.15,-7.278,-6.072,-2.030,0,0
193999,3,9.72,0.56,-7.274,-6.043,-1.997,0,0
194051,3,9.70,-0.82,-7.264,-6.043,-2.016,0,0
194101,3,9.71,0.50,-7.254,-6.053,-2.054,0,0
194153,3,9.69,-0.81,-7.298,-6.048,-2.006,0,0
194204,3,9.72,0.48,-7.250,-6.053,-2.054,0,0
194256,3,9.73,0.52,-7.264,-6.053,-2.002,0,0
194307,3,9.69,0.00,-7.269,-6.062,-2.035,0,0
194357,3,9.74,0.56,-7.250,-6.062,-2.011,0,0
194408,3,9.71,-0.93,-7.269,-6.067,-2.045,0,0
194458,3,9.71,0.00,-7.250,-6.053,-2.040,0,0
194508,3,9.68,-0.56,-7.264,-6.048,-2.030,0,0
194560,3,9.69,0.56,-7.288,-6.053,-2.049,0,0
194612,3,9.68,0.00,-7.264,-6.048,-2.016,0,0
194663,3,9.68,0.00,-7.254,-6.062,-2.016,0,0
194715,3,9.71,0.00,-7.269,-6.048,-2.025,0,0
194766,3,9.72,0.52,-7.283,-6.043,-1.997,0,0
194818,3,9.72,0.00,-7.269,-6.053,-2.011,0,0
194869,3,9.74,0.00,-7.254,-6.057,-2.016,0,0
194921,3,9.74,0.00,-7.283,-6.067,-2.021,0,0
194973,3,9.74,0.00,-7.254,-6.057,-2.021,0,0
195023,3,9.70,-1.32,-7.259,-6.048,-2.016,0,0
195075,3,9.70,0.00,-7.259,-6.053,-2.016,0,0
195126,3,9.75,1.81,-7.250,-6.038,-2.045,0,0
195178,3,9.75,0.00,-7.245,-6.062,-2.035,0,0
195229,3,9.78,0.50,-7.269,-6.072,-2.045,0,0
195281,3,9.79,0.50,-7.278,-6.048,-2.030,0,0
195330,3,9.77,0.00,-7.264,-6.053,-2.040,0,0
195381,3,9.78,0.54,-7.254,-6.053,-2.030,0,0
195431,3,9.78,0.00,-7.269,-6.038,-2.016,0,0
195481,3,9.82,1.41,-7.264,-6.057,-2.021,0,0
195533,3,9.82,0.00,-7.264,-6.053,-2.021,0,0
195585,3,9.77,0.00,-7.264,-6.053,-2.040,0,0
195636,3,9.77,0.00,-7.288,-6.048,-2.030,0,0
195688,3,9.76,0.00,-7.274,-6.043,-2.059,0,0
195740,3,9.76,0.00,-7.264,-6.038,-2.025,0,0
195791,3,9.76,0.00,-7.269,-6.053,-2.025,0,0
195843,3,9.76,0.00,-7.288,-6.043,-2.040,0,0
195894,3,9.74,0.00,-7.254,-6.033,-2.011,0,0
195945,3,9.74,0.00,-7.269,-6.053,-2.021,0,0
196001,3,9.73,-0.18,-7.250,-6.062,-2.002,0,0
196053,3,9.75,0.80,-7.283,-6.057,-2.025,0,0
196105,3,9.74,0.00,-7.278,-6.043,-2.030,0,0
196155,3,9.75,0.48,-7.293,-6.048,-2.021,0,0
196206,3,9.74,-0.48,-7.274,-6.029,-2.002,0,0
196258,3,9.74,0.00,-7.274,-6.038,-2.025,0,0
196310,3,9.77,0.00,-7.274,-6.043,-2.030,0,0
196360,3,9.76,-0.60,-7.264,-6.053,-2.021,0,0
196410,3,9.76,0.00,-7.269,-6.062,-2.016,0,0
196461,3,9.75,0.00,-7.264,-6.053,-2.021,0,0
196510,3,9.73,0.00,-7.274,-6.053,-2.016,0,0
196562,3,9.72,-0.58,-7.254,-6.053,-2.021,0,0
196613,3,9.73,-0.50,-7.250,-6.048,-2.016,0,0
196665,3,9.75,0.82,-7.250,-6.053,-2.045,0,0
196717,3,9.75,0.00,-7.264,-6.062,-2.045,0,0
196768,3,9.76,0.82,-7.274,-6.053,-2.016,0,0
196820,3,9.73,-1.01,-7.264,-6.053,-2.025,0,0
196871,3,9.74,0.34,-7.264,-6.057,-2.025,0,0
196923,3,9.75,0.36,-7.274,-6.057,-2.054,0,0
196975,3,9.73,0.00,-7.254,-6.043,-2.025,0,0
197025,3,9.74,0.34,-7.274,-6.053,-2.011,0,0
197076,3,9.74,-0.21,-7.264,-6.038,-2.040,0,0
197128,3,9.75,0.36,-7.264,-6.053,-2.025,0,0
197180,3,9.74,0.00,-7.269,-6.057,-2.025,0,0
197231,3,9.78,1.58,-7.293,-6.048,-2.025,0,0
197283,3,9.77,-0.19,-7.274,-6.048,-2.011,0,0
197332,3,9.78,-0.19,-7.264,-6.048,-2.045,0,0
197382,3,9.77,-0.20,-7.269,-6.062,-2.030,0,0
197433,3,9.77,0.00,-7.264,-6.038,-2.049,0,0
197483,3,9.77,-0.30,-7.259,-6.053,-1.997,0,0
197535,3,9.81,1.64,-7.259,-6.062,-2.025,0,0
197587,3,9.81,0.00,-7.254,-6.053,-2.030,0,0
197638,3,9.83,0.30,-7.254,-6.048,-2.011,0,0
197690,3,9.80,-0.99,-7.269,-6.048,-2.016,0,0
197741,3,9.79,0.00,-7.283,-6.076,-2.040,0,0
197793,3,9.83,1.34,-7.278,-6.053,-2.016,0,0
197845,3,9.87,0.00,-7.264,-6.043,-2.045,0,0
197895,3,9.85,-0.52,-7.240,-6.062,-2.045,0,0
197946,3,9.87,1.23,-7.274,-6.062,-2.035,0,0
197998,3,9.89,0.54,-5.464,-6.498,-1.202,0,0
198053,3,9.89,0.00,-8.289,-5.047,-2.830,0,0
198104,3,9.92,0.00,-7.997,-4.999,-2.361,0,0
198156,3,9.89,0.00,-7.058,-6.105,-2.758,0,0
198206,3,9.89,0.00,-6.962,-6.589,-2.591,0,0
198258,3,9.91,0.52,-7.561,-6.258,-3.021,0,0
198309,3,9.91,0.00,-5.444,-6.776,-2.916,0,0
198359,3,9.94,0.54,-5.684,-6.220,-3.012,0,0
198410,3,9.91,-1.37,-3.859,-8.734,-4.353,0,0
198460,3,9.92,0.00,-6.249,-8.025,-3.998,0,0
198513,3,9.91,0.54,-7.355,-7.120,-3.452,0,0
198564,3,9.93,0.52,-6.709,-7.676,-2.720,0,0
198616,3,9.90,0.00,-7.484,-7.489,-1.958,0,0
198667,3,9.88,0.50,-8.978,-8.892,-0.493,0,0
198719,3,9.85,-1.30,-7.709,-6.397,-0.235,0,0
198771,3,9.85,1.04,-8.203,-5.234,2.576,0,0
198822,3,9.86,0.50,-6.823,-2.365,4.171,0,0
198874,3,9.84,0.00,-6.436,1.245,5.799,0,0
198925,3,9.83,0.00,-5.018,2.140,6.483,0,0
198977,3,9.81,0.00,-4.669,1.824,6.938,0,0
199028,3,9.82,0.32,-5.186,1.384,7.077,0,0
199080,3,9.81,-0.50,-5.296,0.761,7.355,0,0
199132,3,9.82,0.00,-6.091,-0.081,7.858,0,0
199182,3,9.83,0.30,-6.464,0.057,7.829,0,0
199234,3,9.85,0.86,-6.163,0.646,7.834,0,0
199285,3,9.87,0.84,-5.895,1.130,7.638,0,0
199337,3,9.89,0.00,-5.947,2.433,6.986,0,0
199388,3,9.89,0.77,-5.315,3.352,6.962,0,0
199438,3,9.90,0.36,-5.420,4.357,6.886,0,0
199488,3,9.92,0.00,-5.301,5.114,6.680,0,0
199540,3,9.91,0.87,-4.635,5.966,6.584,0,0
199592,3,9.89,-0.99,-4.271,6.699,6.421,0,0
199643,3,9.88,-0.54,-3.467,6.483,5.986,0,0
199695,3,9.92,1.34,-3.850,7.341,5.746,0,0
199746,3,9.92,0.00,-4.152,7.652,5.957,0,0
199798,3,9.94,1.04,-3.496,6.670,6.268,0,0
199850,3,9.97,0.00,-4.046,5.722,6.598,0,0
199901,3,10.03,1.03,-6.057,5.995,6.670,0,0
199953,3,10.03,0.00,-6.661,6.359,6.536,0,0
200004,3,10.04,0.00,-6.124,6.163,6.062,0,0
200056,3,10.03,0.56,-4.793,6.220,5.732,0,0
200109,3,10.06,0.49,-4.094,6.800,5.617,0,0
200161,3,10.05,0.48,-3.510,7.087,5.837,0,0
200212,3,10.04,-0.34,-2.653,7.187,5.918,0,0
200263,3,10.03,-0.30,-2.121,7.393,6.254,0,0
200314,3,10.03,0.00,-1.437,7.556,6.656,0,0
200364,3,10.02,-0.89,-1.508,7.235,6.991,0,0
200415,3,10.00,-0.79,-1.513,7.101,7.077,0,0
200465,3,10.02,0.00,-1.302,6.565,6.991,0,0
200518,3,10.02,-0.36,-1.465,6.230,7.034,0,0
200569,3,10.02,-0.28,-2.021,5.535,7.245,0,0
200621,3,10.04,0.00,-2.461,5.215,7.235,0,0
200672,3,10.03,0.50,-3.232,4.922,7.513,0,0
200724,3,10.02,-1.41,-3.361,3.850,7.556,0,0
200775,3,10.03,1.01,-3.500,5.540,6.613,0,0
200827,3,9.99,-1.34,-3.797,5.219,6.407,0,0
200879,3,9.97,0.00,-5.986,4.367,6.120,0,0
200930,3,9.95,0.00,-6.345,4.568,5.918,0,0
200982,3,9.94,0.00,-6.819,4.697,6.498,0,0
201033,3,9.93,-0.84,-7.010,4.266,5.933,0,0
201085,3,9.96,1.03,-6.665,4.903,6.206,0,0
201137,3,9.94,0.00,-7.484,4.008,5.842,0,0
201187,3,9.92,-0.84,-7.887,3.318,4.779,0,0
201239,3,9.92,1.03,-8.528,4.942,4.171,0,0
201290,3,9.89,-1.32,-7.949,4.286,4.386,0,0
201342,3,9.90,0.00,-7.341,3.323,4.468,0,0
201393,3,9.86,0.00,-7.025,3.955,4.654,0,0
201443,3,9.88,0.54,-7.393,3.294,4.678,0,0
201493,3,9.88,0.00,-7.456,3.553,4.755,0,0
201545,3,9.87,0.00,-7.599,3.352,4.573,0,0
201597,3,9.88,0.52,-7.934,3.409,4.587,0,0
201648,3,9.87,-0.75,-7.944,3.381,4.683,0,0
201700,3,9.87,0.00,-8.217,3.740,4.592,0,0
201751,3,9.87,0.00,-8.274,3.630,4.348,0,0
201803,3,9.89,0.52,-8.174,3.510,4.065,0,0
201855,3,9.85,0.00,-8.303,3.855,4.061,0,0
201906,3,9.88,0.50,-8.365,3.850,4.108,0,0
201958,3,9.86,-0.80,-7.676,3.845,4.233,0,0
202009,3,9.87,0.00,-7.436,3.855,4.525,0,0
202061,3,9.83,-1.36,-7.499,3.433,4.535,0,0
202113,3,9.85,0.00,-7.728,3.687,4.233,0,0
202165,3,9.85,0.10,-7.575,3.826,3.759,0,0
202217,3,9.87,0.56,-7.829,3.936,3.836,0,0
202269,3,9.86,0.00,-7.977,3.955,4.056,0,0
202319,3,9.87,0.48,-8.241,3.922,3.979,0,0
202369,3,9.84,-0.38,-8.289,3.711,4.003,0,0
202420,3,9.86,0.58,-8.226,3.974,3.749,0,0
202470,3,9.85,0.00,-8.413,3.893,3.644,0,0
202520,3,9.85,-0.79,-8.030,3.874,3.697,0,0
202571,3,9.87,0.52,-7.977,3.735,4.075,0,0
202623,3,9.86,0.00,-8.112,3.409,4.343,0,0
202674,3,9.83,-0.84,-8.193,3.428,4.209,0,0
202726,3,9.84,0.54,-8.423,3.457,4.013,0,0
202777,3,9.83,0.99,-8.198,3.314,3.974,0,0
202829,3,9.82,-0.34,-8.231,3.443,4.008,0,0
202881,3,9.80,0.00,-8.389,3.314,4.061,0,0
202932,3,9.79,-0.84,-8.423,3.448,4.085,0,0
202984,3,9.79,0.00,-8.155,3.285,4.132,0,0
203035,3,9.80,0.50,-7.853,3.424,4.209,0,0
203087,3,9.78,-0.71,-7.657,3.290,4.252,0,0
203139,3,9.74,0.00,-7.714,3.452,4.233,0,0
203189,3,9.76,0.50,-8.064,3.472,4.137,0,0
203241,3,9.73,0.00,-7.982,3.567,3.907,0,0
203292,3,9.75,0.52,-7.882,3.472,3.984,0,0
203344,3,9.71,0.00,-7.982,3.266,4.396,0,0
203395,3,9.70,-1.43,-8.428,3.888,4.281,0,0
203445,3,9.70,0.00,-8.246,4.496,3.850,0,0
203495,3,9.67,0.00,-7.968,3.855,4.056,0,0
203547,3,9.66,0.48,-8.083,2.476,5.138,0,0
203599,3,9.65,-0.30,-7.513,1.705,5.674,0,0
203650,3,9.67,1.01,-8.016,1.844,6.110,0,0
203702,3,9.66,-0.32,-7.891,1.025,6.483,0,0
203753,3,9.64,0.00,-7.695,1.489,6.191,0,0
203805,3,9.65,-0.32,-7.350,1.724,5.751,0,0
203857,3,9.65,-1.36,-7.570,2.380,5.162,0,0
203908,3,9.64,-0.36,-7.638,2.672,4.750,0,0
203960,3,9.63,-0.34,-7.863,3.792,4.037,0,0
204011,3,9.62,0.00,-8.025,4.132,3.716,0,0
204063,3,9.62,0.17,-7.422,4.247,3.836,0,0
204114,3,9.64,0.00,-6.555,3.620,4.439,0,0
204165,3,9.63,-0.32,-5.986,2.950,5.334,0,0
204219,3,9.62,-0.12,-6.603,2.442,5.669,0,0
204270,3,9.63,0.00,-7.173,2.485,5.646,0,0
204321,3,9.60,-1.32,-6.938,2.614,5.100,0,0
204371,3,9.62,0.00,-7.163,2.500,4.511,0,0
204422,3,9.63,1.13,-7.695,3.199,3.759,0,0
204472,3,9.66,1.11,-8.782,3.692,3.314,0,0
204521,3,9.65,0.00,-10.664,3.318,3.476,0,0
204573,3,9.67,1.13,-11.904,3.218,4.492,0,0
204625,3,9.65,0.00,-12.028,4.003,3.438,0,0
204676,3,9.64,-0.71,-12.613,3.199,4.108,0,0
204728,3,9.63,-0.34,-11.344,3.266,4.448,0,0
204779,3,9.66,0.50,-10.410,2.504,5.186,0,0
204831,3,9.60,-0.84,-10.764,2.404,5.315,0,0
204883,3,9.63,0.00,-9.955,2.174,5.832,0,0
204934,3,9.63,-0.34,-7.647,0.048,6.024,0,0
204986,3,9.62,-0.32,-5.219,0.024,6.919,0,0
205037,3,9.68,1.03,-3.405,1.298,6.555,0,0
205089,3,9.67,-0.36,-4.357,3.831,6.187,0,0
205141,3,9.68,0.00,-5.157,5.799,6.527,0,0
205191,3,9.70,0.50,-4.769,5.531,6.551,0,0
205242,3,9.71,0.00,-3.098,5.626,6.847,0,0
205294,3,9.72,0.50,-1.681,5.871,6.732,0,0
205344,3,9.74,0.00,-0.373,5.976,5.488,0,0
205394,3,9.75,0.54,0.364,5.789,5.483,0,0
205444,3,9.73,-0.87,2.049,5.344,6.029,0,0
205495,3,9.74,0.00,2.586,5.550,7.173,0,0
205546,3,9.77,0.54,1.269,5.775,7.250,0,0
205598,3,9.81,1.53,0.733,5.282,6.905,0,0
205649,3,9.87,1.03,0.187,6.546,6.254,0,0
205701,3,9.84,0.52,0.656,8.155,5.531,0,0
205753,3,9.83,0.00,1.733,8.696,5.617,0,0
205804,3,9.87,0.50,1.690,8.787,5.770,0,0
205856,3,9.86,-0.28,1.379,8.423,5.914,0,0
205907,3,9.87,0.48,0.589,8.179,5.986,0,0
205959,3,9.86,-0.32,0.484,7.915,6.048,0,0
206010,3,9.88,0.00,0.594,7.728,6.196,0,0
206061,3,9.87,-0.32,0.747,8.030,5.966,0,0
206112,3,9.90,-0.32,1.408,7.987,5.626,0,0
206164,3,9.89,-0.34,1.537,7.982,5.416,0,0
206216,3,9.90,0.00,1.480,8.222,5.406,0,0
206271,3,9.87,-0.42,1.451,8.270,5.574,0,0
206321,3,9.85,-0.73,1.240,8.102,5.775,0,0
206371,3,9.88,0.00,0.565,7.810,6.163,0,0
206422,3,9.89,0.20,0.522,7.604,6.297,0,0
206472,3,9.91,0.79,1.149,7.695,6.110,0,0
206526,3,9.94,1.67,0.843,8.078,5.923,0,0
206576,3,9.93,-0.34,0.622,7.819,6.249,0,0
206628,3,9.93,-0.34,0.239,7.839,6.302,0,0
206679,3,9.94,1.04,0.608,7.786,6.153,0,0
206731,3,9.95,0.17,0.713,7.810,6.153,0,0
206782,3,9.94,0.00,0.685,7.671,6.302,0,0
206834,3,9.93,-0.34,0.560,7.872,6.038,0,0
206885,3,9.95,1.03,0.804,7.882,6.062,0,0
206937,3,9.94,0.48,0.785,7.934,5.990,0,0
206989,3,9.92,-0.87,0.498,7.853,6.211,0,0
207040,3,9.95,0.00,0.417,8.011,6.139,0,0
207092,3,9.93,-0.32,0.862,7.949,5.957,0,0
207143,3,9.96,0.00,1.097,7.700,5.938,0,0
207195,3,9.96,0.19,1.192,7.872,5.760,0,0
207247,3,9.98,1.01,0.900,7.824,5.756,0,0
207297,3,9.98,-0.21,0.397,7.901,5.732,0,0
207347,3,10.01,0.00,0.804,7.843,5.827,0,0
207397,3,10.01,0.56,0.134,7.853,6.043,0,0
207447,3,9.99,0.52,-0.579,7.700,6.747,0,0
207498,3,9.97,-1.41,-1.068,7.858,6.852,0,0
207549,3,9.98,-0.30,-0.622,7.274,6.972,0,0
207601,3,10.01,1.01,-0.077,7.566,6.393,0,0
207652,3,9.99,0.00,-0.306,8.107,5.990,0,0
207704,3,9.99,1.01,0.139,7.915,6.191,0,0
207756,3,9.99,-0.32,-0.306,7.977,6.436,0,0
207807,3,9.99,1.03,0.081,8.016,6.249,0,0
207859,3,9.98,-0.32,0.402,7.867,6.153,0,0
207910,3,9.98,0.00,0.345,7.786,6.048,0,0
207962,3,9.99,-0.34,0.680,7.719,5.981,0,0
208014,3,10.01,0.00,0.599,7.661,6.014,0,0
208065,3,10.03,1.06,0.857,7.834,5.851,0,0
208117,3,10.02,-0.34,1.168,7.719,5.804,0,0
208167,3,10.01,-0.34,0.551,7.561,6.072,0,0
208219,3,10.00,0.00,0.426,7.796,6.076,0,0
208270,3,10.02,1.03,0.086,7.705,6.153,0,0
208324,3,10.01,-0.19,0.488,7.819,5.904,0,0
208374,3,10.00,-0.38,-0.153,7.719,5.938,0,0
208425,3,9.99,0.00,-1.140,7.614,6.278,0,0
208475,3,9.97,-0.36,-0.919,7.609,6.517,0,0
208527,3,9.98,0.24,-1.053,7.403,6.790,0,0
208579,3,9.97,0.00,-0.910,7.384,6.847,0,0
208629,3,9.96,-0.34,-0.962,7.350,6.747,0,0
208681,3,9.97,0.00,-0.699,7.278,6.378,0,0
208732,3,9.95,-0.32,-0.536,7.427,6.455,0,0
208784,3,9.94,0.00,-0.867,7.154,6.732,0,0
208835,3,9.91,-0.86,-0.383,6.972,6.699,0,0
208887,3,9.89,-0.84,-1.135,6.857,6.876,0,0
208939,3,9.87,1.04,-1.417,6.158,7.657,0,0
208990,3,9.83,-0.32,-1.901,6.072,8.279,0,0
209042,3,9.80,0.00,-1.647,5.914,8.193,0,0
209093,3,9.79,-0.32,-1.585,6.412,7.709,0,0
209145,3,9.76,-1.16,-1.331,5.703,8.045,0,0
209197,3,9.75,-1.27,-1.542,5.612,8.250,0,0
209248,3,9.78,1.27,-0.962,5.449,8.289,0,0
209300,3,9.79,0.00,-0.857,5.425,8.135,0,0
209352,3,9.75,0.18,-1.499,5.765,8.155,0,0
209402,3,9.75,0.21,-1.379,5.095,8.466,0,0
209453,3,9.76,0.00,-0.996,4.913,8.509,0,0
209503,3,9.76,0.20,-0.862,4.611,8.672,0,0
209555,3,9.75,-0.34,-1.211,4.846,8.715,0,0
209605,3,9.75,0.19,-1.791,5.080,8.739,0,0
209656,3,9.72,0.00,-0.848,4.879,8.696,0,0
209708,3,9.72,0.30,-1.164,4.980,8.887,0,0
209760,3,9.74,0.69,-0.062,4.515,8.844,0,0
209811,3,9.79,1.55,-1.369,4.070,9.414,0,0
209863,3,9.77,0.75,-0.924,4.132,9.428,0,0
209914,3,9.74,0.00,9.639,5.382,5.851,0,0
209966,3,9.73,-0.34,-0.460,2.006,8.030,0,0
210018,3,9.73,-0.22,-6.144,1.346,8.758,0,0
210069,3,9.74,0.18,-2.193,3.797,8.868,0,0
210121,3,9.74,0.21,-2.351,1.015,10.151,0,0
210172,3,9.75,0.00,-3.290,1.733,9.888,0,0
210224,3,9.72,0.21,-4.420,1.571,9.404,0,0
210276,3,9.73,0.19,-6.665,1.144,9.127,0,0
210326,3,9.75,0.78,-7.379,2.806,8.040,0,0
210381,3,9.76,0.12,-5.215,2.571,8.748,0,0
210431,3,9.75,0.00,-2.830,-0.034,10.108,0,0
210481,3,9.80,1.59,-4.386,1.001,10.017,0,0
210532,3,9.80,0.00,-4.899,0.450,10.396,0,0
210584,3,9.78,-0.32,-5.574,-0.043,10.980,0,0
210635,3,9.77,-0.34,-6.206,0.077,11.238,0,0
210687,3,9.78,0.50,-6.220,0.594,11.291,0,0
210738,3,9.74,-1.34,-5.535,2.557,9.869,0,0
210790,3,9.77,0.00,-3.342,4.276,7.398,0,0
210842,3,9.78,0.52,0.024,5.176,5.454,0,0
210893,3,9.79,0.00,1.848,6.555,4.578,0,0
210945,3,9.78,0.52,2.284,6.876,4.851,0,0
210996,3,9.81,1.03,2.040,6.493,5.693,0,0
211048,3,9.80,0.00,1.140,5.531,7.302,0,0
211099,3,9.80,-0.80,-0.479,5.387,7.968,0,0
211151,3,9.83,0.00,-0.618,6.306,7.977,0,0
211203,3,9.86,1.03,-0.144,6.144,8.049,0,0
211253,3,9.86,0.00,-0.311,6.306,7.949,0,0
211305,3,9.85,-0.82,0.498,6.268,7.590,0,0
211354,3,9.86,0.00,0.024,6.177,7.499,0,0
211405,3,9.84,0.54,-0.330,5.765,7.743,0,0
211455,3,9.80,-1.45,-1.413,5.310,8.543,0,0
211505,3,9.82,0.00,-2.107,5.033,9.179,0,0
211557,3,9.80,0.50,-1.638,5.133,9.136,0,0
211608,3,9.80,0.00,-0.852,5.756,8.332,0,0
211660,3,9.79,0.00,-0.335,6.483,7.436,0,0
211712,3,9.76,-1.32,-0.053,5.914,7.733,0,0
211763,3,9.78,0.00,-0.536,5.741,8.112,0,0
211815,3,9.76,0.56,-1.101,5.689,8.255,0,0
211866,3,9.77,0.50,-0.895,5.598,8.322,0,0
211918,3,9.75,0.50,-0.479,5.660,8.260,0,0
211970,3,9.76,0.50,-0.278,5.818,7.992,0,0
212021,3,9.76,0.00,-0.479,5.789,7.987,0,0
212073,3,9.74,0.47,-1.015,5.765,8.121,0,0
212123,3,9.74,0.00,-1.039,5.722,8.078,0,0
212175,3,9.70,-1.41,-0.555,5.942,7.910,0,0
212226,3,9.70,0.00,-0.110,5.732,7.939,0,0
212278,3,9.71,-0.22,-0.661,6.244,7.379,0,0
212330,3,9.71,0.00,-2.030,6.507,7.293,0,0
212380,3,9.71,0.00,-1.202,5.765,8.006,0,0
212435,3,9.64,-1.02,-0.958,4.922,8.595,0,0
212485,3,9.64,-0.91,-1.551,4.779,8.691,0,0
212537,3,9.64,0.00,-1.738,5.028,8.380,0,0
212588,3,9.62,0.00,-2.174,4.865,8.317,0,0
212639,3,9.64,0.54,-2.045,4.741,8.270,0,0
212690,3,9.63,0.54,-2.586,4.463,8.562,0,0
212742,3,9.60,-0.86,-2.782,3.759,9.112,0,0
212793,3,9.57,0.00,-2.509,3.591,9.222,0,0
212845,3,9.59,-0.21,-2.006,2.988,9.471,0,0
212894,3,9.63,1.51,-2.049,2.571,9.697,0,0
212946,3,9.61,-0.34,-2.035,2.825,9.543,0,0
212997,3,9.62,0.21,-2.241,2.940,9.457,0,0
213049,3,9.60,0.00,-2.274,3.160,9.251,0,0
213100,3,9.59,0.17,-2.342,3.352,9.151,0,0
213152,3,9.60,0.19,-2.782,3.740,9.017,0,0
213204,3,9.56,0.19,-2.849,3.697,8.983,0,0
213254,3,9.56,0.00,-2.835,3.448,9.299,0,0
213305,3,9.58,0.17,-2.394,3.041,9.380,0,0
213355,3,9.62,1.55,-2.078,3.237,9.175,0,0
213406,3,9.63,0.00,-1.925,3.486,8.945,0,0
213456,3,9.64,0.20,-2.207,3.496,9.007,0,0
213506,3,9.65,0.20,-2.351,3.543,9.079,0,0
213558,3,9.66,0.30,-2.217,3.505,9.131,0,0
213609,3,9.66,0.18,-2.088,3.323,9.232,0,0
213661,3,9.68,0.00,-2.179,3.496,9.026,0,0
213713,3,9.71,0.17,-2.260,3.385,9.050,0,0
213764,3,9.67,-1.25,-2.691,3.462,9.093,0,0
213816,3,9.70,0.28,-2.308,3.510,9.203,0,0
213867,3,9.72,0.73,-1.743,3.486,9.285,0,0
213919,3,9.71,0.00,-1.815,3.290,9.294,0,0
213971,3,9.72,-0.28,-2.313,3.419,9.232,0,0
214022,3,9.69,-1.16,-1.939,3.146,9.457,0,0
214074,3,9.70,-0.30,-1.729,3.132,9.433,0,0
214125,3,9.71,0.28,-1.360,3.266,9.457,0,0
214176,3,9.68,-1.16,-1.810,3.491,9.141,0,0
214227,3,9.68,0.19,-1.642,3.826,9.141,0,0
214279,3,9.72,0.67,-1.159,3.251,9.562,0,0
214328,3,9.70,-0.66,-1.106,3.031,9.591,0,0
214378,3,9.71,0.00,-2.064,3.706,9.155,0,0
214429,3,9.73,0.20,-1.834,3.237,9.261,0,0
214500,3,9.71,-0.31,-1.087,3.390,9.170,0,0
214552,3,9.73,0.00,-0.517,3.309,9.299,0,0
214602,3,9.69,-1.23,-1.092,3.524,9.203,0,0
214653,3,9.71,0.00,-1.231,3.448,9.251,0,0
214705,3,9.72,-0.68,-1.312,3.385,9.352,0,0
214757,3,9.73,0.69,-1.063,3.237,9.486,0,0
214808,3,9.74,0.19,-1.097,3.328,9.337,0,0
214860,3,9.71,-1.14,-1.279,3.553,9.213,0,0
214911,3,9.72,0.00,-1.566,3.414,9.270,0,0
214963,3,9.73,0.21,-1.235,3.084,9.548,0,0
215015,3,9.70,0.00,-1.140,3.103,9.428,0,0
215066,3,9.69,-0.67,-1.197,3.409,9.122,0,0
215118,3,9.69,0.21,-1.365,3.184,9.409,0,0
215169,3,9.75,1.19,-1.647,3.534,9.395,0,0
215221,3,9.75,0.22,-0.747,3.093,9.515,0,0
215273,3,9.77,0.00,-0.991,3.304,9.534,0,0
215323,3,9.75,-0.67,-0.728,2.916,9.620,0,0
215373,3,9.77,0.00,-1.025,2.710,9.826,0,0
215424,3,9.81,0.85,-0.771,2.801,9.677,0,0
215474,3,9.77,-1.83,-0.828,2.983,9.749,0,0
215527,3,9.78,0.77,-1.106,3.261,8.993,0,0
215578,3,9.78,0.19,-0.464,2.902,9.443,0,0
215629,3,9.77,-1.34,1.245,1.724,10.022,0,0
215681,3,9.76,0.19,-0.134,2.217,9.562,0,0
215733,3,9.75,-0.22,-0.177,1.844,9.385,0,0
215784,3,9.76,0.00,-1.130,2.102,9.577,0,0
215836,3,9.74,-0.80,-0.168,2.025,9.701,0,0
215887,3,9.73,0.00,0.460,1.805,9.366,0,0
215939,3,9.71,-0.80,-2.600,1.997,8.863,0,0
215991,3,9.71,-0.34,-3.170,3.505,8.207,0,0
216042,3,9.68,0.00,-1.858,2.562,7.714,0,0
216094,3,9.68,0.48,-2.203,2.682,7.561,0,0
216145,3,9.65,0.00,-4.808,0.527,7.700,0,0
216197,3,9.66,0.19,-6.536,1.623,7.039,0,0
216248,3,9.65,-0.34,-6.871,0.828,7.144,0,0
216299,3,9.66,0.19,-7.508,0.488,7.130,0,0
216348,3,9.65,0.00,-6.618,0.129,7.365,0,0
216399,3,9.62,0.76,-6.144,-0.493,7.192,0,0
216449,3,9.63,0.22,-5.440,-0.785,6.977,0,0
216500,3,9.64,0.00,-5.684,-1.039,6.924,0,0
216552,3,9.58,-0.75,-6.479,-2.097,6.886,0,0
216604,3,9.58,-0.32,-6.958,-2.442,6.431,0,0
216654,3,9.58,0.00,-7.408,-2.935,6.134,0,0
216706,3,9.55,-0.91,-7.614,-3.170,5.521,0,0
216757,3,9.54,-0.32,-7.824,-3.893,4.999,0,0
216809,3,9.53,0.00,-7.561,-4.199,4.338,0,0
216860,3,9.49,-0.32,-7.599,-4.525,3.874,0,0
216912,3,9.46,0.00,-7.944,-5.157,3.903,0,0
216964,3,9.44,-0.86,-8.112,-5.780,3.922,0,0
217015,3,9.41,-0.82,-8.260,-5.737,3.203,0,0
217067,3,9.41,0.00,-8.327,-5.650,2.586,0,0
217118,3,9.37,-0.34,-8.394,-5.722,1.891,0,0
217170,3,9.37,0.00,-8.231,-6.268,1.350,0,0
217222,3,9.34,-0.89,-7.470,-6.560,1.312,0,0
217273,3,9.33,-0.24,-6.761,-5.770,0.905,0,0
217325,3,9.36,0.99,-7.044,-5.440,0.297,0,0
217375,3,9.34,-0.87,-7.724,-5.823,0.421,0,0
217426,3,9.32,0.00,-7.168,-5.497,-0.086,0,0
217476,3,9.27,-0.91,-6.598,-4.549,-0.316,0,0
217525,3,9.25,-0.89,-5.938,-4.281,-0.316,0,0
217576,3,9.26,0.50,-6.258,-4.089,-0.220,0,0
217627,3,9.24,-0.84,-6.977,-6.067,0.091,0,0
217679,3,9.22,0.00,-7.058,-6.900,-0.067,0,0
217730,3,9.21,0.48,-7.331,-7.063,-0.225,0,0
217782,3,9.18,0.00,-6.919,-6.345,-0.450,0,0
217834,3,9.12,-1.34,-7.168,-6.809,-0.608,0,0
217885,3,9.12,0.00,-7.848,-7.345,-1.168,0,0
217937,3,9.10,0.00,-7.125,-7.791,-1.422,0,0
217988,3,9.07,0.50,-5.823,-7.623,-1.413,0,0
218040,3,9.04,0.00,-4.693,-7.422,-1.034,0,0
218092,3,8.99,-1.85,-5.286,-6.881,-0.713,0,0
218143,3,8.99,0.00,-7.369,-6.038,-1.116,0,0
218195,3,8.97,-1.25,-8.112,-7.025,-0.733,0,0
218246,3,8.95,-0.56,-8.715,-7.614,-0.541,0,0
218297,3,8.95,0.00,-8.978,-8.169,-0.977,0,0
218346,3,8.94,-0.48,-8.322,-9.294,-1.585,0,0
218397,3,8.88,0.00,-6.981,-8.456,-3.103,0,0
218447,3,8.86,0.38,-7.365,-7.384,-4.630,0,0
218497,3,8.78,-3.12,-6.699,-7.183,-5.138,0,0
218549,3,8.80,0.00,-6.699,-7.254,-4.065,0,0
218603,3,8.75,-0.77,-8.456,-7.087,-4.396,0,0
218655,3,8.75,0.79,-7.479,-7.618,-4.027,0,0
218707,3,8.74,-0.50,-5.981,-7.111,-3.084,0,0
218757,3,8.72,-0.54,-5.698,-6.589,-2.504,0,0
218809,3,8.70,0.00,-6.402,-6.732,-2.002,0,0
218860,3,8.67,0.00,-9.400,-6.493,-0.651,0,0
218912,3,8.66,-0.52,-8.241,-4.922,-2.308,0,0
218963,3,8.62,0.00,-7.748,-5.018,-2.605,0,0
219015,3,8.62,0.00,-7.451,-5.066,-2.303,0,0
219067,3,8.62,0.00,-8.399,-4.089,-2.557,0,0
219118,3,8.60,-1.34,-7.982,-4.999,-3.548,0,0
219170,3,8.60,0.00,-3.950,-7.197,-2.543,0,0
219221,3,8.56,-1.34,-5.813,-7.800,-2.279,0,0
219273,3,8.56,0.00,-7.034,-4.855,0.321,0,0
219325,3,8.55,0.00,-8.614,-4.381,-0.038,0,0
219375,3,8.55,0.00,-7.772,-5.636,-0.493,0,0
219425,3,8.53,-0.95,-6.416,-6.527,-1.523,0,0
219476,3,8.54,0.00,-5.622,-7.202,-2.236,0,0
219525,3,8.54,0.00,-7.705,-6.263,-1.657,0,0
219577,3,8.54,0.00,-7.503,-5.770,-0.369,0,0
219627,3,8.52,-0.82,-7.977,-5.713,-1.006,0,0
219679,3,8.51,0.00,-6.608,-6.632,-1.772,0,0
219730,3,8.48,0.00,-6.560,-6.761,-1.417,0,0
219782,3,8.48,0.00,-7.752,-6.067,-1.106,0,0
219833,3,8.48,0.00,-7.226,-6.354,-1.700,0,0
219885,3,8.45,0.00,-7.058,-6.282,-0.713,0,0
219937,3,8.45,0.00,-7.259,-6.325,-1.585,0,0
219988,3,8.41,0.00,-7.331,-6.096,-1.001,0,0
220040,3,8.42,0.52,-7.001,-6.464,-1.417,0,0
220091,3,8.41,0.00,-7.350,-6.258,-1.288,0,0
220143,3,8.40,-0.52,-7.197,-6.321,-1.168,0,0
220195,3,8.38,0.00,-7.202,-6.345,-1.307,0,0
220246,3,8.33,-0.54,-7.269,-6.302,-1.326,0,0
220298,3,8.33,0.00,-7.202,-6.321,-1.231,0,0
220350,3,8.33,0.00,-7.245,-6.297,-1.302,0,0
220400,3,8.33,0.00,-7.183,-6.330,-1.293,0,0
220451,3,8.33,0.00,-7.240,-6.306,-1.293,0,0
220501,3,8.37,0.00,-7.216,-6.316,-1.288,0,0
220552,3,8.33,-1.34,-7.226,-6.325,-1.279,0,0
220603,3,8.32,-0.47,-7.226,-6.335,-1.302,0,0
220657,3,8.33,0.16,-7.221,-6.321,-1.283,0,0
220708,3,8.37,1.34,-7.226,-6.316,-1.279,0,0
220759,3,8.35,-0.80,-7.235,-6.330,-1.279,0,0
220810,3,8.38,1.32,-7.230,-6.311,-1.269,0,0
220862,3,8.36,-1.36,-7.240,-6.302,-1.322,0,0
220914,3,8.40,1.36,-7.221,-6.321,-1.274,0,0
220965,3,8.40,0.00,-7.240,-6.297,-1.293,0,0
221017,3,8.36,-1.36,-7.226,-6.316,-1.279,0,0
221068,3,8.35,0.00,-7.216,-6.325,-1.279,0,0
221120,3,8.35,0.00,-7.211,-6.306,-1.288,0,0
221171,3,8.33,-0.54,-7.216,-6.335,-1.279,0,0
221223,3,8.33,-0.54,-7.235,-6.306,-1.274,0,0
221275,3,8.35,0.54,-7.221,-6.316,-1.317,0,0
221326,3,8.35,0.00,-7.230,-6.316,-1.279,0,0
221377,3,8.33,0.54,-7.221,-6.316,-1.312,0,0
221427,3,8.33,0.00,-7.235,-6.325,-1.293,0,0
221478,3,8.34,0.00,-7.221,-6.330,-1.269,0,0
221529,3,8.38,1.01,-7.245,-6.316,-1.264,0,0
221581,3,8.38,0.00,-7.240,-6.311,-1.279,0,0
221633,3,8.40,0.00,-7.230,-6.335,-1.312,0,0
221683,3,8.40,0.00,-7.226,-6.330,-1.302,0,0
221735,3,8.40,0.00,-7.221,-6.311,-1.312,0,0
221786,3,8.37,-0.86,-7.235,-6.316,-1.307,0,0
221838,3,8.39,0.00,-7.230,-6.311,-1.302,0,0
221889,3,8.40,0.52,-7.211,-6.325,-1.269,0,0
221941,3,8.40,0.00,-7.221,-6.297,-1.293,0,0
221993,3,8.38,-1.36,-7.211,-6.311,-1.279,0,0
222044,3,8.39,0.54,-7.230,-6.316,-1.274,0,0
222096,3,8.39,0.00,-7.230,-6.316,-1.283,0,0
222147,3,8.43,1.03,-7.240,-6.335,-1.307,0,0
222199,3,8.45,0.00,-7.235,-6.306,-1.307,0,0
222250,3,8.48,0.52,-7.230,-6.306,-1.283,0,0
222302,3,8.45,-0.86,-7.221,-6.287,-1.298,0,0
222352,3,8.45,0.00,-7.230,-6.306,-1.283,0,0
222402,3,8.45,0.52,-7.211,-6.316,-1.288,0,0
222453,3,8.47,0.58,-7.230,-6.306,-1.274,0,0
222503,3,8.47,0.00,-7.240,-6.306,-1.302,0,0
222553,3,8.48,0.50,-7.221,-6.311,-1.288,0,0
222605,3,8.49,0.50,-7.230,-6.297,-1.293,0,0
222656,3,8.49,0.00,-7.216,-6.311,-1.283,0,0
222711,3,8.51,0.19,-7.207,-6.325,-1.307,0,0
222763,3,8.47,0.00,-7.230,-6.325,-1.307,0,0
222815,3,8.48,0.48,-7.226,-6.325,-1.274,0,0
222865,3,8.48,0.00,-7.226,-6.325,-1.302,0,0
222916,3,8.44,-1.83,-7.221,-6.311,-1.259,0,0
222968,3,8.45,0.00,-7.245,-6.321,-1.279,0,0
223020,3,8.44,0.00,-7.211,-6.325,-1.264,0,0
223071,3,8.44,0.00,-7.235,-6.321,-1.302,0,0
223123,3,8.41,-0.84,-7.240,-6.306,-1.283,0,0
223174,3,8.41,0.00,-7.230,-6.311,-1.288,0,0
223226,3,8.41,0.00,-7.254,-6.311,-1.298,0,0
223278,3,8.43,0.50,-7.235,-6.302,-1.293,0,0
223329,3,8.41,-0.54,-7.245,-6.311,-1.298,0,0
223380,3,8.39,0.00,-7.221,-6.302,-1.288,0,0
223430,3,8.38,-0.54,-7.221,-6.302,-1.302,0,0
223481,3,8.38,0.00,-7.216,-6.297,-1.293,0,0
223532,3,8.38,0.00,-7.226,-6.297,-1.307,0,0
223584,3,8.34,0.00,-7.221,-6.311,-1.293,0,0
223636,3,8.34,0.00,-7.207,-6.311,-1.274,0,0
223687,3,8.28,-1.85,-7.235,-6.302,-1.274,0,0
223739,3,8.28,0.00,-7.202,-6.302,-1.298,0,0
223789,3,8.28,0.00,-7.221,-6.321,-1.279,0,0
223838,3,8.28,0.00,-7.235,-6.325,-1.302,0,0
223890,3,8.27,0.00,-7.221,-6.316,-1.293,0,0
223941,3,8.25,-0.50,-7.226,-6.321,-1.288,0,0
223993,3,8.20,-0.52,-7.230,-6.316,-1.288,0,0
224044,3,8.19,-0.50,-7.221,-6.297,-1.264,0,0
224096,3,8.15,0.00,-7.221,-6.316,-1.302,0,0
224148,3,8.15,0.00,-7.230,-6.297,-1.302,0,0
224199,3,8.15,0.00,-7.245,-6.316,-1.298,0,0
224251,3,8.13,-0.88,-7.230,-6.311,-1.259,0,0
224302,3,8.14,0.54,-7.221,-6.311,-1.288,0,0
224352,3,8.12,0.00,-7.235,-6.321,-1.298,0,0
224403,3,8.15,0.54,-7.226,-6.292,-1.269,0,0
224453,3,8.16,0.52,-7.235,-6.316,-1.279,0,0
224503,3,8.15,0.00,-7.216,-6.321,-1.302,0,0
224555,3,8.11,-1.34,-7.226,-6.292,-1.288,0,0
224605,3,8.11,0.00,-7.235,-6.321,-1.312,0,0
224656,3,8.06,-1.88,-7.226,-6.321,-1.279,0,0
224708,3,8.06,0.00,-7.235,-6.316,-1.274,0,0
224764,3,8.06,0.00,-7.245,-6.302,-1.298,0,0
224816,3,8.03,0.00,-7.240,-6.306,-1.302,0,0
224868,3,8.03,0.00,-7.216,-6.311,-1.274,0,0
224918,3,8.05,0.52,-7.216,-6.306,-1.298,0,0
224969,3,8.00,-1.88,-7.230,-6.316,-1.298,0,0
225021,3,8.00,0.00,-7.216,-6.316,-1.279,0,0
225073,3,8.01,0.54,-7.240,-6.311,-1.322,0,0
225124,3,8.01,0.00,-7.211,-6.306,-1.264,0,0
225176,3,8.03,0.48,-7.216,-6.292,-1.283,0,0
225227,3,8.03,0.00,-7.230,-6.325,-1.279,0,0
225279,3,8.05,0.50,-7.240,-6.311,-1.264,0,0
225328,3,8.08,0.82,-7.245,-6.306,-1.302,0,0
225379,3,8.04,0.00,-7.226,-6.330,-1.307,0,0
225429,3,8.06,0.00,-7.226,-6.306,-1.279,0,0
225479,3,8.06,0.00,-7.216,-6.297,-1.274,0,0
225531,3,8.05,0.00,-7.240,-6.306,-1.279,0,0
225583,3,8.03,-0.52,-7.240,-6.316,-1.279,0,0
225635,3,8.05,0.52,-7.216,-6.321,-1.312,0,0
225686,3,8.05,0.00,-7.226,-6.306,-1.283,0,0
225738,3,8.05,0.00,-7.211,-6.302,-1.279,0,0
225788,3,8.10,1.83,-7.230,-6.302,-1.302,0,0
225840,3,8.10,0.00,-7.226,-6.306,-1.274,0,0
225891,3,8.08,0.00,-7.221,-6.306,-1.293,0,0
225943,3,8.08,0.00,-7.235,-6.311,-1.288,0,0
225994,3,8.08,0.00,-7.230,-6.292,-1.283,0,0
226046,3,8.11,0.00,-7.221,-6.311,-1.302,0,0
226098,3,8.09,-0.52,-7.240,-6.330,-1.307,0,0
226149,3,8.12,1.34,-7.235,-6.306,-1.298,0,0
226201,3,8.12,0.00,-7.221,-6.325,-1.274,0,0
226252,3,8.12,0.00,-7.226,-6.306,-1.317,0,0
226304,3,8.13,0.00,-7.245,-6.302,-1.279,0,0
226354,3,8.13,0.00,-7.235,-6.292,-1.269,0,0
226404,3,8.13,0.00,-7.207,-6.311,-1.298,0,0
226454,3,8.12,-0.52,-7.226,-6.316,-1.307,0,0
226504,3,8.12,0.00,-7.230,-6.302,-1.307,0,0
226556,3,8.15,0.00,-7.221,-6.297,-1.307,0,0
226608,3,8.17,0.48,-7.230,-6.297,-1.288,0,0
226658,3,8.17,0.00,-7.216,-6.325,-1.307,0,0
226709,3,8.13,-1.36,-7.221,-6.316,-1.302,0,0
226761,3,8.13,0.00,-7.230,-6.302,-1.279,0,0
226816,3,8.13,0.00,-7.226,-6.330,-1.298,0,0
226867,3,8.14,0.00,-7.216,-6.316,-1.279,0,0
226919,3,8.16,0.48,-7.240,-6.311,-1.279,0,0
226969,3,8.21,1.86,-7.254,-6.321,-1.298,0,0
227021,3,8.21,0.00,-7.226,-6.287,-1.307,0,0
227072,3,8.21,0.00,-7.226,-6.321,-1.298,0,0
227124,3,8.21,0.00,-7.221,-6.306,-1.307,0,0
227175,3,8.23,0.50,-7.230,-6.302,-1.312,0,0
227227,3,8.25,0.54,-7.230,-6.297,-1.317,0,0
227279,3,8.25,0.00,-7.230,-6.302,-1.298,0,0
227330,3,8.25,0.54,-7.230,-6.311,-1.288,0,0
227381,3,8.26,0.54,-7.226,-6.325,-1.279,0,0
227431,3,8.26,0.00,-7.240,-6.302,-1.293,0,0
227482,3,8.26,0.00,-7.235,-6.297,-1.302,0,0
227533,3,8.28,0.54,-7.216,-6.292,-1.298,0,0
227585,3,8.29,0.52,-7.240,-6.302,-1.302,0,0
227637,3,8.33,1.32,-7.226,-6.311,-1.288,0,0
227688,3,8.33,0.00,-7.230,-6.321,-1.312,0,0
227740,3,8.29,0.00,-7.230,-6.297,-1.283,0,0
227791,3,8.29,0.00,-7.240,-6.306,-1.302,0,0
227843,3,8.34,1.47,-7.240,-6.306,-1.288,0,0
227895,3,8.34,0.00,-7.226,-6.311,-1.264,0,0
227945,3,8.35,0.52,-7.235,-6.316,-1.298,0,0
227996,3,8.35,0.00,-7.240,-6.311,-1.307,0,0
228048,3,8.37,0.54,-7.254,-6.316,-1.269,0,0
228100,3,8.37,0.00,-7.230,-6.302,-1.283,0,0
228151,3,8.37,0.00,-7.240,-6.321,-1.279,0,0
228203,3,8.38,0.50,-7.221,-6.302,-1.307,0,0
228254,3,8.38,0.00,-7.230,-6.311,-1.283,0,0
228306,3,8.36,-1.34,-7.235,-6.302,-1.279,0,0
228356,3,8.36,0.00,-7.245,-6.292,-1.298,0,0
228406,3,8.37,0.00,-7.216,-6.297,-1.279,0,0
228457,3,8.36,-0.52,-7.230,-6.302,-1.298,0,0
228507,3,8.34,-0.58,-7.259,-6.297,-1.307,0,0
228558,3,8.33,0.00,-7.226,-6.321,-1.259,0,0
228610,3,8.32,0.00,-7.235,-6.297,-1.274,0,0
228661,3,8.30,-0.56,-7.207,-6.297,-1.269,0,0
228713,3,8.25,-0.50,-7.211,-6.306,-1.279,0,0
228764,3,8.25,0.00,-7.245,-6.302,-1.307,0,0
228815,3,8.25,0.00,-7.235,-6.302,-1.302,0,0
228868,3,8.27,0.18,-7.230,-6.302,-1.312,0,0
228920,3,8.25,-0.50,-7.240,-6.311,-1.312,0,0
228971,3,8.25,0.00,-7.230,-6.282,-1.288,0,0
229022,3,8.20,-1.88,-7.221,-6.321,-1.288,0,0
229073,3,8.20,0.00,-7.221,-6.316,-1.274,0,0
229125,3,8.22,0.54,-7.240,-6.302,-1.283,0,0
229177,3,8.22,0.00,-7.226,-6.311,-1.298,0,0
229228,3,8.28,1.86,-7.240,-6.302,-1.298,0,0
229280,3,8.24,0.00,-7.226,-6.306,-1.288,0,0
229332,3,8.24,0.00,-7.221,-6.306,-1.307,0,0
229382,3,8.24,0.00,-7.226,-6.302,-1.279,0,0
229432,3,8.24,0.00,-7.245,-6.297,-1.307,0,0
229483,3,8.24,0.00,-7.216,-6.306,-1.264,0,0
229535,3,8.24,0.00,-7.230,-6.311,-1.283,0,0
229586,3,8.21,0.00,-7.250,-6.292,-1.288,0,0
229638,3,8.24,0.56,-7.250,-6.292,-1.312,0,0
229689,3,8.24,0.00,-7.235,-6.292,-1.307,0,0
229741,3,8.24,-0.50,-7.235,-6.316,-1.293,0,0
229793,3,8.24,0.00,-7.245,-6.302,-1.298,0,0
229844,3,8.25,0.00,-7.216,-6.306,-1.279,0,0
229896,3,8.26,0.48,-7.221,-6.306,-1.269,0,0
229946,3,8.26,0.00,-7.226,-6.311,-1.312,0,0
229998,3,8.28,0.54,-7.230,-6.292,-1.298,0,0
230049,3,8.26,0.00,-7.240,-6.306,-1.283,0,0
230101,3,8.26,0.52,-7.221,-6.316,-1.312,0,0
230152,3,8.27,0.00,-7.250,-6.316,-1.283,0,0
230204,3,8.30,0.00,-7.216,-6.302,-1.264,0,0
230256,3,8.31,0.50,-7.245,-6.311,-1.302,0,0
230307,3,8.30,-0.50,-7.250,-6.302,-1.312,0,0
230357,3,8.31,0.54,-7.230,-6.316,-1.283,0,0
230408,3,8.31,0.00,-7.221,-6.306,-1.298,0,0
230458,3,8.31,0.00,-7.245,-6.311,-1.288,0,0
230508,3,8.29,0.00,-7.240,-6.297,-1.298,0,0
230559,3,8.29,0.00,-7.240,-6.311,-1.288,0,0
230611,3,8.24,-0.47,-7.226,-6.306,-1.283,0,0
230663,3,8.25,0.50,-7.235,-6.311,-1.255,0,0
230714,3,8.23,0.00,-7.216,-6.321,-1.293,0,0
230766,3,8.26,0.48,-7.240,-6.306,-1.298,0,0
230817,3,8.27,0.00,-7.230,-6.306,-1.274,0,0
230868,3,8.27,0.00,-7.216,-6.306,-1.293,0,0
230923,3,8.26,-0.19,-7.245,-6.306,-1.293,0,0
230973,3,8.24,-0.80,-7.221,-6.302,-1.269,0,0
231024,3,8.25,0.50,-7.250,-6.321,-1.279,0,0
231076,3,8.26,0.00,-7.245,-6.297,-1.298,0,0
231128,3,8.23,-1.36,-7.216,-6.297,-1.293,0,0
231179,3,8.23,0.00,-7.240,-6.282,-1.288,0,0
231231,3,8.26,0.52,-7.245,-6.306,-1.264,0,0
231282,3,8.22,-1.34,-7.235,-6.311,-1.298,0,0
231334,3,8.25,0.54,-7.240,-6.311,-1.283,0,0
231385,3,8.25,0.00,-7.221,-6.292,-1.302,0,0
231435,3,8.26,0.00,-7.226,-6.321,-1.288,0,0
231486,3,8.27,0.54,-7.230,-6.297,-1.288,0,0
231537,3,8.24,-1.45,-7.240,-6.311,-1.288,0,0
231589,3,8.27,0.00,-7.226,-6.302,-1.269,0,0
231640,3,8.24,-1.32,-7.235,-6.282,-1.283,0,0
231692,3,8.26,0.00,-7.235,-6.311,-1.307,0,0
231744,3,8.27,0.47,-7.221,-6.306,-1.288,0,0
231795,3,8.23,-1.34,-7.254,-6.297,-1.298,0,0
231847,3,8.25,0.00,-7.216,-6.302,-1.298,0,0
231898,3,8.24,-0.91,-7.230,-6.297,-1.302,0,0
231949,3,8.25,0.52,-7.245,-6.321,-1.279,0,0
232000,3,8.27,0.52,-7.250,-6.306,-1.264,0,0
232052,3,8.23,0.00,-7.240,-6.325,-1.302,0,0
232103,3,8.27,0.52,-7.216,-6.306,-1.288,0,0
232155,3,8.27,0.00,-7.216,-6.316,-1.279,0,0
232207,3,8.30,0.00,-7.216,-6.287,-1.293,0,0
232258,3,8.27,-1.43,-7.230,-6.292,-1.307,0,0
232310,3,8.27,0.00,-7.230,-6.297,-1.279,0,0
232360,3,8.29,0.54,-7.226,-6.306,-1.279,0,0
232410,3,8.29,0.00,-7.240,-6.302,-1.288,0,0
232461,3,8.29,0.00,-7.226,-6.297,-1.283,0,0
232511,3,8.29,-0.52,-7.230,-6.302,-1.293,0,0
232562,3,8.29,0.00,-7.240,-6.306,-1.317,0,0
232614,3,8.31,0.48,-7.230,-6.316,-1.312,0,0
232666,3,8.31,0.00,-7.221,-6.297,-1.283,0,0
232717,3,8.31,0.00,-7.221,-6.302,-1.283,0,0
232769,3,8.32,0.00,-7.230,-6.297,-1.298,0,0
232820,3,8.32,0.00,-7.245,-6.306,-1.317,0,0
232871,3,8.32,0.00,-7.245,-6.302,-1.288,0,0
232922,3,8.31,0.00,-7.245,-6.302,-1.279,0,0
232976,3,8.24,-0.85,-7.235,-6.302,-1.274,0,0
233028,3,8.28,1.34,-7.216,-6.325,-1.298,0,0
233079,3,8.28,0.00,-7.245,-6.302,-1.312,0,0
233130,3,8.27,-0.50,-7.221,-6.302,-1.279,0,0
233181,3,8.27,0.00,-7.245,-6.311,-1.298,0,0
233233,3,8.27,-0.54,-7.216,-6.306,-1.274,0,0
233285,3,8.27,0.00,-7.230,-6.297,-1.302,0,0
233337,3,8.27,0.00,-7.240,-6.306,-1.283,0,0
233387,3,8.29,0.00,-7.221,-6.292,-1.322,0,0
233437,3,8.27,-0.52,-7.230,-6.306,-1.288,0,0
233488,3,8.26,0.00,-7.235,-6.321,-1.307,0,0
233539,3,8.23,-1.11,-7.245,-6.292,-1.302,0,0
233591,3,8.22,-0.52,-7.240,-6.297,-1.298,0,0
233643,3,8.21,-0.52,-7.226,-6.282,-1.293,0,0
233694,3,8.20,-0.54,-7.235,-6.292,-1.302,0,0
233746,3,8.22,0.00,-7.250,-6.311,-1.274,0,0
233797,3,8.22,0.34,-7.235,-6.311,-1.312,0,0
233849,3,8.20,0.00,-7.216,-6.302,-1.288,0,0
233901,3,8.17,-0.50,-7.240,-6.330,-1.307,0,0
233952,3,8.20,0.82,-7.245,-6.292,-1.293,0,0
234004,3,8.20,0.00,-7.240,-6.311,-1.312,0,0
234055,3,8.22,1.30,-7.240,-6.297,-1.293,0,0
234106,3,8.21,-0.50,-7.230,-6.306,-1.293,0,0
234157,3,8.23,0.82,-7.240,-6.306,-1.293,0,0
234209,3,8.20,0.00,-7.240,-6.292,-1.326,0,0
234261,3,8.24,0.00,-7.240,-6.297,-1.274,0,0
234312,3,8.24,0.00,-7.226,-6.297,-1.283,0,0
234362,3,8.26,-0.58,-7.235,-6.316,-1.279,0,0
234413,3,8.28,0.91,-7.235,-6.297,-1.302,0,0
234463,3,8.27,0.00,-7.235,-6.316,-1.293,0,0
234513,3,8.25,0.00,-7.235,-6.297,-1.274,0,0
234564,3,8.25,0.00,-7.254,-6.316,-1.288,0,0
234616,3,8.25,0.00,-7.211,-6.302,-1.317,0,0
234668,3,8.27,-0.50,-7.245,-6.292,-1.298,0,0
234719,3,8.29,0.00,-7.226,-6.302,-1.336,0,0
234771,3,8.30,0.00,-7.250,-6.306,-1.298,0,0
234822,3,8.34,1.32,-7.235,-6.297,-1.274,0,0
234874,3,8.34,0.00,-7.240,-6.302,-1.288,0,0
234926,3,8.37,1.34,-7.221,-6.287,-1.288,0,0
234976,3,8.36,-0.50,-7.230,-6.306,-1.279,0,0
235039,3,8.33,-0.32,-7.235,-6.306,-1.274,0,0
235091,3,8.33,0.00,-7.226,-6.302,-1.293,0,0
235142,3,8.34,0.32,-7.230,-6.297,-1.288,0,0
235193,3,8.34,0.00,-7.221,-6.325,-1.307,0,0
235244,3,8.31,-0.52,-7.230,-6.273,-1.288,0,0
235296,3,8.34,0.84,-7.226,-6.302,-1.293,0,0
235346,3,8.31,-0.54,-7.235,-6.297,-1.279,0,0
235396,3,8.31,0.00,-7.250,-6.306,-1.279,0,0
235446,3,8.29,0.00,-7.235,-6.292,-1.274,0,0
235497,3,8.33,0.00,-7.221,-6.297,-1.302,0,0
235548,3,8.32,-0.50,-7.254,-6.302,-1.274,0,0
235600,3,8.34,0.00,-7.230,-6.297,-1.269,0,0
235651,3,8.31,-0.52,-7.226,-6.311,-1.274,0,0
235703,3,8.35,1.36,-7.245,-6.325,-1.288,0,0
235755,3,8.34,0.34,-7.221,-6.311,-1.293,0,0
235806,3,8.33,-0.52,-7.235,-6.302,-1.302,0,0
235858,3,8.32,0.00,-7.230,-6.321,-1.288,0,0
235909,3,8.34,-0.50,-7.230,-6.292,-1.307,0,0
235961,3,8.34,0.00,-7.235,-6.306,-1.293,0,0
236013,3,8.33,-1.01,-7.221,-6.297,-1.288,0,0
236063,3,8.33,0.00,-7.235,-6.302,-1.279,0,0
236115,3,8.34,-1.03,-7.221,-6.321,-1.317,0,0
236166,3,8.33,-0.50,-7.230,-6.311,-1.279,0,0
236218,3,8.30,-0.50,-7.226,-6.297,-1.279,0,0
236269,3,8.30,0.00,-7.226,-6.316,-1.293,0,0
236321,3,8.28,0.00,-7.230,-6.311,-1.298,0,0
236371,3,8.31,-0.56,-7.230,-6.302,-1.317,0,0
236422,3,8.31,0.00,-7.226,-6.297,-1.298,0,0
236472,3,8.31,0.00,-7.245,-6.292,-1.283,0,0
236524,3,8.29,-1.47,-7.235,-6.306,-1.322,0,0
236576,3,8.32,0.84,-7.230,-6.311,-1.288,0,0
236627,3,8.30,0.00,-7.250,-6.302,-1.293,0,0
236679,3,8.31,0.30,-7.211,-6.287,-1.259,0,0
236731,3,8.31,0.00,-7.221,-6.287,-1.298,0,0
236782,3,8.32,0.86,-7.226,-6.297,-1.293,0,0
236834,3,8.30,-0.54,-7.230,-6.306,-1.293,0,0
236885,3,8.29,0.00,-7.230,-6.306,-1.283,0,0
236937,3,8.33,1.45,-7.221,-6.311,-1.293,0,0
236989,3,8.31,0.00,-7.221,-6.302,-1.302,0,0
237039,3,8.31,0.00,-7.235,-6.311,-1.326,0,0
237093,3,8.30,-0.19,-7.230,-6.306,-1.283,0,0
237144,3,8.33,0.00,-7.235,-6.292,-1.279,0,0
237196,3,8.35,0.00,-7.235,-6.292,-1.283,0,0
237246,3,8.33,-0.54,-7.235,-6.302,-1.312,0,0
237295,3,8.33,0.00,-7.235,-6.292,-1.279,0,0
237347,3,8.32,0.00,-7.226,-6.306,-1.283,0,0
237398,3,8.33,0.50,-7.211,-6.287,-1.302,0,0
237448,3,8.33,0.00,-7.230,-6.311,-1.255,0,0
237498,3,8.35,0.00,-7.230,-6.292,-1.269,0,0
237550,3,8.36,0.00,-7.240,-6.292,-1.274,0,0
237602,3,8.36,0.00,-7.211,-6.302,-1.317,0,0
237653,3,8.35,0.52,-7.235,-6.297,-1.288,0,0
237705,3,8.37,0.50,-7.245,-6.306,-1.264,0,0
237756,3,8.38,0.00,-7.230,-6.287,-1.279,0,0
237808,3,8.41,1.01,-7.235,-6.306,-1.312,0,0
237860,3,8.37,-1.32,-7.230,-6.287,-1.302,0,0
237911,3,8.40,0.56,-7.226,-6.302,-1.288,0,0
237963,3,8.36,-1.34,-7.226,-6.306,-1.288,0,0
238014,3,8.36,0.00,-7.235,-6.316,-1.274,0,0
238066,3,8.37,1.07,-7.226,-6.306,-1.298,0,0
238118,3,8.35,-0.82,-7.235,-6.302,-1.293,0,0
238168,3,8.35,0.00,-7.245,-6.287,-1.283,0,0
238219,3,8.36,0.00,-7.230,-6.321,-1.269,0,0
238271,3,8.35,0.54,-7.221,-6.302,-1.322,0,0
238323,3,8.38,1.03,-7.216,-6.302,-1.312,0,0
238373,3,8.38,0.54,-7.230,-6.282,-1.279,0,0
238423,3,8.40,0.54,-7.240,-6.306,-1.288,0,0
238474,3,8.38,0.00,-7.226,-6.311,-1.307,0,0
238523,3,8.34,-1.33,-7.245,-6.306,-1.312,0,0
238575,3,8.36,0.50,-7.226,-6.306,-1.293,0,0
238627,3,8.33,0.00,-7.221,-6.311,-1.274,0,0
238678,3,8.33,-0.84,-7.254,-6.311,-1.302,0,0
238730,3,8.35,1.11,-7.230,-6.292,-1.274,0,0
238781,3,8.33,0.00,-7.235,-6.306,-1.264,0,0
238833,3,8.32,-0.32,-7.240,-6.302,-1.322,0,0
238885,3,8.34,0.00,-7.240,-6.292,-1.283,0,0
238936,3,8.28,-0.84,-7.240,-6.302,-1.269,0,0
238988,3,8.29,0.52,-7.235,-6.297,-1.274,0,0
239038,3,8.26,-1.32,-7.226,-6.311,-1.283,0,0
239090,3,8.23,0.00,-7.235,-6.316,-1.269,0,0
239145,3,8.21,-0.26,-7.230,-6.316,-1.307,0,0
239195,3,8.24,1.08,-7.230,-6.311,-1.279,0,0
239247,3,8.23,0.00,-7.235,-6.306,-1.307,0,0
239298,3,8.22,0.48,-7.230,-6.302,-1.288,0,0
239351,3,8.24,0.00,-7.240,-6.306,-1.298,0,0
239401,3,8.20,0.00,-7.216,-6.297,-1.283,0,0
239451,3,8.18,-0.87,-7.226,-6.325,-1.283,0,0
239501,3,8.14,0.00,-7.235,-6.292,-1.279,0,0
239553,3,8.16,-0.34,-7.230,-6.302,-1.293,0,0
239605,3,8.17,0.52,-7.221,-6.306,-1.317,0,0
239656,3,8.20,0.00,-7.235,-6.292,-1.298,0,0
239708,3,8.22,1.13,-7.245,-6.306,-1.298,0,0
239759,3,8.21,0.00,-7.235,-6.306,-1.302,0,0
239811,3,8.22,-0.22,-7.230,-6.282,-1.298,0,0
239863,3,8.25,1.13,-7.230,-6.287,-1.279,0,0
239914,3,8.22,0.00,-7.230,-6.297,-1.293,0,0
239966,3,8.23,-0.84,-7.230,-6.306,-1.293,0,0
240017,3,8.21,0.00,-7.221,-6.306,-1.264,0,0
240069,3,8.20,-0.80,-7.240,-6.297,-1.288,0,0
240121,3,8.21,0.50,-7.240,-6.297,-1.302,0,0
240171,3,8.20,-0.32,-7.240,-6.292,-1.283,0,0
240223,3,8.22,0.00,-7.235,-6.311,-1.288,0,0
240274,3,8.21,0.52,-7.240,-6.292,-1.293,0,0
240326,3,8.20,-0.34,-7.250,-6.335,-1.307,0,0
240376,3,8.23,0.00,-7.221,-6.321,-1.302,0,0
240427,3,8.20,-0.91,-7.216,-6.311,-1.307,0,0
240477,3,8.24,1.61,-7.230,-6.306,-1.302,0,0
240529,3,8.25,0.00,-7.240,-6.282,-1.307,0,0
240581,3,8.28,0.19,-7.226,-6.287,-1.279,0,0
240632,3,8.31,0.00,-7.216,-6.287,-1.264,0,0
240684,3,8.31,1.03,-7.216,-6.302,-1.312,0,0
240733,3,8.29,-0.82,-7.221,-6.306,-1.269,0,0
240785,3,8.28,0.00,-7.250,-6.282,-1.274,0,0
240836,3,8.27,-0.82,-7.235,-6.302,-1.298,0,0
240888,3,8.29,0.00,-7.245,-6.316,-1.288,0,0
240939,3,8.30,1.01,-7.245,-6.302,-1.288,0,0
240991,3,8.30,-0.19,-7.254,-6.311,-1.307,0,0
241043,3,8.30,-0.30,-7.226,-6.306,-1.274,0,0
241093,3,8.30,0.00,-7.221,-6.306,-1.288,0,0
241145,3,8.29,-0.84,-7.221,-6.306,-1.302,0,0
241198,3,8.30,0.07,-7.235,-6.287,-1.274,0,0
241250,3,8.33,1.03,-7.235,-6.297,-1.298,0,0
241301,3,8.31,0.00,-7.240,-6.321,-1.283,0,0
241354,3,8.28,-1.43,-7.240,-6.311,-1.293,0,0
241404,3,8.30,0.54,-7.226,-6.292,-1.288,0,0
241455,3,8.27,0.00,-7.240,-6.287,-1.293,0,0
241505,3,8.29,0.54,-7.230,-6.302,-1.283,0,0
241555,3,8.29,0.00,-7.230,-6.302,-1.293,0,0
241607,3,8.27,-0.91,-7.230,-6.297,-1.288,0,0
241658,3,8.28,0.00,-7.235,-6.302,-1.288,0,0
241710,3,8.32,0.54,-7.226,-6.302,-1.279,0,0
241761,3,8.33,0.48,-7.221,-6.311,-1.293,0,0
241813,3,8.33,0.00,-7.245,-6.287,-1.283,0,0
241865,3,8.36,0.50,-7.230,-6.287,-1.298,0,0
241916,3,8.36,0.00,-7.235,-6.321,-1.312,0,0
241968,3,8.36,0.00,-7.211,-6.302,-1.288,0,0
242019,3,8.35,-0.50,-7.230,-6.292,-1.293,0,0
242071,3,8.33,-0.52,-7.259,-6.235,-1.202,0,0
242123,3,8.33,0.00,-8.016,-5.435,-1.815,0,0
242174,3,8.32,0.00,-7.274,-7.882,-1.413,0,0
242226,3,8.33,-0.52,-6.905,-7.120,-1.250,0,0
242276,3,8.32,-0.50,-6.876,-6.493,-1.590,0,0
242325,3,8.32,0.00,-8.835,-6.359,-1.810,0,0
242375,3,8.32,0.00,-9.629,-7.039,-1.853,0,0
242426,3,8.30,0.00,-12.321,-6.445,-4.999,0,0
242476,3,8.30,0.00,-12.306,-3.539,-4.745,0,0
242528,3,8.29,0.00,-13.609,-3.151,-4.592,0,0
242580,3,8.32,1.32,-12.637,-1.044,-5.473,0,0
242631,3,8.32,0.00,-11.995,-0.201,-4.525,0,0
242683,3,8.34,0.00,-11.827,0.862,-3.706,0,0
242735,3,8.36,0.47,-10.582,1.369,-2.749,0,0
242786,3,8.39,0.00,-11.521,2.389,-2.361,0,0
242838,3,8.45,1.03,-9.658,2.002,-1.417,0,0
242889,3,8.45,0.19,-9.424,3.242,-1.513,0,0
242941,3,8.54,1.53,-8.653,3.553,-1.259,0,0
242993,3,8.58,1.53,-5.962,4.137,-1.058,0,0
243044,3,8.58,0.00,-5.382,4.970,-2.093,0,0
243096,3,8.66,1.53,-2.567,4.865,-1.470,0,0
243147,3,8.71,0.00,-3.433,4.300,-0.570,0,0
243198,3,8.75,1.49,-5.741,4.860,0.421,0,0
243253,3,8.81,0.77,-5.784,5.061,1.231,0,0
243303,3,8.86,2.05,-5.990,6.144,0.053,0,0
243353,3,8.87,0.30,-4.276,5.918,1.221,0,0
243403,3,8.91,0.00,-4.836,6.364,0.512,0,0
243454,3,9.01,1.67,-3.677,6.608,0.402,0,0
243504,3,9.05,1.63,-3.912,8.571,0.273,0,0
243554,3,9.03,0.00,-3.223,9.079,0.206,0,0
243608,3,9.10,0.00,-2.978,7.800,3.237,0,0
243658,3,9.12,1.01,-0.503,9.275,4.937,0,0
243710,3,9.13,0.00,-1.805,7.575,5.698,0,0
243761,3,9.18,0.50,-0.752,7.901,5.631,0,0
243813,3,9.20,0.00,-2.279,7.580,5.420,0,0
243864,3,9.20,0.00,-1.537,8.557,4.544,0,0
243916,3,9.21,0.50,-2.246,8.428,3.946,0,0
243968,3,9.21,0.00,-2.102,8.408,4.391,0,0
244019,3,9.22,0.00,-3.156,7.805,4.314,0,0
244071,3,9.25,0.00,-3.812,7.714,4.990,0,0
244122,3,9.28,1.34,-4.353,7.207,4.812,0,0
244174,3,9.28,0.00,-4.683,6.895,4.587,0,0
244226,3,9.30,0.00,-4.760,6.340,4.889,0,0
244277,3,9.33,0.84,-4.726,5.588,5.952,0,0
244329,3,9.36,0.00,-4.573,5.689,5.914,0,0
244379,3,9.37,0.87,-4.611,6.244,5.397,0,0
244430,3,9.34,-1.07,-4.865,5.775,5.459,0,0
244480,3,9.38,0.00,-4.851,5.780,5.626,0,0
244531,3,9.37,-0.56,-4.798,6.110,5.631,0,0
244581,3,9.38,0.34,-4.846,5.789,6.440,0,0
244631,3,9.41,0.00,-4.741,5.875,6.316,0,0
244683,3,9.39,0.00,-4.750,5.799,6.412,0,0
244735,3,9.43,1.34,-4.381,6.182,6.522,0,0
244785,3,9.41,-0.50,-5.009,5.626,5.650,0,0
244836,3,9.46,0.00,-4.362,5.708,6.215,0,0
244888,3,9.47,0.54,-4.530,6.033,6.014,0,0
244940,3,9.47,0.00,-4.707,6.440,6.024,0,0
244991,3,9.47,0.00,-4.956,6.191,6.167,0,0
245043,3,9.50,0.00,-4.922,6.038,5.871,0,0
245094,3,9.52,0.00,-5.315,5.679,5.646,0,0
245146,3,9.54,1.53,-5.167,5.727,5.741,0,0
245198,3,9.55,0.54,-5.152,5.607,5.511,0,0
245249,3,9.56,0.52,-5.344,5.119,5.578,0,0
245304,3,9.55,-0.15,-5.042,5.895,5.152,0,0
245354,3,9.56,0.00,-6.072,5.066,5.344,0,0
245405,3,9.55,0.00,-5.272,6.541,4.468,0,0
245455,3,9.55,0.00,-5.157,5.832,5.545,0,0
245506,3,9.57,0.00,-4.879,5.511,3.936,0,0
245556,3,9.56,0.54,-4.477,6.469,5.392,0,0
245606,3,9.57,0.52,-4.271,7.628,5.109,0,0
245659,3,9.57,0.00,-4.817,8.418,2.950,0,0
245709,3,9.57,0.00,-4.769,7.451,5.612,0,0
245760,3,9.55,-1.32,-4.851,7.709,4.348,0,0
245812,3,9.58,1.11,-2.729,7.681,5.684,0,0
245864,3,9.59,0.00,-5.085,7.647,4.405,0,0
245915,3,9.61,-0.82,-3.089,6.349,4.946,0,0
245967,3,9.62,0.00,-10.142,7.987,5.368,0,0
246018,3,9.61,-0.86,-4.990,6.790,5.631,0,0
246070,3,9.63,0.52,-5.827,6.833,5.037,0,0
246119,3,9.60,-0.76,-5.722,6.254,5.186,0,0
246171,3,9.63,1.08,-6.531,5.253,3.965,0,0
246222,3,9.63,0.00,-7.001,6.225,3.725,0,0
246274,3,9.64,-0.32,-6.431,4.908,4.927,0,0
246326,3,9.65,0.00,-5.564,4.003,4.075,0,0
246376,3,9.63,0.00,-6.460,5.511,4.975,0,0
246426,3,9.64,-0.87,-5.617,6.009,5.751,0,0
246477,3,9.65,0.52,-7.087,6.287,4.870,0,0
246527,3,9.66,0.00,-7.025,5.219,4.228,0,0
246578,3,9.65,0.48,-7.403,6.493,4.104,0,0
246628,3,9.64,-0.32,-7.001,6.220,4.008,0,0
246680,3,9.66,-0.34,-7.087,6.397,3.836,0,0
246730,3,9.66,0.00,-7.005,5.914,3.179,0,0
246781,3,9.71,0.52,-6.555,5.574,3.452,0,0
246833,3,9.70,-0.20,-6.618,5.818,3.414,0,0
246885,3,9.71,0.00,-6.479,5.842,3.376,0,0
246936,3,9.72,-0.82,-6.354,5.904,3.318,0,0
246988,3,9.73,0.00,-6.445,6.713,3.797,0,0
247039,3,9.74,0.47,-6.574,6.469,3.706,0,0
247091,3,9.77,1.08,-6.579,6.603,3.960,0,0
247143,3,9.75,0.48,-6.560,6.321,3.893,0,0
247194,3,9.76,0.54,-6.397,5.813,3.816,0,0
247246,3,9.79,0.00,-6.258,6.407,3.481,0,0
247297,3,9.77,-1.34,-6.000,6.876,3.184,0,0
247352,3,9.78,0.24,-6.029,6.603,4.041,0,0
247403,3,9.80,0.00,-5.612,6.268,3.673,0,0
247453,3,9.81,0.52,-5.717,6.498,4.257,0,0
247504,3,9.77,0.00,-6.330,8.298,2.380,0,0
247554,3,9.76,-0.54,-6.445,7.307,2.136,0,0
247605,3,9.76,0.00,-7.566,6.766,2.710,0,0
247657,3,9.75,-0.54,-7.427,8.495,2.447,0,0
247706,3,9.75,0.00,-7.585,7.551,1.800,0,0
247758,3,9.72,0.00,-7.805,5.871,2.806,0,0
247809,3,9.72,0.00,-7.791,6.378,2.490,0,0
247861,3,9.72,0.00,-7.772,6.416,2.059,0,0
247912,3,9.74,0.52,-7.312,5.669,1.695,0,0
247964,3,9.72,0.00,-6.440,9.562,4.089,0,0
248016,3,9.76,0.47,-2.485,5.751,3.309,0,0
248067,3,9.76,0.00,-4.855,5.684,6.225,0,0
248119,3,9.73,0.50,-2.198,4.650,5.962,0,0
248170,3,9.73,0.00,-1.302,5.583,7.269,0,0
248221,3,9.73,-0.32,1.240,6.895,9.831,0,0
248272,3,9.73,0.00,2.433,5.679,5.191,0,0
248324,3,9.78,1.03,3.108,6.646,4.415,0,0
248374,3,9.80,0.54,5.037,7.518,5.617,0,0
248425,3,9.79,-0.24,5.971,8.174,5.598,0,0
248475,3,9.80,0.00,6.393,4.501,3.903,0,0
248527,3,9.82,0.00,5.349,4.444,7.724,0,0
248579,3,9.79,0.00,8.140,4.171,5.186,0,0
248630,3,9.85,1.04,7.618,5.143,5.377,0,0
248682,3,9.86,0.50,6.819,3.869,6.230,0,0
248734,3,9.84,0.00,7.570,4.123,5.713,0,0
248785,3,9.87,0.52,8.375,3.548,6.445,0,0
248837,3,9.88,0.00,7.034,3.725,5.162,0,0
248888,3,9.87,0.54,9.448,1.973,3.328,0,0
248940,3,9.89,0.50,8.782,2.423,4.448,0,0
248992,3,9.88,-0.80,8.519,1.350,4.530,0,0
249043,3,9.89,0.50,9.170,1.484,4.544,0,0
249095,3,9.89,0.00,9.127,1.202,4.051,0,0
249145,3,9.91,0.50,9.931,0.915,3.601,0,0
249197,3,9.91,0.00,9.333,0.177,3.309,0,0
249248,3,9.91,-0.82,9.835,0.215,2.988,0,0
249300,3,9.91,0.00,9.797,-0.326,2.820,0,0
249350,3,9.87,-0.56,9.515,-0.546,2.782,0,0
249404,3,9.89,0.20,9.534,-0.661,2.686,0,0
249454,3,9.87,-0.93,9.510,-0.527,2.610,0,0
249504,3,9.88,0.00,9.668,-0.651,2.370,0,0
249555,3,9.88,0.00,9.524,-0.479,2.428,0,0
249606,3,9.89,0.00,9.749,-0.603,2.289,0,0
249658,3,9.87,0.00,9.701,-0.895,2.121,0,0
249710,3,9.85,-0.75,9.668,-0.910,2.045,0,0
249761,3,9.84,-0.86,9.759,-0.651,2.112,0,0
249813,3,9.86,0.52,10.041,-0.608,2.045,0,0
249864,3,9.85,0.00,10.003,-0.517,2.021,0,0
249916,3,9.83,-0.86,9.601,-0.824,1.973,0,0
249968,3,9.85,0.00,9.917,-0.656,1.906,0,0
250019,3,9.82,-0.32,9.850,-0.460,2.011,0,0
250071,3,9.86,1.51,10.113,-0.330,1.662,0,0
250122,3,9.84,0.00,9.136,-1.322,1.484,0,0
250174,3,9.85,0.54,9.256,-0.575,1.638,0,0
250225,3,9.87,0.00,9.946,-0.373,1.369,0,0
250276,3,9.85,-0.73,10.285,-0.378,1.279,0,0
250328,3,9.87,0.00,10.611,-0.350,0.895,0,0
250378,3,9.86,-0.89,10.324,-0.364,0.910,0,0
250428,3,9.89,1.09,9.730,-0.225,1.120,0,0
250479,3,9.89,0.00,9.931,0.263,1.580,0,0
250529,3,9.89,1.07,9.701,-0.096,1.413,0,0
250580,3,9.92,1.04,9.658,-0.436,1.288,0,0
250632,3,9.95,0.00,9.572,0.091,1.360,0,0
250683,3,9.89,-0.84,10.424,0.953,1.250,0,0
250735,3,9.90,0.00,9.864,0.086,1.106,0,0
250787,3,9.91,-0.86,10.161,0.570,1.144,0,0
250838,3,9.92,0.52,9.979,0.948,1.580,0,0
250890,3,9.91,0.52,9.807,0.843,1.326,0,0
250941,3,9.94,1.04,9.864,1.010,1.369,0,0
250993,3,9.93,0.00,9.855,0.086,0.771,0,0
251044,3,9.94,-0.84,9.663,0.512,1.049,0,0
251096,3,9.96,1.03,9.941,1.001,1.197,0,0
251148,3,9.96,0.48,10.760,0.661,1.058,0,0
251198,3,9.96,0.00,10.161,0.177,1.355,0,0
251250,3,9.96,1.07,9.467,0.000,1.149,0,0
251301,3,9.95,-0.30,9.548,-0.005,1.068,0,0
251354,3,10.00,1.11,9.792,1.149,1.250,0,0
251404,3,9.97,0.56,11.085,1.015,0.737,0,0
