Tempo,Estado,Alt,Vel,AccX,AccY,AccZ,Lat,Lon
14082,0,-0.18,0.00,9.912,-1.010,-1.087,0,0
14133,0,-0.19,-0.54,9.936,-0.991,-1.106,0,0
14183,0,-0.21,0.00,9.922,-1.015,-1.097,-7.002081,-34.832737
14233,0,-0.21,0.00,9.917,-0.986,-1.106,-7.002081,-34.832737
14284,0,-0.18,0.93,9.926,-1.001,-1.120,-7.002081,-34.832737
14334,0,-0.22,0.00,9.946,-1.001,-1.101,-7.002081,-34.832737
14385,0,-0.18,0.00,9.917,-1.001,-1.130,-7.002081,-34.832737
14435,0,-0.20,-0.56,9.926,-1.001,-1.140,-7.002081,-34.832737
14487,0,-0.20,0.00,9.936,-1.001,-1.101,-7.002081,-34.832737
14538,0,-0.18,0.52,9.912,-0.986,-1.106,-7.002081,-34.832737
14589,0,-0.18,0.00,9.926,-0.991,-1.092,-7.002081,-34.832737
14640,0,-0.18,0.00,9.917,-0.986,-1.120,-7.002081,-34.832737
14692,0,-0.18,0.00,9.926,-1.001,-1.106,-7.002081,-34.832737
14744,0,-0.17,0.00,9.941,-1.010,-1.087,-7.002081,-34.832737
14795,0,-0.16,0.52,9.922,-1.020,-1.097,-7.002081,-34.832737
14847,0,-0.17,-1.34,9.931,-1.001,-1.097,-7.002081,-34.832737
14898,0,-0.15,0.48,9.931,-1.001,-1.101,-7.002081,-34.832737
14950,0,-0.14,0.00,9.926,-0.991,-1.111,-7.002081,-34.832737
15000,0,-0.12,-0.52,9.931,-0.967,-1.135,-7.002081,-34.832737
15051,0,-0.12,0.00,9.917,-0.991,-1.092,-7.002082,-34.832737
15101,0,-0.15,0.00,9.931,-0.991,-1.120,-7.002082,-34.832737
15152,0,-0.12,0.56,9.946,-0.986,-1.092,-7.002082,-34.832737
15202,0,-0.12,0.00,9.936,-0.972,-1.125,-7.002082,-34.832737
15253,0,-0.12,0.00,9.950,-1.001,-1.116,-7.002082,-34.832737
15303,0,-0.11,0.00,9.941,-1.006,-1.111,-7.002082,-34.832737
15353,0,-0.11,0.00,9.922,-0.991,-1.097,-7.002082,-34.832737
15404,0,-0.11,0.00,9.926,-1.006,-1.101,-7.002082,-34.832737
15454,0,-0.10,0.00,9.922,-0.982,-1.101,-7.002082,-34.832737
15505,0,-0.10,0.00,9.936,-0.991,-1.087,-7.002082,-34.832737
15557,0,-0.10,0.00,9.931,-1.030,-1.101,-7.002082,-34.832737
15609,0,-0.10,0.00,9.936,-1.006,-1.135,-7.002082,-34.832737
15660,0,-0.08,0.52,9.922,-0.986,-1.068,-7.002082,-34.832737
15712,0,-0.08,0.00,9.931,-0.996,-1.130,-7.002082,-34.832737
15763,0,-0.08,0.00,9.941,-0.996,-1.068,-7.002082,-34.832737
15814,0,-0.08,0.00,9.931,-0.982,-1.106,-7.002082,-34.832737
15865,0,-0.08,0.00,9.922,-0.977,-1.111,-7.002082,-34.832737
15917,0,-0.07,0.00,9.902,-1.006,-1.101,-7.002082,-34.832737
15967,0,-0.07,0.00,9.922,-1.025,-1.111,-7.002082,-34.832737
16017,0,-0.08,-0.56,9.917,-0.982,-1.097,-7.002082,-34.832737
16067,0,-0.08,0.00,9.931,-0.991,-1.125,-7.002082,-34.832737
16118,0,-0.07,0.00,9.936,-0.986,-1.120,-7.002082,-34.832737
16172,0,-0.06,0.19,9.941,-1.001,-1.077,-7.002082,-34.832737
16222,0,-0.06,0.00,9.917,-1.015,-1.097,-7.002082,-34.832737
16273,0,-0.06,-0.56,9.917,-1.015,-1.130,-7.002082,-34.832737
16323,0,-0.06,0.00,9.922,-0.996,-1.097,-7.002082,-34.832737
16374,0,-0.04,0.00,9.931,-0.972,-1.082,-7.002082,-34.832737
16424,0,-0.04,0.00,9.950,-0.991,-1.097,-7.002082,-34.832737
16476,0,-0.03,0.52,9.931,-1.015,-1.097,-7.002082,-34.832737
16528,0,-0.03,0.00,9.922,-0.982,-1.111,-7.002082,-34.832737
16578,0,-0.03,0.00,9.926,-0.977,-1.101,-7.002082,-34.832737
16630,0,-0.02,0.00,9.960,-0.967,-1.111,-7.002082,-34.832737
16681,0,-0.02,0.00,9.936,-1.049,-1.144,-7.002082,-34.832737
16733,0,-0.00,0.48,9.931,-1.030,-1.140,-7.002082,-34.832737
16784,0,-0.02,-0.48,9.931,-1.039,-1.135,-7.002082,-34.832737
16836,0,-0.02,0.00,9.883,-1.020,-1.063,-7.002082,-34.832737
16888,0,-0.04,-0.48,9.950,-0.982,-1.116,-7.002082,-34.832737
16939,0,-0.04,0.00,9.941,-0.953,-1.106,-7.002082,-34.832737
16989,0,-0.06,0.00,9.922,-0.910,-1.082,-7.002082,-34.832737
17040,0,-0.06,0.00,9.917,-0.977,-1.116,-7.002082,-34.832737
17090,0,-0.07,0.00,9.941,-1.030,-1.111,-7.002082,-34.832737
17141,0,-0.07,0.00,9.946,-1.077,-1.111,-7.002082,-34.832737
17191,0,-0.07,0.00,9.946,-1.063,-1.106,-7.002082,-34.832737
17241,0,-0.08,0.00,9.907,-1.006,-1.116,-7.002082,-34.832737
17292,0,-0.10,0.00,9.941,-0.939,-1.116,-7.002082,-34.832737
17342,0,-0.11,-0.52,9.922,-0.939,-1.106,-7.002082,-34.832737
17393,0,-0.15,0.00,9.960,-0.962,-1.111,-7.002082,-34.832737
17443,0,-0.17,-0.52,9.917,-1.006,-1.120,-7.002082,-34.832737
17494,0,-0.17,0.00,9.926,-1.049,-1.101,-7.002082,-34.832737
17546,0,-0.17,0.00,9.936,-1.044,-1.097,-7.002082,-34.832737
17598,0,-0.19,0.00,9.946,-1.010,-1.101,-7.002082,-34.832737
17649,0,-0.19,0.00,9.950,-0.977,-1.125,-7.002082,-34.832737
17701,0,-0.19,0.00,9.931,-0.958,-1.082,-7.002082,-34.832737
17752,0,-0.19,0.00,9.926,-0.982,-1.101,-7.002082,-34.832737
17804,0,-0.19,0.00,9.926,-1.020,-1.101,-7.002082,-34.832737
17856,0,-0.17,0.00,9.941,-1.049,-1.116,-7.002082,-34.832737
17906,0,-0.19,-0.52,9.931,-1.025,-1.106,-7.002082,-34.832737
17955,0,-0.19,0.00,9.912,-0.986,-1.130,-7.002082,-34.832737
18006,0,-0.19,0.00,9.922,-0.962,-1.130,-7.002082,-34.832737
18056,0,-0.19,0.00,9.931,-0.972,-1.073,-7.002083,-34.832737
18106,0,-0.19,0.00,9.926,-0.996,-1.125,-7.002083,-34.832737
18157,0,-0.23,0.00,9.922,-1.015,-1.106,-7.002083,-34.832737
18213,0,-0.21,0.19,9.931,-1.020,-1.120,-7.002083,-34.832737
18263,0,-0.20,0.52,9.950,-1.001,-1.116,-7.002083,-34.832737
18314,0,-0.20,0.00,9.922,-0.986,-1.111,-7.002083,-34.832737
18364,0,-0.20,0.00,9.926,-0.967,-1.125,-7.002083,-34.832737
18414,0,-0.18,0.00,9.926,-0.982,-1.087,-7.002083,-34.832737
18467,0,-0.15,1.34,9.950,-1.010,-1.092,-7.002083,-34.832737
18517,0,-0.16,-0.52,9.936,-1.015,-1.130,-7.002083,-34.832737
18569,0,-0.16,0.00,9.931,-1.030,-1.130,-7.002083,-34.832737
18620,0,-0.16,-0.52,9.922,-1.006,-1.101,-7.002083,-34.832737
18672,0,-0.16,0.00,9.931,-0.972,-1.125,-7.002083,-34.832737
18723,0,-0.16,0.00,9.931,-0.962,-1.082,-7.002083,-34.832737
18775,0,-0.16,-0.52,9.941,-0.991,-1.111,-7.002083,-34.832737
18827,0,-0.16,0.00,9.941,-1.010,-1.130,-7.002083,-34.832737
18878,0,-0.16,0.00,9.950,-1.010,-1.097,-7.002083,-34.832737
18930,0,-0.16,0.00,9.936,-1.015,-1.097,-7.002083,-34.832737
18980,0,-0.16,0.00,9.931,-0.996,-1.106,-7.002083,-34.832737
19030,0,-0.15,0.00,9.936,-0.991,-1.120,-7.002083,-34.832737
19080,0,-0.18,-1.39,9.907,-0.977,-1.092,-7.002083,-34.832737
19131,0,-0.17,0.00,9.931,-0.991,-1.116,-7.002083,-34.832737
19181,0,-0.18,0.00,9.926,-1.015,-1.135,-7.002083,-34.832737
19232,0,-0.16,0.88,9.926,-1.030,-1.087,-7.002083,-34.832737
19282,0,-0.17,0.00,9.931,-1.020,-1.116,-7.002083,-34.832737
19333,0,-0.17,0.00,9.926,-1.006,-1.106,-7.002083,-34.832737
19383,0,-0.17,0.00,9.946,-0.977,-1.106,-7.002083,-34.832737
19433,0,-0.19,0.00,9.955,-0.962,-1.101,-7.002083,-34.832737
19485,0,-0.20,0.00,9.922,-0.996,-1.125,-7.002083,-34.832737
19537,0,-0.22,0.00,9.917,-1.025,-1.111,-7.002083,-34.832737
19589,0,-0.17,1.38,9.950,-1.020,-1.120,-7.002083,-34.832737
19640,0,-0.18,-0.52,9.936,-1.015,-1.120,-7.002083,-34.832737
19692,0,-0.18,0.00,9.922,-0.991,-1.068,-7.002083,-34.832737
19742,0,-0.18,0.00,9.936,-0.991,-1.111,-7.002083,-34.832737
19794,0,-0.18,0.00,9.926,-0.991,-1.092,-7.002083,-34.832737
19845,0,-0.18,0.00,9.931,-1.001,-1.077,-7.002083,-34.832737
19897,0,-0.18,0.00,9.926,-1.001,-1.111,-7.002083,-34.832737
19948,0,-0.19,-0.56,9.950,-1.015,-1.111,-7.002083,-34.832737
19999,0,-0.19,0.00,9.931,-0.982,-1.101,-7.002083,-34.832737
20049,0,-0.21,-0.52,9.912,-0.967,-1.130,-7.002083,-34.832737
20100,0,-0.18,0.93,9.955,-0.996,-1.101,-7.002083,-34.832737
20150,0,-0.18,0.00,9.950,-0.991,-1.097,-7.002083,-34.832737
20200,0,-0.21,-1.04,9.936,-1.001,-1.140,-7.002083,-34.832737
20256,0,-0.23,-0.20,9.922,-1.020,-1.097,-7.002083,-34.832737
20307,0,-0.22,0.00,9.917,-1.001,-1.092,-7.002083,-34.832737
20357,0,-0.23,-0.52,9.946,-1.006,-1.130,-7.002083,-34.832737
20407,0,-0.23,0.00,9.941,-0.996,-1.120,-7.002083,-34.832737
20458,0,-0.26,-0.52,9.946,-0.982,-1.120,-7.002083,-34.832737
20508,0,-0.26,0.00,9.922,-0.991,-1.116,-7.002083,-34.832737
20560,0,-0.22,1.38,9.941,-1.001,-1.120,-7.002083,-34.832737
20611,0,-0.22,0.00,9.917,-1.006,-1.120,-7.002083,-34.832737
20663,0,-0.22,0.00,9.922,-1.010,-1.106,-7.002083,-34.832737
20714,0,-0.22,0.00,9.926,-1.001,-1.106,-7.002083,-34.832737
20766,0,-0.26,-1.38,9.931,-1.006,-1.092,-7.002083,-34.832737
20818,0,-0.22,1.38,9.946,-1.001,-1.120,-7.002083,-34.832737
20869,0,-0.26,0.00,9.926,-1.001,-1.125,-7.002083,-34.832737
20921,0,-0.24,-1.49,9.917,-0.996,-1.130,-7.002083,-34.832737
20970,0,-0.21,0.00,9.931,-0.991,-1.125,-7.002083,-34.832737
21021,0,-0.26,-1.49,9.931,-1.010,-1.125,-7.002084,-34.832737
21071,0,-0.27,-0.52,9.926,-1.001,-1.125,-7.002084,-34.832737
21122,0,-0.28,0.00,9.941,-1.006,-1.116,-7.002084,-34.832737
21172,0,-0.28,0.00,9.926,-1.001,-1.116,-7.002084,-34.832737
21222,0,-0.28,0.00,9.912,-0.996,-1.106,-7.002084,-34.832737
21273,0,-0.28,0.00,9.931,-0.996,-1.116,-7.002084,-34.832737
21323,0,-0.25,1.45,9.922,-1.006,-1.125,-7.002084,-34.832737
21374,0,-0.23,0.54,9.917,-0.991,-1.097,-7.002084,-34.832737
21424,0,-0.27,0.00,9.936,-1.006,-1.111,-7.002084,-34.832737
21474,0,-0.28,-0.56,9.936,-0.977,-1.101,-7.002084,-34.832737
21525,0,-0.28,0.00,9.936,-0.996,-1.135,-7.002084,-34.832737
21577,0,-0.28,0.00,9.936,-0.986,-1.097,-7.002084,-34.832737
21628,0,-0.28,0.00,9.926,-1.020,-1.106,-7.002084,-34.832737
21680,0,-0.28,0.00,9.926,-1.010,-1.111,-7.002084,-34.832737
21732,0,-0.28,0.00,9.917,-1.001,-1.111,-7.002084,-34.832737
21782,0,-0.28,0.00,9.922,-0.996,-1.106,-7.002084,-34.832737
21834,0,-0.30,0.00,9.917,-0.991,-1.073,-7.002084,-34.832737
21885,0,-0.30,0.00,9.936,-0.986,-1.106,-7.002084,-34.832737
21937,0,-0.28,0.00,9.926,-1.010,-1.087,-7.002084,-34.832737
21987,0,-0.30,-0.52,9.931,-1.010,-1.140,-7.002084,-34.832737
22037,0,-0.30,0.00,9.936,-1.006,-1.111,-7.002084,-34.832737
22087,0,-0.28,0.81,9.917,-1.015,-1.120,-7.002084,-34.832737
22138,0,-0.29,-0.48,9.941,-0.996,-1.120,-7.002084,-34.832737
22188,0,-0.34,0.00,9.950,-1.010,-1.135,-7.002084,-34.832737
22239,0,-0.33,0.56,9.931,-1.001,-1.097,-7.002084,-34.832737
22294,0,-0.34,-0.20,9.922,-0.996,-1.111,-7.002084,-34.832737
22345,0,-0.35,-0.52,9.912,-1.006,-1.140,-7.002084,-34.832737
22395,0,-0.34,0.00,9.922,-1.020,-1.097,-7.002084,-34.832737
22446,0,-0.34,0.00,9.926,-0.986,-1.092,-7.002084,-34.832737
22497,0,-0.34,0.00,9.936,-0.991,-1.101,-7.002084,-34.832737
22548,0,-0.34,0.00,9.926,-0.986,-1.125,-7.002084,-34.832737
22599,0,-0.30,1.38,9.946,-0.986,-1.092,-7.002084,-34.832737
22651,0,-0.30,0.00,9.917,-1.001,-1.097,-7.002084,-34.832737
22703,0,-0.32,-0.48,9.917,-1.006,-1.101,-7.002084,-34.832737
22754,0,-0.32,0.00,9.936,-1.025,-1.111,-7.002084,-34.832737
22806,0,-0.30,0.00,9.941,-1.001,-1.130,-7.002084,-34.832737
22857,0,-0.30,0.00,9.922,-1.020,-1.087,-7.002084,-34.832737
22909,0,-0.30,-0.52,9.917,-0.982,-1.120,-7.002084,-34.832737
22958,0,-0.30,0.00,9.926,-1.010,-1.111,-7.002084,-34.832737
23009,0,-0.30,0.00,9.936,-1.001,-1.101,-7.002084,-34.832737
23059,0,-0.29,0.00,9.926,-1.010,-1.097,-7.002084,-34.832741
23110,0,-0.29,0.00,9.902,-1.001,-1.101,-7.002084,-34.832741
23160,0,-0.30,0.00,9.941,-1.001,-1.111,-7.002084,-34.832741
23210,0,-0.30,-0.56,9.946,-1.001,-1.116,-7.002084,-34.832741
23261,0,-0.32,-0.50,9.917,-0.982,-1.082,-7.002084,-34.832741
23311,0,-0.33,0.00,9.922,-0.991,-1.073,-7.002084,-34.832741
23362,0,-0.34,-0.52,9.936,-1.006,-1.073,-7.002084,-34.832741
23412,0,-0.34,0.00,9.922,-1.006,-1.116,-7.002084,-34.832741
23465,0,-0.34,0.00,9.941,-1.025,-1.101,-7.002084,-34.832741
23516,0,-0.39,0.00,9.917,-0.982,-1.111,-7.002084,-34.832741
23568,0,-0.41,-0.48,9.907,-0.977,-1.092,-7.002084,-34.832741
23619,0,-0.41,0.00,9.922,-1.001,-1.106,-7.002084,-34.832741
23671,0,-0.41,0.00,9.936,-1.006,-1.120,-7.002084,-34.832741
23723,0,-0.42,0.00,9.926,-1.006,-1.144,-7.002084,-34.832741
23773,0,-0.43,-0.48,9.931,-0.996,-1.106,-7.002084,-34.832741
23825,0,-0.43,0.00,9.941,-1.020,-1.097,-7.002084,-34.832741
23876,0,-0.40,1.38,9.907,-0.991,-1.082,-7.002084,-34.832741
23928,0,-0.40,0.00,9.946,-0.982,-1.106,-7.002084,-34.832741
23977,0,-0.41,-0.60,9.922,-0.996,-1.101,-7.002084,-34.832741
24028,0,-0.41,0.00,9.922,-0.991,-1.111,-7.002084,-34.832741
24078,0,-0.40,0.00,9.902,-1.010,-1.135,-7.002084,-34.832741
24135,0,-0.37,0.36,9.907,-1.020,-1.130,-7.002084,-34.832741
24186,0,-0.37,0.00,9.946,-0.991,-1.101,-7.002084,-34.832741
24236,0,-0.36,0.52,9.926,-1.006,-1.130,-7.002084,-34.832741
24287,0,-0.34,0.00,9.926,-0.982,-1.120,-7.002084,-34.832741
24337,0,-0.32,0.60,9.917,-0.996,-1.106,-7.002084,-34.832741
24387,0,-0.35,-1.43,9.936,-0.996,-1.101,-7.002084,-34.832741
24438,0,-0.30,0.00,9.922,-1.015,-1.101,-7.002084,-34.832741
24490,0,-0.33,0.00,9.941,-1.006,-1.111,-7.002084,-34.832741
24541,0,-0.33,0.00,9.941,-1.006,-1.097,-7.002084,-34.832741
24592,0,-0.33,0.00,9.917,-1.001,-1.101,-7.002084,-34.832741
24643,0,-0.33,0.00,9.946,-0.986,-1.149,-7.002084,-34.832741
24695,0,-0.29,0.00,9.922,-1.006,-1.111,-7.002084,-34.832741
24746,0,-0.29,0.00,9.946,-0.991,-1.130,-7.002084,-34.832741
24798,0,-0.28,0.45,9.931,-1.006,-1.111,-7.002084,-34.832741
24850,0,-0.28,0.00,9.931,-1.001,-1.106,-7.002084,-34.832741
24901,0,-0.28,0.00,9.941,-1.020,-1.092,-7.002084,-34.832741
24953,0,-0.28,0.00,9.931,-1.015,-1.106,-7.002084,-34.832741
25003,0,-0.29,-0.48,9.926,-0.986,-1.116,-7.002084,-34.832741
25054,0,-0.26,0.00,9.926,-1.006,-1.135,-7.002084,-34.832741
25104,0,-0.26,0.00,9.926,-1.001,-1.092,-7.002084,-34.832741
25155,0,-0.26,0.00,9.912,-1.006,-1.101,-7.002084,-34.832741
25205,0,-0.26,0.00,9.926,-1.001,-1.120,-7.002084,-34.832741
25256,0,-0.29,-0.48,9.912,-1.006,-1.111,-7.002084,-34.832741
25306,0,-0.29,0.00,9.931,-0.996,-1.106,-7.002084,-34.832741
25356,0,-0.30,0.00,9.936,-0.986,-1.125,-7.002084,-34.832741
25407,0,-0.27,1.33,9.941,-0.986,-1.097,-7.002084,-34.832741
25457,0,-0.27,0.00,9.941,-1.020,-1.120,-7.002084,-34.832741
25508,0,-0.26,0.00,9.926,-1.025,-1.116,-7.002084,-34.832741
25560,0,-0.26,0.00,9.931,-1.010,-1.140,-7.002084,-34.832741
25612,0,-0.26,0.00,9.946,-1.006,-1.106,-7.002084,-34.832741
25663,0,-0.27,-0.52,9.941,-0.991,-1.111,-7.002084,-34.832741
25715,0,-0.27,0.00,9.926,-0.977,-1.106,-7.002084,-34.832741
25766,0,-0.27,0.00,9.941,-1.001,-1.101,-7.002084,-34.832741
25817,0,-0.27,0.00,9.941,-1.010,-1.116,-7.002084,-34.832741
25868,0,-0.26,0.00,9.931,-1.010,-1.116,-7.002084,-34.832741
25920,0,-0.26,0.00,9.931,-1.006,-1.101,-7.002084,-34.832741
25970,0,-0.26,0.00,9.922,-0.986,-1.125,-7.002084,-34.832741
26020,0,-0.26,0.00,9.936,-1.001,-1.106,-7.002084,-34.832741
26070,0,-0.24,0.00,9.931,-1.006,-1.111,-7.002084,-34.832741
26121,0,-0.23,0.00,9.922,-1.006,-1.140,-7.002084,-34.832741
26179,0,-0.22,0.18,9.922,-1.020,-1.082,-7.002084,-34.832741
26230,0,-0.22,0.00,9.922,-0.986,-1.120,-7.002084,-34.832741
26280,0,-0.22,0.00,9.941,-1.015,-1.111,-7.002084,-34.832741
26330,0,-0.19,0.54,9.936,-0.982,-1.125,-7.002084,-34.832741
26381,0,-0.20,-0.56,9.898,-1.006,-1.130,-7.002084,-34.832741
26431,0,-0.19,0.00,9.941,-1.015,-1.087,-7.002084,-34.832741
26483,0,-0.19,0.56,9.893,-0.996,-1.101,-7.002084,-34.832741
26535,0,-0.19,0.00,9.974,-1.020,-1.130,-7.002084,-34.832741
26586,0,-0.20,0.00,9.902,-0.982,-1.106,-7.002084,-34.832741
26637,0,-0.20,0.00,9.874,-0.991,-1.125,-7.002084,-34.832741
26688,0,-0.23,-0.48,9.926,-1.053,-1.116,-7.002084,-34.832741
26740,0,-0.23,0.00,9.941,-0.982,-1.092,-7.002084,-34.832741
26792,0,-0.23,0.00,9.946,-1.025,-1.111,-7.002084,-34.832741
26843,0,-0.22,0.48,9.941,-1.049,-1.106,-7.002084,-34.832741
26895,0,-0.22,0.00,9.922,-0.986,-1.116,-7.002084,-34.832741
26946,0,-0.23,-0.52,9.941,-0.962,-1.082,-7.002084,-34.832741
26997,0,-0.23,0.00,9.974,-0.962,-1.106,-7.002084,-34.832741
27047,0,-0.23,0.00,9.950,-0.982,-1.111,-7.002084,-34.832737
27098,0,-0.27,-1.09,9.878,-0.986,-1.125,-7.002084,-34.832737
27148,0,-0.27,0.00,9.888,-0.982,-1.125,-7.002084,-34.832737
27198,0,-0.27,0.00,9.960,-0.972,-1.068,-7.002084,-34.832737
27249,0,-0.28,-0.52,9.974,-1.015,-1.101,-7.002084,-34.832737
27299,0,-0.32,-1.28,9.931,-1.025,-1.120,-7.002084,-34.832737
27350,0,-0.33,0.00,9.902,-1.001,-1.116,-7.002084,-34.832737
27400,0,-0.34,-0.50,9.931,-0.982,-1.140,-7.002084,-34.832737
27450,0,-0.34,0.00,9.946,-0.953,-1.116,-7.002084,-34.832737
27502,0,-0.36,0.00,9.946,-0.986,-1.092,-7.002084,-34.832737
27554,0,-0.37,-0.48,9.898,-1.020,-1.077,-7.002084,-34.832737
27605,0,-0.36,0.00,9.907,-1.039,-1.116,-7.002084,-34.832737
27657,0,-0.32,1.27,9.965,-1.006,-1.092,-7.002084,-34.832737
27708,0,-0.32,0.00,9.936,-1.001,-1.111,-7.002084,-34.832737
27760,0,-0.32,0.00,9.922,-0.991,-1.130,-7.002084,-34.832737
27812,0,-0.31,0.52,9.902,-0.977,-1.111,-7.002084,-34.832737
27862,0,-0.31,0.00,9.917,-0.977,-1.077,-7.002084,-34.832737
27913,0,-0.31,0.00,9.950,-0.991,-1.087,-7.002084,-34.832737
27966,0,-0.31,0.00,9.936,-1.030,-1.130,-7.002084,-34.832737
28016,0,-0.32,-0.56,9.893,-1.034,-1.111,-7.002084,-34.832737
28066,0,-0.31,0.56,9.912,-0.996,-1.140,-7.002084,-34.832737
28117,0,-0.31,0.00,9.965,-0.977,-1.082,-7.002084,-34.832737
28167,0,-0.32,0.00,9.955,-0.986,-1.087,-7.002084,-34.832737
28223,0,-0.34,-0.17,9.941,-0.982,-1.111,-7.002084,-34.832737
28273,0,-0.34,0.00,9.926,-0.991,-1.082,-7.002084,-34.832737
28324,0,-0.31,0.00,9.931,-1.010,-1.097,-7.002084,-34.832737
28374,0,-0.33,-0.56,9.912,-1.025,-1.101,-7.002084,-34.832737
28425,0,-0.34,-0.52,9.917,-0.991,-1.111,-7.002084,-34.832737
28477,0,-0.39,0.00,9.922,-0.991,-1.149,-7.002084,-34.832737
28527,0,-0.39,0.00,9.922,-0.996,-1.116,-7.002084,-34.832737
28576,0,-0.41,-0.56,9.922,-0.991,-1.087,-7.002084,-34.832737
28628,0,-0.37,1.38,9.936,-0.996,-1.092,-7.002084,-34.832737
28679,0,-0.35,0.00,9.922,-1.006,-1.106,-7.002084,-34.832737
28731,0,-0.37,0.00,9.922,-0.982,-1.097,-7.002084,-34.832737
28782,0,-0.37,0.00,9.902,-0.996,-1.106,-7.002084,-34.832737
28834,0,-0.39,0.00,9.931,-0.996,-1.111,-7.002084,-34.832737
28886,0,-0.41,-0.56,9.917,-0.986,-1.097,-7.002084,-34.832737
28937,0,-0.41,0.00,9.922,-0.977,-1.140,-7.002084,-34.832737
28987,0,-0.42,-0.52,9.922,-1.015,-1.125,-7.002084,-34.832737
29038,0,-0.42,0.00,9.946,-1.001,-1.125,-7.002084,-34.832737
29088,0,-0.42,0.00,9.931,-0.991,-1.106,-7.002084,-34.832737
29139,0,-0.38,1.45,9.941,-1.006,-1.135,-7.002084,-34.832737
29189,0,-0.40,0.00,9.922,-1.001,-1.140,-7.002084,-34.832737
29239,0,-0.41,-0.56,9.936,-0.986,-1.120,-7.002084,-34.832737
29290,0,-0.41,0.00,9.926,-1.001,-1.111,-7.002084,-34.832737
29340,0,-0.46,0.00,9.931,-0.996,-1.120,-7.002084,-34.832737
29391,0,-0.42,1.45,9.922,-1.001,-1.125,-7.002084,-34.832737
29441,0,-0.44,-0.56,9.926,-1.001,-1.130,-7.002084,-34.832737
29493,0,-0.44,0.00,9.931,-1.010,-1.120,-7.002084,-34.832737
29544,0,-0.44,0.00,9.922,-1.001,-1.087,-7.002084,-34.832737
29596,0,-0.45,-0.48,9.922,-1.006,-1.106,-7.002084,-34.832737
29646,0,-0.49,-1.38,9.922,-0.982,-1.111,-7.002084,-34.832737
29695,0,-0.49,0.00,9.931,-1.001,-1.116,-7.002084,-34.832737
29747,0,-0.49,0.00,9.926,-1.006,-1.125,-7.002084,-34.832737
29798,0,-0.50,-0.52,9.922,-0.986,-1.101,-7.002084,-34.832737
29850,0,-0.50,0.00,9.922,-1.006,-1.097,-7.002084,-34.832737
29901,0,-0.51,-0.48,9.931,-1.010,-1.116,-7.002084,-34.832737
29953,0,-0.53,0.00,9.950,-0.996,-1.082,-7.002084,-34.832737
30004,0,-0.53,0.00,9.922,-1.001,-1.125,-7.002084,-34.832737
30054,0,-0.53,0.00,9.936,-0.982,-1.106,-7.002084,-34.832737
30104,0,-0.54,0.00,9.946,-1.006,-1.111,-7.002084,-34.832737
30155,0,-0.53,0.52,9.926,-0.991,-1.111,-7.002084,-34.832737
30205,0,-0.54,-0.52,9.946,-0.972,-1.087,-7.002084,-34.832737
30267,0,-0.56,-0.20,9.926,-0.991,-1.097,-7.002084,-34.832737
30317,0,-0.56,0.00,9.926,-1.010,-1.106,-7.002084,-34.832737
30368,0,-0.57,0.00,9.941,-1.001,-1.111,-7.002084,-34.832737
30418,0,-0.60,-1.09,9.878,-1.010,-1.120,-7.002084,-34.832737
30470,0,-0.61,0.00,9.941,-0.934,-1.116,-7.002084,-34.832737
30522,0,-0.64,-0.48,9.946,-0.943,-1.111,-7.002084,-34.832737
30574,0,-0.65,-0.52,9.922,-1.025,-1.082,-7.002084,-34.832737
30624,0,-0.66,-0.48,9.955,-1.030,-1.111,-7.002084,-34.832737
30676,0,-0.65,0.00,9.907,-1.058,-1.120,-7.002084,-34.832737
30727,0,-0.62,1.01,9.946,-1.025,-1.111,-7.002084,-34.832737
30779,0,-0.62,0.00,9.907,-1.039,-1.125,-7.002084,-34.832737
30830,0,-0.62,0.00,9.965,-0.915,-1.092,-7.002084,-34.832737
30882,0,-0.64,-0.48,9.917,-0.948,-1.082,-7.002084,-34.832737
30934,0,-0.64,0.00,9.941,-0.958,-1.106,-7.002084,-34.832737
30984,0,-0.69,-1.37,9.912,-1.015,-1.101,-7.002084,-34.832737
31034,0,-0.69,0.00,9.917,-1.068,-1.101,-7.002084,-34.832737
31084,0,-0.70,0.00,9.931,-1.044,-1.125,-7.002084,-34.832737
31135,0,-0.70,0.00,9.912,-1.010,-1.111,-7.002084,-34.832737
31185,0,-0.71,-0.56,9.946,-0.962,-1.120,-7.002084,-34.832737
31236,0,-0.68,0.00,9.941,-0.948,-1.101,-7.002084,-34.832737
31286,0,-0.68,0.00,9.946,-0.972,-1.087,-7.002084,-34.832737
31336,0,-0.69,-0.52,9.926,-1.020,-1.082,-7.002084,-34.832737
31387,0,-0.74,0.00,9.926,-1.049,-1.092,-7.002084,-34.832737
31437,0,-0.75,-0.52,9.941,-1.030,-1.144,-7.002084,-34.832737
31489,0,-0.74,0.48,9.907,-1.001,-1.106,-7.002084,-34.832737
31541,0,-0.71,0.00,9.931,-0.972,-1.087,-7.002084,-34.832737
31592,0,-0.72,-0.52,9.917,-0.982,-1.087,-7.002084,-34.832737
31644,0,-0.73,0.00,9.907,-0.996,-1.087,-7.002084,-34.832737
31695,0,-0.73,0.00,9.936,-1.001,-1.135,-7.002084,-34.832737
31747,0,-0.75,0.00,9.946,-1.010,-1.125,-7.002084,-34.832737
31799,0,-0.77,-0.52,9.912,-1.020,-1.106,-7.002084,-34.832737
31849,0,-0.77,0.00,9.922,-0.991,-1.116,-7.002084,-34.832737
31900,0,-0.79,0.00,9.888,-0.962,-1.073,-7.002084,-34.832737
31952,0,-0.79,0.00,9.936,-0.962,-1.073,-7.002084,-34.832737
32002,0,-0.80,-0.56,9.936,-0.972,-1.116,-7.002084,-34.832737
32053,0,-0.82,-0.56,9.941,-1.015,-1.144,-7.002084,-34.832737
32103,0,-0.82,0.00,9.960,-1.053,-1.120,-7.002084,-34.832737
32154,0,-0.81,-0.56,9.969,-1.010,-1.144,-7.002084,-34.832737
32204,0,-0.82,-0.56,9.969,-0.996,-1.116,-7.002084,-34.832737
32255,0,-0.83,0.00,9.941,-0.982,-1.106,-7.002084,-34.832737
32311,0,-0.87,-0.48,9.907,-0.967,-1.101,-7.002084,-34.832737
32361,0,-0.88,-0.56,9.878,-0.991,-1.140,-7.002084,-34.832737
32412,0,-0.85,1.45,9.941,-1.015,-1.135,-7.002084,-34.832737
32462,0,-0.85,0.00,9.931,-1.006,-1.039,-7.002084,-34.832737
32512,0,-0.83,0.52,9.926,-1.006,-1.120,-7.002084,-34.832737
32564,0,-0.83,0.00,9.946,-0.991,-1.053,-7.002084,-34.832737
32615,0,-0.85,-0.52,9.993,-0.972,-1.221,-7.002084,-34.832737
32667,0,-0.86,-0.48,9.907,-0.958,-1.135,-7.002084,-34.832737
32718,0,-0.87,0.00,9.888,-1.006,-1.058,-7.002084,-34.832737
32770,0,-0.89,-0.52,9.869,-0.982,-1.053,-7.002084,-34.832737
32822,0,-0.90,0.00,9.859,-0.986,-1.044,-7.002084,-34.832737
32873,0,-0.92,-0.48,9.893,-0.982,-1.053,-7.002084,-34.832737
32925,0,-0.94,-0.97,10.060,-1.058,-1.197,-7.002084,-34.832737
32975,0,-0.98,-1.09,10.070,-1.001,-1.183,-7.002084,-34.832737
33025,0,-1.00,-0.56,9.926,-0.986,-1.144,-7.002085,-34.832733
33075,0,-1.01,0.00,9.912,-0.958,-1.144,-7.002085,-34.832733
33126,0,-1.02,-0.52,9.878,-1.020,-1.058,-7.002085,-34.832733
33176,0,-1.02,0.00,9.955,-1.039,-1.120,-7.002085,-34.832733
33227,0,-1.02,0.00,9.950,-1.001,-1.106,-7.002085,-34.832733
33277,0,-1.01,0.00,9.936,-0.977,-1.106,-7.002085,-34.832733
33327,0,-1.05,-1.39,9.950,-1.006,-1.140,-7.002085,-34.832733
33378,0,-1.03,0.00,9.950,-1.001,-1.125,-7.002085,-34.832733
33428,0,-0.99,1.09,9.926,-1.030,-1.073,-7.002085,-34.832733
33480,0,-0.98,0.52,9.941,-1.020,-1.111,-7.002085,-34.832733
33532,0,-0.98,0.00,9.931,-1.015,-1.116,-7.002085,-34.832733
33584,0,-0.97,0.00,9.926,-0.996,-1.097,-7.002085,-34.832733
33635,0,-0.97,0.00,9.912,-1.006,-1.120,-7.002085,-34.832733
33687,0,-0.98,-0.48,9.941,-0.996,-1.077,-7.002085,-34.832733
33737,0,-0.98,0.00,9.907,-0.996,-1.092,-7.002085,-34.832733
33789,0,-1.03,-1.89,9.893,-0.982,-1.120,-7.002085,-34.832733
33840,0,-1.04,-0.52,9.931,-0.996,-1.120,-7.002085,-34.832733
33892,0,-1.05,-0.52,9.936,-1.015,-1.111,-7.002085,-34.832733
33943,0,-1.05,0.00,9.917,-1.006,-1.101,-7.002085,-34.832733
33994,0,-1.07,0.00,9.922,-1.010,-1.106,-7.002085,-34.832733
34044,0,-1.05,0.52,9.922,-0.982,-1.106,-7.002085,-34.832733
34135,0,-1.05,0.63,9.941,-0.982,-1.092,-7.002085,-34.832733
34185,0,-1.05,0.00,9.936,-1.015,-1.125,-7.002085,-34.832733
34236,0,-1.08,0.00,9.936,-0.996,-1.116,-7.002085,-34.832733
34286,0,-1.09,0.00,9.907,-0.996,-1.082,-7.002085,-34.832733
34337,0,-1.07,0.85,9.922,-0.982,-1.111,-7.002085,-34.832733
34387,0,-1.09,0.00,9.917,-1.006,-1.116,-7.002085,-34.832733
34437,0,-1.09,0.00,9.936,-1.006,-1.082,-7.002085,-34.832733
34488,0,-1.09,0.00,9.917,-1.010,-1.116,-7.002085,-34.832733
34540,0,-1.08,0.00,9.917,-0.996,-1.120,-7.002085,-34.832733
34591,0,-1.09,-0.48,9.931,-1.001,-1.120,-7.002085,-34.832733
34643,0,-1.04,1.34,9.917,-0.972,-1.106,-7.002085,-34.832733
34694,0,-1.04,0.00,9.893,-0.996,-1.092,-7.002085,-34.832733
34746,0,-1.08,0.00,9.926,-0.996,-1.144,-7.002085,-34.832733
34798,0,-1.09,0.00,9.931,-1.001,-1.087,-7.002085,-34.832733
34849,0,-1.09,0.00,9.926,-1.010,-1.154,-7.002085,-34.832733
34901,0,-1.08,0.48,9.912,-1.010,-1.120,-7.002085,-34.832733
34953,0,-1.04,1.34,9.946,-1.006,-1.101,-7.002085,-34.832733
35003,0,-1.03,0.00,9.989,-0.986,-1.135,-7.002085,-34.832733
35053,0,-1.01,0.52,9.912,-1.015,-1.125,-7.002085,-34.832733
35104,0,-1.00,0.56,9.941,-0.996,-1.120,-7.002085,-34.832733
35154,0,-1.00,0.00,9.965,-0.996,-1.135,-7.002085,-34.832733
35205,0,-0.98,0.00,9.941,-1.010,-1.130,-7.002085,-34.832733
35255,0,-0.98,0.00,9.922,-0.972,-1.111,-7.002085,-34.832733
35305,0,-1.00,0.00,9.969,-1.020,-1.168,-7.002085,-34.832733
35356,0,-1.00,0.00,9.969,-1.006,-1.106,-7.002085,-34.832733
35406,0,-1.03,-1.45,9.922,-0.991,-1.082,-7.002085,-34.832733
35456,0,-0.97,0.00,9.912,-0.948,-1.164,-7.002085,-34.832733
35508,0,-0.97,-0.37,9.974,-0.986,-1.116,-7.002085,-34.832733
35560,0,-0.90,0.00,9.926,-0.996,-1.101,-7.002085,-34.832733
35611,0,-0.91,0.52,9.974,-0.991,-1.106,-7.002085,-34.832733
35663,0,-0.88,1.01,9.926,-0.986,-1.120,-7.002085,-34.832733
35713,0,-0.87,0.48,9.864,-0.977,-1.015,-7.002085,-34.832733
35762,0,-0.87,0.00,9.907,-1.001,-1.120,-7.002085,-34.832733
35814,0,-0.86,-0.86,9.888,-1.010,-1.092,-7.002085,-34.832733
35865,0,-0.86,0.00,9.946,-0.972,-1.111,-7.002085,-34.832733
35917,0,-0.86,0.00,9.922,-0.982,-1.120,-7.002085,-34.832733
35966,0,-0.83,0.48,9.941,-1.001,-1.111,-7.002085,-34.832733
36017,0,-0.83,0.00,9.941,-0.986,-1.082,-7.002085,-34.832733
36067,0,-0.83,-0.56,9.926,-0.991,-1.111,-7.002085,-34.832733
36118,0,-0.83,0.00,9.922,-1.006,-1.068,-7.002085,-34.832733
36174,0,-0.85,-0.34,9.922,-1.015,-1.068,-7.002085,-34.832733
36224,0,-0.83,0.88,9.922,-1.006,-1.149,-7.002085,-34.832733
36274,0,-0.87,0.00,9.946,-1.010,-1.125,-7.002085,-34.832733
36325,0,-0.85,0.00,9.922,-1.030,-1.120,-7.002085,-34.832733
36375,0,-0.84,0.52,9.936,-1.010,-1.130,-7.002085,-34.832733
36426,0,-0.84,0.00,9.936,-0.977,-1.082,-7.002085,-34.832733
36478,0,-0.81,0.48,9.936,-0.934,-1.106,-7.002085,-34.832733
36528,0,-0.81,0.00,9.922,-0.948,-1.135,-7.002085,-34.832733
36580,0,-0.77,1.09,9.922,-0.991,-1.120,-7.002085,-34.832733
36631,0,-0.71,2.38,9.941,-1.034,-1.106,-7.002085,-34.832733
36683,0,-0.69,1.01,9.941,-1.058,-1.111,-7.002085,-34.832733
36734,0,-0.65,1.49,9.941,-1.034,-1.106,-7.002085,-34.832733
36786,0,-0.62,0.00,9.950,-0.982,-1.125,-7.002085,-34.832733
36838,0,-0.57,1.01,9.912,-0.943,-1.087,-7.002085,-34.832733
36889,0,-0.58,0.00,9.912,-0.967,-1.068,-7.002085,-34.832733
36941,0,-0.52,1.01,9.969,-1.015,-1.101,-7.002085,-34.832733
36991,0,-0.51,0.52,9.965,-1.020,-1.120,-7.002085,-34.832733
37041,0,-0.48,0.00,9.950,-1.010,-1.077,-7.002085,-34.832729
37092,0,-0.46,-0.36,9.950,-1.020,-1.149,-7.002085,-34.832729
37142,0,-0.43,1.09,9.941,-0.972,-1.120,-7.002085,-34.832729
37193,0,-0.39,0.00,9.907,-0.972,-1.077,-7.002085,-34.832729
37243,0,-0.35,0.56,9.917,-0.967,-1.106,-7.002085,-34.832729
37294,0,-0.34,0.50,9.878,-0.996,-1.068,-7.002085,-34.832729
37344,0,-0.31,0.00,9.917,-1.034,-1.149,-7.002085,-34.832729
37394,0,-0.28,1.09,9.950,-1.020,-1.125,-7.002085,-34.832729
37445,0,-0.31,-0.88,9.941,-0.982,-1.125,-7.002085,-34.832729
37496,0,-0.29,0.00,9.902,-0.962,-1.082,-7.002085,-34.832729
37548,0,-0.25,0.97,9.926,-0.958,-1.125,-7.002085,-34.832729
37599,0,-0.24,0.00,9.926,-0.967,-1.120,-7.002085,-34.832729
37651,0,-0.21,0.52,9.936,-1.020,-1.130,-7.002085,-34.832729
37703,0,-0.21,0.00,9.941,-1.049,-1.116,-7.002085,-34.832729
37753,0,-0.23,-0.86,9.960,-1.010,-1.130,-7.002085,-34.832729
37805,0,-0.23,0.00,9.998,-1.001,-1.140,-7.002085,-34.832729
37856,0,-0.22,0.52,9.998,-0.972,-1.101,-7.002085,-34.832729
37908,0,-0.21,0.48,9.902,-0.972,-1.063,-7.002085,-34.832729
37960,0,-0.22,-0.48,9.907,-0.991,-1.125,-7.002085,-34.832729
38010,0,-0.21,0.52,9.883,-0.996,-1.101,-7.002085,-34.832729
38061,0,-0.19,0.00,9.883,-1.025,-1.106,-7.002086,-34.832729
38111,0,-0.19,-0.52,9.931,-1.010,-1.077,-7.002086,-34.832729
38161,0,-0.19,0.00,9.912,-0.962,-1.097,-7.002086,-34.832729
38218,0,-0.19,0.00,9.912,-0.962,-1.097,-7.002086,-34.832729
38268,0,-0.21,0.00,9.922,-0.977,-1.106,-7.002086,-34.832729
38319,0,-0.22,0.00,9.936,-1.015,-1.135,-7.002086,-34.832729
38369,0,-0.26,0.00,9.946,-1.006,-1.130,-7.002086,-34.832729
38419,0,-0.24,0.00,9.888,-0.996,-1.087,-7.002086,-34.832729
38472,0,-0.26,0.00,9.917,-1.006,-1.082,-7.002086,-34.832729
38522,0,-0.26,0.00,9.898,-0.967,-1.092,-7.002086,-34.832729
38574,0,-0.27,-0.52,9.941,-1.001,-1.144,-7.002086,-34.832729
38625,0,-0.26,0.48,9.941,-0.996,-1.135,-7.002086,-34.832729
38677,0,-0.24,0.48,9.917,-1.006,-1.120,-7.002086,-34.832729
38728,0,-0.26,-0.48,9.931,-1.020,-1.087,-7.002086,-34.832729
38780,0,-0.26,0.00,9.931,-1.020,-1.101,-7.002086,-34.832729
38832,0,-0.26,0.00,9.926,-0.991,-1.125,-7.002086,-34.832729
38883,0,-0.26,0.00,9.946,-0.977,-1.077,-7.002086,-34.832729
38935,0,-0.26,0.00,9.912,-1.001,-1.097,-7.002086,-34.832729
38985,0,-0.24,0.52,9.960,-1.010,-1.116,-7.002086,-34.832729
39035,0,-0.22,0.00,9.907,-0.991,-1.101,-7.002086,-34.832729
39086,0,-0.20,0.00,9.888,-0.996,-1.106,-7.002086,-34.832729
39136,0,-0.20,0.00,9.898,-0.982,-1.111,-7.002086,-34.832729
39186,0,-0.19,0.00,9.864,-1.020,-1.073,-7.002086,-34.832729
39237,0,-0.17,0.56,9.912,-0.991,-1.097,-7.002086,-34.832729
39287,0,-0.16,0.52,9.931,-0.977,-1.097,-7.002086,-34.832729
39338,0,-0.16,0.00,9.965,-0.986,-1.140,-7.002086,-34.832729
39388,0,-0.17,0.00,9.926,-1.010,-1.130,-7.002086,-34.832729
39438,0,-0.17,0.00,9.941,-1.010,-1.120,-7.002086,-34.832729
39490,0,-0.21,0.00,9.946,-0.996,-1.111,-7.002086,-34.832729
39542,0,-0.20,0.00,9.936,-0.996,-1.116,-7.002086,-34.832729
39593,0,-0.20,0.00,9.946,-0.986,-1.082,-7.002086,-34.832729
39645,0,-0.20,0.00,9.926,-1.020,-1.116,-7.002086,-34.832729
39697,0,-0.20,0.00,9.946,-0.991,-1.111,-7.002086,-34.832729
39747,0,-0.21,-0.48,9.931,-0.996,-1.097,-7.002086,-34.832729
39798,0,-0.21,0.00,9.917,-0.991,-1.101,-7.002086,-34.832729
39850,0,-0.23,0.00,9.926,-0.982,-1.111,-7.002086,-34.832729
39902,0,-0.27,-1.75,9.931,-1.001,-1.101,-7.002086,-34.832729
39953,0,-0.27,0.00,9.902,-1.001,-1.106,-7.002086,-34.832729
40004,0,-0.29,-0.56,9.936,-0.996,-1.097,-7.002086,-34.832729
40054,0,-0.30,-0.52,9.936,-1.010,-1.106,-7.002085,-34.832729
40104,0,-0.31,0.00,9.950,-1.006,-1.106,-7.002085,-34.832729
40155,0,-0.33,-0.52,9.912,-1.001,-1.120,-7.002085,-34.832729
40205,0,-0.33,0.00,9.936,-1.006,-1.111,-7.002085,-34.832729
40264,0,-0.34,-0.19,9.922,-1.001,-1.097,-7.002085,-34.832729
40314,0,-0.33,0.00,9.926,-1.001,-1.116,-7.002085,-34.832729
40364,0,-0.33,0.00,9.917,-1.020,-1.106,-7.002085,-34.832729
40415,0,-0.33,0.00,9.926,-0.991,-1.092,-7.002085,-34.832729
40465,0,-0.31,0.00,9.931,-1.015,-1.101,-7.002085,-34.832729
40516,0,-0.28,1.27,9.922,-0.986,-1.130,-7.002085,-34.832729
40567,0,-0.27,0.48,9.922,-0.986,-1.125,-7.002085,-34.832729
40632,0,-0.25,0.21,9.917,-1.001,-1.120,-7.002085,-34.832729
40683,0,-0.24,0.56,9.922,-1.015,-1.092,-7.002085,-34.832729
40734,0,0.90,42.26,9.936,-0.996,-1.073,-7.002085,-34.832729
40786,0,1.96,0.00,9.922,-1.015,-1.106,-7.002085,-34.832729
40837,0,3.90,33.68,9.931,-1.030,-1.106,-7.002085,-34.832729
40889,0,4.79,0.00,9.926,-1.001,-1.116,-7.002085,-34.832729
40941,0,6.43,30.30,9.926,-0.977,-1.092,-7.002085,-34.832729
40991,0,7.16,28.88,9.936,-1.001,-1.097,-7.002085,-34.832729
41041,0,7.85,0.00,9.907,-1.015,-1.092,-7.002084,-34.832729
41092,0,6.82,-19.37,9.922,-0.996,-1.101,-7.002084,-34.832729
41142,0,6.39,-17.35,9.922,-0.982,-1.097,-7.002084,-34.832729
41193,0,5.97,0.00,9.917,-1.015,-1.106,-7.002084,-34.832729
41243,0,5.19,-15.92,9.922,-0.986,-1.111,-7.002084,-34.832729
41293,0,4.83,-14.41,9.946,-1.006,-1.092,-7.002084,-34.832729
41344,0,4.50,0.00,9.936,-1.001,-1.120,-7.002084,-34.832729
41394,0,3.91,-11.51,9.926,-1.001,-1.125,-7.002084,-34.832729
41444,0,3.62,-11.55,9.922,-1.020,-1.116,-7.002084,-34.832729
41496,0,3.37,0.00,9.946,-1.006,-1.097,-7.002084,-34.832729
41547,0,2.88,-9.39,9.926,-1.020,-1.116,-7.002084,-34.832729
41599,0,2.70,-6.63,9.946,-1.020,-1.101,-7.002084,-34.832729
41651,0,2.32,-6.72,9.946,-1.006,-1.101,-7.002084,-34.832729
41702,0,2.19,-4.77,9.946,-0.991,-1.111,-7.002084,-34.832729
41754,0,1.99,0.00,9.917,-1.001,-1.111,-7.002084,-34.832729
41805,0,1.71,-5.90,9.931,-1.006,-1.116,-7.002084,-34.832729
41857,0,1.55,0.00,9.926,-1.020,-1.111,-7.002084,-34.832729
41909,0,1.30,-4.68,9.950,-1.020,-1.097,-7.002084,-34.832729
41961,0,1.18,-4.77,9.950,-1.001,-1.106,-7.002084,-34.832729
42011,0,1.07,0.00,9.936,-0.982,-1.101,-7.002084,-34.832729
42062,0,0.89,-2.69,9.931,-1.001,-1.097,-7.002084,-34.832726
42112,0,0.82,-2.90,9.893,-0.996,-1.068,-7.002084,-34.832726
42162,0,0.75,0.00,9.902,-1.015,-1.049,-7.002084,-34.832726
42213,0,0.60,-2.94,9.883,-0.991,-1.116,-7.002084,-34.832726
42263,0,0.53,-2.78,9.893,-1.015,-1.087,-7.002084,-34.832726
42338,0,0.41,-1.64,9.931,-1.006,-1.101,-7.002084,-34.832726
42388,0,0.36,0.00,9.931,-1.010,-1.125,-7.002084,-34.832726
42439,0,0.29,-1.99,9.936,-1.015,-1.097,-7.002084,-34.832726
42489,0,0.29,0.00,9.926,-0.982,-1.111,-7.002084,-34.832726
42541,0,0.19,-1.47,9.917,-0.991,-1.125,-7.002084,-34.832726
42592,0,0.16,0.00,9.912,-1.001,-1.106,-7.002084,-34.832726
42644,0,0.10,-0.88,9.946,-1.006,-1.116,-7.002084,-34.832726
42695,0,0.06,-1.43,9.912,-1.006,-1.053,-7.002084,-34.832726
42747,0,-0.01,-1.34,9.922,-1.006,-1.116,-7.002084,-34.832726
42796,0,-0.01,0.00,9.936,-0.982,-1.092,-7.002084,-34.832726
42848,0,-0.04,0.00,9.926,-0.977,-1.106,-7.002084,-34.832726
42899,0,-0.07,-1.34,9.883,-1.001,-1.077,-7.002084,-34.832726
42951,0,-0.05,0.52,9.907,-0.982,-1.154,-7.002084,-34.832726
43001,0,-0.10,-0.93,9.941,-1.006,-1.130,-7.002084,-34.832726
43052,0,-0.08,0.54,9.926,-0.972,-1.144,-7.002084,-34.832726
43102,0,-0.11,0.00,9.950,-1.020,-1.130,-7.002084,-34.832726
43153,0,-0.07,1.09,9.955,-0.996,-1.144,-7.002084,-34.832726
43203,0,-0.05,0.56,9.955,-1.001,-1.120,-7.002084,-34.832726
43253,0,-0.08,0.00,9.941,-0.986,-1.111,-7.002084,-34.832726
43304,0,-0.03,1.04,9.946,-1.006,-1.125,-7.002084,-34.832726
43354,0,-0.06,-0.93,9.946,-1.010,-1.101,-7.002084,-34.832726
43405,0,-0.04,0.00,9.936,-1.020,-1.111,-7.002084,-34.832726
43455,0,-0.07,-1.45,9.917,-0.996,-1.111,-7.002084,-34.832726
43506,0,-0.05,0.52,9.946,-1.001,-1.116,-7.002084,-34.832726
43558,0,-0.05,0.00,9.907,-0.996,-1.116,-7.002084,-34.832726
43609,0,-0.10,-1.34,9.941,-0.991,-1.106,-7.002084,-34.832726
43660,0,-0.10,0.00,9.917,-1.001,-1.135,-7.002084,-34.832726
43711,0,-0.10,0.00,9.917,-1.006,-1.116,-7.002084,-34.832726
43763,0,-0.14,0.00,9.960,-1.001,-1.106,-7.002084,-34.832726
43815,0,-0.12,0.48,9.926,-0.996,-1.092,-7.002084,-34.832726
43866,0,-0.12,0.00,9.946,-0.986,-1.101,-7.002084,-34.832726
43918,0,-0.13,-0.86,9.917,-0.977,-1.092,-7.002084,-34.832726
43967,0,-0.12,0.52,9.946,-1.006,-1.125,-7.002084,-34.832726
44018,0,-0.12,0.00,9.917,-1.010,-1.111,-7.002086,-34.832726
44068,0,-0.09,0.48,9.922,-1.015,-1.101,-7.002086,-34.832726
44140,0,-0.11,-0.37,9.902,-1.015,-1.140,-7.002086,-34.832726
44190,0,-0.10,0.00,9.907,-1.001,-1.087,-7.002086,-34.832726
44241,0,-0.10,0.00,9.922,-1.001,-1.077,-7.002086,-34.832726
44291,0,-0.09,0.56,9.955,-0.996,-1.144,-7.002086,-34.832726
44341,0,-0.10,0.00,9.960,-0.991,-1.101,-7.002086,-34.832726
44392,0,-0.09,0.00,9.960,-0.991,-1.120,-7.002086,-34.832726
44442,0,-0.07,0.52,9.917,-1.001,-1.111,-7.002086,-34.832726
44494,0,-0.07,0.00,9.926,-1.006,-1.097,-7.002086,-34.832726
44545,0,-0.06,0.00,9.917,-1.006,-1.111,-7.002086,-34.832726
44596,0,-0.06,0.00,9.893,-0.991,-1.106,-7.002086,-34.832726
44647,0,-0.06,0.00,9.898,-0.967,-1.092,-7.002086,-34.832726
44699,0,-0.05,0.00,9.902,-0.986,-1.101,-7.002086,-34.832726
44750,0,-0.03,0.56,9.931,-1.010,-1.087,-7.002086,-34.832726
44802,0,-0.02,0.48,9.936,-1.001,-1.092,-7.002086,-34.832726
44854,0,-0.02,0.00,9.936,-1.001,-1.120,-7.002086,-34.832726
44905,0,-0.02,0.00,9.931,-0.996,-1.101,-7.002086,-34.832726
44957,0,-0.07,0.00,9.936,-1.001,-1.111,-7.002086,-34.832726
45008,0,-0.08,-0.60,9.902,-1.025,-1.116,-7.002086,-34.832726
45058,0,-0.08,0.00,9.926,-0.991,-1.120,-7.002086,-34.832726
45108,0,-0.09,0.00,9.931,-0.986,-1.106,-7.002086,-34.832726
45159,0,-0.08,0.48,9.931,-1.006,-1.111,-7.002086,-34.832726
45209,0,-0.09,-0.48,9.922,-1.001,-1.082,-7.002086,-34.832726
45260,0,-0.09,0.00,9.950,-0.996,-1.092,-7.002086,-34.832726
45310,0,-0.09,-0.46,9.941,-0.991,-1.111,-7.002086,-34.832726
45360,0,-0.09,0.00,9.922,-1.001,-1.120,-7.002086,-34.832726
45411,0,-0.11,0.00,9.922,-1.001,-1.125,-7.002086,-34.832726
45461,0,-0.09,0.00,9.922,-0.991,-1.116,-7.002086,-34.832726
45512,0,-0.09,0.00,9.931,-0.996,-1.097,-7.002086,-34.832726
45564,0,-0.07,0.56,9.946,-0.986,-1.116,-7.002086,-34.832726
45615,0,-0.08,-0.56,9.926,-0.996,-1.101,-7.002086,-34.832726
45667,0,-0.08,0.00,9.931,-1.001,-1.111,-7.002086,-34.832726
45719,0,-0.08,0.00,9.955,-0.996,-1.116,-7.002086,-34.832726
45769,0,-0.08,0.00,9.936,-0.982,-1.097,-7.002086,-34.832726
45821,0,-0.12,0.00,9.931,-1.006,-1.116,-7.002086,-34.832726
45872,0,-0.13,0.00,9.926,-0.982,-1.077,-7.002086,-34.832726
45924,0,-0.14,-0.52,9.926,-1.020,-1.092,-7.002086,-34.832726
45973,0,-0.14,0.00,9.926,-0.982,-1.116,-7.002086,-34.832726
46024,0,-0.14,0.00,9.926,-1.001,-1.101,-7.002088,-34.832722
46074,0,-0.14,0.00,9.960,-0.996,-1.111,-7.002088,-34.832722
46125,0,-0.16,-0.52,9.941,-1.006,-1.111,-7.002088,-34.832722
46182,0,-0.17,-0.21,9.917,-0.991,-1.120,-7.002088,-34.832722
46233,0,-0.21,0.00,9.946,-0.991,-1.120,-7.002088,-34.832722
46283,0,-0.20,0.00,9.922,-1.006,-1.077,-7.002088,-34.832722
46334,0,-0.20,0.00,9.936,-1.001,-1.097,-7.002088,-34.832722
46384,0,-0.20,0.00,9.926,-1.001,-1.087,-7.002088,-34.832722
46434,0,-0.20,0.00,9.912,-1.001,-1.130,-7.002088,-34.832722
46485,0,-0.20,0.00,9.931,-0.986,-1.077,-7.002088,-34.832722
46537,0,-0.23,-1.45,9.936,-0.996,-1.082,-7.002088,-34.832722
46588,0,-0.22,0.00,9.917,-0.991,-1.130,-7.002088,-34.832722
46640,0,-0.20,0.00,9.941,-1.015,-1.097,-7.002088,-34.832722
46691,0,-0.20,0.00,9.936,-1.001,-1.106,-7.002088,-34.832722
46743,0,-0.19,0.00,9.926,-0.986,-1.101,-7.002088,-34.832722
46795,0,-0.19,0.00,9.950,-0.991,-1.087,-7.002088,-34.832722
46846,0,-0.18,0.00,9.917,-0.986,-1.140,-7.002088,-34.832722
46898,0,-0.16,0.45,9.941,-1.015,-1.135,-7.002088,-34.832722
46949,0,-0.16,0.00,9.917,-0.996,-1.082,-7.002088,-34.832722
47000,0,-0.15,1.49,9.926,-1.006,-1.125,-7.002088,-34.832722
47050,0,-0.14,0.52,9.922,-1.001,-1.130,-7.002088,-34.832722
47101,0,-0.17,0.00,9.926,-1.010,-1.116,-7.002088,-34.832722
47151,0,-0.16,0.60,9.912,-0.996,-1.116,-7.002088,-34.832722
47202,0,-0.16,0.00,9.902,-0.991,-1.101,-7.002088,-34.832722
47252,0,-0.16,0.00,9.946,-1.001,-1.097,-7.002088,-34.832722
47302,0,-0.16,0.00,9.922,-0.991,-1.101,-7.002088,-34.832722
47353,0,-0.16,0.00,9.950,-0.991,-1.106,-7.002088,-34.832722
47403,0,-0.12,0.00,9.936,-1.010,-1.111,-7.002088,-34.832722
47453,0,-0.12,0.00,9.922,-0.991,-1.106,-7.002088,-34.832722
47505,0,-0.12,0.00,9.926,-0.996,-1.144,-7.002088,-34.832722
47557,0,-0.11,0.00,9.931,-1.001,-1.111,-7.002088,-34.832722
47608,0,-0.09,0.52,9.917,-1.010,-1.111,-7.002088,-34.832722
47660,0,-0.09,0.00,9.907,-1.015,-1.097,-7.002088,-34.832722
47711,0,-0.09,0.00,9.922,-1.010,-1.120,-7.002088,-34.832722
47762,0,-0.09,0.00,9.946,-0.977,-1.111,-7.002088,-34.832722
47813,0,-0.07,0.56,9.946,-1.025,-1.144,-7.002088,-34.832722
47865,0,-0.03,1.34,9.907,-0.986,-1.053,-7.002088,-34.832722
47916,0,-0.02,0.52,9.936,-1.010,-1.140,-7.002088,-34.832722
47969,0,-0.02,0.00,9.936,-0.977,-1.101,-7.002088,-34.832722
48019,0,-0.02,0.00,9.955,-1.001,-1.125,-7.002087,-34.832722
48070,0,-0.00,0.54,9.926,-0.986,-1.077,-7.002087,-34.832722
48120,0,-0.00,0.00,9.922,-1.015,-1.077,-7.002087,-34.832722
48170,0,0.02,0.00,9.969,-1.030,-1.130,-7.002087,-34.832722
48229,0,0.05,0.37,9.955,-0.996,-1.106,-7.002087,-34.832722
48280,0,0.06,0.56,9.941,-1.015,-1.106,-7.002087,-34.832722
48330,0,0.08,0.50,9.936,-1.001,-1.116,-7.002087,-34.832722
48381,0,0.09,0.00,9.922,-0.977,-1.116,-7.002087,-34.832722
48431,0,0.10,0.00,9.917,-0.982,-1.087,-7.002087,-34.832722
48483,0,0.10,0.00,9.960,-0.986,-1.116,-7.002087,-34.832722
48535,0,0.10,0.00,9.946,-0.986,-1.097,-7.002087,-34.832722
48585,0,0.08,-0.80,9.950,-1.010,-1.097,-7.002087,-34.832722
48636,0,0.08,0.00,9.941,-1.001,-1.116,-7.002087,-34.832722
48688,0,0.10,0.50,9.898,-0.996,-1.073,-7.002087,-34.832722
48740,0,0.15,0.00,9.907,-0.996,-1.111,-7.002087,-34.832722
48791,0,0.10,-0.52,9.922,-0.991,-1.130,-7.002087,-34.832722
48843,0,0.11,0.00,9.941,-0.977,-1.111,-7.002087,-34.832722
48894,0,0.11,0.52,9.946,-1.006,-1.116,-7.002087,-34.832722
48946,0,0.10,-0.52,9.917,-1.006,-1.116,-7.002087,-34.832722
48996,0,0.10,0.00,9.922,-1.030,-1.101,-7.002087,-34.832722
49047,0,0.08,-0.50,9.912,-0.982,-1.130,-7.002088,-34.832722
49097,0,0.08,0.00,9.936,-0.991,-1.092,-7.002088,-34.832722
49148,0,0.07,0.00,9.912,-0.996,-1.116,-7.002088,-34.832722
49198,0,0.03,-1.39,9.922,-0.967,-1.111,-7.002088,-34.832722
49249,0,0.03,0.00,9.907,-0.986,-1.116,-7.002088,-34.832722
49299,0,0.02,0.00,9.936,-1.025,-1.097,-7.002088,-34.832722
49349,0,0.02,0.00,9.946,-1.001,-1.120,-7.002088,-34.832722
49400,0,0.01,-0.56,9.917,-0.996,-1.092,-7.002088,-34.832722
49450,0,0.01,0.00,9.926,-0.996,-1.135,-7.002088,-34.832722
49501,0,-0.01,0.00,9.941,-1.006,-1.120,-7.002088,-34.832722
49553,0,0.01,0.00,9.931,-1.020,-1.087,-7.002088,-34.832722
49605,0,0.01,-0.52,9.931,-1.006,-1.125,-7.002088,-34.832722
49656,0,-0.01,-0.52,9.931,-0.982,-1.125,-7.002088,-34.832722
49708,0,-0.01,0.00,9.946,-0.991,-1.097,-7.002088,-34.832722
49759,0,0.01,0.52,9.898,-0.996,-1.087,-7.002088,-34.832722
49810,0,0.01,0.00,9.917,-0.991,-1.116,-7.002088,-34.832722
49861,0,-0.01,-0.52,9.969,-0.996,-1.144,-7.002088,-34.832722
49913,0,0.01,0.00,9.893,-0.996,-1.082,-7.002088,-34.832722
49962,0,0.01,0.00,9.917,-1.001,-1.087,-7.002088,-34.832722
50013,0,0.01,0.00,9.936,-1.001,-1.106,-7.002088,-34.832722
50063,0,-0.03,0.00,9.941,-1.006,-1.111,-7.002088,-34.832722
50114,0,-0.03,0.00,9.955,-1.006,-1.111,-7.002088,-34.832722
50164,0,-0.02,0.00,9.941,-0.991,-1.116,-7.002088,-34.832722
50214,0,-0.00,0.00,9.941,-0.986,-1.140,-7.002088,-34.832722
50276,0,-0.00,0.00,9.898,-1.010,-1.092,-7.002088,-34.832722
50326,0,0.01,0.58,9.936,-0.996,-1.116,-7.002088,-34.832722
50376,0,0.03,0.00,9.922,-0.986,-1.116,-7.002088,-34.832722
50427,0,0.03,0.00,9.922,-0.996,-1.101,-7.002088,-34.832722
50479,0,0.04,0.52,9.936,-1.006,-1.106,-7.002088,-34.832722
50530,0,0.03,0.00,9.922,-0.991,-1.087,-7.002088,-34.832722
50581,0,0.04,0.52,9.941,-1.006,-1.097,-7.002088,-34.832722
50632,0,0.04,0.00,9.907,-0.996,-1.135,-7.002088,-34.832722
50684,0,0.04,0.00,9.936,-0.986,-1.106,-7.002088,-34.832722
50736,0,-0.01,0.00,9.917,-1.020,-1.101,-7.002088,-34.832722
50787,0,-0.02,0.00,9.946,-0.996,-1.116,-7.002088,-34.832722
50839,0,-0.01,0.00,9.922,-1.006,-1.106,-7.002088,-34.832722
50890,0,-0.02,-0.45,9.936,-0.996,-1.092,-7.002088,-34.832722
50942,0,-0.02,0.00,9.926,-1.006,-1.106,-7.002088,-34.832722
50992,0,-0.02,0.00,9.926,-0.991,-1.130,-7.002088,-34.832722
51043,0,-0.04,0.00,9.922,-0.982,-1.116,-7.002089,-34.832722
51093,0,-0.02,0.58,9.941,-0.972,-1.111,-7.002089,-34.832722
51143,0,-0.02,0.00,9.926,-1.006,-1.120,-7.002089,-34.832722
51194,0,-0.05,0.00,9.922,-1.010,-1.116,-7.002089,-34.832722
51244,0,-0.01,1.41,9.922,-0.996,-1.106,-7.002089,-34.832722
51295,0,-0.05,0.00,9.898,-0.996,-1.111,-7.002089,-34.832722
51345,0,-0.05,0.00,9.912,-1.010,-1.111,-7.002089,-34.832722
51396,0,-0.05,0.00,9.960,-0.986,-1.087,-7.002089,-34.832722
51446,0,-0.06,0.00,9.912,-1.015,-1.106,-7.002089,-34.832722
51497,0,-0.07,0.00,9.917,-0.986,-1.120,-7.002089,-34.832722
51549,0,-0.09,-0.52,9.936,-0.991,-1.140,-7.002089,-34.832722
51601,0,-0.07,0.52,9.917,-1.001,-1.092,-7.002089,-34.832722
51652,0,-0.09,-0.52,9.912,-1.001,-1.120,-7.002089,-34.832722
51704,0,-0.09,0.00,9.936,-1.015,-1.116,-7.002089,-34.832722
51755,0,-0.11,-1.01,9.917,-1.006,-1.120,-7.002089,-34.832722
51807,0,-0.11,0.00,9.926,-1.001,-1.111,-7.002089,-34.832722
51859,0,-0.10,0.00,9.936,-1.010,-1.135,-7.002089,-34.832722
51909,0,-0.10,0.00,9.922,-0.996,-1.101,-7.002089,-34.832722
51958,0,-0.10,0.00,9.902,-0.996,-1.073,-7.002089,-34.832722
52009,0,-0.09,0.56,9.965,-1.001,-1.168,-7.002089,-34.832722
52059,0,-0.10,0.00,9.946,-0.986,-1.120,-7.002089,-34.832718
52109,0,-0.10,0.52,9.917,-1.015,-1.116,-7.002089,-34.832718
52160,0,-0.10,0.00,9.941,-1.006,-1.120,-7.002089,-34.832718
52210,0,-0.10,0.00,9.926,-0.996,-1.116,-7.002089,-34.832718
52261,0,-0.10,0.00,9.941,-1.010,-1.120,-7.002089,-34.832718
52320,0,-0.10,0.00,9.917,-0.991,-1.097,-7.002089,-34.832718
52370,0,-0.10,0.00,9.912,-1.001,-1.101,-7.002089,-34.832718
52421,0,-0.11,0.00,9.936,-0.996,-1.120,-7.002089,-34.832718
52473,0,-0.11,0.00,9.946,-0.996,-1.106,-7.002089,-34.832718
52523,0,-0.10,0.48,9.946,-0.986,-1.125,-7.002089,-34.832718
52575,0,-0.09,0.56,9.941,-1.015,-1.116,-7.002089,-34.832718
52626,0,-0.07,0.00,9.931,-1.006,-1.120,-7.002089,-34.832718
52678,0,-0.06,0.48,9.931,-1.010,-1.149,-7.002089,-34.832718
52729,0,-0.06,0.00,9.936,-1.001,-1.092,-7.002089,-34.832718
52781,0,-0.05,0.52,9.931,-1.001,-1.130,-7.002089,-34.832718
52830,0,-0.08,-1.38,9.931,-1.010,-1.092,-7.002089,-34.832718
52882,0,-0.10,0.00,9.931,-1.001,-1.101,-7.002089,-34.832718
52933,0,-0.10,0.00,9.922,-0.991,-1.120,-7.002089,-34.832718
52983,0,-0.08,0.00,9.950,-1.010,-1.082,-7.002089,-34.832718
53034,0,-0.07,0.54,9.926,-1.006,-1.082,-7.002089,-34.832718
53084,0,-0.08,-0.56,9.946,-1.015,-1.116,-7.002089,-34.832718
53135,0,-0.12,0.00,9.922,-1.010,-1.120,-7.002089,-34.832718
53185,0,-0.12,0.00,9.941,-1.020,-1.101,-7.002089,-34.832718
53235,0,-0.12,0.00,9.941,-1.025,-1.144,-7.002089,-34.832718
53286,0,-0.11,0.00,9.946,-0.996,-1.140,-7.002089,-34.832718
53336,0,-0.07,0.93,9.926,-1.001,-1.116,-7.002089,-34.832718
53387,0,-0.07,0.00,9.926,-1.006,-1.101,-7.002089,-34.832718
53437,0,-0.07,0.00,9.941,-1.001,-1.106,-7.002089,-34.832718
53489,0,-0.07,0.00,9.907,-0.991,-1.120,-7.002089,-34.832718
53540,0,-0.08,-0.29,9.912,-1.001,-1.073,-7.002089,-34.832718
53592,0,-0.10,0.00,9.941,-1.006,-1.097,-7.002089,-34.832718
53643,0,2.14,39.69,9.936,-0.991,-1.154,-7.002089,-34.832718
53695,0,3.17,0.00,9.931,-1.020,-1.116,-7.002089,-34.832718
53746,0,4.99,33.35,9.946,-1.006,-1.106,-7.002089,-34.832718
53797,0,4.99,0.00,9.931,-1.001,-1.135,-7.002089,-34.832718
53848,0,6.61,29.33,9.926,-1.010,-1.120,-7.002089,-34.832718
53900,0,7.36,28.07,9.946,-1.010,-1.135,-7.002089,-34.832718
53949,0,7.58,-18.28,9.936,-1.006,-1.120,-7.002089,-34.832718
54000,0,7.09,-19.56,9.912,-1.010,-1.111,-7.002089,-34.832718
54050,0,6.63,0.00,9.922,-0.986,-1.082,-7.002091,-34.832718
54141,0,5.47,-6.41,9.912,-1.001,-1.097,-7.002091,-34.832718
54192,0,5.12,0.00,9.912,-1.010,-1.116,-7.002091,-34.832718
54242,0,4.50,-12.96,9.941,-0.996,-1.120,-7.002091,-34.832718
54292,0,4.21,-11.12,9.936,-0.996,-1.116,-7.002091,-34.832718
54343,0,3.98,0.00,9.950,-0.996,-1.120,-7.002091,-34.832718
54393,0,3.47,-10.06,9.931,-0.996,-1.130,-7.002091,-34.832718
54446,0,3.25,-8.10,9.936,-0.996,-1.101,-7.002091,-34.832718
54497,0,2.82,-7.97,9.936,-1.010,-1.120,-7.002091,-34.832718
54548,0,2.82,0.00,9.922,-1.010,-1.101,-7.002091,-34.832718
54599,0,2.51,-4.77,9.926,-0.986,-1.130,-7.002091,-34.832718
54651,0,2.33,-7.28,9.922,-0.982,-1.106,-7.002091,-34.832718
54703,0,2.07,-4.97,9.936,-0.986,-1.106,-7.002091,-34.832718
54754,0,1.92,-5.29,9.941,-1.001,-1.092,-7.002091,-34.832718
54806,0,1.81,0.00,9.926,-0.996,-1.120,-7.002091,-34.832718
54857,0,1.56,-4.95,9.917,-0.996,-1.120,-7.002091,-34.832718
54909,0,1.46,-3.54,9.922,-0.986,-1.097,-7.002091,-34.832718
54958,0,1.27,-2.82,9.931,-0.996,-1.097,-7.002091,-34.832718
55009,0,1.16,-4.37,9.965,-1.015,-1.092,-7.002091,-34.832718
55059,0,1.09,0.00,9.926,-0.996,-1.116,-7.002093,-34.832718
55110,0,0.93,-2.80,9.931,-0.986,-1.077,-7.002093,-34.832718
55160,0,0.86,-2.90,9.926,-0.991,-1.130,-7.002093,-34.832718
55210,0,0.79,0.00,9.922,-1.020,-1.092,-7.002093,-34.832718
55261,0,0.69,-0.78,9.936,-1.010,-1.106,-7.002093,-34.832718
55311,0,0.62,-2.94,9.926,-1.001,-1.120,-7.002093,-34.832718
55362,0,0.58,0.00,9.912,-0.996,-1.097,-7.002093,-34.832718
55412,0,0.53,-1.47,9.922,-0.996,-1.120,-7.002093,-34.832718
55465,0,0.50,-0.93,9.917,-1.006,-1.097,-7.002093,-34.832718
55516,0,0.45,0.00,9.936,-1.020,-1.130,-7.002093,-34.832718
55568,0,0.37,-1.35,9.946,-0.991,-1.116,-7.002093,-34.832718
55619,0,0.33,-1.34,9.931,-0.991,-1.101,-7.002093,-34.832718
55671,0,0.22,-2.72,9.946,-0.977,-1.068,-7.002093,-34.832718
55723,0,0.22,0.00,9.950,-1.006,-1.106,-7.002093,-34.832718
55774,0,0.17,0.00,9.912,-1.015,-1.106,-7.002093,-34.832718
55826,0,0.14,0.00,9.946,-1.010,-1.097,-7.002093,-34.832718
55876,0,0.15,0.50,9.922,-0.996,-1.125,-7.002093,-34.832718
55925,0,0.11,-0.26,9.936,-1.001,-1.092,-7.002093,-34.832718
55977,0,0.12,0.00,9.922,-1.006,-1.116,-7.002093,-34.832718
56028,0,0.14,1.11,9.936,-1.020,-1.082,-7.002092,-34.832718
56078,0,0.17,1.09,9.926,-0.996,-1.068,-7.002092,-34.832718
56129,0,0.14,0.00,9.931,-1.010,-1.106,-7.002092,-34.832718
56188,0,0.11,-0.48,9.926,-0.996,-1.111,-7.002092,-34.832718
56238,0,0.08,-0.52,9.922,-1.015,-1.111,-7.002092,-34.832718
56289,0,0.03,-1.95,9.941,-1.001,-1.125,-7.002092,-34.832718
56339,0,0.00,0.00,9.917,-1.010,-1.097,-7.002092,-34.832718
56389,0,-0.02,-0.48,9.946,-0.986,-1.111,-7.002092,-34.832718
56440,0,-0.07,-2.01,9.941,-1.001,-1.087,-7.002092,-34.832718
56491,0,-0.09,0.00,9.912,-1.006,-1.092,-7.002092,-34.832718
56542,0,-0.14,-1.86,9.936,-1.006,-1.116,-7.002092,-34.832718
56593,0,-0.15,-0.48,9.931,-0.991,-1.125,-7.002092,-34.832718
56645,0,-0.16,-0.52,9.936,-1.020,-1.125,-7.002092,-34.832718
56697,0,-0.16,0.00,9.931,-0.996,-1.111,-7.002092,-34.832718
56748,0,-0.18,0.00,9.922,-0.996,-1.125,-7.002092,-34.832718
56800,0,-0.18,0.00,9.907,-1.006,-1.097,-7.002092,-34.832718
56851,0,-0.18,0.00,9.969,-1.006,-1.106,-7.002092,-34.832718
56903,0,-0.18,0.00,9.950,-1.010,-1.130,-7.002092,-34.832718
56952,0,-0.13,1.83,9.922,-1.001,-1.116,-7.002092,-34.832718
57003,0,-0.14,-0.52,9.946,-0.996,-1.097,-7.002092,-34.832718
57053,0,-0.14,0.00,9.950,-1.010,-1.125,-7.002092,-34.832714
57103,0,-0.14,0.00,9.917,-1.010,-1.120,-7.002092,-34.832714
57154,0,-0.16,-0.54,9.965,-0.991,-1.097,-7.002092,-34.832714
57204,0,-0.17,0.00,9.955,-0.991,-1.125,-7.002092,-34.832714
57255,0,-0.17,0.00,9.926,-1.025,-1.135,-7.002092,-34.832714
57305,0,-0.18,-0.56,9.936,-0.982,-1.106,-7.002092,-34.832714
57355,0,-0.20,0.00,9.922,-1.006,-1.120,-7.002092,-34.832714
57406,0,-0.20,0.00,9.931,-0.996,-1.082,-7.002092,-34.832714
57456,0,-0.22,-0.88,9.926,-1.006,-1.120,-7.002092,-34.832714
57507,0,-0.22,0.00,9.912,-0.982,-1.111,-7.002092,-34.832714
57559,0,-0.16,0.52,9.917,-1.015,-1.130,-7.002092,-34.832714
57611,0,-0.16,0.00,9.936,-1.001,-1.135,-7.002092,-34.832714
57661,0,-0.16,0.00,9.926,-1.001,-1.111,-7.002092,-34.832714
57712,0,-0.19,0.00,9.917,-0.986,-1.097,-7.002092,-34.832714
57764,0,-0.19,0.00,9.917,-0.986,-1.106,-7.002092,-34.832714
57816,0,-0.19,0.00,9.917,-0.991,-1.097,-7.002092,-34.832714
57867,0,-0.21,-0.52,9.898,-0.977,-1.111,-7.002092,-34.832714
57919,0,-0.21,0.00,9.922,-0.986,-1.130,-7.002092,-34.832714
57969,0,-0.21,0.00,9.979,-1.010,-1.116,-7.002092,-34.832714
58019,0,-0.22,-0.52,9.946,-1.010,-1.130,-7.002092,-34.832714
58069,0,-0.18,1.45,9.931,-1.001,-1.125,-7.002092,-34.832714
58120,0,-0.20,0.00,9.936,-1.001,-1.116,-7.002092,-34.832714
58170,0,-0.25,0.00,9.941,-0.996,-1.097,-7.002092,-34.832714
58228,0,-0.26,-0.21,9.946,-1.010,-1.125,-7.002092,-34.832714
58278,0,-0.27,-0.52,9.922,-1.001,-1.097,-7.002092,-34.832714
58329,0,-0.29,0.00,9.922,-1.025,-1.111,-7.002092,-34.832714
58379,0,-0.27,0.00,9.936,-0.991,-1.125,-7.002092,-34.832714
58429,0,-0.26,0.50,9.926,-1.010,-1.092,-7.002092,-34.832714
58481,0,-0.31,0.00,9.926,-0.991,-1.068,-7.002092,-34.832714
58532,0,-0.29,0.82,9.926,-1.001,-1.092,-7.002092,-34.832714
58583,0,-0.29,0.00,9.917,-1.006,-1.092,-7.002092,-34.832714
58635,0,-0.27,1.34,9.922,-1.006,-1.111,-7.002092,-34.832714
58687,0,-0.26,0.48,9.936,-0.977,-1.101,-7.002092,-34.832714
58738,0,-0.25,0.00,9.926,-0.977,-1.101,-7.002092,-34.832714
58790,0,-0.25,0.00,9.926,-1.006,-1.116,-7.002092,-34.832714
58841,0,-0.23,0.00,9.926,-1.006,-1.101,-7.002092,-34.832714
58893,0,-0.23,0.00,9.917,-0.991,-1.111,-7.002092,-34.832714
58945,0,-0.23,0.00,9.955,-1.001,-1.106,-7.002092,-34.832714
58995,0,-0.22,0.00,9.941,-1.001,-1.092,-7.002092,-34.832714
59045,0,-0.22,0.00,9.917,-0.982,-1.116,-7.002093,-34.832714
59096,0,-0.26,0.00,9.922,-0.996,-1.097,-7.002093,-34.832714
59146,0,-0.22,0.00,9.965,-1.020,-1.116,-7.002093,-34.832714
59196,0,-0.22,0.00,9.931,-1.015,-1.101,-7.002093,-34.832714
59247,0,-0.22,0.00,9.946,-0.996,-1.125,-7.002093,-34.832714
59297,0,-0.22,0.00,9.912,-0.991,-1.116,-7.002093,-34.832714
59348,0,-0.23,-0.52,9.936,-1.006,-1.106,-7.002093,-34.832714
59398,0,-0.23,0.00,9.936,-1.001,-1.092,-7.002093,-34.832714
59448,0,-0.22,0.00,9.950,-0.991,-1.120,-7.002093,-34.832714
59500,0,-0.23,-0.48,9.917,-1.010,-1.101,-7.002093,-34.832714
59552,0,-0.23,0.00,9.936,-1.001,-1.087,-7.002093,-34.832714
59603,0,-0.23,0.00,9.946,-1.010,-1.125,-7.002093,-34.832714
59655,0,-0.23,0.00,9.922,-1.006,-1.135,-7.002093,-34.832714
59706,0,-0.22,0.52,9.926,-0.996,-1.125,-7.002093,-34.832714
59757,0,-0.22,0.00,9.950,-0.996,-1.087,-7.002093,-34.832714
59808,0,-0.21,0.48,9.917,-1.001,-1.082,-7.002093,-34.832714
59860,0,-0.19,0.00,9.926,-1.006,-1.125,-7.002093,-34.832714
59911,0,-0.18,0.52,9.926,-1.006,-1.097,-7.002093,-34.832714
59964,0,-0.18,0.00,9.917,-0.986,-1.111,-7.002093,-34.832714
60014,0,-0.18,0.00,9.941,-0.991,-1.101,-7.002093,-34.832714
60064,0,-0.18,0.54,9.917,-1.010,-1.120,-7.002092,-34.832714
60115,0,-0.20,-0.93,9.917,-1.001,-1.097,-7.002092,-34.832714
60165,0,-0.19,0.00,9.936,-1.001,-1.092,-7.002092,-34.832714
60216,0,-0.14,1.45,9.931,-0.996,-1.130,-7.002092,-34.832714
60275,0,-0.12,0.19,9.926,-1.010,-1.125,-7.002092,-34.832714
60325,0,-0.11,0.50,9.941,-0.986,-1.116,-7.002092,-34.832714
60376,0,-0.11,0.00,9.946,-1.020,-1.106,-7.002092,-34.832714
60426,0,-0.11,-0.56,9.955,-0.996,-1.116,-7.002092,-34.832714
60478,0,-0.11,0.00,9.931,-0.986,-1.097,-7.002092,-34.832714
60530,0,-0.13,0.00,9.931,-0.991,-1.120,-7.002092,-34.832714
60582,0,-0.13,0.00,9.936,-1.025,-1.101,-7.002092,-34.832714
60632,0,-0.15,-0.52,9.950,-1.077,-1.111,-7.002092,-34.832714
60683,0,-0.15,0.00,9.941,-1.015,-1.097,-7.002092,-34.832714
60735,0,-0.15,0.00,9.917,-0.862,-1.039,-7.002092,-34.832714
60787,0,-0.16,-0.48,9.926,-0.891,-1.058,-7.002092,-34.832714
60838,0,-0.15,0.00,9.965,-1.001,-1.097,-7.002092,-34.832714
60890,0,-0.13,0.00,9.931,-1.073,-1.144,-7.002092,-34.832714
60941,0,-0.12,0.48,9.912,-1.101,-1.154,-7.002092,-34.832714
60992,0,-0.11,0.00,9.902,-1.073,-1.144,-7.002092,-34.832714
61042,0,-0.11,0.00,9.922,-1.010,-1.087,-7.002091,-34.832714
61093,0,-0.09,0.00,9.946,-0.943,-1.058,-7.002091,-34.832714
61143,0,-0.09,0.00,9.936,-0.895,-1.073,-7.002091,-34.832714
61193,0,-0.09,0.00,9.912,-0.895,-1.082,-7.002091,-34.832714
61244,0,-0.09,0.00,9.902,-0.982,-1.140,-7.002091,-34.832714
61294,0,-0.09,0.00,9.946,-1.068,-1.101,-7.002091,-34.832714
61345,0,-0.09,0.00,9.955,-1.111,-1.092,-7.002091,-34.832714
61395,0,-0.09,0.00,9.936,-1.039,-1.125,-7.002091,-34.832714
61445,0,-0.11,-0.52,9.917,-0.943,-1.082,-7.002091,-34.832714
61497,0,-0.11,0.00,9.926,-0.900,-1.082,-7.002091,-34.832714
61548,0,-0.11,0.00,9.936,-0.967,-1.130,-7.002091,-34.832714
61600,0,-0.13,-0.48,9.931,-1.030,-1.101,-7.002091,-34.832714
61649,0,-0.13,0.00,9.917,-1.058,-1.101,-7.002091,-34.832714
61701,0,-0.16,-0.48,9.898,-1.049,-1.125,-7.002091,-34.832714
61751,0,-0.16,0.00,9.941,-0.991,-1.116,-7.002091,-34.832714
61803,0,-0.15,0.00,9.960,-0.967,-1.077,-7.002091,-34.832714
61854,0,-0.15,0.00,9.936,-0.958,-1.106,-7.002091,-34.832714
61906,0,-0.16,0.00,9.926,-0.977,-1.101,-7.002091,-34.832714
61958,0,-0.16,0.00,9.926,-1.025,-1.125,-7.002091,-34.832714
62008,0,-0.14,0.00,9.950,-1.053,-1.097,-7.002091,-34.832714
62058,0,-0.12,0.54,9.926,-1.030,-1.135,-7.002090,-34.832718
62109,0,-0.12,0.00,9.907,-0.996,-1.173,-7.002090,-34.832718
62159,0,-0.12,0.00,9.941,-0.953,-1.092,-7.002090,-34.832718
62210,0,-0.11,0.52,9.965,-0.962,-1.073,-7.002090,-34.832718
62260,0,-0.11,0.00,9.955,-1.006,-1.092,-7.002090,-34.832718
62319,0,-0.11,0.00,9.955,-1.015,-1.140,-7.002090,-34.832718
62370,0,-0.10,0.00,9.907,-1.044,-1.149,-7.002090,-34.832718
62420,0,-0.05,2.01,9.917,-1.010,-1.116,-7.002090,-34.832718
62472,0,-0.05,0.00,9.926,-0.982,-1.120,-7.002090,-34.832718
62524,0,-0.05,0.00,9.917,-0.982,-1.073,-7.002090,-34.832718
62576,0,-0.03,1.90,9.931,-0.972,-1.111,-7.002090,-34.832718
62626,0,-0.07,-1.34,9.922,-1.010,-1.130,-7.002090,-34.832718
62677,0,-0.03,1.34,9.950,-1.020,-1.111,-7.002090,-34.832718
62729,0,-0.03,0.00,9.936,-1.025,-1.130,-7.002090,-34.832718
62778,0,-0.03,0.00,9.926,-1.030,-1.125,-7.002090,-34.832718
62830,0,-0.03,0.00,9.946,-0.986,-1.106,-7.002090,-34.832718
62881,0,-0.02,0.48,9.936,-0.967,-1.101,-7.002090,-34.832718
62933,0,-0.02,0.00,9.936,-0.977,-1.106,-7.002090,-34.832718
62983,0,-0.02,0.00,9.931,-0.991,-1.106,-7.002090,-34.832718
63033,0,-0.03,-0.48,9.907,-1.015,-1.101,-7.002090,-34.832714
63084,0,-0.03,0.00,9.946,-1.025,-1.106,-7.002090,-34.832714
63134,0,-0.03,0.00,9.917,-1.025,-1.097,-7.002090,-34.832714
63184,0,-0.05,0.00,9.936,-0.991,-1.097,-7.002090,-34.832714
63235,0,-0.05,0.00,9.931,-0.962,-1.116,-7.002090,-34.832714
63285,0,-0.05,0.00,9.931,-0.996,-1.111,-7.002090,-34.832714
63336,0,-0.05,0.00,9.917,-1.010,-1.082,-7.002090,-34.832714
63386,0,-0.06,-0.52,9.950,-1.025,-1.097,-7.002090,-34.832714
63436,0,-0.05,0.00,9.931,-1.020,-1.106,-7.002090,-34.832714
63488,0,-0.01,0.00,9.926,-1.010,-1.087,-7.002090,-34.832714
63540,0,-0.01,0.00,9.950,-0.991,-1.149,-7.002090,-34.832714
63591,0,-0.01,0.00,9.950,-0.967,-1.106,-7.002090,-34.832714
63643,0,-0.01,0.00,9.926,-0.972,-1.101,-7.002090,-34.832714
63695,0,-0.06,0.00,9.926,-1.010,-1.125,-7.002090,-34.832714
63745,0,-0.06,0.00,9.936,-1.015,-1.068,-7.002090,-34.832714
63797,0,-0.05,0.00,9.936,-1.010,-1.111,-7.002090,-34.832714
63848,0,-0.05,0.00,9.946,-1.015,-1.120,-7.002090,-34.832714
63900,0,-0.05,0.00,9.907,-0.996,-1.101,-7.002090,-34.832714
63951,0,-0.05,0.00,9.898,-0.977,-1.101,-7.002090,-34.832714
64002,0,-0.05,0.00,9.926,-1.010,-1.097,-7.002090,-34.832714
64052,0,-0.06,-1.45,9.926,-1.015,-1.120,-7.002089,-34.832714
64146,0,-0.07,-0.24,9.922,-1.010,-1.116,-7.002089,-34.832714
64196,0,-0.04,1.41,9.941,-1.006,-1.106,-7.002089,-34.832714
64247,0,-0.04,0.00,9.926,-0.991,-1.092,-7.002089,-34.832714
64297,0,-0.07,0.00,9.931,-0.986,-1.116,-7.002089,-34.832714
64348,0,-0.07,0.00,9.922,-0.986,-1.087,-7.002089,-34.832714
64398,0,-0.07,0.00,9.926,-0.986,-1.111,-7.002089,-34.832714
64448,0,-0.06,0.56,9.926,-1.010,-1.092,-7.002089,-34.832714
64500,0,-0.07,-0.56,9.946,-1.015,-1.106,-7.002089,-34.832714
64552,0,-0.07,0.00,9.902,-1.025,-1.116,-7.002089,-34.832714
64602,0,-0.05,1.01,9.931,-1.001,-1.120,-7.002089,-34.832714
64653,0,-0.03,0.00,9.936,-0.986,-1.120,-7.002089,-34.832714
64705,0,-0.06,0.48,9.926,-0.986,-1.111,-7.002089,-34.832714
64757,0,-0.06,0.00,9.941,-0.986,-1.101,-7.002089,-34.832714
64808,0,-0.07,-0.48,9.902,-1.010,-1.116,-7.002089,-34.832714
64860,0,-0.07,0.00,9.922,-1.001,-1.120,-7.002089,-34.832714
64912,0,-0.07,0.00,9.931,-1.001,-1.125,-7.002089,-34.832714
64964,0,-0.08,-0.56,9.926,-1.015,-1.097,-7.002089,-34.832714
65014,0,-0.08,0.00,9.922,-0.991,-1.101,-7.002089,-34.832714
65064,0,-0.08,0.00,9.922,-0.991,-1.130,-7.002088,-34.832714
65115,0,-0.08,0.00,9.922,-1.001,-1.116,-7.002088,-34.832714
65165,0,-0.07,0.00,9.936,-1.006,-1.092,-7.002088,-34.832714
65216,0,-0.12,-0.56,9.931,-1.006,-1.106,-7.002088,-34.832714
65266,0,-0.11,0.56,9.931,-1.001,-1.087,-7.002088,-34.832714
65316,0,-0.11,0.00,9.926,-0.996,-1.120,-7.002088,-34.832714
65367,0,-0.09,-0.97,9.922,-0.991,-1.120,-7.002088,-34.832714
65417,0,-0.09,0.00,9.912,-0.986,-1.111,-7.002088,-34.832714
65470,0,-0.11,0.00,9.941,-1.001,-1.073,-7.002088,-34.832714
65521,0,-0.11,0.00,9.926,-1.006,-1.068,-7.002088,-34.832714
65573,0,-0.11,0.00,9.917,-1.015,-1.111,-7.002088,-34.832714
65624,0,-0.11,0.00,9.926,-1.010,-1.116,-7.002088,-34.832714
65676,0,-0.11,0.00,9.917,-0.977,-1.092,-7.002088,-34.832714
65728,0,-0.11,0.00,9.917,-0.991,-1.077,-7.002088,-34.832714
65779,0,-0.11,0.00,9.931,-1.001,-1.116,-7.002088,-34.832714
65831,0,-0.11,0.00,9.941,-1.001,-1.082,-7.002088,-34.832714
65882,0,-0.17,-1.97,9.926,-1.001,-1.097,-7.002088,-34.832714
65933,0,-0.17,0.00,9.931,-1.001,-1.111,-7.002088,-34.832714
65983,0,-0.17,0.00,9.917,-0.996,-1.116,-7.002088,-34.832714
66033,0,-0.17,0.00,9.917,-0.982,-1.092,-7.002089,-34.832714
66083,0,-0.17,0.00,9.917,-0.986,-1.120,-7.002089,-34.832714
66134,0,-0.14,1.09,9.941,-1.006,-1.130,-7.002089,-34.832714
66192,0,-0.11,0.34,9.917,-1.006,-1.140,-7.002089,-34.832714
66243,0,-0.11,0.00,9.941,-1.020,-1.135,-7.002089,-34.832714
66293,0,-0.11,0.00,9.926,-1.006,-1.106,-7.002089,-34.832714
66344,0,-0.11,0.00,9.965,-1.001,-1.101,-7.002089,-34.832714
66394,0,-0.11,0.00,9.926,-0.996,-1.120,-7.002089,-34.832714
66444,0,-0.13,0.00,9.926,-0.986,-1.111,-7.002089,-34.832714
66495,0,-0.13,0.00,9.922,-1.006,-1.097,-7.002089,-34.832714
66546,0,-0.13,0.00,9.912,-1.010,-1.120,-7.002089,-34.832714
66598,0,-0.11,0.52,9.926,-0.996,-1.087,-7.002089,-34.832714
66650,0,-0.11,0.00,9.926,-1.001,-1.111,-7.002089,-34.832714
66701,0,-0.15,0.00,9.922,-1.010,-1.106,-7.002089,-34.832714
66753,0,-0.13,0.00,9.926,-0.996,-1.087,-7.002089,-34.832714
66804,0,-0.11,-0.74,9.936,-0.996,-1.111,-7.002089,-34.832714
66856,0,-0.12,-0.48,9.941,-0.986,-1.101,-7.002089,-34.832714
66908,0,-0.11,0.48,9.907,-0.996,-1.111,-7.002089,-34.832714
66959,0,-0.11,0.00,9.917,-1.015,-1.111,-7.002089,-34.832714
67010,0,-0.11,0.00,9.926,-1.010,-1.106,-7.002089,-34.832714
67060,0,-0.08,0.50,9.926,-0.982,-1.116,-7.002089,-34.832714
67111,0,-0.05,1.37,9.936,-0.986,-1.092,-7.002089,-34.832714
67161,0,-0.05,0.00,9.931,-1.001,-1.106,-7.002089,-34.832714
67212,0,-0.03,0.56,9.931,-1.006,-1.092,-7.002089,-34.832714
67262,0,-0.03,0.00,9.917,-1.025,-1.111,-7.002089,-34.832714
67312,0,-0.03,0.00,9.936,-0.996,-1.097,-7.002089,-34.832714
67363,0,-0.05,-0.56,9.926,-1.006,-1.130,-7.002089,-34.832714
67413,0,-0.05,0.00,9.931,-0.996,-1.111,-7.002089,-34.832714
67463,0,-0.05,0.00,9.912,-0.982,-1.092,-7.002089,-34.832714
67515,0,-0.06,0.00,9.922,-1.006,-1.116,-7.002089,-34.832714
67566,0,-0.02,1.34,9.936,-1.015,-1.097,-7.002089,-34.832714
67618,0,-0.05,0.00,9.936,-1.015,-1.120,-7.002089,-34.832714
67669,0,-0.05,0.00,9.926,-0.996,-1.077,-7.002089,-34.832714
67720,0,-0.05,0.00,9.946,-1.006,-1.125,-7.002089,-34.832714
67771,0,-0.06,-0.52,9.941,-0.996,-1.125,-7.002089,-34.832714
67823,0,-0.09,0.00,9.946,-0.982,-1.092,-7.002089,-34.832714
67875,0,-0.14,0.00,9.941,-0.991,-1.087,-7.002089,-34.832714
67926,0,-0.14,0.00,9.941,-1.015,-1.106,-7.002089,-34.832714
67979,0,-0.13,0.52,9.917,-1.001,-1.092,-7.002089,-34.832714
68029,0,-0.13,0.00,9.931,-1.001,-1.097,-7.002089,-34.832710
68079,0,-0.18,0.00,9.926,-1.001,-1.101,-7.002089,-34.832710
68130,0,-0.16,0.80,9.926,-0.972,-1.082,-7.002089,-34.832710
68180,0,-0.20,-1.89,9.917,-0.977,-1.116,-7.002089,-34.832710
68239,0,-0.22,-0.17,9.936,-0.996,-1.068,-7.002089,-34.832710
68289,0,-0.25,0.00,9.941,-1.006,-1.111,-7.002089,-34.832710
68340,0,-0.24,0.00,9.941,-1.020,-1.106,-7.002089,-34.832710
68390,0,-0.24,0.00,9.931,-1.001,-1.140,-7.002089,-34.832710
68441,0,-0.24,0.00,9.917,-0.991,-1.097,-7.002089,-34.832710
68491,0,-0.24,0.00,9.946,-1.001,-1.111,-7.002089,-34.832710
68543,0,-0.23,0.00,9.917,-0.977,-1.087,-7.002089,-34.832710
68594,0,-0.21,0.00,9.931,-0.996,-1.101,-7.002089,-34.832710
68646,0,-0.25,0.00,9.950,-1.025,-1.073,-7.002089,-34.832710
68697,0,-0.23,0.56,9.926,-1.006,-1.120,-7.002089,-34.832710
68749,0,-0.23,0.00,9.931,-0.996,-1.111,-7.002089,-34.832710
68798,0,-0.25,-0.52,9.931,-0.991,-1.116,-7.002089,-34.832710
68850,0,-0.23,0.52,9.926,-0.977,-1.106,-7.002089,-34.832710
68901,0,-0.23,0.00,9.941,-0.996,-1.106,-7.002089,-34.832710
68953,0,-0.25,-1.38,9.936,-1.020,-1.106,-7.002089,-34.832710
69003,0,-0.25,0.00,9.936,-1.001,-1.101,-7.002089,-34.832710
69054,0,-0.26,-0.50,9.922,-1.020,-1.120,-7.002089,-34.832710
69104,0,-0.26,0.00,9.931,-0.996,-1.082,-7.002089,-34.832710
69155,0,-0.26,0.00,9.941,-0.986,-1.097,-7.002089,-34.832710
69205,0,-0.25,0.00,9.922,-0.982,-1.092,-7.002089,-34.832710
69255,0,-0.25,0.00,9.931,-1.006,-1.106,-7.002089,-34.832710
69306,0,-0.23,0.00,9.926,-1.006,-1.116,-7.002089,-34.832710
69356,0,-0.27,-0.88,9.931,-1.015,-1.106,-7.002089,-34.832710
69407,0,-0.23,1.45,9.936,-0.996,-1.120,-7.002089,-34.832710
69457,0,-0.23,0.00,9.941,-0.977,-1.101,-7.002089,-34.832710
69508,0,-0.26,0.86,9.946,-0.986,-1.092,-7.002089,-34.832710
69560,0,-0.26,0.00,9.912,-0.996,-1.116,-7.002089,-34.832710
69612,0,-0.26,0.00,9.950,-1.006,-1.106,-7.002089,-34.832710
69662,0,-0.26,0.00,9.926,-1.001,-1.116,-7.002089,-34.832710
69714,0,-0.31,0.00,9.922,-1.006,-1.106,-7.002089,-34.832710
69765,0,-0.28,1.30,9.931,-1.010,-1.106,-7.002089,-34.832710
69817,0,-0.28,0.00,9.902,-1.001,-1.116,-7.002089,-34.832710
69868,0,-0.30,-0.52,9.941,-0.986,-1.116,-7.002089,-34.832710
69920,0,-0.34,0.00,9.931,-1.006,-1.092,-7.002089,-34.832710
69970,0,-0.35,0.00,9.926,-0.991,-1.101,-7.002089,-34.832710
70020,0,-0.35,0.00,9.926,-1.001,-1.116,-7.002089,-34.832710
70070,0,-0.37,0.00,9.922,-1.001,-1.106,-7.002089,-34.832710
70121,0,-0.34,0.52,9.917,-1.025,-1.097,-7.002089,-34.832710
70171,0,-0.31,1.08,9.936,-1.001,-1.120,-7.002089,-34.832710
70222,0,-0.30,0.00,9.931,-0.996,-1.111,-7.002089,-34.832710
70297,0,-0.31,-0.11,9.917,-1.006,-1.087,-7.002089,-34.832710
70347,0,-0.27,1.45,9.926,-1.001,-1.087,-7.002089,-34.832710
70397,0,-0.28,0.00,9.936,-1.006,-1.082,-7.002089,-34.832710
70448,0,-0.30,-0.52,9.926,-1.006,-1.092,-7.002089,-34.832710
70499,0,-0.28,0.52,9.931,-0.996,-1.116,-7.002089,-34.832710
70550,0,-0.28,0.00,9.936,-0.996,-1.111,-7.002089,-34.832710
70601,0,-0.27,0.52,9.955,-0.996,-1.092,-7.002089,-34.832710
70653,0,-0.26,0.48,9.917,-1.010,-1.120,-7.002089,-34.832710
70704,0,-0.26,0.00,9.922,-1.015,-1.106,-7.002089,-34.832710
70756,0,-0.27,0.00,9.931,-0.996,-1.101,-7.002089,-34.832710
70808,0,-0.26,0.48,9.941,-1.015,-1.116,-7.002089,-34.832710
70859,0,-0.26,0.00,9.936,-1.001,-1.101,-7.002089,-34.832710
70911,0,-0.26,0.48,9.922,-0.991,-1.106,-7.002089,-34.832710
70960,0,-0.26,0.00,9.936,-0.996,-1.111,-7.002089,-34.832710
71011,0,-0.24,0.00,9.926,-1.006,-1.116,-7.002089,-34.832710
71061,0,-0.23,1.45,9.936,-1.001,-1.087,-7.002089,-34.832710
71111,0,-0.23,0.00,9.922,-0.991,-1.111,-7.002089,-34.832710
71162,0,-0.22,0.00,9.936,-0.996,-1.116,-7.002089,-34.832710
71212,0,-0.20,0.52,9.922,-0.996,-1.101,-7.002089,-34.832710
71263,0,-0.19,0.56,9.931,-1.006,-1.125,-7.002089,-34.832710
71313,0,-0.19,0.00,9.936,-0.996,-1.125,-7.002089,-34.832710
71363,0,-0.17,0.00,9.926,-1.010,-1.111,-7.002089,-34.832710
71414,0,-0.17,0.00,9.917,-0.991,-1.077,-7.002089,-34.832710
71464,0,-0.19,0.00,9.922,-1.001,-1.116,-7.002089,-34.832710
71515,0,-0.19,0.00,9.946,-1.001,-1.087,-7.002089,-34.832710
71567,0,-0.20,0.00,9.917,-0.991,-1.116,-7.002089,-34.832710
71618,0,-0.23,-0.52,9.941,-0.996,-1.087,-7.002089,-34.832710
71669,0,-0.23,0.00,9.917,-0.986,-1.101,-7.002089,-34.832710
71720,0,-0.26,-0.48,9.922,-1.001,-1.092,-7.002089,-34.832710
71772,0,-0.27,0.00,9.931,-1.006,-1.154,-7.002089,-34.832710
71824,0,-0.23,1.34,9.922,-1.001,-1.120,-7.002089,-34.832710
71875,0,-0.25,-0.52,9.941,-1.006,-1.106,-7.002089,-34.832710
71927,0,-0.25,0.48,9.941,-1.010,-1.101,-7.002089,-34.832710
71977,0,-0.21,1.38,9.926,-1.015,-1.077,-7.002089,-34.832710
72027,0,-0.25,0.00,9.941,-1.001,-1.106,-7.002089,-34.832706
72077,0,-0.23,0.00,9.946,-0.982,-1.111,-7.002089,-34.832706
72128,0,-0.24,-0.56,9.922,-1.001,-1.111,-7.002089,-34.832706
72178,0,-0.20,0.00,9.941,-0.991,-1.120,-7.002089,-34.832706
72229,0,-0.25,0.00,9.907,-1.006,-1.116,-7.002089,-34.832706
72279,0,-0.25,0.00,9.931,-0.991,-1.125,-7.002089,-34.832706
72338,0,-0.25,0.00,9.931,-0.996,-1.106,-7.002089,-34.832706
72388,0,-0.25,0.00,9.926,-0.986,-1.101,-7.002089,-34.832706
72439,0,-0.25,0.00,9.922,-0.996,-1.125,-7.002089,-34.832706
72490,0,-0.28,-0.48,9.912,-0.991,-1.116,-7.002089,-34.832706
72541,0,-0.29,-0.52,9.931,-0.991,-1.120,-7.002089,-34.832706
72592,0,-0.29,0.00,9.912,-1.015,-1.116,-7.002089,-34.832706
72644,0,-0.29,0.00,9.926,-1.001,-1.116,-7.002089,-34.832706
72696,0,-0.31,-0.48,9.917,-1.010,-1.097,-7.002089,-34.832706
72747,0,-0.31,0.00,9.926,-1.010,-1.125,-7.002089,-34.832706
72799,0,-0.31,-0.48,9.926,-1.006,-1.101,-7.002089,-34.832706
72850,0,-0.31,0.00,9.922,-1.015,-1.111,-7.002089,-34.832706
72902,0,-0.31,0.00,9.936,-1.006,-1.135,-7.002089,-34.832706
72951,0,-0.34,-1.86,9.931,-1.001,-1.144,-7.002089,-34.832706
73001,0,-0.34,0.00,9.922,-0.982,-1.111,-7.002089,-34.832706
73052,0,-0.36,-0.54,9.941,-0.991,-1.082,-7.002089,-34.832706
73102,0,-0.34,0.56,9.950,-1.001,-1.097,-7.002089,-34.832706
73153,0,-0.31,0.00,9.941,-0.991,-1.097,-7.002089,-34.832706
73203,0,-0.29,0.52,9.936,-0.986,-1.092,-7.002089,-34.832706
73254,0,-0.29,0.00,9.922,-1.015,-1.116,-7.002089,-34.832706
73304,0,-0.29,0.00,9.931,-1.006,-1.106,-7.002089,-34.832706
73354,0,-0.28,0.56,9.936,-1.010,-1.106,-7.002089,-34.832706
73405,0,-0.29,-0.54,9.931,-1.001,-1.120,-7.002089,-34.832706
73455,0,-0.28,0.00,9.926,-1.010,-1.092,-7.002089,-34.832706
73506,0,-0.28,0.00,9.936,-0.972,-1.106,-7.002089,-34.832706
73558,0,-0.28,0.00,9.941,-1.015,-1.140,-7.002089,-34.832706
73610,0,-0.27,0.00,9.907,-0.977,-1.106,-7.002089,-34.832706
73660,0,-0.27,0.00,9.941,-0.943,-1.087,-7.002089,-34.832706
73712,0,-0.27,0.00,9.917,-0.986,-1.106,-7.002089,-34.832706
73763,0,-0.28,-0.45,9.941,-1.030,-1.140,-7.002089,-34.832706
73815,0,-0.28,0.00,9.922,-1.015,-1.111,-7.002089,-34.832706
73866,0,-0.29,-0.52,9.950,-1.010,-1.097,-7.002089,-34.832706
73918,0,-0.29,0.00,9.941,-0.986,-1.092,-7.002089,-34.832706
73968,0,-0.32,-0.52,9.936,-0.996,-1.111,-7.002089,-34.832706
74018,0,-0.32,0.00,9.936,-0.991,-1.106,-7.002089,-34.832706
74068,0,-0.32,0.00,9.926,-0.986,-1.092,-7.002089,-34.832706
74148,0,-0.29,0.20,9.926,-1.020,-1.087,-7.002089,-34.832706
74198,0,-0.33,-1.49,9.950,-1.025,-1.135,-7.002089,-34.832706
74249,0,-0.28,0.00,9.922,-1.015,-1.101,-7.002089,-34.832706
74299,0,-0.32,-1.45,9.907,-0.982,-1.092,-7.002089,-34.832706
74349,0,-0.32,0.00,9.936,-0.982,-1.101,-7.002089,-34.832706
74400,0,-0.32,0.00,9.946,-0.972,-1.116,-7.002089,-34.832706
74450,0,-0.32,-1.45,9.917,-1.015,-1.125,-7.002089,-34.832706
74502,0,-0.28,1.34,9.926,-1.044,-1.125,-7.002089,-34.832706
74552,0,-0.28,0.00,9.936,-1.025,-1.135,-7.002089,-34.832706
74603,0,-0.29,0.00,9.955,-1.001,-1.116,-7.002089,-34.832706
74655,0,-0.29,-0.52,9.912,-1.010,-1.111,-7.002089,-34.832706
74707,0,-0.29,0.00,9.936,-0.986,-1.101,-7.002089,-34.832706
74758,0,-0.29,0.00,9.926,-0.986,-1.120,-7.002089,-34.832706
74810,0,-0.31,-0.52,9.917,-1.001,-1.077,-7.002089,-34.832706
74862,0,-0.32,0.00,9.931,-1.010,-1.106,-7.002089,-34.832706
74913,0,-0.35,-0.52,9.917,-1.025,-1.087,-7.002089,-34.832706
74965,0,-0.35,0.00,9.926,-1.020,-1.154,-7.002089,-34.832706
75016,0,-0.36,-0.52,9.907,-0.986,-1.125,-7.002089,-34.832706
75066,0,-0.36,0.00,9.946,-0.982,-1.116,-7.002090,-34.832706
75116,0,-0.33,1.45,9.941,-0.972,-1.120,-7.002090,-34.832706
75167,0,-0.33,0.00,9.931,-0.982,-1.106,-7.002090,-34.832706
75217,0,-0.35,-1.09,9.926,-1.030,-1.130,-7.002090,-34.832706
75268,0,-0.35,0.00,9.917,-1.025,-1.111,-7.002090,-34.832706
75318,0,-0.35,0.00,9.950,-1.025,-1.111,-7.002090,-34.832706
75368,0,-0.35,0.00,9.936,-0.982,-1.073,-7.002090,-34.832706
75419,0,-0.37,0.00,9.912,-1.001,-1.116,-7.002090,-34.832706
75469,0,-0.37,0.00,9.926,-1.006,-1.130,-7.002090,-34.832706
75520,0,-0.35,0.80,9.941,-1.001,-1.116,-7.002090,-34.832706
75572,0,-0.36,0.00,9.922,-1.001,-1.092,-7.002090,-34.832706
75623,0,-0.37,-0.52,9.926,-1.025,-1.125,-7.002090,-34.832706
75675,0,-0.36,0.00,9.946,-1.010,-1.097,-7.002090,-34.832706
75727,0,-0.37,-0.52,9.922,-0.986,-1.116,-7.002090,-34.832706
75797,0,-0.35,0.62,9.955,-0.977,-1.130,-7.002090,-34.832706
75848,0,-0.35,0.00,9.950,-0.996,-1.111,-7.002090,-34.832706
75899,0,0.48,30.24,9.931,-1.001,-1.120,-7.002090,-34.832706
75951,0,1.27,29.35,9.931,-1.010,-1.101,-7.002090,-34.832706
76001,0,2.02,0.00,9.946,-1.010,-1.120,-7.002090,-34.832706
76052,0,3.42,27.40,9.931,-0.982,-1.087,-7.002089,-34.832703
76102,0,4.02,23.06,9.926,-1.020,-1.106,-7.002089,-34.832703
76152,0,4.64,0.00,9.907,-0.977,-1.106,-7.002089,-34.832703
76211,0,4.82,2.36,9.936,-0.958,-1.101,-7.002089,-34.832703
76262,0,4.20,-11.57,9.941,-0.986,-1.097,-7.002089,-34.832703
76312,0,3.88,-12.96,9.936,-1.025,-1.097,-7.002089,-34.832703
76362,0,3.61,0.00,9.917,-1.039,-1.130,-7.002089,-34.832703
76413,0,3.14,-8.63,9.922,-0.996,-1.120,-7.002089,-34.832703
76463,0,2.89,-10.06,9.941,-1.020,-1.101,-7.002089,-34.832703
76514,0,2.70,0.00,9.931,-1.010,-1.120,-7.002089,-34.832703
76565,0,2.48,-7.99,9.917,-0.986,-1.092,-7.002089,-34.832703
76616,0,2.12,-6.24,9.912,-0.962,-1.125,-7.002089,-34.832703
76668,0,1.99,-4.75,9.902,-0.977,-1.116,-7.002089,-34.832703
76720,0,1.86,0.00,9.955,-0.962,-1.082,-7.002089,-34.832703
76771,0,1.57,-5.38,9.946,-1.020,-1.111,-7.002089,-34.832703
76823,0,1.43,0.00,9.912,-1.025,-1.130,-7.002089,-34.832703
76874,0,1.26,-2.92,9.912,-1.020,-1.092,-7.002089,-34.832703
76926,0,1.15,-4.04,9.965,-1.010,-1.120,-7.002089,-34.832703
76976,0,0.97,-2.33,9.955,-1.001,-1.125,-7.002089,-34.832703
77026,0,0.86,-4.39,9.931,-0.991,-1.116,-7.002090,-34.832703
77077,0,0.79,0.00,9.922,-0.977,-1.097,-7.002090,-34.832703
77127,0,0.66,-2.90,9.926,-0.991,-1.097,-7.002090,-34.832703
77177,0,0.60,-2.30,9.941,-0.986,-1.111,-7.002090,-34.832703
77228,0,0.53,0.00,9.950,-1.010,-1.144,-7.002090,-34.832703
77278,0,0.43,-2.94,9.936,-1.010,-1.116,-7.002090,-34.832703
77329,0,0.41,-0.86,9.922,-0.991,-1.097,-7.002090,-34.832703
77379,0,0.39,0.00,9.931,-0.996,-1.111,-7.002090,-34.832703
77429,0,0.32,-1.39,9.946,-0.986,-1.097,-7.002090,-34.832703
77481,0,0.28,-1.34,9.941,-0.962,-1.082,-7.002090,-34.832703
77533,0,0.26,0.00,9.917,-1.010,-1.135,-7.002090,-34.832703
77585,0,0.19,-1.34,9.941,-1.020,-1.082,-7.002090,-34.832703
77636,0,0.14,-1.84,9.926,-1.010,-1.092,-7.002090,-34.832703
77688,0,0.11,0.00,9.926,-0.991,-1.116,-7.002090,-34.832703
77739,0,0.08,-1.47,9.941,-0.967,-1.097,-7.002090,-34.832703
77790,0,0.08,0.00,9.926,-1.010,-1.106,-7.002090,-34.832703
77841,0,0.04,-1.32,9.941,-1.010,-1.116,-7.002090,-34.832703
77893,0,-0.01,0.00,9.926,-0.996,-1.101,-7.002090,-34.832703
77945,0,-0.04,-1.19,9.922,-1.006,-1.106,-7.002090,-34.832703
77995,0,-0.03,0.00,9.912,-1.015,-1.116,-7.002090,-34.832703
78045,0,-0.03,0.00,9.917,-1.010,-1.116,-7.002090,-34.832703
78096,0,-0.06,-1.41,9.941,-1.006,-1.116,-7.002090,-34.832703
78146,0,-0.08,0.00,9.926,-1.001,-1.092,-7.002090,-34.832703
78197,0,-0.10,-0.93,9.922,-1.001,-1.077,-7.002090,-34.832703
78255,0,-0.10,0.00,9.926,-0.996,-1.125,-7.002090,-34.832703
78306,0,-0.10,0.00,9.936,-1.015,-1.106,-7.002090,-34.832703
78356,0,-0.14,0.00,9.931,-0.982,-1.106,-7.002090,-34.832703
78406,0,-0.12,0.00,9.931,-1.006,-1.135,-7.002090,-34.832703
78456,0,-0.14,-0.56,9.950,-0.991,-1.097,-7.002090,-34.832703
78507,0,-0.14,0.00,9.926,-1.001,-1.087,-7.002090,-34.832703
78558,0,-0.14,0.00,9.941,-0.986,-1.125,-7.002090,-34.832703
78610,0,-0.17,-1.34,9.931,-0.986,-1.106,-7.002090,-34.832703
78661,0,-0.19,-0.52,9.922,-0.977,-1.101,-7.002090,-34.832703
78713,0,-0.19,0.00,9.931,-0.996,-1.116,-7.002090,-34.832703
78765,0,-0.20,0.00,9.926,-1.006,-1.092,-7.002090,-34.832703
78816,0,-0.19,0.00,9.912,-1.020,-1.116,-7.002090,-34.832703
78868,0,-0.20,-0.52,9.926,-1.001,-1.101,-7.002090,-34.832703
78919,0,-0.20,0.00,9.926,-0.977,-1.116,-7.002090,-34.832703
78969,0,-0.19,0.00,9.950,-1.001,-1.111,-7.002090,-34.832703
79020,0,-0.20,0.00,9.946,-1.001,-1.097,-7.002091,-34.832699
79070,0,-0.20,0.00,9.941,-1.010,-1.097,-7.002091,-34.832699
79120,0,-0.22,0.00,9.926,-0.972,-1.120,-7.002091,-34.832699
79171,0,-0.22,0.00,9.931,-0.996,-1.125,-7.002091,-34.832699
79221,0,-0.20,0.56,9.936,-0.991,-1.106,-7.002091,-34.832699
79272,0,-0.19,0.00,9.931,-1.006,-1.116,-7.002091,-34.832699
79322,0,-0.17,0.52,9.931,-1.020,-1.111,-7.002091,-34.832699
79372,0,-0.17,0.00,9.926,-1.001,-1.125,-7.002091,-34.832699
79423,0,-0.17,0.00,9.912,-1.001,-1.097,-7.002091,-34.832699
79472,0,-0.22,0.00,9.965,-0.991,-1.106,-7.002091,-34.832699
79524,0,-0.22,0.00,9.926,-0.991,-1.097,-7.002091,-34.832699
79575,0,-0.19,0.00,9.946,-1.001,-1.116,-7.002091,-34.832699
79626,0,-0.19,0.00,9.917,-0.986,-1.101,-7.002091,-34.832699
79677,0,-0.17,0.00,9.931,-1.010,-1.092,-7.002091,-34.832699
79729,0,-0.17,0.00,9.926,-1.015,-1.125,-7.002091,-34.832699
79781,0,-0.16,0.52,9.941,-0.996,-1.120,-7.002091,-34.832699
79832,0,-0.16,0.00,9.926,-0.991,-1.116,-7.002091,-34.832699
79884,0,-0.15,0.00,9.922,-0.991,-1.092,-7.002091,-34.832699
79935,0,-0.15,0.00,9.955,-1.001,-1.116,-7.002091,-34.832699
79985,0,-0.13,0.00,9.941,-1.020,-1.120,-7.002091,-34.832699
80036,0,-0.15,0.00,9.931,-1.015,-1.106,-7.002090,-34.832695
80086,0,-0.13,0.56,9.922,-1.006,-1.092,-7.002090,-34.832695
80137,0,-0.13,0.00,9.922,-1.006,-1.097,-7.002090,-34.832695
80187,0,-0.13,0.00,9.922,-1.001,-1.082,-7.002090,-34.832695
80238,0,-0.13,0.00,9.946,-1.001,-1.111,-7.002090,-34.832695
80333,0,-0.12,0.12,9.926,-0.996,-1.106,-7.002090,-34.832695
80383,0,-0.13,-0.52,9.936,-1.010,-1.101,-7.002090,-34.832695
80434,0,-0.13,0.00,9.941,-1.010,-1.106,-7.002090,-34.832695
80485,0,-0.13,0.00,9.926,-1.006,-1.111,-7.002090,-34.832695
80536,0,-0.13,0.00,9.912,-0.977,-1.101,-7.002090,-34.832695
80587,0,-0.12,0.48,9.922,-0.972,-1.120,-7.002090,-34.832695
80639,0,-0.12,0.00,9.946,-0.991,-1.097,-7.002090,-34.832695
80691,0,-0.08,0.48,9.917,-0.991,-1.140,-7.002090,-34.832695
80742,0,-0.12,-1.34,9.941,-1.001,-1.116,-7.002090,-34.832695
80794,0,-0.13,-1.83,9.926,-1.006,-1.111,-7.002090,-34.832695
80845,0,-0.13,0.00,9.926,-0.991,-1.135,-7.002090,-34.832695
80897,0,-0.10,0.00,9.917,-0.996,-1.101,-7.002090,-34.832695
80949,0,-0.08,0.00,9.926,-1.001,-1.097,-7.002090,-34.832695
80999,0,-0.11,0.00,9.931,-1.001,-1.101,-7.002090,-34.832695
81049,0,-0.12,-0.50,9.950,-1.025,-1.111,-7.002092,-34.832695
81100,0,-0.12,0.00,9.902,-0.996,-1.106,-7.002092,-34.832695
81150,0,-0.14,0.00,9.931,-0.996,-1.087,-7.002092,-34.832695
81201,0,-0.14,0.56,9.902,-0.996,-1.101,-7.002092,-34.832695
81251,0,-0.15,-0.56,9.946,-1.001,-1.111,-7.002092,-34.832695
81301,0,-0.15,0.00,9.931,-1.010,-1.106,-7.002092,-34.832695
81352,0,-0.15,-1.49,9.941,-1.015,-1.120,-7.002092,-34.832695
81402,0,-0.11,1.49,9.926,-0.991,-1.111,-7.002092,-34.832695
81452,0,-0.11,0.00,9.936,-0.986,-1.120,-7.002092,-34.832695
81504,0,-0.11,0.00,9.941,-1.015,-1.111,-7.002092,-34.832695
81556,0,-0.11,0.00,9.946,-1.015,-1.125,-7.002092,-34.832695
81607,0,-0.14,-0.52,9.941,-0.996,-1.101,-7.002092,-34.832695
81659,0,-0.14,0.00,9.941,-1.015,-1.106,-7.002092,-34.832695
81709,0,-0.16,-0.48,9.931,-0.996,-1.101,-7.002092,-34.832695
81758,0,-0.16,0.00,9.926,-0.986,-1.140,-7.002092,-34.832695
81810,0,-0.16,0.00,9.926,-0.982,-1.130,-7.002092,-34.832695
81861,0,-0.14,0.48,9.907,-1.001,-1.097,-7.002092,-34.832695
81913,0,-0.14,0.00,9.936,-0.996,-1.101,-7.002092,-34.832695
81962,0,-0.16,0.00,9.936,-1.025,-1.125,-7.002092,-34.832695
82013,0,-0.19,-1.45,9.926,-1.001,-1.111,-7.002092,-34.832695
82063,0,-0.17,0.00,9.936,-0.996,-1.125,-7.002092,-34.832695
82113,0,-0.21,0.00,9.936,-1.010,-1.149,-7.002092,-34.832695
82164,0,-0.16,2.01,9.922,-0.996,-1.106,-7.002092,-34.832695
82214,0,-0.14,0.00,9.931,-1.020,-1.125,-7.002092,-34.832695
82265,0,-0.11,0.56,9.926,-0.982,-1.111,-7.002092,-34.832695
82315,0,-0.11,0.00,9.941,-1.010,-1.111,-7.002092,-34.832695
82379,0,-0.09,0.36,9.917,-0.991,-1.144,-7.002092,-34.832695
82429,0,-0.09,0.00,9.936,-0.996,-1.111,-7.002092,-34.832695
82482,0,-0.07,0.00,9.926,-1.001,-1.111,-7.002092,-34.832695
82532,0,-0.07,0.00,9.922,-1.006,-1.125,-7.002092,-34.832695
82583,0,-0.09,0.00,9.936,-0.986,-1.101,-7.002092,-34.832695
82635,0,-0.09,0.00,9.936,-1.006,-1.101,-7.002092,-34.832695
82684,0,-0.11,-0.48,9.926,-1.010,-1.116,-7.002092,-34.832695
82736,0,-0.11,0.00,9.926,-1.001,-1.106,-7.002092,-34.832695
82787,0,-0.13,0.00,9.931,-1.001,-1.087,-7.002092,-34.832695
82839,0,-0.14,-0.52,9.931,-1.010,-1.092,-7.002092,-34.832695
82890,0,-0.16,0.00,9.950,-1.010,-1.140,-7.002092,-34.832695
82942,0,-0.17,0.00,9.912,-0.996,-1.106,-7.002092,-34.832695
82992,0,-0.17,0.00,9.917,-0.996,-1.111,-7.002092,-34.832695
83043,0,-0.17,0.00,9.912,-0.991,-1.130,-7.002092,-34.832695
83093,0,-0.18,-0.56,9.931,-0.996,-1.106,-7.002092,-34.832695
83144,0,-0.20,0.00,9.912,-1.006,-1.082,-7.002092,-34.832695
83194,0,-0.20,0.00,9.936,-1.006,-1.111,-7.002092,-34.832695
83244,0,-0.16,0.00,9.950,-1.025,-1.135,-7.002092,-34.832695
83295,0,-0.16,0.00,9.917,-0.986,-1.101,-7.002092,-34.832695
83345,0,-0.15,0.52,9.931,-0.986,-1.111,-7.002092,-34.832695
83396,0,-0.15,0.00,9.936,-1.001,-1.101,-7.002092,-34.832695
83446,0,-0.15,0.00,9.946,-1.010,-1.130,-7.002092,-34.832695
83498,0,-0.15,0.52,9.936,-0.996,-1.097,-7.002092,-34.832695
83549,0,-0.15,0.00,9.936,-0.996,-1.116,-7.002092,-34.832695
83601,0,-0.15,0.00,9.926,-0.991,-1.087,-7.002092,-34.832695
83651,0,-0.15,0.00,9.926,-1.001,-1.111,-7.002092,-34.832695
83703,0,-0.16,-0.52,9.922,-1.006,-1.077,-7.002092,-34.832695
83754,0,-0.15,0.48,9.955,-1.001,-1.116,-7.002092,-34.832695
83806,0,-0.15,0.00,9.941,-0.986,-1.106,-7.002092,-34.832695
83857,0,-0.16,0.00,9.922,-1.025,-1.125,-7.002092,-34.832695
83909,0,-0.16,0.00,9.917,-1.001,-1.120,-7.002092,-34.832695
83958,0,-0.17,-0.52,9.936,-1.010,-1.111,-7.002092,-34.832695
84009,0,-0.21,-1.45,9.926,-0.986,-1.106,-7.002092,-34.832695
84059,0,-0.21,0.00,9.912,-1.006,-1.111,-7.002091,-34.832695
84169,0,-0.24,-0.29,9.926,-0.991,-1.101,-7.002091,-34.832695
84219,0,-0.24,0.00,9.922,-1.010,-1.116,-7.002091,-34.832695
84270,0,-0.25,0.00,9.941,-1.015,-1.120,-7.002091,-34.832695
84320,0,-0.27,0.00,9.936,-1.006,-1.130,-7.002091,-34.832695
84371,0,-0.27,0.00,9.926,-0.986,-1.101,-7.002091,-34.832695
84421,0,-0.28,0.00,9.926,-1.001,-1.106,-7.002091,-34.832695
84473,0,-0.27,0.00,9.931,-0.991,-1.077,-7.002091,-34.832695
84525,0,-0.28,-0.52,9.926,-1.006,-1.116,-7.002091,-34.832695
84577,0,-0.29,0.00,9.907,-0.996,-1.125,-7.002091,-34.832695
84627,0,-0.29,0.00,9.936,-0.986,-1.092,-7.002091,-34.832695
84678,0,-0.29,0.00,9.946,-0.996,-1.111,-7.002091,-34.832695
84730,0,-0.28,0.00,9.912,-1.001,-1.111,-7.002091,-34.832695
84782,0,-0.29,0.00,9.936,-1.006,-1.101,-7.002091,-34.832695
84833,0,-0.29,0.00,9.931,-0.991,-1.092,-7.002091,-34.832695
84885,0,-0.29,0.00,9.936,-0.996,-1.092,-7.002091,-34.832695
84936,0,-0.31,0.00,9.941,-1.010,-1.130,-7.002091,-34.832695
84987,0,-0.32,-0.52,9.931,-1.001,-1.097,-7.002091,-34.832695
85037,0,-0.32,0.00,9.912,-1.001,-1.097,-7.002090,-34.832695
85087,0,-0.31,0.00,9.946,-1.010,-1.111,-7.002090,-34.832695
85138,0,-0.31,0.00,9.917,-1.015,-1.106,-7.002090,-34.832695
85188,0,-0.31,0.00,9.926,-0.996,-1.082,-7.002090,-34.832695
85239,0,-0.32,0.00,9.936,-0.996,-1.092,-7.002090,-34.832695
85289,0,-0.27,1.97,9.926,-0.991,-1.082,-7.002090,-34.832695
85339,0,-0.27,0.00,9.950,-1.006,-1.082,-7.002090,-34.832695
85390,0,-0.27,0.00,9.922,-0.986,-1.111,-7.002090,-34.832695
85440,0,-0.27,0.00,9.931,-0.986,-1.135,-7.002090,-34.832695
85492,0,-0.26,0.00,9.926,-1.015,-1.144,-7.002090,-34.832695
85543,0,-0.26,0.00,9.922,-0.996,-1.120,-7.002090,-34.832695
85595,0,-0.26,0.00,9.926,-1.006,-1.120,-7.002090,-34.832695
85647,0,-0.26,0.00,9.936,-1.006,-1.106,-7.002090,-34.832695
85698,0,-0.27,-0.48,9.941,-1.001,-1.140,-7.002090,-34.832695
85750,0,-0.27,0.00,9.946,-1.015,-1.125,-7.002090,-34.832695
85801,0,-0.30,-1.09,9.917,-0.996,-1.125,-7.002090,-34.832695
85852,0,-0.31,-0.48,9.941,-1.030,-1.106,-7.002090,-34.832695
85903,0,-0.31,0.00,9.917,-1.006,-1.111,-7.002090,-34.832695
85955,0,-0.32,0.00,9.931,-1.020,-1.144,-7.002090,-34.832695
86006,0,-0.31,0.56,9.931,-1.010,-1.125,-7.002090,-34.832695
86056,0,-0.31,0.00,9.917,-0.982,-1.125,-7.002091,-34.832695
86106,0,-0.31,0.00,9.936,-1.001,-1.130,-7.002091,-34.832695
86157,0,-0.31,0.00,9.941,-1.010,-1.097,-7.002091,-34.832695
86222,0,-0.33,-0.28,9.907,-0.996,-1.101,-7.002091,-34.832695
86273,0,-0.35,0.00,9.931,-1.006,-1.101,-7.002091,-34.832695
86323,0,-0.31,1.49,9.917,-1.006,-1.125,-7.002091,-34.832695
86373,0,-0.32,-0.54,9.922,-0.986,-1.068,-7.002091,-34.832695
86424,0,-0.32,0.00,9.922,-0.996,-1.101,-7.002091,-34.832695
86473,0,-0.34,-0.56,9.922,-1.001,-1.106,-7.002091,-34.832695
86524,0,-0.34,0.00,9.941,-0.996,-1.125,-7.002091,-34.832695
86575,0,-0.35,0.00,9.941,-0.996,-1.140,-7.002091,-34.832695
86627,0,-0.37,0.00,9.931,-1.015,-1.111,-7.002091,-34.832695
86678,0,-0.37,0.00,9.946,-1.015,-1.111,-7.002091,-34.832695
86730,0,-0.38,-0.48,9.931,-1.015,-1.120,-7.002091,-34.832695
86782,0,-0.34,0.00,9.931,-1.010,-1.106,-7.002091,-34.832695
86833,0,-0.37,-0.52,9.936,-1.006,-1.111,-7.002091,-34.832695
86885,0,-0.38,0.00,9.917,-0.996,-1.077,-7.002091,-34.832695
86936,0,-0.40,0.00,9.922,-1.006,-1.116,-7.002091,-34.832695
86987,0,-0.40,0.00,9.926,-0.991,-1.130,-7.002091,-34.832695
87037,0,-0.40,0.00,9.912,-1.025,-1.111,-7.002091,-34.832695
87087,0,-0.40,0.00,9.912,-1.001,-1.111,-7.002091,-34.832695
87138,0,-0.40,0.00,9.917,-1.010,-1.106,-7.002091,-34.832695
87188,0,-0.40,0.00,9.936,-1.001,-1.120,-7.002091,-34.832695
87239,0,-0.41,-0.60,9.931,-1.015,-1.082,-7.002091,-34.832695
87289,0,-0.41,0.00,9.936,-1.006,-1.120,-7.002091,-34.832695
87339,0,-0.41,0.00,9.936,-1.010,-1.125,-7.002091,-34.832695
87390,0,-0.40,0.00,9.941,-0.991,-1.111,-7.002091,-34.832695
87440,0,-0.40,0.00,9.931,-1.001,-1.111,-7.002091,-34.832695
87492,0,-0.40,0.00,9.941,-1.001,-1.111,-7.002091,-34.832695
87544,0,-0.37,0.52,9.922,-1.006,-1.073,-7.002091,-34.832695
87595,0,-0.41,-1.38,9.917,-1.006,-1.101,-7.002091,-34.832695
87647,0,-0.42,-1.38,9.922,-1.015,-1.106,-7.002091,-34.832695
87698,0,-0.41,0.52,9.922,-1.010,-1.097,-7.002091,-34.832695
87750,0,-0.39,0.00,9.931,-1.006,-1.116,-7.002091,-34.832695
87802,0,-0.41,0.00,9.936,-0.996,-1.125,-7.002091,-34.832695
87852,0,-0.37,1.38,9.931,-1.010,-1.125,-7.002091,-34.832695
87904,0,-0.37,0.00,9.941,-0.991,-1.101,-7.002091,-34.832695
87955,0,-0.37,0.00,9.922,-1.006,-1.092,-7.002091,-34.832695
88006,0,-0.38,0.00,9.917,-1.010,-1.106,-7.002091,-34.832695
88056,0,-0.38,0.00,9.946,-0.986,-1.097,-7.002091,-34.832695
88107,0,-0.38,0.00,9.926,-0.996,-1.106,-7.002091,-34.832695
88157,0,-0.38,0.00,9.922,-1.010,-1.097,-7.002091,-34.832695
88207,0,-0.40,-0.52,9.941,-1.010,-1.097,-7.002091,-34.832695
88271,0,-0.38,0.16,9.926,-1.015,-1.116,-7.002091,-34.832695
88321,0,-0.38,-0.54,9.926,-0.996,-1.092,-7.002091,-34.832695
88372,0,-0.38,0.00,9.931,-0.991,-1.125,-7.002091,-34.832695
88422,0,-0.38,0.00,9.922,-0.996,-1.082,-7.002091,-34.832695
88474,0,-0.35,1.23,9.941,-1.015,-1.116,-7.002091,-34.832695
88525,0,-0.35,0.00,9.926,-0.986,-1.116,-7.002091,-34.832695
88576,0,-0.37,-0.71,9.898,-1.006,-1.106,-7.002091,-34.832695
88628,0,-0.37,0.00,9.922,-1.020,-1.097,-7.002091,-34.832695
88680,0,-0.34,0.00,9.922,-1.006,-1.087,-7.002091,-34.832695
88731,0,-0.34,0.00,9.922,-0.986,-1.097,-7.002091,-34.832695
88783,0,-0.31,0.52,9.917,-1.001,-1.125,-7.002091,-34.832695
88834,0,-0.31,0.00,9.917,-1.020,-1.120,-7.002091,-34.832695
88886,0,-0.29,0.00,9.931,-1.006,-1.106,-7.002091,-34.832695
88938,0,-0.29,0.00,9.946,-1.020,-1.111,-7.002091,-34.832695
88988,0,-0.29,0.00,9.912,-0.996,-1.092,-7.002091,-34.832695
89038,0,-0.29,0.00,9.936,-0.991,-1.120,-7.002091,-34.832695
89089,0,-0.31,0.00,9.936,-0.996,-1.130,-7.002091,-34.832695
89139,0,-0.31,0.00,9.926,-0.986,-1.111,-7.002091,-34.832695
89189,0,-0.31,0.00,9.936,-1.006,-1.092,-7.002091,-34.832695
89240,0,-0.31,0.00,9.931,-1.010,-1.130,-7.002091,-34.832695
89290,0,-0.31,0.00,9.931,-1.001,-1.130,-7.002091,-34.832695
89341,0,-0.33,0.00,9.926,-0.996,-1.097,-7.002091,-34.832695
89391,0,-0.29,1.41,9.936,-1.001,-1.106,-7.002091,-34.832695
89441,0,-0.29,0.00,9.912,-1.001,-1.092,-7.002091,-34.832695
89493,0,-0.29,-0.48,9.931,-1.015,-1.063,-7.002091,-34.832695
89545,0,-0.29,0.00,9.922,-1.015,-1.111,-7.002091,-34.832695
89596,0,-0.28,0.00,9.946,-1.001,-1.120,-7.002091,-34.832695
89648,0,-0.23,0.00,9.950,-1.006,-1.087,-7.002091,-34.832695
89699,0,-0.23,0.00,9.931,-1.006,-1.097,-7.002091,-34.832695
89750,0,-0.25,-0.52,9.926,-1.001,-1.101,-7.002091,-34.832695
89801,0,-0.29,0.00,9.926,-1.015,-1.106,-7.002091,-34.832695
89853,0,-0.29,0.00,9.936,-1.010,-1.116,-7.002091,-34.832695
89904,0,-0.30,0.00,9.931,-0.996,-1.140,-7.002091,-34.832695
89956,0,-0.31,0.00,9.926,-0.991,-1.101,-7.002091,-34.832695
90007,0,-0.31,0.00,9.941,-1.006,-1.092,-7.002091,-34.832695
90057,0,-0.31,0.00,9.922,-1.001,-1.106,-7.002091,-34.832695
90107,0,-0.36,-1.39,9.931,-0.991,-1.101,-7.002091,-34.832695
90158,0,-0.36,0.00,9.922,-0.977,-1.106,-7.002091,-34.832695
90208,0,-0.35,0.00,9.950,-0.996,-1.135,-7.002091,-34.832695
90259,0,-0.36,0.00,9.941,-0.991,-1.101,-7.002091,-34.832695
90322,0,-0.36,0.00,9.941,-0.986,-1.106,-7.002091,-34.832695
90373,0,-0.33,1.45,9.950,-1.006,-1.116,-7.002091,-34.832695
90423,0,-0.38,0.00,9.941,-1.001,-1.101,-7.002091,-34.832695
90475,0,-0.39,0.00,9.917,-1.015,-1.116,-7.002091,-34.832695
90527,0,-0.40,-0.56,9.931,-1.001,-1.140,-7.002091,-34.832695
90579,0,-0.43,0.00,9.931,-0.996,-1.125,-7.002091,-34.832695
90629,0,-0.43,0.00,9.936,-0.982,-1.111,-7.002091,-34.832695
90681,0,-0.44,-1.01,9.946,-0.991,-1.120,-7.002091,-34.832695
90732,0,-0.45,-0.48,9.936,-0.982,-1.101,-7.002091,-34.832695
90784,0,-0.45,0.00,9.931,-0.986,-1.120,-7.002091,-34.832695
90835,0,-0.45,0.52,9.941,-1.010,-1.097,-7.002091,-34.832695
90887,0,-0.45,0.00,9.922,-1.001,-1.092,-7.002091,-34.832695
90939,0,-0.46,0.00,9.936,-1.015,-1.106,-7.002091,-34.832695
90989,0,-0.46,0.00,9.941,-0.991,-1.116,-7.002091,-34.832695
91039,0,-0.46,0.00,9.936,-1.015,-1.097,-7.002091,-34.832695
91090,0,-0.45,0.00,9.917,-0.982,-1.111,-7.002091,-34.832695
91140,0,-0.45,0.00,9.931,-0.991,-1.111,-7.002091,-34.832695
91190,0,-0.45,0.00,9.941,-0.991,-1.097,-7.002091,-34.832695
91241,0,-0.44,0.93,9.931,-0.996,-1.111,-7.002091,-34.832695
91291,0,-0.44,0.00,9.926,-1.006,-1.082,-7.002091,-34.832695
91342,0,-0.44,0.00,9.917,-1.006,-1.106,-7.002091,-34.832695
91392,0,-0.44,0.00,9.936,-0.996,-1.111,-7.002091,-34.832695
91442,0,-0.44,0.00,9.931,-1.020,-1.106,-7.002091,-34.832695
91494,0,-0.45,-0.52,9.931,-1.010,-1.130,-7.002091,-34.832695
91546,0,-0.47,-0.48,9.936,-1.006,-1.120,-7.002091,-34.832695
91597,0,-0.45,0.00,9.922,-0.986,-1.082,-7.002091,-34.832695
91649,0,-0.48,-0.48,9.926,-0.986,-1.087,-7.002091,-34.832695
91700,0,-0.48,0.00,9.912,-0.996,-1.106,-7.002091,-34.832695
91752,0,-0.49,0.00,9.955,-0.982,-1.111,-7.002091,-34.832695
91804,0,-0.49,0.00,9.950,-0.996,-1.116,-7.002091,-34.832695
91854,0,-0.49,0.00,9.922,-1.006,-1.140,-7.002091,-34.832695
91906,0,-0.49,0.00,9.931,-1.010,-1.140,-7.002091,-34.832695
91957,0,-0.48,0.52,9.931,-1.020,-1.101,-7.002091,-34.832695
92008,0,-0.48,0.00,9.946,-1.001,-1.120,-7.002091,-34.832695
92058,0,-0.48,0.00,9.912,-0.982,-1.111,-7.002090,-34.832695
92109,0,-0.49,-1.45,9.936,-0.972,-1.082,-7.002090,-34.832695
92159,0,-0.46,1.45,9.922,-0.982,-1.111,-7.002090,-34.832695
92209,0,-0.48,0.00,9.950,-1.006,-1.092,-7.002090,-34.832695
92260,0,-0.49,0.00,9.931,-0.996,-1.120,-7.002090,-34.832695
92310,0,-0.46,1.39,9.917,-1.020,-1.092,-7.002090,-34.832695
92374,0,-0.46,0.00,9.926,-0.991,-1.116,-7.002090,-34.832695
92424,0,-0.47,0.00,9.931,-0.996,-1.101,-7.002090,-34.832695
92477,0,-0.52,-1.86,9.907,-1.006,-1.111,-7.002090,-34.832695
92527,0,-0.49,1.34,9.926,-0.996,-1.125,-7.002090,-34.832695
92579,0,-0.51,-0.86,9.936,-1.006,-1.097,-7.002090,-34.832695
92630,0,-0.47,0.00,9.941,-0.991,-1.092,-7.002090,-34.832695
92682,0,-0.47,0.00,9.922,-0.991,-1.116,-7.002090,-34.832695
92733,0,-0.47,0.00,9.946,-1.006,-1.120,-7.002090,-34.832695
92785,0,-0.49,0.00,9.926,-1.030,-1.092,-7.002090,-34.832695
92837,0,-0.49,0.00,9.931,-0.996,-1.120,-7.002090,-34.832695
92888,0,-0.50,-0.52,9.917,-1.001,-1.092,-7.002090,-34.832695
92940,0,-0.50,0.00,9.936,-1.006,-1.101,-7.002090,-34.832695
92990,0,-0.50,0.00,9.922,-0.996,-1.106,-7.002090,-34.832695
93040,0,-0.50,0.00,9.917,-1.006,-1.120,-7.002091,-34.832695
93091,0,-0.49,0.56,9.926,-1.001,-1.097,-7.002091,-34.832695
93141,0,-0.45,0.00,9.931,-0.996,-1.106,-7.002091,-34.832695
93191,0,-0.46,-0.54,9.950,-1.006,-1.106,-7.002091,-34.832695
93242,0,-0.46,0.00,9.926,-1.015,-1.111,-7.002091,-34.832695
93292,0,-0.46,0.00,9.912,-0.982,-1.106,-7.002091,-34.832695
93343,0,-0.48,0.00,9.912,-0.991,-1.111,-7.002091,-34.832695
93393,0,-0.48,0.00,9.922,-1.015,-1.125,-7.002091,-34.832695
93443,0,-0.48,0.00,9.946,-1.010,-1.111,-7.002091,-34.832695
93495,0,-0.48,0.00,9.936,-1.010,-1.125,-7.002091,-34.832695
93547,0,-0.48,0.00,9.941,-1.001,-1.092,-7.002091,-34.832695
93598,0,-0.48,0.00,9.936,-0.986,-1.101,-7.002091,-34.832695
93650,0,-0.48,0.00,9.917,-1.001,-1.116,-7.002091,-34.832695
93701,0,-0.48,0.00,9.926,-1.006,-1.125,-7.002091,-34.832695
93752,0,-0.48,0.00,9.931,-1.015,-1.130,-7.002091,-34.832695
93803,0,-0.48,0.00,9.941,-1.015,-1.068,-7.002091,-34.832695
93855,0,-0.49,-0.60,9.931,-1.006,-1.149,-7.002091,-34.832695
93907,0,-0.49,0.00,9.917,-0.991,-1.106,-7.002091,-34.832695
93959,0,-0.45,0.00,9.926,-0.982,-1.125,-7.002091,-34.832695
94009,0,-0.45,0.00,9.931,-1.010,-1.101,-7.002091,-34.832695
94059,0,-0.45,0.00,9.926,-1.001,-1.130,-7.002091,-34.832695
94173,0,-0.47,-0.17,9.941,-0.996,-1.111,-7.002091,-34.832695
94224,0,-0.47,0.00,9.926,-1.010,-1.101,-7.002091,-34.832695
94274,0,-0.48,0.00,9.917,-0.972,-1.087,-7.002091,-34.832695
94324,0,-0.48,0.00,9.917,-1.001,-1.101,-7.002091,-34.832695
94375,0,-0.48,0.00,9.926,-0.996,-1.087,-7.002091,-34.832695
94425,0,-0.50,-0.56,9.922,-0.991,-1.097,-7.002091,-34.832695
94477,0,-0.51,-0.52,9.950,-1.001,-1.101,-7.002091,-34.832695
94529,0,-0.51,0.00,9.931,-1.001,-1.106,-7.002091,-34.832695
94581,0,-0.51,-0.48,9.941,-0.991,-1.101,-7.002091,-34.832695
94631,0,-0.51,0.00,9.936,-1.001,-1.087,-7.002091,-34.832695
94682,0,-0.50,0.48,9.936,-1.001,-1.082,-7.002091,-34.832695
94734,0,-0.47,0.00,9.926,-0.986,-1.120,-7.002091,-34.832695
94786,0,-0.47,0.00,9.912,-1.010,-1.106,-7.002091,-34.832695
94837,0,-0.46,0.48,9.926,-1.010,-1.116,-7.002091,-34.832695
94889,0,-0.45,0.00,9.926,-1.010,-1.106,-7.002091,-34.832695
94940,0,-0.43,0.52,9.946,-1.020,-1.087,-7.002091,-34.832695
94991,0,-0.43,0.00,9.907,-0.996,-1.077,-7.002091,-34.832695
95041,0,-0.40,0.00,9.922,-0.991,-1.101,-7.002091,-34.832691
95091,0,-0.38,0.56,9.931,-0.991,-1.111,-7.002091,-34.832691
95142,0,-0.37,0.00,9.922,-1.010,-1.097,-7.002091,-34.832691
95192,0,-0.33,1.04,9.926,-1.001,-1.111,-7.002091,-34.832691
95243,0,-0.33,0.00,9.936,-0.991,-1.130,-7.002091,-34.832691
95293,0,-0.33,0.00,9.936,-1.006,-1.144,-7.002091,-34.832691
95343,0,-0.31,0.52,9.941,-1.006,-1.097,-7.002091,-34.832691
95394,0,-0.27,1.89,9.917,-1.006,-1.116,-7.002091,-34.832691
95444,0,-0.27,0.00,9.917,-1.001,-1.077,-7.002091,-34.832691
95496,0,-0.29,-0.80,9.922,-1.001,-1.101,-7.002091,-34.832691
95547,0,-0.29,0.00,9.946,-1.010,-1.125,-7.002091,-34.832691
95599,0,-0.29,-0.52,9.936,-0.996,-1.135,-7.002091,-34.832691
95651,0,-0.27,0.56,9.926,-0.991,-1.116,-7.002091,-34.832691
95702,0,-0.27,0.00,9.922,-1.010,-1.077,-7.002091,-34.832691
95754,0,-0.25,0.52,9.941,-1.001,-1.120,-7.002091,-34.832691
95804,0,-0.23,0.52,9.917,-1.030,-1.068,-7.002091,-34.832691
95853,0,-0.23,0.00,9.922,-1.006,-1.106,-7.002091,-34.832691
95905,0,-0.22,0.00,9.912,-0.982,-1.101,-7.002091,-34.832691
95956,0,-0.23,-0.52,9.917,-1.001,-1.077,-7.002091,-34.832691
96007,0,-0.23,0.00,9.931,-0.972,-1.092,-7.002091,-34.832691
96057,0,-0.18,0.00,9.912,-0.986,-1.097,-7.002091,-34.832691
96108,0,-0.21,0.48,9.926,-0.991,-1.116,-7.002091,-34.832691
96158,0,-0.21,0.00,9.941,-1.015,-1.082,-7.002091,-34.832691
96222,0,-0.17,0.43,9.922,-1.010,-1.120,-7.002091,-34.832691
96272,0,-0.20,-0.54,9.946,-1.025,-1.116,-7.002091,-34.832691
96323,0,-0.20,0.00,9.898,-1.010,-1.111,-7.002091,-34.832691
96373,0,-0.21,0.00,9.902,-1.010,-1.097,-7.002091,-34.832691
96424,0,-0.20,0.00,9.912,-0.996,-1.111,-7.002091,-34.832691
96476,0,-0.21,-0.48,9.926,-0.996,-1.106,-7.002091,-34.832691
96527,0,-0.23,0.00,9.907,-0.996,-1.097,-7.002091,-34.832691
96578,0,-0.24,-0.48,9.936,-1.001,-1.111,-7.002091,-34.832691
96629,0,-0.25,0.00,9.926,-1.006,-1.125,-7.002091,-34.832691
96681,0,-0.23,-0.48,9.936,-1.020,-1.111,-7.002091,-34.832691
96733,0,-0.23,0.00,9.926,-1.006,-1.120,-7.002091,-34.832691
96784,0,-0.24,-0.56,9.926,-0.986,-1.106,-7.002091,-34.832691
96836,0,-0.26,-0.48,9.950,-0.967,-1.111,-7.002091,-34.832691
96887,0,-0.26,0.00,9.936,-0.986,-1.106,-7.002091,-34.832691
96939,0,-0.26,0.00,9.922,-1.001,-1.111,-7.002091,-34.832691
96989,0,-0.26,0.00,9.907,-1.020,-1.101,-7.002091,-34.832691
97040,0,-0.29,-0.56,9.946,-1.025,-1.125,-7.002092,-34.832691
97090,0,-0.29,0.00,9.946,-1.030,-1.092,-7.002092,-34.832691
97140,0,-0.28,0.00,9.926,-1.006,-1.092,-7.002092,-34.832691
97191,0,-0.27,0.52,9.941,-0.982,-1.097,-7.002092,-34.832691
97241,0,-0.27,0.00,9.917,-0.977,-1.116,-7.002092,-34.832691
97292,0,-0.28,0.00,9.936,-0.986,-1.097,-7.002092,-34.832691
97342,0,-0.29,0.00,9.936,-1.006,-1.077,-7.002092,-34.832691
97393,0,-0.28,0.54,9.912,-1.030,-1.097,-7.002092,-34.832691
97443,0,-0.28,0.00,9.941,-1.053,-1.140,-7.002092,-34.832691
97494,0,-0.25,0.48,9.960,-1.015,-1.111,-7.002092,-34.832691
97546,0,-0.27,-0.48,9.941,-0.948,-1.068,-7.002092,-34.832691
97595,0,-0.27,0.00,9.912,-0.953,-1.077,-7.002092,-34.832691
97647,0,-0.25,0.48,9.926,-0.986,-1.073,-7.002092,-34.832691
97697,0,-0.25,0.00,9.936,-1.025,-1.130,-7.002092,-34.832691
97749,0,-0.25,0.00,9.946,-1.073,-1.125,-7.002092,-34.832691
97800,0,-0.25,0.00,9.931,-1.044,-1.125,-7.002092,-34.832691
97852,0,-0.27,-0.48,9.898,-1.010,-1.116,-7.002092,-34.832691
97903,0,-0.25,0.00,9.912,-0.967,-1.101,-7.002092,-34.832691
97955,0,-0.20,0.00,9.955,-0.958,-1.101,-7.002092,-34.832691
98006,0,-0.22,-0.52,9.922,-0.972,-1.082,-7.002092,-34.832691
98056,0,-0.22,0.00,9.936,-1.015,-1.092,-7.002092,-34.832691
98106,0,-0.23,-0.50,9.907,-1.039,-1.130,-7.002092,-34.832691
98157,0,-0.23,0.00,9.917,-1.030,-1.135,-7.002092,-34.832691
98207,0,-0.27,0.00,9.955,-1.015,-1.097,-7.002092,-34.832691
98283,0,-0.28,-0.14,9.926,-0.982,-1.116,-7.002092,-34.832691
98334,0,-0.28,0.00,9.907,-0.986,-1.125,-7.002092,-34.832691
98384,0,-0.28,0.00,9.946,-1.025,-1.116,-7.002092,-34.832691
98434,0,-0.24,1.41,9.946,-1.030,-1.097,-7.002092,-34.832691
98486,0,-0.24,0.00,9.926,-1.006,-1.111,-7.002092,-34.832691
98538,0,-0.23,0.00,9.898,-1.020,-1.101,-7.002092,-34.832691
98589,0,-0.23,0.00,9.931,-1.001,-1.130,-7.002092,-34.832691
98640,0,-0.23,0.00,9.946,-0.982,-1.082,-7.002092,-34.832691
98691,0,-0.24,-0.56,9.946,-0.991,-1.111,-7.002092,-34.832691
98743,0,-0.27,-0.48,9.922,-1.025,-1.120,-7.002092,-34.832691
98795,0,-0.27,0.00,9.926,-1.010,-1.097,-7.002092,-34.832691
98846,0,-0.23,0.00,9.926,-1.015,-1.120,-7.002092,-34.832691
98898,0,-0.22,0.52,9.936,-1.015,-1.106,-7.002092,-34.832691
98949,0,-0.27,0.00,9.941,-0.991,-1.092,-7.002092,-34.832691
99000,0,-0.25,0.00,9.936,-0.962,-1.111,-7.002092,-34.832691
99050,0,-0.23,0.56,9.926,-1.015,-1.101,-7.002092,-34.832691
99101,0,-0.27,0.00,9.926,-1.025,-1.097,-7.002092,-34.832691
99151,0,-0.28,-0.50,9.912,-1.030,-1.120,-7.002092,-34.832691
99201,0,-0.28,0.00,9.941,-1.010,-1.116,-7.002092,-34.832691
99252,0,-0.28,0.00,9.893,-1.001,-1.101,-7.002092,-34.832691
99302,0,-0.27,0.00,9.936,-0.977,-1.116,-7.002092,-34.832691
99353,0,-0.27,0.00,9.960,-0.996,-1.101,-7.002092,-34.832691
99403,0,-0.28,0.00,9.931,-1.015,-1.101,-7.002092,-34.832691
99453,0,-0.31,-0.56,9.917,-1.015,-1.111,-7.002092,-34.832691
99505,0,-0.33,-0.52,9.922,-1.015,-1.111,-7.002092,-34.832691
99556,0,-0.33,0.00,9.950,-1.015,-1.135,-7.002092,-34.832691
99608,0,-0.34,0.00,9.946,-1.006,-1.106,-7.002092,-34.832691
99660,0,-0.34,0.00,9.922,-0.996,-1.082,-7.002092,-34.832691
99711,0,-0.34,0.00,9.922,-0.986,-1.092,-7.002092,-34.832691
99763,0,-0.35,-0.48,9.941,-1.020,-1.101,-7.002092,-34.832691
99814,0,-0.30,0.00,9.917,-1.030,-1.101,-7.002092,-34.832691
99865,0,-0.35,-1.86,9.922,-1.010,-1.116,-7.002092,-34.832691
99916,0,-0.37,-0.48,9.912,-1.006,-1.111,-7.002092,-34.832691
99968,0,-0.33,1.30,9.936,-1.006,-1.092,-7.002092,-34.832691
100019,0,-0.33,0.00,9.946,-1.001,-1.101,-7.002092,-34.832691
100069,0,-0.37,0.00,9.955,-1.006,-1.111,-7.002092,-34.832691
100120,0,-0.37,0.00,9.936,-0.986,-1.106,-7.002092,-34.832691
100170,0,-0.37,0.00,9.931,-1.025,-1.097,-7.002092,-34.832691
100220,0,-0.34,0.52,9.931,-1.025,-1.130,-7.002092,-34.832691
100271,0,-0.34,0.00,9.926,-1.030,-1.106,-7.002092,-34.832691
100334,0,-0.33,0.17,9.922,-1.006,-1.125,-7.002092,-34.832691
100385,0,-0.33,-0.56,9.926,-0.982,-1.120,-7.002092,-34.832691
100435,0,-0.31,0.56,9.917,-0.977,-1.077,-7.002092,-34.832691
100487,0,-0.35,0.00,9.926,-1.001,-1.101,-7.002092,-34.832691
100539,0,-0.33,0.48,9.946,-1.006,-1.111,-7.002092,-34.832691
100589,0,-0.33,0.00,9.941,-1.025,-1.125,-7.002092,-34.832691
100640,0,-0.33,0.48,9.926,-1.006,-1.092,-7.002092,-34.832691
100692,0,-0.35,0.00,9.941,-1.030,-1.087,-7.002092,-34.832691
100744,0,-0.35,0.00,9.926,-1.001,-1.116,-7.002092,-34.832691
100795,0,-0.35,0.00,9.941,-1.010,-1.101,-7.002092,-34.832691
100847,0,-0.38,-0.52,9.917,-1.010,-1.077,-7.002092,-34.832691
100898,0,-0.38,0.00,9.936,-1.020,-1.106,-7.002092,-34.832691
100950,0,-0.38,0.00,9.946,-1.020,-1.101,-7.002092,-34.832691
101001,0,-0.38,0.00,9.941,-0.991,-1.097,-7.002092,-34.832691
101051,0,-0.39,-0.48,9.931,-0.996,-1.101,-7.002093,-34.832691
101101,0,-0.39,0.00,9.922,-0.986,-1.120,-7.002093,-34.832691
101152,0,-0.40,-0.56,9.917,-0.996,-1.116,-7.002093,-34.832691
101202,0,-0.40,0.00,9.936,-0.991,-1.092,-7.002093,-34.832691
101253,0,-0.42,0.00,9.950,-0.991,-1.130,-7.002093,-34.832691
101303,0,-0.42,0.00,9.922,-0.977,-1.116,-7.002093,-34.832691
101353,0,-0.37,2.01,9.931,-0.996,-1.082,-7.002093,-34.832691
101404,0,-0.40,0.00,9.936,-1.020,-1.116,-7.002093,-34.832691
101454,0,-0.40,-1.97,9.936,-1.015,-1.097,-7.002093,-34.832691
101505,0,-0.40,0.00,9.931,-1.010,-1.106,-7.002093,-34.832691
101557,0,-0.35,1.30,9.931,-0.982,-1.135,-7.002093,-34.832691
101609,0,-0.35,0.00,9.941,-0.991,-1.116,-7.002093,-34.832691
101660,0,-0.35,0.00,9.922,-0.996,-1.087,-7.002093,-34.832691
101712,0,-0.37,-0.48,9.936,-1.001,-1.120,-7.002093,-34.832691
101763,0,-0.38,-0.48,9.950,-1.006,-1.135,-7.002093,-34.832691
101814,0,-0.43,-1.90,9.907,-1.015,-1.097,-7.002093,-34.832691
101865,0,-0.39,0.00,9.931,-1.010,-1.140,-7.002093,-34.832691
101917,0,-0.39,0.00,9.941,-0.986,-1.097,-7.002093,-34.832691
101967,0,-0.38,0.56,9.922,-0.982,-1.116,-7.002093,-34.832691
102017,0,-0.38,0.00,9.912,-0.986,-1.082,-7.002093,-34.832687
102067,0,-0.40,0.54,9.922,-1.006,-1.082,-7.002093,-34.832687
102118,0,-0.39,0.56,9.917,-1.001,-1.130,-7.002093,-34.832687
102168,0,-0.38,0.48,9.936,-0.996,-1.111,-7.002093,-34.832687
102219,0,-0.36,0.56,9.941,-1.015,-1.106,-7.002093,-34.832687
102269,0,-0.38,0.00,9.946,-1.010,-1.116,-7.002093,-34.832687
102319,0,-0.35,-0.50,9.936,-1.001,-1.097,-7.002093,-34.832687
102383,0,-0.39,-0.45,9.922,-0.996,-1.130,-7.002093,-34.832687
102434,0,-0.39,0.00,9.931,-0.991,-1.116,-7.002093,-34.832687
102484,0,-0.35,1.30,9.917,-1.001,-1.097,-7.002093,-34.832687
102533,0,-0.35,0.00,9.917,-1.020,-1.111,-7.002093,-34.832687
102585,0,-0.35,0.00,9.936,-0.996,-1.106,-7.002093,-34.832687
102636,0,-0.33,0.52,9.941,-1.010,-1.097,-7.002093,-34.832687
102688,0,-0.33,0.00,9.926,-1.010,-1.097,-7.002093,-34.832687
102739,0,-0.36,0.00,9.902,-1.010,-1.092,-7.002093,-34.832687
102791,0,-0.36,0.00,9.922,-1.010,-1.077,-7.002093,-34.832687
102843,0,-0.35,0.00,9.917,-0.996,-1.111,-7.002093,-34.832687
102894,0,-0.33,0.48,9.926,-0.996,-1.106,-7.002093,-34.832687
102946,0,-0.32,0.00,9.926,-1.010,-1.092,-7.002093,-34.832687
102996,0,-0.29,0.52,9.926,-0.991,-1.125,-7.002093,-34.832687
103047,0,-0.28,0.56,9.922,-1.001,-1.120,-7.002093,-34.832687
103097,0,-0.28,0.00,9.931,-1.001,-1.116,-7.002093,-34.832687
103147,0,-0.28,0.00,9.931,-1.015,-1.106,-7.002093,-34.832687
103198,0,-0.27,0.50,9.926,-0.996,-1.106,-7.002093,-34.832687
103248,0,-0.27,0.00,9.936,-1.015,-1.097,-7.002093,-34.832687
103299,0,-0.24,0.58,9.926,-1.010,-1.092,-7.002093,-34.832687
103349,0,-0.24,0.00,9.922,-1.001,-1.097,-7.002093,-34.832687
103400,0,-0.24,0.00,9.936,-0.996,-1.116,-7.002093,-34.832687
103450,0,-0.25,-0.58,9.941,-0.996,-1.101,-7.002093,-34.832687
103501,0,-0.25,0.00,9.931,-1.001,-1.116,-7.002093,-34.832687
103553,0,-0.24,0.00,9.946,-1.015,-1.101,-7.002093,-34.832687
103604,0,-0.24,0.00,9.936,-1.020,-1.092,-7.002093,-34.832687
103655,0,-0.23,0.48,9.922,-1.006,-1.106,-7.002093,-34.832687
103706,0,-0.23,0.00,9.941,-1.001,-1.097,-7.002093,-34.832687
103758,0,-0.23,0.00,9.936,-1.015,-1.120,-7.002093,-34.832687
103810,0,-0.23,0.00,9.926,-1.001,-1.116,-7.002093,-34.832687
103861,0,-0.24,0.00,9.926,-1.006,-1.087,-7.002093,-34.832687
103913,0,-0.24,0.00,9.926,-0.996,-1.092,-7.002093,-34.832687
103962,0,-0.23,0.00,9.926,-0.991,-1.116,-7.002093,-34.832687
104013,0,-0.21,0.56,9.922,-1.006,-1.135,-7.002093,-34.832687
104063,0,-0.21,0.00,9.926,-1.010,-1.101,-7.002094,-34.832687
104152,0,-0.26,-0.19,9.946,-1.010,-1.092,-7.002094,-34.832687
104202,0,-0.26,0.00,9.931,-1.006,-1.097,-7.002094,-34.832687
104253,0,-0.25,0.00,9.931,-1.020,-1.101,-7.002094,-34.832687
104303,0,-0.22,0.56,9.907,-0.991,-1.125,-7.002094,-34.832687
104353,0,-0.22,0.00,9.922,-1.001,-1.073,-7.002094,-34.832687
104404,0,-0.22,0.00,9.917,-0.996,-1.130,-7.002094,-34.832687
104454,0,-0.25,0.00,9.936,-1.015,-1.106,-7.002094,-34.832687
104505,0,-0.24,0.52,9.936,-1.020,-1.111,-7.002094,-34.832687
104556,0,-0.23,0.52,9.922,-1.006,-1.120,-7.002094,-34.832687
104607,0,-0.21,0.45,9.936,-0.996,-1.116,-7.002094,-34.832687
104659,0,-0.21,0.00,9.922,-1.001,-1.101,-7.002094,-34.832687
104711,0,-0.21,0.00,9.946,-0.996,-1.144,-7.002094,-34.832687
104762,0,-0.21,0.00,9.931,-1.006,-1.101,-7.002094,-34.832687
104814,0,-0.26,-0.52,9.912,-0.991,-1.130,-7.002094,-34.832687
104865,0,-0.28,-0.52,9.931,-1.030,-1.120,-7.002094,-34.832687
104917,0,-0.26,0.00,9.922,-1.001,-1.106,-7.002094,-34.832687
104967,0,-0.26,0.00,9.936,-1.001,-1.111,-7.002094,-34.832687
105017,0,-0.30,0.00,9.931,-0.977,-1.111,-7.002094,-34.832687
105067,0,-0.26,0.00,9.917,-0.991,-1.125,-7.002094,-34.832687
105118,0,-0.26,0.00,9.936,-0.986,-1.087,-7.002094,-34.832687
105168,0,-0.30,0.00,9.969,-1.015,-1.125,-7.002094,-34.832687
105219,0,-0.30,0.00,9.922,-1.001,-1.101,-7.002094,-34.832687
105269,0,-0.30,0.00,9.931,-1.006,-1.130,-7.002094,-34.832687
105319,0,-0.31,0.00,9.936,-1.001,-1.092,-7.002094,-34.832687
105370,0,-0.31,0.00,9.936,-0.991,-1.111,-7.002094,-34.832687
105420,0,-0.33,-0.52,9.912,-1.006,-1.116,-7.002094,-34.832687
105472,0,-0.38,0.00,9.926,-1.001,-1.111,-7.002094,-34.832687
105524,0,-0.39,-0.48,9.926,-1.010,-1.111,-7.002094,-34.832687
105576,0,-0.40,0.00,9.917,-0.996,-1.101,-7.002094,-34.832687
105627,0,-0.42,0.00,9.941,-1.006,-1.120,-7.002094,-34.832687
105679,0,-0.42,0.00,9.931,-0.996,-1.116,-7.002094,-34.832687
105730,0,-0.43,0.00,9.936,-1.006,-1.101,-7.002094,-34.832687
105781,0,-0.43,0.00,9.926,-0.996,-1.111,-7.002094,-34.832687
105832,0,-0.41,0.82,9.926,-1.015,-1.120,-7.002094,-34.832687
105884,0,-0.42,-0.48,9.941,-1.010,-1.125,-7.002094,-34.832687
105936,0,-0.42,0.00,9.931,-1.006,-1.101,-7.002094,-34.832687
105986,0,-0.41,0.00,9.931,-1.006,-1.116,-7.002094,-34.832687
106036,0,-0.41,0.00,9.931,-0.996,-1.101,-7.002094,-34.832687
106086,0,-0.40,0.00,9.926,-0.991,-1.101,-7.002094,-34.832687
106137,0,-0.38,0.56,9.926,-1.010,-1.082,-7.002094,-34.832687
106200,0,-0.37,0.17,9.907,-1.030,-1.144,-7.002094,-34.832687
106251,0,-0.38,0.00,9.946,-0.996,-1.120,-7.002094,-34.832687
106301,0,-0.38,0.00,9.946,-1.020,-1.111,-7.002094,-34.832687
106352,0,-0.37,0.52,9.941,-1.001,-1.101,-7.002094,-34.832687
106402,0,-0.37,0.00,9.902,-1.001,-1.111,-7.002094,-34.832687
106452,0,-0.37,0.00,9.898,-0.996,-1.144,-7.002094,-34.832687
106504,0,-0.37,0.00,9.931,-0.996,-1.087,-7.002094,-34.832687
106555,0,-0.37,0.00,9.922,-1.001,-1.087,-7.002094,-34.832687
106606,0,-0.35,0.52,9.931,-1.006,-1.111,-7.002094,-34.832687
106657,0,-0.35,0.00,9.946,-0.996,-1.111,-7.002094,-34.832687
106709,0,-0.34,0.00,9.941,-1.015,-1.135,-7.002094,-34.832687
106761,0,-0.33,0.00,9.931,-1.015,-1.111,-7.002094,-34.832687
106812,0,-0.34,-0.52,9.950,-1.010,-1.111,-7.002094,-34.832687
106864,0,-0.34,0.00,9.941,-1.025,-1.116,-7.002094,-34.832687
106915,0,-0.34,0.00,9.931,-0.977,-1.111,-7.002094,-34.832687
106968,0,-0.33,0.52,9.936,-1.010,-1.106,-7.002094,-34.832687
107018,0,-0.33,0.00,9.931,-1.001,-1.116,-7.002094,-34.832687
107068,0,-0.30,0.56,9.922,-1.010,-1.082,-7.002094,-34.832687
107119,0,-0.30,0.00,9.922,-1.015,-1.097,-7.002094,-34.832687
107169,0,-0.30,0.00,9.931,-0.996,-1.097,-7.002094,-34.832687
107220,0,-0.29,-1.49,9.936,-1.030,-1.116,-7.002094,-34.832687
107270,0,-0.29,0.00,9.936,-1.001,-1.097,-7.002094,-34.832687
107320,0,-0.29,0.00,9.936,-0.977,-1.106,-7.002094,-34.832687
107371,0,-0.26,0.52,9.931,-0.996,-1.097,-7.002094,-34.832687
107421,0,-0.25,0.56,9.941,-1.001,-1.120,-7.002094,-34.832687
107473,0,-0.23,0.00,9.941,-1.015,-1.053,-7.002094,-34.832687
107525,0,-0.23,0.00,9.931,-1.025,-1.101,-7.002094,-34.832687
107574,0,-0.22,0.52,9.936,-1.001,-1.125,-7.002094,-34.832687
107626,0,-0.19,0.48,9.931,-1.010,-1.125,-7.002094,-34.832687
107677,0,-0.19,0.00,9.917,-0.991,-1.111,-7.002094,-34.832687
107729,0,-0.19,0.00,9.922,-1.015,-1.082,-7.002094,-34.832687
107780,0,-0.18,0.52,9.926,-1.001,-1.116,-7.002094,-34.832687
107831,0,-0.18,0.00,9.936,-1.010,-1.120,-7.002094,-34.832687
107882,0,-0.16,0.48,9.912,-1.020,-1.097,-7.002094,-34.832687
107934,0,-0.20,0.00,9.926,-1.010,-1.111,-7.002094,-34.832687
107984,0,-0.17,1.09,9.922,-0.991,-1.106,-7.002094,-34.832687
108034,0,-0.19,-0.52,9.941,-1.001,-1.101,-7.002094,-34.832687
108085,0,-0.15,0.00,9.922,-0.986,-1.106,-7.002094,-34.832687
108135,0,-0.14,0.52,9.946,-0.991,-1.077,-7.002094,-34.832687
108186,0,-0.14,0.00,9.950,-1.001,-1.082,-7.002094,-34.832687
108271,0,-0.15,-0.13,9.922,-1.006,-1.106,-7.002094,-34.832687
108321,0,-0.15,0.00,9.926,-1.025,-1.106,-7.002094,-34.832687
108372,0,-0.16,0.00,9.922,-1.020,-1.116,-7.002094,-34.832687
108422,0,-0.18,-0.52,9.926,-1.020,-1.116,-7.002094,-34.832687
108474,0,-0.18,0.00,9.926,-1.010,-1.135,-7.002094,-34.832687
108526,0,-0.16,0.48,9.946,-0.991,-1.144,-7.002094,-34.832687
108577,0,-0.16,0.00,9.936,-0.996,-1.111,-7.002094,-34.832687
108628,0,-0.16,0.00,9.912,-1.006,-1.087,-7.002094,-34.832687
108679,0,-0.18,-0.48,9.922,-1.010,-1.140,-7.002094,-34.832687
108731,0,-0.18,0.00,9.946,-1.006,-1.101,-7.002094,-34.832687
108783,0,-0.18,0.00,9.931,-0.986,-1.087,-7.002094,-34.832687
108834,0,-0.14,0.00,9.926,-0.991,-1.087,-7.002094,-34.832687
108886,0,-0.13,0.52,9.926,-0.982,-1.135,-7.002094,-34.832687
108937,0,-0.13,0.00,9.936,-0.996,-1.120,-7.002094,-34.832687
108988,0,-0.13,0.56,9.917,-1.025,-1.135,-7.002094,-34.832687
109038,0,-0.13,0.00,9.941,-1.025,-1.101,-7.002094,-34.832687
109088,0,-0.13,0.00,9.936,-1.020,-1.125,-7.002094,-34.832687
109139,0,-0.11,0.00,9.926,-1.015,-1.116,-7.002094,-34.832687
109189,0,-0.13,-0.54,9.936,-1.006,-1.116,-7.002094,-34.832687
109240,0,-0.14,0.00,9.931,-1.039,-1.101,-7.002094,-34.832687
109290,0,-0.17,-1.09,9.941,-1.015,-1.120,-7.002094,-34.832687
109340,0,-0.17,0.00,9.917,-1.030,-1.140,-7.002094,-34.832687
109391,0,-0.18,0.00,9.926,-1.025,-1.120,-7.002094,-34.832687
109441,0,-0.20,0.00,9.926,-0.996,-1.116,-7.002094,-34.832687
109493,0,-0.18,0.48,9.907,-0.977,-1.120,-7.002094,-34.832687
109544,0,-0.18,0.00,9.912,-0.982,-1.120,-7.002094,-34.832687
109596,0,-0.20,0.00,9.931,-1.020,-1.087,-7.002094,-34.832687
109648,0,-0.21,0.00,9.926,-1.020,-1.120,-7.002094,-34.832687
109699,0,-0.22,-0.52,9.926,-1.025,-1.077,-7.002094,-34.832687
109751,0,-0.22,0.00,9.936,-1.015,-1.125,-7.002094,-34.832687
109802,0,-0.22,0.00,9.931,-1.006,-1.106,-7.002094,-34.832687
109853,0,-0.22,0.00,9.936,-0.977,-1.073,-7.002094,-34.832687
109904,0,-0.21,0.52,9.912,-0.967,-1.140,-7.002094,-34.832687
109956,0,-0.20,0.48,9.917,-1.001,-1.077,-7.002094,-34.832687
110007,0,-0.20,0.00,9.917,-1.025,-1.116,-7.002094,-34.832687
110057,0,-0.23,-0.93,9.922,-1.025,-1.116,-7.002094,-34.832687
110107,0,-0.23,0.00,9.931,-1.015,-1.120,-7.002094,-34.832687
110158,0,-0.23,0.00,9.946,-1.010,-1.101,-7.002094,-34.832687
110208,0,-0.23,0.00,9.926,-0.977,-1.097,-7.002094,-34.832687
110259,0,-0.23,0.00,9.936,-0.982,-1.087,-7.002094,-34.832687
110325,0,-0.26,-0.33,9.926,-1.001,-1.111,-7.002094,-34.832687
110376,0,-0.27,0.00,9.922,-1.020,-1.125,-7.002094,-34.832687
110426,0,-0.27,0.00,9.936,-1.010,-1.097,-7.002094,-34.832687
110475,0,-0.26,0.00,9.936,-1.020,-1.111,-7.002094,-34.832687
110526,0,-0.27,-0.48,9.931,-1.001,-1.116,-7.002094,-34.832687
110577,0,-0.27,0.00,9.926,-0.986,-1.101,-7.002094,-34.832687
110629,0,-0.23,1.04,9.950,-0.977,-1.116,-7.002094,-34.832687
110681,0,-0.23,0.00,9.926,-0.996,-1.111,-7.002094,-34.832687
110732,0,-0.20,0.48,9.931,-1.020,-1.101,-7.002094,-34.832687
110784,0,-0.20,0.00,9.926,-1.010,-1.140,-7.002094,-34.832687
110835,0,-0.20,0.00,9.926,-1.006,-1.097,-7.002094,-34.832687
110887,0,-0.19,0.00,9.926,-0.996,-1.087,-7.002094,-34.832687
110939,0,-0.19,0.00,9.926,-0.986,-1.111,-7.002094,-34.832687
110989,0,-0.20,0.00,9.936,-0.991,-1.111,-7.002094,-34.832687
111039,0,-0.20,0.00,9.926,-1.006,-1.135,-7.002094,-34.832687
111090,0,-0.20,0.00,9.931,-1.010,-1.097,-7.002094,-34.832687
111140,0,-0.20,0.00,9.926,-1.025,-1.144,-7.002094,-34.832687
111190,0,-0.17,1.39,9.936,-1.010,-1.101,-7.002094,-34.832687
111241,0,-0.19,0.00,9.950,-0.982,-1.120,-7.002094,-34.832687
111291,0,-0.14,2.01,9.926,-1.001,-1.106,-7.002094,-34.832687
111342,0,-0.14,0.00,9.936,-1.006,-1.111,-7.002094,-34.832687
111392,0,-0.14,0.00,9.917,-1.001,-1.116,-7.002094,-34.832687
111442,0,-0.13,0.56,9.931,-1.010,-1.106,-7.002094,-34.832687
111494,0,-0.14,-0.56,9.931,-1.006,-1.082,-7.002094,-34.832687
111546,0,-0.14,0.00,9.917,-1.015,-1.101,-7.002094,-34.832687
111597,0,-0.13,0.00,9.941,-1.010,-1.101,-7.002094,-34.832687
111649,0,-0.13,0.00,9.936,-0.996,-1.116,-7.002094,-34.832687
111700,0,-0.11,0.00,9.931,-0.996,-1.130,-7.002094,-34.832687
111752,0,-0.11,0.00,9.941,-1.006,-1.116,-7.002094,-34.832687
111804,0,-0.10,0.00,9.926,-1.006,-1.082,-7.002094,-34.832687
111854,0,-0.10,0.00,9.931,-1.010,-1.082,-7.002094,-34.832687
111905,0,-0.10,0.00,9.941,-0.996,-1.125,-7.002094,-34.832687
111957,0,-0.11,-0.52,9.931,-1.010,-1.101,-7.002094,-34.832687
112008,0,-0.11,0.00,9.926,-1.001,-1.120,-7.002094,-34.832687
112058,0,-0.11,1.39,9.922,-1.006,-1.092,-7.002094,-34.832687
112108,0,-0.11,0.00,9.941,-0.996,-1.106,-7.002094,-34.832687
112159,0,-0.11,0.00,9.936,-1.006,-1.125,-7.002094,-34.832687
112209,0,-0.11,0.00,9.926,-1.020,-1.130,-7.002094,-34.832687
112260,0,-0.13,-0.56,9.946,-1.015,-1.106,-7.002094,-34.832687
112310,0,-0.13,0.00,9.936,-1.001,-1.125,-7.002094,-34.832687
112381,0,-0.15,-0.25,9.922,-0.991,-1.120,-7.002094,-34.832687
112431,0,-0.16,-0.60,9.926,-1.006,-1.106,-7.002094,-34.832687
112483,0,-0.16,0.00,9.941,-1.001,-1.087,-7.002094,-34.832687
112535,0,-0.13,0.00,9.917,-1.010,-1.106,-7.002094,-34.832687
112585,0,-0.14,-0.52,9.936,-1.001,-1.097,-7.002094,-34.832687
112637,0,-0.15,-0.52,9.946,-1.006,-1.097,-7.002094,-34.832687
112688,0,-0.17,0.00,9.936,-1.015,-1.097,-7.002094,-34.832687
112740,0,-0.23,-1.83,9.922,-1.001,-1.101,-7.002094,-34.832687
112791,0,-0.20,0.00,9.936,-0.996,-1.116,-7.002094,-34.832687
112843,0,-0.22,-0.52,9.917,-1.001,-1.106,-7.002094,-34.832687
112895,0,-0.22,0.00,9.950,-0.996,-1.092,-7.002094,-34.832687
112946,0,-0.24,-0.48,9.931,-1.010,-1.116,-7.002094,-34.832687
112997,0,-0.25,-0.56,9.941,-1.001,-1.101,-7.002094,-34.832687
113047,0,-0.25,0.00,9.931,-0.996,-1.120,-7.002094,-34.832687
113097,0,-0.24,0.56,9.926,-0.982,-1.111,-7.002094,-34.832687
113148,0,-0.24,0.00,9.941,-1.006,-1.092,-7.002094,-34.832687
113198,0,-0.24,0.00,9.931,-1.010,-1.125,-7.002094,-34.832687
113249,0,-0.24,0.00,9.941,-0.991,-1.120,-7.002094,-34.832687
113299,0,-0.22,0.50,9.936,-1.001,-1.116,-7.002094,-34.832687
113349,0,-0.24,0.00,9.926,-1.020,-1.125,-7.002094,-34.832687
113400,0,-0.24,0.00,9.917,-0.991,-1.116,-7.002094,-34.832687
113450,0,-0.24,0.00,9.926,-1.006,-1.097,-7.002094,-34.832687
113502,0,-0.24,0.00,9.926,-1.020,-1.101,-7.002094,-34.832687
113553,0,-0.25,0.00,9.946,-0.996,-1.092,-7.002094,-34.832687
113605,0,-0.25,0.00,9.941,-1.001,-1.140,-7.002094,-34.832687
113656,0,-0.24,0.00,9.922,-1.001,-1.082,-7.002094,-34.832687
113708,0,-0.25,-0.52,9.931,-1.001,-1.130,-7.002094,-34.832687
113760,0,-0.26,0.00,9.926,-1.001,-1.101,-7.002094,-34.832687
113810,0,-0.26,0.00,9.912,-1.015,-1.092,-7.002094,-34.832687
113862,0,-0.26,0.00,9.902,-1.010,-1.116,-7.002094,-34.832687
113913,0,-0.28,-0.52,9.931,-0.996,-1.092,-7.002094,-34.832687
113965,0,-0.31,0.00,9.922,-1.015,-1.111,-7.002094,-34.832687
114016,0,-0.29,0.00,9.931,-1.001,-1.140,-7.002094,-34.832687
114066,0,-0.29,0.00,9.922,-1.006,-1.092,-7.002094,-34.832687
114152,0,-0.30,-0.18,9.926,-0.982,-1.116,-7.002094,-34.832687
114203,0,-0.32,-0.52,9.936,-1.010,-1.097,-7.002094,-34.832687
114253,0,-0.32,0.00,9.931,-1.015,-1.111,-7.002094,-34.832687
114304,0,-0.32,0.00,9.922,-1.001,-1.111,-7.002094,-34.832687
114354,0,-0.32,0.00,9.912,-1.015,-1.101,-7.002094,-34.832687
114404,0,-0.30,0.00,9.926,-1.015,-1.082,-7.002094,-34.832687
114454,0,-0.33,-1.09,9.917,-1.006,-1.106,-7.002094,-34.832687
114505,0,-0.33,0.00,9.922,-1.015,-1.101,-7.002094,-34.832687
114556,0,-0.33,0.00,9.917,-1.001,-1.120,-7.002094,-34.832687
114608,0,-0.33,0.00,9.941,-1.015,-1.097,-7.002094,-34.832687
114660,0,-0.34,0.00,9.922,-0.991,-1.111,-7.002094,-34.832687
114711,0,-0.34,0.00,9.946,-1.010,-1.101,-7.002094,-34.832687
114763,0,-0.34,0.00,9.931,-1.010,-1.073,-7.002094,-34.832687
114814,0,-0.36,-0.56,9.926,-1.001,-1.097,-7.002094,-34.832687
114866,0,-0.37,0.00,9.931,-1.001,-1.120,-7.002094,-34.832687
114918,0,-0.39,-0.52,9.931,-1.001,-1.097,-7.002094,-34.832687
114967,0,-0.42,0.00,9.950,-1.015,-1.106,-7.002094,-34.832687
115018,0,-0.39,0.00,9.926,-1.020,-1.125,-7.002094,-34.832684
115068,0,-0.39,0.00,9.946,-1.001,-1.130,-7.002094,-34.832684
115118,0,-0.39,0.00,9.946,-0.986,-1.106,-7.002094,-34.832684
115169,0,-0.37,0.00,9.926,-1.015,-1.092,-7.002094,-34.832684
115219,0,-0.37,0.00,9.936,-0.991,-1.101,-7.002094,-34.832684
115270,0,-0.37,0.00,9.931,-1.006,-1.087,-7.002094,-34.832684
115320,0,-0.39,0.00,9.926,-1.010,-1.116,-7.002094,-34.832684
115370,0,-0.39,0.00,9.922,-1.010,-1.101,-7.002094,-34.832684
115421,0,-0.39,0.00,9.922,-1.015,-1.097,-7.002094,-34.832684
115470,0,-0.35,1.34,9.926,-0.996,-1.092,-7.002094,-34.832684
115522,0,-0.35,0.00,9.922,-0.986,-1.082,-7.002094,-34.832684
115574,0,-0.35,0.00,9.936,-1.015,-1.082,-7.002094,-34.832684
115624,0,-0.35,0.00,9.946,-0.996,-1.097,-7.002094,-34.832684
115675,0,-0.39,0.00,9.912,-1.010,-1.120,-7.002094,-34.832684
115727,0,-0.40,-0.48,9.926,-1.015,-1.130,-7.002094,-34.832684
115779,0,-0.40,0.00,9.931,-1.010,-1.125,-7.002094,-34.832684
115830,0,-0.40,0.00,9.936,-0.996,-1.101,-7.002094,-34.832684
115882,0,-0.41,0.00,9.926,-1.010,-1.111,-7.002094,-34.832684
115933,0,-0.41,0.00,9.936,-1.015,-1.130,-7.002094,-34.832684
115984,0,-0.41,0.00,9.950,-1.015,-1.097,-7.002094,-34.832684
116034,0,-0.41,0.00,9.946,-0.991,-1.082,-7.002094,-34.832684
116084,0,-0.41,0.00,9.912,-1.015,-1.111,-7.002094,-34.832684
116135,0,-0.44,-0.93,9.936,-0.991,-1.101,-7.002094,-34.832684
116199,0,-0.42,0.19,9.946,-1.006,-1.101,-7.002094,-34.832684
116249,0,-0.41,0.00,9.922,-1.006,-1.120,-7.002094,-34.832684
116300,0,-0.40,0.56,9.936,-0.986,-1.116,-7.002094,-34.832684
116350,0,-0.40,0.00,9.931,-0.991,-1.092,-7.002094,-34.832684
116400,0,-0.40,0.00,9.936,-1.010,-1.111,-7.002094,-34.832684
116451,0,-0.38,0.00,9.917,-1.010,-1.101,-7.002094,-34.832684
116501,0,-0.38,0.00,9.912,-1.006,-1.106,-7.002094,-34.832684
116553,0,-0.37,0.00,9.922,-1.010,-1.120,-7.002094,-34.832684
116604,0,-0.37,0.00,9.941,-1.001,-1.140,-7.002094,-34.832684
116656,0,-0.37,0.00,9.917,-1.015,-1.125,-7.002094,-34.832684
116707,0,-0.37,0.00,9.912,-0.996,-1.092,-7.002094,-34.832684
116759,0,-0.38,-0.48,9.931,-1.006,-1.092,-7.002094,-34.832684
116811,0,-0.38,0.00,9.917,-1.006,-1.116,-7.002094,-34.832684
116862,0,-0.37,0.00,9.936,-1.001,-1.101,-7.002094,-34.832684
116914,0,-0.39,0.56,9.926,-1.010,-1.101,-7.002094,-34.832684
116963,0,-0.38,0.48,9.931,-1.010,-1.087,-7.002094,-34.832684
117014,0,-0.36,0.00,9.926,-0.996,-1.125,-7.002094,-34.832684
117064,0,-0.36,0.00,9.936,-1.001,-1.125,-7.002094,-34.832684
117114,0,-0.36,0.00,9.941,-1.010,-1.116,-7.002094,-34.832684
117165,0,-0.34,1.04,9.926,-1.015,-1.116,-7.002094,-34.832684
117215,0,-0.34,0.00,9.931,-1.025,-1.111,-7.002094,-34.832684
117266,0,-0.32,0.00,9.926,-0.996,-1.116,-7.002094,-34.832684
117316,0,-0.34,-0.52,9.922,-1.006,-1.120,-7.002094,-34.832684
117366,0,-0.34,0.00,9.917,-1.001,-1.120,-7.002094,-34.832684
117417,0,-0.37,0.00,9.936,-0.991,-1.077,-7.002094,-34.832684
117467,0,-0.36,0.52,9.912,-1.001,-1.101,-7.002094,-34.832684
117518,0,-0.36,0.00,9.912,-1.001,-1.101,-7.002094,-34.832684
117570,0,-0.34,0.00,9.926,-1.006,-1.149,-7.002094,-34.832684
117621,0,-0.33,0.52,9.922,-1.010,-1.116,-7.002094,-34.832684
117672,0,-0.35,-0.82,9.941,-1.025,-1.120,-7.002094,-34.832684
117723,0,-0.30,1.83,9.926,-1.010,-1.097,-7.002094,-34.832684
117775,0,-0.34,0.00,9.946,-1.006,-1.116,-7.002094,-34.832684
117826,0,-0.33,0.56,9.922,-1.001,-1.116,-7.002094,-34.832684
117878,0,-0.33,0.00,9.931,-1.001,-1.120,-7.002094,-34.832684
117930,0,-0.33,0.00,9.922,-1.006,-1.144,-7.002094,-34.832684
117980,0,-0.36,-1.45,9.926,-1.010,-1.135,-7.002094,-34.832684
118030,0,-0.36,0.00,9.922,-1.020,-1.111,-7.002094,-34.832684
118080,0,-0.38,-0.56,9.917,-1.010,-1.092,-7.002094,-34.832684
118131,0,-0.39,-0.52,9.936,-1.006,-1.130,-7.002094,-34.832684
118181,0,-0.39,0.00,9.931,-1.006,-1.116,-7.002094,-34.832684
118244,0,-0.39,0.00,9.926,-0.991,-1.149,-7.002094,-34.832684
118294,0,-0.38,0.00,9.902,-1.010,-1.111,-7.002094,-34.832684
118345,0,-0.36,0.56,9.922,-1.015,-1.111,-7.002094,-34.832684
118395,0,-0.35,0.00,9.931,-1.006,-1.087,-7.002094,-34.832684
118446,0,-0.32,0.52,9.926,-0.991,-1.111,-7.002094,-34.832684
118496,0,-0.32,0.00,9.926,-1.015,-1.120,-7.002094,-34.832684
118547,0,-0.34,-1.23,9.926,-0.991,-1.097,-7.002094,-34.832684
118599,0,-0.34,0.00,9.931,-1.015,-1.111,-7.002094,-34.832684
118651,0,-0.34,-0.45,9.936,-0.996,-1.097,-7.002094,-34.832684
118702,0,-0.34,0.00,9.922,-1.015,-1.111,-7.002094,-34.832684
118754,0,-0.34,0.00,9.936,-0.977,-1.097,-7.002094,-34.832684
118805,0,-0.31,0.56,9.922,-1.015,-1.116,-7.002094,-34.832684
118857,0,-0.31,0.00,9.946,-1.010,-1.135,-7.002094,-34.832684
118909,0,-0.30,0.00,9.941,-1.010,-1.125,-7.002094,-34.832684
118961,0,-0.27,1.04,9.912,-0.982,-1.097,-7.002094,-34.832684
119011,0,-0.26,0.00,9.926,-1.010,-1.111,-7.002094,-34.832684
119062,0,-0.26,0.00,9.931,-1.025,-1.130,-7.002093,-34.832684
119112,0,-0.25,0.52,9.931,-0.996,-1.092,-7.002093,-34.832684
119162,0,-0.25,0.00,9.926,-1.010,-1.135,-7.002093,-34.832684
119213,0,-0.26,0.00,9.936,-1.001,-1.144,-7.002093,-34.832684
119263,0,-0.30,-1.45,9.926,-1.010,-1.106,-7.002093,-34.832684
119314,0,-0.28,0.00,9.941,-0.996,-1.097,-7.002093,-34.832684
119364,0,-0.27,0.56,9.926,-1.010,-1.130,-7.002093,-34.832684
119414,0,-0.27,0.00,9.931,-1.010,-1.101,-7.002093,-34.832684
119464,0,-0.23,0.00,9.936,-1.010,-1.120,-7.002093,-34.832684
119516,0,-0.23,0.00,9.931,-1.006,-1.135,-7.002093,-34.832684
119567,0,-0.28,0.00,9.931,-1.001,-1.087,-7.002093,-34.832684
119619,0,-0.28,0.00,9.936,-1.010,-1.106,-7.002093,-34.832684
119671,0,-0.28,0.00,9.922,-1.001,-1.120,-7.002093,-34.832684
119721,0,-0.28,0.00,9.926,-0.996,-1.111,-7.002093,-34.832684
119772,0,-0.30,0.00,9.941,-0.996,-1.106,-7.002093,-34.832684
119824,0,-0.30,0.00,9.936,-0.996,-1.111,-7.002093,-34.832684
119873,0,-0.30,0.00,9.926,-1.010,-1.101,-7.002093,-34.832684
119925,0,-0.30,0.00,9.922,-0.991,-1.111,-7.002093,-34.832684
119974,0,-0.31,-0.52,9.912,-1.006,-1.106,-7.002093,-34.832684
120025,0,-0.31,0.00,9.902,-0.996,-1.097,-7.002093,-34.832684
120075,0,-0.31,0.56,9.931,-1.001,-1.116,-7.002093,-34.832684
120126,0,-0.30,0.52,9.941,-1.006,-1.111,-7.002093,-34.832684
120176,0,-0.30,0.00,9.926,-0.982,-1.063,-7.002093,-34.832684
120227,0,-0.31,0.00,9.936,-1.001,-1.116,-7.002093,-34.832684
120291,0,-0.33,-0.31,9.960,-1.001,-1.140,-7.002093,-34.832684
120341,0,-0.33,0.00,9.926,-1.001,-1.106,-7.002093,-34.832684
120391,0,-0.33,0.00,9.917,-1.010,-1.092,-7.002093,-34.832684
120442,0,-0.32,0.00,9.926,-1.006,-1.106,-7.002093,-34.832684
120492,0,-0.32,0.00,9.926,-1.010,-1.120,-7.002093,-34.832684
120541,0,-0.32,-0.52,9.922,-0.996,-1.101,-7.002093,-34.832684
120593,0,-0.32,0.00,9.926,-1.006,-1.111,-7.002093,-34.832684
120644,0,-0.33,0.00,9.922,-1.006,-1.097,-7.002093,-34.832684
120696,0,-0.33,0.00,9.917,-1.010,-1.101,-7.002093,-34.832684
120747,0,-0.37,0.00,9.936,-1.001,-1.106,-7.002093,-34.832684
120799,0,-0.37,0.00,9.936,-0.991,-1.120,-7.002093,-34.832684
120851,0,-0.37,0.00,9.926,-0.996,-1.087,-7.002093,-34.832684
120902,0,-0.37,0.00,9.917,-1.010,-1.116,-7.002093,-34.832684
120954,0,-0.36,0.48,9.931,-0.991,-1.092,-7.002093,-34.832684
121004,0,-0.36,0.00,9.931,-1.001,-1.116,-7.002093,-34.832684
121055,0,-0.33,1.01,9.931,-0.996,-1.135,-7.002092,-34.832684
121105,0,-0.31,0.60,9.917,-1.010,-1.097,-7.002092,-34.832684
121156,0,-0.30,0.00,9.926,-0.996,-1.120,-7.002092,-34.832684
121206,0,-0.32,0.00,9.922,-0.996,-1.120,-7.002092,-34.832684
121257,0,-0.32,0.00,9.917,-1.006,-1.111,-7.002092,-34.832684
121307,0,-0.30,0.00,9.926,-1.010,-1.106,-7.002092,-34.832684
121357,0,-0.28,0.00,9.936,-1.001,-1.120,-7.002092,-34.832684
121408,0,-0.28,0.00,9.946,-0.996,-1.130,-7.002092,-34.832684
121458,0,-0.27,0.00,9.926,-1.001,-1.125,-7.002092,-34.832684
121509,0,-0.26,0.48,9.936,-0.982,-1.120,-7.002092,-34.832684
121561,0,-0.27,0.00,9.922,-0.996,-1.106,-7.002092,-34.832684
121613,0,-0.22,1.86,9.950,-1.010,-1.116,-7.002092,-34.832684
121663,0,-0.22,0.00,9.931,-1.010,-1.097,-7.002092,-34.832684
121714,0,-0.21,0.00,9.950,-1.001,-1.101,-7.002092,-34.832684
121766,0,-0.24,0.00,9.922,-0.991,-1.116,-7.002092,-34.832684
121818,0,-0.24,0.00,9.917,-0.996,-1.130,-7.002092,-34.832684
121869,0,-0.24,0.00,9.922,-1.010,-1.125,-7.002092,-34.832684
121921,0,-0.23,0.00,9.922,-1.006,-1.111,-7.002092,-34.832684
121970,0,-0.23,-0.48,9.926,-1.006,-1.116,-7.002092,-34.832684
122021,0,-0.22,0.00,9.922,-1.015,-1.097,-7.002092,-34.832684
122071,0,-0.22,0.00,9.936,-1.006,-1.135,-7.002092,-34.832684
122122,0,-0.22,0.00,9.931,-1.001,-1.101,-7.002092,-34.832684
122172,0,-0.20,0.00,9.926,-0.986,-1.092,-7.002092,-34.832684
122223,0,-0.24,-0.88,9.931,-0.991,-1.097,-7.002092,-34.832684
122273,0,-0.24,0.00,9.926,-0.986,-1.111,-7.002092,-34.832684
122358,0,-0.22,0.14,9.917,-1.010,-1.120,-7.002092,-34.832684
122409,0,-0.22,0.00,9.941,-0.996,-1.111,-7.002092,-34.832684
122459,0,-0.22,0.00,9.946,-1.010,-1.144,-7.002092,-34.832684
122510,0,-0.22,0.00,9.946,-1.006,-1.116,-7.002092,-34.832684
122561,0,-0.22,0.00,9.926,-1.010,-1.106,-7.002092,-34.832684
122612,0,-0.24,0.00,9.926,-1.010,-1.116,-7.002092,-34.832684
122664,0,-0.22,0.48,9.936,-0.991,-1.097,-7.002092,-34.832684
122715,0,-0.24,0.00,9.922,-1.025,-1.125,-7.002092,-34.832684
122767,0,-0.25,-0.52,9.926,-1.010,-1.111,-7.002092,-34.832684
122819,0,-0.25,0.00,9.936,-1.010,-1.130,-7.002092,-34.832684
122870,0,-0.26,-0.52,9.950,-0.991,-1.125,-7.002092,-34.832684
122922,0,-0.26,0.00,9.926,-0.986,-1.106,-7.002092,-34.832684
122972,0,-0.26,0.00,9.941,-1.020,-1.101,-7.002092,-34.832684
123022,0,-0.26,0.00,9.941,-1.015,-1.097,-7.002092,-34.832684
123072,0,-0.28,-0.54,9.941,-1.010,-1.120,-7.002092,-34.832684
123123,0,-0.33,0.00,9.931,-0.996,-1.097,-7.002092,-34.832684
123173,0,-0.29,1.49,9.931,-0.996,-1.111,-7.002092,-34.832684
123224,0,-0.29,0.00,9.926,-0.991,-1.092,-7.002092,-34.832684
123274,0,-0.29,0.00,9.946,-0.991,-1.097,-7.002092,-34.832684
123325,0,-0.31,-0.54,9.922,-0.991,-1.092,-7.002092,-34.832684
123375,0,-0.29,0.00,9.922,-0.986,-1.106,-7.002092,-34.832684
123425,0,-0.29,0.00,9.917,-1.001,-1.092,-7.002092,-34.832684
123477,0,-0.28,0.48,9.946,-0.991,-1.116,-7.002092,-34.832684
123529,0,-0.26,0.00,9.936,-1.006,-1.106,-7.002092,-34.832684
123581,0,-0.26,0.00,9.926,-0.991,-1.120,-7.002092,-34.832684
123632,0,-0.26,0.00,9.936,-1.020,-1.101,-7.002092,-34.832684
123684,0,-0.26,0.52,9.926,-1.020,-1.097,-7.002092,-34.832684
123734,0,-0.26,0.00,9.936,-0.996,-1.101,-7.002092,-34.832684
123786,0,-0.26,0.00,9.926,-1.001,-1.087,-7.002092,-34.832684
123837,0,-0.26,0.00,9.926,-1.006,-1.135,-7.002092,-34.832684
123889,0,-0.28,-0.52,9.941,-1.015,-1.101,-7.002092,-34.832684
123940,0,-0.28,0.00,9.931,-0.996,-1.120,-7.002092,-34.832684
123991,0,-0.26,0.00,9.922,-1.015,-1.116,-7.002092,-34.832684
124041,0,-0.25,0.52,9.946,-0.986,-1.058,-7.002091,-34.832684
124091,0,-0.29,-1.39,9.907,-1.025,-1.144,-7.002091,-34.832684
124165,0,-0.27,0.16,9.941,-1.010,-1.111,-7.002091,-34.832684
124216,0,-0.26,0.00,9.931,-0.986,-1.082,-7.002091,-34.832684
124266,0,-0.29,-1.09,9.931,-1.020,-1.116,-7.002091,-34.832684
124317,0,-0.29,0.00,9.941,-1.006,-1.120,-7.002091,-34.832684
124367,0,-0.27,0.56,9.926,-1.006,-1.111,-7.002091,-34.832684
124417,0,-0.26,0.52,9.946,-1.006,-1.092,-7.002091,-34.832684
124470,0,-0.22,0.00,9.917,-1.001,-1.125,-7.002091,-34.832684
124520,0,-0.26,-1.34,9.946,-1.020,-1.101,-7.002091,-34.832684
124572,0,-0.22,0.00,9.936,-1.010,-1.106,-7.002091,-34.832684
124623,0,-0.21,0.52,9.936,-1.001,-1.111,-7.002091,-34.832684
124675,0,-0.21,0.00,9.922,-1.001,-1.097,-7.002091,-34.832684
124726,0,-0.21,0.00,9.936,-1.025,-1.101,-7.002091,-34.832684
124778,0,-0.21,0.00,9.941,-1.010,-1.125,-7.002091,-34.832684
124830,0,-0.21,0.00,9.941,-1.010,-1.130,-7.002091,-34.832684
124881,0,-0.20,0.48,9.936,-1.015,-1.140,-7.002091,-34.832684
124933,0,-0.16,0.00,9.926,-1.006,-1.116,-7.002091,-34.832684
124983,0,-0.16,0.00,9.907,-0.996,-1.116,-7.002091,-34.832684
125033,0,-0.17,-0.56,9.922,-1.015,-1.101,-7.002091,-34.832684
125084,0,-0.22,-0.56,9.931,-1.001,-1.111,-7.002091,-34.832684
125134,0,-0.20,0.93,9.907,-1.006,-1.120,-7.002091,-34.832684
125185,0,-0.22,0.00,9.926,-1.010,-1.120,-7.002091,-34.832684
125235,0,-0.23,0.00,9.941,-1.001,-1.092,-7.002091,-34.832684
125285,0,-0.24,-0.56,9.946,-1.006,-1.097,-7.002091,-34.832684
125336,0,-0.26,0.00,9.926,-1.020,-1.097,-7.002091,-34.832684
125386,0,-0.27,-0.52,9.926,-1.001,-1.101,-7.002091,-34.832684
125436,0,-0.27,0.00,9.922,-0.991,-1.106,-7.002091,-34.832684
125488,0,-0.28,0.00,9.917,-1.015,-1.135,-7.002091,-34.832684
125540,0,-0.30,-0.52,9.950,-0.991,-1.116,-7.002091,-34.832684
125591,0,-0.31,-0.48,9.946,-0.982,-1.106,-7.002091,-34.832684
125643,0,-0.31,0.00,9.931,-1.001,-1.097,-7.002091,-34.832684
125695,0,-0.32,0.00,9.936,-1.006,-1.087,-7.002091,-34.832684
125745,0,-0.32,0.00,9.926,-1.010,-1.120,-7.002091,-34.832684
125797,0,-0.34,-0.52,9.946,-1.015,-1.087,-7.002091,-34.832684
125848,0,-0.35,0.00,9.912,-0.991,-1.111,-7.002091,-34.832684
125900,0,-0.33,0.78,9.936,-0.986,-1.111,-7.002091,-34.832684
125951,0,-0.34,0.00,9.926,-1.010,-1.120,-7.002091,-34.832684
126002,0,-0.33,0.00,9.936,-1.006,-1.101,-7.002091,-34.832684
126052,0,-0.34,-0.48,9.926,-0.991,-1.125,-7.002090,-34.832684
126103,0,-0.34,0.00,9.941,-1.010,-1.111,-7.002090,-34.832684
126153,0,-0.32,1.49,9.926,-1.010,-1.106,-7.002090,-34.832684
126225,0,-0.32,0.00,9.931,-1.025,-1.092,-7.002090,-34.832684
126314,0,-0.32,0.00,9.917,-0.991,-1.082,-7.002090,-34.832684
126366,0,0.45,30.55,9.926,-1.010,-1.120,-7.002090,-34.832684
126416,0,1.59,45.68,9.946,-1.006,-1.106,-7.002090,-34.832684
126468,0,2.63,0.00,9.931,-1.001,-1.125,-7.002090,-34.832684
126520,0,4.58,34.71,9.941,-1.010,-1.125,-7.002090,-34.832684
126572,0,5.46,32.87,9.941,-1.006,-1.106,-7.002090,-34.832684
126622,0,6.26,29.33,9.926,-1.001,-1.116,-7.002090,-34.832684
126673,0,7.01,0.00,9.941,-1.006,-1.101,-7.002090,-34.832684
126725,0,7.23,-19.10,9.941,-1.010,-1.101,-7.002090,-34.832684
126777,0,6.79,-16.31,9.926,-1.010,-1.130,-7.002090,-34.832684
126828,0,5.89,-15.95,9.931,-0.996,-1.106,-7.002090,-34.832684
126880,0,5.51,-15.35,9.922,-1.006,-1.106,-7.002090,-34.832684
126931,0,5.15,0.00,9.922,-0.991,-1.092,-7.002090,-34.832684
126982,0,4.46,-13.02,9.931,-0.986,-1.116,-7.002090,-34.832684
127032,0,4.19,-10.95,9.931,-1.001,-1.101,-7.002090,-34.832687
127082,0,3.90,0.00,9.912,-0.991,-1.111,-7.002090,-34.832687
127133,0,3.40,-10.08,9.907,-1.015,-1.101,-7.002090,-34.832687
127183,0,3.13,-10.60,9.936,-1.015,-1.106,-7.002090,-34.832687
127234,0,2.91,0.00,9.926,-0.982,-1.092,-7.002090,-34.832687
127284,0,2.53,-8.30,9.922,-1.015,-1.120,-7.002090,-34.832687
127334,0,2.35,-7.24,9.931,-1.006,-1.120,-7.002090,-34.832687
127385,0,2.19,0.00,9.917,-0.977,-1.097,-7.002090,-34.832687
127435,0,1.90,-5.71,9.941,-1.006,-1.111,-7.002090,-34.832687
127487,0,1.75,-5.87,9.926,-1.025,-1.116,-7.002090,-34.832687
127536,0,1.51,-4.02,9.931,-1.006,-1.106,-7.002090,-34.832687
127588,0,1.40,-4.04,9.926,-0.991,-1.120,-7.002090,-34.832687
127639,0,1.29,0.00,9.931,-0.982,-1.111,-7.002090,-34.832687
127691,0,1.06,-4.54,9.941,-1.010,-1.116,-7.002090,-34.832687
127742,0,0.97,-3.18,9.936,-1.001,-1.111,-7.002090,-34.832687
127793,0,0.85,-4.45,9.917,-0.996,-1.101,-7.002090,-34.832687
127844,0,0.79,0.00,9.922,-1.001,-1.116,-7.002090,-34.832687
127896,0,0.70,-0.84,9.926,-1.001,-1.116,-7.002090,-34.832687
127948,0,0.63,-2.59,9.926,-0.991,-1.116,-7.002090,-34.832687
127998,0,0.50,-1.47,9.926,-0.996,-1.073,-7.002090,-34.832687
128048,0,0.43,-2.80,9.926,-1.001,-1.111,-7.002090,-34.832687
128099,0,0.39,0.00,9.936,-1.001,-1.111,-7.002090,-34.832687
128149,0,0.30,-1.45,9.926,-1.006,-1.120,-7.002090,-34.832687
128200,0,0.28,-0.91,9.941,-1.001,-1.106,-7.002090,-34.832687
128250,0,0.26,0.00,9.926,-0.996,-1.101,-7.002090,-34.832687
128314,0,0.16,-1.25,9.922,-1.010,-1.077,-7.002090,-34.832687
128364,0,0.12,0.00,9.931,-0.991,-1.092,-7.002090,-34.832687
128415,0,0.07,-1.99,9.931,-1.015,-1.116,-7.002090,-34.832687
128467,0,0.05,0.00,9.941,-1.006,-1.082,-7.002090,-34.832687
128519,0,0.01,-1.25,9.936,-1.010,-1.130,-7.002090,-34.832687
128569,0,0.01,0.00,9.941,-0.996,-1.130,-7.002090,-34.832687
128620,0,-0.02,0.00,9.941,-0.996,-1.111,-7.002090,-34.832687
128672,0,-0.05,0.00,9.950,-1.010,-1.111,-7.002090,-34.832687
128724,0,-0.07,-0.82,9.936,-0.996,-1.087,-7.002090,-34.832687
128775,0,-0.08,-0.56,9.926,-1.006,-1.106,-7.002090,-34.832687
128827,0,-0.13,-1.93,9.922,-1.001,-1.097,-7.002090,-34.832687
128878,0,-0.13,0.00,9.941,-1.015,-1.120,-7.002090,-34.832687
128930,0,-0.13,0.00,9.941,-1.006,-1.116,-7.002090,-34.832687
128980,0,-0.17,0.00,9.912,-1.015,-1.097,-7.002090,-34.832687
129030,0,-0.17,0.00,9.922,-1.010,-1.106,-7.002088,-34.832687
129081,0,-0.22,0.00,9.931,-1.001,-1.087,-7.002088,-34.832687
129131,0,-0.23,0.00,9.926,-1.020,-1.087,-7.002088,-34.832687
129182,0,-0.23,0.00,9.926,-1.010,-1.116,-7.002088,-34.832687
129232,0,-0.23,0.00,9.931,-1.001,-1.082,-7.002088,-34.832687
129282,0,-0.23,1.43,9.941,-1.006,-1.106,-7.002088,-34.832687
129333,0,-0.27,-1.49,9.926,-1.006,-1.140,-7.002088,-34.832687
129383,0,-0.28,0.00,9.907,-0.996,-1.101,-7.002088,-34.832687
129434,0,-0.25,0.56,9.917,-1.001,-1.116,-7.002088,-34.832687
129486,0,-0.25,0.00,9.931,-1.010,-1.116,-7.002088,-34.832687
129537,0,-0.25,0.00,9.926,-0.996,-1.097,-7.002088,-34.832687
129589,0,-0.25,0.00,9.912,-1.010,-1.125,-7.002088,-34.832687
129640,0,-0.25,0.00,9.907,-1.001,-1.111,-7.002088,-34.832687
129692,0,-0.28,-0.52,9.922,-1.015,-1.097,-7.002088,-34.832687
129744,0,-0.31,0.00,9.931,-1.015,-1.116,-7.002088,-34.832687
129794,0,-0.33,-0.56,9.926,-1.001,-1.116,-7.002088,-34.832687
129845,0,-0.33,0.00,9.936,-0.986,-1.092,-7.002088,-34.832687
129897,0,-0.31,0.84,9.931,-0.996,-1.101,-7.002088,-34.832687
129946,0,-0.34,-1.23,9.941,-0.996,-1.097,-7.002088,-34.832687
129996,0,-0.34,-1.33,9.917,-0.996,-1.125,-7.002088,-34.832687
130047,0,-0.34,0.00,9.922,-1.015,-1.116,-7.002089,-34.832691
130097,0,-0.34,0.00,9.922,-1.010,-1.120,-7.002089,-34.832691
130148,0,-0.36,-0.56,9.917,-1.001,-1.116,-7.002089,-34.832691
130198,0,-0.32,1.33,9.926,-0.996,-1.116,-7.002089,-34.832691
130248,0,-0.37,0.00,9.922,-1.010,-1.097,-7.002089,-34.832691
130299,0,-0.32,0.52,9.936,-0.982,-1.106,-7.002089,-34.832691
130363,0,-0.36,-0.43,9.907,-1.015,-1.087,-7.002089,-34.832691
130413,0,-0.37,-0.52,9.917,-1.006,-1.073,-7.002089,-34.832691
130466,0,-0.34,0.00,9.926,-1.015,-1.097,-7.002089,-34.832691
130516,0,-0.38,-1.75,9.926,-1.010,-1.106,-7.002089,-34.832691
130568,0,-0.38,0.00,9.926,-1.001,-1.125,-7.002089,-34.832691
130619,0,-0.36,0.74,9.946,-0.986,-1.116,-7.002089,-34.832691
130671,0,-0.36,0.00,9.941,-1.001,-1.116,-7.002089,-34.832691
130722,0,-0.35,0.00,9.931,-0.996,-1.111,-7.002089,-34.832691
130774,0,-0.35,0.00,9.922,-1.006,-1.125,-7.002089,-34.832691
130826,0,-0.35,0.00,9.931,-1.006,-1.135,-7.002089,-34.832691
130877,0,-0.36,-0.48,9.926,-1.006,-1.092,-7.002089,-34.832691
130929,0,-0.36,0.00,9.922,-1.006,-1.082,-7.002089,-34.832691
130979,0,-0.38,0.00,9.922,-1.001,-1.111,-7.002089,-34.832691
131029,0,-0.38,0.00,9.936,-1.006,-1.111,-7.002089,-34.832691
131079,0,-0.39,0.00,9.941,-0.991,-1.106,-7.002089,-34.832691
131130,0,-0.39,0.00,9.931,-1.010,-1.101,-7.002089,-34.832691
131180,0,-0.40,-0.56,9.936,-1.010,-1.106,-7.002089,-34.832691
131231,0,-0.40,0.00,9.946,-1.001,-1.125,-7.002089,-34.832691
131281,0,-0.42,0.00,9.946,-1.010,-1.101,-7.002089,-34.832691
131332,0,-0.40,0.93,9.936,-0.996,-1.097,-7.002089,-34.832691
131382,0,-0.43,0.00,9.931,-0.996,-1.097,-7.002089,-34.832691
131432,0,-0.43,0.00,9.922,-0.986,-1.125,-7.002089,-34.832691
131484,0,-0.40,0.00,9.926,-1.015,-1.101,-7.002089,-34.832691
131536,0,-0.41,0.00,9.922,-1.006,-1.101,-7.002089,-34.832691
131587,0,-0.41,0.00,9.950,-1.015,-1.140,-7.002089,-34.832691
131639,0,-0.42,0.00,9.931,-1.001,-1.097,-7.002089,-34.832691
131691,0,-0.42,0.00,9.926,-1.020,-1.106,-7.002089,-34.832691
131741,0,-0.42,0.00,9.926,-1.001,-1.077,-7.002089,-34.832691
131793,0,-0.42,0.00,9.922,-0.991,-1.087,-7.002089,-34.832691
131844,0,-0.42,0.00,9.922,-1.010,-1.097,-7.002089,-34.832691
131896,0,-0.42,0.00,9.931,-1.015,-1.101,-7.002089,-34.832691
131947,0,-0.41,0.00,9.912,-1.010,-1.087,-7.002089,-34.832691
131998,0,-0.41,0.00,9.936,-0.996,-1.149,-7.002089,-34.832691
132048,0,-0.42,-0.52,9.936,-0.996,-1.097,-7.002090,-34.832691
132098,0,-0.42,0.00,9.922,-1.020,-1.120,-7.002090,-34.832691
132149,0,-0.39,0.00,9.941,-0.991,-1.116,-7.002090,-34.832691
132199,0,-0.37,0.54,9.936,-1.006,-1.116,-7.002090,-34.832691
132250,0,-0.37,0.00,9.926,-0.986,-1.087,-7.002090,-34.832691
132300,0,-0.36,0.52,9.941,-1.010,-1.101,-7.002090,-34.832691
132351,0,-0.34,0.56,9.931,-1.015,-1.111,-7.002090,-34.832691
132415,0,-0.33,0.16,9.917,-0.996,-1.068,-7.002090,-34.832691
132465,0,-0.32,0.00,9.926,-1.015,-1.097,-7.002090,-34.832691
132515,0,-0.32,0.00,9.941,-1.015,-1.092,-7.002090,-34.832691
132566,0,-0.30,0.48,9.946,-0.991,-1.077,-7.002090,-34.832691
132618,0,-0.33,-0.88,9.936,-1.006,-1.116,-7.002090,-34.832691
132670,0,-0.34,0.00,9.922,-0.996,-1.092,-7.002090,-34.832691
132721,0,-0.34,0.00,9.926,-1.001,-1.120,-7.002090,-34.832691
132773,0,-0.35,0.00,9.931,-1.001,-1.140,-7.002090,-34.832691
132824,0,-0.34,0.00,9.931,-0.996,-1.092,-7.002090,-34.832691
132876,0,-0.34,0.00,9.946,-1.006,-1.111,-7.002090,-34.832691
132928,0,-0.34,0.00,9.936,-1.001,-1.106,-7.002090,-34.832691
132977,0,-0.33,0.56,9.946,-1.001,-1.130,-7.002090,-34.832691
133028,0,-0.33,0.00,9.926,-0.996,-1.101,-7.002089,-34.832691
133078,0,-0.33,0.00,9.922,-1.030,-1.101,-7.002089,-34.832691
133129,0,-0.33,0.00,9.917,-1.010,-1.106,-7.002089,-34.832691
133179,0,-0.33,0.00,9.922,-1.010,-1.135,-7.002089,-34.832691
133230,0,-0.31,0.00,9.941,-0.996,-1.111,-7.002089,-34.832691
133280,0,-0.34,-0.56,9.950,-0.996,-1.116,-7.002089,-34.832691
133330,0,-0.35,-0.50,9.926,-0.986,-1.101,-7.002089,-34.832691
133381,0,-0.35,0.00,9.907,-0.996,-1.087,-7.002089,-34.832691
133431,0,-0.34,0.00,9.936,-1.015,-1.111,-7.002089,-34.832691
133483,0,-0.34,0.00,9.931,-1.006,-1.101,-7.002089,-34.832691
133535,0,-0.34,0.00,9.917,-1.001,-1.116,-7.002089,-34.832691
133586,0,-0.35,0.00,9.922,-1.034,-1.106,-7.002089,-34.832691
133638,0,-0.35,0.00,9.941,-0.982,-1.135,-7.002089,-34.832691
133689,0,-0.37,-0.52,9.931,-1.020,-1.120,-7.002089,-34.832691
133741,0,-0.39,-0.82,9.941,-1.006,-1.077,-7.002089,-34.832691
133793,0,-0.36,0.52,9.936,-0.996,-1.077,-7.002089,-34.832691
133843,0,-0.36,0.00,9.931,-0.996,-1.125,-7.002089,-34.832691
133895,0,-0.35,0.52,9.931,-1.020,-1.125,-7.002089,-34.832691
133946,0,-0.35,0.00,9.931,-1.001,-1.101,-7.002089,-34.832691
133997,0,-0.35,0.52,9.907,-1.044,-1.135,-7.002089,-34.832691
134047,0,-0.35,0.00,9.946,-1.015,-1.111,-7.002089,-34.832691
134177,0,-0.34,0.28,9.926,-0.991,-1.092,-7.002089,-34.832691
134228,0,-0.34,0.00,9.941,-0.991,-1.092,-7.002089,-34.832691
134278,0,-0.34,0.00,9.922,-1.034,-1.116,-7.002089,-34.832691
134328,0,-0.34,0.00,9.931,-1.039,-1.135,-7.002089,-34.832691
134379,0,-0.37,-1.33,9.936,-1.015,-1.111,-7.002089,-34.832691
134429,0,-0.38,0.00,9.931,-1.020,-1.106,-7.002089,-34.832691
134481,0,-0.37,0.00,9.946,-0.977,-1.125,-7.002089,-34.832691
134533,0,-0.36,0.00,9.931,-0.967,-1.097,-7.002089,-34.832691
134584,0,-0.34,0.56,9.917,-1.006,-1.111,-7.002089,-34.832691
134635,0,-0.34,0.00,9.936,-1.030,-1.097,-7.002089,-34.832691
134686,0,-0.34,0.00,9.950,-1.034,-1.130,-7.002089,-34.832691
134738,0,-0.33,0.45,9.912,-1.039,-1.125,-7.002089,-34.832691
134789,0,-0.33,0.00,9.922,-1.001,-1.120,-7.002089,-34.832691
134841,0,-0.33,0.00,9.936,-0.972,-1.092,-7.002089,-34.832691
134893,0,-0.31,0.00,9.926,-0.972,-1.101,-7.002089,-34.832691
134944,0,-0.31,0.00,9.936,-0.972,-1.111,-7.002089,-34.832691
134995,0,-0.30,0.00,9.931,-1.010,-1.106,-7.002089,-34.832691
135045,0,-0.31,-0.52,9.936,-1.025,-1.135,-7.002088,-34.832691
135095,0,-0.33,-0.60,9.946,-1.020,-1.116,-7.002088,-34.832691
135146,0,-0.33,0.00,9.931,-0.991,-1.111,-7.002088,-34.832691
135196,0,-0.30,0.52,9.917,-0.972,-1.106,-7.002088,-34.832691
135247,0,-0.29,0.56,9.931,-0.986,-1.120,-7.002088,-34.832691
135297,0,-0.29,0.00,9.960,-0.977,-1.111,-7.002088,-34.832691
135347,0,-0.27,0.00,9.922,-1.006,-1.106,-7.002088,-34.832691
135398,0,-0.26,0.52,9.946,-1.006,-1.116,-7.002088,-34.832691
135448,0,-0.27,0.00,9.946,-1.010,-1.116,-7.002088,-34.832691
135500,0,-0.26,0.00,9.946,-1.001,-1.092,-7.002088,-34.832691
135551,0,-0.25,0.48,9.922,-0.991,-1.130,-7.002088,-34.832691
135603,0,-0.25,0.00,9.922,-0.996,-1.125,-7.002088,-34.832691
135654,0,-0.25,0.00,9.941,-1.001,-1.073,-7.002088,-34.832691
135706,0,-0.23,0.00,9.936,-1.006,-1.097,-7.002088,-34.832691
135758,0,-0.22,0.52,9.941,-1.025,-1.082,-7.002088,-34.832691
135808,0,-0.22,0.00,9.936,-1.015,-1.097,-7.002088,-34.832691
135860,0,-0.19,0.56,9.936,-0.996,-1.101,-7.002088,-34.832691
135911,0,-0.18,0.00,9.922,-0.996,-1.125,-7.002088,-34.832691
135963,0,-0.16,0.52,9.946,-0.977,-1.106,-7.002088,-34.832691
136014,0,-0.16,0.00,9.936,-0.996,-1.125,-7.002088,-34.832691
136064,0,-0.15,0.00,9.912,-1.001,-1.101,-7.002088,-34.832695
136114,0,-0.15,0.00,9.917,-1.006,-1.125,-7.002088,-34.832695
136165,0,-0.14,0.56,9.931,-1.020,-1.120,-7.002088,-34.832695
136228,0,-0.12,0.17,9.922,-0.991,-1.116,-7.002088,-34.832695
136279,0,-0.12,0.00,9.936,-0.991,-1.111,-7.002088,-34.832695
136329,0,-0.12,0.00,9.922,-0.977,-1.120,-7.002088,-34.832695
136380,0,-0.14,0.00,9.936,-1.001,-1.097,-7.002088,-34.832695
136430,0,-0.14,0.00,9.922,-0.996,-1.116,-7.002088,-34.832695
136482,0,-0.12,0.74,9.922,-1.025,-1.135,-7.002088,-34.832695
136533,0,-0.12,0.00,9.931,-1.006,-1.092,-7.002088,-34.832695
136584,0,-0.12,0.00,9.922,-1.006,-1.125,-7.002088,-34.832695
136635,0,-0.12,0.00,9.931,-1.010,-1.106,-7.002088,-34.832695
136687,0,-0.12,0.00,9.941,-1.001,-1.106,-7.002088,-34.832695
136739,0,-0.13,0.00,9.931,-1.015,-1.101,-7.002088,-34.832695
136790,0,-0.13,-0.48,9.936,-0.991,-1.111,-7.002088,-34.832695
136842,0,-0.12,0.48,9.922,-0.996,-1.106,-7.002088,-34.832695
136893,0,-0.12,0.00,9.917,-0.996,-1.101,-7.002088,-34.832695
136945,0,-0.13,-0.48,9.941,-1.015,-1.135,-7.002088,-34.832695
136995,0,-0.14,0.00,9.922,-1.006,-1.106,-7.002088,-34.832695
137046,0,-0.16,0.00,9.922,-1.001,-1.106,-7.002087,-34.832695
137096,0,-0.14,0.50,9.931,-1.001,-1.120,-7.002087,-34.832695
137147,0,-0.16,0.00,9.931,-1.001,-1.082,-7.002087,-34.832695
137197,0,-0.17,-1.49,9.931,-0.996,-1.120,-7.002087,-34.832695
137247,0,-0.14,1.49,9.946,-1.015,-1.116,-7.002087,-34.832695
137298,0,-0.14,0.00,9.936,-1.010,-1.097,-7.002087,-34.832695
137348,0,-0.15,-0.50,9.936,-1.006,-1.135,-7.002087,-34.832695
137399,0,-0.15,0.00,9.955,-1.001,-1.116,-7.002087,-34.832695
137449,0,-0.19,0.00,9.926,-1.001,-1.077,-7.002087,-34.832695
137500,0,-0.18,0.00,9.936,-1.001,-1.111,-7.002087,-34.832695
137552,0,-0.19,-0.56,9.912,-1.010,-1.087,-7.002087,-34.832695
137604,0,-0.23,0.00,9.936,-1.001,-1.106,-7.002087,-34.832695
137655,0,-0.20,-0.52,9.950,-1.020,-1.120,-7.002087,-34.832695
137707,0,-0.19,0.00,9.926,-1.006,-1.092,-7.002087,-34.832695
137758,0,-0.19,0.00,9.936,-1.020,-1.125,-7.002087,-34.832695
137810,0,-0.19,0.00,9.922,-0.996,-1.111,-7.002087,-34.832695
137862,0,-0.19,0.00,9.931,-1.006,-1.106,-7.002087,-34.832695
137912,0,-0.19,0.00,9.950,-1.010,-1.130,-7.002087,-34.832695
137961,0,-0.15,1.38,9.931,-1.015,-1.092,-7.002087,-34.832695
138012,0,-0.17,-0.56,9.922,-1.006,-1.111,-7.002087,-34.832695
138062,0,-0.15,0.00,9.922,-1.006,-1.106,-7.002087,-34.832695
138112,0,-0.15,0.00,9.917,-1.010,-1.106,-7.002087,-34.832695
138163,0,-0.17,-0.56,9.931,-0.996,-1.092,-7.002087,-34.832695
138213,0,-0.18,0.00,9.907,-1.015,-1.120,-7.002087,-34.832695
138277,0,-0.21,-0.32,9.917,-0.982,-1.087,-7.002087,-34.832695
138327,0,-0.22,-0.54,9.931,-1.030,-1.087,-7.002087,-34.832695
138378,0,-0.22,0.00,9.950,-1.010,-1.087,-7.002087,-34.832695
138428,0,-0.24,-0.52,9.946,-1.010,-1.135,-7.002087,-34.832695
138480,0,-0.24,0.00,9.936,-0.996,-1.111,-7.002087,-34.832695
138532,0,-0.25,0.00,9.922,-0.991,-1.111,-7.002087,-34.832695
138583,0,-0.26,0.00,9.941,-0.996,-1.106,-7.002087,-34.832695
138634,0,-0.26,0.00,9.955,-1.020,-1.125,-7.002087,-34.832695
138685,0,-0.26,0.00,9.936,-0.991,-1.111,-7.002087,-34.832695
138737,0,-0.26,0.00,9.931,-0.991,-1.116,-7.002087,-34.832695
138789,0,-0.28,0.00,9.926,-0.991,-1.097,-7.002087,-34.832695
138840,0,-0.29,-0.48,9.931,-1.015,-1.116,-7.002087,-34.832695
138892,0,-0.32,0.00,9.936,-1.001,-1.101,-7.002087,-34.832695
138943,0,-0.32,0.00,9.907,-1.006,-1.135,-7.002087,-34.832695
138994,0,-0.30,0.00,9.926,-1.015,-1.135,-7.002087,-34.832695
139044,0,-0.32,-0.50,9.936,-0.996,-1.116,-7.002087,-34.832695
139094,0,-0.32,0.00,9.936,-1.006,-1.097,-7.002087,-34.832695
139145,0,-0.27,0.00,9.926,-1.020,-1.111,-7.002087,-34.832695
139195,0,-0.28,0.00,9.907,-1.006,-1.111,-7.002087,-34.832695
139246,0,-0.28,0.00,9.912,-0.991,-1.120,-7.002087,-34.832695
139296,0,-0.28,0.00,9.931,-0.996,-1.116,-7.002087,-34.832695
139347,0,-0.28,0.00,9.922,-1.006,-1.106,-7.002087,-34.832695
139397,0,-0.29,-0.52,9.907,-0.996,-1.125,-7.002087,-34.832695
139447,0,-0.28,0.00,9.931,-1.001,-1.101,-7.002087,-34.832695
139499,0,-0.29,0.00,9.926,-0.986,-1.125,-7.002087,-34.832695
139551,0,-0.29,0.00,9.931,-1.010,-1.087,-7.002087,-34.832695
139602,0,-0.29,0.00,9.917,-1.006,-1.097,-7.002087,-34.832695
139654,0,-0.28,0.00,9.926,-1.006,-1.120,-7.002087,-34.832695
139705,0,-0.29,0.00,9.931,-1.039,-1.111,-7.002087,-34.832695
139757,0,-0.29,0.00,9.946,-1.015,-1.125,-7.002087,-34.832695
139809,0,-0.31,-0.52,9.926,-1.015,-1.111,-7.002087,-34.832695
139859,0,-0.26,1.83,9.917,-1.001,-1.106,-7.002087,-34.832695
139910,0,-0.26,0.00,9.941,-1.001,-1.106,-7.002087,-34.832695
139962,0,-0.29,-1.09,9.922,-1.001,-1.111,-7.002087,-34.832695
140013,0,-0.30,-0.52,9.931,-0.991,-1.116,-7.002087,-34.832695
140063,0,-0.31,0.00,9.926,-1.010,-1.106,-7.002086,-34.832691
140114,0,-0.30,-0.56,9.931,-1.006,-1.097,-7.002086,-34.832691
140164,0,-0.30,0.00,9.931,-1.034,-1.092,-7.002086,-34.832691
140215,0,-0.32,0.00,9.917,-1.020,-1.077,-7.002086,-34.832691
140265,0,-0.32,0.00,9.922,-0.996,-1.097,-7.002086,-34.832691
140330,0,-0.33,-0.17,9.907,-0.977,-1.111,-7.002086,-34.832691
140380,0,-0.34,0.00,9.936,-1.001,-1.120,-7.002086,-34.832691
140431,0,-0.34,0.00,9.936,-1.006,-1.125,-7.002086,-34.832691
140483,0,-0.36,-0.52,9.926,-1.006,-1.101,-7.002086,-34.832691
140533,0,-0.36,0.00,9.931,-1.010,-1.068,-7.002086,-34.832691
140585,0,-0.34,0.56,9.917,-1.015,-1.116,-7.002086,-34.832691
140636,0,-0.36,0.00,9.931,-0.991,-1.106,-7.002086,-34.832691
140688,0,-0.37,-0.48,9.926,-1.010,-1.106,-7.002086,-34.832691
140739,0,-0.37,0.00,9.946,-0.996,-1.120,-7.002086,-34.832691
140791,0,-0.37,0.52,9.936,-0.996,-1.106,-7.002086,-34.832691
140843,0,-0.37,0.00,9.898,-1.020,-1.097,-7.002086,-34.832691
140894,0,-0.36,0.00,9.946,-1.006,-1.149,-7.002086,-34.832691
140946,0,-0.36,0.00,9.907,-0.986,-1.106,-7.002086,-34.832691
140996,0,-0.36,0.00,9.926,-0.977,-1.097,-7.002086,-34.832691
141047,0,-0.34,0.00,9.926,-1.010,-1.111,-7.002086,-34.832691
141097,0,-0.34,0.00,9.931,-1.020,-1.092,-7.002086,-34.832691
141147,0,-0.33,0.00,9.912,-1.025,-1.116,-7.002086,-34.832691
141198,0,-0.33,0.00,9.917,-1.001,-1.101,-7.002086,-34.832691
141248,0,-0.33,0.00,9.946,-1.001,-1.111,-7.002086,-34.832691
141299,0,-0.32,0.00,9.912,-0.996,-1.111,-7.002086,-34.832691
141349,0,-0.32,0.56,9.936,-0.991,-1.101,-7.002086,-34.832691
141399,0,-0.32,0.00,9.931,-1.006,-1.097,-7.002086,-34.832691
141450,0,-0.32,0.00,9.922,-0.996,-1.111,-7.002086,-34.832691
141501,0,-0.30,0.48,9.946,-0.977,-1.111,-7.002086,-34.832691
141553,0,-0.30,0.00,9.941,-1.006,-1.087,-7.002086,-34.832691
141604,0,-0.30,0.00,9.950,-1.001,-1.130,-7.002086,-34.832691
141656,0,-0.32,-0.48,9.941,-0.986,-1.106,-7.002086,-34.832691
141708,0,-0.30,0.00,9.941,-0.986,-1.097,-7.002086,-34.832691
141758,0,-0.30,0.00,9.926,-0.996,-1.082,-7.002086,-34.832691
141810,0,-0.30,0.00,9.931,-1.015,-1.111,-7.002086,-34.832691
141861,0,-0.30,0.00,9.931,-1.030,-1.125,-7.002086,-34.832691
141913,0,-0.32,0.00,9.912,-1.025,-1.068,-7.002086,-34.832691
141965,0,-0.32,0.00,9.922,-1.010,-1.116,-7.002086,-34.832691
142015,0,-0.30,0.00,9.931,-1.006,-1.097,-7.002086,-34.832691
142066,0,-0.27,1.45,9.922,-1.010,-1.092,-7.002086,-34.832691
142116,0,-0.25,0.56,9.917,-0.991,-1.111,-7.002086,-34.832691
142166,0,-0.30,0.00,9.907,-1.010,-1.120,-7.002086,-34.832691
142217,0,-0.30,0.00,9.936,-1.006,-1.101,-7.002086,-34.832691
142267,0,-0.30,0.00,9.898,-1.020,-1.120,-7.002086,-34.832691
142318,0,-0.30,0.00,9.931,-0.986,-1.087,-7.002086,-34.832691
142381,0,-0.29,0.18,9.936,-1.015,-1.111,-7.002086,-34.832691
142432,0,-0.24,2.01,9.941,-1.006,-1.097,-7.002086,-34.832691
142484,0,-0.24,0.00,9.926,-1.010,-1.087,-7.002086,-34.832691
142534,0,-0.23,0.52,9.931,-1.015,-1.087,-7.002086,-34.832691
142586,0,-0.23,0.00,9.936,-1.006,-1.092,-7.002086,-34.832691
142637,0,-0.20,0.52,9.950,-0.982,-1.120,-7.002086,-34.832691
142689,0,-0.16,1.34,9.917,-1.006,-1.111,-7.002086,-34.832691
142740,0,-0.20,0.00,9.917,-1.010,-1.077,-7.002086,-34.832691
142792,0,-0.19,0.00,9.965,-1.044,-1.125,-7.002086,-34.832691
142844,0,-0.19,0.00,9.922,-1.020,-1.120,-7.002086,-34.832691
142895,0,-0.19,0.00,9.902,-0.982,-1.111,-7.002086,-34.832691
142947,0,-0.20,-0.52,9.878,-0.996,-1.087,-7.002086,-34.832691
142997,0,-0.18,-0.52,9.907,-0.991,-1.106,-7.002086,-34.832691
143048,0,-0.18,0.00,9.936,-1.015,-1.125,-7.002086,-34.832691
143098,0,-0.16,0.00,9.965,-1.006,-1.120,-7.002086,-34.832691
143148,0,-0.14,0.50,9.946,-1.015,-1.068,-7.002086,-34.832691
143199,0,-0.14,0.00,9.898,-0.982,-1.135,-7.002086,-34.832691
143249,0,-0.17,0.00,9.941,-1.006,-1.125,-7.002086,-34.832691
143300,0,-0.12,1.41,9.941,-1.010,-1.111,-7.002086,-34.832691
143350,0,-0.12,0.00,9.926,-1.010,-1.106,-7.002086,-34.832691
143400,0,-0.12,0.00,9.936,-1.010,-1.120,-7.002086,-34.832691
143451,0,-0.11,0.00,9.922,-0.982,-1.144,-7.002086,-34.832691
143502,0,-0.09,0.52,9.917,-0.991,-1.092,-7.002086,-34.832691
143554,0,-0.08,0.00,9.931,-1.001,-1.082,-7.002086,-34.832691
143606,0,-0.08,0.00,9.931,-0.991,-1.092,-7.002086,-34.832691
143657,0,-0.09,-0.45,9.965,-1.006,-1.111,-7.002086,-34.832691
143709,0,-0.11,0.00,9.931,-1.039,-1.120,-7.002086,-34.832691
143759,0,-0.11,0.00,9.926,-1.015,-1.106,-7.002086,-34.832691
143811,0,-0.11,0.00,9.878,-0.986,-1.097,-7.002086,-34.832691
143862,0,-0.11,0.00,9.931,-0.986,-1.097,-7.002086,-34.832691
143914,0,-0.11,-0.52,9.931,-0.982,-1.106,-7.002086,-34.832691
143963,0,-0.12,-0.56,9.946,-1.010,-1.135,-7.002086,-34.832691
144014,0,-0.09,0.00,9.965,-1.015,-1.125,-7.002086,-34.832691
144064,0,-0.09,0.00,9.931,-1.015,-1.116,-7.002086,-34.832691
144153,0,-0.06,0.35,9.926,-0.972,-1.073,-7.002086,-34.832691
144203,0,-0.03,0.56,9.926,-0.996,-1.106,-7.002086,-34.832691
144254,0,-0.03,0.00,9.965,-1.010,-1.125,-7.002086,-34.832691
144304,0,-0.02,0.00,9.969,-1.001,-1.111,-7.002086,-34.832691
144354,0,-0.01,0.00,9.931,-1.010,-1.087,-7.002086,-34.832691
144405,0,0.01,0.56,9.950,-1.020,-1.120,-7.002086,-34.832691
144455,0,-0.02,0.00,9.926,-1.025,-1.101,-7.002086,-34.832691
144507,0,-0.02,0.00,9.955,-1.006,-1.097,-7.002086,-34.832691
144557,0,-0.02,0.00,9.936,-0.991,-1.106,-7.002086,-34.832691
144608,0,-0.03,0.00,9.917,-1.020,-1.135,-7.002086,-34.832691
144660,0,-0.03,0.00,9.917,-1.010,-1.140,-7.002086,-34.832691
144712,0,-0.05,0.00,9.931,-1.020,-1.101,-7.002086,-34.832691
144763,0,-0.06,-0.48,9.907,-0.996,-1.082,-7.002086,-34.832691
144815,0,-0.09,-0.56,9.917,-1.010,-1.053,-7.002086,-34.832691
144866,0,-0.10,-0.48,9.936,-1.001,-1.097,-7.002086,-34.832691
144918,0,-0.10,0.00,9.931,-1.010,-1.092,-7.002086,-34.832691
144970,0,-0.09,0.00,9.936,-1.006,-1.125,-7.002086,-34.832691
145021,0,-0.08,0.56,9.965,-0.996,-1.097,-7.002086,-34.832691
145071,0,-0.09,0.00,9.912,-0.996,-1.087,-7.002086,-34.832691
145122,0,-0.04,0.52,9.965,-1.010,-1.140,-7.002086,-34.832691
145172,0,-0.05,-0.52,9.936,-0.991,-1.130,-7.002086,-34.832691
145222,0,-0.09,0.00,9.941,-0.982,-1.120,-7.002086,-34.832691
145273,0,-0.09,-0.93,9.922,-1.006,-1.101,-7.002086,-34.832691
145323,0,-0.09,0.00,9.931,-0.986,-1.077,-7.002086,-34.832691
145374,0,-0.10,0.00,9.902,-1.010,-1.068,-7.002086,-34.832691
145424,0,-0.07,-0.54,9.960,-0.996,-1.111,-7.002086,-34.832691
145476,0,-0.07,0.00,9.960,-1.025,-1.135,-7.002086,-34.832691
145528,0,-0.05,0.00,9.931,-0.986,-1.130,-7.002086,-34.832691
145579,0,-0.05,0.00,9.931,-0.986,-1.106,-7.002086,-34.832691
145631,0,-0.05,0.00,9.917,-0.996,-1.106,-7.002086,-34.832691
145683,0,-0.07,-0.52,9.922,-0.986,-1.101,-7.002086,-34.832691
145734,0,-0.08,0.00,9.912,-1.001,-1.125,-7.002086,-34.832691
145786,0,-0.09,0.82,9.941,-1.025,-1.111,-7.002086,-34.832691
145837,0,-0.09,0.00,9.912,-1.015,-1.097,-7.002086,-34.832691
145888,0,-0.09,0.00,9.917,-1.015,-1.111,-7.002086,-34.832691
145939,0,-0.08,0.00,9.926,-1.010,-1.087,-7.002086,-34.832691
145989,0,-0.13,0.00,9.912,-0.996,-1.101,-7.002086,-34.832691
146040,0,-0.12,0.56,9.931,-0.996,-1.077,-7.002086,-34.832691
146090,0,-0.13,0.00,9.974,-1.006,-1.188,-7.002086,-34.832691
146141,0,-0.12,0.56,9.931,-1.006,-1.116,-7.002086,-34.832691
146205,0,-0.13,-0.17,9.989,-0.986,-1.144,-7.002086,-34.832691
146255,0,-0.14,-0.52,9.907,-0.972,-1.068,-7.002086,-34.832691
146305,0,-0.16,0.00,9.907,-0.977,-1.087,-7.002086,-34.832691
146356,0,-0.17,0.00,9.941,-1.015,-1.130,-7.002086,-34.832691
146406,0,-0.16,0.56,9.946,-1.025,-1.116,-7.002086,-34.832691
146456,0,-0.17,0.00,9.936,-1.015,-1.097,-7.002086,-34.832691
146507,0,-0.16,0.52,9.936,-1.020,-1.106,-7.002086,-34.832691
146558,0,-0.17,-0.52,9.912,-0.982,-1.077,-7.002086,-34.832691
146610,0,-0.17,0.00,9.912,-0.986,-1.101,-7.002086,-34.832691
146661,0,-0.17,0.00,9.922,-1.001,-1.106,-7.002086,-34.832691
146713,0,-0.18,-0.48,9.931,-1.006,-1.106,-7.002086,-34.832691
146765,0,-0.18,0.00,9.941,-1.006,-1.097,-7.002086,-34.832691
146816,0,-0.18,0.00,9.936,-1.025,-1.077,-7.002086,-34.832691
146868,0,-0.20,-0.52,9.902,-1.001,-1.092,-7.002086,-34.832691
146920,0,-0.21,-0.48,9.917,-0.996,-1.116,-7.002086,-34.832691
146969,0,-0.21,0.00,9.946,-1.001,-1.130,-7.002086,-34.832691
147020,0,-0.21,0.00,9.931,-1.015,-1.106,-7.002085,-34.832695
147070,0,-0.23,0.00,9.917,-1.025,-1.116,-7.002085,-34.832695
147120,0,-0.24,-0.52,9.941,-1.006,-1.082,-7.002085,-34.832695
147171,0,-0.25,0.00,9.931,-1.015,-1.116,-7.002085,-34.832695
147221,0,-0.25,0.00,9.931,-0.996,-1.101,-7.002085,-34.832695
147272,0,-0.28,-1.05,9.912,-1.001,-1.125,-7.002085,-34.832695
147322,0,-0.22,0.00,9.917,-0.986,-1.111,-7.002085,-34.832695
147372,0,-0.15,2.33,9.907,-1.015,-1.101,-7.002085,-34.832695
147423,0,-0.09,2.28,9.931,-1.001,-1.106,-7.002085,-34.832695
147472,0,-0.07,0.00,9.936,-1.015,-1.135,-7.002085,-34.832695
147523,0,-0.05,0.44,9.922,-0.991,-1.116,-7.002085,-34.832695
147575,0,-0.12,-2.76,9.912,-1.001,-1.106,-7.002085,-34.832695
147626,0,2.54,0.00,9.926,-1.006,-1.106,-7.002085,-34.832695
147678,0,7.34,87.10,9.917,-1.015,-1.101,-7.002085,-34.832695
147729,0,9.47,0.00,9.950,-1.020,-1.101,-7.002085,-34.832695
147780,0,11.53,76.26,9.912,-1.001,-1.125,-7.002085,-34.832695
147831,0,13.42,0.00,9.931,-1.001,-1.106,-7.002085,-34.832695
147883,0,16.84,63.34,9.936,-0.986,-1.101,-7.002085,-34.832695
147934,0,15.75,-43.71,9.936,-0.982,-1.106,-7.002085,-34.832695
147985,0,14.75,0.00,9.907,-1.020,-1.116,-7.002085,-34.832695
148035,0,12.94,-34.96,9.922,-0.986,-1.106,-7.002082,-34.832691
148085,0,12.14,-30.92,9.898,-1.020,-1.106,-7.002082,-34.832691
148136,0,11.37,0.00,9.931,-0.991,-1.111,-7.002082,-34.832691
148186,0,9.96,-28.87,9.955,-1.006,-1.140,-7.002082,-34.832691
148273,0,8.15,-17.53,9.965,-1.001,-1.130,-7.002082,-34.832691
148323,0,7.61,-20.79,9.926,-1.001,-1.106,-7.002082,-34.832691
148374,0,7.11,0.00,9.936,-0.996,-1.111,-7.002082,-34.832691
148424,0,6.21,-17.25,9.926,-1.010,-1.087,-7.002082,-34.832691
148476,0,5.81,-15.88,9.931,-1.006,-1.116,-7.002082,-34.832691
148528,0,5.40,0.00,9.950,-1.015,-1.111,-7.002082,-34.832691
148579,0,4.68,-12.56,9.936,-1.020,-1.130,-7.002082,-34.832691
148630,0,4.68,0.00,9.946,-1.015,-1.101,-7.002082,-34.832691
148681,0,4.08,-10.17,9.941,-1.010,-1.140,-7.002082,-34.832691
148733,0,3.78,0.00,9.912,-0.991,-1.130,-7.002082,-34.832691
148785,0,3.27,-9.31,9.878,-0.986,-1.092,-7.002082,-34.832691
148836,0,3.06,-7.58,9.912,-0.991,-1.101,-7.002082,-34.832691
148888,0,2.62,-8.48,9.946,-0.977,-1.101,-7.002082,-34.832691
148939,0,2.43,-6.74,9.907,-1.006,-1.106,-7.002082,-34.832691
148990,0,2.26,0.00,9.936,-1.010,-1.111,-7.002082,-34.832691
149040,0,1.97,-5.71,9.922,-1.006,-1.125,-7.002083,-34.832695
149090,0,1.82,-5.81,9.922,-1.010,-1.073,-7.002083,-34.832695
149141,0,1.68,0.00,9.931,-1.001,-1.116,-7.002083,-34.832695
149191,0,1.41,-4.24,9.926,-1.001,-1.130,-7.002083,-34.832695
149242,0,1.30,-4.39,9.936,-1.001,-1.120,-7.002083,-34.832695
149292,0,1.21,0.00,9.955,-1.015,-1.135,-7.002083,-34.832695
149342,0,0.98,-4.39,9.936,-1.015,-1.068,-7.002083,-34.832695
149393,0,0.90,-2.92,9.922,-1.010,-1.106,-7.002083,-34.832695
149443,0,0.83,0.00,9.941,-1.015,-1.106,-7.002083,-34.832695
149495,0,0.69,-2.66,9.936,-1.006,-1.092,-7.002083,-34.832695
149546,0,0.62,-2.70,9.946,-0.982,-1.106,-7.002083,-34.832695
149598,0,0.52,-1.34,9.941,-1.001,-1.101,-7.002083,-34.832695
149650,0,0.44,-3.07,9.926,-0.996,-1.111,-7.002083,-34.832695
149701,0,0.40,0.00,9.926,-1.020,-1.116,-7.002083,-34.832695
149753,0,0.31,-1.34,9.922,-1.020,-1.106,-7.002083,-34.832695
149804,0,0.28,0.00,9.936,-1.015,-1.130,-7.002083,-34.832695
149855,0,0.25,-1.38,9.912,-1.006,-1.111,-7.002083,-34.832695
149906,0,0.21,0.00,9.926,-0.996,-1.111,-7.002083,-34.832695
149958,0,0.13,-1.32,9.936,-0.991,-1.087,-7.002083,-34.832695
150009,0,0.10,-0.97,9.926,-1.001,-1.130,-7.002083,-34.832695
150059,0,0.07,0.00,9.941,-0.991,-1.135,-7.002082,-34.832691
150109,0,0.03,-1.47,9.936,-0.991,-1.130,-7.002082,-34.832691
150160,0,0.04,0.56,9.912,-1.015,-1.111,-7.002082,-34.832691
150210,0,0.01,0.00,9.941,-1.010,-1.111,-7.002082,-34.832691
150261,0,-0.04,0.00,9.931,-1.006,-1.092,-7.002082,-34.832691
150324,0,-0.08,-0.44,9.907,-0.996,-1.120,-7.002082,-34.832691
150374,0,-0.12,0.00,9.950,-0.986,-1.116,-7.002082,-34.832691
150425,0,-0.14,-0.54,9.917,-0.996,-1.130,-7.002082,-34.832691
150477,0,-0.19,-1.86,9.941,-0.977,-1.106,-7.002082,-34.832691
150527,0,-0.20,-0.52,9.941,-1.020,-1.106,-7.002082,-34.832691
150579,0,-0.23,-1.05,9.917,-1.006,-1.116,-7.002082,-34.832691
150630,0,-0.29,-1.83,9.931,-1.030,-1.111,-7.002082,-34.832691
150682,0,-0.31,-0.48,9.926,-1.015,-1.135,-7.002082,-34.832691
150733,0,-0.32,0.00,9.922,-1.030,-1.130,-7.002082,-34.832691
150785,0,-0.37,0.00,9.907,-1.020,-1.116,-7.002082,-34.832691
150837,0,-0.37,0.00,9.926,-1.010,-1.101,-7.002082,-34.832691
150888,0,-0.40,-0.45,9.917,-0.986,-1.116,-7.002082,-34.832691
150940,0,-0.40,0.00,9.926,-0.986,-1.097,-7.002082,-34.832691
150990,0,-0.41,0.00,9.912,-1.001,-1.097,-7.002082,-34.832691
151040,0,-0.45,0.00,9.907,-1.039,-1.101,-7.002083,-34.832695
151091,0,-0.45,0.00,9.931,-1.030,-1.120,-7.002083,-34.832695
151141,0,-0.45,0.00,9.950,-1.015,-1.120,-7.002083,-34.832695
151192,0,-0.46,-0.93,9.926,-1.006,-1.097,-7.002083,-34.832695
151242,0,-0.46,0.00,9.917,-0.996,-1.087,-7.002083,-34.832695
151292,0,-0.46,0.00,9.922,-1.010,-1.111,-7.002083,-34.832695
151343,0,-0.43,0.52,9.917,-1.015,-1.120,-7.002083,-34.832695
151393,0,-0.44,-0.52,9.926,-1.025,-1.101,-7.002083,-34.832695
151444,0,-0.44,0.00,9.931,-1.030,-1.135,-7.002083,-34.832695
151495,0,-0.44,0.00,9.922,-1.030,-1.130,-7.002083,-34.832695
151547,0,-0.44,0.00,9.926,-0.996,-1.111,-7.002083,-34.832695
151598,0,-0.43,0.48,9.931,-0.991,-1.101,-7.002083,-34.832695
151650,0,-0.44,-0.48,9.950,-0.991,-1.111,-7.002083,-34.832695
151702,0,-0.44,0.00,9.912,-1.010,-1.116,-7.002083,-34.832695
151752,0,-0.37,2.72,9.917,-1.025,-1.106,-7.002083,-34.832695
151804,0,-0.31,0.86,9.946,-1.010,-1.111,-7.002083,-34.832695
151855,0,-0.24,2.57,9.950,-0.996,-1.077,-7.002083,-34.832695
151915,0,-0.13,1.34,9.936,-1.010,-1.077,-7.002083,-34.832695
151966,0,-0.17,-1.34,9.922,-0.982,-1.092,-7.002083,-34.832695
152016,0,2.47,0.00,9.917,-1.020,-1.106,-7.002083,-34.832695
152067,0,7.23,90.81,9.936,-1.025,-1.077,-7.002083,-34.832695
152117,0,9.35,84.90,9.946,-1.006,-1.116,-7.002083,-34.832695
152168,0,11.44,0.00,9.922,-0.982,-1.120,-7.002083,-34.832695
152218,0,15.14,72.51,9.907,-1.006,-1.116,-7.002083,-34.832695
152268,0,16.82,67.30,9.926,-0.982,-1.111,-7.002083,-34.832695
152319,0,18.38,0.00,9.912,-0.991,-1.116,-7.002083,-34.832695
152414,0,15.09,-28.40,9.912,-1.025,-1.097,-7.002083,-34.832695
152467,0,13.18,-34.22,9.950,-1.015,-1.144,-7.002083,-34.832695
152518,0,12.33,-34.07,9.931,-1.010,-1.106,-7.002083,-34.832695
152569,0,11.51,-30.28,9.936,-0.996,-1.092,-7.002083,-34.832695
152620,0,10.77,-27.46,9.941,-0.977,-1.130,-7.002083,-34.832695
152672,0,9.37,-25.41,9.936,-1.006,-1.125,-7.002083,-34.832695
152723,0,8.76,-22.70,9.931,-1.010,-1.097,-7.002083,-34.832695
152775,0,8.15,0.00,9.922,-1.020,-1.106,-7.002083,-34.832695
152827,0,7.10,-18.65,9.931,-1.044,-1.101,-7.002083,-34.832695
152878,0,6.61,0.00,9.931,-1.010,-1.125,-7.002083,-34.832695
152930,0,5.72,-16.57,9.922,-0.991,-1.106,-7.002083,-34.832695
152980,0,5.32,-15.92,9.922,-0.991,-1.097,-7.002083,-34.832695
153030,0,4.95,0.00,9.941,-0.996,-1.106,-7.002084,-34.832695
153081,0,4.25,-12.96,9.931,-1.006,-1.097,-7.002084,-34.832695
153131,0,3.91,-13.54,9.931,-1.015,-1.106,-7.002084,-34.832695
153181,0,3.62,0.00,9.926,-1.025,-1.106,-7.002084,-34.832695
153232,0,3.12,-10.08,9.941,-1.015,-1.087,-7.002084,-34.832695
153282,0,2.87,-10.06,9.931,-1.010,-1.125,-7.002084,-34.832695
153333,0,2.64,0.00,9.936,-0.982,-1.130,-7.002084,-34.832695
153383,0,2.24,-7.14,9.907,-0.991,-1.087,-7.002084,-34.832695
153433,0,2.04,-7.52,9.941,-1.010,-1.106,-7.002084,-34.832695
153485,0,1.86,0.00,9.917,-1.015,-1.082,-7.002084,-34.832695
153537,0,1.58,-5.36,9.917,-1.001,-1.125,-7.002084,-34.832695
153589,0,1.42,0.00,9.912,-1.001,-1.106,-7.002084,-34.832695
153640,0,1.19,-3.54,9.936,-1.006,-1.082,-7.002084,-34.832695
153692,0,1.06,-4.81,9.936,-1.010,-1.116,-7.002084,-34.832695
153743,0,0.89,-3.02,9.922,-1.001,-1.130,-7.002084,-34.832695
153794,0,0.89,0.00,9.931,-0.986,-1.135,-7.002084,-34.832695
153845,0,0.71,-2.70,9.936,-1.001,-1.111,-7.002084,-34.832695
153897,0,0.60,-4.02,9.917,-1.006,-1.082,-7.002084,-34.832695
153948,0,0.53,0.00,9.926,-1.006,-1.125,-7.002084,-34.832695
153999,0,0.39,-2.92,9.907,-1.015,-1.140,-7.002084,-34.832695
154049,0,0.32,0.00,9.931,-0.991,-1.092,-7.002084,-34.832695
154152,0,0.20,-0.30,9.917,-1.006,-1.116,-7.002084,-34.832695
154202,0,0.11,-0.89,9.931,-1.006,-1.073,-7.002084,-34.832695
154253,0,0.07,-1.47,9.922,-1.001,-1.106,-7.002084,-34.832695
154303,0,0.01,0.00,9.907,-1.015,-1.111,-7.002084,-34.832695
154354,0,-0.05,-1.33,9.936,-1.030,-1.120,-7.002084,-34.832695
154404,0,-0.08,-1.49,9.936,-1.030,-1.106,-7.002084,-34.832695
154454,0,-0.11,0.00,9.931,-0.996,-1.092,-7.002084,-34.832695
154506,0,-0.13,0.00,9.946,-0.996,-1.116,-7.002084,-34.832695
154557,0,-0.15,-0.82,9.965,-0.991,-1.116,-7.002084,-34.832695
154608,0,-0.15,0.00,9.950,-1.001,-1.111,-7.002084,-34.832695
154659,0,-0.17,0.00,9.907,-1.025,-1.120,-7.002084,-34.832695
154711,0,-0.21,-0.52,9.936,-1.015,-1.125,-7.002084,-34.832695
154763,0,-0.21,0.00,9.922,-1.010,-1.106,-7.002084,-34.832695
154814,0,-0.25,0.00,9.955,-0.982,-1.097,-7.002084,-34.832695
154866,0,-0.28,-1.34,9.912,-0.986,-1.097,-7.002084,-34.832695
154917,0,-0.28,0.00,9.936,-1.001,-1.106,-7.002084,-34.832695
154970,0,-0.33,-1.27,9.917,-1.010,-1.125,-7.002084,-34.832695
155020,0,-0.33,0.00,9.936,-1.010,-1.092,-7.002085,-34.832699
155070,0,-0.33,0.00,9.936,-1.006,-1.092,-7.002085,-34.832699
155121,0,-0.37,-1.45,9.926,-1.015,-1.116,-7.002085,-34.832699
155171,0,-0.37,0.00,9.941,-0.991,-1.097,-7.002085,-34.832699
155222,0,-0.37,0.00,9.922,-0.991,-1.092,-7.002085,-34.832699
155272,0,-0.40,0.56,9.936,-1.001,-1.097,-7.002085,-34.832699
155322,0,-0.39,0.56,9.941,-1.001,-1.111,-7.002085,-34.832699
155373,0,-0.39,0.00,9.926,-1.020,-1.111,-7.002085,-34.832699
155423,0,-0.38,0.00,9.931,-1.030,-1.082,-7.002085,-34.832699
155475,0,-0.36,0.56,9.926,-1.030,-1.116,-7.002085,-34.832699
155527,0,-0.39,-1.38,9.917,-1.001,-1.125,-7.002085,-34.832699
155579,0,-0.35,1.38,9.912,-0.982,-1.073,-7.002085,-34.832699
155630,0,-0.39,0.00,9.936,-1.010,-1.120,-7.002085,-34.832699
155682,0,-0.40,-0.45,9.946,-1.006,-1.130,-7.002085,-34.832699
155733,0,-0.41,0.00,9.931,-1.006,-1.130,-7.002085,-34.832699
155785,0,-0.43,-0.48,9.922,-1.006,-1.101,-7.002085,-34.832699
155837,0,-0.43,0.00,9.922,-1.010,-1.130,-7.002085,-34.832699
155887,0,-0.46,-1.34,9.946,-0.996,-1.106,-7.002085,-34.832699
155938,0,-0.46,0.00,9.931,-1.006,-1.111,-7.002085,-34.832699
155989,0,-0.48,0.00,9.922,-1.025,-1.101,-7.002085,-34.832699
156039,0,-0.48,0.00,9.917,-1.006,-1.120,-7.002085,-34.832695
156089,0,-0.48,0.00,9.931,-1.030,-1.120,-7.002085,-34.832695
156140,0,-0.46,0.00,9.922,-1.001,-1.111,-7.002085,-34.832695
156204,0,-0.48,-0.17,9.922,-0.977,-1.106,-7.002085,-34.832695
156254,0,-0.48,0.00,9.926,-0.982,-1.116,-7.002085,-34.832695
156305,0,-0.48,0.00,9.926,-1.006,-1.106,-7.002085,-34.832695
156355,0,-0.46,0.00,9.931,-1.015,-1.116,-7.002085,-34.832695
156405,0,-0.48,-0.56,9.926,-1.015,-1.140,-7.002085,-34.832695
156458,0,-0.49,0.00,9.922,-1.015,-1.082,-7.002085,-34.832695
156510,0,-0.45,1.38,9.941,-1.001,-1.097,-7.002085,-34.832695
156560,0,-0.45,0.00,9.936,-0.991,-1.116,-7.002085,-34.832695
156611,0,-0.45,0.00,9.926,-1.015,-1.097,-7.002085,-34.832695
156663,0,-0.44,0.00,9.936,-1.001,-1.101,-7.002085,-34.832695
156715,0,-0.45,-0.48,9.950,-1.025,-1.120,-7.002085,-34.832695
156766,0,-0.45,0.00,9.946,-0.996,-1.120,-7.002085,-34.832695
156818,0,-0.43,0.56,9.931,-1.020,-1.135,-7.002085,-34.832695
156869,0,-0.43,0.00,9.926,-1.006,-1.130,-7.002085,-34.832695
156921,0,-0.43,0.00,9.931,-0.991,-1.111,-7.002085,-34.832695
156971,0,-0.43,0.00,9.922,-1.001,-1.125,-7.002085,-34.832695
157021,0,-0.43,0.00,9.941,-1.010,-1.111,-7.002083,-34.832699
157071,0,-0.45,-0.89,9.912,-1.030,-1.116,-7.002083,-34.832699
157122,0,-0.43,0.56,9.931,-1.030,-1.125,-7.002083,-34.832699
157172,0,-0.43,0.00,9.936,-1.010,-1.092,-7.002083,-34.832699
157223,0,-0.43,-0.52,9.922,-1.010,-1.116,-7.002083,-34.832699
157273,0,-0.42,0.52,9.931,-1.006,-1.135,-7.002083,-34.832699
157323,0,-0.41,0.00,9.946,-1.006,-1.120,-7.002083,-34.832699
157374,0,-0.41,0.00,9.941,-1.025,-1.111,-7.002083,-34.832699
157424,0,-0.41,0.00,9.912,-1.030,-1.120,-7.002083,-34.832699
157476,0,-0.41,0.00,9.917,-1.025,-1.116,-7.002083,-34.832699
157528,0,-0.42,-0.52,9.950,-1.006,-1.097,-7.002083,-34.832699
157580,0,-0.43,-0.52,9.912,-0.991,-1.111,-7.002083,-34.832699
157631,0,-0.47,-1.82,9.912,-1.006,-1.116,-7.002083,-34.832699
157683,0,-0.47,0.00,9.926,-0.982,-1.149,-7.002083,-34.832699
157734,0,-0.47,0.00,9.936,-1.006,-1.101,-7.002083,-34.832699
157785,0,-0.47,0.00,9.912,-1.015,-1.106,-7.002083,-34.832699
157836,0,-0.48,0.00,9.917,-0.991,-1.111,-7.002083,-34.832699
157888,0,-0.47,0.52,9.917,-1.015,-1.097,-7.002083,-34.832699
157939,0,-0.47,0.00,9.941,-0.991,-1.092,-7.002083,-34.832699
157990,0,-0.47,0.00,9.917,-1.015,-1.092,-7.002083,-34.832699
158040,0,-0.47,0.00,9.917,-1.001,-1.125,-7.002083,-34.832703
158090,0,-0.47,0.00,9.917,-1.025,-1.120,-7.002083,-34.832703
158141,0,-0.46,0.00,9.946,-1.010,-1.097,-7.002083,-34.832703
158191,0,-0.44,0.56,9.931,-1.006,-1.111,-7.002083,-34.832703
158256,0,-0.44,0.00,9.950,-0.996,-1.106,-7.002083,-34.832703
158307,0,-0.43,0.00,9.946,-1.015,-1.092,-7.002083,-34.832703
158357,0,-0.43,0.00,9.926,-0.996,-1.077,-7.002083,-34.832703
158407,0,-0.42,0.00,9.941,-1.001,-1.092,-7.002083,-34.832703
158457,0,-0.40,0.56,9.931,-1.010,-1.106,-7.002083,-34.832703
158508,0,-0.40,0.00,9.936,-0.996,-1.092,-7.002083,-34.832703
158559,0,-0.38,0.45,9.955,-1.010,-1.116,-7.002083,-34.832703
158611,0,-0.36,0.56,9.902,-1.001,-1.087,-7.002083,-34.832703
158663,0,-0.33,0.00,9.922,-1.010,-1.125,-7.002083,-34.832703
158714,0,-0.32,0.52,9.926,-1.006,-1.130,-7.002083,-34.832703
158766,0,-0.33,0.00,9.907,-1.010,-1.092,-7.002083,-34.832703
158817,0,-0.36,-0.52,9.917,-0.986,-1.111,-7.002083,-34.832703
158869,0,-0.36,0.00,9.926,-1.001,-1.087,-7.002083,-34.832703
158921,0,-0.40,-0.97,9.936,-0.982,-1.087,-7.002083,-34.832703
158970,0,-0.40,0.00,9.917,-1.006,-1.125,-7.002083,-34.832703
159021,0,-0.42,0.00,9.926,-1.015,-1.097,-7.002082,-34.832703
159071,0,-0.42,0.00,9.926,-1.025,-1.101,-7.002082,-34.832703
159121,0,-0.43,-0.56,9.936,-1.006,-1.135,-7.002082,-34.832703
159172,0,-0.42,0.00,9.907,-1.020,-1.116,-7.002082,-34.832703
159222,0,-0.40,0.56,9.950,-1.006,-1.120,-7.002082,-34.832703
159273,0,-0.40,0.00,9.917,-1.020,-1.130,-7.002082,-34.832703
159323,0,-0.39,0.00,9.926,-0.996,-1.101,-7.002082,-34.832703
159373,0,-0.38,0.00,9.922,-1.006,-1.116,-7.002082,-34.832703
159424,0,-0.38,0.00,9.946,-0.986,-1.101,-7.002082,-34.832703
159473,0,-0.38,0.00,9.941,-1.010,-1.111,-7.002082,-34.832703
159525,0,-0.40,0.56,9.936,-0.996,-1.144,-7.002082,-34.832703
159577,0,-0.41,0.00,9.931,-1.006,-1.101,-7.002082,-34.832703
159627,0,-0.34,2.68,9.931,-1.010,-1.097,-7.002082,-34.832703
159679,0,-0.29,0.00,9.955,-1.015,-1.116,-7.002082,-34.832703
159730,0,-0.18,2.72,9.926,-0.967,-1.101,-7.002082,-34.832703
159782,0,-0.15,0.72,9.960,-0.986,-1.116,-7.002082,-34.832703
159833,0,-0.15,0.00,9.922,-1.015,-1.120,-7.002082,-34.832703
159884,0,2.52,101.38,9.931,-0.986,-1.101,-7.002082,-34.832703
159936,0,5.03,0.00,9.941,-1.010,-1.106,-7.002082,-34.832703
159986,0,9.69,89.15,9.922,-1.020,-1.111,-7.002082,-34.832703
160036,0,11.83,85.55,9.936,-1.006,-1.106,-7.002082,-34.832703
160087,0,13.89,0.00,9.950,-1.006,-1.111,-7.002082,-34.832703
160137,0,17.50,70.10,9.941,-0.982,-1.087,-7.002082,-34.832703
160187,0,16.42,-41.38,9.898,-0.991,-1.111,-7.002082,-34.832703
160238,0,15.35,0.00,9.941,-1.010,-1.120,-7.002082,-34.832703
160323,0,12.57,-27.54,9.936,-1.015,-1.111,-7.002082,-34.832703
160374,0,11.75,0.00,9.936,-1.006,-1.106,-7.002082,-34.832703
160424,0,10.26,-28.33,9.907,-0.996,-1.111,-7.002082,-34.832703
160476,0,9.58,-27.42,9.922,-0.991,-1.082,-7.002082,-34.832703
160528,0,8.94,0.00,9.936,-0.986,-1.077,-7.002082,-34.832703
160580,0,7.83,-20.02,9.902,-0.982,-1.092,-7.002082,-34.832703
160630,0,7.83,0.00,9.931,-1.006,-1.073,-7.002082,-34.832703
160682,0,6.80,-17.33,9.941,-1.020,-1.092,-7.002082,-34.832703
160733,0,6.33,0.00,9.917,-1.025,-1.092,-7.002082,-34.832703
160785,0,5.49,-14.72,9.888,-1.010,-1.125,-7.002082,-34.832703
160836,0,5.09,-14.74,9.960,-0.962,-1.135,-7.002082,-34.832703
160888,0,4.73,0.00,9.965,-0.996,-1.111,-7.002082,-34.832703
160940,0,4.07,-12.58,9.965,-0.991,-1.111,-7.002082,-34.832703
160990,0,3.78,0.00,9.912,-1.015,-1.101,-7.002082,-34.832703
161040,0,3.26,-10.23,9.931,-1.020,-1.130,-7.002093,-34.832703
161090,0,3.00,-10.58,9.946,-1.044,-1.097,-7.002093,-34.832703
161141,0,2.75,0.00,9.974,-0.986,-1.120,-7.002093,-34.832703
161191,0,2.36,-7.18,9.931,-0.977,-1.092,-7.002093,-34.832703
161242,0,2.18,-7.26,9.907,-0.953,-1.097,-7.002093,-34.832703
161292,0,2.00,0.00,9.912,-1.006,-1.087,-7.002093,-34.832703
161343,0,1.68,-7.28,9.955,-1.030,-1.154,-7.002093,-34.832703
161393,0,1.55,-5.15,9.926,-1.034,-1.120,-7.002093,-34.832703
161443,0,1.42,0.00,9.912,-1.030,-1.135,-7.002093,-34.832703
161495,0,1.16,-6.26,9.946,-1.020,-1.144,-7.002093,-34.832703
161547,0,1.07,-3.50,9.941,-0.986,-1.097,-7.002093,-34.832703
161599,0,0.88,-3.54,9.941,-0.986,-1.101,-7.002093,-34.832703
161650,0,0.82,-2.33,9.912,-0.986,-1.101,-7.002093,-34.832703
161702,0,0.75,0.00,9.912,-1.010,-1.101,-7.002093,-34.832703
161753,0,0.63,-2.20,9.926,-1.034,-1.120,-7.002093,-34.832703
161805,0,0.55,-4.36,9.922,-1.010,-1.130,-7.002093,-34.832703
161857,0,0.45,-2.18,9.907,-1.001,-1.082,-7.002093,-34.832703
161907,0,0.45,0.00,9.941,-0.996,-1.101,-7.002093,-34.832703
161956,0,0.34,-2.18,9.946,-1.006,-1.120,-7.002093,-34.832703
162006,0,0.30,-1.45,9.936,-1.006,-1.077,-7.002093,-34.832703
162057,0,0.23,0.00,9.931,-1.030,-1.111,-7.002096,-34.832703
162107,0,0.16,-1.93,9.936,-0.991,-1.097,-7.002096,-34.832703
162158,0,0.12,-1.45,9.917,-1.020,-1.120,-7.002096,-34.832703
162208,0,0.09,0.00,9.926,-1.020,-1.092,-7.002096,-34.832703
162259,0,0.03,-0.93,9.955,-1.001,-1.111,-7.002096,-34.832703
162309,0,-0.01,-1.39,9.955,-1.006,-1.111,-7.002096,-34.832703
162373,0,-0.07,-0.71,9.936,-1.010,-1.120,-7.002096,-34.832703
162423,0,-0.15,-1.89,9.941,-1.034,-1.116,-7.002096,-34.832703
162473,0,-0.19,-1.45,9.917,-1.001,-1.087,-7.002096,-34.832703
162523,0,-0.23,-1.34,9.936,-1.020,-1.097,-7.002096,-34.832703
162575,0,-0.23,0.00,9.922,-0.991,-1.111,-7.002096,-34.832703
162626,0,-0.26,0.00,9.931,-0.986,-1.101,-7.002096,-34.832703
162678,0,-0.28,-0.86,9.936,-1.010,-1.106,-7.002096,-34.832703
162729,0,-0.28,0.00,9.931,-1.015,-1.101,-7.002096,-34.832703
162781,0,-0.31,-1.34,9.926,-1.020,-1.111,-7.002096,-34.832703
162833,0,-0.34,-1.38,9.936,-1.010,-1.120,-7.002096,-34.832703
162884,0,-0.33,0.00,9.926,-1.001,-1.130,-7.002096,-34.832703
162936,0,-0.35,-0.88,9.946,-1.001,-1.140,-7.002096,-34.832703
162986,0,-0.34,0.00,9.922,-0.996,-1.116,-7.002096,-34.832703
163036,0,-0.38,-1.45,9.922,-0.996,-1.101,-7.002096,-34.832703
163087,0,-0.38,0.00,9.931,-0.986,-1.111,-7.002096,-34.832703
163137,0,-0.38,0.00,9.941,-1.006,-1.116,-7.002096,-34.832703
163187,0,-0.41,-1.28,9.926,-1.030,-1.130,-7.002096,-34.832703
163238,0,-0.40,0.56,9.931,-1.020,-1.140,-7.002096,-34.832703
163288,0,-0.38,0.00,9.936,-1.001,-1.097,-7.002096,-34.832703
163339,0,-0.38,0.00,9.941,-0.996,-1.092,-7.002096,-34.832703
163389,0,-0.37,0.52,9.931,-0.977,-1.116,-7.002096,-34.832703
163440,0,-0.40,0.00,9.912,-1.001,-1.097,-7.002096,-34.832703
163491,0,-0.38,0.52,9.926,-1.025,-1.120,-7.002096,-34.832703
163543,0,-0.38,0.00,9.936,-1.030,-1.116,-7.002096,-34.832703
163594,0,-0.34,0.52,9.936,-1.006,-1.087,-7.002096,-34.832703
163646,0,-0.32,0.52,9.936,-0.996,-1.073,-7.002096,-34.832703
163698,0,-0.32,0.00,9.926,-1.025,-1.106,-7.002096,-34.832703
163748,0,-0.32,0.00,9.926,-1.010,-1.101,-7.002096,-34.832703
163800,0,-0.31,0.52,9.917,-1.025,-1.087,-7.002096,-34.832703
163851,0,-0.31,0.00,9.922,-1.025,-1.087,-7.002096,-34.832703
163903,0,-0.30,0.00,9.922,-1.015,-1.087,-7.002096,-34.832703
163955,0,-0.28,0.52,9.912,-1.015,-1.135,-7.002096,-34.832703
164005,0,-0.28,0.00,9.946,-0.967,-1.120,-7.002096,-34.832703
164055,0,-0.28,0.00,9.926,-0.972,-1.097,-7.002095,-34.832703
164153,0,-0.27,0.21,9.922,-1.020,-1.111,-7.002095,-34.832703
164204,0,-0.28,-0.52,9.926,-1.020,-1.111,-7.002095,-34.832703
164254,0,-0.27,0.00,9.931,-1.025,-1.120,-7.002095,-34.832703
164305,0,-0.27,0.52,9.931,-1.015,-1.116,-7.002095,-34.832703
164355,0,-0.27,0.00,9.931,-1.006,-1.125,-7.002095,-34.832703
164405,0,-0.27,0.00,9.941,-0.982,-1.111,-7.002095,-34.832703
164455,0,-0.27,-0.56,9.926,-0.991,-1.092,-7.002095,-34.832703
164506,0,-0.27,0.00,9.936,-1.001,-1.106,-7.002095,-34.832703
164557,0,-0.28,-0.48,9.922,-1.030,-1.135,-7.002095,-34.832703
164609,0,-0.27,0.52,9.941,-1.030,-1.125,-7.002095,-34.832703
164661,0,-0.27,0.00,9.912,-1.015,-1.101,-7.002095,-34.832703
164712,0,-0.27,0.00,9.926,-1.001,-1.116,-7.002095,-34.832703
164764,0,-0.27,0.00,9.946,-1.001,-1.077,-7.002095,-34.832703
164815,0,-0.27,0.00,9.941,-1.020,-1.101,-7.002095,-34.832703
164867,0,-0.27,0.00,9.941,-1.006,-1.101,-7.002095,-34.832703
164919,0,-0.29,0.52,9.946,-1.010,-1.120,-7.002095,-34.832703
164968,0,-0.29,0.00,9.936,-1.010,-1.111,-7.002095,-34.832703
165019,0,-0.29,0.00,9.931,-0.991,-1.101,-7.002095,-34.832703
165069,0,-0.25,1.45,9.926,-1.001,-1.120,-7.002095,-34.832703
165119,0,-0.25,0.00,9.931,-0.996,-1.111,-7.002095,-34.832703
165170,0,-0.25,0.00,9.898,-1.020,-1.106,-7.002095,-34.832703
165220,0,-0.25,0.00,9.912,-1.015,-1.106,-7.002095,-34.832703
165271,0,-0.25,0.00,9.931,-1.020,-1.101,-7.002095,-34.832703
165321,0,-0.28,0.00,9.926,-1.006,-1.125,-7.002095,-34.832703
165371,0,-0.28,0.00,9.922,-1.015,-1.111,-7.002095,-34.832703
165422,0,-0.29,-0.50,9.941,-1.015,-1.116,-7.002095,-34.832703
165472,0,-0.25,0.00,9.922,-1.010,-1.111,-7.002095,-34.832703
165523,0,-0.27,-0.52,9.926,-1.010,-1.116,-7.002095,-34.832703
165575,0,-0.27,0.00,9.926,-1.015,-1.101,-7.002095,-34.832703
165625,0,-0.32,-1.83,9.926,-1.010,-1.097,-7.002095,-34.832703
165677,0,-0.32,0.00,9.922,-1.006,-1.082,-7.002095,-34.832703
165728,0,-0.32,0.00,9.922,-0.996,-1.106,-7.002095,-34.832703
165780,0,-0.32,0.00,9.898,-0.991,-1.077,-7.002095,-34.832703
165831,0,-0.32,-0.52,9.912,-1.006,-1.092,-7.002095,-34.832703
165883,0,-0.32,0.00,9.936,-1.020,-1.130,-7.002095,-34.832703
165935,0,-0.33,0.00,9.926,-1.020,-1.130,-7.002095,-34.832703
165985,0,-0.34,-0.52,9.931,-1.010,-1.106,-7.002095,-34.832703
166035,0,-0.34,0.00,9.931,-0.986,-1.111,-7.002094,-34.832703
166085,0,-0.34,0.00,9.941,-1.001,-1.120,-7.002094,-34.832703
166136,0,-0.33,0.00,9.926,-0.996,-1.097,-7.002094,-34.832703
166210,0,-0.32,0.17,9.941,-1.015,-1.106,-7.002094,-34.832703
166261,0,-0.34,0.00,9.931,-1.006,-1.092,-7.002094,-34.832703
166311,0,-0.33,0.56,9.922,-1.010,-1.116,-7.002094,-34.832703
166361,0,-0.31,0.52,9.922,-1.015,-1.116,-7.002094,-34.832703
166412,0,-0.31,0.00,9.931,-1.020,-1.097,-7.002094,-34.832703
166462,0,-0.30,0.00,9.941,-0.996,-1.106,-7.002094,-34.832703
166512,0,-0.30,0.00,9.931,-1.006,-1.101,-7.002094,-34.832703
166564,0,-0.29,0.52,9.912,-0.982,-1.101,-7.002094,-34.832703
166615,0,-0.27,0.00,9.912,-1.010,-1.087,-7.002094,-34.832703
166667,0,-0.26,0.48,9.926,-1.010,-1.116,-7.002094,-34.832703
166718,0,-0.26,0.00,9.926,-1.010,-1.082,-7.002094,-34.832703
166770,0,-0.27,0.48,9.926,-1.020,-1.087,-7.002094,-34.832703
166822,0,-0.25,0.52,9.912,-1.015,-1.125,-7.002094,-34.832703
166873,0,-0.20,0.00,9.931,-1.010,-1.106,-7.002094,-34.832703
166925,0,-0.23,0.52,9.912,-0.996,-1.101,-7.002094,-34.832703
166974,0,-0.21,0.48,9.941,-0.986,-1.116,-7.002094,-34.832703
167025,0,-0.21,0.00,9.936,-1.015,-1.097,-7.002094,-34.832703
167075,0,-0.20,0.00,9.888,-1.010,-1.073,-7.002094,-34.832703
167126,0,-0.19,0.56,9.864,-0.996,-1.097,-7.002094,-34.832703
167176,0,-0.17,0.00,9.878,-1.001,-1.082,-7.002094,-34.832703
167226,0,-0.17,0.00,9.931,-1.015,-1.125,-7.002094,-34.832703
167277,0,-0.17,0.00,9.931,-0.982,-1.135,-7.002094,-34.832703
167327,0,-0.17,0.00,9.922,-1.006,-1.116,-7.002094,-34.832703
167378,0,-0.17,0.00,9.941,-1.020,-1.097,-7.002094,-34.832703
167428,0,-0.19,0.00,9.969,-1.001,-1.116,-7.002094,-34.832703
167478,0,-0.19,0.00,9.926,-1.044,-1.116,-7.002094,-34.832703
167529,0,-0.17,0.00,9.931,-1.006,-1.116,-7.002094,-34.832703
167581,0,-0.17,0.00,9.936,-1.001,-1.116,-7.002094,-34.832703
167632,0,-0.15,1.38,9.926,-0.986,-1.082,-7.002094,-34.832703
167684,0,-0.14,0.48,9.926,-0.986,-1.101,-7.002094,-34.832703
167736,0,-0.14,0.82,9.936,-0.996,-1.130,-7.002094,-34.832703
167786,0,-0.14,0.00,9.922,-1.025,-1.111,-7.002094,-34.832703
167837,0,-0.15,0.00,9.926,-1.030,-1.097,-7.002094,-34.832703
167889,0,-0.15,0.00,9.936,-1.025,-1.106,-7.002094,-34.832703
167938,0,-0.20,-0.52,9.922,-0.991,-1.135,-7.002094,-34.832703
167988,0,-0.21,-0.56,9.922,-0.977,-1.120,-7.002094,-34.832703
168039,0,-0.23,0.00,9.931,-1.001,-1.106,-7.002093,-34.832706
168089,0,-0.25,-2.01,9.931,-1.010,-1.106,-7.002093,-34.832706
168139,0,-0.23,0.93,9.936,-1.010,-1.130,-7.002093,-34.832706
168190,0,-0.23,0.00,9.931,-1.015,-1.144,-7.002093,-34.832706
168254,0,-0.22,0.18,9.946,-1.006,-1.101,-7.002093,-34.832706
168304,0,-0.23,0.00,9.941,-1.006,-1.125,-7.002093,-34.832706
168355,0,-0.25,-0.56,9.926,-0.996,-1.135,-7.002093,-34.832706
168405,0,-0.25,0.00,9.955,-1.001,-1.130,-7.002093,-34.832706
168455,0,-0.27,-1.09,9.926,-1.006,-1.116,-7.002093,-34.832706
168507,0,-0.29,-0.52,9.931,-1.025,-1.120,-7.002093,-34.832706
168557,0,-0.30,-0.48,9.917,-1.010,-1.120,-7.002093,-34.832706
168609,0,-0.30,0.00,9.931,-1.001,-1.106,-7.002093,-34.832706
168660,0,-0.31,0.00,9.931,-0.977,-1.106,-7.002093,-34.832706
168712,0,-0.33,-0.48,9.936,-0.982,-1.116,-7.002093,-34.832706
168763,0,-0.33,0.00,9.917,-1.006,-1.087,-7.002093,-34.832706
168815,0,-0.30,0.00,9.931,-1.001,-1.144,-7.002093,-34.832706
168864,0,-0.33,-0.82,9.955,-1.010,-1.111,-7.002093,-34.832706
168916,0,-0.26,1.86,9.926,-1.010,-1.116,-7.002093,-34.832706
168965,0,-0.26,0.00,9.917,-1.006,-1.120,-7.002093,-34.832706
169015,0,-0.25,0.00,9.922,-0.996,-1.135,-7.002093,-34.832706
169066,0,-0.24,0.54,9.926,-0.996,-1.073,-7.002092,-34.832706
169116,0,-0.26,-0.97,9.931,-0.986,-1.125,-7.002092,-34.832706
169167,0,-0.22,0.00,9.917,-0.982,-1.101,-7.002092,-34.832706
169217,0,-0.26,0.00,9.893,-1.025,-1.097,-7.002092,-34.832706
169268,0,-0.26,0.00,9.936,-1.001,-1.125,-7.002092,-34.832706
169318,0,-0.22,0.00,9.946,-1.015,-1.111,-7.002092,-34.832706
169368,0,-0.25,0.00,9.931,-1.001,-1.120,-7.002092,-34.832706
169419,0,-0.25,0.00,9.898,-1.001,-1.106,-7.002092,-34.832706
169468,0,-0.25,0.00,9.912,-1.010,-1.125,-7.002092,-34.832706
169520,0,-0.23,0.00,9.917,-1.015,-1.092,-7.002092,-34.832706
169572,0,-0.22,0.00,9.931,-1.015,-1.111,-7.002092,-34.832706
169622,0,-0.22,0.00,9.922,-1.006,-1.144,-7.002092,-34.832706
169674,0,-0.22,0.00,9.922,-0.991,-1.111,-7.002092,-34.832706
169725,0,-0.22,0.00,9.936,-0.996,-1.082,-7.002092,-34.832706
169777,0,-0.22,0.00,9.931,-1.020,-1.125,-7.002092,-34.832706
169828,0,-0.22,0.00,9.931,-1.001,-1.101,-7.002092,-34.832706
169880,0,-0.23,-0.52,9.965,-1.020,-1.087,-7.002092,-34.832706
169932,0,-0.23,0.00,9.941,-1.001,-1.101,-7.002092,-34.832706
169981,0,-0.26,-1.49,9.922,-1.001,-1.120,-7.002092,-34.832706
170032,0,-0.26,0.00,9.946,-1.006,-1.130,-7.002092,-34.832706
170082,0,-0.26,0.00,9.936,-0.986,-1.125,-7.002092,-34.832706
170133,0,-0.26,0.00,9.941,-1.030,-1.116,-7.002092,-34.832706
170183,0,-0.25,0.00,9.912,-1.006,-1.116,-7.002092,-34.832706
170233,0,-0.23,0.56,9.931,-1.025,-1.097,-7.002092,-34.832706
170300,0,-0.20,0.35,9.893,-0.986,-1.092,-7.002092,-34.832706
170350,0,-0.19,0.52,9.941,-1.001,-1.125,-7.002092,-34.832706
170401,0,-0.18,0.00,9.936,-0.977,-1.116,-7.002092,-34.832706
170451,0,-0.15,0.60,9.922,-0.996,-1.097,-7.002092,-34.832706
170502,0,-0.14,0.52,9.955,-1.006,-1.111,-7.002092,-34.832706
170553,0,-0.12,0.52,9.955,-1.001,-1.120,-7.002092,-34.832706
170604,0,-0.12,0.00,9.955,-1.010,-1.120,-7.002092,-34.832706
170656,0,-0.11,0.00,9.902,-0.996,-1.097,-7.002092,-34.832706
170708,0,-0.11,0.00,9.922,-0.986,-1.101,-7.002092,-34.832706
170759,0,-0.11,0.00,9.946,-1.006,-1.144,-7.002092,-34.832706
170811,0,-0.12,0.00,9.931,-1.025,-1.092,-7.002092,-34.832706
170862,0,-0.17,-1.90,9.936,-1.025,-1.120,-7.002092,-34.832706
170914,0,-0.12,1.90,9.936,-1.015,-1.120,-7.002092,-34.832706
170963,0,-0.12,0.00,9.969,-1.034,-1.101,-7.002092,-34.832706
171014,0,-0.14,0.00,9.974,-1.034,-1.135,-7.002092,-34.832706
171064,0,-0.17,0.00,9.936,-1.010,-1.116,-7.002092,-34.832706
171115,0,-0.16,0.60,9.912,-1.001,-1.106,-7.002092,-34.832706
171165,0,-0.16,0.00,9.917,-0.991,-1.111,-7.002092,-34.832706
171216,0,-0.17,0.00,9.917,-1.006,-1.101,-7.002092,-34.832706
171266,0,-0.19,-0.52,9.917,-0.996,-1.101,-7.002092,-34.832706
171316,0,-0.19,0.00,9.941,-1.006,-1.125,-7.002092,-34.832706
171367,0,-0.20,0.00,9.926,-1.010,-1.111,-7.002092,-34.832706
171417,0,-0.21,-0.56,9.931,-1.010,-1.111,-7.002092,-34.832706
171470,0,-0.21,0.00,9.941,-1.015,-1.106,-7.002092,-34.832706
171521,0,-0.24,-0.56,9.950,-1.020,-1.106,-7.002092,-34.832706
171573,0,-0.20,1.34,9.936,-1.006,-1.140,-7.002092,-34.832706
171624,0,-0.20,-0.48,9.931,-1.001,-1.092,-7.002092,-34.832706
171676,0,-0.20,0.00,9.922,-1.015,-1.101,-7.002092,-34.832706
171728,0,-0.22,0.00,9.912,-0.991,-1.106,-7.002092,-34.832706
171778,0,-0.22,0.00,9.922,-1.015,-1.097,-7.002092,-34.832706
171829,0,-0.27,-0.52,9.931,-1.001,-1.116,-7.002092,-34.832706
171881,0,-0.27,0.00,9.931,-1.015,-1.097,-7.002092,-34.832706
171930,0,-0.28,0.00,9.936,-1.025,-1.106,-7.002092,-34.832706
171983,0,-0.31,-1.09,9.902,-0.991,-1.092,-7.002092,-34.832706
172033,0,-0.32,-0.56,9.912,-1.001,-1.097,-7.002091,-34.832710
172084,0,-0.34,0.00,9.936,-1.001,-1.140,-7.002091,-34.832710
172134,0,-0.35,-0.56,9.941,-1.020,-1.125,-7.002091,-34.832710
172184,0,-0.36,-0.50,9.931,-1.010,-1.106,-7.002091,-34.832710
172235,0,-0.36,0.00,9.912,-1.006,-1.116,-7.002091,-34.832710
172285,0,-0.36,0.56,9.917,-1.006,-1.092,-7.002091,-34.832710
172349,0,-0.36,0.00,9.926,-1.006,-1.097,-7.002091,-34.832710
172399,0,-0.35,0.00,9.941,-1.006,-1.101,-7.002091,-34.832710
172450,0,-0.34,0.56,9.917,-1.020,-1.101,-7.002091,-34.832710
172500,0,-0.34,0.00,9.941,-0.996,-1.082,-7.002091,-34.832710
172552,0,-0.30,1.34,9.936,-1.010,-1.106,-7.002091,-34.832710
172603,0,-0.30,0.00,9.946,-1.010,-1.130,-7.002091,-34.832710
172655,0,-0.34,-1.83,9.936,-1.010,-1.116,-7.002091,-34.832710
172706,0,-0.34,0.00,9.931,-0.996,-1.106,-7.002091,-34.832710
172758,0,-0.30,0.00,9.907,-1.020,-1.120,-7.002091,-34.832710
172810,0,-0.29,1.83,9.931,-1.006,-1.116,-7.002091,-34.832710
172861,0,-0.27,0.00,9.931,-1.001,-1.135,-7.002091,-34.832710
172913,0,-0.26,0.00,9.931,-1.010,-1.120,-7.002091,-34.832710
172962,0,-0.25,0.52,9.931,-1.010,-1.116,-7.002091,-34.832710
173013,0,-0.25,0.00,9.917,-1.006,-1.116,-7.002091,-34.832710
173063,0,-0.25,0.00,9.931,-1.025,-1.120,-7.002091,-34.832710
173113,0,-0.25,0.00,9.931,-1.010,-1.116,-7.002091,-34.832710
173164,0,-0.23,0.00,9.950,-0.991,-1.111,-7.002091,-34.832710
173214,0,-0.23,0.00,9.936,-1.010,-1.106,-7.002091,-34.832710
173265,0,-0.23,0.00,9.907,-0.996,-1.106,-7.002091,-34.832710
173315,0,-0.22,0.00,9.950,-0.991,-1.106,-7.002091,-34.832710
173366,0,-0.22,0.00,9.955,-1.010,-1.135,-7.002091,-34.832710
173416,0,-0.20,0.52,9.907,-1.020,-1.111,-7.002091,-34.832710
173466,0,-0.22,0.00,9.941,-1.010,-1.101,-7.002091,-34.832710
173517,0,-0.19,0.48,9.926,-0.972,-1.101,-7.002091,-34.832710
173569,0,-0.18,0.00,9.926,-1.006,-1.111,-7.002091,-34.832710
173621,0,-0.18,0.00,9.912,-1.010,-1.120,-7.002091,-34.832710
173671,0,-0.18,0.00,9.922,-1.015,-1.111,-7.002091,-34.832710
173722,0,-0.18,0.00,9.926,-0.996,-1.125,-7.002091,-34.832710
173774,0,-0.18,0.00,9.941,-1.010,-1.106,-7.002091,-34.832710
173826,0,-0.18,-0.48,9.917,-1.015,-1.125,-7.002091,-34.832710
173877,0,-0.18,0.00,9.936,-1.006,-1.135,-7.002091,-34.832710
173929,0,-0.19,0.00,9.922,-1.001,-1.097,-7.002091,-34.832710
173979,0,-0.20,-0.48,9.922,-1.006,-1.101,-7.002091,-34.832710
174029,0,-0.22,0.00,9.912,-1.015,-1.130,-7.002091,-34.832710
174079,0,-0.20,0.00,9.941,-0.996,-1.120,-7.002091,-34.832710
174179,0,-0.20,0.00,9.922,-1.010,-1.097,-7.002091,-34.832710
174229,0,-0.20,0.00,9.922,-1.010,-1.125,-7.002091,-34.832710
174279,0,-0.17,1.39,9.950,-1.025,-1.101,-7.002091,-34.832710
174330,0,-0.18,0.00,9.936,-1.001,-1.116,-7.002091,-34.832710
174380,0,-0.17,0.00,9.931,-1.020,-1.077,-7.002091,-34.832710
174431,0,-0.17,0.00,9.912,-1.015,-1.092,-7.002091,-34.832710
174483,0,-0.17,0.00,9.917,-1.010,-1.092,-7.002091,-34.832710
174533,0,-0.17,0.00,9.941,-1.015,-1.125,-7.002091,-34.832710
174585,0,-0.12,2.01,9.946,-1.015,-1.116,-7.002091,-34.832710
174636,0,-0.12,0.00,9.917,-1.010,-1.092,-7.002091,-34.832710
174688,0,-0.10,0.00,9.931,-0.996,-1.106,-7.002091,-34.832710
174739,0,-0.09,0.45,9.941,-0.972,-1.101,-7.002091,-34.832710
174791,0,-0.10,0.00,9.936,-0.977,-1.092,-7.002091,-34.832710
174843,0,-0.09,0.45,9.936,-0.996,-1.120,-7.002091,-34.832710
174894,0,-0.09,0.00,9.931,-1.020,-1.120,-7.002091,-34.832710
174946,0,-0.09,0.00,9.931,-1.025,-1.097,-7.002091,-34.832710
174996,0,-0.09,0.00,9.926,-1.034,-1.101,-7.002091,-34.832710
175047,0,-0.09,0.00,9.917,-1.030,-1.116,-7.002091,-34.832710
175097,0,-0.08,0.60,9.912,-1.015,-1.106,-7.002091,-34.832710
175147,0,-0.03,1.90,9.926,-0.972,-1.116,-7.002091,-34.832710
175198,0,-0.03,0.00,9.931,-0.977,-1.092,-7.002091,-34.832710
175248,0,-0.04,0.00,9.926,-0.972,-1.106,-7.002091,-34.832710
175299,0,-0.05,-0.56,9.917,-1.039,-1.140,-7.002091,-34.832710
175349,0,-0.05,0.00,9.917,-1.020,-1.111,-7.002091,-34.832710
175399,0,-0.07,-0.50,9.941,-1.025,-1.140,-7.002091,-34.832710
175450,0,-0.07,0.00,9.922,-1.020,-1.144,-7.002091,-34.832710
175501,0,-0.08,0.00,9.931,-1.025,-1.125,-7.002091,-34.832710
175553,0,-0.07,0.56,9.922,-0.986,-1.097,-7.002091,-34.832710
175605,0,-0.08,-0.60,9.917,-0.977,-1.092,-7.002091,-34.832710
175656,0,-0.09,0.00,9.912,-1.001,-1.125,-7.002091,-34.832710
175708,0,-0.06,1.23,9.931,-1.030,-1.087,-7.002091,-34.832710
175759,0,-0.06,0.00,9.941,-1.025,-1.111,-7.002091,-34.832710
175810,0,-0.11,-1.75,9.950,-0.986,-1.120,-7.002091,-34.832710
175861,0,-0.06,0.52,9.931,-0.962,-1.106,-7.002091,-34.832710
175913,0,-0.08,-0.52,9.922,-0.967,-1.097,-7.002091,-34.832710
175962,0,-0.11,0.00,9.926,-0.982,-1.101,-7.002091,-34.832710
176013,0,-0.11,0.56,9.931,-1.025,-1.106,-7.002091,-34.832710
176063,0,-0.09,0.56,9.917,-1.030,-1.135,-7.002091,-34.832710
176113,0,-0.08,0.00,9.922,-1.058,-1.101,-7.002091,-34.832710
176164,0,-0.07,0.60,9.922,-1.030,-1.149,-7.002091,-34.832710
176228,0,-0.05,0.16,9.955,-0.972,-1.106,-7.002091,-34.832710
176278,0,-0.05,0.00,9.926,-0.986,-1.106,-7.002091,-34.832710
176329,0,-0.05,0.00,9.936,-0.977,-1.087,-7.002091,-34.832710
176379,0,-0.04,0.54,9.917,-1.020,-1.130,-7.002091,-34.832710
176430,0,-0.03,0.24,9.946,-1.030,-1.101,-7.002091,-34.832710
176482,0,0.07,1.36,9.926,-1.025,-1.154,-7.002091,-34.832710
176533,0,0.11,1.34,9.922,-1.010,-1.101,-7.002091,-34.832710
176584,0,0.13,0.88,9.931,-0.996,-1.087,-7.002091,-34.832710
179163,0,-0.05,-0.07,9.922,-1.010,-1.106,-7.002091,-34.832710
179216,0,-0.06,-0.50,9.922,-1.020,-1.101,-7.002091,-34.832710
179266,0,-0.05,0.00,9.941,-1.001,-1.097,-7.002091,-34.832710
179316,0,-0.04,0.54,9.931,-1.010,-1.092,-7.002091,-34.832710
179367,0,-0.02,0.52,9.926,-1.006,-1.082,-7.002091,-34.832710
179417,0,-0.02,0.00,9.941,-1.010,-1.140,-7.002091,-34.832710
179470,0,-0.01,0.00,9.926,-0.996,-1.101,-7.002091,-34.832710
179520,0,-0.01,0.00,9.922,-1.010,-1.111,-7.002091,-34.832710
179571,0,0.01,0.52,9.946,-1.001,-1.116,-7.002091,-34.832710
179623,0,-0.02,0.00,9.917,-1.015,-1.116,-7.002091,-34.832710
179675,0,-0.01,0.00,9.936,-1.001,-1.097,-7.002091,-34.832710
179726,0,0.01,0.52,9.917,-1.010,-1.116,-7.002091,-34.832710
179778,0,0.03,1.07,9.931,-0.996,-1.120,-7.002091,-34.832710
179829,0,-0.02,-1.84,9.950,-1.025,-1.120,-7.002091,-34.832710
179881,0,-0.00,0.00,9.926,-1.001,-1.120,-7.002091,-34.832710
179933,0,-0.00,0.56,9.922,-1.010,-1.097,-7.002091,-34.832710
179983,0,-0.03,0.00,9.941,-1.006,-1.101,-7.002091,-34.832710
180033,0,-0.03,0.00,9.917,-1.001,-1.140,-7.002092,-34.832710
180083,0,-0.03,0.00,9.936,-1.010,-1.101,-7.002092,-34.832710
180134,0,-0.03,0.00,9.926,-1.025,-1.106,-7.002092,-34.832710
180184,0,-0.05,-0.52,9.907,-1.025,-1.135,-7.002092,-34.832710
180235,0,-0.05,0.00,9.931,-1.001,-1.097,-7.002092,-34.832710
180285,0,-0.03,0.00,9.926,-1.006,-1.097,-7.002092,-34.832710
180336,0,-0.03,0.00,9.922,-0.982,-1.101,-7.002092,-34.832710
180386,0,-0.03,0.00,9.917,-0.991,-1.111,-7.002092,-34.832710
180436,0,-0.03,0.00,9.912,-1.001,-1.097,-7.002092,-34.832710
180488,0,-0.03,0.52,9.922,-1.001,-1.130,-7.002092,-34.832710
180540,0,-0.03,0.00,9.931,-1.015,-1.111,-7.002092,-34.832710
180591,0,-0.02,0.00,9.946,-0.996,-1.106,-7.002092,-34.832710
180643,0,-0.02,-0.56,9.950,-0.996,-1.135,-7.002092,-34.832710
180695,0,-0.02,0.00,9.926,-1.010,-1.092,-7.002092,-34.832710
180745,0,-0.03,-0.52,9.941,-1.015,-1.101,-7.002092,-34.832710
180817,0,-0.02,0.15,9.922,-1.001,-1.116,-7.002092,-34.832710
180867,0,-0.03,-0.52,9.922,-1.015,-1.120,-7.002092,-34.832710
180919,0,-0.03,0.00,9.936,-1.010,-1.120,-7.002092,-34.832710
180968,0,-0.02,0.52,9.926,-1.001,-1.125,-7.002092,-34.832710
181019,0,-0.02,0.00,9.936,-1.025,-1.116,-7.002092,-34.832710
181069,0,-0.02,0.00,9.941,-1.001,-1.106,-7.002092,-34.832710
181119,0,-0.02,0.00,9.926,-1.015,-1.125,-7.002092,-34.832710
181170,0,-0.02,0.00,9.931,-1.010,-1.130,-7.002092,-34.832710
181220,0,-0.02,0.00,9.936,-1.001,-1.092,-7.002092,-34.832710
181271,0,-0.03,-0.56,9.946,-1.020,-1.097,-7.002092,-34.832710
181321,0,-0.03,0.00,9.917,-1.030,-1.116,-7.002092,-34.832710
181371,0,-0.06,-0.52,9.946,-1.006,-1.120,-7.002092,-34.832710
181422,0,-0.06,0.00,9.917,-0.986,-1.097,-7.002092,-34.832710
181471,0,-0.06,0.00,9.926,-1.001,-1.087,-7.002092,-34.832710
181523,0,-0.06,0.00,9.941,-1.015,-1.116,-7.002092,-34.832710
181575,0,-0.06,0.00,9.922,-1.015,-1.125,-7.002092,-34.832710
181626,0,-0.05,0.48,9.941,-1.034,-1.116,-7.002092,-34.832710
181678,0,-0.07,-0.74,9.931,-1.025,-1.116,-7.002092,-34.832710
181729,0,-0.07,0.00,9.931,-1.010,-1.106,-7.002092,-34.832710
181781,0,-0.05,0.52,9.931,-0.996,-1.106,-7.002092,-34.832710
181833,0,-0.05,0.00,9.922,-0.982,-1.130,-7.002092,-34.832710
181884,0,-0.02,1.23,9.931,-0.967,-1.125,-7.002092,-34.832710
181936,0,-0.00,0.52,9.922,-0.967,-1.106,-7.002092,-34.832710
181986,0,0.01,0.00,9.917,-0.977,-1.125,-7.002092,-34.832710
182036,0,0.01,0.00,9.946,-1.010,-1.097,-7.002092,-34.832710
182087,0,0.01,0.00,9.941,-1.030,-1.087,-7.002092,-34.832710
182137,0,0.01,0.00,9.926,-1.053,-1.130,-7.002092,-34.832710
182187,0,0.02,0.54,9.917,-1.049,-1.120,-7.002092,-34.832710
182238,0,0.02,0.00,9.946,-1.006,-1.101,-7.002092,-34.832710
182288,0,0.02,0.00,9.922,-0.982,-1.087,-7.002092,-34.832710
182339,0,0.02,0.00,9.936,-0.967,-1.082,-7.002092,-34.832710
182389,0,0.02,0.00,9.926,-0.982,-1.068,-7.002092,-34.832710
182439,0,0.04,0.50,9.922,-1.015,-1.154,-7.002092,-34.832710
182490,0,0.04,0.00,9.926,-1.034,-1.125,-7.002092,-34.832710
182541,0,0.06,-0.47,9.941,-1.039,-1.120,-7.002092,-34.832710
182593,0,0.06,0.00,9.946,-1.030,-1.097,-7.002092,-34.832710
182645,0,0.06,0.00,9.931,-1.006,-1.125,-7.002092,-34.832710
182696,0,0.05,-0.52,9.917,-0.972,-1.116,-7.002092,-34.832710
182748,0,0.05,0.00,9.922,-0.943,-1.101,-7.002092,-34.832710
182799,0,-0.03,-1.04,9.936,-0.986,-1.116,-7.002092,-34.832710
182864,0,-0.03,0.00,9.917,-1.044,-1.120,-7.002092,-34.832710
182916,0,-0.02,0.56,9.931,-1.049,-1.116,-7.002092,-34.832710
182966,0,-0.00,0.00,9.926,-1.034,-1.111,-7.002092,-34.832710
183016,0,-0.00,0.00,9.955,-0.996,-1.092,-7.002092,-34.832710
183066,0,0.01,0.00,9.936,-0.972,-1.101,-7.002092,-34.832710
183117,0,0.01,0.00,9.941,-0.982,-1.106,-7.002092,-34.832710
183167,0,0.05,1.47,9.946,-1.015,-1.106,-7.002092,-34.832710
183218,0,0.06,0.00,9.926,-1.025,-1.087,-7.002092,-34.832710
183268,0,0.05,0.00,9.931,-1.034,-1.092,-7.002092,-34.832710
183318,0,0.05,0.00,9.917,-1.025,-1.106,-7.002092,-34.832710
183369,0,0.05,0.00,9.931,-0.991,-1.097,-7.002092,-34.832710
183419,0,0.02,-0.54,9.922,-1.015,-1.116,-7.002092,-34.832710
183472,0,0.02,0.00,9.941,-0.991,-1.077,-7.002092,-34.832710
183522,0,0.01,-0.48,9.950,-1.010,-1.111,-7.002092,-34.832710
183573,0,0.01,0.00,9.917,-1.025,-1.125,-7.002092,-34.832710
183625,0,0.01,0.00,9.931,-1.025,-1.111,-7.002092,-34.832710
183674,0,-0.01,0.00,9.926,-0.991,-1.116,-7.002092,-34.832710
183726,0,-0.02,0.00,9.917,-0.967,-1.116,-7.002092,-34.832710
183777,0,-0.01,0.00,9.917,-0.986,-1.092,-7.002092,-34.832710
183829,0,-0.01,0.00,9.926,-1.006,-1.092,-7.002092,-34.832710
183880,0,-0.02,-0.52,9.926,-1.020,-1.116,-7.002092,-34.832710
183932,0,-0.02,0.00,9.931,-1.030,-1.092,-7.002092,-34.832710
183984,0,-0.02,0.00,9.946,-1.034,-1.106,-7.002092,-34.832710
184035,0,0.00,0.00,9.922,-0.996,-1.106,-7.002093,-34.832710
184085,0,0.00,0.00,9.922,-0.996,-1.101,-7.002093,-34.832710
184149,0,-0.01,-0.20,9.931,-0.996,-1.106,-7.002093,-34.832710
184200,0,-0.01,0.00,9.950,-1.010,-1.125,-7.002093,-34.832710
184250,0,-0.01,-0.56,9.931,-1.010,-1.097,-7.002093,-34.832710
184301,0,-0.01,0.00,9.912,-1.015,-1.144,-7.002093,-34.832710
184351,0,-0.01,0.00,9.926,-1.006,-1.101,-7.002093,-34.832710
184401,0,-0.04,-0.56,9.931,-1.001,-1.130,-7.002093,-34.832710
184452,0,-0.05,-0.52,9.936,-1.006,-1.125,-7.002093,-34.832710
184502,0,-0.04,0.48,9.912,-0.986,-1.092,-7.002093,-34.832710
184554,0,-0.04,0.00,9.922,-1.020,-1.097,-7.002093,-34.832710
184605,0,-0.05,0.00,9.941,-1.025,-1.097,-7.002093,-34.832710
184657,0,-0.05,0.00,9.936,-1.020,-1.106,-7.002093,-34.832710
184708,0,-0.05,0.00,9.907,-1.006,-1.106,-7.002093,-34.832710
184760,0,-0.02,1.34,9.931,-1.001,-1.116,-7.002093,-34.832710
184812,0,-0.02,0.00,9.931,-0.982,-1.116,-7.002093,-34.832710
184863,0,-0.03,0.00,9.926,-1.034,-1.087,-7.002093,-34.832710
184915,0,-0.02,0.52,9.941,-0.996,-1.116,-7.002093,-34.832710
184964,0,-0.02,0.00,9.922,-1.015,-1.106,-7.002093,-34.832710
185015,0,-0.02,0.00,9.941,-1.006,-1.097,-7.002093,-34.832710
185065,0,0.02,1.45,9.922,-1.020,-1.125,-7.002093,-34.832710
185115,0,0.02,0.00,9.931,-1.001,-1.101,-7.002093,-34.832710
185166,0,0.02,0.00,9.941,-0.996,-1.130,-7.002093,-34.832710
185216,0,0.02,0.00,9.926,-0.986,-1.077,-7.002093,-34.832710
185267,0,0.02,0.00,9.936,-1.006,-1.125,-7.002093,-34.832710
185317,0,0.01,-0.52,9.917,-1.010,-1.092,-7.002093,-34.832710
185367,0,0.01,0.00,9.926,-1.015,-1.092,-7.002093,-34.832710
185418,0,-0.01,0.00,9.912,-1.006,-1.125,-7.002093,-34.832710
185468,0,-0.01,0.00,9.931,-1.001,-1.106,-7.002093,-34.832710
185519,0,-0.01,0.00,9.936,-0.996,-1.097,-7.002093,-34.832710
185571,0,-0.02,0.00,9.926,-1.010,-1.063,-7.002093,-34.832710
185622,0,-0.02,0.00,9.936,-1.015,-1.101,-7.002093,-34.832710
185673,0,-0.01,0.52,9.931,-0.986,-1.140,-7.002093,-34.832710
185724,0,-0.02,-0.52,9.936,-1.015,-1.130,-7.002093,-34.832710
185776,0,-0.02,0.00,9.950,-1.015,-1.106,-7.002093,-34.832710
185828,0,-0.04,-0.48,9.936,-1.006,-1.087,-7.002093,-34.832710
185879,0,-0.02,0.00,9.931,-0.991,-1.092,-7.002093,-34.832710
185931,0,0.00,0.00,9.936,-1.025,-1.092,-7.002093,-34.832710
185980,0,0.00,0.00,9.926,-1.001,-1.106,-7.002093,-34.832710
186031,0,-0.01,0.00,9.922,-1.001,-1.135,-7.002093,-34.832706
186081,0,-0.01,0.00,9.931,-0.996,-1.135,-7.002093,-34.832706
186132,0,-0.01,0.00,9.941,-1.010,-1.101,-7.002093,-34.832706
186194,0,-0.01,0.00,9.931,-1.006,-1.087,-7.002093,-34.832706
186245,0,-0.01,0.00,9.926,-1.030,-1.120,-7.002093,-34.832706
186295,0,-0.03,0.00,9.922,-1.010,-1.120,-7.002093,-34.832706
186346,0,-0.03,0.00,9.946,-0.991,-1.101,-7.002093,-34.832706
186396,0,-0.04,0.00,9.936,-1.006,-1.087,-7.002093,-34.832706
186446,0,-0.04,0.00,9.917,-0.991,-1.106,-7.002093,-34.832706
186497,0,-0.04,0.00,9.912,-0.996,-1.106,-7.002093,-34.832706
186548,0,-0.04,0.00,9.946,-0.996,-1.116,-7.002093,-34.832706
186600,0,-0.07,0.00,9.941,-1.020,-1.087,-7.002093,-34.832706
186652,0,-0.07,0.00,9.926,-1.025,-1.111,-7.002093,-34.832706
186703,0,-0.07,0.00,9.931,-1.020,-1.082,-7.002093,-34.832706
186755,0,-0.08,0.00,9.931,-1.020,-1.120,-7.002093,-34.832706
186806,0,-0.10,-0.52,9.946,-1.010,-1.106,-7.002093,-34.832706
186858,0,-0.11,0.00,9.907,-1.001,-1.111,-7.002093,-34.832706
186910,0,-0.10,0.48,9.936,-1.025,-1.101,-7.002093,-34.832706
186962,0,-0.10,0.00,9.941,-1.010,-1.125,-7.002093,-34.832706
187012,0,-0.11,-0.52,9.926,-1.020,-1.106,-7.002093,-34.832706
187062,0,-0.11,0.00,9.926,-0.996,-1.116,-7.002094,-34.832706
187113,0,-0.11,0.00,9.946,-1.010,-1.116,-7.002094,-34.832706
187163,0,-0.11,0.00,9.936,-1.001,-1.111,-7.002094,-34.832706
187214,0,-0.12,-0.54,9.926,-1.001,-1.092,-7.002094,-34.832706
187264,0,-0.11,0.00,9.936,-1.025,-1.106,-7.002094,-34.832706
187314,0,-0.10,0.00,9.926,-1.010,-1.097,-7.002094,-34.832706
187365,0,-0.10,0.00,9.922,-1.015,-1.116,-7.002094,-34.832706
187415,0,-0.10,0.00,9.936,-1.010,-1.111,-7.002094,-34.832706
187465,0,-0.11,0.00,9.931,-1.010,-1.116,-7.002094,-34.832706
187517,0,-0.11,0.00,9.917,-1.001,-1.106,-7.002094,-34.832706
187568,0,-0.12,-0.52,9.941,-1.006,-1.111,-7.002094,-34.832706
187620,0,-0.09,1.34,9.926,-1.001,-1.135,-7.002094,-34.832706
187672,0,-0.12,0.00,9.936,-1.020,-1.120,-7.002094,-34.832706
187722,0,-0.09,1.34,9.941,-1.020,-1.111,-7.002094,-34.832706
187773,0,-0.10,0.00,9.922,-1.006,-1.101,-7.002094,-34.832706
187825,0,-0.10,0.00,9.926,-0.996,-1.111,-7.002094,-34.832706
187877,0,-0.14,0.00,9.931,-0.991,-1.130,-7.002094,-34.832706
187928,0,-0.15,-1.86,9.950,-1.010,-1.101,-7.002094,-34.832706
187981,0,-0.14,0.52,9.931,-0.996,-1.111,-7.002094,-34.832706
188031,0,-0.12,0.00,9.926,-1.001,-1.097,-7.002094,-34.832706
188081,0,-0.11,0.00,9.941,-0.996,-1.106,-7.002094,-34.832706
188132,0,-0.07,1.45,9.941,-1.010,-1.106,-7.002094,-34.832706
188182,0,-0.12,0.00,9.936,-0.996,-1.116,-7.002094,-34.832706
188271,0,-0.15,-0.26,9.922,-1.006,-1.087,-7.002094,-34.832706
188321,0,-0.14,0.52,9.941,-1.001,-1.111,-7.002094,-34.832706
188371,0,-0.14,0.00,9.946,-1.015,-1.106,-7.002094,-34.832706
188422,0,-0.15,0.00,9.946,-1.015,-1.120,-7.002094,-34.832706
188472,0,-0.15,0.00,9.936,-1.030,-1.116,-7.002094,-34.832706
188522,0,-0.15,0.00,9.936,-0.996,-1.120,-7.002094,-34.832706
188573,0,-0.09,0.48,9.926,-1.006,-1.097,-7.002094,-34.832706
188625,0,-0.11,-0.88,9.946,-1.006,-1.120,-7.002094,-34.832706
188677,0,-0.07,0.00,9.936,-0.996,-1.130,-7.002094,-34.832706
188728,0,-0.10,0.48,9.902,-0.996,-1.120,-7.002094,-34.832706
188780,0,-0.06,0.00,9.936,-1.025,-1.101,-7.002094,-34.832706
188831,0,-0.07,-0.52,9.926,-1.006,-1.120,-7.002094,-34.832706
188883,0,-0.07,0.00,9.907,-1.010,-1.101,-7.002094,-34.832706
188935,0,-0.09,-0.56,9.917,-1.010,-1.116,-7.002094,-34.832706
188985,0,-0.09,0.00,9.922,-1.010,-1.097,-7.002094,-34.832706
189035,0,-0.10,0.00,9.936,-0.996,-1.106,-7.002094,-34.832706
189085,0,-0.10,0.56,9.941,-1.010,-1.116,-7.002094,-34.832706
189136,0,-0.10,0.00,9.926,-1.034,-1.077,-7.002094,-34.832706
189186,0,-0.11,0.00,9.926,-0.996,-1.111,-7.002094,-34.832706
189237,0,-0.11,0.00,9.936,-1.010,-1.097,-7.002094,-34.832706
189287,0,-0.08,1.45,9.931,-1.015,-1.087,-7.002094,-34.832706
189337,0,-0.09,0.00,9.941,-1.001,-1.125,-7.002094,-34.832706
189388,0,-0.06,0.56,9.926,-1.020,-1.106,-7.002094,-34.832706
189438,0,-0.05,0.52,9.931,-0.996,-1.135,-7.002094,-34.832706
189490,0,-0.05,0.00,9.922,-0.996,-1.116,-7.002094,-34.832706
189542,0,-0.06,0.00,9.926,-1.010,-1.125,-7.002094,-34.832706
189593,0,-0.06,0.00,9.936,-0.996,-1.087,-7.002094,-34.832706
189645,0,-0.06,0.00,9.936,-1.006,-1.125,-7.002094,-34.832706
189697,0,-0.10,-1.45,9.936,-1.010,-1.111,-7.002094,-34.832706
189748,0,-0.06,0.00,9.941,-1.015,-1.106,-7.002094,-34.832706
189800,0,-0.09,-0.48,9.917,-1.015,-1.116,-7.002094,-34.832706
189850,0,-0.09,0.00,9.936,-1.010,-1.092,-7.002094,-34.832706
189899,0,-0.13,0.00,9.941,-0.982,-1.125,-7.002094,-34.832706
189951,0,-0.13,0.00,9.926,-1.006,-1.116,-7.002094,-34.832706
190001,0,-0.15,-0.52,9.926,-1.010,-1.130,-7.002094,-34.832706
190052,0,-0.15,0.00,9.922,-0.996,-1.111,-7.002094,-34.832706
190102,0,-0.15,0.00,9.902,-1.006,-1.087,-7.002094,-34.832706
190152,0,-0.15,0.58,9.931,-1.020,-1.106,-7.002094,-34.832706
190203,0,-0.15,0.00,9.912,-1.025,-1.097,-7.002094,-34.832706
190253,0,-0.14,0.00,9.931,-1.001,-1.120,-7.002094,-34.832706
190318,0,-0.14,0.00,9.941,-1.010,-1.092,-7.002094,-34.832706
190368,0,-0.15,-0.52,9.936,-1.010,-1.101,-7.002094,-34.832706
190418,0,-0.17,0.00,9.941,-1.015,-1.120,-7.002094,-34.832706
190471,0,-0.13,1.38,9.936,-1.015,-1.106,-7.002094,-34.832706
190522,0,-0.17,-1.38,9.912,-1.006,-1.125,-7.002094,-34.832706
190573,0,-0.12,1.90,9.922,-1.006,-1.116,-7.002094,-34.832706
190624,0,-0.12,0.00,9.946,-1.020,-1.101,-7.002094,-34.832706
190676,0,-0.10,0.00,9.926,-0.982,-1.125,-7.002094,-34.832706
190728,0,-0.10,0.00,9.902,-1.010,-1.087,-7.002094,-34.832706
190779,0,-0.10,0.00,9.941,-1.015,-1.082,-7.002094,-34.832706
190831,0,-0.10,0.00,9.955,-1.010,-1.101,-7.002094,-34.832706
190882,0,-0.10,0.00,9.926,-0.991,-1.087,-7.002094,-34.832706
190934,0,-0.13,-0.52,9.912,-1.001,-1.154,-7.002094,-34.832706
190984,0,-0.13,0.00,9.926,-1.030,-1.111,-7.002094,-34.832706
191034,0,-0.13,0.00,9.955,-1.025,-1.120,-7.002094,-34.832706
191085,0,-0.10,0.00,9.955,-0.996,-1.106,-7.002094,-34.832706
191135,0,-0.10,0.00,9.926,-0.996,-1.116,-7.002094,-34.832706
191186,0,-0.15,0.00,9.907,-0.972,-1.097,-7.002094,-34.832706
191236,0,-0.16,-0.52,9.922,-0.996,-1.116,-7.002094,-34.832706
191286,0,-0.12,1.39,9.941,-1.025,-1.092,-7.002094,-34.832706
191337,0,-0.16,0.00,9.936,-1.010,-1.106,-7.002094,-34.832706
191387,0,-0.14,1.41,9.907,-1.030,-1.120,-7.002094,-34.832706
191438,0,-0.14,0.00,9.931,-1.020,-1.130,-7.002094,-34.832706
191490,0,-0.12,0.00,9.936,-1.006,-1.087,-7.002094,-34.832706
191541,0,-0.14,-0.56,9.955,-1.001,-1.073,-7.002094,-34.832706
191593,0,-0.12,0.52,9.926,-1.001,-1.111,-7.002094,-34.832706
191644,0,-0.10,0.48,9.917,-1.034,-1.111,-7.002094,-34.832706
191696,0,-0.10,0.00,9.931,-1.025,-1.106,-7.002094,-34.832706
191748,0,-0.10,0.00,9.946,-1.015,-1.087,-7.002094,-34.832706
191798,0,-0.10,0.00,9.946,-1.006,-1.111,-7.002094,-34.832706
191849,0,-0.10,0.00,9.931,-0.972,-1.097,-7.002094,-34.832706
191901,0,-0.08,0.56,9.912,-0.991,-1.092,-7.002094,-34.832706
191953,0,-0.10,0.00,9.950,-1.025,-1.097,-7.002094,-34.832706
192003,0,-0.08,0.00,9.936,-1.025,-1.116,-7.002094,-34.832706
192054,0,-0.07,0.56,9.931,-1.025,-1.092,-7.002094,-34.832706
192104,0,-0.05,0.00,9.936,-1.001,-1.082,-7.002094,-34.832706
192154,0,-0.08,-0.54,9.941,-1.001,-1.111,-7.002094,-34.832706
192205,0,-0.10,-0.56,9.931,-0.986,-1.097,-7.002094,-34.832706
192255,0,-0.10,0.00,9.946,-0.986,-1.106,-7.002094,-34.832706
192306,0,-0.09,0.76,9.922,-0.986,-1.116,-7.002094,-34.832706
192370,0,-0.10,-0.16,9.936,-1.025,-1.140,-7.002094,-34.832706
192421,0,-0.10,0.00,9.946,-1.020,-1.106,-7.002094,-34.832706
192470,0,-0.10,0.00,9.922,-1.020,-1.106,-7.002094,-34.832706
192521,0,-0.10,0.00,9.946,-0.986,-1.087,-7.002094,-34.832706
192572,0,-0.12,0.00,9.936,-1.001,-1.097,-7.002094,-34.832706
192624,0,-0.12,0.00,9.926,-1.001,-1.116,-7.002094,-34.832706
192676,0,-0.09,-0.52,9.941,-1.001,-1.125,-7.002094,-34.832706
192727,0,-0.09,0.00,9.912,-1.010,-1.111,-7.002094,-34.832706
192779,0,-0.11,0.00,9.936,-1.010,-1.092,-7.002094,-34.832706
192830,0,-0.11,0.00,9.931,-1.020,-1.106,-7.002094,-34.832706
192882,0,-0.11,0.00,9.893,-1.006,-1.092,-7.002094,-34.832706
192934,0,-0.06,1.38,9.946,-1.001,-1.125,-7.002094,-34.832706
192983,0,-0.06,0.00,9.931,-0.977,-1.092,-7.002094,-34.832706
193034,0,-0.06,0.00,9.922,-0.996,-1.092,-7.002094,-34.832706
193084,0,-0.06,0.00,9.946,-1.025,-1.106,-7.002094,-34.832706
193135,0,-0.07,-0.54,9.912,-1.006,-1.120,-7.002094,-34.832706
193185,0,-0.09,0.00,9.907,-1.015,-1.106,-7.002094,-34.832706
193236,0,-0.07,0.56,9.936,-1.006,-1.125,-7.002094,-34.832706
193286,0,-0.09,-0.56,9.926,-1.001,-1.101,-7.002094,-34.832706
193336,0,-0.09,0.00,9.931,-0.991,-1.135,-7.002094,-34.832706
193387,0,-0.09,0.50,9.946,-1.010,-1.154,-7.002094,-34.832706
193437,0,-0.10,-0.52,9.931,-1.020,-1.097,-7.002094,-34.832706
193489,0,-0.10,0.00,9.931,-1.010,-1.125,-7.002094,-34.832706
193541,0,-0.10,0.00,9.926,-1.006,-1.111,-7.002094,-34.832706
193592,0,-0.10,0.00,9.931,-0.986,-1.135,-7.002094,-34.832706
193644,0,-0.11,-0.48,9.941,-0.991,-1.106,-7.002094,-34.832706
193695,0,-0.09,0.88,9.917,-1.006,-1.140,-7.002094,-34.832706
193746,0,-0.09,0.00,9.936,-1.025,-1.116,-7.002094,-34.832706
193797,0,-0.09,0.00,9.931,-1.006,-1.106,-7.002094,-34.832706
193849,0,-0.10,-0.48,9.946,-1.015,-1.106,-7.002094,-34.832706
193900,0,-0.09,0.48,9.946,-1.001,-1.106,-7.002094,-34.832706
193952,0,-0.09,0.00,9.902,-0.986,-1.149,-7.002094,-34.832706
194003,0,-0.09,0.00,9.955,-1.001,-1.120,-7.002094,-34.832706
194053,0,-0.09,0.00,9.946,-1.006,-1.106,-7.002094,-34.832706
194160,0,-0.10,-0.18,9.946,-1.006,-1.106,-7.002094,-34.832706
194210,0,-0.05,1.45,9.922,-1.006,-1.125,-7.002094,-34.832706
194260,0,-0.05,0.00,9.917,-1.006,-1.092,-7.002094,-34.832706
194311,0,-0.05,0.00,9.941,-1.010,-1.097,-7.002094,-34.832706
194361,0,-0.05,0.52,9.922,-1.025,-1.101,-7.002094,-34.832706
194412,0,0.01,2.39,9.936,-1.020,-1.125,-7.002094,-34.832706
194462,0,0.10,0.00,9.926,-1.030,-1.116,-7.002094,-34.832706
194512,0,0.17,2.70,9.946,-1.015,-1.092,-7.002094,-34.832706
194563,0,0.27,0.80,9.931,-1.010,-1.087,-7.002094,-34.832706
194616,0,0.33,1.27,9.902,-1.006,-1.101,-7.002094,-34.832706
194667,0,0.33,0.00,9.926,-0.986,-1.106,-7.002094,-34.832706
194718,0,3.03,103.56,9.936,-1.001,-1.116,-7.002094,-34.832706
194770,0,5.65,96.92,9.946,-1.015,-1.130,-7.002094,-34.832706
194821,0,8.13,0.00,9.931,-1.006,-1.116,-7.002094,-34.832706
194873,0,12.67,80.88,9.931,-1.010,-1.144,-7.002094,-34.832706
194925,0,14.70,0.00,9.936,-0.977,-1.073,-7.002094,-34.832706
194974,0,18.35,70.31,9.946,-0.991,-1.092,-7.002094,-34.832706
195025,0,17.18,-46.50,9.936,-0.996,-1.082,-7.002092,-34.832703
195075,0,16.14,0.00,9.926,-0.996,-1.082,-7.002092,-34.832703
195126,0,14.18,-37.87,9.941,-1.030,-1.101,-7.002092,-34.832703
195176,0,13.29,-34.16,9.931,-1.015,-1.077,-7.002092,-34.832703
195226,0,12.44,0.00,9.941,-1.001,-1.101,-7.002092,-34.832703
195277,0,10.89,-30.24,9.926,-1.001,-1.120,-7.002092,-34.832703
195327,0,10.21,-26.96,9.917,-0.986,-1.082,-7.002092,-34.832703
195378,0,9.58,0.00,9.926,-0.977,-1.101,-7.002092,-34.832703
195428,0,8.35,-22.18,9.931,-1.010,-1.097,-7.002092,-34.832703
195477,0,7.81,-20.02,9.931,-1.006,-1.130,-7.002092,-34.832703
195529,0,7.34,0.00,9.922,-1.020,-1.097,-7.002092,-34.832703
195580,0,6.40,-16.57,9.941,-1.010,-1.116,-7.002092,-34.832703
195632,0,6.00,0.00,9.917,-1.015,-1.111,-7.002092,-34.832703
195684,0,5.24,-13.88,9.926,-0.991,-1.120,-7.002092,-34.832703
195734,0,5.24,0.00,9.926,-0.996,-1.106,-7.002092,-34.832703
195786,0,4.60,-10.69,9.926,-1.015,-1.111,-7.002092,-34.832703
195837,0,4.28,0.00,9.950,-1.025,-1.116,-7.002092,-34.832703
195889,0,3.74,-10.69,9.946,-1.034,-1.106,-7.002092,-34.832703
195940,0,3.48,-9.41,9.955,-1.010,-1.111,-7.002092,-34.832703
195991,0,3.27,0.00,9.941,-1.025,-1.130,-7.002092,-34.832703
196041,0,2.83,-8.71,9.936,-0.991,-1.097,-7.002091,-34.832706
196091,0,2.63,-7.93,9.907,-0.986,-1.077,-7.002091,-34.832706
196142,0,2.45,0.00,9.936,-1.001,-1.111,-7.002091,-34.832706
196224,0,1.94,-5.21,9.931,-1.006,-1.116,-7.002091,-34.832706
196275,0,1.83,0.00,9.917,-1.010,-1.111,-7.002091,-34.832706
196325,0,1.55,-4.39,9.936,-0.986,-1.092,-7.002091,-34.832706
196376,0,1.44,-4.24,9.936,-1.010,-1.097,-7.002091,-34.832706
196426,0,1.32,0.00,9.941,-1.034,-1.101,-7.002091,-34.832706
196478,0,1.12,-3.46,9.955,-1.001,-1.120,-7.002091,-34.832706
196530,0,1.00,-4.45,9.955,-1.020,-1.120,-7.002091,-34.832706
196580,0,0.93,-2.68,9.912,-1.010,-1.130,-7.002091,-34.832706
196629,0,0.85,0.00,9.941,-1.010,-1.116,-7.002091,-34.832706
196681,0,0.74,-2.22,9.950,-1.006,-1.120,-7.002091,-34.832706
196732,0,0.68,-2.18,9.936,-1.006,-1.140,-7.002091,-34.832706
196784,0,0.64,0.00,9.946,-1.001,-1.125,-7.002091,-34.832706
196835,0,0.53,-1.84,9.912,-0.986,-1.120,-7.002091,-34.832706
196887,0,0.46,0.00,9.898,-0.982,-1.116,-7.002091,-34.832706
196939,0,0.37,-2.31,9.855,-1.025,-1.101,-7.002091,-34.832706
196989,0,0.33,-1.49,9.965,-0.991,-1.149,-7.002091,-34.832706
197039,0,0.30,0.00,9.922,-1.001,-1.077,-7.002092,-34.832703
197090,0,0.26,-0.93,9.955,-1.034,-1.130,-7.002092,-34.832703
197140,0,0.24,-0.76,9.946,-0.996,-1.101,-7.002092,-34.832703
197190,0,0.22,0.00,9.950,-1.039,-1.130,-7.002092,-34.832703
197241,0,0.16,-1.45,9.946,-1.030,-1.097,-7.002092,-34.832703
197291,0,0.16,0.00,9.888,-0.977,-1.092,-7.002092,-34.832703
197342,0,0.13,0.00,9.893,-0.967,-1.106,-7.002092,-34.832703
197392,0,0.10,0.00,9.912,-0.996,-1.116,-7.002092,-34.832703
197443,0,0.07,-1.45,9.946,-1.020,-1.082,-7.002092,-34.832703
197494,0,0.07,1.09,9.955,-1.015,-1.106,-7.002092,-34.832703
197546,0,0.04,-1.27,9.922,-0.991,-1.106,-7.002092,-34.832703
197597,0,0.05,0.00,9.931,-0.986,-1.077,-7.002092,-34.832703
197649,0,0.03,0.00,9.960,-1.010,-1.125,-7.002092,-34.832703
197701,0,0.04,0.56,9.926,-1.020,-1.125,-7.002092,-34.832703
197751,0,0.02,-0.89,9.936,-0.982,-1.101,-7.002092,-34.832703
197802,0,0.03,0.00,9.922,-1.015,-1.125,-7.002092,-34.832703
197854,0,-0.00,0.00,9.960,-1.006,-1.097,-7.002092,-34.832703
197903,0,-0.00,0.00,9.917,-1.010,-1.077,-7.002092,-34.832703
197955,0,-0.04,-0.82,9.936,-1.006,-1.140,-7.002092,-34.832703
198005,0,-0.03,0.52,9.941,-1.025,-1.135,-7.002092,-34.832703
198056,0,-0.01,0.00,9.950,-1.025,-1.106,-7.002092,-34.832703
198106,0,0.00,0.00,9.926,-1.001,-1.135,-7.002092,-34.832703
198156,0,0.00,0.00,9.888,-1.001,-1.106,-7.002092,-34.832703
198207,0,-0.05,0.00,9.912,-0.986,-1.092,-7.002092,-34.832703
198265,0,-0.05,0.00,9.902,-0.991,-1.092,-7.002092,-34.832703
198316,0,-0.05,0.00,9.955,-0.996,-1.120,-7.002092,-34.832703
198366,0,-0.06,-0.56,9.922,-0.996,-1.125,-7.002092,-34.832703
198416,0,-0.08,0.00,9.855,-0.962,-1.082,-7.002092,-34.832703
198469,0,-0.08,0.00,9.835,-0.996,-1.092,-7.002092,-34.832703
198520,0,-0.09,-0.56,9.917,-0.986,-1.101,-7.002092,-34.832703
198571,0,-0.09,0.00,9.950,-0.991,-1.140,-7.002092,-34.832703
198622,0,-0.08,0.52,9.946,-0.991,-1.106,-7.002092,-34.832703
198674,0,-0.09,-0.52,9.936,-1.015,-1.111,-7.002092,-34.832703
198726,0,-0.09,0.00,9.946,-1.006,-1.120,-7.002092,-34.832703
198777,0,-0.10,0.00,9.902,-1.001,-1.101,-7.002092,-34.832703
198829,0,-0.10,0.00,9.946,-1.010,-1.097,-7.002092,-34.832703
198880,0,-0.12,-0.52,9.907,-1.006,-1.120,-7.002092,-34.832703
198932,0,-0.15,-1.34,9.917,-1.006,-1.125,-7.002092,-34.832703
198982,0,-0.17,-0.56,9.941,-1.010,-1.144,-7.002092,-34.832703
199032,0,-0.17,0.00,9.955,-1.010,-1.097,-7.002091,-34.832706
199083,0,-0.15,0.56,9.926,-1.001,-1.097,-7.002091,-34.832706
199133,0,-0.14,0.56,9.926,-1.006,-1.101,-7.002091,-34.832706
199184,0,-0.13,0.00,9.922,-1.010,-1.097,-7.002091,-34.832706
199234,0,-0.16,0.56,9.912,-1.001,-1.097,-7.002091,-34.832706
199284,0,-0.05,4.18,9.898,-1.015,-1.106,-7.002091,-34.832706
199335,0,0.02,0.00,9.931,-1.015,-1.101,-7.002091,-34.832706
199385,0,0.11,2.78,9.941,-1.020,-1.111,-7.002091,-34.832706
199467,0,0.24,1.90,9.946,-1.001,-1.097,-7.002091,-34.832706
199518,0,0.20,-1.38,9.936,-1.001,-1.087,-7.002091,-34.832706
199570,0,2.94,109.53,9.931,-1.030,-1.120,-7.002091,-34.832706
199621,0,7.93,89.30,9.941,-0.991,-1.106,-7.002091,-34.832706
199673,0,10.13,81.83,9.946,-1.015,-1.106,-7.002091,-34.832706
199724,0,12.27,0.00,9.946,-1.006,-1.116,-7.002091,-34.832706
199776,0,16.04,67.14,9.922,-1.015,-1.087,-7.002091,-34.832706
199828,0,17.76,63.55,9.950,-0.991,-1.116,-7.002091,-34.832706
199879,0,18.23,-45.26,9.902,-1.001,-1.111,-7.002091,-34.832706
199931,0,17.04,-47.43,9.936,-1.015,-1.116,-7.002091,-34.832706
199981,0,15.98,0.00,9.926,-1.010,-1.106,-7.002091,-34.832706
200031,0,14.03,-37.32,9.931,-1.006,-1.116,-7.002088,-34.832706
200081,0,13.15,-34.14,9.941,-1.006,-1.106,-7.002088,-34.832706
200132,0,12.30,0.00,9.922,-1.006,-1.135,-7.002088,-34.832706
200182,0,10.81,-29.26,9.917,-1.015,-1.092,-7.002088,-34.832706
200233,0,10.10,-28.35,9.917,-0.996,-1.120,-7.002088,-34.832706
200283,0,9.48,0.00,9.936,-1.015,-1.149,-7.002088,-34.832706
200342,0,8.34,-16.94,9.917,-0.991,-1.111,-7.002088,-34.832706
200392,0,7.81,0.00,9.917,-0.982,-1.092,-7.002088,-34.832706
200442,0,6.88,-17.07,9.902,-0.986,-1.144,-7.002088,-34.832706
200493,0,6.41,-17.31,9.922,-1.001,-1.101,-7.002088,-34.832706
200544,0,5.99,-15.56,9.922,-1.001,-1.097,-7.002088,-34.832706
200596,0,5.65,0.00,9.902,-1.006,-1.058,-7.002088,-34.832706
200648,0,4.93,-12.04,9.926,-1.010,-1.120,-7.002088,-34.832706
200699,0,4.62,-12.05,9.946,-1.025,-1.120,-7.002088,-34.832706
200751,0,4.02,-10.15,9.946,-1.015,-1.116,-7.002088,-34.832706
200802,0,3.77,-9.32,9.926,-1.001,-1.111,-7.002088,-34.832706
200854,0,3.51,0.00,9.941,-0.996,-1.106,-7.002088,-34.832706
200906,0,3.06,-7.97,9.941,-1.030,-1.092,-7.002088,-34.832706
200957,0,2.83,0.00,9.931,-0.996,-1.101,-7.002088,-34.832706
201008,0,2.47,-7.14,9.917,-1.010,-1.097,-7.002088,-34.832706
201058,0,2.30,-6.74,9.931,-1.025,-1.111,-7.002088,-34.832706
201109,0,2.17,0.00,9.912,-1.015,-1.106,-7.002088,-34.832706
201159,0,1.88,-5.69,9.917,-1.006,-1.125,-7.002088,-34.832706
201210,0,1.74,-5.59,9.907,-1.006,-1.116,-7.002088,-34.832706
201260,0,1.61,0.00,9.922,-0.996,-1.101,-7.002088,-34.832706
201310,0,1.40,-4.26,9.912,-1.010,-1.101,-7.002088,-34.832706
201361,0,1.28,-4.85,9.931,-1.010,-1.120,-7.002088,-34.832706
201411,0,1.20,0.00,9.931,-0.996,-1.097,-7.002088,-34.832706
201464,0,1.02,-2.70,9.917,-1.010,-1.101,-7.002088,-34.832706
201515,0,0.91,-3.95,9.931,-0.996,-1.116,-7.002088,-34.832706
201567,0,0.84,0.00,9.941,-1.006,-1.116,-7.002088,-34.832706
201618,0,0.75,-2.20,9.917,-0.996,-1.125,-7.002088,-34.832706
201670,0,0.67,0.00,9.912,-1.010,-1.082,-7.002088,-34.832706
201722,0,0.53,-2.66,9.898,-1.001,-1.097,-7.002088,-34.832706
201772,0,0.53,0.00,9.912,-1.015,-1.111,-7.002088,-34.832706
201824,0,0.43,-2.22,9.936,-1.010,-1.120,-7.002088,-34.832706
201875,0,0.41,0.00,9.936,-0.996,-1.125,-7.002088,-34.832706
201927,0,0.34,-1.38,9.922,-1.020,-1.144,-7.002088,-34.832706
201976,0,0.28,-2.33,9.926,-1.001,-1.106,-7.002088,-34.832706
202027,0,0.25,0.00,9.917,-1.006,-1.101,-7.002089,-34.832706
202077,0,0.20,-1.43,9.931,-0.991,-1.106,-7.002089,-34.832706
202128,0,0.16,-1.45,9.931,-0.991,-1.106,-7.002089,-34.832706
202178,0,0.12,0.00,9.941,-0.982,-1.120,-7.002089,-34.832706
202229,0,0.05,-1.33,9.922,-1.020,-1.101,-7.002089,-34.832706
202279,0,0.07,0.56,9.922,-1.001,-1.116,-7.002089,-34.832706
202329,0,0.05,0.00,9.902,-1.015,-1.082,-7.002089,-34.832706
202387,0,0.01,-0.50,9.931,-1.010,-1.125,-7.002089,-34.832706
202437,0,-0.04,-0.56,9.946,-0.996,-1.101,-7.002089,-34.832706
202489,0,-0.04,0.00,9.936,-1.006,-1.125,-7.002089,-34.832706
202541,0,-0.06,0.00,9.931,-1.001,-1.111,-7.002089,-34.832706
202591,0,-0.06,0.00,9.926,-1.020,-1.135,-7.002089,-34.832706
202642,0,-0.05,0.48,9.926,-1.030,-1.101,-7.002089,-34.832706
202694,0,-0.05,0.00,9.931,-1.015,-1.120,-7.002089,-34.832706
202746,0,-0.09,0.00,9.936,-1.020,-1.106,-7.002089,-34.832706
202797,0,-0.09,0.00,9.946,-0.996,-1.125,-7.002089,-34.832706
202849,0,-0.09,0.00,9.931,-0.996,-1.097,-7.002089,-34.832706
202900,0,-0.14,0.00,9.912,-1.006,-1.092,-7.002089,-34.832706
202952,0,-0.14,0.00,9.936,-0.986,-1.116,-7.002089,-34.832706
203003,0,-0.14,0.00,9.907,-1.020,-1.106,-7.002089,-34.832706
203053,0,-0.14,0.00,9.936,-1.006,-1.068,-7.002090,-34.832706
203103,0,-0.17,-1.45,9.946,-1.030,-1.111,-7.002090,-34.832706
203154,0,-0.17,0.00,9.946,-1.020,-1.101,-7.002090,-34.832706
203204,0,-0.17,-0.50,9.917,-1.010,-1.106,-7.002090,-34.832706
203255,0,-0.17,0.00,9.902,-1.006,-1.111,-7.002090,-34.832706
203305,0,-0.21,0.00,9.931,-0.996,-1.087,-7.002090,-34.832706
203355,0,-0.20,0.52,9.912,-1.006,-1.092,-7.002090,-34.832706
203406,0,-0.20,0.00,9.931,-0.996,-1.092,-7.002090,-34.832706
203456,0,-0.23,0.00,9.926,-1.001,-1.130,-7.002090,-34.832706
203507,0,-0.23,0.00,9.941,-0.996,-1.092,-7.002090,-34.832706
203559,0,-0.27,0.00,9.941,-1.025,-1.125,-7.002090,-34.832706
203611,0,-0.28,-0.52,9.931,-1.010,-1.130,-7.002090,-34.832706
203662,0,-0.28,0.00,9.965,-1.006,-1.111,-7.002090,-34.832706
203714,0,-0.27,0.48,9.926,-1.030,-1.120,-7.002090,-34.832706
203765,0,-0.29,-0.88,9.922,-0.996,-1.125,-7.002090,-34.832706
203816,0,-0.30,-0.52,9.931,-1.001,-1.116,-7.002090,-34.832706
203867,0,-0.29,0.52,9.898,-0.996,-1.130,-7.002090,-34.832706
203919,0,-0.25,1.01,9.926,-1.001,-1.101,-7.002090,-34.832706
203968,0,-0.23,0.52,9.946,-1.015,-1.101,-7.002090,-34.832706
204019,0,-0.22,0.00,9.936,-1.025,-1.101,-7.002091,-34.832710
204069,0,-0.23,0.52,9.936,-1.015,-1.125,-7.002091,-34.832710
204158,0,-0.20,0.24,9.926,-1.006,-1.125,-7.002091,-34.832710
204209,0,-0.19,0.00,9.931,-1.015,-1.097,-7.002091,-34.832710
204259,0,-0.21,-0.93,9.936,-1.006,-1.106,-7.002091,-34.832710
204309,0,-0.22,0.00,9.922,-1.015,-1.111,-7.002091,-34.832710
204360,0,-0.20,0.56,9.936,-1.010,-1.130,-7.002091,-34.832710
204410,0,-0.17,1.09,9.936,-1.025,-1.097,-7.002091,-34.832710
204463,0,-0.21,0.00,9.931,-1.010,-1.120,-7.002091,-34.832710
204514,0,-0.19,0.56,9.922,-1.010,-1.130,-7.002091,-34.832710
204565,0,-0.18,0.48,9.917,-1.020,-1.130,-7.002091,-34.832710
204616,0,-0.16,0.52,9.912,-1.010,-1.101,-7.002091,-34.832710
204668,0,-0.14,0.00,9.922,-1.015,-1.111,-7.002091,-34.832710
204719,0,-0.11,0.52,9.941,-1.015,-1.125,-7.002091,-34.832710
204771,0,-0.15,-1.34,9.922,-0.991,-1.101,-7.002091,-34.832710
204823,0,-0.13,0.48,9.926,-1.010,-1.111,-7.002091,-34.832710
204874,0,-0.12,0.60,9.936,-0.991,-1.097,-7.002091,-34.832710
204926,0,-0.12,0.00,9.936,-1.006,-1.135,-7.002091,-34.832710
204976,0,-0.12,0.60,9.936,-1.015,-1.111,-7.002091,-34.832710
205026,0,-0.13,0.00,9.936,-1.001,-1.106,-7.002091,-34.832710
205077,0,-0.12,0.00,9.917,-0.991,-1.116,-7.002091,-34.832710
205127,0,-0.11,0.48,9.946,-1.020,-1.101,-7.002091,-34.832710
205177,0,-0.11,0.00,9.941,-1.006,-1.120,-7.002091,-34.832710
205228,0,-0.11,0.00,9.936,-1.015,-1.116,-7.002091,-34.832710
205278,0,-0.11,0.00,9.936,-1.006,-1.125,-7.002091,-34.832710
205329,0,-0.14,0.00,9.931,-1.001,-1.120,-7.002091,-34.832710
205379,0,-0.16,-0.52,9.926,-1.006,-1.087,-7.002091,-34.832710
205429,0,-0.16,0.00,9.931,-0.982,-1.101,-7.002091,-34.832710
205481,0,-0.16,0.00,9.931,-1.020,-1.116,-7.002091,-34.832710
205533,0,-0.16,0.00,9.931,-1.006,-1.111,-7.002091,-34.832710
205585,0,-0.14,0.52,9.941,-1.010,-1.120,-7.002091,-34.832710
205636,0,-0.14,0.00,9.917,-1.001,-1.101,-7.002091,-34.832710
205688,0,-0.14,0.00,9.955,-1.006,-1.092,-7.002091,-34.832710
205739,0,-0.13,0.00,9.926,-1.020,-1.106,-7.002091,-34.832710
205790,0,-0.13,0.00,9.941,-0.996,-1.120,-7.002091,-34.832710
205841,0,-0.12,0.00,9.922,-1.020,-1.077,-7.002091,-34.832710
205893,0,-0.12,0.00,9.936,-1.020,-1.097,-7.002091,-34.832710
205945,0,-0.13,0.00,9.912,-1.001,-1.106,-7.002091,-34.832710
205995,0,-0.14,0.00,9.941,-1.006,-1.111,-7.002091,-34.832710
206045,0,-0.14,0.00,9.936,-1.015,-1.111,-7.002091,-34.832710
206096,0,-0.14,0.00,9.936,-0.996,-1.101,-7.002091,-34.832710
206146,0,-0.13,0.00,9.946,-1.001,-1.106,-7.002091,-34.832710
206204,0,-0.14,-0.19,9.941,-1.001,-1.111,-7.002091,-34.832710
206254,0,-0.13,0.56,9.941,-1.010,-1.116,-7.002091,-34.832710
206305,0,-0.13,0.00,9.936,-1.006,-1.135,-7.002091,-34.832710
206355,0,-0.14,0.00,9.926,-0.996,-1.111,-7.002091,-34.832710
206405,0,-0.16,-0.50,9.922,-0.996,-1.097,-7.002091,-34.832710
206456,0,-0.18,0.00,9.931,-1.010,-1.082,-7.002091,-34.832710
206506,0,-0.18,0.00,9.917,-0.996,-1.106,-7.002091,-34.832710
206557,0,-0.14,0.00,9.912,-1.030,-1.111,-7.002091,-34.832710
206609,0,-0.14,0.52,9.946,-1.015,-1.120,-7.002091,-34.832710
206661,0,-0.14,0.00,9.922,-0.986,-1.106,-7.002091,-34.832710
206712,0,-0.14,-0.52,9.893,-0.991,-1.106,-7.002091,-34.832710
206764,0,-0.18,-1.23,9.931,-1.015,-1.106,-7.002091,-34.832710
206815,0,-0.18,0.00,9.926,-0.991,-1.120,-7.002091,-34.832710
206867,0,-0.14,0.00,9.946,-1.010,-1.106,-7.002091,-34.832710
206919,0,-0.16,0.00,9.926,-1.001,-1.130,-7.002091,-34.832710
206968,0,-0.16,0.00,9.941,-1.006,-1.111,-7.002091,-34.832710
207019,0,-0.16,0.00,9.941,-1.006,-1.077,-7.002091,-34.832706
207069,0,-0.16,0.00,9.922,-0.991,-1.125,-7.002091,-34.832706
207119,0,-0.17,-0.56,9.931,-1.025,-1.092,-7.002091,-34.832706
207170,0,-0.20,-1.28,9.941,-1.020,-1.125,-7.002091,-34.832706
207220,0,-0.20,0.00,9.926,-1.015,-1.106,-7.002091,-34.832706
207271,0,-0.22,0.00,9.926,-1.015,-1.140,-7.002091,-34.832706
207321,0,-0.22,0.00,9.926,-1.010,-1.082,-7.002091,-34.832706
207371,0,-0.22,0.00,9.912,-1.006,-1.101,-7.002091,-34.832706
207422,0,-0.23,0.00,9.946,-1.006,-1.111,-7.002091,-34.832706
207471,0,-0.24,-0.52,9.917,-0.986,-1.116,-7.002091,-34.832706
207523,0,-0.24,0.00,9.936,-1.034,-1.082,-7.002091,-34.832706
207575,0,-0.24,0.00,9.955,-1.001,-1.106,-7.002091,-34.832706
207625,0,-0.26,-0.48,9.922,-1.006,-1.120,-7.002091,-34.832706
207677,0,-0.24,0.48,9.912,-0.982,-1.120,-7.002091,-34.832706
207728,0,-0.26,0.00,9.922,-0.996,-1.077,-7.002091,-34.832706
207780,0,-0.26,0.00,9.898,-0.986,-1.106,-7.002091,-34.832706
207831,0,-0.26,0.00,9.907,-1.010,-1.087,-7.002091,-34.832706
207883,0,-0.26,0.00,9.898,-0.986,-1.063,-7.002091,-34.832706
207935,0,-0.27,-0.56,9.907,-1.010,-1.082,-7.002091,-34.832706
207985,0,-0.30,-0.56,9.936,-0.991,-1.125,-7.002091,-34.832706
208035,0,-0.27,1.28,9.950,-1.010,-1.087,-7.002090,-34.832706
208085,0,-0.28,0.00,9.936,-0.986,-1.111,-7.002090,-34.832706
208136,0,-0.28,-0.52,9.898,-0.972,-1.116,-7.002090,-34.832706
208186,0,-0.29,-0.56,9.941,-0.982,-1.125,-7.002090,-34.832706
208254,0,-0.34,-0.61,9.917,-1.001,-1.130,-7.002090,-34.832706
208304,0,-0.33,0.00,9.907,-1.001,-1.111,-7.002090,-34.832706
208354,0,-0.34,-0.50,9.946,-1.001,-1.140,-7.002090,-34.832706
208405,0,-0.34,0.00,9.907,-1.001,-1.082,-7.002090,-34.832706
208455,0,-0.35,0.00,9.931,-1.010,-1.106,-7.002090,-34.832706
208506,0,-0.34,0.52,9.907,-1.001,-1.101,-7.002090,-34.832706
208557,0,-0.34,0.00,9.931,-1.006,-1.116,-7.002090,-34.832706
208608,0,-0.33,0.48,9.936,-1.010,-1.130,-7.002090,-34.832706
208660,0,-0.36,0.00,9.931,-0.991,-1.092,-7.002090,-34.832706
208712,0,-0.38,0.00,9.917,-1.001,-1.116,-7.002090,-34.832706
208763,0,-0.38,0.00,9.907,-1.001,-1.097,-7.002090,-34.832706
208815,0,-0.36,-1.34,9.912,-1.015,-1.082,-7.002090,-34.832706
208866,0,-0.38,-0.48,9.912,-0.996,-1.116,-7.002090,-34.832706
208918,0,-0.38,0.00,9.926,-1.001,-1.092,-7.002090,-34.832706
208967,0,-0.37,0.93,9.902,-1.015,-1.101,-7.002090,-34.832706
209018,0,-0.37,0.00,9.946,-0.996,-1.101,-7.002090,-34.832706
209068,0,-0.42,0.00,9.931,-1.010,-1.073,-7.002090,-34.832706
209119,0,-0.42,-1.45,9.922,-1.015,-1.125,-7.002090,-34.832706
209169,0,-0.42,0.00,9.931,-0.991,-1.111,-7.002090,-34.832706
209220,0,-0.42,0.00,9.926,-1.015,-1.135,-7.002090,-34.832706
209270,0,-0.37,1.41,9.931,-1.001,-1.116,-7.002090,-34.832706
209320,0,-0.37,0.00,9.936,-1.020,-1.101,-7.002090,-34.832706
209371,0,-0.37,0.00,9.917,-1.001,-1.125,-7.002090,-34.832706
209421,0,-0.37,0.00,9.926,-1.001,-1.106,-7.002090,-34.832706
209473,0,-0.37,0.00,9.917,-0.986,-1.097,-7.002090,-34.832706
209525,0,-0.37,0.00,9.946,-1.010,-1.125,-7.002090,-34.832706
209577,0,-0.37,0.00,9.912,-0.982,-1.077,-7.002090,-34.832706
209628,0,-0.35,0.00,9.922,-0.977,-1.135,-7.002090,-34.832706
209680,0,-0.34,0.00,9.936,-1.001,-1.130,-7.002090,-34.832706
209731,0,-0.34,0.00,9.941,-1.006,-1.144,-7.002090,-34.832706
209782,0,-0.33,0.48,9.907,-1.006,-1.106,-7.002090,-34.832706
209833,0,-0.33,0.00,9.912,-1.010,-1.125,-7.002090,-34.832706
209885,0,-0.34,0.00,9.969,-1.010,-1.159,-7.002090,-34.832706
209937,0,-0.33,0.48,9.917,-0.977,-1.106,-7.002090,-34.832706
209987,0,-0.31,0.60,9.936,-0.972,-1.144,-7.002090,-34.832706
210037,0,-0.31,0.00,9.922,-0.986,-1.106,-7.002091,-34.832703
210087,0,-0.33,0.00,9.946,-1.010,-1.111,-7.002091,-34.832703
210138,0,-0.36,-1.45,9.922,-1.020,-1.130,-7.002091,-34.832703
210188,0,-0.36,0.00,9.874,-1.006,-1.082,-7.002091,-34.832703
210239,0,-0.36,0.00,9.912,-0.996,-1.130,-7.002091,-34.832703
210304,0,-0.35,0.17,9.898,-0.982,-1.101,-7.002091,-34.832703
210354,0,-0.35,0.00,9.917,-0.991,-1.116,-7.002091,-34.832703
210405,0,-0.35,0.00,9.946,-1.010,-1.116,-7.002091,-34.832703
210455,0,-0.38,0.00,9.955,-1.015,-1.140,-7.002091,-34.832703
210507,0,-0.38,0.00,9.950,-1.034,-1.149,-7.002091,-34.832703
210557,0,-0.38,0.00,9.955,-1.015,-1.135,-7.002091,-34.832703
210609,0,-0.37,0.45,9.917,-0.986,-1.063,-7.002091,-34.832703
210660,0,-0.38,0.00,9.931,-0.986,-1.120,-7.002091,-34.832703
210712,0,-0.38,0.00,9.912,-0.991,-1.092,-7.002091,-34.832703
210763,0,-0.41,-0.89,9.926,-1.006,-1.097,-7.002091,-34.832703
210815,0,-0.41,0.00,9.974,-1.006,-1.077,-7.002091,-34.832703
210867,0,-0.41,0.00,9.946,-1.034,-1.106,-7.002091,-34.832703
210918,0,-0.39,0.00,9.922,-1.015,-1.077,-7.002091,-34.832703
210970,0,-0.38,0.00,9.907,-1.025,-1.092,-7.002091,-34.832703
211021,0,-0.38,0.00,9.946,-0.986,-1.082,-7.002091,-34.832703
211071,0,-0.38,0.00,9.902,-1.001,-1.097,-7.002091,-34.832703
211122,0,-0.38,0.00,9.922,-1.020,-1.087,-7.002091,-34.832703
211172,0,-0.38,0.00,9.946,-1.010,-1.077,-7.002091,-34.832703
211222,0,-0.38,0.00,9.912,-1.020,-1.082,-7.002091,-34.832703
211273,0,-0.38,0.00,9.874,-0.996,-1.068,-7.002091,-34.832703
211323,0,-0.40,-0.84,9.898,-0.982,-1.030,-7.002091,-34.832703
211374,0,-0.40,0.00,9.917,-0.986,-1.125,-7.002091,-34.832703
211424,0,-0.39,0.46,9.902,-0.982,-1.111,-7.002091,-34.832703
211474,0,-0.39,0.00,9.898,-1.001,-1.077,-7.002091,-34.832703
211525,0,-0.39,0.00,9.941,-1.015,-1.154,-7.002091,-34.832703
211577,0,-0.39,0.00,9.917,-1.034,-1.144,-7.002091,-34.832703
211628,0,-0.40,0.00,9.893,-1.015,-1.106,-7.002091,-34.832703
211680,0,-0.42,-0.56,9.926,-0.996,-1.101,-7.002091,-34.832703
211732,0,-0.40,0.00,9.931,-0.991,-1.106,-7.002091,-34.832703
211782,0,-0.40,0.00,9.941,-1.010,-1.116,-7.002091,-34.832703
211834,0,-0.40,0.00,9.946,-1.006,-1.111,-7.002091,-34.832703
211885,0,-0.37,0.00,9.926,-1.020,-1.135,-7.002091,-34.832703
211937,0,-0.38,-0.56,9.922,-1.006,-1.092,-7.002091,-34.832703
211987,0,-0.37,0.00,9.922,-1.025,-1.120,-7.002091,-34.832703
212037,0,-0.37,0.00,9.931,-0.996,-1.106,-7.002091,-34.832699
212087,0,-0.37,0.00,9.931,-0.996,-1.106,-7.002091,-34.832699
212138,0,-0.37,0.00,9.926,-0.996,-1.120,-7.002091,-34.832699
212188,0,-0.37,0.00,9.950,-1.020,-1.101,-7.002091,-34.832699
212239,0,-0.34,0.00,9.907,-0.996,-1.101,-7.002091,-34.832699
212289,0,-0.35,-0.56,9.936,-1.001,-1.092,-7.002091,-34.832699
212348,0,-0.35,0.00,9.931,-1.015,-1.101,-7.002091,-34.832699
212398,0,-0.35,0.00,9.941,-1.020,-1.101,-7.002091,-34.832699
212449,0,-0.35,0.00,9.950,-1.001,-1.101,-7.002091,-34.832699
212499,0,-0.34,0.52,9.912,-0.986,-1.120,-7.002091,-34.832699
212551,0,-0.34,0.00,9.907,-1.010,-1.087,-7.002091,-34.832699
212602,0,-0.34,0.00,9.922,-0.996,-1.111,-7.002091,-34.832699
212654,0,-0.36,-0.86,9.912,-1.015,-1.111,-7.002091,-34.832699
212705,0,-0.36,0.00,9.936,-1.010,-1.154,-7.002091,-34.832699
212757,0,-0.33,1.34,9.922,-0.986,-1.120,-7.002091,-34.832699
212809,0,-0.33,0.00,9.941,-1.006,-1.106,-7.002091,-34.832699
212860,0,-0.30,0.48,9.912,-0.991,-1.125,-7.002091,-34.832699
212912,0,-0.35,0.00,9.912,-1.020,-1.111,-7.002091,-34.832699
212964,0,-0.33,0.82,9.917,-1.001,-1.087,-7.002091,-34.832699
213014,0,-0.35,-0.88,9.946,-1.015,-1.111,-7.002091,-34.832699
213065,0,-0.33,0.00,9.946,-1.001,-1.116,-7.002091,-34.832699
213115,0,-0.33,0.00,9.936,-1.010,-1.097,-7.002091,-34.832699
213165,0,-0.31,0.58,9.950,-0.996,-1.101,-7.002091,-34.832699
213216,0,-0.33,0.00,9.941,-1.006,-1.120,-7.002091,-34.832699
213266,0,-0.33,0.00,9.912,-0.996,-1.101,-7.002091,-34.832699
213317,0,-0.33,0.00,9.922,-0.982,-1.135,-7.002091,-34.832699
213367,0,-0.33,0.00,9.931,-1.030,-1.120,-7.002091,-34.832699
213417,0,-0.31,0.00,9.922,-1.010,-1.130,-7.002091,-34.832699
213467,0,-0.31,0.00,9.922,-1.001,-1.135,-7.002091,-34.832699
213519,0,-0.31,0.00,9.931,-1.010,-1.130,-7.002091,-34.832699
213570,0,-0.31,0.00,9.922,-0.996,-1.111,-7.002091,-34.832699
213622,0,-0.30,0.00,9.936,-1.001,-1.111,-7.002091,-34.832699
213674,0,-0.32,-1.34,9.955,-1.034,-1.125,-7.002091,-34.832699
213724,0,-0.32,0.00,9.950,-1.001,-1.116,-7.002091,-34.832699
213776,0,-0.34,0.00,9.931,-0.977,-1.106,-7.002091,-34.832699
213827,0,-0.32,0.00,9.950,-1.010,-1.087,-7.002091,-34.832699
213879,0,-0.28,0.00,9.936,-1.001,-1.087,-7.002091,-34.832699
213930,0,-0.28,0.00,9.922,-1.001,-1.116,-7.002091,-34.832699
213980,0,-0.34,0.00,9.941,-1.006,-1.116,-7.002091,-34.832699
214031,0,-0.30,0.00,9.931,-1.015,-1.111,-7.002091,-34.832699
214081,0,-0.30,0.00,9.931,-1.001,-1.111,-7.002091,-34.832699
214158,0,-0.30,0.00,9.926,-1.025,-1.125,-7.002091,-34.832699
214208,0,-0.30,0.00,9.950,-0.996,-1.125,-7.002091,-34.832699
214258,0,-0.28,0.00,9.950,-0.991,-1.120,-7.002091,-34.832699
214309,0,-0.32,-0.88,9.922,-1.025,-1.106,-7.002091,-34.832699
214359,0,-0.32,0.00,9.912,-1.006,-1.125,-7.002091,-34.832699
214410,0,-0.28,0.00,9.922,-1.001,-1.116,-7.002091,-34.832699
214460,0,-0.34,-1.49,9.931,-1.006,-1.125,-7.002091,-34.832699
214510,0,-0.34,0.00,9.931,-1.020,-1.111,-7.002091,-34.832699
214562,0,-0.28,0.52,9.926,-1.034,-1.125,-7.002091,-34.832699
214613,0,-0.32,-1.34,9.931,-1.010,-1.130,-7.002091,-34.832699
214665,0,-0.32,-0.82,9.936,-1.010,-1.106,-7.002091,-34.832699
214716,0,-0.32,0.00,9.907,-0.996,-1.144,-7.002091,-34.832699
214768,0,-0.28,0.00,9.931,-1.010,-1.120,-7.002091,-34.832699
214820,0,-0.28,0.00,9.907,-1.010,-1.101,-7.002091,-34.832699
214871,0,-0.31,-1.30,9.936,-1.001,-1.120,-7.002091,-34.832699
214923,0,-0.31,-1.41,9.931,-1.001,-1.130,-7.002091,-34.832699
214972,0,-0.27,1.41,9.941,-1.010,-1.106,-7.002091,-34.832699
215023,0,-0.26,0.00,9.917,-1.001,-1.087,-7.002092,-34.832699
215073,0,-0.24,0.00,9.946,-1.025,-1.101,-7.002092,-34.832699
215124,0,-0.24,0.00,9.950,-0.991,-1.116,-7.002092,-34.832699
215174,0,-0.24,0.00,9.941,-1.010,-1.120,-7.002092,-34.832699
215224,0,-0.24,0.00,9.941,-1.020,-1.130,-7.002092,-34.832699
215275,0,-0.26,-0.52,9.922,-1.015,-1.130,-7.002092,-34.832699
215325,0,-0.26,0.00,9.912,-0.996,-1.111,-7.002092,-34.832699
215376,0,-0.26,0.00,9.931,-1.015,-1.130,-7.002092,-34.832699
215426,0,-0.26,0.00,9.917,-1.001,-1.097,-7.002092,-34.832699
215478,0,-0.26,0.00,9.931,-1.015,-1.144,-7.002092,-34.832699
215530,0,-0.27,0.00,9.922,-1.015,-1.101,-7.002092,-34.832699
215581,0,-0.28,-0.45,9.931,-0.996,-1.111,-7.002092,-34.832699
215633,0,-0.30,0.00,9.941,-0.991,-1.082,-7.002092,-34.832699
215685,0,-0.30,0.00,9.926,-0.996,-1.111,-7.002092,-34.832699
215736,0,-0.30,0.00,9.926,-1.001,-1.120,-7.002092,-34.832699
215788,0,-0.25,0.00,9.926,-0.991,-1.097,-7.002092,-34.832699
215839,0,-0.25,0.00,9.907,-1.001,-1.101,-7.002092,-34.832699
215890,0,-0.26,-0.52,9.907,-1.006,-1.106,-7.002092,-34.832699
215941,0,-0.25,0.00,9.931,-1.006,-1.120,-7.002092,-34.832699
215991,0,-0.26,0.00,9.926,-1.006,-1.101,-7.002092,-34.832699
216042,0,-0.26,0.00,9.941,-0.991,-1.106,-7.002092,-34.832699
216092,0,-0.24,0.00,9.922,-1.006,-1.097,-7.002092,-34.832699
216143,0,-0.26,-1.45,9.922,-0.986,-1.116,-7.002092,-34.832699
216201,0,-0.25,0.18,9.922,-1.001,-1.106,-7.002092,-34.832699
216252,0,-0.26,-0.56,9.922,-1.015,-1.106,-7.002092,-34.832699
216302,0,-0.26,0.00,9.931,-1.010,-1.125,-7.002092,-34.832699
216353,0,-0.26,-0.56,9.936,-1.015,-1.140,-7.002092,-34.832699
216403,0,-0.26,0.00,9.922,-0.996,-1.130,-7.002092,-34.832699
216453,0,-0.26,0.00,9.931,-0.991,-1.106,-7.002092,-34.832699
216505,0,-0.28,0.00,9.898,-0.996,-1.082,-7.002092,-34.832699
216556,0,-0.26,0.48,9.941,-0.991,-1.097,-7.002092,-34.832699
216607,0,-0.26,0.00,9.912,-1.034,-1.116,-7.002092,-34.832699
216658,0,-0.24,0.00,9.941,-1.015,-1.101,-7.002092,-34.832699
216710,0,-0.25,-1.97,9.931,-1.001,-1.106,-7.002092,-34.832699
216762,0,-0.24,0.48,9.922,-1.006,-1.111,-7.002092,-34.832699
216813,0,-0.25,-0.48,9.926,-1.001,-1.097,-7.002092,-34.832699
216865,0,-0.25,0.00,9.946,-1.006,-1.130,-7.002092,-34.832699
216916,0,-0.23,0.00,9.931,-1.001,-1.116,-7.002092,-34.832699
216969,0,-0.28,-1.34,9.960,-0.996,-1.149,-7.002092,-34.832699
217019,0,-0.28,0.00,9.926,-1.010,-1.120,-7.002092,-34.832699
217069,0,-0.30,-0.52,9.926,-1.006,-1.125,-7.002093,-34.832699
217120,0,-0.30,0.00,9.931,-0.991,-1.106,-7.002093,-34.832699
217170,0,-0.28,0.00,9.936,-1.020,-1.116,-7.002093,-34.832699
217221,0,-0.34,-0.56,9.926,-0.996,-1.101,-7.002093,-34.832699
217271,0,-0.36,-0.50,9.926,-1.006,-1.111,-7.002093,-34.832699
217321,0,-0.36,0.00,9.922,-1.001,-1.097,-7.002093,-34.832699
217372,0,-0.37,0.00,9.922,-1.006,-1.125,-7.002093,-34.832699
217422,0,-0.38,-0.48,9.917,-1.006,-1.116,-7.002093,-34.832699
217474,0,-0.38,0.00,9.922,-1.010,-1.101,-7.002093,-34.832699
217526,0,-0.38,-1.30,9.931,-0.991,-1.106,-7.002093,-34.832699
217578,0,-0.37,0.48,9.941,-1.006,-1.097,-7.002093,-34.832699
217629,0,-0.37,0.00,9.941,-1.020,-1.106,-7.002093,-34.832699
217681,0,-0.38,-0.45,9.917,-0.991,-1.087,-7.002093,-34.832699
217732,0,-0.38,0.00,9.941,-1.015,-1.101,-7.002093,-34.832699
217784,0,-0.38,0.00,9.941,-1.010,-1.120,-7.002093,-34.832699
217836,0,-0.38,0.00,9.936,-1.015,-1.111,-7.002093,-34.832699
217886,0,-0.38,0.00,9.922,-0.996,-1.116,-7.002093,-34.832699
217938,0,-0.37,0.00,9.926,-0.996,-1.120,-7.002093,-34.832699
217988,0,-0.37,0.48,9.931,-1.010,-1.116,-7.002093,-34.832699
218038,0,-0.38,-0.48,9.950,-1.006,-1.116,-7.002094,-34.832695
218088,0,-0.37,0.00,9.917,-1.006,-1.106,-7.002094,-34.832695
218139,0,-0.34,0.52,9.936,-1.001,-1.101,-7.002094,-34.832695
218189,0,-0.34,0.00,9.931,-0.996,-1.092,-7.002094,-34.832695
218248,0,-0.34,0.00,9.941,-1.006,-1.111,-7.002094,-34.832695
218299,0,-0.34,0.00,9.955,-1.010,-1.130,-7.002094,-34.832695
218349,0,-0.34,0.00,9.922,-1.025,-1.140,-7.002094,-34.832695
218399,0,-0.34,0.00,9.926,-1.015,-1.120,-7.002094,-34.832695
218450,0,-0.33,0.00,9.936,-1.020,-1.087,-7.002094,-34.832695
218501,0,-0.34,-0.56,9.950,-1.025,-1.116,-7.002094,-34.832695
218552,0,-0.34,0.00,9.917,-1.001,-1.101,-7.002094,-34.832695
218603,0,-0.34,0.00,9.926,-1.006,-1.092,-7.002094,-34.832695
218655,0,-0.34,0.00,9.926,-1.015,-1.101,-7.002094,-34.832695
218706,0,-0.34,0.52,9.936,-1.010,-1.087,-7.002094,-34.832695
218758,0,-0.34,0.00,9.946,-1.010,-1.101,-7.002094,-34.832695
218810,0,-0.38,0.00,9.946,-1.025,-1.073,-7.002094,-34.832695
218861,0,-0.37,0.60,9.946,-1.001,-1.111,-7.002094,-34.832695
218913,0,-0.38,0.00,9.950,-0.991,-1.106,-7.002094,-34.832695
218962,0,-0.37,0.56,9.931,-1.020,-1.106,-7.002094,-34.832695
219013,0,-0.37,0.00,9.922,-1.001,-1.106,-7.002094,-34.832695
219063,0,-0.34,-0.56,9.931,-1.030,-1.101,-7.002095,-34.832695
219113,0,-0.36,-0.52,9.941,-1.020,-1.120,-7.002095,-34.832695
219164,0,-0.37,0.00,9.950,-1.025,-1.120,-7.002095,-34.832695
219214,0,-0.38,-0.48,9.926,-1.020,-1.087,-7.002095,-34.832695
219265,0,-0.37,0.46,9.941,-0.996,-1.101,-7.002095,-34.832695
219315,0,-0.37,0.00,9.926,-1.010,-1.140,-7.002095,-34.832695
219366,0,-0.38,-0.48,9.941,-0.991,-1.125,-7.002095,-34.832695
219416,0,-0.38,0.00,9.926,-1.034,-1.082,-7.002095,-34.832695
219466,0,-0.37,0.00,9.922,-1.015,-1.130,-7.002095,-34.832695
219517,0,-0.37,0.00,9.950,-1.006,-1.101,-7.002095,-34.832695
219569,0,-0.35,0.93,9.912,-0.991,-1.116,-7.002095,-34.832695
219621,0,-0.38,0.00,9.950,-0.982,-1.120,-7.002095,-34.832695
219671,0,-0.38,0.00,9.931,-1.020,-1.106,-7.002095,-34.832695
219722,0,-0.38,0.00,9.936,-1.030,-1.116,-7.002095,-34.832695
219774,0,-0.38,0.00,9.936,-0.991,-1.125,-7.002095,-34.832695
219823,0,-0.38,0.00,9.941,-1.020,-1.120,-7.002095,-34.832695
219875,0,-0.37,0.00,9.912,-1.006,-1.125,-7.002095,-34.832695
219926,0,-0.36,0.00,9.922,-0.991,-1.116,-7.002095,-34.832695
219979,0,-0.34,0.48,9.922,-0.996,-1.101,-7.002095,-34.832695
220029,0,-0.34,0.00,9.941,-1.006,-1.116,-7.002095,-34.832695
220079,0,-0.34,0.00,9.917,-0.996,-1.092,-7.002095,-34.832695
220130,0,-0.34,0.52,9.936,-1.030,-1.144,-7.002095,-34.832695
220180,0,-0.34,0.00,9.931,-1.010,-1.106,-7.002095,-34.832695
220231,0,-0.34,0.00,9.917,-1.015,-1.116,-7.002095,-34.832695
220292,0,-0.32,0.39,9.922,-0.996,-1.087,-7.002095,-34.832695
220342,0,-0.32,0.56,9.926,-1.001,-1.116,-7.002095,-34.832695
220393,0,-0.29,1.09,9.931,-0.986,-1.101,-7.002095,-34.832695
220443,0,-0.28,0.00,9.931,-0.996,-1.073,-7.002095,-34.832695
220495,0,-0.21,1.86,9.917,-0.996,-1.106,-7.002095,-34.832695
220545,0,-0.21,0.00,9.936,-0.996,-1.087,-7.002095,-34.832695
220597,0,-0.20,0.00,9.926,-1.001,-1.130,-7.002095,-34.832695
220648,0,-0.20,0.00,9.941,-1.006,-1.130,-7.002095,-34.832695
220700,0,-0.21,-0.48,9.946,-1.001,-1.111,-7.002095,-34.832695
220751,0,-0.23,-0.56,9.922,-1.010,-1.120,-7.002095,-34.832695
220803,0,-0.21,0.00,9.912,-0.996,-1.111,-7.002095,-34.832695
220855,0,-0.21,-0.48,9.926,-1.025,-1.120,-7.002095,-34.832695
220906,0,-0.21,0.00,9.936,-1.006,-1.120,-7.002095,-34.832695
220958,0,-0.26,-0.52,9.946,-1.015,-1.140,-7.002095,-34.832695
221008,0,-0.26,0.00,9.936,-1.020,-1.111,-7.002095,-34.832695
221059,0,-0.28,0.00,9.922,-1.006,-1.101,-7.002096,-34.832695
221109,0,-0.28,-0.50,9.926,-1.020,-1.120,-7.002096,-34.832695
221160,0,-0.26,0.52,9.941,-1.015,-1.120,-7.002096,-34.832695
221210,0,-0.26,0.00,9.936,-0.996,-1.106,-7.002096,-34.832695
221261,0,-0.28,-1.45,9.912,-0.996,-1.101,-7.002096,-34.832695
221311,0,-0.27,0.48,9.922,-1.006,-1.111,-7.002096,-34.832695
221361,0,-0.28,0.00,9.907,-1.025,-1.106,-7.002096,-34.832695
221412,0,-0.32,-1.45,9.931,-1.015,-1.111,-7.002096,-34.832695
221462,0,-0.32,0.00,9.926,-1.010,-1.087,-7.002096,-34.832695
221513,0,-0.32,0.00,9.917,-1.020,-1.111,-7.002096,-34.832695
221565,0,-0.31,0.48,9.917,-1.006,-1.135,-7.002096,-34.832695
221616,0,-0.29,0.52,9.912,-0.996,-1.097,-7.002096,-34.832695
221668,0,-0.29,0.00,9.912,-1.006,-1.111,-7.002096,-34.832695
221720,0,-0.29,0.00,9.941,-1.010,-1.101,-7.002096,-34.832695
221771,0,-0.29,0.00,9.912,-1.020,-1.106,-7.002096,-34.832695
221823,0,-0.34,-1.38,9.946,-1.006,-1.120,-7.002096,-34.832695
221874,0,-0.33,0.00,9.950,-1.010,-1.125,-7.002096,-34.832695
221925,0,-0.33,0.00,9.941,-1.010,-1.120,-7.002096,-34.832695
221974,0,-0.33,0.00,9.922,-1.010,-1.120,-7.002096,-34.832695
222025,0,-0.34,0.52,9.922,-0.986,-1.097,-7.002096,-34.832695
222075,0,-0.33,0.52,9.926,-0.991,-1.120,-7.002096,-34.832695
222126,0,-0.36,0.00,9.922,-1.006,-1.101,-7.002096,-34.832695
222176,0,-0.35,0.00,9.931,-1.006,-1.125,-7.002096,-34.832695
222227,0,-0.36,-0.52,9.936,-1.006,-1.101,-7.002096,-34.832695
222277,0,-0.36,0.00,9.922,-1.020,-1.101,-7.002096,-34.832695
222336,0,-0.38,-0.17,9.946,-1.006,-1.116,-7.002096,-34.832695
222386,0,-0.40,-0.48,9.922,-1.015,-1.116,-7.002096,-34.832695
222436,0,-0.39,0.46,9.931,-1.006,-1.077,-7.002096,-34.832695
222487,0,-0.38,0.56,9.922,-0.991,-1.087,-7.002096,-34.832695
222539,0,-0.36,0.00,9.922,-0.982,-1.120,-7.002096,-34.832695
222590,0,-0.34,1.79,9.922,-1.006,-1.111,-7.002096,-34.832695
222642,0,-0.32,0.56,9.926,-0.996,-1.130,-7.002096,-34.832695
222693,0,-0.32,0.00,9.922,-1.015,-1.111,-7.002096,-34.832695
222745,0,-0.36,-1.38,9.941,-1.020,-1.097,-7.002096,-34.832695
222797,0,-0.36,0.00,9.946,-1.010,-1.101,-7.002096,-34.832695
222848,0,-0.34,0.00,9.946,-1.015,-1.125,-7.002096,-34.832695
222900,0,-0.33,0.00,9.926,-1.010,-1.097,-7.002096,-34.832695
222951,0,-0.32,0.52,9.907,-1.020,-1.082,-7.002096,-34.832695
223002,0,-0.30,0.56,9.926,-1.015,-1.106,-7.002096,-34.832695
223052,0,-0.30,0.00,9.931,-0.996,-1.101,-7.002096,-34.832695
223102,0,-0.30,0.00,9.912,-1.001,-1.111,-7.002096,-34.832695
223153,0,-0.30,0.00,9.912,-1.006,-1.082,-7.002096,-34.832695
223203,0,-0.29,0.00,9.922,-1.006,-1.116,-7.002096,-34.832695
223254,0,-0.28,0.56,9.931,-1.001,-1.120,-7.002096,-34.832695
223304,0,-0.25,0.88,9.922,-1.006,-1.120,-7.002096,-34.832695
223355,0,-0.29,0.00,9.922,-1.006,-1.101,-7.002096,-34.832695
223405,0,-0.27,1.45,9.965,-1.025,-1.130,-7.002096,-34.832695
223455,0,-0.27,0.00,9.936,-1.010,-1.144,-7.002096,-34.832695
223507,0,-0.27,0.00,9.922,-1.001,-1.120,-7.002096,-34.832695
223558,0,-0.27,0.00,9.912,-1.006,-1.097,-7.002096,-34.832695
223610,0,-0.27,0.00,9.917,-0.991,-1.106,-7.002096,-34.832695
223662,0,-0.25,0.00,9.931,-0.996,-1.111,-7.002096,-34.832695
223712,0,-0.25,0.00,9.941,-0.991,-1.101,-7.002096,-34.832695
223763,0,-0.23,0.52,9.922,-1.020,-1.092,-7.002096,-34.832695
223815,0,-0.23,0.00,9.922,-1.020,-1.106,-7.002096,-34.832695
223864,0,-0.21,0.00,9.917,-1.020,-1.116,-7.002096,-34.832695
223916,0,-0.20,0.48,9.946,-1.015,-1.097,-7.002096,-34.832695
223965,0,-0.20,0.00,9.936,-0.991,-1.125,-7.002096,-34.832695
224015,0,-0.17,0.00,9.946,-1.006,-1.092,-7.002096,-34.832695
224066,0,-0.16,0.52,9.926,-0.991,-1.106,-7.002097,-34.832695
224160,0,-0.14,0.00,9.931,-0.991,-1.135,-7.002097,-34.832695
224210,0,-0.11,0.00,9.917,-0.996,-1.111,-7.002097,-34.832695
224261,0,-0.09,0.00,9.926,-1.006,-1.077,-7.002097,-34.832695
224311,0,-0.09,0.00,9.936,-1.015,-1.087,-7.002097,-34.832695
224361,0,-0.09,0.00,9.926,-1.006,-1.111,-7.002097,-34.832695
224412,0,-0.09,0.00,9.941,-1.001,-1.125,-7.002097,-34.832695
224462,0,-0.09,0.00,9.926,-1.001,-1.120,-7.002097,-34.832695
224513,0,-0.09,0.00,9.926,-0.986,-1.111,-7.002097,-34.832695
224564,0,-0.08,0.52,9.926,-0.991,-1.106,-7.002097,-34.832695
224615,0,-0.04,0.00,9.917,-1.006,-1.116,-7.002097,-34.832695
224667,0,-0.06,0.86,9.926,-1.006,-1.087,-7.002097,-34.832695
224718,0,-0.07,0.00,9.917,-1.001,-1.125,-7.002097,-34.832695
224770,0,-0.07,0.00,9.946,-1.006,-1.101,-7.002097,-34.832695
224822,0,-0.07,0.00,9.946,-0.991,-1.111,-7.002097,-34.832695
224873,0,-0.07,0.00,9.922,-1.006,-1.125,-7.002097,-34.832695
224925,0,-0.06,0.52,9.941,-1.020,-1.101,-7.002097,-34.832695
224975,0,-0.06,0.00,9.936,-1.010,-1.120,-7.002097,-34.832695
225025,0,-0.09,0.00,9.936,-1.010,-1.116,-7.002096,-34.832695
225075,0,-0.05,1.43,9.936,-1.020,-1.130,-7.002096,-34.832695
225126,0,-0.05,0.00,9.941,-1.006,-1.106,-7.002096,-34.832695
225176,0,-0.06,-0.56,9.926,-1.010,-1.106,-7.002096,-34.832695
225227,0,-0.08,-0.52,9.917,-1.006,-1.120,-7.002096,-34.832695
225277,0,-0.09,0.00,9.936,-0.991,-1.125,-7.002096,-34.832695
225328,0,-0.12,-1.04,9.912,-1.006,-1.101,-7.002096,-34.832695
225378,0,-0.12,0.00,9.960,-1.010,-1.106,-7.002096,-34.832695
225428,0,-0.17,0.00,9.912,-1.001,-1.111,-7.002096,-34.832695
225480,0,-0.18,-0.48,9.922,-1.020,-1.082,-7.002096,-34.832695
225532,0,-0.19,-0.52,9.917,-1.015,-1.101,-7.002096,-34.832695
225584,0,-0.21,0.00,9.926,-0.991,-1.097,-7.002096,-34.832695
225635,0,-0.21,0.00,9.941,-1.006,-1.106,-7.002096,-34.832695
225687,0,-0.17,0.00,9.926,-1.006,-1.120,-7.002096,-34.832695
225737,0,-0.17,0.00,9.893,-1.010,-1.077,-7.002096,-34.832695
225786,0,-0.17,0.00,9.917,-1.006,-1.092,-7.002096,-34.832695
225838,0,-0.17,0.00,9.960,-0.991,-1.116,-7.002096,-34.832695
225889,0,-0.17,0.00,9.950,-1.010,-1.125,-7.002096,-34.832695
225941,0,-0.19,0.00,9.941,-1.025,-1.144,-7.002096,-34.832695
225991,0,-0.19,0.00,9.955,-1.030,-1.101,-7.002096,-34.832695
226041,0,-0.19,0.00,9.922,-1.010,-1.092,-7.002096,-34.832695
226092,0,-0.17,0.56,9.917,-1.020,-1.097,-7.002096,-34.832695
226142,0,-0.16,0.52,9.931,-1.010,-1.135,-7.002096,-34.832695
226201,0,-0.14,0.20,9.922,-1.010,-1.125,-7.002096,-34.832695
226251,0,-0.16,0.00,9.912,-1.006,-1.116,-7.002096,-34.832695
226302,0,-0.14,0.56,9.917,-1.010,-1.120,-7.002096,-34.832695
226352,0,-0.16,-0.56,9.912,-1.006,-1.130,-7.002096,-34.832695
226403,0,-0.16,0.00,9.931,-1.010,-1.106,-7.002096,-34.832695
226453,0,-0.19,-0.56,9.941,-1.006,-1.130,-7.002096,-34.832695
226504,0,-0.19,0.00,9.936,-1.001,-1.140,-7.002096,-34.832695
226555,0,-0.20,-0.52,9.936,-1.006,-1.120,-7.002096,-34.832695
226606,0,-0.20,0.00,9.941,-0.986,-1.044,-7.002096,-34.832695
226658,0,-0.21,0.00,9.931,-1.020,-1.092,-7.002096,-34.832695
226709,0,-0.19,0.88,9.955,-1.010,-1.125,-7.002096,-34.832695
226761,0,-0.19,0.00,9.965,-0.986,-1.130,-7.002096,-34.832695
226813,0,-0.22,-0.97,9.922,-1.006,-1.101,-7.002096,-34.832695
226864,0,-0.23,0.00,9.936,-1.010,-1.073,-7.002096,-34.832695
226916,0,-0.23,0.00,9.922,-0.986,-1.092,-7.002096,-34.832695
226965,0,-0.22,0.52,9.936,-0.996,-1.092,-7.002096,-34.832695
227016,0,-0.22,0.00,9.931,-1.006,-1.120,-7.002096,-34.832695
227066,0,-0.20,0.52,9.898,-1.015,-1.111,-7.002096,-34.832695
227117,0,-0.22,-0.52,9.946,-1.010,-1.144,-7.002096,-34.832695
227167,0,-0.20,0.52,9.931,-1.015,-1.135,-7.002096,-34.832695
227217,0,-0.20,0.00,9.922,-0.996,-1.097,-7.002096,-34.832695
227268,0,-0.19,0.00,9.926,-0.996,-1.135,-7.002096,-34.832695
227318,0,-0.20,0.00,9.946,-0.996,-1.135,-7.002096,-34.832695
227369,0,-0.19,0.52,9.902,-1.010,-1.135,-7.002096,-34.832695
227419,0,-0.20,0.00,9.931,-0.982,-1.097,-7.002096,-34.832695
227469,0,-0.22,0.00,9.941,-1.006,-1.125,-7.002096,-34.832695
227520,0,-0.22,0.00,9.936,-1.010,-1.106,-7.002096,-34.832695
227572,0,-0.22,0.00,9.931,-1.020,-1.087,-7.002096,-34.832695
227624,0,-0.23,0.00,9.926,-1.015,-1.116,-7.002096,-34.832695
227674,0,-0.23,0.00,9.936,-0.996,-1.111,-7.002096,-34.832695
227725,0,-0.23,0.00,9.926,-1.006,-1.130,-7.002096,-34.832695
227777,0,-0.19,0.00,9.936,-1.010,-1.125,-7.002096,-34.832695
227826,0,-0.21,-0.52,9.936,-0.991,-1.116,-7.002096,-34.832695
227878,0,-0.21,0.00,9.917,-0.986,-1.097,-7.002096,-34.832695
227929,0,-0.21,0.00,9.926,-1.006,-1.082,-7.002096,-34.832695
227982,0,-0.24,-1.45,9.922,-1.015,-1.111,-7.002096,-34.832695
228032,0,-0.24,0.00,9.931,-1.006,-1.106,-7.002096,-34.832695
228082,0,-0.23,0.56,9.898,-0.996,-1.097,-7.002096,-34.832695
228133,0,-0.23,0.00,9.922,-1.025,-1.101,-7.002096,-34.832695
228183,0,-0.24,0.00,9.936,-1.001,-1.097,-7.002096,-34.832695
228242,0,-0.24,0.00,9.931,-1.010,-1.154,-7.002096,-34.832695
228293,0,-0.21,0.00,9.931,-1.010,-1.111,-7.002096,-34.832695
228343,0,-0.24,-1.45,9.917,-1.025,-1.125,-7.002096,-34.832695
228393,0,-0.26,0.00,9.926,-1.001,-1.097,-7.002096,-34.832695
228444,0,-0.26,0.60,9.917,-1.010,-1.120,-7.002096,-34.832695
228496,0,-0.27,-0.56,9.946,-0.991,-1.144,-7.002096,-34.832695
228546,0,-0.26,0.56,9.950,-1.006,-1.097,-7.002096,-34.832695
228597,0,-0.27,-0.56,9.926,-1.006,-1.092,-7.002096,-34.832695
228649,0,-0.27,0.00,9.931,-1.001,-1.111,-7.002096,-34.832695
228701,0,-0.24,1.04,9.941,-1.006,-1.120,-7.002096,-34.832695
228752,0,-0.24,0.00,9.931,-1.001,-1.130,-7.002096,-34.832695
228804,0,-0.24,0.00,9.941,-1.015,-1.125,-7.002096,-34.832695
228855,0,-0.24,0.00,9.907,-1.020,-1.073,-7.002096,-34.832695
228907,0,-0.24,0.00,9.922,-1.006,-1.101,-7.002096,-34.832695
228956,0,-0.24,0.00,9.912,-1.020,-1.073,-7.002096,-34.832695
229007,0,-0.24,0.00,9.931,-0.991,-1.140,-7.002096,-34.832695
229057,0,-0.24,0.00,9.931,-1.006,-1.120,-7.002096,-34.832695
229107,0,-0.26,-0.52,9.907,-0.996,-1.116,-7.002096,-34.832695
229158,0,-0.26,0.00,9.931,-1.006,-1.087,-7.002096,-34.832695
229208,0,-0.24,0.52,9.931,-1.015,-1.106,-7.002096,-34.832695
229259,0,-0.24,0.00,9.946,-0.996,-1.106,-7.002096,-34.832695
229309,0,-0.24,0.00,9.941,-1.010,-1.092,-7.002096,-34.832695
229359,0,-0.28,0.00,9.917,-1.015,-1.111,-7.002096,-34.832695
229410,0,-0.28,0.00,9.922,-1.010,-1.092,-7.002096,-34.832695
229460,0,-0.28,0.00,9.922,-1.015,-1.101,-7.002096,-34.832695
229511,0,-0.27,0.00,9.917,-1.006,-1.125,-7.002096,-34.832695
229563,0,-0.25,0.48,9.902,-1.020,-1.106,-7.002096,-34.832695
229615,0,-0.25,0.00,9.907,-1.006,-1.106,-7.002096,-34.832695
229665,0,-0.25,0.00,9.926,-1.025,-1.116,-7.002096,-34.832695
229717,0,-0.24,0.52,9.941,-1.015,-1.106,-7.002096,-34.832695
229768,0,-0.24,0.00,9.922,-1.015,-1.130,-7.002096,-34.832695
229820,0,-0.23,0.00,9.922,-1.010,-1.130,-7.002096,-34.832695
229871,0,-0.23,0.00,9.946,-0.991,-1.097,-7.002096,-34.832695
229923,0,-0.23,0.00,9.922,-1.006,-1.140,-7.002096,-34.832695
229973,0,-0.23,0.00,9.946,-1.015,-1.082,-7.002096,-34.832695
230023,0,-0.22,0.36,9.931,-0.991,-1.101,-7.002096,-34.832695
230073,0,-0.22,0.00,9.912,-0.991,-1.101,-7.002096,-34.832695
230124,0,-0.20,0.52,9.917,-1.015,-1.106,-7.002096,-34.832695
230174,0,-0.20,0.00,9.936,-0.991,-1.135,-7.002096,-34.832695
230225,0,-0.20,0.00,9.922,-0.986,-1.106,-7.002096,-34.832695
230282,0,-0.20,0.00,9.931,-1.010,-1.111,-7.002096,-34.832695
230333,0,-0.23,-0.56,9.926,-0.996,-1.092,-7.002096,-34.832695
230383,0,-0.23,0.00,9.931,-1.006,-1.125,-7.002096,-34.832695
230434,0,-0.22,0.00,9.917,-1.015,-1.073,-7.002096,-34.832695
230485,0,-0.23,-0.52,9.931,-1.006,-1.120,-7.002096,-34.832695
230536,0,-0.23,0.00,9.941,-1.020,-1.116,-7.002096,-34.832695
230587,0,-0.24,0.00,9.931,-1.030,-1.087,-7.002096,-34.832695
230639,0,-0.24,0.00,9.907,-1.010,-1.116,-7.002096,-34.832695
230691,0,-0.26,-0.48,9.946,-1.001,-1.130,-7.002096,-34.832695
230742,0,-0.26,0.00,9.922,-1.006,-1.092,-7.002096,-34.832695
230794,0,-0.26,0.00,9.936,-0.986,-1.101,-7.002096,-34.832695
230845,0,-0.27,-0.56,9.936,-1.001,-1.125,-7.002096,-34.832695
230897,0,-0.27,0.00,9.955,-1.015,-1.149,-7.002096,-34.832695
230949,0,-0.27,0.00,9.931,-1.010,-1.092,-7.002096,-34.832695
230999,0,-0.27,0.00,9.926,-1.010,-1.120,-7.002096,-34.832695
231049,0,-0.26,0.00,9.917,-0.996,-1.135,-7.002096,-34.832699
231100,0,-0.27,0.00,9.926,-0.991,-1.130,-7.002096,-34.832699
231150,0,-0.28,-0.48,9.946,-1.006,-1.120,-7.002096,-34.832699
231201,0,-0.28,0.00,9.922,-1.001,-1.092,-7.002096,-34.832699
231251,0,-0.31,-0.52,9.922,-1.006,-1.101,-7.002096,-34.832699
231301,0,-0.33,-0.60,9.931,-1.020,-1.101,-7.002096,-34.832699
231352,0,-0.33,0.00,9.917,-1.010,-1.116,-7.002096,-34.832699
231402,0,-0.36,0.00,9.917,-1.010,-1.120,-7.002096,-34.832699
231452,0,-0.35,0.56,9.922,-1.020,-1.135,-7.002096,-34.832699
231504,0,-0.35,0.00,9.941,-1.006,-1.111,-7.002096,-34.832699
231556,0,-0.33,0.82,9.931,-1.001,-1.120,-7.002096,-34.832699
231607,0,-0.36,0.00,9.926,-1.030,-1.101,-7.002096,-34.832699
231659,0,-0.35,-1.38,9.960,-1.001,-1.125,-7.002096,-34.832699
231709,0,-0.35,0.00,9.922,-1.015,-1.116,-7.002096,-34.832699
231761,0,-0.31,1.49,9.922,-1.010,-1.135,-7.002096,-34.832699
231812,0,-0.30,0.00,9.922,-1.010,-1.087,-7.002096,-34.832699
231864,0,-0.28,0.00,9.922,-1.015,-1.140,-7.002096,-34.832699
231915,0,-0.28,0.00,9.931,-1.010,-1.125,-7.002096,-34.832699
231967,0,-0.28,0.00,9.931,-1.006,-1.116,-7.002096,-34.832699
232018,0,-0.28,0.00,9.926,-1.025,-1.092,-7.002096,-34.832699
232068,0,-0.27,0.00,9.907,-1.001,-1.101,-7.002096,-34.832699
232119,0,-0.27,0.00,9.936,-1.015,-1.092,-7.002096,-34.832699
232169,0,-0.25,0.97,9.936,-1.015,-1.101,-7.002096,-34.832699
232219,0,-0.25,0.00,9.941,-1.006,-1.101,-7.002096,-34.832699
232270,0,-0.26,-0.56,9.931,-1.010,-1.101,-7.002096,-34.832699
232331,0,-0.26,0.00,9.936,-1.015,-1.116,-7.002096,-34.832699
232382,0,-0.26,0.00,9.926,-1.020,-1.087,-7.002096,-34.832699
232432,0,-0.26,0.00,9.926,-1.001,-1.125,-7.002096,-34.832699
232481,0,-0.26,0.00,9.922,-0.986,-1.106,-7.002096,-34.832699
232532,0,-0.26,0.00,9.922,-1.006,-1.130,-7.002096,-34.832699
232583,0,-0.25,0.00,9.922,-1.025,-1.106,-7.002096,-34.832699
232635,0,-0.25,0.00,9.941,-1.006,-1.125,-7.002096,-34.832699
232686,0,-0.28,-1.45,9.926,-1.015,-1.101,-7.002096,-34.832699
232738,0,-0.25,1.34,9.946,-0.996,-1.092,-7.002096,-34.832699
232790,0,-0.26,0.00,9.907,-1.010,-1.092,-7.002096,-34.832699
232841,0,-0.31,-1.45,9.922,-0.996,-1.116,-7.002096,-34.832699
232893,0,-0.31,0.00,9.922,-0.996,-1.097,-7.002096,-34.832699
232944,0,-0.28,0.00,9.941,-1.030,-1.120,-7.002096,-34.832699
232995,0,-0.28,0.00,9.965,-0.991,-1.092,-7.002096,-34.832699
233045,0,-0.28,0.00,9.926,-1.010,-1.101,-7.002096,-34.832699
233096,0,-0.28,0.00,9.936,-1.006,-1.125,-7.002096,-34.832699
233146,0,-0.28,0.00,9.907,-1.001,-1.097,-7.002096,-34.832699
233196,0,-0.29,0.00,9.931,-1.006,-1.120,-7.002096,-34.832699
233247,0,-0.29,0.00,9.926,-1.010,-1.097,-7.002096,-34.832699
233297,0,-0.30,-0.52,9.955,-0.996,-1.092,-7.002096,-34.832699
233348,0,-0.30,0.00,9.912,-1.015,-1.101,-7.002096,-34.832699
233398,0,-0.33,-0.56,9.926,-1.010,-1.097,-7.002096,-34.832699
233448,0,-0.32,0.54,9.917,-1.015,-1.101,-7.002096,-34.832699
233500,0,-0.33,0.00,9.931,-1.001,-1.101,-7.002096,-34.832699
233551,0,-0.28,0.00,9.926,-0.991,-1.097,-7.002096,-34.832699
233603,0,-0.28,0.00,9.941,-0.996,-1.087,-7.002096,-34.832699
233655,0,-0.29,0.00,9.926,-0.996,-1.106,-7.002096,-34.832699
233705,0,-0.29,0.00,9.926,-1.015,-1.106,-7.002096,-34.832699
233757,0,-0.29,0.00,9.931,-1.006,-1.073,-7.002096,-34.832699
233808,0,-0.28,0.00,9.936,-1.006,-1.120,-7.002096,-34.832699
233860,0,-0.27,0.52,9.931,-1.015,-1.111,-7.002096,-34.832699
233911,0,-0.27,0.00,9.926,-1.025,-1.101,-7.002096,-34.832699
233963,0,-0.25,0.00,9.936,-1.010,-1.116,-7.002096,-34.832699
234014,0,-0.25,0.00,9.936,-1.001,-1.116,-7.002096,-34.832699
234064,0,-0.24,0.00,9.936,-1.015,-1.116,-7.002096,-34.832699
234161,0,-0.23,0.21,9.936,-1.006,-1.101,-7.002096,-34.832699
234212,0,-0.23,0.00,9.931,-1.010,-1.116,-7.002096,-34.832699
234262,0,-0.23,0.00,9.941,-1.020,-1.116,-7.002096,-34.832699
234313,0,-0.18,0.00,9.926,-1.001,-1.144,-7.002096,-34.832699
234363,0,-0.15,0.52,9.926,-1.006,-1.111,-7.002096,-34.832699
234414,0,-0.13,0.54,9.936,-1.015,-1.116,-7.002096,-34.832699
234463,0,-0.13,0.00,9.931,-1.020,-1.097,-7.002096,-34.832699
234514,0,-0.12,0.48,9.926,-0.991,-1.116,-7.002096,-34.832699
234565,0,-0.12,0.00,9.931,-1.010,-1.120,-7.002096,-34.832699
234617,0,-0.15,-1.09,9.931,-1.001,-1.106,-7.002096,-34.832699
234669,0,-0.16,-0.48,9.950,-1.020,-1.087,-7.002096,-34.832699
234720,0,-0.15,0.48,9.912,-1.001,-1.140,-7.002096,-34.832699
234772,0,-0.15,0.00,9.931,-1.015,-1.087,-7.002096,-34.832699
234823,0,-0.16,0.00,9.941,-1.001,-1.087,-7.002096,-34.832699
234875,0,-0.16,0.00,9.931,-1.010,-1.120,-7.002096,-34.832699
234927,0,-0.16,0.00,9.912,-0.986,-1.116,-7.002096,-34.832699
234976,0,-0.12,0.00,9.917,-1.001,-1.092,-7.002096,-34.832699
235027,0,-0.12,0.00,9.941,-1.015,-1.120,-7.002097,-34.832699
235077,0,-0.13,0.00,9.931,-1.006,-1.125,-7.002097,-34.832699
235128,0,-0.13,0.00,9.941,-1.006,-1.106,-7.002097,-34.832699
235178,0,-0.14,-0.56,9.917,-1.006,-1.111,-7.002097,-34.832699
235228,0,-0.14,0.00,9.926,-1.006,-1.106,-7.002097,-34.832699
235279,0,-0.13,-0.60,9.926,-1.001,-1.125,-7.002097,-34.832699
235329,0,-0.15,-0.52,9.926,-1.025,-1.097,-7.002097,-34.832699
235380,0,-0.15,0.00,9.955,-1.010,-1.130,-7.002097,-34.832699
235430,0,-0.15,0.00,9.941,-1.010,-1.101,-7.002097,-34.832699
235479,0,-0.15,0.00,9.931,-1.001,-1.101,-7.002097,-34.832699
235531,0,-0.15,0.00,9.902,-1.006,-1.101,-7.002097,-34.832699
235583,0,-0.15,0.00,9.926,-1.001,-1.125,-7.002097,-34.832699
235634,0,-0.15,0.00,9.936,-1.010,-1.106,-7.002097,-34.832699
235686,0,-0.16,0.00,9.936,-0.996,-1.111,-7.002097,-34.832699
235737,0,-0.17,-0.56,9.950,-1.030,-1.125,-7.002097,-34.832699
235788,0,-0.19,-0.52,9.946,-1.020,-1.120,-7.002097,-34.832699
235839,0,-0.19,0.00,9.941,-1.020,-1.101,-7.002097,-34.832699
235891,0,-0.19,0.48,9.917,-1.001,-1.106,-7.002097,-34.832699
235943,0,-0.19,0.00,9.898,-1.006,-1.106,-7.002097,-34.832699
235993,0,-0.19,0.00,9.931,-0.996,-1.111,-7.002097,-34.832699
236043,0,-0.22,-0.56,9.912,-0.986,-1.087,-7.002097,-34.832699
236093,0,-0.23,-0.56,9.912,-1.030,-1.116,-7.002097,-34.832699
236144,0,-0.22,0.00,9.931,-1.001,-1.125,-7.002097,-34.832699
236219,0,-0.23,-0.15,9.946,-0.991,-1.135,-7.002097,-34.832699
236269,0,-0.22,0.56,9.941,-0.986,-1.116,-7.002097,-34.832699
236319,0,-0.22,0.00,9.931,-0.991,-1.097,-7.002097,-34.832699
236370,0,-0.16,0.00,9.946,-1.006,-1.106,-7.002097,-34.832699
236420,0,-0.18,-0.56,9.946,-1.034,-1.111,-7.002097,-34.832699
236473,0,-0.18,0.00,9.926,-0.996,-1.101,-7.002097,-34.832699
236523,0,-0.16,0.52,9.931,-0.996,-1.120,-7.002097,-34.832699
236574,0,-0.15,0.00,9.936,-1.001,-1.106,-7.002097,-34.832699
236626,0,-0.14,0.52,9.931,-1.010,-1.140,-7.002097,-34.832699
236678,0,-0.14,0.00,9.926,-1.010,-1.101,-7.002097,-34.832699
236729,0,-0.17,-1.83,9.926,-1.020,-1.130,-7.002097,-34.832699
236781,0,-0.19,0.00,9.936,-1.010,-1.125,-7.002097,-34.832699
236832,0,-0.16,-0.52,9.931,-1.030,-1.101,-7.002097,-34.832699
236884,0,-0.16,0.00,9.931,-1.001,-1.082,-7.002097,-34.832699
236936,0,-0.16,0.00,9.912,-0.986,-1.097,-7.002097,-34.832699
236986,0,-0.16,0.00,9.912,-1.006,-1.130,-7.002097,-34.832699
237036,0,-0.16,0.00,9.931,-1.020,-1.116,-7.002097,-34.832699
237087,0,-0.18,0.00,9.912,-1.010,-1.120,-7.002097,-34.832699
237137,0,-0.16,0.56,9.926,-1.001,-1.092,-7.002097,-34.832699
237187,0,-0.16,0.00,9.926,-1.010,-1.097,-7.002097,-34.832699
237238,0,-0.12,0.00,9.931,-1.006,-1.097,-7.002097,-34.832699
237288,0,-0.12,0.00,9.936,-0.991,-1.130,-7.002097,-34.832699
237339,0,-0.12,0.00,9.912,-1.006,-1.101,-7.002097,-34.832699
237389,0,-0.12,1.41,9.917,-1.010,-1.120,-7.002097,-34.832699
237439,0,-0.15,-1.35,9.931,-1.010,-1.120,-7.002097,-34.832699
237491,0,-0.15,0.00,9.931,-0.986,-1.097,-7.002097,-34.832699
237543,0,-0.15,-0.48,9.926,-0.996,-1.092,-7.002097,-34.832699
237594,0,-0.15,0.00,9.941,-1.006,-1.111,-7.002097,-34.832699
237646,0,-0.14,0.00,9.936,-1.015,-1.111,-7.002097,-34.832699
237698,0,-0.14,0.00,9.946,-1.006,-1.073,-7.002097,-34.832699
237748,0,-0.12,0.48,9.941,-1.010,-1.087,-7.002097,-34.832699
237800,0,-0.11,0.52,9.902,-1.006,-1.116,-7.002097,-34.832699
237851,0,-0.10,0.00,9.917,-1.015,-1.092,-7.002097,-34.832699
237903,0,-0.10,0.00,9.941,-1.001,-1.125,-7.002097,-34.832699
237954,0,-0.08,0.00,9.917,-1.006,-1.087,-7.002097,-34.832699
238005,0,-0.07,0.00,9.922,-0.991,-1.120,-7.002097,-34.832699
238055,0,-0.06,0.56,9.931,-0.991,-1.125,-7.002096,-34.832699
238106,0,-0.04,0.00,9.912,-1.006,-1.130,-7.002096,-34.832699
238156,0,-0.02,1.09,9.931,-1.006,-1.106,-7.002096,-34.832699
238206,0,-0.02,0.00,9.936,-1.010,-1.120,-7.002096,-34.832699
238265,0,-0.02,0.00,9.917,-1.006,-1.111,-7.002096,-34.832699
238316,0,-0.00,0.00,9.955,-0.991,-1.120,-7.002096,-34.832699
238366,0,-0.04,0.00,9.936,-1.001,-1.111,-7.002096,-34.832699
238416,0,-0.04,0.00,9.902,-1.001,-1.087,-7.002096,-34.832699
238469,0,-0.02,0.00,9.926,-1.010,-1.168,-7.002096,-34.832699
238520,0,-0.00,0.00,9.922,-0.991,-1.116,-7.002096,-34.832699
238571,0,-0.00,0.00,9.931,-1.001,-1.082,-7.002096,-34.832699
238622,0,-0.00,0.00,9.950,-0.991,-1.097,-7.002096,-34.832699
238674,0,-0.02,0.00,9.936,-0.986,-1.101,-7.002096,-34.832699
238726,0,-0.02,0.00,9.931,-0.996,-1.092,-7.002096,-34.832699
238777,0,-0.03,0.00,9.926,-1.006,-1.116,-7.002096,-34.832699
238829,0,-0.04,0.00,9.941,-1.030,-1.125,-7.002096,-34.832699
238880,0,-0.06,-0.48,9.922,-0.991,-1.106,-7.002096,-34.832699
238932,0,-0.06,0.00,9.936,-1.010,-1.106,-7.002096,-34.832699
238982,0,-0.07,-0.56,9.931,-0.996,-1.111,-7.002096,-34.832699
239032,0,-0.12,0.00,9.931,-1.010,-1.073,-7.002096,-34.832699
239083,0,-0.08,1.41,9.922,-1.006,-1.135,-7.002096,-34.832699
239133,0,-0.08,0.00,9.950,-0.986,-1.120,-7.002096,-34.832699
239184,0,-0.08,0.00,9.950,-1.015,-1.087,-7.002096,-34.832699
239234,0,-0.10,-0.56,9.936,-1.006,-1.116,-7.002096,-34.832699
239284,0,-0.10,0.00,9.941,-1.001,-1.120,-7.002096,-34.832699
239335,0,-0.10,0.00,9.931,-1.001,-1.125,-7.002096,-34.832699
239385,0,-0.11,0.00,9.946,-1.010,-1.087,-7.002096,-34.832699
239436,0,-0.11,0.00,9.941,-1.010,-1.120,-7.002096,-34.832699
239487,0,-0.12,0.00,9.926,-1.001,-1.120,-7.002096,-34.832699
239539,0,-0.11,0.00,9.917,-1.010,-1.087,-7.002096,-34.832699
239591,0,-0.08,1.01,9.955,-0.986,-1.097,-7.002096,-34.832699
239642,0,-0.07,0.52,9.936,-1.006,-1.111,-7.002096,-34.832699
239694,0,-0.07,0.00,9.941,-1.001,-1.116,-7.002096,-34.832699
239745,0,-0.06,0.00,9.941,-1.015,-1.106,-7.002096,-34.832699
239796,0,-0.04,0.48,9.936,-1.001,-1.092,-7.002096,-34.832699
239847,0,-0.04,0.00,9.926,-1.006,-1.120,-7.002096,-34.832699
239899,0,-0.03,0.52,9.931,-0.996,-1.106,-7.002096,-34.832699
239951,0,-0.04,0.00,9.926,-1.015,-1.135,-7.002096,-34.832699
240001,0,-0.04,0.00,9.931,-1.006,-1.092,-7.002096,-34.832699
240051,0,-0.04,0.00,9.926,-0.996,-1.082,-7.002096,-34.832703
240102,0,-0.06,0.00,9.946,-1.010,-1.111,-7.002096,-34.832703
240152,0,-0.06,0.56,9.917,-1.015,-1.101,-7.002096,-34.832703
240203,0,-0.06,0.00,9.931,-1.015,-1.101,-7.002096,-34.832703
240253,0,-0.01,0.00,9.926,-0.991,-1.116,-7.002096,-34.832703
240312,0,-0.02,-0.17,9.936,-1.006,-1.130,-7.002096,-34.832703
240362,0,-0.03,-0.60,9.922,-0.996,-1.087,-7.002096,-34.832703
240413,0,-0.05,-0.48,9.917,-0.996,-1.087,-7.002096,-34.832703
240463,0,-0.05,0.00,9.936,-1.006,-1.106,-7.002096,-34.832703
240513,0,-0.05,0.00,9.912,-1.001,-1.101,-7.002096,-34.832703
240565,0,-0.06,0.00,9.931,-0.986,-1.135,-7.002096,-34.832703
240616,0,-0.07,-0.48,9.936,-0.986,-1.120,-7.002096,-34.832703
240668,0,-0.04,0.00,9.926,-1.015,-1.116,-7.002096,-34.832703
240719,0,-0.06,0.00,9.931,-1.006,-1.073,-7.002096,-34.832703
240771,0,-0.06,0.00,9.912,-0.986,-1.101,-7.002096,-34.832703
240823,0,-0.08,-0.52,9.926,-1.006,-1.106,-7.002096,-34.832703
240874,0,-0.08,0.00,9.917,-1.001,-1.111,-7.002096,-34.832703
240926,0,-0.09,0.00,9.931,-0.996,-1.125,-7.002096,-34.832703
240975,0,-0.09,0.00,9.917,-1.010,-1.092,-7.002096,-34.832703
241026,0,-0.11,-0.56,9.931,-1.006,-1.097,-7.002097,-34.832703
241076,0,-0.11,0.00,9.941,-1.001,-1.092,-7.002097,-34.832703
241127,0,-0.12,0.00,9.936,-1.025,-1.101,-7.002097,-34.832703
241177,0,-0.12,0.00,9.931,-1.015,-1.097,-7.002097,-34.832703
241228,0,-0.12,0.00,9.917,-1.025,-1.135,-7.002097,-34.832703
241278,0,-0.12,2.01,9.917,-0.996,-1.101,-7.002097,-34.832703
241328,0,-0.13,-0.54,9.922,-1.006,-1.116,-7.002097,-34.832703
241379,0,-0.13,0.00,9.922,-1.001,-1.125,-7.002097,-34.832703
241429,0,-0.13,0.00,9.926,-1.020,-1.125,-7.002097,-34.832703
241481,0,-0.13,0.00,9.922,-1.001,-1.092,-7.002097,-34.832703
241533,0,-0.15,-0.48,9.917,-1.001,-1.097,-7.002097,-34.832703
241584,0,-0.16,-0.48,9.950,-1.006,-1.106,-7.002097,-34.832703
241636,0,-0.16,0.00,9.931,-1.020,-1.120,-7.002097,-34.832703
241688,0,-0.16,0.00,9.912,-1.001,-1.120,-7.002097,-34.832703
241738,0,-0.16,0.00,9.931,-1.025,-1.116,-7.002097,-34.832703
241789,0,-0.15,0.48,9.917,-1.010,-1.101,-7.002097,-34.832703
241841,0,-0.16,0.00,9.907,-0.991,-1.106,-7.002097,-34.832703
241893,0,-0.17,-1.83,9.926,-1.020,-1.101,-7.002097,-34.832703
241944,0,-0.17,0.00,9.912,-1.001,-1.135,-7.002097,-34.832703
241995,0,-0.17,0.56,9.926,-1.020,-1.106,-7.002097,-34.832703
242045,0,-0.17,0.00,9.941,-1.001,-1.106,-7.002097,-34.832703
242095,0,-0.17,0.00,9.931,-1.034,-1.073,-7.002097,-34.832703
242146,0,-0.20,-0.56,9.926,-1.015,-1.097,-7.002097,-34.832703
242196,0,-0.15,2.05,9.912,-1.015,-1.106,-7.002097,-34.832703
242247,0,-0.15,0.00,9.922,-1.001,-1.106,-7.002097,-34.832703
242297,0,-0.15,0.56,9.922,-1.006,-1.087,-7.002097,-34.832703
242356,0,-0.15,0.00,9.941,-1.006,-1.116,-7.002097,-34.832703
242406,0,-0.15,0.00,9.931,-1.006,-1.111,-7.002097,-34.832703
242456,0,-0.16,0.00,9.917,-1.001,-1.092,-7.002097,-34.832703
242507,0,-0.15,0.52,9.931,-0.996,-1.106,-7.002097,-34.832703
242558,0,-0.15,0.00,9.912,-1.006,-1.111,-7.002097,-34.832703
242610,0,-0.14,0.52,9.941,-0.996,-1.101,-7.002097,-34.832703
242662,0,-0.15,-0.48,9.922,-1.010,-1.087,-7.002097,-34.832703
242713,0,-0.14,0.00,9.917,-1.015,-1.092,-7.002097,-34.832703
242765,0,-0.09,1.83,9.936,-1.010,-1.097,-7.002097,-34.832703
242816,0,-0.10,0.00,9.936,-0.996,-1.101,-7.002097,-34.832703
242868,0,-0.10,0.00,9.912,-1.001,-1.116,-7.002097,-34.832703
242920,0,-0.10,0.00,9.936,-0.996,-1.101,-7.002097,-34.832703
242969,0,-0.12,-0.52,9.941,-1.001,-1.125,-7.002097,-34.832703
243020,0,-0.10,0.56,9.926,-1.001,-1.087,-7.002097,-34.832703
243070,0,-0.12,0.00,9.926,-1.010,-1.097,-7.002097,-34.832703
243120,0,-0.10,0.56,9.941,-1.006,-1.116,-7.002097,-34.832703
243171,0,-0.09,0.50,9.926,-1.006,-1.116,-7.002097,-34.832703
243221,0,-0.09,0.00,9.946,-0.986,-1.116,-7.002097,-34.832703
243272,0,-0.10,0.00,9.931,-0.982,-1.101,-7.002097,-34.832703
243322,0,-0.10,0.00,9.946,-1.020,-1.125,-7.002097,-34.832703
243372,0,-0.10,0.00,9.950,-0.996,-1.120,-7.002097,-34.832703
243423,0,-0.09,0.50,9.922,-1.001,-1.140,-7.002097,-34.832703
243472,0,-0.09,0.00,9.902,-1.001,-1.073,-7.002097,-34.832703
243524,0,-0.10,0.00,9.912,-1.015,-1.116,-7.002097,-34.832703
243576,0,-0.12,0.00,9.931,-1.020,-1.106,-7.002097,-34.832703
243626,0,-0.13,-0.48,9.931,-1.010,-1.120,-7.002097,-34.832703
243678,0,-0.13,0.00,9.936,-1.006,-1.087,-7.002097,-34.832703
243729,0,-0.14,0.00,9.926,-0.991,-1.140,-7.002097,-34.832703
243781,0,-0.12,-0.48,9.941,-1.010,-1.140,-7.002097,-34.832703
243832,0,-0.09,0.00,9.946,-1.025,-1.092,-7.002097,-34.832703
243884,0,0.08,4.34,9.941,-0.996,-1.111,-7.002097,-34.832703
243936,0,0.10,0.86,9.946,-1.006,-1.106,-7.002097,-34.832703
244018,0,0.20,0.43,9.907,-1.006,-1.097,-7.002097,-34.832703
244070,0,0.14,-2.41,9.912,-0.991,-1.082,-7.002097,-34.832703
244164,0,5.43,37.00,9.950,-1.001,-1.087,-7.002097,-34.832703
244214,0,10.54,88.36,9.926,-1.006,-1.120,-7.002097,-34.832703
244265,0,12.64,84.13,9.926,-1.006,-1.116,-7.002097,-34.832703
244315,0,14.56,0.00,9.922,-1.010,-1.130,-7.002097,-34.832703
244365,0,18.03,64.39,9.922,-1.006,-1.106,-7.002097,-34.832703
244416,0,16.95,-43.15,9.931,-1.001,-1.101,-7.002097,-34.832703
244466,0,15.84,0.00,9.941,-1.015,-1.106,-7.002097,-34.832703
244516,0,14.81,-38.25,9.936,-1.010,-1.135,-7.002097,-34.832703
244568,0,13.89,0.00,9.936,-1.006,-1.097,-7.002097,-34.832703
244619,0,12.15,-31.55,9.955,-1.006,-1.101,-7.002097,-34.832703
244671,0,11.37,0.00,9.955,-0.986,-1.116,-7.002097,-34.832703
244722,0,9.99,-25.02,9.902,-1.001,-1.144,-7.002097,-34.832703
244774,0,9.35,-23.54,9.941,-1.010,-1.106,-7.002097,-34.832703
244826,0,8.17,-21.32,9.926,-1.001,-1.111,-7.002097,-34.832703
244877,0,7.63,-20.11,9.979,-1.010,-1.120,-7.002097,-34.832703
244929,0,7.16,0.00,9.936,-1.015,-1.116,-7.002097,-34.832703
244979,0,6.26,-17.25,9.926,-1.001,-1.106,-7.002097,-34.832703
245029,0,5.87,-15.88,9.917,-0.996,-1.087,-7.002097,-34.832703
245080,0,5.48,0.00,9.931,-1.015,-1.120,-7.002097,-34.832703
245130,0,4.78,-13.54,9.936,-1.006,-1.135,-7.002097,-34.832703
245180,0,4.46,-12.48,9.922,-1.001,-1.101,-7.002097,-34.832703
245231,0,4.17,0.00,9.922,-1.015,-1.106,-7.002097,-34.832703
245281,0,3.68,-9.54,9.931,-1.010,-1.116,-7.002097,-34.832703
245332,0,3.43,-10.06,9.926,-1.006,-1.111,-7.002097,-34.832703
245382,0,3.16,0.00,9.917,-0.996,-1.101,-7.002097,-34.832703
245432,0,2.75,-6.91,9.950,-1.001,-1.111,-7.002097,-34.832703
245484,0,2.59,-6.11,9.926,-1.015,-1.101,-7.002097,-34.832703
245536,0,2.22,-5.27,9.917,-1.006,-1.092,-7.002097,-34.832703
245587,0,2.04,-6.74,9.917,-1.006,-1.106,-7.002097,-34.832703
245639,0,1.91,0.00,9.946,-1.010,-1.101,-7.002097,-34.832703
245691,0,1.65,-5.81,9.931,-1.015,-1.101,-7.002097,-34.832703
245741,0,1.53,-4.53,9.917,-1.010,-1.125,-7.002097,-34.832703
245793,0,1.41,-4.47,9.922,-1.001,-1.101,-7.002097,-34.832703
245844,0,1.29,0.00,9.931,-1.001,-1.116,-7.002097,-34.832703
245896,0,1.06,-4.54,9.931,-1.001,-1.125,-7.002097,-34.832703
245947,0,0.99,0.00,9.912,-0.996,-1.087,-7.002097,-34.832703
245998,0,0.85,-2.92,9.936,-1.001,-1.116,-7.002097,-34.832703
246048,0,0.79,-2.31,9.946,-1.015,-1.125,-7.002097,-34.832703
246099,0,0.72,0.00,9.936,-0.996,-1.111,-7.002097,-34.832703
246149,0,0.59,-2.01,9.926,-1.006,-1.101,-7.002097,-34.832703
246208,0,0.50,-1.29,9.931,-1.025,-1.087,-7.002097,-34.832703
246258,0,0.43,-2.92,9.941,-1.001,-1.106,-7.002097,-34.832703
246308,0,0.39,0.00,9.931,-1.015,-1.111,-7.002097,-34.832703
246359,0,0.32,-1.45,9.902,-1.006,-1.101,-7.002097,-34.832703
246409,0,0.28,-1.43,9.926,-1.006,-1.116,-7.002097,-34.832703
246462,0,0.23,0.00,9.922,-1.015,-1.101,-7.002097,-34.832703
246513,0,0.16,-1.34,9.936,-1.010,-1.111,-7.002097,-34.832703
246565,0,0.12,-1.32,9.936,-1.006,-1.077,-7.002097,-34.832703
246616,0,0.09,0.00,9.907,-1.020,-1.125,-7.002097,-34.832703
246667,0,0.07,-0.71,9.926,-1.010,-1.092,-7.002097,-34.832703
246718,0,0.05,-0.86,9.926,-1.006,-1.116,-7.002097,-34.832703
246770,0,0.05,0.00,9.926,-0.996,-1.111,-7.002097,-34.832703
246822,0,0.02,0.00,9.936,-0.996,-1.101,-7.002097,-34.832703
246873,0,-0.01,-1.38,9.941,-0.991,-1.082,-7.002097,-34.832703
246925,0,0.00,0.00,9.922,-1.020,-1.101,-7.002097,-34.832703
246974,0,0.00,0.00,9.926,-0.996,-1.101,-7.002097,-34.832703
247025,0,-0.04,-1.45,9.931,-1.006,-1.106,-7.002097,-34.832703
247075,0,-0.04,0.00,9.917,-1.001,-1.111,-7.002097,-34.832703
247126,0,-0.09,-2.01,9.917,-0.991,-1.125,-7.002097,-34.832703
247176,0,-0.09,0.00,9.941,-1.025,-1.111,-7.002097,-34.832703
247226,0,-0.04,0.00,9.917,-1.015,-1.092,-7.002097,-34.832703
247277,0,0.05,0.93,9.922,-1.010,-1.116,-7.002097,-34.832703
247327,0,0.14,3.23,9.926,-1.010,-1.125,-7.002097,-34.832703
247401,0,0.23,1.22,9.922,-1.010,-1.116,-7.002097,-34.832703
247453,0,2.89,107.54,9.941,-0.991,-1.120,-7.002097,-34.832703
247503,0,2.89,0.00,9.917,-0.991,-1.116,-7.002097,-34.832703
247554,0,7.72,87.17,9.926,-1.010,-1.101,-7.002097,-34.832703
247606,0,9.93,88.35,9.922,-1.006,-1.111,-7.002097,-34.832703
247658,0,11.95,-0.50,9.931,-1.010,-1.097,-7.002097,-34.832703
247709,0,15.67,65.78,9.931,-0.991,-1.101,-7.002097,-34.832703
247761,0,17.33,0.00,9.941,-1.010,-1.130,-7.002097,-34.832703
247812,0,17.75,-43.93,9.936,-1.010,-1.097,-7.002097,-34.832703
247864,0,16.67,-39.98,9.922,-1.006,-1.101,-7.002097,-34.832703
247916,0,14.64,-36.42,9.941,-1.006,-1.144,-7.002097,-34.832703
247965,0,13.70,-35.06,9.922,-1.001,-1.106,-7.002097,-34.832703
248015,0,12.85,0.00,9.917,-1.001,-1.111,-7.002097,-34.832703
248066,0,11.30,-29.70,9.926,-1.001,-1.087,-7.002094,-34.832703
248116,0,10.55,-29.90,9.926,-1.001,-1.130,-7.002094,-34.832703
248167,0,9.90,0.00,9.941,-1.010,-1.111,-7.002094,-34.832703
248217,0,8.65,-24.54,9.922,-0.996,-1.135,-7.002094,-34.832703
248276,0,8.10,-8.65,9.941,-1.015,-1.116,-7.002094,-34.832703
248326,0,7.09,-19.72,9.931,-1.006,-1.125,-7.002094,-34.832703
248377,0,6.64,-17.46,9.922,-1.001,-1.111,-7.002094,-34.832703
248427,0,6.24,0.00,9.917,-0.996,-1.101,-7.002094,-34.832703
248476,0,5.46,-15.90,9.931,-1.015,-1.087,-7.002094,-34.832703
248527,0,5.46,0.00,9.950,-1.020,-1.140,-7.002094,-34.832703
248578,0,4.83,-11.51,9.941,-1.006,-1.130,-7.002094,-34.832703
248630,0,4.50,0.00,9.917,-1.006,-1.106,-7.002094,-34.832703
248682,0,3.97,-8.92,9.931,-1.006,-1.111,-7.002094,-34.832703
248733,0,3.72,-9.32,9.926,-0.996,-1.101,-7.002094,-34.832703
248785,0,3.44,-0.50,9.941,-0.991,-1.077,-7.002094,-34.832703
248836,0,3.03,-7.23,9.941,-1.006,-1.120,-7.002094,-34.832703
248888,0,2.82,0.00,9.936,-1.006,-1.101,-7.002094,-34.832703
248940,0,2.45,-6.63,9.917,-0.986,-1.125,-7.002094,-34.832703
248990,0,2.30,-6.28,9.950,-0.996,-1.125,-7.002094,-34.832703
249040,0,2.15,0.00,9.931,-1.001,-1.120,-7.002093,-34.832703
249090,0,1.86,-4.93,9.931,-0.986,-1.111,-7.002093,-34.832703
249141,0,1.75,-4.41,9.936,-1.010,-1.116,-7.002093,-34.832703
249191,0,1.65,0.00,9.926,-0.991,-1.111,-7.002093,-34.832703
249242,0,1.41,-5.01,9.941,-1.025,-1.097,-7.002093,-34.832703
249292,0,1.33,-3.34,9.946,-1.015,-1.111,-7.002093,-34.832703
249343,0,1.21,0.00,9.912,-1.006,-1.111,-7.002093,-34.832703
249393,0,1.03,-3.48,9.931,-1.010,-1.068,-7.002093,-34.832703
249443,0,0.93,-4.24,9.936,-0.996,-1.097,-7.002093,-34.832703
249495,0,0.84,0.00,9.936,-1.006,-1.092,-7.002093,-34.832703
249547,0,0.72,-3.20,9.946,-1.015,-1.092,-7.002093,-34.832703
249598,0,0.65,0.00,9.922,-1.006,-1.111,-7.002093,-34.832703
249650,0,0.58,-1.36,9.936,-1.015,-1.087,-7.002093,-34.832703
249701,0,0.49,-3.20,9.931,-1.001,-1.116,-7.002093,-34.832703
249753,0,0.45,0.00,9.955,-1.015,-1.120,-7.002093,-34.832703
249805,0,0.37,-1.32,9.912,-0.991,-1.120,-7.002093,-34.832703
249855,0,0.33,-1.36,9.926,-0.986,-1.111,-7.002093,-34.832703
249906,0,0.28,-1.73,9.950,-1.001,-1.111,-7.002093,-34.832703
249958,0,0.23,0.00,9.922,-1.001,-1.120,-7.002093,-34.832703
250009,0,0.18,-1.99,9.912,-1.015,-1.116,-7.002093,-34.832703
250059,0,0.13,-1.93,9.931,-0.996,-1.097,-7.002093,-34.832699
250110,0,0.13,0.00,9.926,-0.986,-1.116,-7.002093,-34.832699
250160,0,0.07,-2.55,9.950,-0.986,-1.092,-7.002093,-34.832699
250210,0,0.07,0.00,9.912,-1.010,-1.149,-7.002093,-34.832699
250261,0,0.03,0.00,9.950,-0.996,-1.116,-7.002093,-34.832699
250341,0,-0.01,-0.46,9.950,-1.010,-1.111,-7.002093,-34.832699
250392,0,-0.01,0.00,9.936,-0.996,-1.101,-7.002093,-34.832699
250442,0,-0.06,-1.45,9.917,-1.015,-1.092,-7.002093,-34.832699
250494,0,-0.06,0.00,9.912,-0.986,-1.097,-7.002093,-34.832699
250544,0,-0.08,-0.48,9.926,-1.010,-1.120,-7.002093,-34.832699
250596,0,-0.11,0.00,9.936,-1.010,-1.111,-7.002093,-34.832699
250647,0,-0.14,-0.52,9.941,-0.996,-1.092,-7.002093,-34.832699
250699,0,-0.17,-1.30,9.941,-0.991,-1.111,-7.002093,-34.832699
250750,0,-0.20,-0.48,9.955,-1.001,-1.120,-7.002093,-34.832699
250802,0,-0.20,0.00,9.946,-0.996,-1.116,-7.002093,-34.832699
250854,0,-0.24,0.00,9.922,-0.977,-1.097,-7.002093,-34.832699
250905,0,-0.24,0.00,9.893,-0.996,-1.106,-7.002093,-34.832699
250957,0,-0.24,0.00,9.912,-0.991,-1.116,-7.002093,-34.832699
251007,0,-0.26,-0.56,9.941,-1.010,-1.106,-7.002093,-34.832699
251058,0,-0.26,0.00,9.931,-0.982,-1.111,-7.002092,-34.832703
251108,0,-0.29,0.00,9.912,-1.006,-1.087,-7.002092,-34.832703
251159,0,-0.30,-0.52,9.936,-1.010,-1.111,-7.002092,-34.832703
251209,0,-0.30,0.00,9.926,-1.015,-1.097,-7.002092,-34.832703
251260,0,-0.30,0.00,9.936,-1.001,-1.116,-7.002092,-34.832703
251310,0,-0.31,-0.52,9.936,-1.001,-1.135,-7.002092,-34.832703
251360,0,-0.31,0.00,9.922,-0.982,-1.130,-7.002092,-34.832703
251411,0,-0.33,0.00,9.955,-0.986,-1.144,-7.002092,-34.832703
251461,0,-0.33,-2.01,9.922,-1.006,-1.120,-7.002092,-34.832703
251512,0,-0.33,0.00,9.950,-0.996,-1.120,-7.002092,-34.832703
251564,0,-0.31,0.00,9.950,-1.010,-1.120,-7.002092,-34.832703
251615,0,-0.28,0.00,9.936,-1.015,-1.092,-7.002092,-34.832703
251667,0,-0.31,-1.30,9.946,-1.006,-1.092,-7.002092,-34.832703
251719,0,-0.29,0.52,9.917,-1.020,-1.135,-7.002092,-34.832703
251770,0,-0.27,0.48,9.926,-1.015,-1.097,-7.002092,-34.832703
251822,0,-0.27,0.00,9.922,-1.001,-1.120,-7.002092,-34.832703
251872,0,-0.27,0.00,9.922,-1.010,-1.097,-7.002092,-34.832703
251921,0,-0.27,0.00,9.926,-0.996,-1.120,-7.002092,-34.832703
251973,0,-0.29,-0.48,9.950,-1.006,-1.120,-7.002092,-34.832703
252024,0,-0.30,0.00,9.946,-1.015,-1.106,-7.002092,-34.832703
252074,0,-0.34,-1.49,9.931,-1.015,-1.120,-7.002092,-34.832703
252125,0,-0.30,1.49,9.922,-1.010,-1.101,-7.002092,-34.832703
252175,0,-0.29,0.00,9.912,-1.006,-1.130,-7.002092,-34.832703
252225,0,-0.34,-0.52,9.912,-1.010,-1.092,-7.002092,-34.832703
252276,0,-0.35,-0.52,9.931,-1.006,-1.063,-7.002092,-34.832703
252326,0,-0.35,0.00,9.926,-1.010,-1.111,-7.002092,-34.832703
252385,0,-0.39,-0.54,9.946,-1.001,-1.106,-7.002092,-34.832703
252435,0,-0.39,0.00,9.946,-1.001,-1.120,-7.002092,-34.832703
252486,0,-0.39,0.00,9.955,-1.015,-1.101,-7.002092,-34.832703
252538,0,-0.40,0.00,9.926,-1.001,-1.130,-7.002092,-34.832703
252589,0,-0.42,-0.52,9.926,-0.991,-1.135,-7.002092,-34.832703
252641,0,-0.45,-0.48,9.926,-1.020,-1.125,-7.002092,-34.832703
252692,0,-0.46,-0.52,9.926,-1.006,-1.097,-7.002092,-34.832703
252744,0,-0.46,0.00,9.912,-1.015,-1.111,-7.002092,-34.832703
252796,0,-0.47,-0.48,9.902,-1.010,-1.087,-7.002092,-34.832703
252847,0,-0.47,0.00,9.931,-1.015,-1.154,-7.002092,-34.832703
252899,0,-0.46,0.48,9.917,-1.010,-1.077,-7.002092,-34.832703
252950,0,-0.46,0.00,9.936,-1.030,-1.111,-7.002092,-34.832703
253001,0,-0.46,0.00,9.936,-1.001,-1.116,-7.002092,-34.832703
253051,0,-0.41,0.56,9.936,-1.020,-1.106,-7.002096,-34.832703
253102,0,-0.40,0.56,9.941,-1.010,-1.092,-7.002096,-34.832703
253152,0,-0.37,0.00,9.926,-0.996,-1.106,-7.002096,-34.832703
253202,0,-0.34,0.54,9.936,-0.996,-1.111,-7.002096,-34.832703
253253,0,-0.33,0.52,9.941,-1.006,-1.111,-7.002096,-34.832703
253303,0,-0.31,0.00,9.922,-0.991,-1.125,-7.002096,-34.832703
253354,0,-0.34,0.00,9.922,-1.015,-1.101,-7.002096,-34.832703
253404,0,-0.34,0.00,9.941,-1.010,-1.120,-7.002096,-34.832703
253454,0,-0.34,0.00,9.926,-1.010,-1.125,-7.002096,-34.832703
253506,0,-0.32,0.48,9.941,-1.010,-1.097,-7.002096,-34.832703
253557,0,-0.32,0.00,9.931,-1.010,-1.106,-7.002096,-34.832703
253609,0,-0.31,0.00,9.950,-1.015,-1.106,-7.002096,-34.832703
253661,0,-0.31,0.00,9.922,-1.001,-1.097,-7.002096,-34.832703
253711,0,-0.30,0.52,9.941,-1.001,-1.111,-7.002096,-34.832703
253762,0,-0.30,0.00,9.922,-1.010,-1.087,-7.002096,-34.832703
253814,0,-0.30,0.00,9.907,-1.006,-1.135,-7.002096,-34.832703
253866,0,-0.33,-1.34,9.922,-1.015,-1.149,-7.002096,-34.832703
253917,0,-0.30,0.00,9.912,-1.006,-1.077,-7.002096,-34.832703
253969,0,-0.33,-1.45,9.926,-0.996,-1.101,-7.002096,-34.832703
254020,0,-0.33,0.00,9.950,-1.015,-1.097,-7.002094,-34.832703
254070,0,-0.33,-1.97,9.931,-1.020,-1.101,-7.002094,-34.832703
254164,0,-0.35,-0.24,9.907,-1.006,-1.135,-7.002094,-34.832703
254214,0,-0.36,-0.52,9.926,-1.015,-1.101,-7.002094,-34.832703
254264,0,-0.36,0.00,9.941,-0.996,-1.111,-7.002094,-34.832703
254315,0,-0.35,0.52,9.907,-1.015,-1.106,-7.002094,-34.832703
254365,0,-0.37,-0.88,9.917,-1.006,-1.092,-7.002094,-34.832703
254416,0,-0.35,0.00,9.926,-1.015,-1.120,-7.002094,-34.832703
254465,0,-0.33,1.09,9.922,-1.006,-1.097,-7.002094,-34.832703
254516,0,-0.33,0.00,9.922,-1.010,-1.125,-7.002094,-34.832703
254567,0,-0.33,0.00,9.950,-0.982,-1.135,-7.002094,-34.832703
254619,0,-0.33,0.00,9.922,-1.020,-1.140,-7.002094,-34.832703
254671,0,-0.31,0.00,9.931,-1.010,-1.106,-7.002094,-34.832703
254722,0,-0.31,0.00,9.936,-1.006,-1.101,-7.002094,-34.832703
254774,0,-0.30,0.00,9.931,-1.001,-1.106,-7.002094,-34.832703
254825,0,-0.30,0.00,9.936,-0.991,-1.101,-7.002094,-34.832703
254877,0,-0.29,0.48,9.926,-1.015,-1.097,-7.002094,-34.832703
254929,0,-0.29,0.00,9.926,-0.996,-1.097,-7.002094,-34.832703
254978,0,-0.27,0.52,9.931,-1.010,-1.106,-7.002094,-34.832703
255029,0,-0.27,0.00,9.917,-1.006,-1.082,-7.002096,-34.832703
255079,0,-0.31,-1.41,9.912,-1.001,-1.125,-7.002096,-34.832703
255130,0,-0.32,-0.52,9.917,-1.006,-1.082,-7.002096,-34.832703
255180,0,-0.34,0.00,9.941,-1.006,-1.077,-7.002096,-34.832703
255230,0,-0.29,2.01,9.912,-1.001,-1.087,-7.002096,-34.832703
255281,0,-0.27,0.50,9.912,-0.991,-1.130,-7.002096,-34.832703
255331,0,-0.30,0.00,9.902,-1.015,-1.097,-7.002096,-34.832703
255382,0,-0.30,0.52,9.931,-1.006,-1.144,-7.002096,-34.832703
255432,0,-0.31,-0.52,9.931,-0.996,-1.125,-7.002096,-34.832703
255484,0,-0.31,0.00,9.931,-1.025,-1.101,-7.002096,-34.832703
255536,0,-0.31,0.00,9.931,-1.015,-1.106,-7.002096,-34.832703
255587,0,-0.31,0.00,9.926,-1.020,-1.097,-7.002096,-34.832703
255639,0,-0.30,0.00,9.926,-1.006,-1.111,-7.002096,-34.832703
255690,0,-0.31,-0.52,9.926,-1.015,-1.125,-7.002096,-34.832703
255741,0,-0.31,0.00,9.917,-1.001,-1.101,-7.002096,-34.832703
255792,0,-0.31,0.00,9.926,-1.001,-1.125,-7.002096,-34.832703
255844,0,-0.28,0.48,9.907,-1.001,-1.149,-7.002096,-34.832703
255895,0,-0.28,0.00,9.926,-1.006,-1.116,-7.002096,-34.832703
255947,0,-0.27,0.00,9.926,-1.010,-1.097,-7.002096,-34.832703
255997,0,-0.27,0.00,9.931,-1.020,-1.092,-7.002096,-34.832703
256048,0,-0.27,0.00,9.941,-1.015,-1.120,-7.002097,-34.832706
256098,0,-0.27,0.00,9.950,-1.006,-1.125,-7.002097,-34.832706
256149,0,-0.25,0.00,9.917,-1.010,-1.130,-7.002097,-34.832706
256210,0,-0.29,-0.48,9.941,-1.020,-1.101,-7.002097,-34.832706
256260,0,-0.30,-0.56,9.922,-0.986,-1.120,-7.002097,-34.832706
256311,0,-0.30,0.00,9.936,-0.986,-1.106,-7.002097,-34.832706
256361,0,-0.30,-1.45,9.950,-1.010,-1.097,-7.002097,-34.832706
256411,0,-0.30,0.00,9.936,-1.001,-1.092,-7.002097,-34.832706
256461,0,-0.27,0.00,9.946,-1.006,-1.106,-7.002097,-34.832706
256512,0,-0.30,-1.34,9.926,-1.001,-1.097,-7.002097,-34.832706
256563,0,-0.27,0.00,9.941,-1.001,-1.111,-7.002097,-34.832706
256615,0,-0.25,0.52,9.912,-1.010,-1.125,-7.002097,-34.832706
256667,0,-0.27,0.00,9.912,-1.001,-1.111,-7.002097,-34.832706
256718,0,-0.30,0.52,9.917,-0.986,-1.116,-7.002097,-34.832706
256770,0,-0.25,0.00,9.955,-0.996,-1.092,-7.002097,-34.832706
256821,0,-0.25,0.00,9.931,-1.001,-1.111,-7.002097,-34.832706
256873,0,-0.25,0.00,9.931,-1.006,-1.101,-7.002097,-34.832706
256925,0,-0.25,0.00,9.922,-0.996,-1.068,-7.002097,-34.832706
256974,0,-0.25,0.00,9.917,-1.010,-1.120,-7.002097,-34.832706
257025,0,-0.27,0.00,9.922,-1.010,-1.116,-7.002097,-34.832706
257075,0,-0.28,0.00,9.936,-1.001,-1.149,-7.002097,-34.832706
257125,0,-0.28,0.00,9.931,-1.006,-1.116,-7.002097,-34.832706
257176,0,-0.28,0.00,9.931,-1.010,-1.092,-7.002097,-34.832706
257226,0,-0.27,-0.56,9.917,-1.015,-1.111,-7.002097,-34.832706
257277,0,-0.29,-0.50,9.922,-1.010,-1.140,-7.002097,-34.832706
257327,0,-0.30,0.00,9.941,-1.015,-1.111,-7.002097,-34.832706
257378,0,-0.31,-0.52,9.941,-1.015,-1.092,-7.002097,-34.832706
257428,0,-0.28,1.41,9.917,-0.991,-1.092,-7.002097,-34.832706
257477,0,-0.28,0.00,9.936,-1.010,-1.106,-7.002097,-34.832706
257529,0,-0.30,-0.52,9.936,-1.001,-1.087,-7.002097,-34.832706
257580,0,-0.32,-0.52,9.917,-1.020,-1.111,-7.002097,-34.832706
257631,0,-0.30,0.52,9.936,-1.001,-1.120,-7.002097,-34.832706
257682,0,-0.30,0.00,9.941,-1.025,-1.106,-7.002097,-34.832706
257734,0,-0.30,0.00,9.936,-1.015,-1.125,-7.002097,-34.832706
257786,0,-0.30,0.00,9.946,-1.001,-1.116,-7.002097,-34.832706
257837,0,-0.30,0.00,9.931,-0.991,-1.097,-7.002097,-34.832706
257889,0,-0.30,0.00,9.926,-1.025,-1.125,-7.002097,-34.832706
257940,0,-0.30,0.00,9.936,-0.986,-1.116,-7.002097,-34.832706
257991,0,-0.32,-0.56,9.936,-1.006,-1.106,-7.002097,-34.832706
258041,0,-0.32,0.00,9.941,-0.996,-1.111,-7.002097,-34.832706
258091,0,-0.32,0.00,9.941,-0.991,-1.087,-7.002097,-34.832706
258142,0,-0.30,0.56,9.931,-0.996,-1.097,-7.002097,-34.832706
258192,0,-0.29,0.56,9.931,-1.015,-1.106,-7.002097,-34.832706
258250,0,-0.28,0.19,9.941,-1.006,-1.106,-7.002097,-34.832706
258300,0,-0.26,0.00,9.917,-0.991,-1.120,-7.002097,-34.832706
258350,0,-0.23,0.00,9.931,-1.001,-1.120,-7.002097,-34.832706
258401,0,-0.21,0.56,9.931,-1.006,-1.097,-7.002097,-34.832706
258451,0,-0.21,0.00,9.926,-1.010,-1.097,-7.002097,-34.832706
258503,0,-0.23,0.00,9.931,-1.010,-1.111,-7.002097,-34.832706
258553,0,-0.23,0.00,9.926,-0.996,-1.135,-7.002097,-34.832706
258604,0,-0.21,0.52,9.931,-1.006,-1.116,-7.002097,-34.832706
258656,0,-0.21,0.00,9.936,-1.025,-1.101,-7.002097,-34.832706
258708,0,-0.20,0.00,9.917,-1.006,-1.077,-7.002097,-34.832706
258759,0,-0.20,0.00,9.926,-1.010,-1.106,-7.002097,-34.832706
258811,0,-0.20,0.00,9.941,-1.010,-1.120,-7.002097,-34.832706
258862,0,-0.20,0.00,9.917,-1.006,-1.111,-7.002097,-34.832706
258914,0,-0.19,0.48,9.917,-1.025,-1.111,-7.002097,-34.832706
258966,0,-0.15,0.00,9.926,-0.996,-1.106,-7.002097,-34.832706
259017,0,-0.15,0.00,9.946,-0.986,-1.116,-7.002097,-34.832706
259067,0,-0.14,0.00,9.941,-1.001,-1.120,-7.002096,-34.832710
259117,0,-0.11,0.56,9.936,-1.001,-1.097,-7.002096,-34.832710
259168,0,-0.11,0.00,9.936,-1.020,-1.077,-7.002096,-34.832710
259218,0,-0.10,0.00,9.926,-1.010,-1.144,-7.002096,-34.832710
259268,0,-0.08,0.00,9.926,-1.025,-1.101,-7.002096,-34.832710
259319,0,-0.05,1.09,9.926,-0.991,-1.097,-7.002096,-34.832710
259369,0,-0.04,0.00,9.931,-1.010,-1.106,-7.002096,-34.832710
259420,0,-0.04,0.00,9.931,-1.006,-1.101,-7.002096,-34.832710
259469,0,-0.04,0.00,9.950,-1.010,-1.097,-7.002096,-34.832710
259521,0,-0.04,0.00,9.936,-1.001,-1.135,-7.002096,-34.832710
259573,0,-0.03,0.00,9.931,-0.996,-1.116,-7.002096,-34.832710
259624,0,-0.03,0.00,9.931,-1.006,-1.106,-7.002096,-34.832710
259676,0,-0.01,0.48,9.917,-1.015,-1.106,-7.002096,-34.832710
259727,0,-0.03,-0.48,9.917,-1.006,-1.111,-7.002096,-34.832710
259779,0,-0.03,0.00,9.917,-1.034,-1.106,-7.002096,-34.832710
259831,0,-0.06,-1.34,9.965,-1.015,-1.116,-7.002096,-34.832710
259881,0,-0.06,0.00,9.936,-1.001,-1.106,-7.002096,-34.832710
259932,0,-0.05,0.48,9.907,-0.996,-1.087,-7.002096,-34.832710
259982,0,-0.05,0.00,9.912,-1.006,-1.097,-7.002096,-34.832710
260033,0,-0.05,0.00,9.931,-1.001,-1.120,-7.002096,-34.832710
260083,0,-0.05,0.00,9.941,-0.991,-1.097,-7.002096,-34.832710
260134,0,-0.05,0.00,9.941,-1.006,-1.097,-7.002096,-34.832710
260184,0,-0.04,0.00,9.936,-1.015,-1.097,-7.002096,-34.832710
260234,0,-0.04,0.00,9.931,-1.001,-1.120,-7.002096,-34.832710
260293,0,-0.02,0.17,9.936,-0.996,-1.116,-7.002096,-34.832710
260343,0,-0.02,0.00,9.941,-1.015,-1.120,-7.002096,-34.832710
260394,0,-0.02,0.00,9.912,-1.015,-1.106,-7.002096,-34.832710
260444,0,-0.02,0.00,9.917,-1.015,-1.106,-7.002096,-34.832710
260496,0,-0.04,0.00,9.936,-1.010,-1.125,-7.002096,-34.832710
260547,0,-0.04,0.00,9.922,-1.015,-1.116,-7.002096,-34.832710
260598,0,-0.02,0.48,9.936,-1.015,-1.120,-7.002096,-34.832710
260649,0,-0.01,0.52,9.931,-0.996,-1.125,-7.002096,-34.832710
260701,0,0.04,0.00,9.936,-1.006,-1.135,-7.002096,-34.832710
260752,0,0.05,0.00,9.941,-0.996,-1.097,-7.002096,-34.832710
260804,0,0.07,0.52,9.926,-1.006,-1.120,-7.002096,-34.832710
260856,0,0.07,0.00,9.936,-0.996,-1.116,-7.002096,-34.832710
260907,0,0.07,0.00,9.936,-1.001,-1.120,-7.002096,-34.832710
260959,0,0.07,0.00,9.946,-1.010,-1.106,-7.002096,-34.832710
261010,0,0.05,0.00,9.931,-1.015,-1.120,-7.002096,-34.832710
261060,0,0.03,-1.11,9.917,-0.996,-1.101,-7.002096,-34.832710
261110,0,0.03,0.00,9.931,-1.015,-1.130,-7.002096,-34.832710
261161,0,0.03,0.00,9.941,-1.020,-1.111,-7.002096,-34.832710
261211,0,0.01,-0.52,9.922,-1.010,-1.101,-7.002096,-34.832710
261262,0,0.01,0.00,9.936,-1.001,-1.097,-7.002096,-34.832710
261312,0,0.01,0.00,9.917,-1.025,-1.111,-7.002096,-34.832710
261362,0,0.00,-0.56,9.941,-1.010,-1.116,-7.002096,-34.832710
261413,0,-0.01,0.00,9.922,-1.006,-1.111,-7.002096,-34.832710
261463,0,-0.03,-0.52,9.931,-0.996,-1.130,-7.002096,-34.832710
261514,0,-0.04,-0.52,9.926,-1.010,-1.111,-7.002096,-34.832710
261566,0,-0.08,-0.52,9.926,-1.006,-1.097,-7.002096,-34.832710
261617,0,-0.08,0.00,9.917,-1.015,-1.111,-7.002096,-34.832710
261669,0,-0.07,0.00,9.926,-0.996,-1.120,-7.002096,-34.832710
261721,0,-0.09,-0.52,9.917,-0.991,-1.097,-7.002096,-34.832710
261772,0,-0.10,-0.48,9.917,-1.001,-1.087,-7.002096,-34.832710
261824,0,-0.10,0.00,9.926,-1.006,-1.111,-7.002096,-34.832710
261875,0,-0.06,1.45,9.926,-1.006,-1.106,-7.002096,-34.832710
261926,0,-0.06,0.00,9.931,-1.010,-1.125,-7.002096,-34.832710
261975,0,-0.10,-1.34,9.936,-1.006,-1.087,-7.002096,-34.832710
262026,0,-0.09,-0.52,9.926,-1.001,-1.125,-7.002096,-34.832714
262076,0,-0.09,0.00,9.917,-0.991,-1.097,-7.002096,-34.832714
262127,0,-0.09,0.00,9.936,-1.025,-1.130,-7.002096,-34.832714
262177,0,-0.09,0.00,9.912,-1.001,-1.106,-7.002096,-34.832714
262227,0,-0.10,-0.56,9.941,-1.010,-1.063,-7.002096,-34.832714
262278,0,-0.12,0.00,9.922,-1.010,-1.101,-7.002096,-34.832714
262342,0,-0.13,-0.17,9.936,-0.996,-1.106,-7.002096,-34.832714
262393,0,-0.15,-0.56,9.931,-0.991,-1.120,-7.002096,-34.832714
262443,0,-0.13,0.56,9.902,-1.006,-1.111,-7.002096,-34.832714
262495,0,-0.13,0.00,9.931,-1.001,-1.111,-7.002096,-34.832714
262546,0,-0.11,-0.52,9.926,-1.006,-1.130,-7.002096,-34.832714
262597,0,-0.11,0.00,9.922,-1.001,-1.092,-7.002096,-34.832714
262648,0,-0.10,0.48,9.931,-1.001,-1.077,-7.002096,-34.832714
262700,0,-0.10,0.00,9.926,-0.996,-1.111,-7.002096,-34.832714
262752,0,-0.08,0.00,9.926,-1.010,-1.101,-7.002096,-34.832714
262803,0,-0.08,0.00,9.922,-1.001,-1.116,-7.002096,-34.832714
262855,0,-0.07,0.52,9.931,-0.991,-1.087,-7.002096,-34.832714
262906,0,-0.08,-0.56,9.922,-1.001,-1.077,-7.002096,-34.832714
262958,0,-0.08,0.00,9.946,-1.025,-1.116,-7.002096,-34.832714
263009,0,-0.07,0.56,9.917,-1.010,-1.120,-7.002096,-34.832714
263059,0,-0.07,0.00,9.922,-1.006,-1.116,-7.002096,-34.832714
263109,0,-0.07,0.00,9.931,-1.025,-1.101,-7.002096,-34.832714
263160,0,-0.05,0.52,9.941,-1.001,-1.120,-7.002096,-34.832714
263210,0,-0.03,1.09,9.926,-1.001,-1.101,-7.002096,-34.832714
263261,0,-0.03,0.00,9.917,-1.015,-1.120,-7.002096,-34.832714
263311,0,0.02,0.00,9.936,-0.996,-1.106,-7.002096,-34.832714
263361,0,0.02,0.00,9.946,-1.006,-1.111,-7.002096,-34.832714
263412,0,0.01,0.00,9.922,-0.996,-1.097,-7.002096,-34.832714
263462,0,-0.01,-0.50,9.926,-1.006,-1.125,-7.002096,-34.832714
263513,0,-0.02,0.00,9.936,-1.006,-1.135,-7.002096,-34.832714
263565,0,-0.05,-0.48,9.950,-1.020,-1.101,-7.002096,-34.832714
263616,0,-0.05,0.00,9.931,-1.010,-1.144,-7.002096,-34.832714
263668,0,-0.06,0.00,9.931,-0.996,-1.111,-7.002096,-34.832714
263720,0,-0.04,0.86,9.926,-1.006,-1.092,-7.002096,-34.832714
263770,0,-0.04,0.00,9.922,-1.001,-1.106,-7.002096,-34.832714
263822,0,-0.04,0.00,9.917,-1.006,-1.087,-7.002096,-34.832714
263873,0,-0.03,0.00,9.941,-1.010,-1.092,-7.002096,-34.832714
263925,0,-0.01,0.00,9.926,-1.010,-1.106,-7.002096,-34.832714
263974,0,-0.01,0.00,9.917,-1.015,-1.135,-7.002096,-34.832714
264025,0,0.02,0.54,9.941,-0.991,-1.101,-7.002095,-34.832714
264075,0,0.02,0.00,9.926,-0.996,-1.120,-7.002095,-34.832714
264167,0,0.00,-0.24,9.936,-1.015,-1.101,-7.002095,-34.832714
264217,0,0.02,0.54,9.936,-1.020,-1.082,-7.002095,-34.832714
264268,0,0.00,0.00,9.926,-1.010,-1.116,-7.002095,-34.832714
264318,0,0.00,0.00,9.922,-1.006,-1.106,-7.002095,-34.832714
264368,0,0.02,0.52,9.936,-1.015,-1.120,-7.002095,-34.832714
264419,0,0.02,0.00,9.922,-0.991,-1.097,-7.002095,-34.832714
264468,0,0.03,0.00,9.922,-1.006,-1.111,-7.002095,-34.832714
264519,0,0.04,0.56,9.931,-1.001,-1.101,-7.002095,-34.832714
264570,0,0.04,0.00,9.931,-1.010,-1.144,-7.002095,-34.832714
264622,0,0.06,0.00,9.946,-1.001,-1.106,-7.002095,-34.832714
264674,0,0.04,-0.48,9.936,-1.006,-1.140,-7.002095,-34.832714
264725,0,0.04,0.00,9.922,-0.996,-1.101,-7.002095,-34.832714
264777,0,0.04,0.00,9.926,-0.996,-1.106,-7.002095,-34.832714
264828,0,0.06,0.48,9.936,-0.991,-1.111,-7.002095,-34.832714
264880,0,0.04,0.00,9.941,-1.015,-1.125,-7.002095,-34.832714
264932,0,0.04,0.00,9.941,-1.001,-1.111,-7.002095,-34.832714
264981,0,0.03,0.00,9.946,-1.006,-1.116,-7.002095,-34.832714
265032,0,0.00,-0.54,9.907,-1.006,-1.063,-7.002095,-34.832714
265082,0,0.00,0.00,9.936,-1.006,-1.087,-7.002095,-34.832714
265133,0,0.00,0.00,9.917,-1.001,-1.130,-7.002095,-34.832714
265183,0,0.04,0.00,9.931,-0.996,-1.101,-7.002095,-34.832714
265234,0,0.04,0.00,9.917,-1.001,-1.092,-7.002095,-34.832714
265284,0,0.04,0.00,9.926,-1.010,-1.125,-7.002095,-34.832714
265334,0,0.02,0.00,9.912,-1.010,-1.092,-7.002095,-34.832714
265385,0,0.01,-0.56,9.917,-0.996,-1.111,-7.002095,-34.832714
265435,0,0.01,0.00,9.931,-1.010,-1.130,-7.002095,-34.832714
265487,0,0.09,2.35,9.931,-1.006,-1.144,-7.002095,-34.832714
265539,0,0.16,2.68,9.941,-1.006,-1.106,-7.002095,-34.832714
265590,0,0.22,0.00,9.941,-1.006,-1.097,-7.002095,-34.832714
265649,1,0.38,1.87,9.912,-0.986,-1.101,-7.002095,-34.832714
265699,1,0.34,0.00,9.922,-1.001,-1.125,-7.002095,-34.832714
265750,1,0.32,-1.01,9.917,-1.006,-1.130,-7.002095,-34.832714
265801,1,5.50,92.48,9.917,-0.996,-1.140,-7.002095,-34.832714
265853,1,7.81,85.35,9.931,-1.025,-1.111,-7.002095,-34.832714
265904,1,10.05,0.00,9.926,-1.001,-1.092,-7.002095,-34.832714
265956,1,14.00,71.12,9.941,-1.006,-1.120,-7.002095,-34.832714
266007,1,15.79,71.60,9.917,-0.996,-1.116,-7.002095,-34.832714
266057,1,17.47,0.00,9.950,-1.015,-1.092,-7.002100,-34.832714
266879,2,3.90,-14.56,9.926,-1.010,-1.111,-7.002100,-34.832714
269148,3,3.49,-0.27,9.912,-1.001,-1.135,-7.002103,-34.832718
269158,3,12.35,11.81,9.936,-0.977,-1.135,-7.002114,-34.832710
269209,3,11.58,-30.67,9.941,-1.025,-1.097,-7.002114,-34.832710
269259,3,10.88,0.50,9.946,-1.020,-1.116,-7.002114,-34.832710
269310,3,9.54,-25.97,9.926,-1.010,-1.135,-7.002114,-34.832710
269360,3,8.96,-23.07,9.931,-1.006,-1.097,-7.002114,-34.832710
269410,3,8.39,0.00,9.922,-1.001,-1.111,-7.002114,-34.832710
269460,3,7.38,-18.68,9.946,-1.006,-1.097,-7.002114,-34.832710
269511,3,6.92,-16.94,9.931,-1.006,-1.101,-7.002114,-34.832710
269562,3,6.50,-15.45,9.917,-0.991,-1.106,-7.002114,-34.832710
269614,3,6.13,0.00,9.898,-1.006,-1.130,-7.002114,-34.832710
269666,3,5.40,-12.89,9.931,-1.010,-1.125,-7.002114,-34.832710
269717,3,5.09,0.00,9.936,-1.010,-1.101,-7.002114,-34.832710
269769,3,4.50,-9.76,9.941,-1.015,-1.135,-7.002114,-34.832710
269820,3,4.28,-8.33,9.926,-1.020,-1.111,-7.002114,-34.832710
269872,3,4.03,0.00,9.941,-0.996,-1.111,-7.002114,-34.832710
269924,3,3.54,-9.33,9.936,-1.010,-1.130,-7.002114,-34.832710
269973,3,3.33,0.00,9.922,-1.015,-1.101,-7.002114,-34.832710
270024,3,2.96,-7.18,9.936,-1.001,-1.092,-7.002116,-34.832710
270074,3,2.76,-8.19,9.931,-1.006,-1.120,-7.002116,-34.832710
270124,3,2.61,0.00,9.922,-1.025,-1.106,-7.002116,-34.832710
270175,3,2.33,-5.47,9.931,-1.001,-1.116,-7.002116,-34.832710
270225,3,2.17,-6.38,9.917,-1.015,-1.101,-7.002116,-34.832710
270276,3,2.02,0.00,9.926,-1.010,-1.097,-7.002116,-34.832710
270326,3,1.81,-4.39,9.917,-1.010,-1.101,-7.002116,-34.832710
270376,3,1.70,-4.24,9.936,-1.015,-1.097,-7.002116,-34.832710
270427,3,1.60,0.00,9.931,-1.020,-1.130,-7.002116,-34.832710
270476,3,1.42,-4.04,9.931,-1.015,-1.111,-7.002116,-34.832710
270528,3,1.35,-2.80,9.926,-1.010,-1.120,-7.002116,-34.832710
270580,3,1.15,-4.19,9.912,-1.015,-1.087,-7.002116,-34.832710
270630,3,1.15,0.00,9.922,-1.010,-1.120,-7.002116,-34.832710
270682,3,1.05,-1.34,9.907,-0.982,-1.106,-7.002116,-34.832710
270733,3,0.98,-2.68,9.946,-1.020,-1.092,-7.002116,-34.832710
270785,3,0.95,0.00,9.941,-0.991,-1.106,-7.002116,-34.832710
270836,3,0.84,-1.34,9.931,-1.001,-1.097,-7.002116,-34.832710
270888,3,0.76,0.00,9.912,-0.986,-1.097,-7.002116,-34.832710
270940,3,0.67,-1.88,9.917,-1.006,-1.097,-7.002116,-34.832710
270990,3,0.64,-1.43,9.931,-1.010,-1.092,-7.002116,-34.832710
271040,3,0.59,0.00,9.931,-1.010,-1.111,-7.002116,-34.832714
271090,3,0.50,-1.49,9.931,-1.010,-1.120,-7.002116,-34.832714
271149,3,0.40,-1.44,9.922,-1.010,-1.106,-7.002116,-34.832714
271199,3,0.40,0.00,9.936,-1.015,-1.116,-7.002116,-34.832714
271250,3,0.37,0.00,9.936,-0.991,-1.101,-7.002116,-34.832714
271300,3,0.32,0.00,9.941,-1.006,-1.082,-7.002116,-34.832714
271351,3,0.32,0.00,9.941,-1.025,-1.116,-7.002116,-34.832714
271401,3,0.28,0.00,9.931,-1.025,-1.111,-7.002116,-34.832714
271451,3,0.29,0.52,9.917,-1.020,-1.087,-7.002116,-34.832714
271503,3,0.26,-1.36,9.941,-1.006,-1.111,-7.002116,-34.832714
271553,3,0.27,0.50,9.907,-0.996,-1.144,-7.002116,-34.832714
271602,3,0.27,0.00,9.922,-1.006,-1.130,-7.002116,-34.832714
271654,3,0.25,0.48,9.931,-1.015,-1.106,-7.002116,-34.832714
271705,3,0.21,-1.34,9.912,-0.996,-1.087,-7.002116,-34.832714
271757,3,0.21,0.00,9.960,-1.020,-1.097,-7.002116,-34.832714
271808,3,0.16,-1.86,9.922,-1.015,-1.125,-7.002116,-34.832714
271860,3,0.15,0.00,9.926,-1.015,-1.125,-7.002116,-34.832714
271912,3,0.15,0.00,9.917,-1.006,-1.111,-7.002116,-34.832714
271964,3,0.16,0.50,9.922,-1.020,-1.106,-7.002116,-34.832714
272014,3,0.13,0.00,9.922,-1.020,-1.116,-7.002116,-34.832714
272064,3,0.14,0.00,9.931,-1.010,-1.149,-7.002112,-34.832710
272115,3,0.14,0.00,9.922,-1.001,-1.111,-7.002112,-34.832710
272165,3,0.13,0.00,9.931,-1.001,-1.073,-7.002112,-34.832710
272216,3,0.08,0.00,9.936,-1.025,-1.111,-7.002112,-34.832710
272266,3,0.08,0.00,9.941,-1.001,-1.097,-7.002112,-34.832710
272316,3,0.08,0.00,9.936,-1.001,-1.101,-7.002112,-34.832710
272367,3,0.07,-0.54,9.912,-1.006,-1.106,-7.002112,-34.832710
272417,3,0.07,0.00,9.926,-1.015,-1.092,-7.002112,-34.832710
272467,3,0.05,0.00,9.936,-0.996,-1.082,-7.002112,-34.832710
272519,3,0.00,0.00,9.936,-1.020,-1.097,-7.002112,-34.832710
272570,3,-0.01,0.00,9.931,-1.001,-1.101,-7.002112,-34.832710
272622,3,-0.03,0.00,9.922,-1.020,-1.140,-7.002112,-34.832710
272674,3,-0.02,0.34,9.926,-1.020,-1.116,-7.002112,-34.832710
272724,3,-0.02,0.00,9.931,-1.001,-1.111,-7.002112,-34.832710
272775,3,-0.03,0.00,9.936,-1.001,-1.125,-7.002112,-34.832710
272827,3,-0.03,0.00,9.912,-1.006,-1.087,-7.002112,-34.832710
272879,3,-0.03,0.00,9.917,-1.010,-1.116,-7.002112,-34.832710
272930,3,-0.03,0.00,9.931,-1.015,-1.073,-7.002112,-34.832710
272980,3,-0.02,0.52,9.926,-0.986,-1.097,-7.002112,-34.832710
273031,3,-0.03,0.00,9.922,-0.996,-1.125,-7.002108,-34.832714
273081,3,-0.04,0.00,9.907,-1.001,-1.092,-7.002108,-34.832714
273131,3,-0.09,-2.01,9.931,-1.010,-1.092,-7.002108,-34.832714
273190,3,-0.08,0.20,9.926,-1.006,-1.120,-7.002108,-34.832714
273240,3,-0.08,0.00,9.936,-1.020,-1.082,-7.002108,-34.832714
273291,3,-0.09,0.00,9.917,-0.996,-1.116,-7.002108,-34.832714
273341,3,-0.07,0.93,9.931,-1.006,-1.116,-7.002108,-34.832714
273391,3,-0.07,0.00,9.936,-1.015,-1.120,-7.002108,-34.832714
273442,3,-0.09,0.00,9.936,-1.001,-1.111,-7.002108,-34.832714
273494,3,-0.10,0.00,9.931,-1.001,-1.116,-7.002108,-34.832714
273544,3,-0.09,0.48,9.941,-1.001,-1.097,-7.002108,-34.832714
273596,3,-0.12,-1.30,9.946,-1.001,-1.120,-7.002108,-34.832714
273647,3,-0.12,0.00,9.922,-1.010,-1.101,-7.002108,-34.832714
273699,3,-0.13,0.00,9.936,-1.020,-1.120,-7.002108,-34.832714
273750,3,-0.13,0.00,9.922,-1.015,-1.120,-7.002108,-34.832714
273802,3,-0.15,-0.52,9.922,-1.020,-1.106,-7.002108,-34.832714
273854,3,-0.16,-0.48,9.931,-1.015,-1.125,-7.002108,-34.832714
273905,3,-0.18,0.00,9.936,-1.006,-1.111,-7.002108,-34.832714
273957,3,-0.18,0.00,9.912,-1.015,-1.116,-7.002108,-34.832714
274007,3,-0.18,0.00,9.936,-1.006,-1.116,-7.002108,-34.832714
274058,3,-0.18,0.00,9.941,-1.010,-1.106,-7.002108,-34.832714
274108,3,-0.18,0.00,9.931,-1.020,-1.135,-7.002108,-34.832714
274159,3,-0.19,0.00,9.917,-0.996,-1.116,-7.002108,-34.832714
274209,3,-0.19,0.00,9.926,-1.010,-1.087,-7.002108,-34.832714
274260,3,-0.19,0.00,9.926,-0.996,-1.097,-7.002108,-34.832714
274310,3,-0.20,0.00,9.936,-1.010,-1.111,-7.002108,-34.832714
274360,3,-0.20,0.00,9.936,-1.020,-1.111,-7.002108,-34.832714
274411,3,-0.20,0.00,9.931,-1.001,-1.111,-7.002108,-34.832714
274461,3,-0.20,0.00,9.922,-1.015,-1.144,-7.002108,-34.832714
274512,3,-0.19,0.52,9.907,-1.020,-1.092,-7.002108,-34.832714
274564,3,-0.15,1.34,9.941,-0.996,-1.101,-7.002108,-34.832714
274616,3,-0.19,0.00,9.922,-0.996,-1.111,-7.002108,-34.832714
274667,3,-0.15,0.00,9.917,-1.006,-1.101,-7.002108,-34.832714
274719,3,-0.15,0.00,9.931,-1.001,-1.092,-7.002108,-34.832714
274769,3,-0.15,0.00,9.917,-0.991,-1.135,-7.002108,-34.832714
274818,3,-0.14,0.00,9.931,-1.006,-1.111,-7.002108,-34.832714
274870,3,-0.14,0.00,9.926,-1.010,-1.120,-7.002108,-34.832714
274921,3,-0.14,0.00,9.941,-1.001,-1.097,-7.002108,-34.832714
274974,3,-0.13,0.56,9.931,-1.015,-1.111,-7.002108,-34.832714
275024,3,-0.13,0.00,9.936,-1.010,-1.101,-7.002106,-34.832718
275074,3,-0.11,0.00,9.926,-1.020,-1.106,-7.002106,-34.832718
275125,3,-0.13,0.00,9.926,-1.006,-1.101,-7.002106,-34.832718
275175,3,-0.13,0.00,9.926,-1.015,-1.087,-7.002106,-34.832718
275232,3,-0.11,0.19,9.931,-0.986,-1.106,-7.002106,-34.832718
275282,3,-0.11,0.00,9.931,-1.015,-1.106,-7.002106,-34.832718
275333,3,-0.08,0.00,9.926,-1.025,-1.120,-7.002106,-34.832718
275383,3,-0.08,0.00,9.931,-1.010,-1.082,-7.002106,-34.832718
275434,3,-0.11,0.00,9.922,-1.006,-1.116,-7.002106,-34.832718
275486,3,-0.11,0.52,9.936,-1.006,-1.116,-7.002106,-34.832718
275536,3,-0.11,0.00,9.931,-1.015,-1.111,-7.002106,-34.832718
275588,3,-0.11,0.00,9.941,-1.015,-1.120,-7.002106,-34.832718
275639,3,-0.13,-0.52,9.926,-1.006,-1.116,-7.002106,-34.832718
275691,3,-0.13,0.00,9.926,-1.020,-1.130,-7.002106,-34.832718
275742,3,-0.13,0.00,9.926,-1.001,-1.120,-7.002106,-34.832718
275794,3,-0.11,0.00,9.936,-1.001,-1.116,-7.002106,-34.832718
275846,3,-0.13,0.00,9.926,-1.015,-1.130,-7.002106,-34.832718
275897,3,-0.11,0.00,9.912,-1.010,-1.106,-7.002106,-34.832718
275949,3,-0.13,0.00,9.926,-1.006,-1.097,-7.002106,-34.832718
275999,3,-0.13,0.00,9.941,-1.010,-1.087,-7.002106,-34.832718
276050,3,-0.13,0.00,9.917,-0.996,-1.111,-7.002106,-34.832718
276100,3,-0.14,-0.54,9.912,-1.006,-1.111,-7.002106,-34.832718
276150,3,-0.14,0.00,9.922,-1.001,-1.097,-7.002106,-34.832718
276201,3,-0.14,0.00,9.936,-1.010,-1.101,-7.002106,-34.832718
276251,3,-0.13,0.56,9.936,-1.010,-1.111,-7.002106,-34.832718
276302,3,-0.13,0.00,9.936,-1.001,-1.082,-7.002106,-34.832718
276352,3,-0.13,0.00,9.955,-0.991,-1.106,-7.002106,-34.832718
276403,3,-0.13,0.00,9.922,-1.010,-1.101,-7.002106,-34.832718
276453,3,-0.13,0.00,9.922,-1.006,-1.082,-7.002106,-34.832718
276504,3,-0.13,0.00,9.912,-0.996,-1.130,-7.002106,-34.832718
276556,3,-0.14,0.00,9.922,-1.001,-1.106,-7.002106,-34.832718
276608,3,-0.12,0.78,9.926,-1.001,-1.116,-7.002106,-34.832718
276659,3,-0.13,0.00,9.922,-1.010,-1.082,-7.002106,-34.832718
276711,3,-0.15,-0.48,9.926,-1.020,-1.087,-7.002106,-34.832718
276762,3,-0.13,0.00,9.917,-1.010,-1.125,-7.002106,-34.832718
276814,3,-0.13,0.00,9.955,-1.001,-1.111,-7.002106,-34.832718
276866,3,-0.13,0.00,9.926,-1.030,-1.111,-7.002106,-34.832718
276916,3,-0.12,0.56,9.946,-1.001,-1.073,-7.002106,-34.832718
276965,3,-0.13,0.00,9.926,-1.006,-1.106,-7.002106,-34.832718
277016,3,-0.12,0.00,9.946,-1.001,-1.106,-7.002106,-34.832718
277066,3,-0.12,0.00,9.936,-1.025,-1.087,-7.002106,-34.832722
277117,3,-0.12,0.00,9.931,-1.015,-1.063,-7.002106,-34.832722
277167,3,-0.11,0.46,9.941,-1.015,-1.125,-7.002106,-34.832722
277217,3,-0.09,0.56,9.936,-1.006,-1.116,-7.002106,-34.832722
277273,3,-0.09,0.00,9.922,-1.015,-1.101,-7.002106,-34.832722
277323,3,-0.11,0.00,9.931,-1.020,-1.106,-7.002106,-34.832722
277373,3,-0.11,0.00,9.917,-1.006,-1.125,-7.002106,-34.832722
277424,3,-0.11,0.00,9.946,-0.996,-1.106,-7.002106,-34.832722
277476,3,-0.10,0.00,9.931,-0.986,-1.120,-7.002106,-34.832722
277528,3,-0.08,0.74,9.941,-1.001,-1.106,-7.002106,-34.832722
277578,3,-0.11,-1.23,9.917,-1.006,-1.106,-7.002106,-34.832722
277629,3,-0.11,0.00,9.931,-0.991,-1.106,-7.002106,-34.832722
277681,3,-0.13,0.00,9.936,-1.001,-1.087,-7.002106,-34.832722
277733,3,-0.13,-0.52,9.912,-1.010,-1.092,-7.002106,-34.832722
277784,3,-0.13,0.00,9.912,-1.001,-1.092,-7.002106,-34.832722
277836,3,-0.13,0.00,9.950,-1.010,-1.092,-7.002106,-34.832722
277887,3,-0.13,0.00,9.936,-1.015,-1.111,-7.002106,-34.832722
277939,3,-0.14,0.00,9.931,-1.015,-1.097,-7.002106,-34.832722
277989,3,-0.15,-0.52,9.926,-0.996,-1.111,-7.002106,-34.832722
278040,3,-0.15,0.00,9.946,-1.015,-1.111,-7.002105,-34.832722
278090,3,-0.14,0.52,9.917,-1.010,-1.097,-7.002105,-34.832722
278140,3,-0.14,0.00,9.917,-1.015,-1.106,-7.002105,-34.832722
278191,3,-0.13,0.00,9.941,-1.020,-1.120,-7.002105,-34.832722
278241,3,-0.11,0.56,9.926,-1.015,-1.106,-7.002105,-34.832722
278292,3,-0.10,0.52,9.931,-1.006,-1.101,-7.002105,-34.832722
278342,3,-0.10,0.00,9.936,-1.015,-1.125,-7.002105,-34.832722
278393,3,-0.09,0.50,9.936,-1.006,-1.116,-7.002105,-34.832722
278443,3,-0.09,0.00,9.922,-1.001,-1.111,-7.002105,-34.832722
278495,3,-0.09,0.00,9.912,-1.006,-1.111,-7.002105,-34.832722
278546,3,-0.09,-0.56,9.917,-0.996,-1.111,-7.002105,-34.832722
278598,3,-0.09,0.00,9.955,-0.996,-1.116,-7.002105,-34.832722
278649,3,-0.09,0.00,9.922,-1.001,-1.106,-7.002105,-34.832722
278701,3,-0.09,0.00,9.931,-0.996,-1.092,-7.002105,-34.832722
278753,3,-0.09,0.00,9.941,-1.015,-1.106,-7.002105,-34.832722
278803,3,-0.09,0.00,9.922,-1.010,-1.116,-7.002105,-34.832722
278854,3,-0.10,0.00,9.926,-0.996,-1.101,-7.002105,-34.832722
278906,3,-0.10,0.48,9.917,-1.020,-1.106,-7.002105,-34.832722
278958,3,-0.11,0.00,9.926,-1.001,-1.101,-7.002105,-34.832722
279008,3,-0.08,1.33,9.902,-0.986,-1.116,-7.002105,-34.832722
279059,3,-0.09,-0.56,9.941,-1.006,-1.106,-7.002105,-34.832726
279109,3,-0.09,0.00,9.946,-1.001,-1.101,-7.002105,-34.832726
279160,3,-0.12,-0.48,9.941,-1.001,-1.101,-7.002105,-34.832726
279210,3,-0.13,-0.58,9.922,-0.996,-1.106,-7.002105,-34.832726
279260,3,-0.13,0.00,9.965,-1.015,-1.116,-7.002105,-34.832726
279319,3,-0.15,-0.17,9.926,-1.020,-1.092,-7.002105,-34.832726
279370,3,-0.17,-0.56,9.926,-1.010,-1.097,-7.002105,-34.832726
279420,3,-0.19,-0.56,9.926,-1.020,-1.120,-7.002105,-34.832726
279470,3,-0.15,0.00,9.922,-0.996,-1.120,-7.002105,-34.832726
279520,3,-0.16,-0.52,9.931,-1.006,-1.111,-7.002105,-34.832726
279572,3,-0.15,0.00,9.946,-1.006,-1.106,-7.002105,-34.832726
279623,3,-0.15,0.00,9.960,-1.001,-1.111,-7.002105,-34.832726
279675,3,-0.15,0.00,9.922,-1.006,-1.144,-7.002105,-34.832726
279726,3,-0.16,-0.52,9.931,-1.006,-1.135,-7.002105,-34.832726
279778,3,-0.16,0.00,9.931,-1.001,-1.116,-7.002105,-34.832726
279830,3,-0.18,-0.52,9.941,-1.001,-1.116,-7.002105,-34.832726
279881,3,-0.16,0.52,9.941,-1.010,-1.111,-7.002105,-34.832726
279933,3,-0.16,0.00,9.917,-0.996,-1.120,-7.002105,-34.832726
279983,3,-0.15,0.00,9.926,-1.034,-1.120,-7.002105,-34.832726
280033,3,-0.16,-0.56,9.907,-1.010,-1.116,-7.002106,-34.832722
280084,3,-0.15,0.00,9.936,-1.001,-1.082,-7.002106,-34.832722
280134,3,-0.15,0.00,9.912,-1.025,-1.092,-7.002106,-34.832722
280184,3,-0.15,0.00,9.922,-1.006,-1.092,-7.002106,-34.832722
280235,3,-0.15,0.00,9.917,-1.001,-1.120,-7.002106,-34.832722
280285,3,-0.16,0.00,9.931,-1.025,-1.092,-7.002106,-34.832722
280336,3,-0.15,0.56,9.936,-1.015,-1.106,-7.002106,-34.832722
280386,3,-0.15,0.00,9.931,-1.006,-1.116,-7.002106,-34.832722
280436,3,-0.16,0.00,9.941,-0.991,-1.111,-7.002106,-34.832722
280488,3,-0.16,0.00,9.936,-1.010,-1.116,-7.002106,-34.832722
280540,3,-0.16,0.00,9.926,-1.010,-1.106,-7.002106,-34.832722
280591,3,-0.15,0.52,9.950,-1.020,-1.101,-7.002106,-34.832722
280643,3,-0.15,0.00,9.926,-1.015,-1.111,-7.002106,-34.832722
280695,3,-0.15,0.00,9.922,-1.001,-1.092,-7.002106,-34.832722
280745,3,-0.15,0.00,9.926,-1.020,-1.097,-7.002106,-34.832722
280797,3,-0.15,0.00,9.931,-1.006,-1.111,-7.002106,-34.832722
280848,3,-0.16,0.00,9.907,-0.996,-1.140,-7.002106,-34.832722
280900,3,-0.19,0.00,9.931,-1.010,-1.111,-7.002106,-34.832722
280951,3,-0.18,0.00,9.922,-1.006,-1.106,-7.002106,-34.832722
281002,3,-0.18,0.00,9.941,-1.006,-1.097,-7.002106,-34.832722
281052,3,-0.18,0.00,9.926,-1.015,-1.116,-7.002106,-34.832722
281103,3,-0.18,0.00,9.931,-1.006,-1.101,-7.002106,-34.832722
281153,3,-0.15,0.56,9.955,-1.006,-1.106,-7.002106,-34.832722
281204,3,-0.15,0.00,9.917,-1.020,-1.120,-7.002106,-34.832722
281254,3,-0.14,0.00,9.922,-1.020,-1.125,-7.002106,-34.832722
281304,3,-0.14,-0.50,9.922,-1.010,-1.116,-7.002106,-34.832722
281370,3,-0.11,0.32,9.936,-1.006,-1.106,-7.002106,-34.832722
281420,3,-0.11,0.00,9.936,-1.015,-1.111,-7.002106,-34.832722
281472,3,-0.10,0.00,9.936,-1.001,-1.120,-7.002106,-34.832722
281524,3,-0.10,0.00,9.936,-1.001,-1.087,-7.002106,-34.832722
281576,3,-0.10,0.00,9.922,-1.006,-1.116,-7.002106,-34.832722
281626,3,-0.10,0.00,9.936,-1.006,-1.125,-7.002106,-34.832722
281677,3,-0.10,0.00,9.926,-0.991,-1.106,-7.002106,-34.832722
281729,3,-0.11,-0.52,9.955,-1.020,-1.097,-7.002106,-34.832722
281778,3,-0.12,-0.48,9.922,-1.010,-1.063,-7.002106,-34.832722
281830,3,-0.12,0.48,9.926,-1.015,-1.101,-7.002106,-34.832722
281881,3,-0.12,0.00,9.941,-1.010,-1.101,-7.002106,-34.832722
281933,3,-0.11,0.00,9.941,-0.991,-1.116,-7.002106,-34.832722
281983,3,-0.15,0.00,9.946,-0.986,-1.106,-7.002106,-34.832722
282033,3,-0.15,0.00,9.926,-1.010,-1.097,-7.002106,-34.832722
282084,3,-0.13,0.00,9.917,-1.020,-1.082,-7.002106,-34.832722
282134,3,-0.13,0.00,9.926,-1.015,-1.063,-7.002106,-34.832722
282185,3,-0.17,-1.33,9.922,-1.020,-1.111,-7.002106,-34.832722
282235,3,-0.15,0.56,9.912,-1.006,-1.101,-7.002106,-34.832722
282285,3,-0.17,-0.54,9.950,-1.006,-1.120,-7.002106,-34.832722
282336,3,-0.15,0.00,9.912,-1.010,-1.120,-7.002106,-34.832722
282386,3,-0.15,0.00,9.931,-0.996,-1.106,-7.002106,-34.832722
282437,3,-0.15,0.00,9.922,-1.010,-1.101,-7.002106,-34.832722
282488,3,-0.15,0.00,9.960,-1.020,-1.120,-7.002106,-34.832722
282540,3,-0.13,0.52,9.931,-1.010,-1.092,-7.002106,-34.832722
282592,3,-0.13,0.00,9.931,-1.001,-1.111,-7.002106,-34.832722
282643,3,-0.10,0.00,9.926,-1.006,-1.140,-7.002106,-34.832722
282695,3,-0.13,0.00,9.950,-0.996,-1.120,-7.002106,-34.832722
282746,3,-0.13,0.00,9.926,-1.015,-1.106,-7.002106,-34.832722
282797,3,-0.13,0.00,9.936,-1.010,-1.120,-7.002106,-34.832722
282848,3,-0.13,0.00,9.917,-0.991,-1.111,-7.002106,-34.832722
282900,3,-0.12,0.52,9.941,-1.010,-1.120,-7.002106,-34.832722
282952,3,-0.11,0.00,9.941,-1.001,-1.092,-7.002106,-34.832722
283002,3,-0.09,0.52,9.922,-1.001,-1.130,-7.002106,-34.832722
283052,3,-0.09,0.00,9.912,-1.020,-1.092,-7.002106,-34.832722
283103,3,-0.08,0.00,9.922,-0.996,-1.092,-7.002106,-34.832722
283153,3,-0.08,0.00,9.946,-1.001,-1.120,-7.002106,-34.832722
283204,3,-0.07,0.56,9.907,-1.001,-1.092,-7.002106,-34.832722
283254,3,-0.08,0.00,9.926,-0.982,-1.135,-7.002106,-34.832722
283305,3,-0.07,0.00,9.931,-1.006,-1.097,-7.002106,-34.832722
283355,3,-0.07,0.00,9.931,-1.010,-1.092,-7.002106,-34.832722
283414,3,-0.08,-0.19,9.926,-0.996,-1.116,-7.002106,-34.832722
283464,3,-0.08,0.00,9.926,-0.991,-1.101,-7.002106,-34.832722
283514,3,-0.07,0.52,9.922,-1.010,-1.111,-7.002106,-34.832722
283566,3,-0.07,0.00,9.922,-0.991,-1.130,-7.002106,-34.832722
283617,3,-0.08,0.00,9.912,-1.006,-1.125,-7.002106,-34.832722
283669,3,-0.07,0.00,9.936,-1.025,-1.130,-7.002106,-34.832722
283720,3,-0.08,0.00,9.907,-0.991,-1.120,-7.002106,-34.832722
283772,3,-0.09,-0.52,9.941,-1.020,-1.106,-7.002106,-34.832722
283821,3,-0.11,-0.48,9.922,-1.010,-1.092,-7.002106,-34.832722
283873,3,-0.14,-1.34,9.912,-1.006,-1.111,-7.002106,-34.832722
283924,3,-0.14,0.00,9.946,-1.020,-1.144,-7.002106,-34.832722
283977,3,-0.11,0.00,9.922,-1.015,-1.120,-7.002106,-34.832722
284027,3,-0.12,-0.52,9.926,-1.020,-1.097,-7.002105,-34.832726
284077,3,-0.13,0.00,9.946,-1.010,-1.101,-7.002105,-34.832726
284128,3,-0.12,0.00,9.931,-1.001,-1.130,-7.002105,-34.832726
284178,3,-0.12,0.00,9.917,-1.015,-1.116,-7.002105,-34.832726
284229,3,-0.12,0.00,9.941,-1.010,-1.097,-7.002105,-34.832726
284279,3,-0.12,0.00,9.941,-1.015,-1.097,-7.002105,-34.832726
284330,3,-0.17,-1.93,9.926,-1.006,-1.120,-7.002105,-34.832726
284380,3,-0.17,0.00,9.922,-1.010,-1.092,-7.002105,-34.832726
284430,3,-0.17,0.00,9.931,-0.982,-1.154,-7.002105,-34.832726
284482,3,-0.16,0.48,9.912,-0.996,-1.116,-7.002105,-34.832726
284534,3,-0.17,-0.48,9.931,-1.001,-1.106,-7.002105,-34.832726
284585,3,-0.16,0.48,9.955,-1.006,-1.111,-7.002105,-34.832726
284637,3,-0.16,0.00,9.946,-0.991,-1.130,-7.002105,-34.832726
284689,3,-0.17,-0.48,9.936,-0.991,-1.111,-7.002105,-34.832726
284739,3,-0.17,0.00,9.922,-1.010,-1.120,-7.002105,-34.832726
284791,3,-0.17,0.00,9.922,-1.015,-1.092,-7.002105,-34.832726
284842,3,-0.17,0.00,9.926,-1.010,-1.111,-7.002105,-34.832726
284894,3,-0.17,0.00,9.912,-1.006,-1.125,-7.002105,-34.832726
284945,3,-0.19,-0.52,9.926,-1.010,-1.125,-7.002105,-34.832726
284996,3,-0.20,-0.52,9.922,-0.996,-1.082,-7.002105,-34.832726
285046,3,-0.21,-0.56,9.931,-1.001,-1.106,-7.002104,-34.832726
285097,3,-0.21,0.00,9.950,-0.996,-1.097,-7.002104,-34.832726
285147,3,-0.23,0.56,9.917,-1.015,-1.101,-7.002104,-34.832726
285197,3,-0.23,0.00,9.931,-1.010,-1.125,-7.002104,-34.832726
285248,3,-0.22,0.00,9.907,-1.006,-1.144,-7.002104,-34.832726
285298,3,-0.22,0.00,9.917,-1.001,-1.111,-7.002104,-34.832726
285349,3,-0.21,0.56,9.926,-1.020,-1.077,-7.002104,-34.832726
285399,3,-0.21,0.00,9.926,-1.020,-1.106,-7.002104,-34.832726
285460,3,-0.21,0.00,9.917,-1.006,-1.116,-7.002104,-34.832726
285510,3,-0.23,-0.86,9.922,-1.015,-1.106,-7.002104,-34.832726
285562,3,-0.23,0.00,9.907,-1.006,-1.116,-7.002104,-34.832726
285613,3,-0.23,0.00,9.941,-1.001,-1.087,-7.002104,-34.832726
285665,3,-0.22,0.00,9.912,-1.010,-1.092,-7.002104,-34.832726
285716,3,-0.15,0.52,9.931,-1.006,-1.097,-7.002104,-34.832726
285768,3,-0.16,-0.34,9.941,-1.030,-1.125,-7.002104,-34.832726
285820,3,-0.14,0.00,9.902,-1.015,-1.111,-7.002104,-34.832726
285871,3,-0.16,0.00,9.912,-1.010,-1.087,-7.002104,-34.832726
285923,3,-0.16,0.00,9.922,-1.010,-1.130,-7.002104,-34.832726
285972,3,-0.15,0.00,9.946,-1.001,-1.097,-7.002104,-34.832726
286023,3,-0.11,1.49,9.922,-1.030,-1.116,-7.002104,-34.832726
286073,3,-0.11,0.00,9.946,-1.001,-1.130,-7.002104,-34.832726
286124,3,-0.09,0.52,9.946,-0.991,-1.111,-7.002104,-34.832726
286174,3,-0.09,0.00,9.950,-1.006,-1.106,-7.002104,-34.832726
286224,3,-0.09,0.00,9.917,-0.991,-1.120,-7.002104,-34.832726
286275,3,-0.07,0.56,9.950,-1.001,-1.106,-7.002104,-34.832726
286325,3,-0.06,0.56,9.922,-1.006,-1.116,-7.002104,-34.832726
286376,3,-0.06,0.00,9.941,-1.006,-1.092,-7.002104,-34.832726
286426,3,-0.04,0.00,9.931,-0.996,-1.106,-7.002104,-34.832726
286478,3,-0.04,0.00,9.922,-1.010,-1.116,-7.002104,-34.832726
286530,3,-0.04,0.00,9.931,-1.001,-1.101,-7.002104,-34.832726
286581,3,-0.04,0.00,9.950,-1.001,-1.125,-7.002104,-34.832726
286633,3,-0.04,0.00,9.912,-1.010,-1.106,-7.002104,-34.832726
286685,3,-0.07,-0.52,9.922,-1.006,-1.125,-7.002104,-34.832726
286735,3,-0.07,0.00,9.931,-1.010,-1.101,-7.002104,-34.832726
286787,3,-0.07,0.00,9.922,-1.006,-1.120,-7.002104,-34.832726
286838,3,-0.07,0.00,9.926,-1.010,-1.116,-7.002104,-34.832726
286890,3,-0.09,-0.52,9.941,-1.010,-1.077,-7.002104,-34.832726
286941,3,-0.09,0.00,9.941,-1.001,-1.111,-7.002104,-34.832726
286991,3,-0.07,0.00,9.926,-0.986,-1.111,-7.002104,-34.832726
287042,3,-0.06,0.00,9.931,-1.020,-1.120,-7.002103,-34.832726
287092,3,-0.07,-0.54,9.941,-1.015,-1.111,-7.002103,-34.832726
287143,3,-0.07,0.00,9.922,-1.015,-1.092,-7.002103,-34.832726
287193,3,-0.07,0.00,9.931,-0.996,-1.106,-7.002103,-34.832726
287244,3,-0.07,0.00,9.917,-1.020,-1.101,-7.002103,-34.832726
287294,3,-0.07,0.00,9.922,-1.001,-1.101,-7.002103,-34.832726
287344,3,-0.09,0.00,9.912,-1.006,-1.106,-7.002103,-34.832726
287395,3,-0.09,0.00,9.912,-1.015,-1.101,-7.002103,-34.832726
287445,3,-0.07,0.00,9.950,-0.996,-1.101,-7.002103,-34.832726
287502,3,-0.07,0.00,9.917,-1.006,-1.097,-7.002103,-34.832726
287553,3,-0.09,0.00,9.931,-1.010,-1.087,-7.002103,-34.832726
287604,3,-0.09,0.00,9.941,-0.996,-1.120,-7.002103,-34.832726
287655,3,-0.12,-1.30,9.917,-1.006,-1.101,-7.002103,-34.832726
287707,3,-0.09,0.00,9.946,-1.015,-1.111,-7.002103,-34.832726
287759,3,-0.10,-0.48,9.931,-1.006,-1.106,-7.002103,-34.832726
287810,3,-0.13,-1.34,9.936,-1.006,-1.135,-7.002103,-34.832726
287862,3,-0.15,-0.52,9.926,-1.006,-1.106,-7.002103,-34.832726
287913,3,-0.16,-0.48,9.926,-1.015,-1.082,-7.002103,-34.832726
287966,3,-0.18,0.00,9.941,-0.996,-1.101,-7.002103,-34.832726
288016,3,-0.20,-0.56,9.917,-1.010,-1.116,-7.002103,-34.832726
288066,3,-0.20,0.00,9.926,-0.991,-1.092,-7.002102,-34.832726
288117,3,-0.20,0.00,9.931,-1.006,-1.130,-7.002102,-34.832726
288167,3,-0.22,-0.50,9.936,-1.010,-1.130,-7.002102,-34.832726
288218,3,-0.22,0.00,9.941,-1.015,-1.130,-7.002102,-34.832726
288268,3,-0.22,0.00,9.946,-1.006,-1.092,-7.002102,-34.832726
288318,3,-0.23,-0.56,9.941,-1.001,-1.111,-7.002102,-34.832726
288369,3,-0.23,0.00,9.926,-0.996,-1.116,-7.002102,-34.832726
288419,3,-0.22,0.00,9.931,-0.996,-1.101,-7.002102,-34.832726
288471,3,-0.20,0.52,9.965,-0.986,-1.106,-7.002102,-34.832726
288523,3,-0.20,0.00,9.926,-1.006,-1.125,-7.002102,-34.832726
288575,3,-0.23,-0.52,9.946,-1.006,-1.111,-7.002102,-34.832726
288626,3,-0.23,0.00,9.926,-0.991,-1.097,-7.002102,-34.832726
288678,3,-0.24,0.00,9.936,-1.001,-1.120,-7.002102,-34.832726
288729,3,-0.24,0.52,9.941,-1.001,-1.111,-7.002102,-34.832726
288781,3,-0.24,0.00,9.931,-0.996,-1.092,-7.002102,-34.832726
288833,3,-0.19,0.00,9.936,-1.020,-1.092,-7.002102,-34.832726
288883,3,-0.19,0.00,9.922,-1.001,-1.101,-7.002102,-34.832726
288935,3,-0.17,0.48,9.936,-1.006,-1.116,-7.002102,-34.832726
288985,3,-0.13,0.00,9.931,-1.006,-1.106,-7.002102,-34.832726
289035,3,-0.13,0.00,9.965,-1.015,-1.101,-7.002101,-34.832729
289085,3,-0.13,0.00,9.931,-1.006,-1.111,-7.002101,-34.832729
289136,3,-0.14,0.00,9.926,-1.015,-1.116,-7.002101,-34.832729
289186,3,-0.19,-1.09,9.931,-1.006,-1.120,-7.002101,-34.832729
289237,3,-0.19,0.00,9.931,-1.010,-1.073,-7.002101,-34.832729
289287,3,-0.16,0.00,9.936,-1.010,-1.106,-7.002101,-34.832729
289338,3,-0.16,0.00,9.926,-1.010,-1.101,-7.002101,-34.832729
289388,3,-0.16,0.00,9.922,-0.991,-1.111,-7.002101,-34.832729
289438,3,-0.18,0.00,9.931,-0.996,-1.125,-7.002101,-34.832729
289490,3,-0.20,-0.56,9.960,-1.006,-1.116,-7.002101,-34.832729
289547,3,-0.22,-0.16,9.926,-1.006,-1.068,-7.002101,-34.832729
289598,3,-0.23,-0.56,9.922,-1.020,-1.087,-7.002101,-34.832729
289649,3,-0.23,0.00,9.917,-1.020,-1.101,-7.002101,-34.832729
289700,3,-0.24,-0.48,9.936,-1.010,-1.097,-7.002101,-34.832729
289752,3,-0.26,-0.52,9.917,-1.010,-1.097,-7.002101,-34.832729
289803,3,-0.27,-0.56,9.926,-0.991,-1.120,-7.002101,-34.832729
289855,3,-0.28,0.00,9.941,-1.015,-1.097,-7.002101,-34.832729
289907,3,-0.33,-1.04,9.931,-1.010,-1.120,-7.002101,-34.832729
289959,3,-0.33,0.00,9.936,-1.015,-1.087,-7.002101,-34.832729
290009,3,-0.32,-0.56,9.922,-1.010,-1.077,-7.002101,-34.832729
290059,3,-0.32,0.00,9.936,-1.010,-1.120,-7.002100,-34.832729
290110,3,-0.32,0.00,9.931,-1.006,-1.106,-7.002100,-34.832729
290160,3,-0.33,0.00,9.926,-1.020,-1.082,-7.002100,-34.832729
290211,3,-0.32,0.56,9.946,-1.015,-1.073,-7.002100,-34.832729
290261,3,-0.29,0.00,9.922,-1.001,-1.101,-7.002100,-34.832729
290311,3,-0.29,0.00,9.931,-1.025,-1.101,-7.002100,-34.832729
290362,3,-0.28,0.56,9.922,-1.006,-1.135,-7.002100,-34.832729
290412,3,-0.26,0.00,9.950,-1.010,-1.087,-7.002100,-34.832729
290462,3,-0.28,0.00,9.926,-0.991,-1.101,-7.002100,-34.832729
290514,3,-0.28,0.00,9.931,-1.006,-1.116,-7.002100,-34.832729
290565,3,-0.29,0.00,9.922,-1.001,-1.092,-7.002100,-34.832729
290617,3,-0.30,-0.48,9.936,-1.006,-1.130,-7.002100,-34.832729
290668,3,-0.32,0.00,9.926,-1.006,-1.101,-7.002100,-34.832729
290720,3,-0.32,0.00,9.926,-1.020,-1.106,-7.002100,-34.832729
290772,3,-0.32,0.00,9.946,-0.996,-1.111,-7.002100,-34.832729
290823,3,-0.32,0.00,9.926,-1.010,-1.106,-7.002100,-34.832729
290875,3,-0.28,0.48,9.902,-1.010,-1.087,-7.002100,-34.832729
290927,3,-0.28,0.00,9.936,-1.015,-1.116,-7.002100,-34.832729
290979,3,-0.28,0.00,9.931,-1.006,-1.106,-7.002100,-34.832729
291029,3,-0.28,0.00,9.912,-1.010,-1.106,-7.002099,-34.832729
291080,3,-0.28,0.00,9.917,-1.001,-1.125,-7.002099,-34.832729
291130,3,-0.30,0.00,9.917,-1.006,-1.116,-7.002099,-34.832729
291181,3,-0.28,0.50,9.941,-1.020,-1.125,-7.002099,-34.832729
291231,3,-0.28,0.00,9.931,-1.010,-1.092,-7.002099,-34.832729
291281,3,-0.27,0.56,9.926,-1.001,-1.097,-7.002099,-34.832729
291332,3,-0.27,0.00,9.922,-1.006,-1.111,-7.002099,-34.832729
291382,3,-0.28,0.00,9.936,-1.006,-1.106,-7.002099,-34.832729
291432,3,-0.28,0.00,9.931,-1.001,-1.106,-7.002099,-34.832729
291483,3,-0.28,0.00,9.926,-1.010,-1.097,-7.002099,-34.832729
291535,3,-0.27,0.56,9.917,-1.015,-1.125,-7.002099,-34.832729
291590,3,-0.28,-0.18,9.922,-1.015,-1.111,-7.002099,-34.832729
291642,3,-0.25,0.00,9.922,-1.020,-1.120,-7.002099,-34.832729
291694,3,-0.25,0.00,9.926,-0.982,-1.111,-7.002099,-34.832729
291744,3,-0.25,0.00,9.912,-1.025,-1.120,-7.002099,-34.832729
291795,3,-0.23,0.00,9.917,-1.015,-1.111,-7.002099,-34.832729
291847,3,-0.23,0.00,9.931,-1.001,-1.106,-7.002099,-34.832729
291899,3,-0.22,0.52,9.926,-1.010,-1.140,-7.002099,-34.832729
291950,3,-0.22,0.00,9.922,-1.015,-1.097,-7.002099,-34.832729
292001,3,-0.18,0.00,9.946,-1.010,-1.120,-7.002099,-34.832729
292051,3,-0.18,0.00,9.946,-1.010,-1.125,-7.002099,-34.832729
292102,3,-0.18,0.00,9.917,-0.991,-1.092,-7.002099,-34.832729
292152,3,-0.22,0.00,9.936,-1.010,-1.097,-7.002099,-34.832729
292202,3,-0.22,0.54,9.941,-1.001,-1.092,-7.002099,-34.832729
292253,3,-0.22,0.00,9.950,-1.001,-1.111,-7.002099,-34.832729
292303,3,-0.17,0.00,9.941,-1.015,-1.097,-7.002099,-34.832729
292354,3,-0.21,0.00,9.931,-1.006,-1.116,-7.002099,-34.832729
292404,3,-0.17,1.45,9.941,-1.010,-1.101,-7.002099,-34.832729
292454,3,-0.17,0.00,9.922,-1.015,-1.130,-7.002099,-34.832729
292506,3,-0.17,0.00,9.912,-1.010,-1.116,-7.002099,-34.832729
292557,3,-0.16,0.00,9.941,-1.010,-1.101,-7.002099,-34.832729
292609,3,-0.16,0.00,9.912,-0.982,-1.082,-7.002099,-34.832729
292660,3,-0.14,0.48,9.931,-1.001,-1.130,-7.002099,-34.832729
292712,3,-0.18,0.00,9.931,-0.982,-1.082,-7.002099,-34.832729
292764,3,-0.18,0.00,9.907,-1.015,-1.135,-7.002099,-34.832729
292815,3,-0.19,0.00,9.926,-1.006,-1.125,-7.002099,-34.832729
292867,3,-0.21,-0.52,9.941,-1.010,-1.097,-7.002099,-34.832729
292919,3,-0.21,0.00,9.936,-0.996,-1.116,-7.002099,-34.832729
292971,3,-0.18,0.52,9.926,-0.996,-1.140,-7.002099,-34.832729
293021,3,-0.18,0.00,9.969,-1.001,-1.120,-7.002098,-34.832729
293072,3,-0.18,0.00,9.941,-0.996,-1.111,-7.002098,-34.832729
293122,3,-0.18,0.00,9.936,-1.001,-1.111,-7.002098,-34.832729
293172,3,-0.18,0.00,9.931,-1.006,-1.144,-7.002098,-34.832729
293223,3,-0.18,0.00,9.902,-1.025,-1.082,-7.002098,-34.832729
293273,3,-0.13,1.49,9.926,-1.001,-1.101,-7.002098,-34.832729
293324,3,-0.13,0.00,9.931,-1.010,-1.101,-7.002098,-34.832729
293374,3,-0.13,0.00,9.926,-1.010,-1.087,-7.002098,-34.832729
293424,3,-0.13,0.00,9.931,-1.006,-1.149,-7.002098,-34.832729
293476,3,-0.13,0.00,9.907,-0.991,-1.097,-7.002098,-34.832729
293527,3,-0.10,0.97,9.917,-1.001,-1.111,-7.002098,-34.832729
293578,3,-0.10,0.00,9.912,-0.991,-1.116,-7.002098,-34.832729
293652,3,-0.09,0.14,9.941,-1.015,-1.125,-7.002098,-34.832729
293703,3,-0.09,0.00,9.917,-1.006,-1.120,-7.002098,-34.832729
293754,3,-0.09,0.00,9.941,-0.996,-1.116,-7.002098,-34.832729
293805,3,-0.09,0.00,9.941,-1.020,-1.092,-7.002098,-34.832729
293857,3,-0.09,0.00,9.936,-1.034,-1.101,-7.002098,-34.832729
293909,3,-0.10,-0.48,9.917,-1.025,-1.106,-7.002098,-34.832729
293961,3,-0.10,0.00,9.922,-1.001,-1.106,-7.002098,-34.832729
294011,3,-0.10,0.00,9.955,-1.020,-1.120,-7.002098,-34.832729
294061,3,-0.12,-0.54,9.941,-1.001,-1.082,-7.002098,-34.832729
294112,3,-0.12,0.00,9.931,-1.020,-1.073,-7.002098,-34.832729
294162,3,-0.10,0.56,9.883,-0.982,-1.082,-7.002098,-34.832729
294213,3,-0.09,0.52,9.907,-1.001,-1.130,-7.002098,-34.832729
294263,3,-0.09,0.00,9.936,-0.982,-1.116,-7.002098,-34.832729
294313,3,-0.07,0.00,9.926,-1.015,-1.097,-7.002098,-34.832729
294364,3,-0.07,0.00,9.912,-1.006,-1.097,-7.002098,-34.832729
294414,3,-0.06,0.00,9.946,-1.010,-1.130,-7.002098,-34.832729
294467,3,-0.05,0.56,9.946,-1.006,-1.120,-7.002098,-34.832729
294518,3,-0.05,0.00,9.907,-1.001,-1.101,-7.002098,-34.832729
294570,3,-0.05,0.00,9.922,-1.010,-1.073,-7.002098,-34.832729
294621,3,-0.05,0.00,9.926,-1.001,-1.116,-7.002098,-34.832729
294673,3,-0.05,0.00,9.917,-1.025,-1.101,-7.002098,-34.832729
294725,3,-0.03,0.00,9.922,-0.991,-1.120,-7.002098,-34.832729
294776,3,-0.03,0.00,9.926,-0.996,-1.106,-7.002098,-34.832729
294828,3,-0.03,0.00,9.922,-0.996,-1.106,-7.002098,-34.832729
294879,3,-0.02,0.52,9.907,-0.996,-1.111,-7.002098,-34.832729
294931,3,-0.02,0.00,9.950,-0.996,-1.135,-7.002098,-34.832729
294981,3,-0.06,0.00,9.931,-0.982,-1.111,-7.002098,-34.832729
295031,3,-0.06,0.00,9.926,-1.001,-1.106,-7.002098,-34.832729
295082,3,-0.06,0.56,9.960,-1.006,-1.111,-7.002098,-34.832729
295132,3,-0.06,0.00,9.941,-1.015,-1.097,-7.002098,-34.832729
295183,3,-0.06,0.00,9.931,-0.991,-1.140,-7.002098,-34.832729
295233,3,-0.08,-0.93,9.936,-1.030,-1.120,-7.002098,-34.832729
295283,3,-0.08,0.00,9.922,-1.006,-1.077,-7.002098,-34.832729
295334,3,-0.09,0.00,9.936,-1.020,-1.120,-7.002098,-34.832729
295384,3,-0.08,0.56,9.912,-1.006,-1.135,-7.002098,-34.832729
295435,3,-0.08,0.00,9.917,-1.006,-1.087,-7.002098,-34.832729
295485,3,-0.08,0.00,9.936,-1.006,-1.120,-7.002098,-34.832729
295537,3,-0.06,0.56,9.926,-1.010,-1.130,-7.002098,-34.832729
295588,3,-0.06,0.00,9.922,-1.015,-1.116,-7.002098,-34.832729
295640,3,-0.06,0.00,9.926,-1.010,-1.092,-7.002098,-34.832729
295699,3,-0.10,-0.44,9.917,-0.996,-1.125,-7.002098,-34.832729
295751,3,-0.10,0.00,9.922,-1.001,-1.116,-7.002098,-34.832729
295802,3,-0.11,0.00,9.931,-1.006,-1.154,-7.002098,-34.832729
295853,3,-0.11,0.00,9.926,-1.015,-1.106,-7.002098,-34.832729
295904,3,-0.06,2.09,9.922,-1.015,-1.097,-7.002098,-34.832729
295956,3,0.02,2.66,9.946,-1.006,-1.106,-7.002098,-34.832729
296007,3,0.13,1.45,9.941,-1.015,-1.130,-7.002098,-34.832729
296057,3,0.20,2.69,9.941,-0.996,-1.120,-7.002097,-34.832729
296107,3,0.22,0.38,9.931,-1.001,-1.120,-7.002097,-34.832729
296157,3,0.14,-3.12,9.931,-1.010,-1.111,-7.002097,-34.832729
296208,3,2.84,0.00,9.955,-0.991,-1.111,-7.002097,-34.832729
296258,3,7.74,95.50,9.936,-0.991,-1.116,-7.002097,-34.832729
296308,3,9.94,87.95,9.936,-1.001,-1.101,-7.002097,-34.832729
296359,3,12.02,80.25,9.917,-0.991,-1.111,-7.002097,-34.832729
296409,3,13.98,0.00,9.907,-1.015,-1.101,-7.002097,-34.832729
296461,3,17.51,68.29,9.950,-0.996,-1.106,-7.002097,-34.832729
296513,3,16.44,-41.35,9.907,-1.015,-1.130,-7.002097,-34.832729
296565,3,14.45,-35.90,9.907,-1.010,-1.125,-7.002097,-34.832729
296616,3,13.55,-33.23,9.931,-1.006,-1.092,-7.002097,-34.832729
296668,3,12.66,0.00,9.912,-1.010,-1.111,-7.002097,-34.832729
296719,3,11.13,-27.09,9.917,-1.006,-1.101,-7.002097,-34.832729
296770,3,10.44,-25.65,9.922,-0.991,-1.144,-7.002097,-34.832729
296821,3,9.76,-25.00,9.926,-1.015,-1.125,-7.002097,-34.832729
296873,3,9.17,0.00,9.922,-1.006,-1.140,-7.002097,-34.832729
296925,3,8.04,-19.59,9.922,-0.982,-1.130,-7.002097,-34.832729
296974,3,7.55,0.00,9.922,-1.010,-1.097,-7.002097,-34.832729
297025,3,7.07,0.54,9.941,-1.010,-1.111,-7.002108,-34.832726
297075,3,6.18,-16.68,9.926,-1.006,-1.106,-7.002108,-34.832726
297126,3,5.80,0.00,9.931,-1.006,-1.116,-7.002108,-34.832726
297176,3,5.10,-13.91,9.917,-1.010,-1.135,-7.002108,-34.832726
297226,3,4.79,-11.98,9.936,-0.986,-1.111,-7.002108,-34.832726
297277,3,4.47,0.00,9.907,-1.020,-1.116,-7.002108,-34.832726
297327,3,3.96,-10.08,9.931,-1.015,-1.120,-7.002108,-34.832726
297378,3,3.72,-9.54,9.946,-1.006,-1.120,-7.002108,-34.832726
297428,3,3.47,0.00,9.950,-0.996,-1.092,-7.002108,-34.832726
297480,3,3.05,-8.59,9.950,-1.025,-1.116,-7.002108,-34.832726
297532,3,2.88,-6.15,9.936,-1.010,-1.120,-7.002108,-34.832726
297583,3,2.71,0.00,9.926,-1.010,-1.097,-7.002108,-34.832726
297635,3,2.38,-6.24,9.926,-1.001,-1.106,-7.002108,-34.832726
297687,3,2.25,-4.79,9.922,-1.015,-1.116,-7.002108,-34.832726
297743,3,1.99,-3.77,9.902,-1.015,-1.120,-7.002108,-34.832726
297795,3,1.84,0.00,9.926,-1.001,-1.097,-7.002108,-34.832726
297847,3,1.65,-3.45,9.917,-1.015,-1.106,-7.002108,-34.832726
297897,3,1.65,0.00,9.917,-1.025,-1.087,-7.002108,-34.832726
297949,3,1.49,-2.68,9.941,-1.001,-1.106,-7.002108,-34.832726
297999,3,1.39,0.00,9.955,-1.034,-1.101,-7.002108,-34.832726
298049,3,1.22,-3.92,9.955,-1.010,-1.077,-7.002113,-34.832722
298100,3,1.14,-3.38,9.950,-1.015,-1.116,-7.002113,-34.832722
298150,3,1.07,0.00,9.931,-1.015,-1.073,-7.002113,-34.832722
298201,3,0.98,-2.26,9.917,-1.010,-1.097,-7.002113,-34.832722
298251,3,0.91,-2.92,9.893,-0.991,-1.116,-7.002113,-34.832722
298302,3,0.86,0.00,9.907,-0.996,-1.101,-7.002113,-34.832722
298352,3,0.78,-1.45,9.917,-1.006,-1.116,-7.002113,-34.832722
298402,3,0.72,-2.33,9.936,-1.010,-1.111,-7.002113,-34.832722
298452,3,0.69,0.00,9.969,-1.020,-1.116,-7.002113,-34.832722
298504,3,0.63,-1.32,9.960,-1.020,-1.101,-7.002113,-34.832722
298556,3,0.61,-0.86,9.931,-1.015,-1.116,-7.002113,-34.832722
298607,3,0.57,0.00,9.950,-1.020,-1.135,-7.002113,-34.832722
298659,3,0.56,-0.86,9.917,-0.996,-1.116,-7.002113,-34.832722
298710,3,0.54,0.00,9.917,-1.001,-1.116,-7.002113,-34.832722
298762,3,0.47,-1.34,9.931,-0.996,-1.125,-7.002113,-34.832722
298814,3,0.47,0.00,9.922,-0.996,-1.116,-7.002113,-34.832722
298865,3,0.46,-0.89,9.922,-1.001,-1.101,-7.002113,-34.832722
298917,3,0.46,0.00,9.936,-0.996,-1.149,-7.002113,-34.832722
298966,3,0.42,0.00,9.917,-1.010,-1.116,-7.002113,-34.832722
299017,3,0.42,0.00,9.931,-1.015,-1.140,-7.002113,-34.832722
299067,3,0.39,-1.41,9.946,-1.001,-1.111,-7.002113,-34.832722
299118,3,0.39,0.00,9.931,-1.001,-1.101,-7.002113,-34.832722
299168,3,0.35,0.00,9.902,-0.996,-1.082,-7.002113,-34.832722
299218,3,0.35,0.00,9.907,-1.015,-1.097,-7.002113,-34.832722
299269,3,0.33,0.00,9.922,-0.986,-1.111,-7.002113,-34.832722
299319,3,0.33,0.00,9.931,-1.001,-1.097,-7.002113,-34.832722
299370,3,0.33,0.00,9.926,-1.006,-1.106,-7.002113,-34.832722
299420,3,0.29,0.00,9.946,-1.006,-1.116,-7.002113,-34.832722
299469,3,0.31,0.00,9.936,-1.001,-1.120,-7.002113,-34.832722
299520,3,0.31,0.00,9.917,-1.006,-1.120,-7.002113,-34.832722
299571,3,0.26,-1.84,9.936,-1.020,-1.130,-7.002113,-34.832722
299623,3,0.26,0.00,9.941,-1.010,-1.106,-7.002113,-34.832722
299675,3,0.26,0.00,9.931,-1.010,-1.106,-7.002113,-34.832722
299726,3,0.24,-0.50,9.946,-1.015,-1.120,-7.002113,-34.832722
299783,3,0.19,-0.70,9.931,-0.996,-1.120,-7.002113,-34.832722
299834,3,0.19,0.00,9.931,-1.010,-1.130,-7.002113,-34.832722
299885,3,0.17,-0.99,9.922,-1.006,-1.120,-7.002113,-34.832722
299936,3,0.14,-0.48,9.912,-1.020,-1.106,-7.002113,-34.832722
299986,3,0.14,0.00,9.917,-1.006,-1.116,-7.002113,-34.832722
300037,3,0.14,0.00,9.907,-1.025,-1.087,-7.002114,-34.832726
300087,3,0.17,0.56,9.917,-1.001,-1.149,-7.002114,-34.832726
300138,3,0.18,0.54,9.931,-1.001,-1.092,-7.002114,-34.832726
300188,3,0.17,0.00,9.922,-1.010,-1.092,-7.002114,-34.832726
300238,3,0.15,0.00,9.931,-1.006,-1.116,-7.002114,-34.832726
300289,3,0.14,-0.52,9.941,-1.010,-1.120,-7.002114,-34.832726
300339,3,0.14,0.00,9.941,-1.001,-1.120,-7.002114,-34.832726
300390,3,0.14,-0.52,9.917,-0.996,-1.116,-7.002114,-34.832726
300440,3,0.15,0.52,9.946,-1.006,-1.116,-7.002114,-34.832726
300492,3,0.17,0.00,9.931,-1.001,-1.101,-7.002114,-34.832726
300543,3,0.15,0.00,9.917,-0.991,-1.101,-7.002114,-34.832726
300595,3,0.15,0.00,9.917,-1.020,-1.116,-7.002114,-34.832726
300646,3,0.15,0.00,9.917,-1.001,-1.097,-7.002114,-34.832726
300698,3,0.14,-0.48,9.936,-1.006,-1.101,-7.002114,-34.832726
300750,3,0.11,-1.84,9.941,-1.006,-1.097,-7.002114,-34.832726
300801,3,0.10,-0.50,9.936,-1.001,-1.077,-7.002114,-34.832726
300853,3,0.08,0.00,9.917,-1.001,-1.101,-7.002114,-34.832726
300904,3,0.07,-0.50,9.941,-1.015,-1.097,-7.002114,-34.832726
300956,3,0.07,0.00,9.936,-1.001,-1.101,-7.002114,-34.832726
301007,3,0.06,0.00,9.936,-1.025,-1.106,-7.002114,-34.832726
301057,3,0.03,-0.58,9.898,-1.015,-1.111,-7.002113,-34.832726
301107,3,0.02,-0.50,9.912,-1.010,-1.106,-7.002113,-34.832726
301158,3,0.00,0.00,9.931,-1.006,-1.116,-7.002113,-34.832726
301208,3,0.04,0.00,9.941,-1.010,-1.120,-7.002113,-34.832726
301259,3,0.01,-1.07,9.931,-0.982,-1.130,-7.002113,-34.832726
301309,3,0.02,0.00,9.931,-1.025,-1.092,-7.002113,-34.832726
301359,3,0.01,0.00,9.941,-1.015,-1.101,-7.002113,-34.832726
301410,3,-0.00,-0.54,9.950,-1.006,-1.087,-7.002113,-34.832726
301460,3,-0.00,0.00,9.931,-1.010,-1.116,-7.002113,-34.832726
301511,3,-0.00,0.00,9.946,-1.015,-1.101,-7.002113,-34.832726
301563,3,-0.00,0.00,9.941,-1.015,-1.125,-7.002113,-34.832726
301615,3,0.06,0.50,9.936,-1.001,-1.101,-7.002113,-34.832726
301665,3,0.06,0.00,9.926,-1.006,-1.116,-7.002113,-34.832726
301716,3,0.05,-0.84,9.912,-0.996,-1.106,-7.002113,-34.832726
301768,3,0.08,0.00,9.922,-0.991,-1.149,-7.002113,-34.832726
301825,3,0.12,0.53,9.936,-1.006,-1.111,-7.002113,-34.832726
301877,3,0.15,-0.82,9.931,-1.006,-1.097,-7.002113,-34.832726
301927,3,0.15,0.00,9.936,-1.010,-1.101,-7.002113,-34.832726
301977,3,0.17,-0.58,9.926,-1.015,-1.120,-7.002113,-34.832726
302027,3,0.17,0.00,9.950,-1.006,-1.101,-7.002112,-34.832726
302078,3,0.17,0.00,9.931,-1.006,-1.106,-7.002112,-34.832726
302128,3,0.17,0.00,9.931,-1.015,-1.135,-7.002112,-34.832726
302178,3,0.17,0.00,9.922,-1.010,-1.125,-7.002112,-34.832726
302229,3,0.17,0.00,9.907,-0.996,-1.097,-7.002112,-34.832726
302279,3,0.14,-0.54,9.936,-1.015,-1.101,-7.002112,-34.832726
302330,3,0.13,-0.50,9.922,-1.010,-1.087,-7.002112,-34.832726
302380,3,0.12,0.00,9.922,-1.015,-1.106,-7.002112,-34.832726
302430,3,0.12,0.00,9.912,-0.996,-1.120,-7.002112,-34.832726
302482,3,0.09,-1.01,9.912,-1.010,-1.116,-7.002112,-34.832726
302534,3,0.07,0.00,9.946,-1.001,-1.125,-7.002112,-34.832726
302586,3,0.11,1.34,9.936,-1.006,-1.092,-7.002112,-34.832726
302637,3,0.06,0.00,9.941,-1.006,-1.077,-7.002112,-34.832726
302689,3,0.10,1.34,9.941,-1.006,-1.111,-7.002112,-34.832726
302740,3,0.10,0.00,9.917,-1.020,-1.092,-7.002112,-34.832726
302792,3,0.08,-0.52,9.917,-0.991,-1.106,-7.002112,-34.832726
302844,3,0.08,0.00,9.936,-1.006,-1.097,-7.002112,-34.832726
302895,3,0.08,0.00,9.931,-1.001,-1.106,-7.002112,-34.832726
302947,3,0.07,0.00,9.936,-0.982,-1.111,-7.002112,-34.832726
302997,3,0.06,0.00,9.936,-1.006,-1.087,-7.002112,-34.832726
303048,3,0.04,0.00,9.922,-1.015,-1.116,-7.002111,-34.832726
303098,3,0.03,-0.60,9.926,-1.015,-1.120,-7.002111,-34.832726
303148,3,0.03,0.00,9.931,-1.015,-1.082,-7.002111,-34.832726
303199,3,0.02,0.00,9.922,-0.996,-1.116,-7.002111,-34.832726
303249,3,0.00,-0.54,9.931,-0.982,-1.120,-7.002111,-34.832726
303300,3,-0.01,0.00,9.941,-0.991,-1.116,-7.002111,-34.832726
303350,3,-0.00,-1.11,9.931,-1.020,-1.111,-7.002111,-34.832726
303400,3,-0.00,0.00,9.907,-1.030,-1.125,-7.002111,-34.832726
303450,3,-0.02,0.00,9.941,-1.020,-1.106,-7.002111,-34.832726
303502,3,-0.02,0.00,9.922,-1.010,-1.120,-7.002111,-34.832726
303554,3,-0.00,0.52,9.926,-0.977,-1.135,-7.002111,-34.832726
303605,3,-0.02,0.00,9.946,-0.972,-1.092,-7.002111,-34.832726
303657,3,-0.03,-0.48,9.936,-1.010,-1.077,-7.002111,-34.832726
303709,3,-0.03,0.00,9.931,-1.006,-1.125,-7.002111,-34.832726
303759,3,-0.03,0.00,9.917,-1.025,-1.120,-7.002111,-34.832726
303810,3,-0.03,0.00,9.926,-1.010,-1.116,-7.002111,-34.832726
303866,3,-0.03,0.00,9.941,-1.020,-1.130,-7.002111,-34.832726
303918,3,-0.03,0.00,9.950,-1.020,-1.092,-7.002111,-34.832726
303970,3,-0.03,0.00,9.955,-0.986,-1.092,-7.002111,-34.832726
304020,3,-0.03,0.00,9.936,-0.996,-1.087,-7.002111,-34.832726
304071,3,0.02,0.50,9.917,-1.020,-1.101,-7.002110,-34.832726
304121,3,0.02,0.00,9.931,-1.006,-1.125,-7.002110,-34.832726
304171,3,0.02,0.00,9.931,-1.015,-1.140,-7.002110,-34.832726
304222,3,0.03,0.00,9.917,-1.015,-1.082,-7.002110,-34.832726
304272,3,0.03,0.00,9.936,-0.977,-1.111,-7.002110,-34.832726
304323,3,-0.02,0.00,9.946,-1.001,-1.082,-7.002110,-34.832726
304373,3,-0.03,-0.52,9.912,-1.015,-1.101,-7.002110,-34.832726
304424,3,0.00,1.32,9.907,-1.025,-1.116,-7.002110,-34.832726
304476,3,-0.01,-0.52,9.922,-1.030,-1.120,-7.002110,-34.832726
304526,3,-0.01,0.00,9.917,-1.010,-1.097,-7.002110,-34.832726
304578,3,-0.02,-0.52,9.931,-0.986,-1.101,-7.002110,-34.832726
304629,3,-0.02,0.00,9.941,-0.982,-1.092,-7.002110,-34.832726
304681,3,-0.04,0.00,9.926,-1.015,-1.111,-7.002110,-34.832726
304732,3,-0.04,0.00,9.917,-1.010,-1.097,-7.002110,-34.832726
304784,3,-0.05,0.00,9.917,-1.015,-1.130,-7.002110,-34.832726
304836,3,-0.08,0.00,9.936,-1.001,-1.092,-7.002110,-34.832726
304887,3,-0.09,-0.52,9.922,-0.982,-1.097,-7.002110,-34.832726
304939,3,-0.11,0.00,9.931,-0.996,-1.092,-7.002110,-34.832726
304989,3,-0.12,-0.48,9.941,-1.010,-1.120,-7.002110,-34.832726
305039,3,-0.12,0.00,9.941,-1.030,-1.125,-7.002110,-34.832726
305090,3,-0.11,0.00,9.950,-1.025,-1.106,-7.002110,-34.832726
305140,3,-0.08,0.93,9.922,-1.053,-1.082,-7.002110,-34.832726
305191,3,-0.08,0.00,9.912,-1.034,-1.087,-7.002110,-34.832726
305241,3,-0.07,0.00,9.917,-1.025,-1.125,-7.002110,-34.832726
305291,3,-0.08,-0.54,9.922,-0.986,-1.092,-7.002110,-34.832726
305342,3,-0.08,0.00,9.931,-0.991,-1.106,-7.002110,-34.832726
305392,3,-0.11,-0.52,9.907,-1.025,-1.125,-7.002110,-34.832726
305442,3,-0.09,0.88,9.912,-1.015,-1.106,-7.002110,-34.832726
305494,3,-0.09,0.00,9.912,-0.972,-1.092,-7.002110,-34.832726
305546,3,-0.15,-1.83,9.907,-0.934,-1.097,-7.002110,-34.832726
305597,3,-0.12,0.00,9.926,-0.982,-1.097,-7.002110,-34.832726
305649,3,-0.14,-0.56,9.936,-1.030,-1.116,-7.002110,-34.832726
305701,3,-0.14,0.00,9.931,-1.053,-1.130,-7.002110,-34.832726
305751,3,-0.16,-0.48,9.941,-1.068,-1.125,-7.002110,-34.832726
305802,3,-0.16,0.00,9.936,-1.010,-1.116,-7.002110,-34.832726
305854,3,-0.17,0.00,9.926,-0.967,-1.111,-7.002110,-34.832726
305911,3,-0.18,-0.17,9.912,-0.962,-1.106,-7.002110,-34.832726
305963,3,-0.18,0.00,9.936,-0.982,-1.106,-7.002110,-34.832726
306014,3,-0.18,0.00,9.950,-1.020,-1.097,-7.002110,-34.832726
306064,3,-0.20,0.00,9.926,-1.063,-1.116,-7.002109,-34.832726
306114,3,-0.21,-0.52,9.898,-1.049,-1.140,-7.002109,-34.832726
306165,3,-0.22,0.00,9.917,-1.015,-1.106,-7.002109,-34.832726
306215,3,-0.24,-0.52,9.946,-0.972,-1.111,-7.002109,-34.832726
306266,3,-0.24,0.00,9.912,-0.958,-1.111,-7.002109,-34.832726
306316,3,-0.25,0.00,9.917,-0.967,-1.125,-7.002109,-34.832726
306367,3,-0.25,0.00,9.902,-1.015,-1.125,-7.002109,-34.832726
306417,3,-0.25,0.00,9.922,-1.044,-1.125,-7.002109,-34.832726
306466,3,-0.23,0.00,9.941,-1.039,-1.135,-7.002109,-34.832726
306517,3,-0.25,-0.82,9.922,-1.006,-1.140,-7.002109,-34.832726
306568,3,-0.27,0.00,9.941,-0.986,-1.106,-7.002109,-34.832726
306620,3,-0.27,0.00,9.922,-0.982,-1.101,-7.002109,-34.832726
306672,3,-0.28,0.00,9.926,-1.025,-1.092,-7.002109,-34.832726
306723,3,-0.28,0.00,9.936,-1.015,-1.120,-7.002109,-34.832726
306775,3,-0.28,0.00,9.926,-1.020,-1.101,-7.002109,-34.832726
306826,3,-0.24,1.34,9.917,-1.010,-1.144,-7.002109,-34.832726
306878,3,-0.24,0.00,9.936,-1.006,-1.116,-7.002109,-34.832726
306927,3,-0.28,0.00,9.926,-0.996,-1.097,-7.002109,-34.832726
306980,3,-0.24,0.00,9.926,-0.982,-1.106,-7.002109,-34.832726
307030,3,-0.24,0.00,9.931,-1.001,-1.116,-7.002108,-34.832726
307080,3,-0.24,0.00,9.931,-1.020,-1.130,-7.002108,-34.832726
307131,3,-0.26,1.45,9.960,-1.034,-1.116,-7.002108,-34.832726
307181,3,-0.31,-1.97,9.941,-1.030,-1.120,-7.002108,-34.832726
307231,3,-0.31,0.00,9.941,-0.996,-1.135,-7.002108,-34.832726
307282,3,-0.27,1.45,9.931,-0.982,-1.097,-7.002108,-34.832726
307332,3,-0.27,0.00,9.941,-0.977,-1.111,-7.002108,-34.832726
307383,3,-0.27,0.00,9.941,-1.006,-1.092,-7.002108,-34.832726
307433,3,-0.30,-0.52,9.926,-1.044,-1.106,-7.002108,-34.832726
307482,3,-0.31,-0.56,9.936,-1.034,-1.120,-7.002108,-34.832726
307534,3,-0.32,0.00,9.922,-1.006,-1.120,-7.002108,-34.832726
307585,3,-0.34,-0.48,9.931,-0.991,-1.135,-7.002108,-34.832726
307637,3,-0.30,0.00,9.946,-0.986,-1.116,-7.002108,-34.832726
307689,3,-0.30,0.00,9.917,-0.982,-1.097,-7.002108,-34.832726
307739,3,-0.30,0.00,9.926,-1.010,-1.111,-7.002108,-34.832726
307791,3,-0.34,0.00,9.917,-1.025,-1.101,-7.002108,-34.832726
307842,3,-0.34,0.00,9.931,-1.025,-1.120,-7.002108,-34.832726
307894,3,-0.31,-0.52,9.922,-1.030,-1.140,-7.002108,-34.832726
307954,3,-0.31,0.00,9.922,-1.001,-1.130,-7.002108,-34.832726
308004,3,-0.31,0.00,9.941,-1.001,-1.092,-7.002108,-34.832726
308054,3,-0.30,0.00,9.931,-1.001,-1.082,-7.002108,-34.832726
308105,3,-0.30,0.00,9.720,-1.283,-1.044,-7.002108,-34.832726
308155,3,-0.34,-1.49,10.041,-0.982,-1.164,-7.002108,-34.832726
308206,3,-0.37,-0.56,9.869,-0.982,-1.106,-7.002108,-34.832726
308256,3,-0.37,0.00,9.917,-0.991,-1.116,-7.002108,-34.832726
308306,3,-0.34,1.43,9.926,-1.025,-1.116,-7.002108,-34.832726
308357,3,-0.36,0.00,9.931,-0.982,-1.082,-7.002108,-34.832726
308407,3,-0.37,-0.56,9.946,-1.006,-1.116,-7.002108,-34.832726
308460,3,-0.37,0.00,9.955,-0.996,-1.101,-7.002108,-34.832726
308511,3,-0.42,-1.45,9.931,-1.025,-1.140,-7.002108,-34.832726
308562,3,-0.42,0.00,9.931,-1.025,-1.097,-7.002108,-34.832726
308613,3,-0.42,0.00,9.946,-1.034,-1.111,-7.002108,-34.832726
308665,3,-0.42,0.00,9.965,-1.020,-1.116,-7.002108,-34.832726
308717,3,-0.37,0.48,9.936,-1.020,-1.106,-7.002108,-34.832726
308768,3,-0.38,-0.48,9.917,-1.030,-1.106,-7.002108,-34.832726
308820,3,-0.42,0.00,9.912,-1.034,-1.073,-7.002108,-34.832726
308871,3,-0.43,0.00,9.926,-1.030,-1.101,-7.002108,-34.832726
308923,3,-0.42,0.00,9.898,-1.010,-1.092,-7.002108,-34.832726
308973,3,-0.41,0.56,9.955,-0.953,-1.120,-7.002108,-34.832726
309023,3,-0.39,0.52,9.907,-0.967,-1.092,-7.002106,-34.832726
309073,3,-0.39,0.00,9.936,-1.006,-1.101,-7.002106,-34.832726
309124,3,-0.38,0.00,9.931,-1.020,-1.125,-7.002106,-34.832726
309174,3,-0.37,0.56,9.922,-1.044,-1.082,-7.002106,-34.832726
309225,3,-0.37,0.00,9.931,-1.068,-1.111,-7.002106,-34.832726
309275,3,-0.35,0.00,9.931,-1.010,-1.111,-7.002106,-34.832726
309325,3,-0.37,-0.54,9.917,-0.953,-1.125,-7.002106,-34.832726
309376,3,-0.37,0.00,9.902,-0.929,-1.106,-7.002106,-34.832726
309426,3,-0.35,0.56,9.912,-0.972,-1.101,-7.002106,-34.832726
309478,3,-0.34,0.52,9.950,-1.044,-1.092,-7.002106,-34.832726
309530,3,-0.34,0.00,9.946,-1.068,-1.097,-7.002106,-34.832726
309581,3,-0.34,0.00,9.931,-1.044,-1.116,-7.002106,-34.832726
309633,3,-0.34,0.00,9.931,-0.982,-1.125,-7.002106,-34.832726
309685,3,-0.35,0.00,9.922,-0.958,-1.101,-7.002106,-34.832726
309736,3,-0.35,0.00,9.936,-0.962,-1.087,-7.002106,-34.832726
309788,3,-0.31,0.00,9.955,-0.991,-1.111,-7.002106,-34.832726
309839,3,-0.35,0.00,9.912,-1.044,-1.101,-7.002106,-34.832726
309890,3,-0.35,0.00,9.955,-1.049,-1.144,-7.002106,-34.832726
309941,3,-0.34,0.48,9.922,-1.030,-1.120,-7.002106,-34.832726
310000,3,-0.30,0.47,9.917,-0.958,-1.101,-7.002106,-34.832726
310050,3,-0.30,0.00,9.926,-0.972,-1.101,-7.002104,-34.832726
310101,3,-0.29,0.00,9.922,-0.991,-1.073,-7.002104,-34.832726
310151,3,-0.29,0.00,9.931,-1.049,-1.106,-7.002104,-34.832726
310202,3,-0.29,0.00,9.946,-1.044,-1.140,-7.002104,-34.832726
310252,3,-0.29,0.00,9.941,-1.049,-1.135,-7.002104,-34.832726
310302,3,-0.29,0.00,9.936,-1.015,-1.111,-7.002104,-34.832726
310353,3,-0.30,0.00,9.926,-0.962,-1.120,-7.002104,-34.832726
310403,3,-0.30,-0.52,9.936,-0.991,-1.097,-7.002104,-34.832726
310456,3,-0.29,0.48,9.926,-0.986,-1.125,-7.002104,-34.832726
310507,3,-0.29,0.00,9.936,-1.025,-1.135,-7.002104,-34.832726
310558,3,-0.29,0.00,9.926,-1.044,-1.125,-7.002104,-34.832726
310609,3,-0.29,0.00,9.926,-1.025,-1.116,-7.002104,-34.832726
310661,3,-0.27,0.48,9.941,-1.020,-1.101,-7.002104,-34.832726
310713,3,-0.29,-0.48,9.946,-0.982,-1.111,-7.002104,-34.832726
310764,3,-0.29,0.00,9.931,-0.977,-1.111,-7.002104,-34.832726
310816,3,-0.29,0.00,9.922,-1.025,-1.125,-7.002104,-34.832726
310867,3,-0.32,0.00,9.912,-1.015,-1.111,-7.002104,-34.832726
310919,3,-0.30,0.89,9.926,-1.039,-1.106,-7.002104,-34.832726
310969,3,-0.29,0.00,9.946,-1.006,-1.097,-7.002104,-34.832726
311019,3,-0.29,0.00,9.936,-1.025,-1.120,-7.002103,-34.832726
311069,3,-0.29,0.00,9.922,-0.977,-1.101,-7.002103,-34.832726
311120,3,-0.29,0.00,9.912,-0.982,-1.111,-7.002103,-34.832726
311170,3,-0.27,0.52,9.936,-1.020,-1.111,-7.002103,-34.832726
311221,3,-0.27,0.00,9.907,-1.020,-1.082,-7.002103,-34.832726
311271,3,-0.26,0.00,9.912,-1.015,-1.116,-7.002103,-34.832726
311321,3,-0.26,0.00,9.926,-1.010,-1.111,-7.002103,-34.832726
311372,3,-0.25,0.00,9.926,-0.996,-1.111,-7.002103,-34.832726
311422,3,-0.25,0.00,9.922,-0.991,-1.120,-7.002103,-34.832726
311474,3,-0.25,0.00,9.946,-1.001,-1.101,-7.002103,-34.832726
311526,3,-0.21,0.00,9.917,-0.986,-1.116,-7.002103,-34.832726
311577,3,-0.21,0.00,9.926,-0.996,-1.116,-7.002103,-34.832726
311629,3,-0.25,0.00,9.960,-1.030,-1.125,-7.002103,-34.832726
311681,3,-0.22,1.34,9.936,-1.006,-1.116,-7.002103,-34.832726
311731,3,-0.22,0.00,9.922,-1.015,-1.106,-7.002103,-34.832726
311783,3,-0.22,0.00,9.926,-0.996,-1.097,-7.002103,-34.832726
311834,3,-0.22,0.00,9.941,-0.996,-1.073,-7.002103,-34.832726
311886,3,-0.21,0.52,9.931,-1.010,-1.101,-7.002103,-34.832726
311937,3,-0.20,0.48,9.946,-1.010,-1.087,-7.002103,-34.832726
311987,3,-0.20,0.00,9.926,-1.006,-1.097,-7.002103,-34.832726
312046,3,-0.18,0.19,9.926,-1.001,-1.120,-7.002103,-34.832726
312097,3,-0.13,0.52,9.941,-1.001,-1.073,-7.002103,-34.832726
312147,3,-0.12,0.60,9.955,-1.030,-1.116,-7.002103,-34.832726
312198,3,-0.13,0.00,9.931,-1.006,-1.106,-7.002103,-34.832726
312248,3,-0.13,0.00,9.946,-1.015,-1.120,-7.002103,-34.832726
312298,3,-0.12,0.58,9.946,-1.015,-1.092,-7.002103,-34.832726
312349,3,-0.12,0.00,9.946,-1.010,-1.106,-7.002103,-34.832726
312399,3,-0.11,0.00,9.926,-1.010,-1.092,-7.002103,-34.832726
312452,3,-0.11,0.00,9.950,-1.015,-1.111,-7.002103,-34.832726
312503,3,-0.11,0.00,9.931,-1.010,-1.101,-7.002103,-34.832726
312554,3,-0.11,0.00,9.931,-1.025,-1.135,-7.002103,-34.832726
312605,3,-0.11,-0.52,9.955,-0.996,-1.130,-7.002103,-34.832726
312657,3,-0.11,0.00,9.941,-1.001,-1.106,-7.002103,-34.832726
312709,3,-0.09,0.00,9.941,-1.015,-1.101,-7.002103,-34.832726
312760,3,-0.08,0.52,9.931,-1.006,-1.111,-7.002103,-34.832726
312812,3,-0.08,0.00,9.931,-1.025,-1.116,-7.002103,-34.832726
312863,3,-0.09,-0.52,9.917,-1.001,-1.116,-7.002103,-34.832726
312915,3,-0.09,0.00,9.907,-0.991,-1.111,-7.002103,-34.832726
312965,3,-0.09,0.00,9.946,-1.006,-1.116,-7.002103,-34.832726
313015,3,-0.08,0.56,9.926,-1.006,-1.140,-7.002103,-34.832726
313065,3,-0.08,0.00,9.922,-0.996,-1.097,-7.002102,-34.832726
313116,3,-0.04,-0.56,9.946,-1.010,-1.101,-7.002102,-34.832726
313166,3,-0.03,0.56,9.936,-1.020,-1.082,-7.002102,-34.832726
313216,3,-0.03,0.00,9.917,-1.015,-1.111,-7.002102,-34.832726
313267,3,-0.06,-1.45,9.941,-1.001,-1.111,-7.002102,-34.832726
313317,3,-0.08,-0.56,9.926,-1.006,-1.116,-7.002102,-34.832726
313368,3,-0.03,0.00,9.931,-1.010,-1.111,-7.002102,-34.832726
313418,3,-0.06,-0.52,9.922,-0.986,-1.116,-7.002102,-34.832726
313470,3,-0.07,-0.56,9.941,-1.001,-1.101,-7.002102,-34.832726
313522,3,-0.07,0.00,9.936,-1.020,-1.092,-7.002102,-34.832726
313573,3,-0.08,0.00,9.917,-1.015,-1.097,-7.002102,-34.832726
313625,3,-0.10,-0.52,9.907,-1.010,-1.092,-7.002102,-34.832726
313677,3,-0.10,0.00,9.917,-0.996,-1.116,-7.002102,-34.832726
313728,3,-0.08,0.52,9.922,-1.010,-1.116,-7.002102,-34.832726
313780,3,-0.11,0.00,9.907,-1.001,-1.101,-7.002102,-34.832726
313832,3,-0.14,-0.48,9.931,-1.006,-1.092,-7.002102,-34.832726
313882,3,-0.14,0.00,9.936,-0.996,-1.130,-7.002102,-34.832726
313933,3,-0.16,-0.52,9.931,-1.025,-1.087,-7.002102,-34.832726
313983,3,-0.19,0.00,9.926,-1.001,-1.092,-7.002102,-34.832726
314034,3,-0.22,-0.56,9.922,-1.001,-1.106,-7.002101,-34.832729
314093,3,-0.19,0.44,9.926,-1.015,-1.120,-7.002101,-34.832729
314143,3,-0.23,-1.89,9.922,-1.020,-1.125,-7.002101,-34.832729
314194,3,-0.21,0.00,9.922,-1.025,-1.116,-7.002101,-34.832729
314244,3,-0.23,-0.52,9.931,-1.020,-1.111,-7.002101,-34.832729
314295,3,-0.23,0.00,9.936,-1.001,-1.116,-7.002101,-34.832729
314345,3,-0.23,0.00,9.941,-1.001,-1.140,-7.002101,-34.832729
314395,3,-0.18,0.48,9.926,-1.010,-1.140,-7.002101,-34.832729
314445,3,-0.18,0.00,9.950,-0.996,-1.116,-7.002101,-34.832729
314496,3,-0.18,0.00,9.922,-1.001,-1.120,-7.002101,-34.832729
314547,3,-0.16,0.52,9.941,-1.010,-1.092,-7.002101,-34.832729
314599,3,-0.16,0.00,9.917,-1.006,-1.101,-7.002101,-34.832729
314648,3,-0.16,0.00,9.931,-1.006,-1.097,-7.002101,-34.832729
314700,3,-0.16,0.00,9.931,-1.020,-1.120,-7.002101,-34.832729
314751,3,-0.18,0.00,9.931,-1.010,-1.106,-7.002101,-34.832729
314803,3,-0.18,0.00,9.926,-1.001,-1.111,-7.002101,-34.832729
314855,3,-0.19,-0.45,9.926,-1.006,-1.135,-7.002101,-34.832729
314906,3,-0.19,0.00,9.941,-1.010,-1.120,-7.002101,-34.832729
314958,3,-0.20,0.00,9.931,-1.015,-1.116,-7.002101,-34.832729
315008,3,-0.23,-1.45,9.931,-1.015,-1.111,-7.002101,-34.832729
315059,3,-0.23,0.00,9.936,-1.010,-1.111,-7.002100,-34.832729
315109,3,-0.24,0.00,9.941,-0.991,-1.087,-7.002100,-34.832729
315160,3,-0.23,0.00,9.936,-1.006,-1.101,-7.002100,-34.832729
315210,3,-0.21,0.52,9.936,-1.010,-1.116,-7.002100,-34.832729
315260,3,-0.23,0.00,9.931,-1.001,-1.116,-7.002100,-34.832729
315311,3,-0.21,-1.35,9.931,-1.006,-1.097,-7.002100,-34.832729
315361,3,-0.21,0.00,9.917,-1.020,-1.097,-7.002100,-34.832729
315412,3,-0.20,0.00,9.926,-1.015,-1.140,-7.002100,-34.832729
315461,3,-0.19,0.48,9.946,-0.986,-1.120,-7.002100,-34.832729
315513,3,-0.19,0.00,9.917,-1.010,-1.092,-7.002100,-34.832729
315565,3,-0.19,0.00,9.917,-1.010,-1.082,-7.002100,-34.832729
315615,3,-0.19,0.00,9.922,-1.015,-1.116,-7.002100,-34.832729
315667,3,-0.17,0.52,9.946,-1.006,-1.082,-7.002100,-34.832729
315718,3,-0.17,0.00,9.926,-1.010,-1.120,-7.002100,-34.832729
315770,3,-0.21,-1.27,9.926,-1.010,-1.097,-7.002100,-34.832729
315821,3,-0.17,1.27,9.941,-1.039,-1.087,-7.002100,-34.832729
315873,3,-0.17,0.00,9.926,-1.025,-1.111,-7.002100,-34.832729
315925,3,-0.18,0.48,9.936,-1.006,-1.087,-7.002100,-34.832729
315974,3,-0.18,0.00,9.946,-1.010,-1.101,-7.002100,-34.832729
316025,3,-0.15,0.56,9.941,-1.006,-1.101,-7.002100,-34.832729
316075,3,-0.10,1.78,9.946,-1.006,-1.116,-7.002100,-34.832729
316133,3,-0.09,0.21,9.922,-1.015,-1.116,-7.002100,-34.832729
316183,3,-0.06,1.09,9.922,-1.006,-1.106,-7.002100,-34.832729
316234,3,-0.05,0.00,9.922,-1.006,-1.116,-7.002100,-34.832729
316284,3,-0.01,1.09,9.936,-1.006,-1.120,-7.002100,-34.832729
316334,3,0.01,0.54,9.941,-1.010,-1.130,-7.002100,-34.832729
316385,3,0.02,0.00,9.917,-1.015,-1.082,-7.002100,-34.832729
316435,3,0.03,0.56,9.917,-1.001,-1.111,-7.002100,-34.832729
316487,3,0.02,-0.52,9.936,-1.020,-1.120,-7.002100,-34.832729
316539,3,-0.03,-1.71,9.926,-1.015,-1.130,-7.002100,-34.832729
316589,3,-0.03,0.00,9.936,-1.020,-1.125,-7.002100,-34.832729
316640,3,-0.02,-0.48,9.926,-1.006,-1.097,-7.002100,-34.832729
316692,3,-0.02,0.00,9.922,-1.010,-1.087,-7.002100,-34.832729
316744,3,-0.04,-0.52,9.936,-1.010,-1.106,-7.002100,-34.832729
316795,3,-0.04,0.00,9.941,-1.010,-1.106,-7.002100,-34.832729
316847,3,-0.05,0.00,9.917,-1.015,-1.097,-7.002100,-34.832729
316898,3,-0.05,0.00,9.950,-1.030,-1.120,-7.002100,-34.832729
316950,3,-0.06,-0.52,9.936,-1.030,-1.106,-7.002100,-34.832729
317001,3,-0.09,-0.56,9.926,-0.982,-1.087,-7.002100,-34.832729
317051,3,-0.10,-0.56,9.917,-1.001,-1.097,-7.002099,-34.832729
317101,3,-0.12,0.00,9.931,-1.010,-1.097,-7.002099,-34.832729
317152,3,-0.12,-0.52,9.941,-1.006,-1.106,-7.002099,-34.832729
317202,3,-0.12,0.00,9.946,-1.030,-1.106,-7.002099,-34.832729
317253,3,-0.12,0.00,9.922,-1.006,-1.092,-7.002099,-34.832729
317303,3,-0.08,1.45,9.926,-1.034,-1.082,-7.002099,-34.832729
317353,3,-0.08,0.00,9.946,-0.996,-1.092,-7.002099,-34.832729
317404,3,-0.08,0.00,9.926,-1.006,-1.120,-7.002099,-34.832729
317454,3,-0.07,0.00,9.941,-0.996,-1.116,-7.002099,-34.832729
317505,3,-0.07,0.00,9.931,-1.015,-1.101,-7.002099,-34.832729
317557,3,-0.07,0.00,9.926,-1.006,-1.092,-7.002099,-34.832729
317608,3,-0.05,0.00,9.936,-1.015,-1.087,-7.002099,-34.832729
317660,3,-0.05,0.00,9.931,-1.010,-1.106,-7.002099,-34.832729
317712,3,-0.07,-0.48,9.936,-1.001,-1.092,-7.002099,-34.832729
317763,3,-0.07,0.00,9.946,-1.006,-1.101,-7.002099,-34.832729
317815,3,-0.08,0.00,9.931,-1.010,-1.120,-7.002099,-34.832729
317867,3,-0.08,0.00,9.917,-0.991,-1.092,-7.002099,-34.832729
317917,3,-0.08,0.00,9.936,-1.006,-1.101,-7.002099,-34.832729
317966,3,-0.10,0.00,9.941,-1.010,-1.092,-7.002099,-34.832729
318017,3,-0.11,0.00,9.926,-1.010,-1.130,-7.002099,-34.832729
318067,3,-0.14,0.00,9.941,-0.996,-1.092,-7.002099,-34.832729
318118,3,-0.14,0.00,9.946,-1.030,-1.135,-7.002099,-34.832729
318177,3,-0.15,-0.18,9.931,-1.015,-1.101,-7.002099,-34.832729
318227,3,-0.16,0.00,9.936,-1.020,-1.106,-7.002099,-34.832729
318277,3,-0.19,-0.48,9.950,-1.001,-1.111,-7.002099,-34.832729
318328,3,-0.19,0.00,9.926,-0.996,-1.106,-7.002099,-34.832729
318378,3,-0.19,0.00,9.922,-1.020,-1.097,-7.002099,-34.832729
318429,3,-0.18,0.00,9.912,-1.010,-1.111,-7.002099,-34.832729
318480,3,-0.16,0.56,9.917,-1.001,-1.101,-7.002099,-34.832729
318531,3,-0.18,-0.52,9.917,-0.996,-1.120,-7.002099,-34.832729
318582,3,-0.14,1.38,9.936,-1.006,-1.101,-7.002099,-34.832729
318634,3,-0.16,-1.38,9.936,-1.015,-1.087,-7.002099,-34.832729
318686,3,-0.18,-0.52,9.926,-1.015,-1.111,-7.002099,-34.832729
318737,3,-0.19,0.00,9.917,-1.015,-1.116,-7.002099,-34.832729
318789,3,-0.19,0.00,9.926,-1.030,-1.106,-7.002099,-34.832729
318840,3,-0.18,0.00,9.941,-1.006,-1.092,-7.002099,-34.832729
318892,3,-0.18,0.00,9.917,-1.020,-1.106,-7.002099,-34.832729
318944,3,-0.13,1.90,9.922,-0.991,-1.097,-7.002099,-34.832729
318994,3,-0.11,0.00,9.946,-1.001,-1.097,-7.002099,-34.832729
319044,3,-0.11,0.00,9.931,-1.010,-1.106,-7.002098,-34.832729
319095,3,-0.13,-0.56,9.931,-1.006,-1.116,-7.002098,-34.832729
319145,3,-0.14,0.00,9.931,-1.006,-1.101,-7.002098,-34.832729
319195,3,-0.16,-0.89,9.950,-1.025,-1.097,-7.002098,-34.832729
319246,3,-0.18,-0.56,9.946,-1.010,-1.135,-7.002098,-34.832729
319296,3,-0.14,0.00,9.907,-1.001,-1.144,-7.002098,-34.832729
319347,3,-0.15,-0.52,9.917,-1.010,-1.077,-7.002098,-34.832729
319397,3,-0.14,0.52,9.922,-1.020,-1.125,-7.002098,-34.832729
319447,3,-0.14,0.00,9.931,-1.015,-1.106,-7.002098,-34.832729
319499,3,-0.14,0.00,9.917,-1.010,-1.120,-7.002098,-34.832729
319550,3,-0.14,0.00,9.926,-1.025,-1.120,-7.002098,-34.832729
319602,3,-0.12,0.00,9.926,-1.010,-1.125,-7.002098,-34.832729
319654,3,-0.12,0.00,9.917,-0.991,-1.125,-7.002098,-34.832729
319704,3,-0.12,0.00,9.941,-1.006,-1.092,-7.002098,-34.832729
319756,3,-0.14,0.00,9.926,-1.010,-1.125,-7.002098,-34.832729
319807,3,-0.10,-0.52,9.946,-1.006,-1.106,-7.002098,-34.832729
319859,3,-0.10,0.00,9.907,-1.010,-1.077,-7.002098,-34.832729
319910,3,-0.10,0.48,9.936,-1.020,-1.097,-7.002098,-34.832729
319962,3,-0.10,0.00,9.926,-1.001,-1.125,-7.002098,-34.832729
320013,3,-0.12,0.00,9.926,-1.006,-1.116,-7.002098,-34.832729
320063,3,-0.08,1.45,9.941,-1.010,-1.140,-7.002097,-34.832729
320114,3,-0.08,0.00,9.922,-1.020,-1.116,-7.002097,-34.832729
320164,3,-0.08,0.00,9.941,-1.030,-1.077,-7.002097,-34.832729
320240,3,-0.11,-0.30,9.946,-1.015,-1.144,-7.002097,-34.832729
320290,3,-0.12,-0.56,9.912,-1.006,-1.082,-7.002097,-34.832729
320340,3,-0.12,0.00,9.926,-1.001,-1.101,-7.002097,-34.832729
320391,3,-0.11,0.88,9.936,-1.020,-1.116,-7.002097,-34.832729
320441,3,-0.15,-1.45,9.926,-0.996,-1.106,-7.002097,-34.832729
320493,3,-0.16,0.00,9.926,-1.020,-1.106,-7.002097,-34.832729
320543,3,-0.14,0.86,9.931,-1.015,-1.097,-7.002097,-34.832729
320595,3,-0.17,-0.60,9.941,-1.015,-1.106,-7.002097,-34.832729
320646,3,-0.17,0.00,9.946,-1.015,-1.120,-7.002097,-34.832729
320698,3,-0.18,0.00,9.922,-1.001,-1.092,-7.002097,-34.832729
320749,3,-0.20,0.00,9.936,-1.034,-1.097,-7.002097,-34.832729
320801,3,-0.21,-0.48,9.931,-1.015,-1.135,-7.002097,-34.832729
320853,3,-0.24,-0.48,9.936,-1.010,-1.120,-7.002097,-34.832729
320904,3,-0.24,0.00,9.936,-1.015,-1.144,-7.002097,-34.832729
320956,3,-0.25,0.00,9.912,-1.020,-1.092,-7.002097,-34.832729
321006,3,-0.25,0.00,9.936,-1.006,-1.140,-7.002097,-34.832729
321057,3,-0.25,0.00,9.917,-1.015,-1.116,-7.002097,-34.832729
321107,3,-0.26,0.00,9.898,-1.020,-1.144,-7.002097,-34.832729
321158,3,-0.25,0.00,9.926,-1.006,-1.087,-7.002097,-34.832729
321208,3,-0.25,0.00,9.926,-1.010,-1.097,-7.002097,-34.832729
321259,3,-0.26,0.00,9.936,-1.025,-1.082,-7.002097,-34.832729
321309,3,-0.26,-0.52,9.941,-1.015,-1.125,-7.002097,-34.832729
321359,3,-0.25,0.52,9.926,-1.020,-1.111,-7.002097,-34.832729
321410,3,-0.30,0.00,9.917,-0.996,-1.097,-7.002097,-34.832729
321460,3,-0.27,-0.88,9.907,-1.020,-1.116,-7.002097,-34.832729
321511,3,-0.27,0.00,9.912,-0.996,-1.097,-7.002097,-34.832729
321563,3,-0.26,0.00,9.946,-1.001,-1.106,-7.002097,-34.832729
321614,3,-0.27,-0.48,9.941,-0.996,-1.097,-7.002097,-34.832729
321666,3,-0.27,0.00,9.969,-1.015,-1.106,-7.002097,-34.832729
321718,3,-0.26,0.00,9.922,-1.010,-1.116,-7.002097,-34.832729
321769,3,-0.26,0.00,9.941,-0.991,-1.116,-7.002097,-34.832729
321821,3,-0.26,0.00,9.931,-1.006,-1.125,-7.002097,-34.832729
321872,3,-0.26,0.00,9.926,-1.015,-1.120,-7.002097,-34.832729
321923,3,-0.26,0.00,9.936,-0.991,-1.097,-7.002097,-34.832729
321972,3,-0.26,0.00,9.922,-1.010,-1.097,-7.002097,-34.832729
322023,3,-0.27,-0.52,9.936,-1.020,-1.101,-7.002097,-34.832729
322073,3,-0.27,0.00,9.950,-1.010,-1.106,-7.002097,-34.832729
322123,3,-0.27,0.00,9.931,-1.006,-1.135,-7.002097,-34.832729
322174,3,-0.30,-1.45,9.907,-1.010,-1.097,-7.002097,-34.832729
322224,3,-0.31,-0.52,9.922,-1.015,-1.106,-7.002097,-34.832729
322284,3,-0.32,-0.17,9.936,-0.991,-1.101,-7.002097,-34.832729
322334,3,-0.32,0.00,9.926,-1.010,-1.120,-7.002097,-34.832729
322384,3,-0.34,0.00,9.941,-1.010,-1.116,-7.002097,-34.832729
322435,3,-0.32,0.60,9.931,-1.020,-1.087,-7.002097,-34.832729
322487,3,-0.32,0.00,9.912,-1.006,-1.106,-7.002097,-34.832729
322537,3,-0.31,0.48,9.936,-1.025,-1.106,-7.002097,-34.832729
322589,3,-0.31,0.00,9.946,-1.001,-1.087,-7.002097,-34.832729
322640,3,-0.31,0.00,9.931,-1.015,-1.092,-7.002097,-34.832729
322692,3,-0.31,0.00,9.926,-1.010,-1.106,-7.002097,-34.832729
322743,3,-0.31,0.48,9.950,-1.020,-1.140,-7.002097,-34.832729
322795,3,-0.30,0.48,9.931,-1.015,-1.097,-7.002097,-34.832729
322847,3,-0.30,0.00,9.946,-1.001,-1.092,-7.002097,-34.832729
322898,3,-0.30,0.00,9.922,-1.001,-1.106,-7.002097,-34.832729
322950,3,-0.30,0.00,9.926,-1.020,-1.082,-7.002097,-34.832729
323000,3,-0.30,0.00,9.936,-1.001,-1.092,-7.002097,-34.832729
323051,3,-0.30,0.00,9.912,-1.001,-1.092,-7.002097,-34.832729
323101,3,-0.30,0.00,9.936,-1.015,-1.111,-7.002097,-34.832729
323152,3,-0.32,-0.52,9.955,-1.025,-1.087,-7.002097,-34.832729
323202,3,-0.32,0.00,9.931,-1.001,-1.097,-7.002097,-34.832729
323253,3,-0.31,0.00,9.922,-1.006,-1.116,-7.002097,-34.832729
323303,3,-0.32,-0.52,9.946,-1.025,-1.116,-7.002097,-34.832729
323353,3,-0.32,0.00,9.922,-1.010,-1.125,-7.002097,-34.832729
323404,3,-0.32,0.00,9.931,-1.015,-1.120,-7.002097,-34.832729
323454,3,-0.32,0.00,9.946,-1.020,-1.101,-7.002097,-34.832729
323505,3,-0.34,-0.60,9.931,-1.006,-1.135,-7.002097,-34.832729
323557,3,-0.35,0.00,9.936,-1.020,-1.101,-7.002097,-34.832729
323608,3,-0.35,0.00,9.941,-0.996,-1.097,-7.002097,-34.832729
323660,3,-0.36,0.00,9.936,-1.010,-1.120,-7.002097,-34.832729
323712,3,-0.38,-0.52,9.950,-0.996,-1.116,-7.002097,-34.832729
323763,3,-0.38,0.00,9.926,-1.015,-1.101,-7.002097,-34.832729
323815,3,-0.40,-0.48,9.941,-1.010,-1.111,-7.002097,-34.832729
323867,3,-0.40,0.00,9.922,-0.982,-1.116,-7.002097,-34.832729
323917,3,-0.40,0.00,9.898,-1.006,-1.077,-7.002097,-34.832729
323966,3,-0.42,-0.52,9.917,-1.001,-1.120,-7.002097,-34.832729
324017,3,-0.42,0.00,9.941,-1.006,-1.116,-7.002097,-34.832729
324067,3,-0.43,0.00,9.941,-1.020,-1.125,-7.002096,-34.832729
324118,3,-0.43,0.00,9.936,-1.020,-1.111,-7.002096,-34.832729
324168,3,-0.45,0.00,9.926,-1.001,-1.130,-7.002096,-34.832729
324218,3,-0.42,0.52,9.917,-1.001,-1.111,-7.002096,-34.832729
324269,3,-0.40,0.56,9.926,-1.001,-1.106,-7.002096,-34.832729
324328,3,-0.43,-0.30,9.926,-1.010,-1.087,-7.002096,-34.832729
324378,3,-0.43,0.00,9.893,-0.991,-1.101,-7.002096,-34.832729
324429,3,-0.43,-1.45,9.898,-0.996,-1.125,-7.002096,-34.832729
324480,3,-0.43,0.00,9.926,-1.015,-1.116,-7.002096,-34.832729
324531,3,-0.39,1.34,9.936,-1.020,-1.101,-7.002096,-34.832729
324582,3,-0.43,0.00,9.931,-1.025,-1.144,-7.002096,-34.832729
324634,3,-0.44,0.00,9.907,-1.030,-1.068,-7.002096,-34.832729
324686,3,-0.44,0.00,9.955,-1.006,-1.116,-7.002096,-34.832729
324737,3,-0.41,0.52,9.931,-1.001,-1.087,-7.002096,-34.832729
324789,3,-0.41,0.00,9.946,-1.025,-1.135,-7.002096,-34.832729
324840,3,-0.41,0.00,9.936,-1.001,-1.068,-7.002096,-34.832729
324892,3,-0.40,0.48,9.917,-0.996,-1.116,-7.002096,-34.832729
324944,3,-0.39,0.00,9.936,-1.010,-1.092,-7.002096,-34.832729
324994,3,-0.36,0.52,9.936,-1.010,-1.120,-7.002096,-34.832729
325044,3,-0.35,0.50,9.936,-1.015,-1.106,-7.002096,-34.832729
325095,3,-0.35,0.00,9.917,-1.020,-1.106,-7.002096,-34.832729
325145,3,-0.35,-0.56,9.931,-1.015,-1.101,-7.002096,-34.832729
325196,3,-0.35,0.00,9.931,-0.991,-1.106,-7.002096,-34.832729
325246,3,-0.35,0.00,9.917,-1.006,-1.130,-7.002096,-34.832729
325297,3,-0.35,0.00,9.936,-1.015,-1.111,-7.002096,-34.832729
325347,3,-0.36,-0.52,9.912,-1.020,-1.101,-7.002096,-34.832729
325397,3,-0.35,0.00,9.922,-1.001,-1.092,-7.002096,-34.832729
325447,3,-0.31,0.00,9.902,-0.996,-1.101,-7.002096,-34.832729
325499,3,-0.33,-0.86,9.907,-0.996,-1.125,-7.002096,-34.832729
325551,3,-0.33,0.00,9.941,-1.006,-1.097,-7.002096,-34.832729
325602,3,-0.33,0.00,9.969,-1.006,-1.092,-7.002096,-34.832729
325654,3,-0.32,0.00,9.931,-0.991,-1.111,-7.002096,-34.832729
325705,3,-0.32,0.00,9.946,-1.015,-1.101,-7.002096,-34.832729
325756,3,-0.32,0.00,9.926,-1.025,-1.082,-7.002096,-34.832729
325807,3,-0.30,0.48,9.902,-1.030,-1.101,-7.002096,-34.832729
325859,3,-0.30,0.00,9.912,-0.991,-1.106,-7.002096,-34.832729
325911,3,-0.29,0.56,9.907,-0.991,-1.135,-7.002096,-34.832729
325963,3,-0.28,0.45,9.922,-0.982,-1.097,-7.002096,-34.832729
326013,3,-0.28,0.00,9.960,-1.034,-1.130,-7.002096,-34.832729
326064,3,-0.25,0.50,9.917,-1.010,-1.106,-7.002096,-34.832729
326114,3,-0.25,0.00,9.926,-1.015,-1.111,-7.002096,-34.832729
326164,3,-0.25,0.00,9.936,-0.991,-1.125,-7.002096,-34.832729
326215,3,-0.26,-0.52,9.936,-1.015,-1.087,-7.002096,-34.832729
326265,3,-0.25,0.52,9.912,-1.010,-1.101,-7.002096,-34.832729
326316,3,-0.29,0.00,9.950,-1.010,-1.116,-7.002096,-34.832729
326375,3,-0.27,0.19,9.936,-1.020,-1.087,-7.002096,-34.832729
326425,3,-0.25,0.54,9.936,-0.986,-1.116,-7.002096,-34.832729
326477,3,-0.25,0.00,9.931,-1.020,-1.082,-7.002096,-34.832729
326528,3,-0.23,0.52,9.936,-1.010,-1.135,-7.002096,-34.832729
326579,3,-0.23,0.00,9.931,-0.996,-1.097,-7.002096,-34.832729
326631,3,-0.22,0.00,9.917,-0.996,-1.120,-7.002096,-34.832729
326683,3,-0.20,0.48,9.936,-1.015,-1.116,-7.002096,-34.832729
326734,3,-0.23,0.52,9.922,-1.030,-1.106,-7.002096,-34.832729
326786,3,-0.23,0.00,9.926,-1.006,-1.111,-7.002096,-34.832729
326837,3,-0.23,0.00,9.926,-1.010,-1.120,-7.002096,-34.832729
326889,3,-0.23,0.00,9.941,-1.010,-1.111,-7.002096,-34.832729
326941,3,-0.23,0.00,9.926,-1.020,-1.092,-7.002096,-34.832729
326991,3,-0.23,-0.52,9.936,-1.015,-1.106,-7.002096,-34.832729
327041,3,-0.23,0.00,9.926,-1.006,-1.087,-7.002096,-34.832729
327092,3,-0.23,0.00,9.926,-1.010,-1.111,-7.002096,-34.832729
327142,3,-0.21,0.00,9.936,-0.991,-1.106,-7.002096,-34.832729
327193,3,-0.23,-0.50,9.936,-0.986,-1.087,-7.002096,-34.832729
327243,3,-0.21,0.00,9.926,-1.006,-1.116,-7.002096,-34.832729
327293,3,-0.20,0.54,9.941,-1.006,-1.140,-7.002096,-34.832729
327344,3,-0.21,-0.56,9.902,-1.010,-1.140,-7.002096,-34.832729
327394,3,-0.21,0.00,9.912,-1.034,-1.101,-7.002096,-34.832729
327444,3,-0.23,-0.52,9.926,-1.020,-1.120,-7.002096,-34.832729
327496,3,-0.23,0.00,9.936,-1.010,-1.130,-7.002096,-34.832729
327548,3,-0.23,0.00,9.926,-1.015,-1.116,-7.002096,-34.832729
327599,3,-0.24,0.00,9.912,-1.025,-1.111,-7.002096,-34.832729
327651,3,-0.24,0.00,9.926,-1.015,-1.087,-7.002096,-34.832729
327702,3,-0.23,0.00,9.931,-1.020,-1.073,-7.002096,-34.832729
327753,3,-0.23,0.00,9.917,-1.015,-1.116,-7.002096,-34.832729
327804,3,-0.21,0.00,9.936,-1.010,-1.125,-7.002096,-34.832729
327856,3,-0.21,0.00,9.907,-1.030,-1.106,-7.002096,-34.832729
327908,3,-0.17,1.01,9.955,-1.001,-1.135,-7.002096,-34.832729
327960,3,-0.17,0.00,9.926,-1.006,-1.101,-7.002096,-34.832729
328010,3,-0.17,0.00,9.917,-1.006,-1.120,-7.002096,-34.832729
328060,3,-0.16,-0.89,9.941,-1.001,-1.116,-7.002096,-34.832729
328111,3,-0.14,0.56,9.950,-1.015,-1.092,-7.002096,-34.832729
328161,3,-0.14,0.00,9.950,-1.034,-1.087,-7.002096,-34.832729
328212,3,-0.12,-0.56,9.907,-0.972,-1.116,-7.002096,-34.832729
328262,3,-0.14,-0.52,9.888,-0.996,-1.087,-7.002096,-34.832729
328312,3,-0.14,0.00,9.955,-1.010,-1.092,-7.002096,-34.832729
328363,3,-0.15,-0.56,9.936,-1.010,-1.106,-7.002096,-34.832729
328422,3,-0.16,-0.19,9.922,-1.020,-1.097,-7.002096,-34.832729
328474,3,-0.18,-0.52,9.926,-1.010,-1.063,-7.002096,-34.832729
328524,3,-0.18,0.00,9.960,-0.996,-1.116,-7.002096,-34.832729
328573,3,-0.19,0.00,9.931,-0.991,-1.125,-7.002096,-34.832729
328625,3,-0.15,0.00,9.926,-1.010,-1.125,-7.002096,-34.832729
328676,3,-0.15,0.00,9.922,-1.025,-1.116,-7.002096,-34.832729
328728,3,-0.15,0.00,9.946,-1.020,-1.092,-7.002096,-34.832729
328780,3,-0.17,-0.56,9.936,-1.020,-1.116,-7.002096,-34.832729
328831,3,-0.18,0.00,9.912,-1.015,-1.116,-7.002096,-34.832729
328883,3,-0.17,0.00,9.926,-1.001,-1.092,-7.002096,-34.832729
328934,3,-0.17,0.00,9.907,-1.006,-1.125,-7.002096,-34.832729
328984,3,-0.20,-1.05,9.917,-1.010,-1.120,-7.002096,-34.832729
329035,3,-0.20,0.00,9.941,-1.001,-1.120,-7.002096,-34.832729
329085,3,-0.21,0.00,9.941,-1.025,-1.106,-7.002096,-34.832729
329136,3,-0.21,0.00,9.926,-1.015,-1.111,-7.002096,-34.832729
329186,3,-0.21,0.00,9.926,-0.986,-1.101,-7.002096,-34.832729
329237,3,-0.22,0.00,9.936,-0.996,-1.120,-7.002096,-34.832729
329287,3,-0.24,0.00,9.912,-1.001,-1.106,-7.002096,-34.832729
329337,3,-0.24,0.00,9.926,-1.030,-1.120,-7.002096,-34.832729
329388,3,-0.25,0.00,9.926,-0.996,-1.092,-7.002096,-34.832729
329438,3,-0.25,0.00,9.917,-1.020,-1.097,-7.002096,-34.832729
329490,3,-0.25,0.00,9.922,-0.986,-1.106,-7.002096,-34.832729
329541,3,-0.24,0.00,9.941,-1.006,-1.116,-7.002096,-34.832729
329593,3,-0.25,0.00,9.917,-0.986,-1.106,-7.002096,-34.832729
329644,3,-0.26,-0.48,9.936,-1.006,-1.135,-7.002096,-34.832729
329695,3,-0.26,0.00,9.965,-1.015,-1.120,-7.002096,-34.832729
329746,3,-0.25,0.00,9.926,-1.020,-1.116,-7.002096,-34.832729
329798,3,-0.25,0.00,9.917,-1.025,-1.116,-7.002096,-34.832729
329850,3,-0.25,0.00,9.926,-1.006,-1.106,-7.002096,-34.832729
329901,3,-0.28,-0.52,9.917,-1.015,-1.097,-7.002096,-34.832729
329953,3,-0.29,-0.45,9.931,-1.025,-1.130,-7.002096,-34.832729
330003,3,-0.25,0.00,9.926,-1.010,-1.120,-7.002096,-34.832729
330054,3,-0.30,-1.39,9.917,-1.015,-1.111,-7.002095,-34.832729
330104,3,-0.29,0.60,9.931,-1.010,-1.092,-7.002095,-34.832729
330155,3,-0.25,0.00,9.946,-1.010,-1.087,-7.002095,-34.832729
330205,3,-0.29,-1.41,9.926,-1.001,-1.092,-7.002095,-34.832729
330255,3,-0.29,0.00,9.941,-1.001,-1.097,-7.002095,-34.832729
330306,3,-0.25,0.00,9.946,-1.015,-1.111,-7.002095,-34.832729
330356,3,-0.27,-0.56,9.917,-1.020,-1.116,-7.002095,-34.832729
330407,3,-0.27,0.00,9.946,-1.010,-1.111,-7.002095,-34.832729
330464,3,-0.28,-0.19,9.917,-0.986,-1.111,-7.002095,-34.832729
330514,3,-0.28,0.00,9.931,-1.006,-1.116,-7.002095,-34.832729
330566,3,-0.27,0.52,9.917,-1.015,-1.125,-7.002095,-34.832729
330617,3,-0.28,0.00,9.931,-1.001,-1.097,-7.002095,-34.832729
330669,3,-0.28,0.00,9.922,-1.015,-1.106,-7.002095,-34.832729
330720,3,-0.30,0.00,9.936,-1.015,-1.111,-7.002095,-34.832729
330772,3,-0.34,-1.04,9.931,-1.025,-1.111,-7.002095,-34.832729
330821,3,-0.34,0.00,9.907,-1.006,-1.111,-7.002095,-34.832729
330873,3,-0.35,-0.48,9.926,-1.010,-1.106,-7.002095,-34.832729
330924,3,-0.35,0.00,9.926,-1.025,-1.116,-7.002095,-34.832729
330977,3,-0.36,0.00,9.946,-1.015,-1.130,-7.002095,-34.832729
331027,3,-0.34,0.88,9.922,-1.001,-1.130,-7.002095,-34.832729
331077,3,-0.35,-0.54,9.936,-1.025,-1.106,-7.002095,-34.832729
331128,3,-0.37,0.00,9.960,-1.010,-1.130,-7.002095,-34.832729
331178,3,-0.37,0.00,9.946,-1.001,-1.140,-7.002095,-34.832729
331229,3,-0.38,-0.56,9.917,-1.010,-1.116,-7.002095,-34.832729
331279,3,-0.38,0.00,9.931,-1.001,-1.106,-7.002095,-34.832729
331330,3,-0.40,0.00,9.931,-1.010,-1.140,-7.002095,-34.832729
331380,3,-0.40,0.00,9.941,-0.986,-1.125,-7.002095,-34.832729
331430,3,-0.40,0.00,9.912,-1.025,-1.116,-7.002095,-34.832729
331482,3,-0.38,0.00,9.931,-1.010,-1.135,-7.002095,-34.832729
331534,3,-0.36,0.86,9.931,-1.006,-1.125,-7.002095,-34.832729
331585,3,-0.35,0.00,9.917,-1.015,-1.097,-7.002095,-34.832729
331637,3,-0.35,0.00,9.922,-1.006,-1.116,-7.002095,-34.832729
331689,3,-0.36,0.00,9.926,-0.996,-1.087,-7.002095,-34.832729
331739,3,-0.37,-0.48,9.922,-1.006,-1.101,-7.002095,-34.832729
331790,3,-0.37,0.00,9.917,-1.001,-1.106,-7.002095,-34.832729
331842,3,-0.37,0.00,9.917,-1.020,-1.120,-7.002095,-34.832729
331891,3,-0.37,0.00,9.898,-1.010,-1.082,-7.002095,-34.832729
331943,3,-0.34,1.30,9.960,-1.015,-1.120,-7.002095,-34.832729
331993,3,-0.36,0.00,9.922,-1.020,-1.106,-7.002095,-34.832729
332043,3,-0.36,0.00,9.931,-1.006,-1.125,-7.002094,-34.832733
332094,3,-0.37,-0.52,9.917,-1.020,-1.125,-7.002094,-34.832733
332144,3,-0.37,0.00,9.922,-1.010,-1.087,-7.002094,-34.832733
332195,3,-0.39,0.00,9.926,-1.001,-1.082,-7.002094,-34.832733
332245,3,-0.39,0.00,9.931,-1.010,-1.120,-7.002094,-34.832733
332295,3,-0.39,0.00,9.931,-1.006,-1.111,-7.002094,-34.832733
332346,3,-0.44,-2.01,9.926,-1.006,-1.130,-7.002094,-34.832733
332396,3,-0.44,0.00,9.950,-1.020,-1.125,-7.002094,-34.832733
332446,3,-0.44,0.00,9.936,-1.010,-1.111,-7.002094,-34.832733
332506,3,-0.44,0.00,9.931,-1.001,-1.116,-7.002094,-34.832733
332557,3,-0.44,0.00,9.926,-1.020,-1.125,-7.002094,-34.832733
332608,3,-0.46,-1.01,9.931,-1.001,-1.082,-7.002094,-34.832733
332659,3,-0.46,0.00,9.912,-1.015,-1.130,-7.002094,-34.832733
332711,3,-0.46,0.00,9.926,-1.001,-1.125,-7.002094,-34.832733
332763,3,-0.46,0.00,9.912,-1.001,-1.130,-7.002094,-34.832733
332814,3,-0.45,0.48,9.931,-1.010,-1.120,-7.002094,-34.832733
332866,3,-0.49,0.00,9.931,-0.986,-1.116,-7.002094,-34.832733
332917,3,-0.47,0.00,9.917,-1.015,-1.101,-7.002094,-34.832733
332970,3,-0.47,0.00,9.931,-1.006,-1.130,-7.002094,-34.832733
333020,3,-0.46,0.00,9.926,-1.010,-1.111,-7.002094,-34.832733
333070,3,-0.43,0.56,9.936,-1.015,-1.135,-7.002094,-34.832733
333121,3,-0.42,0.52,9.926,-1.006,-1.087,-7.002094,-34.832733
333171,3,-0.43,0.00,9.936,-1.020,-1.097,-7.002094,-34.832733
333222,3,-0.40,0.56,9.931,-1.010,-1.144,-7.002094,-34.832733
333272,3,-0.40,0.00,9.950,-0.996,-1.106,-7.002094,-34.832733
333322,3,-0.39,0.00,9.912,-1.025,-1.106,-7.002094,-34.832733
333373,3,-0.38,0.00,9.936,-0.991,-1.111,-7.002094,-34.832733
333423,3,-0.38,0.00,9.926,-1.010,-1.111,-7.002094,-34.832733
333475,3,-0.38,0.00,9.931,-1.001,-1.097,-7.002094,-34.832733
333527,3,-0.41,0.00,9.912,-1.025,-1.106,-7.002094,-34.832733
333579,3,-0.41,0.00,9.931,-1.015,-1.120,-7.002094,-34.832733
333630,3,-0.36,0.56,9.902,-1.006,-1.097,-7.002094,-34.832733
333682,3,-0.36,0.00,9.936,-1.020,-1.125,-7.002094,-34.832733
333733,3,-0.39,0.00,9.936,-1.010,-1.101,-7.002094,-34.832733
333785,3,-0.37,0.52,9.941,-1.015,-1.111,-7.002094,-34.832733
333837,3,-0.37,0.00,9.917,-1.015,-1.111,-7.002094,-34.832733
333887,3,-0.37,0.00,9.917,-1.015,-1.111,-7.002094,-34.832733
333938,3,-0.37,0.00,9.941,-1.015,-1.125,-7.002094,-34.832733
333989,3,-0.37,0.00,9.941,-1.010,-1.116,-7.002094,-34.832733
334039,3,-0.41,0.00,9.912,-1.015,-1.116,-7.002094,-34.832733
334089,3,-0.40,0.56,9.931,-0.996,-1.111,-7.002094,-34.832733
334140,3,-0.38,0.56,9.926,-1.025,-1.125,-7.002094,-34.832733
334190,3,-0.38,0.00,9.936,-1.015,-1.130,-7.002094,-34.832733
334241,3,-0.35,0.50,9.926,-1.030,-1.068,-7.002094,-34.832733
334291,3,-0.35,0.00,9.941,-1.015,-1.130,-7.002094,-34.832733
334341,3,-0.35,0.00,9.926,-1.015,-1.101,-7.002094,-34.832733
334392,3,-0.34,0.00,9.936,-1.015,-1.111,-7.002094,-34.832733
334442,3,-0.39,-2.01,9.931,-1.020,-1.111,-7.002094,-34.832733
334494,3,-0.39,0.00,9.931,-0.996,-1.130,-7.002094,-34.832733
334567,3,-0.38,0.15,9.931,-1.010,-1.120,-7.002094,-34.832733
334619,3,-0.38,0.00,9.922,-1.006,-1.130,-7.002094,-34.832733
334671,3,-0.36,0.52,9.922,-1.020,-1.149,-7.002094,-34.832733
334721,3,-0.36,0.00,9.907,-1.006,-1.120,-7.002094,-34.832733
334773,3,-0.36,0.00,9.922,-1.001,-1.106,-7.002094,-34.832733
334824,3,-0.36,0.00,9.907,-1.001,-1.106,-7.002094,-34.832733
334876,3,-0.36,0.00,9.941,-1.010,-1.087,-7.002094,-34.832733
334927,3,-0.36,0.00,9.912,-1.015,-1.111,-7.002094,-34.832733
334977,3,-0.36,0.00,9.931,-0.996,-1.111,-7.002094,-34.832733
335028,3,-0.36,0.00,9.931,-1.015,-1.116,-7.002093,-34.832733
335078,3,-0.36,0.00,9.917,-0.996,-1.106,-7.002093,-34.832733
335129,3,-0.40,0.00,9.941,-1.015,-1.144,-7.002093,-34.832733
335179,3,-0.40,0.00,9.922,-1.015,-1.116,-7.002093,-34.832733
335229,3,-0.40,0.00,9.902,-1.025,-1.077,-7.002093,-34.832733
335280,3,-0.40,0.00,9.917,-1.010,-1.116,-7.002093,-34.832733
335330,3,-0.40,0.00,9.941,-1.010,-1.125,-7.002093,-34.832733
335381,3,-0.38,0.56,9.931,-0.996,-1.101,-7.002093,-34.832733
335431,3,-0.38,0.00,9.922,-1.001,-1.077,-7.002093,-34.832733
335480,3,-0.36,0.52,9.936,-1.006,-1.111,-7.002093,-34.832733
335532,3,-0.36,0.00,9.946,-1.025,-1.120,-7.002093,-34.832733
335583,3,-0.34,0.00,9.917,-1.010,-1.120,-7.002093,-34.832733
335635,3,-0.34,0.00,9.917,-1.010,-1.135,-7.002093,-34.832733
335687,3,-0.34,0.00,9.926,-1.010,-1.092,-7.002093,-34.832733
335738,3,-0.39,-0.48,9.922,-1.001,-1.116,-7.002093,-34.832733
335790,3,-0.38,0.48,9.941,-1.015,-1.097,-7.002093,-34.832733
335841,3,-0.37,0.56,9.926,-1.025,-1.120,-7.002093,-34.832733
335892,3,-0.37,0.00,9.931,-1.025,-1.101,-7.002093,-34.832733
335943,3,-0.37,0.00,9.936,-1.010,-1.097,-7.002093,-34.832733
335994,3,-0.38,-0.56,9.941,-1.006,-1.130,-7.002093,-34.832733
336044,3,-0.40,0.00,9.941,-1.010,-1.116,-7.002093,-34.832733
336094,3,-0.40,0.00,9.936,-0.996,-1.120,-7.002093,-34.832733
336145,3,-0.39,0.52,9.946,-1.020,-1.125,-7.002093,-34.832733
336195,3,-0.39,0.00,9.941,-1.025,-1.106,-7.002093,-34.832733
336246,3,-0.39,-0.56,9.926,-1.010,-1.092,-7.002093,-34.832733
336296,3,-0.39,0.00,9.926,-1.030,-1.092,-7.002093,-34.832733
336346,3,-0.39,0.00,9.922,-1.006,-1.068,-7.002093,-34.832733
336397,3,-0.40,0.00,9.917,-1.006,-1.120,-7.002093,-34.832733
336447,3,-0.44,-1.39,9.941,-1.034,-1.116,-7.002093,-34.832733
336498,3,-0.44,0.00,9.917,-1.006,-1.087,-7.002093,-34.832733
336550,3,-0.44,0.00,9.931,-1.015,-1.111,-7.002093,-34.832733
336608,3,-0.42,0.18,9.926,-1.006,-1.097,-7.002093,-34.832733
336658,3,-0.42,0.00,9.941,-1.010,-1.125,-7.002093,-34.832733
336709,3,-0.42,0.00,9.946,-1.025,-1.120,-7.002093,-34.832733
336761,3,-0.44,0.00,9.941,-0.991,-1.125,-7.002093,-34.832733
336813,3,-0.42,1.34,9.936,-1.020,-1.106,-7.002093,-34.832733
336864,3,-0.46,0.00,9.922,-1.015,-1.092,-7.002093,-34.832733
336916,3,-0.43,-0.52,9.917,-1.010,-1.106,-7.002093,-34.832733
336965,3,-0.44,-0.52,9.936,-1.030,-1.130,-7.002093,-34.832733
337016,3,-0.44,0.00,9.917,-1.006,-1.125,-7.002093,-34.832733
337066,3,-0.49,0.00,9.922,-1.006,-1.140,-7.002093,-34.832733
337117,3,-0.38,4.38,9.922,-1.010,-1.125,-7.002093,-34.832733
337167,3,-0.30,0.00,9.941,-1.025,-1.106,-7.002093,-34.832733
337218,3,-0.15,2.90,9.936,-1.006,-1.111,-7.002093,-34.832733
337300,3,-0.05,1.65,9.912,-0.986,-1.120,-7.002093,-34.832733
337352,3,3.20,130.03,9.926,-0.991,-1.097,-7.002093,-34.832733
337402,3,6.18,119.46,9.946,-1.015,-1.106,-7.002093,-34.832733
337455,3,9.05,0.00,9.931,-1.006,-1.120,-7.002093,-34.832733
337505,3,11.70,98.00,9.902,-1.010,-1.106,-7.002093,-34.832733
337557,3,14.16,0.00,9.922,-1.030,-1.135,-7.002093,-34.832733
337608,3,18.61,79.69,9.922,-1.006,-1.106,-7.002093,-34.832733
337660,3,20.69,77.06,9.917,-1.010,-1.120,-7.002093,-34.832733
337711,3,21.19,-53.23,9.902,-1.020,-1.106,-7.002093,-34.832733
337763,3,19.83,-50.55,9.926,-0.996,-1.125,-7.002093,-34.832733
337815,3,18.57,0.00,9.912,-1.010,-1.092,-7.002093,-34.832733
337866,3,16.25,-40.98,9.936,-1.006,-1.125,-7.002093,-34.832733
337918,3,15.23,0.00,9.917,-1.010,-1.125,-7.002093,-34.832733
337967,3,13.36,-34.94,9.912,-1.010,-1.130,-7.002093,-34.832733
338018,3,12.49,-34.98,9.941,-1.030,-1.097,-7.002095,-34.832729
338068,3,11.69,0.00,9.936,-1.006,-1.116,-7.002095,-34.832729
338119,3,10.21,-28.89,9.931,-1.006,-1.101,-7.002095,-34.832729
338169,3,9.55,-26.45,9.926,-1.020,-1.120,-7.002095,-34.832729
338219,3,8.95,0.00,9.922,-0.991,-1.092,-7.002095,-34.832729
338270,3,7.81,-22.50,9.941,-1.020,-1.101,-7.002095,-34.832729
338320,3,7.31,-20.27,9.922,-1.001,-1.111,-7.002095,-34.832729
338371,3,6.84,0.00,9.931,-1.001,-1.087,-7.002095,-34.832729
338421,3,5.92,-17.23,9.931,-1.001,-1.116,-7.002095,-34.832729
338473,3,5.54,-15.35,9.917,-1.010,-1.101,-7.002095,-34.832729
338522,3,5.19,0.00,9.922,-1.001,-1.106,-7.002095,-34.832729
338574,3,4.52,-11.53,9.907,-1.001,-1.101,-7.002095,-34.832729
338625,3,4.25,-10.15,9.907,-1.020,-1.120,-7.002095,-34.832729
338682,3,3.68,-9.53,9.922,-1.010,-1.116,-7.002095,-34.832729
338734,3,3.45,-8.83,9.912,-1.001,-1.140,-7.002095,-34.832729
338786,3,3.01,-8.12,9.922,-1.010,-1.125,-7.002095,-34.832729
338836,3,3.01,0.00,9.917,-0.996,-1.116,-7.002095,-34.832729
338887,3,2.58,-7.97,9.936,-1.034,-1.101,-7.002095,-34.832729
338939,3,2.39,-7.81,9.955,-1.001,-1.111,-7.002095,-34.832729
338989,3,2.23,0.00,9.907,-1.010,-1.111,-7.002095,-34.832729
339040,3,1.89,-5.69,9.931,-1.006,-1.116,-7.002096,-34.832729
339090,3,1.76,-5.27,9.922,-1.001,-1.097,-7.002096,-34.832729
339141,3,1.62,0.00,9.926,-1.015,-1.097,-7.002096,-34.832729
339191,3,1.41,-4.22,9.922,-1.015,-1.140,-7.002096,-34.832729
339241,3,1.27,-5.69,9.926,-0.996,-1.111,-7.002096,-34.832729
339292,3,1.20,0.00,9.917,-1.020,-1.140,-7.002096,-34.832729
339342,3,0.99,-3.72,9.941,-1.006,-1.111,-7.002096,-34.832729
339393,3,0.92,-2.90,9.926,-1.006,-1.135,-7.002096,-34.832729
339443,3,0.86,0.00,9.902,-1.001,-1.077,-7.002096,-34.832729
339494,3,0.73,-2.07,9.936,-1.020,-1.106,-7.002096,-34.832729
339546,3,0.70,0.00,9.941,-1.015,-1.101,-7.002096,-34.832729
339598,3,0.58,-1.84,9.931,-1.001,-1.130,-7.002096,-34.832729
339649,3,0.50,-2.81,9.926,-1.001,-1.111,-7.002096,-34.832729
339701,3,0.42,-1.75,9.950,-1.010,-1.111,-7.002096,-34.832729
339752,3,0.38,-1.34,9.950,-1.015,-1.101,-7.002096,-34.832729
339804,3,0.29,0.00,9.941,-1.015,-1.106,-7.002096,-34.832729
339856,3,0.19,-1.88,9.917,-1.015,-1.092,-7.002096,-34.832729
339907,3,0.14,-1.84,9.912,-1.010,-1.116,-7.002096,-34.832729
339959,3,0.09,-1.47,9.912,-1.001,-1.106,-7.002096,-34.832729
340010,3,0.04,-1.99,9.922,-1.015,-1.116,-7.002096,-34.832729
340060,3,-0.00,0.00,9.922,-1.010,-1.097,-7.002094,-34.832729
340110,3,-0.05,-0.52,9.926,-1.020,-1.106,-7.002094,-34.832729
340161,3,-0.09,-1.45,9.946,-1.010,-1.097,-7.002094,-34.832729
340211,3,-0.10,0.00,9.922,-1.015,-1.120,-7.002094,-34.832729
340262,3,-0.14,0.00,9.922,-1.015,-1.097,-7.002094,-34.832729
340312,3,-0.19,-1.97,9.926,-1.015,-1.120,-7.002094,-34.832729
340362,3,-0.21,0.00,9.922,-1.015,-1.111,-7.002094,-34.832729
340413,3,-0.25,-1.49,9.931,-1.010,-1.087,-7.002094,-34.832729
340462,3,-0.25,0.00,9.936,-1.020,-1.116,-7.002094,-34.832729
340514,3,-0.25,0.00,9.941,-1.020,-1.097,-7.002094,-34.832729
340566,3,-0.14,2.16,9.922,-1.001,-1.097,-7.002094,-34.832729
340616,3,-0.14,0.00,9.922,-1.025,-1.106,-7.002094,-34.832729
340668,3,-0.07,1.49,9.931,-1.006,-1.111,-7.002094,-34.832729
340765,3,-0.03,0.29,9.926,-1.010,-1.101,-7.002094,-34.832729
340815,3,-0.10,-2.35,9.917,-1.039,-1.077,-7.002094,-34.832729
340866,3,3.17,120.90,9.946,-1.015,-1.111,-7.002094,-34.832729
340918,3,6.20,0.00,9.922,-1.006,-1.106,-7.002094,-34.832729
340968,3,11.78,99.23,9.941,-1.015,-1.130,-7.002094,-34.832729
341018,3,14.24,0.00,9.931,-0.996,-1.101,-7.002094,-34.832729
341068,3,18.79,90.40,9.922,-1.006,-1.106,-7.002094,-34.832729
341118,3,20.89,83.79,9.936,-1.006,-1.130,-7.002094,-34.832729
341169,3,21.39,0.00,9.922,-0.996,-1.140,-7.002094,-34.832729
341219,3,18.74,-50.46,9.912,-1.006,-1.097,-7.002094,-34.832729
341269,3,17.57,-46.86,9.931,-1.030,-1.125,-7.002094,-34.832729
341320,3,16.44,0.00,9.907,-0.996,-1.116,-7.002094,-34.832729
341370,3,14.45,-38.41,9.936,-1.039,-1.116,-7.002094,-34.832729
341420,3,13.50,-36.45,9.950,-1.010,-1.101,-7.002094,-34.832729
341472,3,12.66,0.00,9.922,-1.015,-1.106,-7.002094,-34.832729
341524,3,11.13,-27.09,9.941,-1.030,-1.111,-7.002094,-34.832729
341576,3,10.39,-27.50,9.926,-1.015,-1.106,-7.002094,-34.832729
341627,3,9.75,0.00,9.922,-1.020,-1.130,-7.002094,-34.832729
341679,3,8.51,-22.22,9.922,-1.001,-1.111,-7.002094,-34.832729
341730,3,7.99,0.00,9.922,-1.010,-1.101,-7.002094,-34.832729
341782,3,6.98,-17.29,9.946,-1.020,-1.125,-7.002094,-34.832729
341834,3,6.51,-18.80,9.936,-1.001,-1.144,-7.002094,-34.832729
341885,3,5.69,-14.22,9.936,-1.020,-1.092,-7.002094,-34.832729
341937,3,5.31,-14.20,9.941,-1.015,-1.140,-7.002094,-34.832729
341987,3,4.95,0.00,9.936,-1.010,-1.106,-7.002094,-34.832729
342037,3,4.35,-10.97,9.926,-1.020,-1.097,-7.002092,-34.832729
342087,3,4.04,-11.96,9.917,-1.015,-1.092,-7.002092,-34.832729
342138,3,3.78,0.00,9.936,-1.025,-1.116,-7.002092,-34.832729
342188,3,3.29,-10.06,9.931,-1.015,-1.077,-7.002092,-34.832729
342238,3,3.08,-8.40,9.941,-1.025,-1.125,-7.002092,-34.832729
342289,3,2.88,0.00,9.936,-1.010,-1.130,-7.002092,-34.832729
342339,3,2.50,-7.79,9.926,-1.020,-1.097,-7.002092,-34.832729
342389,3,2.32,-6.89,9.926,-0.996,-1.092,-7.002092,-34.832729
342440,3,2.17,0.00,9.917,-1.015,-1.092,-7.002092,-34.832729
342490,3,2.02,-5.77,9.931,-1.025,-1.120,-7.002092,-34.832729
342542,3,1.86,0.00,9.950,-1.015,-1.097,-7.002092,-34.832729
342593,3,1.61,-4.04,9.922,-1.020,-1.140,-7.002092,-34.832729
342645,3,1.50,0.00,9.941,-1.020,-1.116,-7.002092,-34.832729
342696,3,1.28,-4.04,9.922,-1.020,-1.135,-7.002092,-34.832729
342748,3,1.17,-4.02,9.946,-1.010,-1.097,-7.002092,-34.832729
342805,3,1.01,-2.30,9.941,-1.006,-1.120,-7.002092,-34.832729
342857,3,0.95,0.00,9.936,-0.991,-1.101,-7.002092,-34.832729
342907,3,0.88,-2.70,9.922,-1.010,-1.120,-7.002092,-34.832729
342956,3,0.72,-3.22,9.922,-1.001,-1.077,-7.002092,-34.832729
343007,3,0.65,-2.90,9.922,-1.015,-1.111,-7.002092,-34.832729
343057,3,0.61,0.00,9.926,-1.015,-1.106,-7.002092,-34.832729
343107,3,0.50,-2.84,9.922,-1.010,-1.097,-7.002092,-34.832729
343158,3,0.47,-1.41,9.922,-1.001,-1.087,-7.002092,-34.832729
343208,3,0.41,0.00,9.950,-1.010,-1.106,-7.002092,-34.832729
343259,3,0.33,-1.45,9.941,-1.006,-1.101,-7.002092,-34.832729
343309,3,0.31,-0.91,9.936,-1.006,-1.135,-7.002092,-34.832729
343359,3,0.29,0.00,9.922,-1.015,-1.130,-7.002092,-34.832729
343410,3,0.23,-0.88,9.936,-1.015,-1.097,-7.002092,-34.832729
343460,3,0.23,0.00,9.936,-1.006,-1.116,-7.002092,-34.832729
343511,3,0.20,0.00,9.926,-1.001,-1.111,-7.002092,-34.832729
343563,3,0.14,-0.84,9.917,-0.996,-1.116,-7.002092,-34.832729
343614,3,0.10,-1.36,9.936,-1.001,-1.130,-7.002092,-34.832729
343666,3,0.08,-1.32,9.931,-1.006,-1.111,-7.002092,-34.832729
343718,3,0.04,-1.34,9.922,-1.025,-1.106,-7.002092,-34.832729
343769,3,0.06,0.00,9.941,-1.015,-1.116,-7.002092,-34.832729
343821,3,-0.03,-1.71,9.926,-1.006,-1.097,-7.002092,-34.832729
343872,3,-0.03,0.00,9.931,-1.010,-1.082,-7.002092,-34.832729
343924,3,-0.04,0.56,9.922,-1.025,-1.087,-7.002092,-34.832729
343974,3,-0.04,0.00,9.936,-1.006,-1.106,-7.002092,-34.832729
344024,3,-0.02,0.00,9.931,-1.010,-1.120,-7.002093,-34.832729
344075,3,-0.06,-1.39,9.931,-1.001,-1.106,-7.002093,-34.832729
344125,3,-0.05,0.56,9.912,-1.015,-1.120,-7.002093,-34.832729
344175,3,-0.08,0.00,9.931,-1.001,-1.101,-7.002093,-34.832729
344226,3,-0.07,0.00,9.931,-1.020,-1.125,-7.002093,-34.832729
344276,3,-0.09,-0.93,9.950,-1.015,-1.140,-7.002093,-34.832729
344327,3,-0.09,0.00,9.936,-1.020,-1.149,-7.002093,-34.832729
344377,3,-0.11,0.00,9.936,-1.015,-1.092,-7.002093,-34.832729
344427,3,-0.09,0.56,9.902,-0.996,-1.116,-7.002093,-34.832729
344479,3,-0.12,0.00,9.922,-1.015,-1.125,-7.002093,-34.832729
344531,3,-0.12,0.00,9.922,-0.991,-1.116,-7.002093,-34.832729
344582,3,-0.10,0.00,9.941,-0.986,-1.111,-7.002093,-34.832729
344633,3,-0.10,0.00,9.931,-1.001,-1.120,-7.002093,-34.832729
344684,3,-0.12,0.00,9.922,-1.010,-1.097,-7.002093,-34.832729
344736,3,-0.16,0.00,9.931,-1.006,-1.130,-7.002093,-34.832729
344788,3,-0.15,0.52,9.931,-0.996,-1.111,-7.002093,-34.832729
344846,3,-0.14,0.19,9.922,-1.010,-1.097,-7.002093,-34.832729
344898,3,-0.11,0.48,9.936,-0.996,-1.106,-7.002093,-34.832729
344949,3,-0.11,0.00,9.946,-1.006,-1.111,-7.002093,-34.832729
345000,3,-0.11,0.00,9.926,-1.001,-1.097,-7.002093,-34.832729
345050,3,-0.15,0.00,9.941,-1.030,-1.116,-7.002092,-34.832729
345101,3,-0.15,0.00,9.946,-1.015,-1.097,-7.002092,-34.832729
345151,3,-0.15,0.00,9.917,-1.015,-1.130,-7.002092,-34.832729
345202,3,-0.15,0.00,9.917,-1.006,-1.087,-7.002092,-34.832729
345252,3,-0.16,-0.52,9.922,-1.015,-1.106,-7.002092,-34.832729
345302,3,-0.16,0.00,9.922,-1.015,-1.116,-7.002092,-34.832729
345353,3,-0.15,0.52,9.912,-1.010,-1.097,-7.002092,-34.832729
345403,3,-0.15,0.00,9.883,-0.996,-1.111,-7.002092,-34.832729
345456,3,-0.13,0.00,9.912,-1.015,-1.097,-7.002092,-34.832729
345507,3,-0.13,0.00,9.902,-0.991,-1.111,-7.002092,-34.832729
345559,3,-0.12,0.56,9.946,-1.010,-1.111,-7.002092,-34.832729
345610,3,-0.12,0.00,9.965,-1.015,-1.130,-7.002092,-34.832729
345661,3,-0.12,0.00,9.950,-1.006,-1.106,-7.002092,-34.832729
345712,3,-0.13,0.00,9.931,-1.006,-1.144,-7.002092,-34.832729
345764,3,-0.15,-0.48,9.955,-1.010,-1.087,-7.002092,-34.832729
345816,3,-0.17,0.00,9.922,-1.015,-1.068,-7.002092,-34.832729
345867,3,-0.17,0.00,9.955,-1.020,-1.120,-7.002092,-34.832729
345919,3,-0.17,0.00,9.950,-1.010,-1.111,-7.002092,-34.832729
345968,3,-0.16,0.52,9.931,-0.991,-1.120,-7.002092,-34.832729
346019,3,-0.16,0.00,9.926,-1.001,-1.111,-7.002092,-34.832729
346069,3,-0.16,0.00,9.941,-1.006,-1.097,-7.002090,-34.832729
346119,3,-0.17,0.00,9.878,-1.006,-1.068,-7.002090,-34.832729
346170,3,-0.17,0.00,9.936,-1.006,-1.120,-7.002090,-34.832729
346220,3,-0.17,0.00,9.902,-1.006,-1.097,-7.002090,-34.832729
346271,3,-0.17,-0.56,9.878,-1.006,-1.097,-7.002090,-34.832729
346321,3,-0.19,-0.54,9.936,-1.039,-1.130,-7.002090,-34.832729
346372,3,-0.17,0.00,9.936,-1.030,-1.097,-7.002090,-34.832729
346422,3,-0.15,0.52,9.922,-1.010,-1.058,-7.002090,-34.832729
346471,3,-0.15,0.00,9.936,-1.001,-1.135,-7.002090,-34.832729
346523,3,-0.12,0.00,9.974,-1.063,-1.159,-7.002090,-34.832729
346575,3,-0.08,1.13,9.946,-1.030,-1.164,-7.002090,-34.832729
346626,3,-0.06,0.00,9.907,-1.044,-1.120,-7.002090,-34.832729
346678,3,-0.06,0.00,9.907,-1.006,-1.092,-7.002090,-34.832729
346729,3,-0.09,-0.84,9.888,-1.034,-1.101,-7.002090,-34.832729
346780,3,-0.09,0.00,9.912,-1.020,-1.092,-7.002090,-34.832729
346831,3,-0.09,0.00,9.883,-1.006,-1.097,-7.002090,-34.832729
346895,3,-0.07,0.17,9.917,-0.996,-1.135,-7.002090,-34.832729
346947,3,-0.07,0.00,9.888,-0.996,-1.106,-7.002090,-34.832729
346997,3,-0.07,0.00,9.926,-0.982,-1.116,-7.002090,-34.832729
347048,3,-0.09,0.00,9.917,-1.025,-1.097,-7.002091,-34.832729
347098,3,-0.09,0.00,9.936,-1.010,-1.101,-7.002091,-34.832729
347149,3,-0.09,0.00,9.926,-1.015,-1.125,-7.002091,-34.832729
347199,3,-0.08,0.00,9.946,-1.006,-1.116,-7.002091,-34.832729
347249,3,-0.09,-0.56,9.922,-1.015,-1.116,-7.002091,-34.832729
347300,3,-0.09,0.00,9.922,-0.996,-1.116,-7.002091,-34.832729
347350,3,-0.13,0.00,9.926,-0.996,-1.097,-7.002091,-34.832729
347401,3,-0.13,0.00,9.931,-1.015,-1.111,-7.002091,-34.832729
347451,3,-0.14,0.00,9.931,-1.020,-1.101,-7.002091,-34.832729
347502,3,-0.14,0.00,9.931,-1.020,-1.125,-7.002091,-34.832729
347554,3,-0.14,0.00,9.922,-0.991,-1.092,-7.002091,-34.832729
347605,3,-0.14,0.00,9.946,-1.006,-1.135,-7.002091,-34.832729
347656,3,-0.14,0.00,9.907,-1.010,-1.106,-7.002091,-34.832729
347707,3,-0.14,0.00,9.898,-1.030,-1.087,-7.002091,-34.832729
347759,3,-0.16,-0.52,9.936,-1.020,-1.120,-7.002091,-34.832729
347811,3,-0.14,0.00,9.946,-1.001,-1.144,-7.002091,-34.832729
347862,3,-0.16,0.00,9.941,-1.015,-1.111,-7.002091,-34.832729
347914,3,-0.17,-0.48,9.941,-1.015,-1.087,-7.002091,-34.832729
347963,3,-0.21,-1.97,9.907,-1.010,-1.106,-7.002091,-34.832729
348013,3,-0.21,0.00,9.917,-1.015,-1.125,-7.002091,-34.832729
348064,3,-0.21,0.00,9.993,-1.020,-1.116,-7.002090,-34.832729
348114,3,-0.19,0.00,9.917,-1.015,-1.101,-7.002090,-34.832729
348165,3,-0.18,0.56,9.965,-0.986,-1.135,-7.002090,-34.832729
348215,3,-0.18,0.00,9.893,-1.001,-1.087,-7.002090,-34.832729
348266,3,-0.18,-0.52,9.931,-1.006,-1.135,-7.002090,-34.832729
348316,3,-0.18,0.00,9.922,-1.001,-1.106,-7.002090,-34.832729
348366,3,-0.18,0.00,9.931,-1.010,-1.101,-7.002090,-34.832729
348417,3,-0.22,0.00,9.950,-0.991,-1.144,-7.002090,-34.832729
348466,3,-0.20,0.52,9.907,-1.039,-1.101,-7.002090,-34.832729
348518,3,-0.20,0.00,9.955,-0.996,-1.111,-7.002090,-34.832729
348570,3,-0.19,0.52,9.936,-1.010,-1.116,-7.002090,-34.832729
348621,3,-0.24,-2.01,9.936,-0.996,-1.111,-7.002090,-34.832729
348673,3,-0.24,0.00,9.922,-1.020,-1.120,-7.002090,-34.832729
348724,3,-0.24,0.00,9.926,-1.010,-1.120,-7.002090,-34.832729
348776,3,-0.24,0.00,9.902,-1.015,-1.116,-7.002090,-34.832729
348828,3,-0.25,-0.52,9.912,-1.006,-1.116,-7.002090,-34.832729
348878,3,-0.25,0.00,9.936,-1.025,-1.116,-7.002090,-34.832729
348935,3,-0.28,-0.33,9.946,-1.015,-1.087,-7.002090,-34.832729
348985,3,-0.28,0.00,9.965,-1.006,-1.125,-7.002090,-34.832729
349035,3,-0.29,0.00,9.931,-0.991,-1.130,-7.002088,-34.832729
349086,3,-0.29,-1.45,9.917,-0.986,-1.135,-7.002088,-34.832729
349136,3,-0.29,0.00,9.941,-1.001,-1.111,-7.002088,-34.832729
349187,3,-0.28,0.00,9.926,-1.020,-1.101,-7.002088,-34.832729
349237,3,-0.28,0.00,9.946,-1.001,-1.106,-7.002088,-34.832729
349287,3,-0.29,-0.54,9.907,-1.015,-1.135,-7.002088,-34.832729
349338,3,-0.29,0.00,9.926,-0.996,-1.120,-7.002088,-34.832729
349388,3,-0.29,0.00,9.922,-1.015,-1.125,-7.002088,-34.832729
349439,3,-0.33,-1.49,9.917,-1.025,-1.101,-7.002088,-34.832729
349489,3,-0.34,-0.52,9.922,-0.991,-1.097,-7.002088,-34.832729
349541,3,-0.34,0.00,9.936,-0.986,-1.106,-7.002088,-34.832729
349592,3,-0.36,0.00,9.926,-1.001,-1.135,-7.002088,-34.832729
349644,3,-0.34,0.48,9.946,-1.030,-1.092,-7.002088,-34.832729
349695,3,-0.34,0.00,9.936,-1.015,-1.101,-7.002088,-34.832729
349747,3,-0.34,0.00,9.941,-1.006,-1.120,-7.002088,-34.832729
349799,3,-0.36,-0.48,9.931,-1.001,-1.097,-7.002088,-34.832729
349850,3,-0.36,0.00,9.931,-1.001,-1.120,-7.002088,-34.832729
349902,3,-0.34,0.48,9.941,-0.996,-1.101,-7.002088,-34.832729
349953,3,-0.38,0.00,9.946,-1.030,-1.111,-7.002088,-34.832729
350004,3,-0.38,0.00,9.922,-1.025,-1.101,-7.002088,-34.832729
350054,3,-0.37,0.56,9.926,-1.025,-1.111,-7.002087,-34.832729
350105,3,-0.37,0.00,9.950,-1.001,-1.111,-7.002087,-34.832729
350155,3,-0.37,0.00,9.907,-1.015,-1.073,-7.002087,-34.832729
350206,3,-0.35,0.50,9.926,-0.982,-1.101,-7.002087,-34.832729
350256,3,-0.39,0.00,9.931,-1.015,-1.116,-7.002087,-34.832729
350306,3,-0.38,0.00,9.936,-1.025,-1.111,-7.002087,-34.832729
350357,3,-0.38,0.00,9.922,-1.025,-1.111,-7.002087,-34.832729
350407,3,-0.36,0.00,9.931,-1.006,-1.130,-7.002087,-34.832729
350460,3,-0.36,0.00,9.941,-1.015,-1.130,-7.002087,-34.832729
350511,3,-0.35,0.48,9.941,-1.039,-1.092,-7.002087,-34.832729
350563,3,-0.35,0.00,9.936,-1.010,-1.106,-7.002087,-34.832729
350614,3,-0.35,0.00,9.922,-0.996,-1.087,-7.002087,-34.832729
350666,3,-0.33,0.00,9.917,-1.015,-1.120,-7.002087,-34.832729
350718,3,-0.26,0.56,9.922,-1.010,-1.125,-7.002087,-34.832729
350769,3,-0.26,0.00,9.946,-1.020,-1.087,-7.002087,-34.832729
350821,3,-0.23,0.48,9.941,-0.996,-1.106,-7.002087,-34.832729
350872,3,-0.22,0.56,9.926,-1.001,-1.097,-7.002087,-34.832729
350923,3,-0.22,0.00,9.926,-1.015,-1.120,-7.002087,-34.832729
350981,3,-0.19,0.34,9.931,-1.006,-1.116,-7.002087,-34.832729
351032,3,-0.18,0.00,9.941,-1.010,-1.101,-7.002088,-34.832729
351082,3,-0.15,0.56,9.922,-1.010,-1.111,-7.002088,-34.832729
351132,3,-0.15,0.00,9.907,-0.996,-1.082,-7.002088,-34.832729
351183,3,-0.17,0.00,9.907,-1.010,-1.097,-7.002088,-34.832729
351233,3,-0.12,2.01,9.931,-1.006,-1.130,-7.002088,-34.832729
351284,3,-0.14,-0.89,9.941,-1.020,-1.106,-7.002088,-34.832729
351334,3,-0.14,0.00,9.898,-1.001,-1.077,-7.002088,-34.832729
351384,3,-0.13,0.56,9.926,-1.010,-1.111,-7.002088,-34.832729
351435,3,-0.13,0.00,9.936,-0.996,-1.130,-7.002088,-34.832729
351486,3,-0.12,0.00,9.941,-0.996,-1.101,-7.002088,-34.832729
351537,3,-0.12,0.00,9.926,-1.006,-1.101,-7.002088,-34.832729
351588,3,-0.10,0.00,9.941,-1.006,-1.106,-7.002088,-34.832729
351640,3,-0.08,0.00,9.926,-1.010,-1.130,-7.002088,-34.832729
351692,3,-0.08,0.00,9.950,-1.015,-1.111,-7.002088,-34.832729
351743,3,-0.14,-1.75,9.898,-1.001,-1.120,-7.002088,-34.832729
351795,3,-0.14,0.00,9.936,-0.996,-1.149,-7.002088,-34.832729
351846,3,-0.14,0.48,9.950,-1.015,-1.111,-7.002088,-34.832729
351898,3,-0.14,0.00,9.922,-1.010,-1.120,-7.002088,-34.832729
351950,3,-0.14,0.00,9.917,-1.010,-1.082,-7.002088,-34.832729
352000,3,-0.12,0.00,9.926,-1.006,-1.111,-7.002088,-34.832729
352050,3,-0.14,-0.54,9.926,-1.015,-1.120,-7.002087,-34.832729
352101,3,-0.14,0.00,9.917,-1.034,-1.097,-7.002087,-34.832729
352151,3,-0.12,0.56,9.960,-1.034,-1.116,-7.002087,-34.832729
352202,3,-0.12,0.00,9.931,-1.001,-1.125,-7.002087,-34.832729
352252,3,-0.11,0.00,9.893,-0.996,-1.111,-7.002087,-34.832729
352302,3,-0.15,-1.43,9.922,-1.006,-1.116,-7.002087,-34.832729
352353,3,-0.15,0.00,9.974,-1.020,-1.135,-7.002087,-34.832729
352403,3,-0.16,0.00,9.936,-1.025,-1.125,-7.002087,-34.832729
352453,3,-0.16,0.00,9.946,-1.006,-1.130,-7.002087,-34.832729
352505,3,-0.16,0.00,9.926,-1.025,-1.092,-7.002087,-34.832729
352557,3,-0.16,0.00,9.917,-1.001,-1.111,-7.002087,-34.832729
352608,3,-0.16,0.00,9.917,-1.015,-1.135,-7.002087,-34.832729
352660,3,-0.16,0.00,9.912,-0.991,-1.101,-7.002087,-34.832729
352710,3,-0.15,0.48,9.912,-1.010,-1.097,-7.002087,-34.832729
352762,3,-0.15,0.00,9.922,-1.020,-1.130,-7.002087,-34.832729
352813,3,-0.15,0.00,9.931,-1.001,-1.092,-7.002087,-34.832729
352865,3,-0.15,0.00,9.941,-1.015,-1.125,-7.002087,-34.832729
352916,3,-0.16,-0.52,9.931,-1.030,-1.106,-7.002087,-34.832729
352969,3,-0.16,0.00,9.917,-1.010,-1.111,-7.002087,-34.832729
353027,3,-0.15,0.18,9.931,-1.010,-1.106,-7.002087,-34.832726
353078,3,-0.13,0.00,9.926,-1.025,-1.087,-7.002087,-34.832726
353128,3,-0.15,-0.56,9.965,-1.030,-1.120,-7.002087,-34.832726
353179,3,-0.16,0.00,9.960,-1.006,-1.130,-7.002087,-34.832726
353229,3,-0.17,-0.93,9.926,-1.020,-1.097,-7.002087,-34.832726
353280,3,-0.17,0.00,9.907,-0.996,-1.130,-7.002087,-34.832726
353330,3,-0.15,0.00,9.874,-1.006,-1.097,-7.002087,-34.832726
353380,3,-0.14,0.00,9.941,-0.982,-1.135,-7.002087,-34.832726
353431,3,-0.14,0.00,9.907,-1.010,-1.106,-7.002087,-34.832726
353483,3,-0.13,0.00,9.926,-1.030,-1.106,-7.002087,-34.832726
353533,3,-0.13,0.00,9.931,-1.034,-1.073,-7.002087,-34.832726
353585,3,-0.13,0.00,9.931,-1.039,-1.140,-7.002087,-34.832726
353636,3,-0.13,0.00,9.941,-1.020,-1.116,-7.002087,-34.832726
353688,3,-0.10,1.01,9.912,-1.034,-1.106,-7.002087,-34.832726
353739,3,-0.10,0.00,9.946,-1.006,-1.120,-7.002087,-34.832726
353791,3,-0.10,0.00,9.926,-1.010,-1.135,-7.002087,-34.832726
353843,3,-0.09,0.00,9.922,-1.020,-1.106,-7.002087,-34.832726
353894,3,-0.10,-0.48,9.946,-0.996,-1.168,-7.002087,-34.832726
353946,3,-0.10,0.00,9.946,-1.020,-1.116,-7.002087,-34.832726
353996,3,-0.10,0.00,9.946,-1.015,-1.140,-7.002087,-34.832726
354047,3,-0.09,0.52,9.931,-1.020,-1.120,-7.002086,-34.832726
354097,3,-0.10,0.00,9.960,-1.030,-1.073,-7.002086,-34.832726
354147,3,-0.12,-0.89,9.907,-0.996,-1.097,-7.002086,-34.832726
354198,3,-0.10,1.09,9.902,-1.010,-1.106,-7.002086,-34.832726
354248,3,-0.10,0.00,9.893,-1.001,-1.092,-7.002086,-34.832726
354299,3,-0.05,1.09,9.931,-1.020,-1.116,-7.002086,-34.832726
354349,3,-0.04,0.52,9.965,-1.006,-1.106,-7.002086,-34.832726
354400,3,-0.01,0.00,9.898,-0.996,-1.101,-7.002086,-34.832726
354450,3,0.01,0.00,9.926,-1.010,-1.116,-7.002086,-34.832726
354501,3,0.02,0.52,9.931,-1.006,-1.111,-7.002086,-34.832726
354553,3,-0.01,0.00,9.902,-1.010,-1.097,-7.002086,-34.832726
354604,3,-0.01,0.00,9.926,-0.982,-1.135,-7.002086,-34.832726
354656,3,-0.01,0.00,9.912,-0.986,-1.120,-7.002086,-34.832726
354708,3,-0.01,0.00,9.922,-0.996,-1.116,-7.002086,-34.832726
354758,3,-0.01,0.00,9.941,-0.991,-1.135,-7.002086,-34.832726
354810,3,-0.03,-0.48,9.917,-0.996,-1.130,-7.002086,-34.832726
354861,3,-0.03,0.00,9.926,-1.006,-1.135,-7.002086,-34.832726
354913,3,-0.03,0.00,9.941,-1.010,-1.097,-7.002086,-34.832726
354962,3,-0.04,-0.52,9.931,-1.006,-1.073,-7.002086,-34.832726
355013,3,-0.04,0.00,9.936,-1.015,-1.106,-7.002086,-34.832726
355072,3,-0.05,-0.18,9.931,-1.020,-1.101,-7.002085,-34.832726
355122,3,-0.09,0.00,9.936,-1.030,-1.130,-7.002085,-34.832726
355173,3,-0.09,0.00,9.931,-1.006,-1.125,-7.002085,-34.832726
355223,3,-0.09,0.00,9.917,-1.001,-1.082,-7.002085,-34.832726
355274,3,-0.09,0.00,9.931,-1.010,-1.125,-7.002085,-34.832726
355324,3,-0.09,0.00,9.917,-1.001,-1.140,-7.002085,-34.832726
355374,3,-0.09,0.00,9.946,-1.001,-1.135,-7.002085,-34.832726
355425,3,-0.09,0.00,9.950,-1.015,-1.116,-7.002085,-34.832726
355477,3,-0.13,-1.34,9.926,-1.020,-1.116,-7.002085,-34.832726
355528,3,-0.13,0.00,9.931,-1.001,-1.130,-7.002085,-34.832726
355579,3,-0.13,0.00,9.941,-1.020,-1.120,-7.002085,-34.832726
355630,3,-0.11,0.00,9.912,-1.020,-1.116,-7.002085,-34.832726
355682,3,-0.13,-0.48,9.931,-1.020,-1.116,-7.002085,-34.832726
355734,3,-0.13,0.00,9.912,-1.010,-1.125,-7.002085,-34.832726
355785,3,-0.16,-1.38,9.950,-0.986,-1.120,-7.002085,-34.832726
355837,3,-0.16,0.00,9.926,-1.001,-1.116,-7.002085,-34.832726
355888,3,-0.18,0.00,9.941,-1.006,-1.120,-7.002085,-34.832726
355940,3,-0.18,0.00,9.917,-1.010,-1.092,-7.002085,-34.832726
355990,3,-0.13,1.49,9.955,-1.015,-1.101,-7.002085,-34.832726
356041,3,-0.13,0.00,9.941,-1.001,-1.149,-7.002084,-34.832726
356091,3,-0.11,0.00,9.926,-1.025,-1.087,-7.002084,-34.832726
356141,3,-0.10,0.56,9.926,-1.015,-1.097,-7.002084,-34.832726
356192,3,-0.07,1.09,9.950,-1.006,-1.130,-7.002084,-34.832726
356242,3,-0.07,0.00,9.922,-0.986,-1.135,-7.002084,-34.832726
356292,3,-0.07,0.00,9.922,-1.025,-1.106,-7.002084,-34.832726
356343,3,-0.07,0.00,9.922,-0.991,-1.111,-7.002084,-34.832726
356393,3,-0.09,0.00,9.936,-1.010,-1.130,-7.002084,-34.832726
356444,3,-0.09,-1.45,9.931,-1.025,-1.097,-7.002084,-34.832726
356495,3,-0.05,1.45,9.941,-1.020,-1.144,-7.002084,-34.832726
356547,3,-0.10,0.00,9.941,-1.030,-1.097,-7.002084,-34.832726
356598,3,-0.10,-1.34,9.926,-1.006,-1.111,-7.002084,-34.832726
356650,3,-0.08,0.00,9.912,-1.015,-1.101,-7.002084,-34.832726
356702,3,-0.09,-0.52,9.931,-0.996,-1.106,-7.002084,-34.832726
356752,3,-0.09,0.00,9.893,-1.006,-1.111,-7.002084,-34.832726
356803,3,-0.08,0.52,9.912,-0.986,-1.130,-7.002084,-34.832726
356855,3,-0.08,0.00,9.922,-1.010,-1.116,-7.002084,-34.832726
356904,3,-0.09,-0.52,9.922,-1.015,-1.116,-7.002084,-34.832726
361974,3,-0.27,-0.03,9.922,-0.996,-1.120,-7.002084,-34.832726
362025,3,-0.35,-2.67,9.912,-1.010,-1.106,-7.002081,-34.832726
362076,3,2.94,131.47,9.936,-0.996,-1.120,-7.002081,-34.832726
362138,3,9.43,104.67,9.922,-1.025,-1.087,-7.002081,-34.832726
362188,3,12.67,129.83,9.917,-0.996,-1.101,-7.002081,-34.832726
362238,3,15.13,0.00,9.902,-1.020,-1.111,-7.002081,-34.832726
362289,3,19.53,86.14,9.936,-1.015,-1.101,-7.002081,-34.832726
362339,3,21.60,82.79,9.907,-1.010,-1.101,-7.002081,-34.832726
362390,3,20.24,0.00,9.917,-0.996,-1.097,-7.002081,-34.832726
362440,3,17.73,-47.93,9.912,-1.001,-1.116,-7.002081,-34.832726
362492,3,16.62,-41.00,9.917,-1.001,-1.097,-7.002081,-34.832726
362542,3,15.57,-39.00,9.922,-1.006,-1.116,-7.002081,-34.832726
362594,3,14.57,-36.93,9.965,-1.010,-1.135,-7.002081,-34.832726
362645,3,12.77,-32.37,9.950,-0.991,-1.082,-7.002081,-34.832726
362697,3,11.94,-30.69,9.922,-1.015,-1.106,-7.002081,-34.832726
362748,3,11.20,0.00,9.969,-1.010,-1.130,-7.002081,-34.832726
362800,3,9.83,-25.00,9.946,-0.996,-1.120,-7.002081,-34.832726
362852,3,9.21,0.00,9.926,-0.991,-1.125,-7.002081,-34.832726
362903,3,8.03,-20.95,9.926,-1.001,-1.135,-7.002081,-34.832726
362955,3,7.53,-20.17,9.931,-0.991,-1.106,-7.002081,-34.832726
363005,3,7.02,0.00,9.926,-1.006,-1.130,-7.002081,-34.832726
363056,3,6.15,-16.80,9.912,-1.006,-1.106,-7.002082,-34.832726
363106,3,5.75,-15.82,9.941,-1.010,-1.106,-7.002082,-34.832726
363157,3,5.36,0.00,9.917,-1.025,-1.087,-7.002082,-34.832726
363207,3,4.68,-11.98,9.912,-1.010,-1.082,-7.002082,-34.832726
363257,3,4.36,-12.96,9.926,-1.006,-1.120,-7.002082,-34.832726
363308,3,4.07,0.00,9.907,-1.010,-1.111,-7.002082,-34.832726
363358,3,3.53,-10.10,9.922,-1.015,-1.111,-7.002082,-34.832726
363409,3,3.28,-10.06,9.936,-1.025,-1.116,-7.002082,-34.832726
363458,3,3.06,0.00,9.936,-1.006,-1.106,-7.002082,-34.832726
363510,3,2.67,-6.61,9.936,-1.006,-1.106,-7.002082,-34.832726
363559,3,2.48,-6.72,9.917,-1.001,-1.106,-7.002082,-34.832726
363611,3,2.11,-7.26,9.917,-1.001,-1.111,-7.002082,-34.832726
363662,3,1.97,-5.29,9.931,-1.015,-1.101,-7.002082,-34.832726
363714,3,1.82,0.00,9.922,-1.020,-1.111,-7.002082,-34.832726
363765,3,1.54,-5.05,9.907,-1.020,-1.106,-7.002082,-34.832726
363816,3,1.41,-4.79,9.946,-1.015,-1.106,-7.002082,-34.832726
363867,3,1.34,-2.68,9.926,-1.025,-1.106,-7.002082,-34.832726
363919,3,1.22,0.00,9.926,-1.010,-1.106,-7.002082,-34.832726
363969,3,1.03,-2.57,9.926,-1.010,-1.101,-7.002082,-34.832726
364019,3,0.90,-4.91,9.922,-1.010,-1.097,-7.002082,-34.832726
364069,3,0.83,0.00,9.936,-1.006,-1.116,-7.002082,-34.832722
364120,3,0.70,-2.90,9.936,-1.006,-1.106,-7.002082,-34.832722
364177,3,0.58,-1.69,9.946,-1.015,-1.130,-7.002082,-34.832722
364228,3,0.49,-3.35,9.946,-1.001,-1.097,-7.002082,-34.832722
364278,3,0.43,0.00,9.931,-0.986,-1.130,-7.002082,-34.832722
364328,3,0.35,-1.45,9.907,-1.001,-1.077,-7.002082,-34.832722
364379,3,0.26,-3.48,9.926,-1.001,-1.111,-7.002082,-34.832722
364429,3,0.22,0.00,9.931,-1.015,-1.130,-7.002082,-34.832722
364481,3,0.15,-1.45,9.922,-1.010,-1.125,-7.002082,-34.832722
364533,3,0.11,-1.36,9.926,-1.010,-1.106,-7.002082,-34.832722
364583,3,0.08,-1.23,9.941,-1.010,-1.116,-7.002082,-34.832722
364635,3,0.04,0.00,9.922,-1.001,-1.106,-7.002082,-34.832722
364686,3,-0.02,-1.83,9.936,-1.010,-1.101,-7.002082,-34.832722
364738,3,-0.06,-1.34,9.946,-1.020,-1.116,-7.002082,-34.832722
364789,3,-0.06,0.00,9.917,-1.006,-1.116,-7.002082,-34.832722
364841,3,-0.11,-0.52,9.917,-1.006,-1.087,-7.002082,-34.832722
364893,3,-0.14,0.00,9.941,-1.010,-1.077,-7.002082,-34.832722
364944,3,-0.18,-1.45,9.917,-1.020,-1.097,-7.002082,-34.832722
364995,3,-0.19,-0.52,9.936,-1.010,-1.116,-7.002082,-34.832722
365045,3,-0.19,0.00,9.912,-1.015,-1.116,-7.002081,-34.832722
365095,3,-0.23,0.00,9.922,-1.010,-1.111,-7.002081,-34.832722
365146,3,-0.25,-0.76,9.955,-1.020,-1.120,-7.002081,-34.832722
365196,3,-0.25,0.00,9.926,-1.001,-1.106,-7.002081,-34.832722
365247,3,-0.23,0.00,9.931,-1.006,-1.082,-7.002081,-34.832722
365297,3,-0.27,-1.43,9.917,-1.006,-1.082,-7.002081,-34.832722
365347,3,-0.27,0.00,9.917,-1.006,-1.106,-7.002081,-34.832722
365398,3,-0.31,-1.45,9.941,-0.996,-1.116,-7.002081,-34.832722
365448,3,-0.31,0.00,9.931,-1.015,-1.120,-7.002081,-34.832722
365497,3,-0.29,0.00,9.926,-1.010,-1.101,-7.002081,-34.832722
365549,3,-0.32,-0.86,9.926,-1.030,-1.116,-7.002081,-34.832722
365600,3,-0.30,0.00,9.922,-1.015,-1.097,-7.002081,-34.832722
365652,3,-0.33,0.52,9.936,-1.015,-1.106,-7.002081,-34.832722
365703,3,-0.30,1.01,9.931,-1.015,-1.077,-7.002081,-34.832722
365754,3,-0.28,0.52,9.950,-1.015,-1.125,-7.002081,-34.832722
365805,3,-0.27,0.00,9.922,-1.025,-1.111,-7.002081,-34.832722
365857,3,-0.29,0.56,9.931,-1.020,-1.135,-7.002081,-34.832722
365909,3,-0.29,0.00,9.917,-1.010,-1.111,-7.002081,-34.832722
365961,3,-0.28,0.52,9.926,-0.996,-1.111,-7.002081,-34.832722
366011,3,-0.28,0.00,9.946,-1.001,-1.087,-7.002081,-34.832722
366061,3,-0.32,0.00,9.912,-1.010,-1.087,-7.002080,-34.832722
366112,3,-0.32,0.00,9.912,-1.030,-1.111,-7.002080,-34.832722
366162,3,-0.32,0.00,9.922,-1.015,-1.082,-7.002080,-34.832722
366232,3,-0.25,0.74,9.936,-1.034,-1.125,-7.002080,-34.832722
366282,3,-0.28,0.00,9.950,-1.015,-1.097,-7.002080,-34.832722
366333,3,-0.26,0.52,9.893,-1.025,-1.101,-7.002080,-34.832722
366383,3,-0.25,0.00,9.917,-1.006,-1.087,-7.002080,-34.832722
366434,3,-0.23,0.56,9.941,-1.010,-1.101,-7.002080,-34.832722
366484,3,-0.23,0.00,9.922,-1.020,-1.120,-7.002080,-34.832722
366536,3,-0.23,0.00,9.936,-1.015,-1.101,-7.002080,-34.832722
366587,3,-0.23,0.00,9.917,-1.020,-1.101,-7.002080,-34.832722
366639,3,-0.21,0.52,9.922,-1.015,-1.092,-7.002080,-34.832722
366690,3,-0.21,0.00,9.922,-1.025,-1.120,-7.002080,-34.832722
366742,3,-0.22,0.00,9.926,-1.030,-1.130,-7.002080,-34.832722
366791,3,-0.22,0.00,9.912,-1.020,-1.092,-7.002080,-34.832722
366843,3,-0.22,0.00,9.936,-1.030,-1.116,-7.002080,-34.832722
366894,3,-0.24,-1.34,9.926,-1.030,-1.125,-7.002080,-34.832722
366946,3,-0.26,-0.52,9.955,-1.001,-1.097,-7.002080,-34.832722
366996,3,-0.26,0.00,9.917,-1.025,-1.116,-7.002080,-34.832722
367047,3,-0.24,0.56,9.922,-1.010,-1.101,-7.002079,-34.832722
367097,3,-0.24,0.00,9.950,-1.010,-1.116,-7.002079,-34.832722
367147,3,-0.26,0.00,9.931,-1.006,-1.106,-7.002079,-34.832722
367198,3,-0.24,0.54,9.946,-1.001,-1.068,-7.002079,-34.832722
367248,3,-0.24,0.00,9.922,-1.001,-1.097,-7.002079,-34.832722
367299,3,-0.23,0.00,9.898,-1.010,-1.125,-7.002079,-34.832722
367349,3,-0.23,0.00,9.917,-1.006,-1.116,-7.002079,-34.832722
367399,3,-0.27,-1.45,9.931,-1.025,-1.097,-7.002079,-34.832722
367450,3,-0.27,0.00,9.912,-1.020,-1.106,-7.002079,-34.832722
367501,3,-0.28,-0.48,9.922,-1.020,-1.101,-7.002079,-34.832722
367553,3,-0.27,0.00,9.931,-1.025,-1.135,-7.002079,-34.832722
367604,3,-0.19,2.01,9.926,-1.010,-1.111,-7.002079,-34.832722
367655,3,-0.19,0.00,9.931,-0.996,-1.101,-7.002079,-34.832722
367706,3,-0.16,0.52,9.912,-1.025,-1.097,-7.002079,-34.832722
367758,3,-0.19,-1.38,9.946,-1.010,-1.116,-7.002079,-34.832722
367809,3,-0.15,1.49,9.950,-1.010,-1.106,-7.002079,-34.832722
367861,3,-0.19,-1.38,9.917,-1.010,-1.111,-7.002079,-34.832722
367913,3,-0.20,0.00,9.926,-1.020,-1.130,-7.002079,-34.832722
367962,3,-0.18,-0.56,9.931,-1.015,-1.116,-7.002079,-34.832722
368013,3,-0.19,-0.52,9.912,-0.996,-1.087,-7.002079,-34.832722
368063,3,-0.20,0.00,9.926,-1.020,-1.106,-7.002079,-34.832726
368113,3,-0.22,-0.52,9.946,-1.015,-1.101,-7.002079,-34.832726
368164,3,-0.23,0.00,9.907,-1.030,-1.135,-7.002079,-34.832726
368214,3,-0.28,0.00,9.922,-1.015,-1.097,-7.002079,-34.832726
368273,3,-0.29,-0.20,9.931,-1.030,-1.101,-7.002079,-34.832726
368323,3,-0.29,0.00,9.941,-1.030,-1.101,-7.002079,-34.832726
368374,3,-0.29,0.00,9.936,-1.001,-1.125,-7.002079,-34.832726
368424,3,-0.31,0.00,9.917,-1.006,-1.125,-7.002079,-34.832726
368476,3,-0.29,0.00,9.922,-1.006,-1.125,-7.002079,-34.832726
368528,3,-0.28,0.52,9.917,-1.020,-1.111,-7.002079,-34.832726
368579,3,-0.29,0.00,9.931,-1.010,-1.111,-7.002079,-34.832726
368630,3,-0.29,0.00,9.922,-1.015,-1.101,-7.002079,-34.832726
368681,3,-0.31,0.00,9.941,-1.010,-1.125,-7.002079,-34.832726
368733,3,-0.32,-0.48,9.926,-1.015,-1.111,-7.002079,-34.832726
368785,3,-0.33,0.00,9.922,-1.010,-1.087,-7.002079,-34.832726
368836,3,-0.33,0.00,9.931,-1.006,-1.106,-7.002079,-34.832726
368888,3,-0.32,0.00,9.931,-1.030,-1.116,-7.002079,-34.832726
368939,3,-0.32,0.00,9.917,-1.025,-1.082,-7.002079,-34.832726
368989,3,-0.32,0.00,9.917,-1.015,-1.106,-7.002079,-34.832726
369040,3,-0.33,0.00,9.946,-1.006,-1.097,-7.002079,-34.832726
369090,3,-0.35,0.00,9.946,-1.001,-1.125,-7.002079,-34.832726
369141,3,-0.31,1.49,9.946,-1.034,-1.101,-7.002079,-34.832726
369191,3,-0.33,0.00,9.941,-1.020,-1.116,-7.002079,-34.832726
369241,3,-0.33,0.00,9.936,-1.020,-1.101,-7.002079,-34.832726
369292,3,-0.31,0.56,9.922,-1.010,-1.111,-7.002079,-34.832726
369342,3,-0.30,0.00,9.922,-1.025,-1.101,-7.002079,-34.832726
369393,3,-0.30,0.00,9.922,-1.015,-1.097,-7.002079,-34.832726
369443,3,-0.30,0.00,9.922,-1.015,-1.116,-7.002079,-34.832726
369495,3,-0.30,0.00,9.936,-1.015,-1.087,-7.002079,-34.832726
369546,3,-0.31,-0.52,9.922,-1.010,-1.106,-7.002079,-34.832726
369598,3,-0.35,0.00,9.950,-1.006,-1.101,-7.002079,-34.832726
369650,3,-0.38,-0.48,9.912,-1.001,-1.101,-7.002079,-34.832726
369701,3,-0.38,0.00,9.926,-1.015,-1.058,-7.002079,-34.832726
369753,3,-0.35,0.48,9.950,-0.991,-1.120,-7.002079,-34.832726
369803,3,-0.35,0.00,9.926,-1.015,-1.116,-7.002079,-34.832726
369855,3,-0.33,0.56,9.931,-1.015,-1.097,-7.002079,-34.832726
369906,3,-0.33,0.00,9.917,-1.020,-1.097,-7.002079,-34.832726
369958,3,-0.33,0.00,9.950,-1.015,-1.087,-7.002079,-34.832726
370008,3,-0.37,-1.33,9.931,-1.006,-1.087,-7.002079,-34.832726
370059,3,-0.33,0.00,9.941,-0.996,-1.116,-7.002079,-34.832726
370109,3,-0.35,0.52,9.946,-1.006,-1.101,-7.002079,-34.832726
370160,3,-0.35,0.00,9.926,-1.001,-1.101,-7.002079,-34.832726
370210,3,-0.34,0.00,9.922,-1.020,-1.097,-7.002079,-34.832726
370261,3,-0.31,0.56,9.922,-1.020,-1.097,-7.002079,-34.832726
370320,3,-0.29,0.35,9.936,-1.015,-1.087,-7.002079,-34.832726
370370,3,-0.27,0.52,9.907,-1.030,-1.125,-7.002079,-34.832726
370421,3,-0.27,0.00,9.922,-1.010,-1.097,-7.002079,-34.832726
370473,3,-0.27,0.00,9.946,-1.010,-1.125,-7.002079,-34.832726
370523,3,-0.27,0.00,9.917,-1.006,-1.111,-7.002079,-34.832726
370572,3,-0.26,0.56,9.902,-1.001,-1.097,-7.002079,-34.832726
370624,3,-0.26,0.00,9.926,-1.015,-1.125,-7.002079,-34.832726
370675,3,-0.26,0.00,9.922,-1.001,-1.111,-7.002079,-34.832726
370727,3,-0.26,0.00,9.941,-1.025,-1.106,-7.002079,-34.832726
370778,3,-0.27,0.00,9.922,-1.006,-1.120,-7.002079,-34.832726
370830,3,-0.27,0.00,9.936,-1.006,-1.116,-7.002079,-34.832726
370882,3,-0.26,0.00,9.926,-1.006,-1.097,-7.002079,-34.832726
370933,3,-0.26,0.00,9.941,-1.025,-1.111,-7.002079,-34.832726
370983,3,-0.26,0.00,9.922,-0.996,-1.120,-7.002079,-34.832726
371034,3,-0.26,0.00,9.931,-1.015,-1.120,-7.002078,-34.832726
371084,3,-0.27,-0.56,9.926,-1.010,-1.092,-7.002078,-34.832726
371135,3,-0.27,0.00,9.941,-1.025,-1.111,-7.002078,-34.832726
371185,3,-0.27,0.00,9.907,-1.006,-1.111,-7.002078,-34.832726
371235,3,-0.27,0.00,9.922,-1.006,-1.101,-7.002078,-34.832726
371286,3,-0.29,-0.50,9.907,-1.015,-1.135,-7.002078,-34.832726
371336,3,-0.29,0.00,9.936,-1.001,-1.097,-7.002078,-34.832726
371387,3,-0.30,0.00,9.926,-1.020,-1.135,-7.002078,-34.832726
371437,3,-0.30,0.00,9.931,-1.015,-1.097,-7.002078,-34.832726
371489,3,-0.31,-0.52,9.950,-1.001,-1.116,-7.002078,-34.832726
371540,3,-0.31,0.00,9.917,-1.001,-1.120,-7.002078,-34.832726
371592,3,-0.31,0.00,9.946,-1.001,-1.106,-7.002078,-34.832726
371643,3,-0.33,-0.56,9.917,-0.991,-1.120,-7.002078,-34.832726
371694,3,-0.33,0.00,9.922,-1.006,-1.097,-7.002078,-34.832726
371745,3,-0.31,0.00,9.936,-1.006,-1.101,-7.002078,-34.832726
371797,3,-0.31,0.00,9.936,-0.991,-1.111,-7.002078,-34.832726
371848,3,-0.33,-0.52,9.941,-1.015,-1.106,-7.002078,-34.832726
371900,3,-0.34,-0.48,9.936,-1.001,-1.116,-7.002078,-34.832726
371952,3,-0.37,-0.48,9.931,-1.006,-1.087,-7.002078,-34.832726
372002,3,-0.37,0.00,9.931,-1.010,-1.116,-7.002078,-34.832726
372053,3,-0.35,0.00,9.917,-1.010,-1.111,-7.002078,-34.832726
372103,3,-0.35,0.00,9.936,-1.020,-1.106,-7.002078,-34.832726
372153,3,-0.32,1.37,9.931,-1.010,-1.101,-7.002078,-34.832726
372204,3,-0.32,0.00,9.917,-0.996,-1.106,-7.002078,-34.832726
372254,3,-0.32,0.00,9.907,-1.025,-1.106,-7.002078,-34.832726
372305,3,-0.32,0.00,9.941,-1.015,-1.125,-7.002078,-34.832726
372364,3,-0.32,0.00,9.946,-1.001,-1.116,-7.002078,-34.832726
372414,3,-0.33,0.00,9.941,-1.020,-1.135,-7.002078,-34.832726
372466,3,-0.33,0.56,9.931,-1.015,-1.106,-7.002078,-34.832726
372518,3,-0.33,0.00,9.931,-0.996,-1.116,-7.002078,-34.832726
372570,3,-0.35,0.00,9.946,-1.006,-1.106,-7.002078,-34.832726
372620,3,-0.31,1.75,9.946,-1.010,-1.116,-7.002078,-34.832726
372671,3,-0.34,0.00,9.941,-1.006,-1.116,-7.002078,-34.832726
372723,3,-0.32,-0.52,9.931,-1.010,-1.106,-7.002078,-34.832726
372775,3,-0.32,0.00,9.941,-1.015,-1.111,-7.002078,-34.832726
372826,3,-0.31,0.00,9.922,-1.006,-1.120,-7.002078,-34.832726
372878,3,-0.29,0.56,9.926,-1.001,-1.073,-7.002078,-34.832726
372929,3,-0.29,0.00,9.922,-1.006,-1.106,-7.002078,-34.832726
372979,3,-0.28,0.56,9.922,-1.010,-1.130,-7.002078,-34.832726
373030,3,-0.31,0.00,9.926,-0.986,-1.116,-7.002077,-34.832726
373080,3,-0.31,-1.82,9.936,-1.006,-1.120,-7.002077,-34.832726
373131,3,-0.30,0.52,9.955,-1.030,-1.111,-7.002077,-34.832726
373181,3,-0.30,0.00,9.926,-1.025,-1.101,-7.002077,-34.832726
373231,3,-0.25,0.56,9.955,-1.030,-1.120,-7.002077,-34.832726
373282,3,-0.27,-0.56,9.922,-1.006,-1.116,-7.002077,-34.832726
373332,3,-0.27,0.00,9.926,-1.010,-1.087,-7.002077,-34.832726
373383,3,-0.25,0.56,9.941,-1.006,-1.125,-7.002077,-34.832726
373433,3,-0.24,0.50,9.965,-1.015,-1.097,-7.002077,-34.832726
373485,3,-0.24,0.00,9.946,-1.006,-1.125,-7.002077,-34.832726
373536,3,-0.25,-0.48,9.917,-1.020,-1.106,-7.002077,-34.832726
373588,3,-0.25,0.00,9.926,-1.015,-1.125,-7.002077,-34.832726
373640,3,-0.25,-0.48,9.912,-1.015,-1.125,-7.002077,-34.832726
373691,3,-0.20,1.83,9.917,-1.020,-1.111,-7.002077,-34.832726
373743,3,-0.24,0.00,9.926,-1.001,-1.116,-7.002077,-34.832726
373794,3,-0.20,0.00,9.902,-1.015,-1.106,-7.002077,-34.832726
373845,3,-0.19,0.52,9.926,-1.025,-1.082,-7.002077,-34.832726
373896,3,-0.24,-0.52,9.955,-1.010,-1.135,-7.002077,-34.832726
373948,3,-0.24,0.00,9.917,-1.030,-1.073,-7.002077,-34.832726
373998,3,-0.25,0.00,9.950,-1.010,-1.135,-7.002077,-34.832726
374049,3,-0.24,0.52,9.936,-1.001,-1.111,-7.002077,-34.832726
374099,3,-0.24,0.00,9.931,-1.001,-1.087,-7.002077,-34.832726
374150,3,-0.24,-0.56,9.950,-1.006,-1.144,-7.002077,-34.832726
374200,3,-0.24,0.00,9.917,-1.010,-1.106,-7.002077,-34.832726
374250,3,-0.24,0.00,9.922,-1.001,-1.101,-7.002077,-34.832726
374301,3,-0.19,2.01,9.946,-1.020,-1.144,-7.002077,-34.832726
374351,3,-0.19,0.00,9.931,-1.006,-1.101,-7.002077,-34.832726
374413,3,-0.20,-0.18,9.926,-1.001,-1.140,-7.002077,-34.832726
374463,3,-0.20,0.00,9.926,-0.996,-1.106,-7.002077,-34.832726
374513,3,-0.20,0.00,9.917,-1.025,-1.106,-7.002077,-34.832726
374565,3,-0.19,0.56,9.941,-1.020,-1.140,-7.002077,-34.832726
374616,3,-0.18,0.48,9.946,-1.020,-1.092,-7.002077,-34.832726
374668,3,-0.18,0.00,9.931,-1.010,-1.106,-7.002077,-34.832726
374719,3,-0.16,0.00,9.926,-1.006,-1.140,-7.002077,-34.832726
374771,3,-0.15,0.00,9.917,-1.006,-1.106,-7.002077,-34.832726
374820,3,-0.13,0.00,9.926,-1.001,-1.097,-7.002077,-34.832726
374872,3,-0.12,0.52,9.946,-1.030,-1.130,-7.002077,-34.832726
374923,3,-0.14,0.52,9.936,-1.034,-1.120,-7.002077,-34.832726
374976,3,-0.14,0.00,9.917,-1.010,-1.092,-7.002077,-34.832726
375026,3,-0.13,0.00,9.898,-1.010,-1.082,-7.002077,-34.832726
375076,3,-0.12,0.50,9.917,-1.006,-1.125,-7.002077,-34.832726
375127,3,-0.12,0.00,9.888,-0.977,-1.068,-7.002077,-34.832726
375177,3,-0.09,0.00,9.941,-0.996,-1.082,-7.002077,-34.832726
375228,3,-0.08,0.00,9.922,-1.015,-1.140,-7.002077,-34.832726
375278,3,-0.08,0.00,9.917,-1.030,-1.092,-7.002077,-34.832726
375329,3,-0.08,0.00,9.936,-1.053,-1.116,-7.002077,-34.832726
375379,3,-0.06,0.52,9.922,-1.044,-1.092,-7.002077,-34.832726
375429,3,-0.06,0.00,9.955,-1.001,-1.101,-7.002077,-34.832726
375481,3,-0.06,0.00,9.898,-0.982,-1.077,-7.002077,-34.832726
375533,3,-0.06,0.00,9.941,-0.991,-1.092,-7.002077,-34.832726
375585,3,-0.10,-1.23,9.926,-1.020,-1.082,-7.002077,-34.832726
375636,3,-0.10,0.00,9.969,-1.053,-1.120,-7.002077,-34.832726
375688,3,-0.10,0.00,9.941,-1.044,-1.106,-7.002077,-34.832726
375738,3,-0.10,0.00,9.922,-1.025,-1.087,-7.002077,-34.832726
375790,3,-0.13,-1.45,9.912,-1.001,-1.106,-7.002077,-34.832726
375841,3,-0.12,0.52,9.922,-0.996,-1.077,-7.002077,-34.832726
375893,3,-0.12,0.00,9.917,-0.991,-1.087,-7.002077,-34.832726
375944,3,-0.12,0.00,9.946,-1.025,-1.125,-7.002077,-34.832726
375995,3,-0.12,-0.52,9.926,-1.044,-1.087,-7.002077,-34.832726
376045,3,-0.12,0.00,9.922,-1.039,-1.106,-7.002077,-34.832726
376096,3,-0.13,0.00,9.912,-1.039,-1.116,-7.002077,-34.832726
376146,3,-0.16,-0.52,9.931,-0.996,-1.135,-7.002077,-34.832726
376196,3,-0.15,0.50,9.926,-1.006,-1.120,-7.002077,-34.832726
376247,3,-0.16,0.00,9.922,-1.001,-1.111,-7.002077,-34.832726
376297,3,-0.20,-1.49,9.926,-1.010,-1.092,-7.002077,-34.832726
376348,3,-0.15,2.01,9.917,-1.034,-1.130,-7.002077,-34.832726
376398,3,-0.18,0.00,9.946,-1.039,-1.111,-7.002077,-34.832726
376456,3,-0.17,0.18,9.912,-1.001,-1.111,-7.002077,-34.832726
376508,3,-0.14,0.52,9.936,-0.991,-1.097,-7.002077,-34.832726
376560,3,-0.13,0.52,9.926,-1.015,-1.101,-7.002077,-34.832726
376610,3,-0.13,0.00,9.912,-1.030,-1.111,-7.002077,-34.832726
376662,3,-0.11,0.00,9.926,-1.025,-1.120,-7.002077,-34.832726
376713,3,-0.10,0.00,9.917,-1.025,-1.097,-7.002077,-34.832726
376765,3,-0.10,0.00,9.926,-1.025,-1.111,-7.002077,-34.832726
376816,3,-0.16,-1.86,9.941,-0.986,-1.101,-7.002077,-34.832726
376868,3,-0.13,1.38,9.926,-0.991,-1.125,-7.002077,-34.832726
376920,3,-0.11,0.00,9.926,-1.006,-1.106,-7.002077,-34.832726
376969,3,-0.10,0.56,9.926,-1.025,-1.120,-7.002077,-34.832726
377020,3,-0.10,0.00,9.922,-1.030,-1.097,-7.002078,-34.832726
377070,3,-0.10,0.00,9.941,-1.015,-1.087,-7.002078,-34.832726
377120,3,-0.11,-0.56,9.936,-1.001,-1.106,-7.002078,-34.832726
377171,3,-0.13,-0.52,9.926,-0.991,-1.106,-7.002078,-34.832726
377221,3,-0.13,0.00,9.922,-0.991,-1.092,-7.002078,-34.832726
377272,3,-0.15,-0.52,9.926,-1.020,-1.111,-7.002078,-34.832726
377322,3,-0.15,0.00,9.922,-1.044,-1.111,-7.002078,-34.832726
377373,3,-0.15,0.00,9.922,-1.053,-1.135,-7.002078,-34.832726
377423,3,-0.20,-0.56,9.941,-1.015,-1.101,-7.002078,-34.832726
377472,3,-0.20,0.00,9.936,-1.010,-1.097,-7.002078,-34.832726
377524,3,-0.22,-0.48,9.926,-0.996,-1.101,-7.002078,-34.832726
377576,3,-0.22,0.00,9.936,-1.001,-1.106,-7.002078,-34.832726
377627,3,-0.22,0.00,9.912,-1.015,-1.101,-7.002078,-34.832726
377679,3,-0.24,0.00,9.922,-1.034,-1.087,-7.002078,-34.832726
377730,3,-0.24,0.00,9.912,-1.020,-1.125,-7.002078,-34.832726
377781,3,-0.24,0.00,9.941,-1.010,-1.101,-7.002078,-34.832726
377832,3,-0.25,0.00,9.912,-0.996,-1.106,-7.002078,-34.832726
377884,3,-0.25,0.00,9.926,-1.001,-1.116,-7.002078,-34.832726
377936,3,-0.26,-0.52,9.941,-1.015,-1.106,-7.002078,-34.832726
377986,3,-0.26,1.41,9.941,-1.020,-1.111,-7.002078,-34.832726
378036,3,-0.28,-0.52,9.917,-1.001,-1.130,-7.002078,-34.832726
378086,3,-0.28,0.00,9.931,-1.006,-1.097,-7.002078,-34.832726
378137,3,-0.28,0.52,9.946,-1.010,-1.087,-7.002078,-34.832726
378187,3,-0.29,-0.52,9.922,-1.006,-1.116,-7.002078,-34.832726
378238,3,-0.34,0.00,9.907,-1.010,-1.101,-7.002078,-34.832726
378288,3,-0.33,-0.52,9.926,-1.015,-1.073,-7.002078,-34.832726
378339,3,-0.33,0.00,9.926,-1.025,-1.116,-7.002078,-34.832726
378389,3,-0.35,0.00,9.936,-1.020,-1.111,-7.002078,-34.832726
378439,3,-0.35,0.00,9.926,-1.001,-1.116,-7.002078,-34.832726
378502,3,-0.36,-0.17,9.926,-1.006,-1.101,-7.002078,-34.832726
378553,3,-0.36,0.00,9.926,-1.034,-1.106,-7.002078,-34.832726
378605,3,-0.37,0.00,9.936,-1.039,-1.097,-7.002078,-34.832726
378655,3,-0.39,-0.48,9.950,-1.025,-1.101,-7.002078,-34.832726
378704,3,-0.40,0.00,9.926,-1.010,-1.111,-7.002078,-34.832726
378756,3,-0.41,-0.52,9.922,-0.996,-1.101,-7.002078,-34.832726
378807,3,-0.39,0.00,9.936,-1.025,-1.144,-7.002078,-34.832726
378859,3,-0.41,-0.56,9.936,-1.010,-1.111,-7.002078,-34.832726
378910,3,-0.41,0.00,9.912,-1.025,-1.125,-7.002078,-34.832726
378962,3,-0.47,-0.48,9.931,-1.006,-1.087,-7.002078,-34.832726
379013,3,-0.43,1.41,9.955,-1.015,-1.097,-7.002078,-34.832726
379063,3,-0.45,0.00,9.926,-0.977,-1.097,-7.002078,-34.832722
379114,3,-0.46,-0.56,9.931,-1.001,-1.092,-7.002078,-34.832722
379164,3,-0.46,0.00,9.917,-0.996,-1.116,-7.002078,-34.832722
379215,3,-0.45,0.00,9.922,-1.010,-1.111,-7.002078,-34.832722
379265,3,-0.46,0.00,9.926,-1.030,-1.111,-7.002078,-34.832722
379315,3,-0.47,-0.52,9.931,-1.044,-1.116,-7.002078,-34.832722
379366,3,-0.47,0.00,9.936,-1.015,-1.101,-7.002078,-34.832722
379416,3,-0.44,0.00,9.922,-0.991,-1.092,-7.002078,-34.832722
379468,3,-0.44,0.00,9.931,-0.991,-1.087,-7.002078,-34.832722
379520,3,-0.45,0.00,9.950,-1.006,-1.111,-7.002078,-34.832722
379569,3,-0.45,0.00,9.922,-1.006,-1.125,-7.002078,-34.832722
379621,3,-0.44,0.52,9.931,-1.010,-1.097,-7.002078,-34.832722
379672,3,-0.42,0.00,9.931,-1.015,-1.111,-7.002078,-34.832722
379724,3,-0.41,0.52,9.931,-1.020,-1.120,-7.002078,-34.832722
379776,3,-0.40,0.00,9.936,-1.001,-1.120,-7.002078,-34.832722
379826,3,-0.40,0.00,9.926,-1.020,-1.097,-7.002078,-34.832722
379877,3,-0.41,0.00,9.931,-1.006,-1.120,-7.002078,-34.832722
379929,3,-0.40,0.52,9.931,-1.001,-1.092,-7.002078,-34.832722
379979,3,-0.40,0.00,9.936,-1.015,-1.101,-7.002078,-34.832722
380029,3,-0.37,1.13,9.941,-1.010,-1.092,-7.002078,-34.832726
380080,3,-0.37,0.00,9.936,-1.025,-1.106,-7.002078,-34.832726
380130,3,-0.37,0.00,9.941,-1.001,-1.097,-7.002078,-34.832726
380180,3,-0.35,0.50,9.955,-1.015,-1.116,-7.002078,-34.832726
380231,3,-0.35,0.00,9.955,-0.996,-1.097,-7.002078,-34.832726
380281,3,-0.34,0.00,9.922,-1.020,-1.092,-7.002078,-34.832726
380332,3,-0.34,0.00,9.926,-1.039,-1.106,-7.002078,-34.832726
380382,3,-0.34,0.00,9.941,-1.044,-1.101,-7.002078,-34.832726
380433,3,-0.34,0.00,9.936,-1.006,-1.106,-7.002078,-34.832726
380484,3,-0.35,-0.52,9.926,-1.010,-1.125,-7.002078,-34.832726
380548,3,-0.35,0.00,9.941,-0.996,-1.120,-7.002078,-34.832726
380600,3,-0.34,0.00,9.931,-1.020,-1.063,-7.002078,-34.832726
380651,3,-0.34,0.00,9.922,-1.006,-1.130,-7.002078,-34.832726
380702,3,-0.34,0.00,9.926,-1.034,-1.097,-7.002078,-34.832726
380753,3,-0.31,0.00,9.936,-1.010,-1.092,-7.002078,-34.832726
380805,3,-0.31,0.00,9.936,-1.030,-1.116,-7.002078,-34.832726
380857,3,-0.31,0.00,9.955,-1.015,-1.082,-7.002078,-34.832726
380908,3,-0.31,0.00,9.936,-1.006,-1.116,-7.002078,-34.832726
380960,3,-0.31,0.48,9.917,-1.020,-1.087,-7.002078,-34.832726
381011,3,-0.31,0.00,9.917,-1.010,-1.106,-7.002078,-34.832726
381061,3,-0.31,0.00,9.922,-1.015,-1.106,-7.002079,-34.832726
381111,3,-0.28,0.56,9.936,-1.025,-1.106,-7.002079,-34.832726
381162,3,-0.28,0.00,9.917,-1.010,-1.097,-7.002079,-34.832726
381212,3,-0.28,0.00,9.946,-1.015,-1.106,-7.002079,-34.832726
381263,3,-0.23,1.90,9.950,-1.010,-1.106,-7.002079,-34.832726
381313,3,-0.28,-1.97,9.955,-1.001,-1.111,-7.002079,-34.832726
381363,3,-0.28,0.00,9.917,-1.015,-1.120,-7.002079,-34.832726
381414,3,-0.28,0.56,9.917,-1.001,-1.111,-7.002079,-34.832726
381464,3,-0.28,0.00,9.936,-1.020,-1.063,-7.002079,-34.832726
381515,3,-0.27,0.00,9.917,-1.025,-1.120,-7.002079,-34.832726
381567,3,-0.25,0.00,9.931,-1.010,-1.130,-7.002079,-34.832726
381618,3,-0.24,0.48,9.922,-1.015,-1.111,-7.002079,-34.832726
381670,3,-0.24,0.00,9.926,-1.001,-1.101,-7.002079,-34.832726
381722,3,-0.24,0.00,9.941,-1.015,-1.111,-7.002079,-34.832726
381773,3,-0.23,0.00,9.922,-1.010,-1.082,-7.002079,-34.832726
381825,3,-0.21,0.48,9.946,-1.020,-1.130,-7.002079,-34.832726
381876,3,-0.18,1.45,9.912,-1.020,-1.097,-7.002079,-34.832726
381927,3,-0.20,-0.82,9.922,-0.991,-1.097,-7.002079,-34.832726
381976,3,-0.20,0.00,9.941,-1.030,-1.116,-7.002079,-34.832726
382027,3,-0.16,-0.56,9.907,-1.015,-1.135,-7.002079,-34.832726
382077,3,-0.20,-1.45,9.950,-1.010,-1.135,-7.002079,-34.832726
382128,3,-0.21,0.00,9.955,-1.006,-1.120,-7.002079,-34.832726
382178,3,-0.21,0.00,9.926,-1.015,-1.097,-7.002079,-34.832726
382229,3,-0.21,0.00,9.936,-1.006,-1.087,-7.002079,-34.832726
382279,3,-0.21,0.00,9.917,-1.010,-1.101,-7.002079,-34.832726
382329,3,-0.24,-0.56,9.931,-1.010,-1.116,-7.002079,-34.832726
382380,3,-0.24,0.00,9.922,-1.015,-1.116,-7.002079,-34.832726
382430,3,-0.25,0.00,9.931,-1.025,-1.101,-7.002079,-34.832726
382482,3,-0.25,0.00,9.941,-1.025,-1.111,-7.002079,-34.832726
382534,3,-0.25,0.00,9.912,-1.020,-1.111,-7.002079,-34.832726
382591,3,-0.25,0.00,9.912,-0.991,-1.116,-7.002079,-34.832726
382641,3,-0.25,0.00,9.926,-1.010,-1.092,-7.002079,-34.832726
382690,3,-0.25,0.00,9.936,-0.991,-1.101,-7.002079,-34.832726
382742,3,-0.25,0.00,9.912,-0.991,-1.125,-7.002079,-34.832726
382793,3,-0.27,-0.52,9.922,-1.010,-1.101,-7.002079,-34.832726
382845,3,-0.27,0.00,9.931,-1.020,-1.116,-7.002079,-34.832726
382896,3,-0.29,-0.52,9.922,-1.025,-1.092,-7.002079,-34.832726
382948,3,-0.29,0.00,9.907,-1.034,-1.077,-7.002079,-34.832726
382998,3,-0.29,0.00,9.922,-0.991,-1.106,-7.002079,-34.832726
383049,3,-0.29,0.00,9.902,-0.982,-1.111,-7.002079,-34.832726
383099,3,-0.31,0.00,9.931,-1.010,-1.106,-7.002079,-34.832726
383150,3,-0.27,0.00,9.955,-1.015,-1.097,-7.002079,-34.832726
383200,3,-0.26,0.54,9.917,-1.025,-1.097,-7.002079,-34.832726
383251,3,-0.24,0.00,9.931,-1.020,-1.116,-7.002079,-34.832726
383301,3,-0.24,0.00,9.926,-1.049,-1.135,-7.002079,-34.832726
383351,3,-0.24,0.00,9.931,-1.030,-1.135,-7.002079,-34.832726
383402,3,-0.23,0.00,9.931,-0.991,-1.097,-7.002079,-34.832726
383452,3,-0.22,0.56,9.946,-1.001,-1.087,-7.002079,-34.832726
383504,3,-0.23,-0.52,9.922,-0.986,-1.101,-7.002079,-34.832726
383555,3,-0.22,0.00,9.917,-1.006,-1.106,-7.002079,-34.832726
383607,3,-0.15,0.52,9.931,-1.025,-1.097,-7.002079,-34.832726
383658,3,-0.15,0.00,9.902,-1.034,-1.130,-7.002079,-34.832726
383710,3,-0.15,-0.52,9.941,-1.020,-1.120,-7.002079,-34.832726
383762,3,-0.14,0.52,9.946,-1.030,-1.106,-7.002079,-34.832726
383812,3,-0.14,0.00,9.941,-1.006,-1.106,-7.002079,-34.832726
383864,3,-0.13,0.00,9.936,-1.010,-1.116,-7.002079,-34.832726
383915,3,-0.13,0.00,9.931,-0.996,-1.082,-7.002079,-34.832726
383967,3,-0.14,-0.48,9.912,-0.977,-1.087,-7.002079,-34.832726
384018,3,-0.14,0.00,9.917,-1.020,-1.120,-7.002079,-34.832726
384068,3,-0.14,0.00,9.931,-1.025,-1.106,-7.002079,-34.832726
384118,3,-0.14,0.00,9.941,-1.006,-1.082,-7.002079,-34.832726
384169,3,-0.14,0.00,9.922,-1.006,-1.087,-7.002079,-34.832726
384219,3,-0.14,0.00,9.917,-1.006,-1.116,-7.002079,-34.832726
384270,3,-0.13,0.52,9.941,-0.991,-1.120,-7.002079,-34.832726
384320,3,-0.13,0.00,9.931,-1.010,-1.101,-7.002079,-34.832726
384370,3,-0.14,0.00,9.922,-1.015,-1.116,-7.002079,-34.832726
384421,3,-0.15,-0.56,9.946,-1.034,-1.120,-7.002079,-34.832726
384471,3,-0.15,0.00,9.936,-1.020,-1.092,-7.002079,-34.832726
384522,3,-0.15,0.00,9.926,-1.015,-1.097,-7.002079,-34.832726
384574,3,-0.14,0.00,9.946,-0.977,-1.101,-7.002079,-34.832726
384633,3,-0.14,0.00,9.922,-0.972,-1.063,-7.002079,-34.832726
384685,3,-0.13,0.00,9.931,-1.001,-1.101,-7.002079,-34.832726
384735,3,-0.13,0.00,9.917,-1.049,-1.116,-7.002079,-34.832726
384787,3,-0.13,0.00,9.922,-1.063,-1.111,-7.002079,-34.832726
384838,3,-0.14,-0.48,9.950,-1.010,-1.077,-7.002079,-34.832726
384890,3,-0.10,1.34,9.893,-0.996,-1.111,-7.002079,-34.832726
384941,3,-0.12,-0.52,9.917,-0.972,-1.073,-7.002079,-34.832726
384992,3,-0.10,0.00,9.960,-0.972,-1.111,-7.002079,-34.832726
385042,3,-0.10,0.00,9.946,-1.010,-1.111,-7.002079,-34.832726
385092,3,-0.12,-0.54,9.907,-1.034,-1.101,-7.002079,-34.832726
385143,3,-0.12,0.00,9.941,-1.053,-1.111,-7.002079,-34.832726
385193,3,-0.12,0.00,9.917,-1.025,-1.111,-7.002079,-34.832726
385244,3,-0.13,-0.52,9.926,-1.010,-1.106,-7.002079,-34.832726
385294,3,-0.13,0.00,9.931,-1.025,-1.101,-7.002079,-34.832726
385344,3,-0.14,0.00,9.917,-1.001,-1.087,-7.002079,-34.832726
385395,3,-0.16,-0.56,9.941,-0.991,-1.116,-7.002079,-34.832726
385445,3,-0.17,0.00,9.931,-1.025,-1.097,-7.002079,-34.832726
385497,3,-0.19,0.00,9.922,-1.020,-1.111,-7.002079,-34.832726
385548,3,-0.20,-0.48,9.922,-1.020,-1.130,-7.002079,-34.832726
385600,3,-0.21,-0.52,9.931,-0.986,-1.144,-7.002079,-34.832726
385652,3,-0.23,-0.48,9.898,-1.001,-1.111,-7.002079,-34.832726
385703,3,-0.23,0.00,9.960,-1.006,-1.087,-7.002079,-34.832726
385755,3,-0.24,0.00,9.950,-1.001,-1.116,-7.002079,-34.832726
385806,3,-0.24,0.00,9.922,-1.015,-1.116,-7.002079,-34.832726
385858,3,-0.25,-0.52,9.950,-1.039,-1.106,-7.002079,-34.832726
385910,3,-0.25,0.00,9.926,-1.025,-1.106,-7.002079,-34.832726
385961,3,-0.25,0.00,9.922,-1.001,-1.120,-7.002079,-34.832726
386012,3,-0.27,0.00,9.922,-1.015,-1.092,-7.002079,-34.832726
386062,3,-0.28,-0.52,9.931,-1.020,-1.111,-7.002079,-34.832726
386113,3,-0.28,0.00,9.946,-1.006,-1.120,-7.002079,-34.832726
386163,3,-0.27,-0.54,9.936,-1.025,-1.106,-7.002079,-34.832726
386214,3,-0.28,-0.52,9.917,-1.020,-1.120,-7.002079,-34.832726
386264,3,-0.27,0.00,9.917,-1.015,-1.111,-7.002079,-34.832726
386314,3,-0.28,0.00,9.922,-1.020,-1.077,-7.002079,-34.832726
386365,3,-0.27,0.52,9.936,-1.010,-1.120,-7.002079,-34.832726
386415,3,-0.28,0.00,9.931,-1.015,-1.106,-7.002079,-34.832726
386468,3,-0.30,0.00,9.907,-1.006,-1.140,-7.002079,-34.832726
386519,3,-0.31,0.00,9.917,-1.015,-1.101,-7.002079,-34.832726
386571,3,-0.33,-0.52,9.912,-1.001,-1.073,-7.002079,-34.832726
386622,3,-0.33,0.00,9.936,-1.006,-1.106,-7.002079,-34.832726
386679,3,-0.30,0.48,9.922,-1.025,-1.101,-7.002079,-34.832726
386731,3,-0.30,0.00,9.912,-0.996,-1.120,-7.002079,-34.832726
386782,3,-0.30,0.00,9.941,-1.025,-1.116,-7.002079,-34.832726
386833,3,-0.30,0.00,9.931,-1.025,-1.120,-7.002079,-34.832726
386884,3,-0.30,0.00,9.941,-0.986,-1.087,-7.002079,-34.832726
386936,3,-0.30,0.00,9.946,-1.015,-1.125,-7.002079,-34.832726
386986,3,-0.30,0.00,9.936,-1.006,-1.120,-7.002079,-34.832726
387036,3,-0.29,0.89,9.936,-1.020,-1.125,-7.002078,-34.832726
387087,3,-0.29,0.00,9.907,-1.006,-1.140,-7.002078,-34.832726
387137,3,-0.29,0.00,9.936,-1.034,-1.120,-7.002078,-34.832726
387188,3,-0.29,0.00,9.907,-1.006,-1.087,-7.002078,-34.832726
387238,3,-0.30,-0.56,9.936,-1.015,-1.111,-7.002078,-34.832726
387288,3,-0.30,0.00,9.941,-1.015,-1.125,-7.002078,-34.832726
387339,3,-0.30,0.00,9.931,-1.015,-1.092,-7.002078,-34.832726
387389,3,-0.30,0.00,9.907,-1.001,-1.111,-7.002078,-34.832726
387440,3,-0.30,0.00,9.950,-1.015,-1.111,-7.002078,-34.832726
387491,3,-0.27,0.00,9.907,-1.020,-1.097,-7.002078,-34.832726
387543,3,-0.28,-0.48,9.917,-1.006,-1.116,-7.002078,-34.832726
387595,3,-0.28,0.00,9.917,-1.015,-1.116,-7.002078,-34.832726
387646,3,-0.29,-0.52,9.936,-0.991,-1.140,-7.002078,-34.832726
387698,3,-0.29,0.00,9.926,-1.001,-1.116,-7.002078,-34.832726
387749,3,-0.32,-0.48,9.950,-1.020,-1.101,-7.002078,-34.832726
387801,3,-0.31,0.48,9.941,-1.034,-1.101,-7.002078,-34.832726
387853,3,-0.32,-1.97,9.926,-1.001,-1.106,-7.002078,-34.832726
387904,3,-0.32,0.00,9.912,-1.001,-1.144,-7.002078,-34.832726
387956,3,-0.28,0.00,9.926,-1.006,-1.097,-7.002078,-34.832726
388006,3,-0.28,0.00,9.960,-1.010,-1.120,-7.002078,-34.832726
388057,3,-0.28,0.00,9.922,-0.986,-1.135,-7.002079,-34.832726
388107,3,-0.30,0.00,9.931,-1.020,-1.101,-7.002079,-34.832726
388158,3,-0.30,0.50,9.922,-1.010,-1.116,-7.002079,-34.832726
388208,3,-0.31,-0.52,9.946,-1.020,-1.087,-7.002079,-34.832726
388258,3,-0.31,0.00,9.941,-1.010,-1.097,-7.002079,-34.832726
388309,3,-0.31,-0.52,9.931,-1.025,-1.092,-7.002079,-34.832726
388359,3,-0.31,0.00,9.926,-1.030,-1.101,-7.002079,-34.832726
388410,3,-0.33,0.00,9.902,-1.034,-1.116,-7.002079,-34.832726
388460,3,-0.34,-0.52,9.941,-1.010,-1.092,-7.002079,-34.832726
388510,3,-0.34,0.00,9.922,-1.010,-1.106,-7.002079,-34.832726
388561,3,-0.30,1.38,9.926,-0.996,-1.101,-7.002079,-34.832726
388613,3,-0.34,0.00,9.936,-1.020,-1.087,-7.002079,-34.832726
388665,3,-0.32,0.00,9.931,-1.010,-1.111,-7.002079,-34.832726
388721,3,-0.37,-0.67,9.926,-1.010,-1.135,-7.002079,-34.832726
388773,3,-0.35,0.52,9.926,-1.020,-1.106,-7.002079,-34.832726
388825,3,-0.37,0.00,9.936,-1.020,-1.135,-7.002079,-34.832726
388875,3,-0.38,-0.56,9.936,-1.001,-1.111,-7.002079,-34.832726
388927,3,-0.37,0.00,9.922,-1.010,-1.125,-7.002079,-34.832726
388976,3,-0.38,-0.56,9.926,-1.001,-1.125,-7.002079,-34.832726
389027,3,-0.38,0.00,9.926,-1.025,-1.130,-7.002078,-34.832726
389077,3,-0.38,0.00,9.941,-1.025,-1.106,-7.002078,-34.832726
389128,3,-0.38,0.00,9.917,-1.030,-1.125,-7.002078,-34.832726
389178,3,-0.38,0.00,9.922,-1.015,-1.101,-7.002078,-34.832726
389228,3,-0.37,0.60,9.917,-1.006,-1.120,-7.002078,-34.832726
389279,3,-0.37,0.00,9.926,-0.996,-1.111,-7.002078,-34.832726
389329,3,-0.37,0.00,9.926,-1.010,-1.116,-7.002078,-34.832726
389379,3,-0.42,-2.05,9.893,-1.030,-1.087,-7.002078,-34.832726
389430,3,-0.42,0.00,9.926,-1.010,-1.135,-7.002078,-34.832726
389479,3,-0.38,0.00,9.931,-1.015,-1.130,-7.002078,-34.832726
389531,3,-0.37,0.00,9.922,-1.006,-1.077,-7.002078,-34.832726
389582,3,-0.37,0.00,9.912,-0.996,-1.087,-7.002078,-34.832726
389634,3,-0.37,0.00,9.907,-1.001,-1.101,-7.002078,-34.832726
389686,3,-0.37,0.00,9.926,-1.010,-1.106,-7.002078,-34.832726
389737,3,-0.37,0.00,9.941,-1.034,-1.106,-7.002078,-34.832726
389789,3,-0.39,-0.45,9.936,-1.010,-1.120,-7.002078,-34.832726
389841,3,-0.36,0.00,9.926,-0.996,-1.116,-7.002078,-34.832726
389892,3,-0.37,0.00,9.946,-1.001,-1.106,-7.002078,-34.832726
389944,3,-0.37,0.00,9.950,-1.010,-1.073,-7.002078,-34.832726
389994,3,-0.38,0.00,9.936,-0.986,-1.120,-7.002078,-34.832726
390044,3,-0.40,-0.56,9.926,-1.015,-1.106,-7.002078,-34.832726
390095,3,-0.41,-0.56,9.912,-1.001,-1.111,-7.002078,-34.832726
390145,3,-0.43,0.00,9.931,-1.015,-1.097,-7.002078,-34.832726
390196,3,-0.45,-0.54,9.936,-1.015,-1.101,-7.002078,-34.832726
390246,3,-0.45,0.00,9.922,-1.006,-1.130,-7.002078,-34.832726
390296,3,-0.45,0.00,9.917,-1.030,-1.092,-7.002078,-34.832726
390347,3,-0.47,-0.52,9.946,-1.020,-1.101,-7.002078,-34.832726
390397,3,-0.47,0.00,9.936,-1.025,-1.120,-7.002078,-34.832726
390447,3,-0.53,-1.90,9.941,-1.025,-1.125,-7.002078,-34.832726
390498,3,-0.53,0.00,9.922,-1.025,-1.101,-7.002078,-34.832726
390549,3,-0.54,-0.52,9.955,-1.020,-1.106,-7.002078,-34.832726
390601,3,-0.53,0.56,9.907,-1.020,-1.077,-7.002078,-34.832726
390653,3,-0.51,0.00,9.931,-1.015,-1.135,-7.002078,-34.832726
390704,3,-0.48,0.52,9.922,-1.010,-1.077,-7.002078,-34.832726
390762,3,-0.48,0.00,9.950,-1.001,-1.125,-7.002078,-34.832726
390812,3,-0.47,0.52,9.926,-1.044,-1.111,-7.002078,-34.832726
390864,3,-0.50,-1.38,9.946,-1.020,-1.120,-7.002078,-34.832726
390915,3,-0.47,0.00,9.907,-1.020,-1.087,-7.002078,-34.832726
390967,3,-0.44,0.52,9.946,-1.010,-1.092,-7.002078,-34.832726
391018,3,-0.44,0.00,9.936,-1.025,-1.125,-7.002078,-34.832726
391068,3,-0.43,0.00,9.922,-1.001,-1.092,-7.002078,-34.832726
391118,3,-0.43,0.00,9.946,-1.030,-1.130,-7.002078,-34.832726
391169,3,-0.44,-0.52,9.912,-1.015,-1.130,-7.002078,-34.832726
391219,3,-0.44,0.00,9.955,-1.015,-1.111,-7.002078,-34.832726
391270,3,-0.44,0.00,9.926,-1.015,-1.130,-7.002078,-34.832726
391320,3,-0.45,-0.54,9.907,-1.020,-1.111,-7.002078,-34.832726
391370,3,-0.45,0.00,9.917,-1.020,-1.101,-7.002078,-34.832726
391421,3,-0.44,0.56,9.931,-0.991,-1.111,-7.002078,-34.832726
391471,3,-0.44,0.00,9.926,-1.020,-1.106,-7.002078,-34.832726
391522,3,-0.43,0.00,9.926,-1.010,-1.106,-7.002078,-34.832726
391574,3,-0.44,-0.48,9.946,-1.025,-1.111,-7.002078,-34.832726
391625,3,-0.44,0.00,9.950,-1.020,-1.125,-7.002078,-34.832726
391677,3,-0.41,1.27,9.926,-1.030,-1.130,-7.002078,-34.832726
391729,3,-0.42,0.00,9.907,-1.006,-1.125,-7.002078,-34.832726
391780,3,-0.42,0.00,9.917,-1.010,-1.120,-7.002078,-34.832726
391832,3,-0.41,0.52,9.931,-1.015,-1.125,-7.002078,-34.832726
391883,3,-0.44,0.00,9.902,-0.996,-1.111,-7.002078,-34.832726
391935,3,-0.41,1.37,9.931,-1.020,-1.120,-7.002078,-34.832726
391985,3,-0.41,0.00,9.912,-1.006,-1.106,-7.002078,-34.832726
392035,3,-0.39,0.52,9.917,-0.996,-1.087,-7.002078,-34.832726
392086,3,-0.39,0.00,9.926,-1.020,-1.116,-7.002078,-34.832726
392136,3,-0.38,0.00,9.936,-1.006,-1.097,-7.002078,-34.832726
392186,3,-0.37,0.00,9.922,-1.015,-1.063,-7.002078,-34.832726
392237,3,-0.41,-1.89,9.926,-1.025,-1.106,-7.002078,-34.832726
392287,3,-0.41,0.00,9.917,-1.030,-1.120,-7.002078,-34.832726
392338,3,-0.41,0.00,9.946,-1.010,-1.116,-7.002078,-34.832726
392388,3,-0.41,0.00,9.936,-1.030,-1.092,-7.002078,-34.832726
392439,3,-0.40,0.00,9.969,-1.006,-1.106,-7.002078,-34.832726
392490,3,-0.38,0.00,9.931,-1.015,-1.101,-7.002078,-34.832726
392541,3,-0.38,0.00,9.917,-1.025,-1.097,-7.002078,-34.832726
392592,3,-0.37,0.00,9.926,-1.006,-1.106,-7.002078,-34.832726
392644,3,-0.36,0.00,9.922,-1.001,-1.116,-7.002078,-34.832726
392696,3,-0.36,0.00,9.922,-1.006,-1.101,-7.002078,-34.832726
392747,3,-0.36,0.00,9.926,-1.001,-1.120,-7.002078,-34.832726
392805,3,-0.36,0.00,9.898,-1.006,-1.106,-7.002078,-34.832726
392856,3,-0.37,0.00,9.950,-1.001,-1.130,-7.002078,-34.832726
392907,3,-0.37,0.00,9.936,-1.025,-1.125,-7.002078,-34.832726
392958,3,-0.36,0.52,9.955,-1.006,-1.116,-7.002078,-34.832726
393009,3,-0.36,0.00,9.922,-1.030,-1.092,-7.002078,-34.832726
393059,3,-0.36,0.00,9.917,-1.030,-1.116,-7.002078,-34.832726
393110,3,-0.37,0.00,9.936,-1.010,-1.082,-7.002078,-34.832726
393160,3,-0.36,0.56,9.926,-1.020,-1.111,-7.002078,-34.832726
393211,3,-0.36,0.00,9.965,-0.996,-1.082,-7.002078,-34.832726
393261,3,-0.34,0.52,9.941,-1.025,-1.120,-7.002078,-34.832726
393311,3,-0.33,0.56,9.946,-1.006,-1.087,-7.002078,-34.832726
393362,3,-0.34,0.00,9.941,-1.020,-1.073,-7.002078,-34.832726
393412,3,-0.31,-0.52,9.931,-1.030,-1.101,-7.002078,-34.832726
393462,3,-0.32,-0.56,9.936,-1.010,-1.106,-7.002078,-34.832726
393514,3,-0.34,0.00,9.926,-1.010,-1.101,-7.002078,-34.832726
393565,3,-0.37,-0.52,9.926,-1.015,-1.111,-7.002078,-34.832726
393617,3,-0.37,0.00,9.931,-1.025,-1.125,-7.002078,-34.832726
393669,3,-0.38,0.00,9.936,-1.025,-1.101,-7.002078,-34.832726
393720,3,-0.39,0.00,9.946,-1.010,-1.106,-7.002078,-34.832726
393772,3,-0.39,0.00,9.926,-1.015,-1.106,-7.002078,-34.832726
393823,3,-0.39,0.48,9.931,-1.015,-1.116,-7.002078,-34.832726
393875,3,-0.38,0.48,9.941,-1.020,-1.097,-7.002078,-34.832726
393927,3,-0.35,1.04,9.917,-1.010,-1.087,-7.002078,-34.832726
393976,3,-0.34,0.48,9.912,-0.996,-1.116,-7.002078,-34.832726
394027,3,-0.34,0.00,9.922,-1.010,-1.106,-7.002077,-34.832726
394077,3,-0.31,0.56,9.950,-1.030,-1.120,-7.002077,-34.832726
394128,3,-0.31,0.00,9.955,-1.020,-1.087,-7.002077,-34.832726
394178,3,-0.32,0.00,9.922,-1.020,-1.097,-7.002077,-34.832726
394228,3,-0.34,0.00,9.950,-1.025,-1.125,-7.002077,-34.832726
394279,3,-0.35,-0.50,9.922,-1.020,-1.111,-7.002077,-34.832726
394329,3,-0.34,0.00,9.922,-1.030,-1.097,-7.002077,-34.832726
394380,3,-0.35,0.00,9.936,-1.020,-1.111,-7.002077,-34.832726
394430,3,-0.35,0.00,9.946,-1.030,-1.106,-7.002077,-34.832726
394482,3,-0.35,0.00,9.912,-1.015,-1.106,-7.002077,-34.832726
394534,3,-0.32,0.52,9.946,-1.010,-1.125,-7.002077,-34.832726
394585,3,-0.36,-1.27,9.922,-1.010,-1.101,-7.002077,-34.832726
394637,3,-0.36,0.00,9.898,-1.010,-1.111,-7.002077,-34.832726
394689,3,-0.36,0.00,9.902,-0.996,-1.130,-7.002077,-34.832726
394739,3,-0.34,0.48,9.869,-0.991,-1.087,-7.002077,-34.832726
394790,3,-0.34,0.00,9.936,-0.991,-1.116,-7.002077,-34.832726
394847,3,-0.33,0.18,9.941,-1.015,-1.149,-7.002077,-34.832726
394898,3,-0.35,0.52,9.917,-1.001,-1.111,-7.002077,-34.832726
394949,3,-0.35,0.00,9.931,-1.020,-1.135,-7.002077,-34.832726
394999,3,-0.33,0.52,9.931,-0.986,-1.073,-7.002077,-34.832726
395050,3,-0.33,0.00,9.878,-1.020,-1.101,-7.002077,-34.832726
395100,3,-0.33,0.00,9.907,-1.020,-1.120,-7.002077,-34.832726
395150,3,-0.36,-1.41,9.917,-1.006,-1.063,-7.002077,-34.832726
395201,3,-0.34,0.85,9.902,-1.015,-1.092,-7.002077,-34.832726
395251,3,-0.38,0.00,9.941,-0.996,-1.106,-7.002077,-34.832726
395302,3,-0.35,0.52,9.926,-1.030,-1.087,-7.002077,-34.832726
395352,3,-0.35,0.00,9.898,-1.010,-1.082,-7.002077,-34.832726
395402,3,-0.35,0.00,9.946,-1.010,-1.106,-7.002077,-34.832726
395453,3,-0.36,-0.52,9.922,-1.020,-1.106,-7.002077,-34.832726
395504,3,-0.35,0.48,9.955,-0.996,-1.087,-7.002077,-34.832726
395556,3,-0.35,-0.48,9.931,-1.020,-1.111,-7.002077,-34.832726
395607,3,-0.36,-0.52,9.955,-1.010,-1.125,-7.002077,-34.832726
395659,3,-0.36,0.00,9.926,-1.015,-1.116,-7.002077,-34.832726
395708,3,-0.38,-0.48,9.931,-1.010,-1.135,-7.002077,-34.832726
395760,3,-0.38,0.00,9.922,-1.020,-1.087,-7.002077,-34.832726
395811,3,-0.43,-1.34,9.955,-1.010,-1.125,-7.002077,-34.832726
395863,3,-0.40,0.89,9.917,-1.015,-1.125,-7.002077,-34.832726
395914,3,-0.44,0.00,9.946,-1.025,-1.092,-7.002077,-34.832726
395966,3,-0.45,0.00,9.974,-1.025,-1.120,-7.002077,-34.832726
396017,3,-0.45,0.00,9.936,-1.015,-1.125,-7.002077,-34.832726
396067,3,-0.44,0.00,9.926,-0.996,-1.120,-7.002077,-34.832726
396118,3,-0.44,0.00,9.922,-1.020,-1.120,-7.002077,-34.832726
396168,3,-0.43,0.00,9.907,-1.020,-1.130,-7.002077,-34.832726
396219,3,-0.41,0.00,9.936,-1.020,-1.092,-7.002077,-34.832726
396269,3,-0.43,-0.56,9.907,-1.030,-1.125,-7.002077,-34.832726
396319,3,-0.43,0.00,9.917,-1.010,-1.092,-7.002077,-34.832726
396370,3,-0.43,0.00,9.936,-1.006,-1.125,-7.002077,-34.832726
396420,3,-0.44,-0.50,9.922,-1.025,-1.120,-7.002077,-34.832726
396472,3,-0.44,0.00,9.965,-1.030,-1.101,-7.002077,-34.832726
396524,3,-0.47,0.00,9.960,-1.010,-1.106,-7.002077,-34.832726
396576,3,-0.46,0.45,9.941,-1.020,-1.116,-7.002077,-34.832726
396626,3,-0.46,0.00,9.955,-1.020,-1.097,-7.002077,-34.832726
396678,3,-0.46,0.00,9.907,-1.030,-1.116,-7.002077,-34.832726
396729,3,-0.45,0.52,9.902,-0.996,-1.058,-7.002077,-34.832726
396781,3,-0.45,0.00,9.922,-1.015,-1.087,-7.002077,-34.832726
396832,3,-0.45,0.00,9.931,-1.015,-1.130,-7.002077,-34.832726
396890,3,-0.46,-0.19,9.902,-1.001,-1.063,-7.002077,-34.832726
396940,3,-0.46,0.00,9.926,-1.030,-1.125,-7.002077,-34.832726
396990,3,-0.47,-0.48,9.926,-1.006,-1.120,-7.002077,-34.832726
397040,3,-0.47,0.00,9.936,-1.006,-1.120,-7.002078,-34.832729
397091,3,-0.47,0.00,9.912,-1.010,-1.130,-7.002078,-34.832729
397141,3,-0.47,0.00,9.917,-1.015,-1.092,-7.002078,-34.832729
397192,3,-0.47,0.00,9.955,-1.025,-1.111,-7.002078,-34.832729
397242,3,-0.46,0.00,9.926,-1.030,-1.097,-7.002078,-34.832729
397292,3,-0.47,0.00,9.912,-1.020,-1.120,-7.002078,-34.832729
397343,3,-0.49,-0.58,9.898,-0.991,-1.120,-7.002078,-34.832729
397393,3,-0.49,0.00,9.922,-1.006,-1.106,-7.002078,-34.832729
397444,3,-0.47,0.60,9.931,-1.006,-1.140,-7.002078,-34.832729
397495,3,-0.50,-0.89,9.936,-1.010,-1.077,-7.002078,-34.832729
397547,3,-0.50,0.00,9.917,-1.030,-1.116,-7.002078,-34.832729
397598,3,-0.50,0.00,9.941,-1.015,-1.068,-7.002078,-34.832729
397650,3,-0.50,0.00,9.941,-1.015,-1.092,-7.002078,-34.832729
397702,3,-0.47,0.52,9.926,-1.015,-1.106,-7.002078,-34.832729
397753,3,-0.47,0.00,9.922,-1.006,-1.125,-7.002078,-34.832729
397805,3,-0.46,0.00,9.912,-1.015,-1.120,-7.002078,-34.832729
397857,3,-0.43,0.00,9.950,-1.015,-1.101,-7.002078,-34.832729
397908,3,-0.47,0.00,9.941,-1.010,-1.101,-7.002078,-34.832729
397960,3,-0.45,0.00,9.907,-1.020,-1.097,-7.002078,-34.832729
398010,3,-0.45,0.00,9.917,-1.010,-1.077,-7.002078,-34.832729
398061,3,-0.45,0.00,9.922,-1.010,-1.135,-7.002078,-34.832729
398111,3,-0.45,0.00,9.907,-1.006,-1.097,-7.002078,-34.832729
398162,3,-0.47,-0.52,9.931,-1.015,-1.125,-7.002078,-34.832729
398212,3,-0.47,0.00,9.922,-1.020,-1.082,-7.002078,-34.832729
398262,3,-0.48,-0.56,9.922,-0.991,-1.111,-7.002078,-34.832729
398313,3,-0.48,0.00,9.922,-0.996,-1.087,-7.002078,-34.832729
398363,3,-0.48,0.00,9.936,-1.010,-1.101,-7.002078,-34.832729
398414,3,-0.47,0.56,9.936,-1.039,-1.140,-7.002078,-34.832729
398464,3,-0.45,0.48,9.922,-0.996,-1.082,-7.002078,-34.832729
398515,3,-0.45,0.00,9.936,-1.001,-1.111,-7.002078,-34.832729
398567,3,-0.43,0.48,9.922,-1.015,-1.101,-7.002078,-34.832729
398617,3,-0.44,-0.48,9.950,-1.010,-1.111,-7.002078,-34.832729
398666,3,-0.44,0.00,9.931,-1.030,-1.106,-7.002078,-34.832729
398718,3,-0.44,0.00,9.917,-1.001,-1.097,-7.002078,-34.832729
398769,3,-0.41,0.52,9.878,-1.030,-1.073,-7.002078,-34.832729
398821,3,-0.41,0.00,9.969,-1.010,-1.125,-7.002078,-34.832729
398872,3,-0.38,0.52,9.946,-1.044,-1.135,-7.002078,-34.832729
398932,3,-0.40,-0.20,9.917,-0.991,-1.092,-7.002078,-34.832729
398984,3,-0.40,0.00,9.917,-1.039,-1.130,-7.002078,-34.832729
399035,3,-0.41,0.00,9.946,-0.996,-1.125,-7.002077,-34.832729
399085,3,-0.45,-0.56,9.936,-0.986,-1.111,-7.002077,-34.832729
399135,3,-0.47,-0.50,9.965,-1.006,-1.097,-7.002077,-34.832729
399186,3,-0.48,0.00,9.946,-0.996,-1.073,-7.002077,-34.832729
399236,3,-0.46,-0.52,9.922,-1.015,-1.092,-7.002077,-34.832729
399287,3,-0.44,0.52,9.931,-1.025,-1.120,-7.002077,-34.832729
399337,3,-0.44,0.00,9.936,-0.986,-1.130,-7.002077,-34.832729
399388,3,-0.44,0.00,9.931,-1.015,-1.120,-7.002077,-34.832729
399438,3,-0.43,0.56,9.912,-1.010,-1.101,-7.002077,-34.832729
399490,3,-0.42,0.00,9.946,-1.006,-1.106,-7.002077,-34.832729
399540,3,-0.42,0.00,9.946,-1.025,-1.135,-7.002077,-34.832729
399589,3,-0.42,0.00,9.941,-1.010,-1.111,-7.002077,-34.832729
399641,3,-0.39,0.45,9.936,-1.030,-1.116,-7.002077,-34.832729
399692,3,-0.38,0.00,9.922,-0.996,-1.101,-7.002077,-34.832729
399744,3,-0.40,-1.45,9.926,-1.010,-1.135,-7.002077,-34.832729
399795,3,-0.38,0.52,9.922,-1.025,-1.097,-7.002077,-34.832729
399847,3,-0.37,0.00,9.917,-1.015,-1.097,-7.002077,-34.832729
399899,3,-0.34,1.41,9.931,-1.006,-1.116,-7.002077,-34.832729
399950,3,-0.36,0.00,9.926,-0.996,-1.077,-7.002077,-34.832729
400001,3,-0.31,0.52,9.946,-1.025,-1.130,-7.002077,-34.832729
400051,3,-0.33,-0.93,9.941,-1.010,-1.144,-7.002077,-34.832729
400101,3,-0.32,0.00,9.960,-0.996,-1.130,-7.002077,-34.832729
400152,3,-0.30,0.00,9.912,-1.025,-1.087,-7.002077,-34.832729
400202,3,-0.29,0.56,9.965,-1.030,-1.144,-7.002077,-34.832729
400253,3,-0.24,0.00,9.950,-1.020,-1.092,-7.002077,-34.832729
400303,3,-0.21,0.00,9.946,-1.015,-1.097,-7.002077,-34.832729
400353,3,-0.20,0.54,9.917,-0.962,-1.116,-7.002077,-34.832729
400404,3,-0.19,0.00,9.969,-0.991,-1.164,-7.002077,-34.832729
400454,3,-0.19,0.00,9.936,-1.034,-1.082,-7.002077,-34.832729
400506,3,-0.19,0.00,9.912,-1.034,-1.082,-7.002077,-34.832729
400557,3,-0.19,0.00,9.931,-1.058,-1.135,-7.002077,-34.832729
400609,3,-0.21,-0.52,9.926,-1.010,-1.063,-7.002077,-34.832729
400661,3,-0.23,0.00,9.931,-0.982,-1.106,-7.002077,-34.832729
400712,3,-0.24,-0.52,9.907,-1.001,-1.135,-7.002077,-34.832729
400764,3,-0.25,-0.52,9.912,-1.020,-1.082,-7.002077,-34.832729
400815,3,-0.24,0.93,9.931,-1.015,-1.111,-7.002077,-34.832729
400866,3,-0.24,0.00,9.893,-0.986,-1.097,-7.002077,-34.832729
400917,3,-0.28,0.86,9.931,-0.972,-1.087,-7.002077,-34.832729
400975,3,-0.28,0.00,9.931,-1.006,-1.087,-7.002077,-34.832729
401025,3,-0.34,-1.97,9.922,-1.020,-1.116,-7.002077,-34.832729
401076,3,-0.35,0.00,9.907,-1.030,-1.120,-7.002077,-34.832729
401126,3,-0.36,0.00,9.936,-1.053,-1.120,-7.002077,-34.832729
401177,3,-0.36,0.00,9.902,-1.025,-1.087,-7.002077,-34.832729
401227,3,-0.38,0.00,9.936,-1.001,-1.097,-7.002077,-34.832729
401278,3,-0.38,0.00,9.926,-0.982,-1.125,-7.002077,-34.832729
401328,3,-0.38,0.00,9.941,-0.953,-1.120,-7.002077,-34.832729
401378,3,-0.38,0.00,9.922,-0.991,-1.097,-7.002077,-34.832729
401429,3,-0.38,0.00,9.931,-1.025,-1.087,-7.002077,-34.832729
401481,3,-0.36,0.48,9.926,-1.044,-1.101,-7.002077,-34.832729
401532,3,-0.35,0.48,9.922,-1.068,-1.111,-7.002077,-34.832729
401583,3,-0.35,0.00,9.931,-1.034,-1.111,-7.002077,-34.832729
401634,3,-0.35,0.00,9.936,-0.962,-1.101,-7.002077,-34.832729
401686,3,-0.36,-0.52,9.917,-0.982,-1.116,-7.002077,-34.832729
401738,3,-0.38,-0.48,9.922,-0.986,-1.097,-7.002077,-34.832729
401789,3,-0.39,-0.56,9.922,-1.015,-1.092,-7.002077,-34.832729
401841,3,-0.40,0.00,9.941,-1.034,-1.125,-7.002077,-34.832729
401892,3,-0.43,-0.48,9.936,-1.025,-1.125,-7.002077,-34.832729
401944,3,-0.43,0.00,9.941,-1.034,-1.101,-7.002077,-34.832729
401994,3,-0.43,0.00,9.907,-1.006,-1.116,-7.002077,-34.832729
402045,3,-0.43,0.00,9.941,-1.001,-1.111,-7.002077,-34.832733
402095,3,-0.42,0.00,9.946,-0.982,-1.111,-7.002077,-34.832733
402145,3,-0.39,0.48,9.969,-1.025,-1.097,-7.002077,-34.832733
402196,3,-0.39,0.00,9.922,-1.006,-1.125,-7.002077,-34.832733
402246,3,-0.43,0.00,9.931,-1.020,-1.130,-7.002077,-34.832733
402297,3,-0.41,0.56,9.941,-1.034,-1.120,-7.002077,-34.832733
402347,3,-0.41,0.00,9.931,-1.010,-1.111,-7.002077,-34.832733
402397,3,-0.41,0.00,9.950,-0.991,-1.116,-7.002077,-34.832733
402448,3,-0.39,1.45,9.907,-1.020,-1.125,-7.002077,-34.832733
402499,3,-0.39,0.00,9.926,-0.996,-1.097,-7.002077,-34.832733
402551,3,-0.40,0.00,9.950,-1.010,-1.097,-7.002077,-34.832733
402600,3,-0.39,0.45,9.950,-1.010,-1.116,-7.002077,-34.832733
402652,3,-0.39,0.00,9.917,-1.010,-1.130,-7.002077,-34.832733
402703,3,-0.39,0.45,9.898,-1.010,-1.111,-7.002077,-34.832733
402755,3,-0.39,0.00,9.912,-1.006,-1.087,-7.002077,-34.832733
402807,3,-0.39,0.00,9.950,-1.001,-1.120,-7.002077,-34.832733
402857,3,-0.38,0.56,9.926,-0.991,-1.106,-7.002077,-34.832733
402908,3,-0.38,0.00,9.946,-1.010,-1.130,-7.002077,-34.832733
402960,3,-0.35,0.00,9.912,-1.006,-1.130,-7.002077,-34.832733
403019,3,-0.36,-0.17,9.922,-1.039,-1.125,-7.002077,-34.832733
403070,3,-0.35,0.00,9.931,-1.025,-1.082,-7.002077,-34.832733
403120,3,-0.31,1.49,9.922,-1.015,-1.101,-7.002077,-34.832733
403170,3,-0.30,0.50,9.917,-1.015,-1.135,-7.002077,-34.832733
403221,3,-0.31,0.00,9.931,-1.010,-1.082,-7.002077,-34.832733
403271,3,-0.33,0.00,9.931,-1.020,-1.097,-7.002077,-34.832733
403322,3,-0.34,-0.56,9.941,-1.015,-1.120,-7.002077,-34.832733
403372,3,-0.35,0.00,9.931,-1.020,-1.097,-7.002077,-34.832733
403422,3,-0.34,0.50,9.922,-0.986,-1.101,-7.002077,-34.832733
403475,3,-0.34,0.00,9.946,-1.030,-1.106,-7.002077,-34.832733
403525,3,-0.35,-0.48,9.950,-1.015,-1.116,-7.002077,-34.832733
403577,3,-0.34,0.00,9.950,-1.039,-1.077,-7.002077,-34.832733
403628,3,-0.34,0.00,9.946,-1.015,-1.125,-7.002077,-34.832733
403680,3,-0.34,0.00,9.926,-1.015,-1.116,-7.002077,-34.832733
403731,3,-0.34,0.00,9.926,-1.025,-1.097,-7.002077,-34.832733
403783,3,-0.35,-0.48,9.941,-1.034,-1.120,-7.002077,-34.832733
403835,3,-0.35,0.00,9.922,-1.030,-1.106,-7.002077,-34.832733
403886,3,-0.35,0.00,9.926,-1.015,-1.116,-7.002077,-34.832733
403938,3,-0.34,0.48,9.926,-0.996,-1.125,-7.002077,-34.832733
403988,3,-0.35,0.00,9.922,-1.020,-1.111,-7.002077,-34.832733
404038,3,-0.38,-0.60,9.946,-1.015,-1.120,-7.002078,-34.832733
404089,3,-0.37,0.60,9.922,-1.006,-1.101,-7.002078,-34.832733
404139,3,-0.37,0.00,9.922,-1.010,-1.116,-7.002078,-34.832733
404190,3,-0.34,0.50,9.955,-0.996,-1.106,-7.002078,-34.832733
404240,3,-0.33,0.56,9.936,-1.010,-1.101,-7.002078,-34.832733
404290,3,-0.31,0.00,9.931,-1.020,-1.106,-7.002078,-34.832733
404341,3,-0.30,0.52,9.950,-1.015,-1.116,-7.002078,-34.832733
404391,3,-0.31,-0.52,9.931,-1.025,-1.111,-7.002078,-34.832733
404442,3,-0.28,0.00,9.926,-1.025,-1.092,-7.002078,-34.832733
404493,3,-0.31,-1.34,9.931,-1.010,-1.106,-7.002078,-34.832733
404545,3,-0.31,0.00,9.950,-1.015,-1.101,-7.002078,-34.832733
404596,3,-0.33,0.00,9.926,-1.025,-1.077,-7.002078,-34.832733
404648,3,-0.33,0.00,9.926,-1.020,-1.120,-7.002078,-34.832733
404700,3,-0.34,0.00,9.926,-1.015,-1.120,-7.002078,-34.832733
404750,3,-0.34,0.00,9.941,-1.015,-1.101,-7.002078,-34.832733
404802,3,-0.32,-0.56,9.950,-1.030,-1.116,-7.002078,-34.832733
404853,3,-0.32,0.00,9.936,-1.025,-1.092,-7.002078,-34.832733
404905,3,-0.32,0.00,9.922,-1.015,-1.082,-7.002078,-34.832733
404957,3,-0.32,0.00,9.917,-1.044,-1.101,-7.002078,-34.832733
405007,3,-0.33,0.00,9.926,-1.020,-1.111,-7.002078,-34.832733
405072,3,-0.38,-0.62,9.926,-0.996,-1.073,-7.002078,-34.832733
405123,3,-0.39,-0.48,9.931,-1.010,-1.111,-7.002078,-34.832733
405173,3,-0.39,0.00,9.917,-1.020,-1.097,-7.002078,-34.832733
405224,3,-0.41,0.00,9.926,-1.006,-1.101,-7.002078,-34.832733
405274,3,-0.38,0.00,9.931,-1.006,-1.120,-7.002078,-34.832733
405324,3,-0.38,0.00,9.912,-1.015,-1.130,-7.002078,-34.832733
405375,3,-0.38,0.00,9.922,-1.001,-1.116,-7.002078,-34.832733
405425,3,-0.42,0.00,9.917,-1.006,-1.111,-7.002078,-34.832733
405477,3,-0.38,1.49,9.931,-1.006,-1.087,-7.002078,-34.832733
405529,3,-0.38,0.00,9.931,-1.025,-1.120,-7.002078,-34.832733
405581,3,-0.38,0.00,9.917,-1.015,-1.130,-7.002078,-34.832733
405631,3,-0.38,0.00,9.926,-1.015,-1.135,-7.002078,-34.832733
405683,3,-0.37,0.48,9.917,-1.020,-1.106,-7.002078,-34.832733
405734,3,-0.37,0.00,9.936,-1.015,-1.120,-7.002078,-34.832733
405786,3,-0.37,0.00,9.907,-1.010,-1.125,-7.002078,-34.832733
405837,3,-0.37,0.00,9.926,-0.982,-1.101,-7.002078,-34.832733
405889,3,-0.36,-1.38,9.926,-1.020,-1.092,-7.002078,-34.832733
405941,3,-0.36,0.00,9.950,-1.010,-1.106,-7.002078,-34.832733
405991,3,-0.32,0.00,9.907,-1.034,-1.101,-7.002078,-34.832733
406041,3,-0.34,-0.58,9.926,-1.020,-1.135,-7.002079,-34.832733
406091,3,-0.32,0.00,9.907,-1.010,-1.106,-7.002079,-34.832733
406142,3,-0.32,0.00,9.883,-1.001,-1.101,-7.002079,-34.832733
406192,3,-0.32,0.00,9.922,-0.996,-1.101,-7.002079,-34.832733
406243,3,-0.32,0.00,9.917,-1.010,-1.111,-7.002079,-34.832733
406293,3,-0.34,-0.58,9.941,-1.006,-1.149,-7.002079,-34.832733
406344,3,-0.34,0.00,9.926,-1.006,-1.106,-7.002079,-34.832733
406394,3,-0.34,0.00,9.936,-1.015,-1.101,-7.002079,-34.832733
406444,3,-0.35,0.00,9.926,-0.996,-1.125,-7.002079,-34.832733
406496,3,-0.36,-0.48,9.941,-1.020,-1.097,-7.002079,-34.832733
406548,3,-0.36,0.00,9.931,-0.977,-1.116,-7.002079,-34.832733
406599,3,-0.36,0.00,9.936,-0.996,-1.087,-7.002079,-34.832733
406651,3,-0.38,-0.48,9.941,-1.010,-1.092,-7.002079,-34.832733
406702,3,-0.39,0.00,9.922,-1.020,-1.111,-7.002079,-34.832733
406754,3,-0.40,-0.48,9.941,-1.001,-1.135,-7.002079,-34.832733
406806,3,-0.39,0.00,9.931,-1.015,-1.116,-7.002079,-34.832733
406856,3,-0.38,0.56,9.912,-1.015,-1.116,-7.002079,-34.832733
406908,3,-0.38,0.00,9.912,-1.015,-1.111,-7.002079,-34.832733
406959,3,-0.34,1.30,9.936,-1.001,-1.149,-7.002079,-34.832733
407010,3,-0.35,0.00,9.941,-1.010,-1.111,-7.002079,-34.832733
407060,3,-0.35,0.00,9.941,-1.010,-1.125,-7.002079,-34.832733
407126,3,-0.39,-0.44,9.917,-1.010,-1.116,-7.002079,-34.832733
407177,3,-0.37,0.00,9.946,-1.020,-1.097,-7.002079,-34.832733
407227,3,-0.37,0.60,9.926,-1.020,-1.120,-7.002079,-34.832733
407278,3,-0.37,0.00,9.950,-1.015,-1.125,-7.002079,-34.832733
407328,3,-0.35,0.00,9.931,-1.020,-1.120,-7.002079,-34.832733
407378,3,-0.34,0.00,9.917,-1.010,-1.106,-7.002079,-34.832733
407429,3,-0.35,-0.52,9.912,-1.044,-1.116,-7.002079,-34.832733
407478,3,-0.35,0.00,9.950,-1.015,-1.130,-7.002079,-34.832733
407529,3,-0.37,-0.48,9.917,-1.010,-1.097,-7.002079,-34.832733
407580,3,-0.37,0.00,9.907,-1.015,-1.111,-7.002079,-34.832733
407632,3,-0.38,-0.56,9.917,-1.006,-1.101,-7.002079,-34.832733
407683,3,-0.39,0.00,9.926,-1.006,-1.120,-7.002079,-34.832733
407735,3,-0.41,-0.56,9.926,-1.006,-1.125,-7.002079,-34.832733
407787,3,-0.42,-0.48,9.936,-1.006,-1.101,-7.002079,-34.832733
407838,3,-0.44,-0.56,9.902,-0.991,-1.111,-7.002079,-34.832733
407890,3,-0.44,0.00,9.922,-1.015,-1.135,-7.002079,-34.832733
407942,3,-0.44,0.00,9.946,-1.020,-1.111,-7.002079,-34.832733
407992,3,-0.45,0.00,9.917,-1.006,-1.101,-7.002079,-34.832733
408042,3,-0.45,0.00,9.922,-1.010,-1.106,-7.002079,-34.832733
408092,3,-0.46,0.00,9.941,-1.025,-1.125,-7.002079,-34.832733
408143,3,-0.48,-0.52,9.931,-1.030,-1.087,-7.002079,-34.832733
408193,3,-0.48,0.00,9.931,-1.006,-1.101,-7.002079,-34.832733
408244,3,-0.49,0.00,9.912,-1.010,-1.120,-7.002079,-34.832733
408294,3,-0.50,0.00,9.931,-1.001,-1.130,-7.002079,-34.832733
408344,3,-0.52,-0.50,9.926,-1.010,-1.116,-7.002079,-34.832733
408395,3,-0.52,0.00,9.922,-1.001,-1.101,-7.002079,-34.832733
408445,3,-0.48,1.45,9.969,-1.025,-1.120,-7.002079,-34.832733
408497,3,-0.49,-0.56,9.922,-1.001,-1.125,-7.002079,-34.832733
408549,3,-0.49,0.00,9.926,-1.006,-1.087,-7.002079,-34.832733
408600,3,-0.51,0.00,9.917,-1.020,-1.111,-7.002079,-34.832733
408652,3,-0.49,0.00,9.946,-1.006,-1.120,-7.002079,-34.832733
408703,3,-0.48,0.52,9.931,-1.030,-1.087,-7.002079,-34.832733
408755,3,-0.48,0.00,9.946,-1.030,-1.097,-7.002079,-34.832733
408807,3,-0.47,0.00,9.922,-1.006,-1.111,-7.002079,-34.832733
408857,3,-0.47,0.00,9.912,-1.010,-1.101,-7.002079,-34.832733
408908,3,-0.47,0.00,9.922,-1.001,-1.087,-7.002079,-34.832733
408960,3,-0.47,0.00,9.936,-1.001,-1.087,-7.002079,-34.832733
409011,3,-0.47,0.00,9.917,-1.030,-1.130,-7.002079,-34.832733
409061,3,-0.45,0.00,9.917,-1.025,-1.097,-7.002079,-34.832733
409112,3,-0.45,0.00,9.936,-1.015,-1.106,-7.002079,-34.832733
409172,3,-0.47,-0.17,9.922,-1.010,-1.101,-7.002079,-34.832733
409222,3,-0.45,0.52,9.917,-1.006,-1.125,-7.002079,-34.832733
409272,3,-0.45,0.00,9.946,-1.010,-1.130,-7.002079,-34.832733
409323,3,-0.45,0.00,9.917,-1.010,-1.101,-7.002079,-34.832733
409373,3,-0.45,0.00,9.931,-1.030,-1.092,-7.002079,-34.832733
409424,3,-0.45,0.00,9.912,-1.010,-1.097,-7.002079,-34.832733
409473,3,-0.47,0.00,9.926,-1.006,-1.097,-7.002079,-34.832733
409524,3,-0.47,0.00,9.941,-1.025,-1.092,-7.002079,-34.832733
409575,3,-0.47,0.00,9.922,-1.020,-1.082,-7.002079,-34.832733
409627,3,-0.48,0.00,9.902,-1.020,-1.106,-7.002079,-34.832733
409679,3,-0.48,0.00,9.922,-1.006,-1.106,-7.002079,-34.832733
409730,3,-0.49,0.00,9.917,-1.006,-1.111,-7.002079,-34.832733
409782,3,-0.52,-1.01,9.926,-1.020,-1.111,-7.002079,-34.832733
409833,3,-0.49,0.00,9.936,-1.015,-1.120,-7.002079,-34.832733
409885,3,-0.52,-0.52,9.917,-1.015,-1.092,-7.002079,-34.832733
409937,3,-0.52,0.00,9.931,-1.015,-1.111,-7.002079,-34.832733
409987,3,-0.52,0.00,9.946,-1.020,-1.106,-7.002079,-34.832733
410037,3,-0.53,-0.48,9.922,-1.015,-1.111,-7.002079,-34.832729
410087,3,-0.53,0.00,9.912,-1.010,-1.106,-7.002079,-34.832729
410138,3,-0.51,1.39,9.936,-1.006,-1.116,-7.002079,-34.832729
410188,3,-0.54,-1.45,9.931,-0.996,-1.092,-7.002079,-34.832729
410239,3,-0.54,0.00,9.922,-1.015,-1.111,-7.002079,-34.832729
410289,3,-0.57,-2.01,9.917,-1.020,-1.130,-7.002079,-34.832729
410339,3,-0.53,1.45,9.931,-1.001,-1.140,-7.002079,-34.832729
410390,3,-0.53,0.00,9.926,-1.025,-1.111,-7.002079,-34.832729
410440,3,-0.53,0.00,9.912,-1.020,-1.106,-7.002079,-34.832729
410492,3,-0.53,0.00,9.936,-1.015,-1.130,-7.002079,-34.832729
410544,3,-0.52,0.00,9.931,-1.001,-1.144,-7.002079,-34.832729
410595,3,-0.47,1.38,9.936,-1.010,-1.111,-7.002079,-34.832729
410647,3,-0.51,0.00,9.931,-1.010,-1.106,-7.002079,-34.832729
410698,3,-0.47,0.00,9.912,-1.015,-1.120,-7.002079,-34.832729
410749,3,-0.47,0.00,9.936,-1.020,-1.116,-7.002079,-34.832729
410800,3,-0.47,0.00,9.917,-1.025,-1.106,-7.002079,-34.832729
410852,3,-0.47,0.00,9.926,-0.996,-1.111,-7.002079,-34.832729
410904,3,-0.47,0.00,9.931,-1.001,-1.092,-7.002079,-34.832729
410955,3,-0.47,0.00,9.941,-1.010,-1.130,-7.002079,-34.832729
411006,3,-0.46,0.00,9.898,-1.034,-1.097,-7.002079,-34.832729
411056,3,-0.44,0.52,9.912,-1.020,-1.111,-7.002079,-34.832729
411106,3,-0.44,0.00,9.931,-1.015,-1.135,-7.002079,-34.832729
411157,3,-0.44,0.00,9.917,-1.010,-1.092,-7.002079,-34.832729
411216,3,-0.46,-0.17,9.946,-1.015,-1.111,-7.002079,-34.832729
411266,3,-0.47,0.00,9.922,-1.010,-1.092,-7.002079,-34.832729
411317,3,-0.43,1.39,9.926,-1.015,-1.106,-7.002079,-34.832729
411367,3,-0.43,0.00,9.926,-1.010,-1.101,-7.002079,-34.832729
411417,3,-0.46,-0.56,9.926,-1.015,-1.101,-7.002079,-34.832729
411470,3,-0.47,-0.48,9.931,-1.020,-1.116,-7.002079,-34.832729
411520,3,-0.47,0.00,9.912,-1.010,-1.092,-7.002079,-34.832729
411569,3,-0.50,0.00,9.926,-1.006,-1.101,-7.002079,-34.832729
411621,3,-0.48,-0.52,9.912,-1.010,-1.097,-7.002079,-34.832729
411672,3,-0.48,0.00,9.926,-1.025,-1.125,-7.002079,-34.832729
411724,3,-0.49,-0.56,9.912,-1.025,-1.097,-7.002079,-34.832729
411775,3,-0.49,0.00,9.931,-1.020,-1.092,-7.002079,-34.832729
411827,3,-0.49,0.00,9.931,-1.001,-1.116,-7.002079,-34.832729
411879,3,-0.48,0.00,9.931,-1.025,-1.116,-7.002079,-34.832729
411930,3,-0.46,0.52,9.907,-1.020,-1.101,-7.002079,-34.832729
411983,3,-0.46,0.56,9.922,-1.006,-1.116,-7.002079,-34.832729
412033,3,-0.46,0.00,9.931,-1.015,-1.101,-7.002079,-34.832729
412083,3,-0.46,0.00,9.926,-1.006,-1.101,-7.002079,-34.832729
412134,3,-0.48,-0.56,9.931,-1.006,-1.097,-7.002079,-34.832729
412184,3,-0.48,0.00,9.936,-1.001,-1.106,-7.002079,-34.832729
412235,3,-0.49,0.00,9.946,-1.015,-1.116,-7.002079,-34.832729
412285,3,-0.49,0.00,9.917,-1.025,-1.106,-7.002079,-34.832729
412335,3,-0.49,0.00,9.946,-1.020,-1.116,-7.002079,-34.832729
412386,3,-0.48,0.00,9.950,-1.001,-1.116,-7.002079,-34.832729
412436,3,-0.46,0.00,9.941,-1.001,-1.130,-7.002079,-34.832729
412488,3,-0.43,1.34,9.936,-1.015,-1.092,-7.002079,-34.832729
412540,3,-0.42,0.00,9.893,-0.982,-1.049,-7.002079,-34.832729
412592,3,-0.42,0.00,9.950,-1.006,-1.149,-7.002079,-34.832729
412643,3,-0.42,0.00,9.960,-1.001,-1.140,-7.002079,-34.832729
412695,3,-0.43,-0.48,9.907,-1.010,-1.116,-7.002079,-34.832729
412745,3,-0.43,0.00,9.917,-1.006,-1.087,-7.002079,-34.832729
412794,3,-0.43,0.00,9.936,-1.034,-1.101,-7.002079,-34.832729
412846,3,-0.44,-0.52,9.907,-1.020,-1.092,-7.002079,-34.832729
412897,3,-0.46,1.38,9.922,-1.006,-1.106,-7.002079,-34.832729
412949,3,-0.46,0.00,9.898,-1.010,-1.111,-7.002079,-34.832729
412999,3,-0.46,0.00,9.936,-1.001,-1.120,-7.002079,-34.832729
413050,3,-0.48,-0.52,9.941,-1.015,-1.125,-7.002079,-34.832729
413100,3,-0.50,-0.60,9.922,-1.001,-1.101,-7.002079,-34.832729
413150,3,-0.53,0.00,9.926,-1.020,-1.130,-7.002079,-34.832729
413201,3,-0.56,-0.56,9.907,-1.015,-1.116,-7.002079,-34.832729
413260,3,-0.55,0.20,9.917,-1.006,-1.130,-7.002079,-34.832729
413310,3,-0.56,-0.56,9.931,-1.020,-1.120,-7.002079,-34.832729
413361,3,-0.57,0.00,9.922,-1.015,-1.111,-7.002079,-34.832729
413411,3,-0.56,0.56,9.931,-1.034,-1.120,-7.002079,-34.832729
413461,3,-0.56,0.00,9.946,-1.015,-1.092,-7.002079,-34.832729
413513,3,-0.57,0.00,9.931,-1.010,-1.106,-7.002079,-34.832729
413563,3,-0.57,0.00,9.926,-1.015,-1.130,-7.002079,-34.832729
413615,3,-0.57,0.00,9.941,-1.015,-1.097,-7.002079,-34.832729
413666,3,-0.57,0.00,9.902,-1.006,-1.101,-7.002079,-34.832729
413718,3,-0.56,0.00,9.917,-1.006,-1.082,-7.002079,-34.832729
413769,3,-0.57,0.00,9.936,-1.020,-1.116,-7.002079,-34.832729
413821,3,-0.57,0.00,9.931,-1.006,-1.097,-7.002079,-34.832729
413873,3,-0.57,0.00,9.950,-1.020,-1.097,-7.002079,-34.832729
413924,3,-0.57,0.00,9.922,-1.015,-1.120,-7.002079,-34.832729
413976,3,-0.55,0.00,9.936,-1.001,-1.116,-7.002079,-34.832729
414027,3,-0.53,0.48,9.946,-1.001,-1.130,-7.002079,-34.832729
414077,3,-0.53,0.00,9.931,-1.025,-1.106,-7.002079,-34.832729
414128,3,-0.52,0.00,9.946,-1.006,-1.101,-7.002079,-34.832729
414178,3,-0.49,0.54,9.950,-1.015,-1.092,-7.002079,-34.832729
414229,3,-0.48,0.56,9.931,-1.020,-1.068,-7.002079,-34.832729
414279,3,-0.46,0.00,9.931,-1.015,-1.106,-7.002079,-34.832729
414329,3,-0.45,0.52,9.931,-1.034,-1.135,-7.002079,-34.832729
414380,3,-0.44,0.56,9.946,-1.001,-1.106,-7.002079,-34.832729
414430,3,-0.44,0.00,9.931,-1.025,-1.140,-7.002079,-34.832729
414482,3,-0.42,0.88,9.926,-1.006,-1.077,-7.002079,-34.832729
414534,3,-0.42,0.00,9.926,-1.001,-1.116,-7.002079,-34.832729
414586,3,-0.42,0.00,9.931,-1.001,-1.092,-7.002079,-34.832729
414637,3,-0.42,0.00,9.931,-1.025,-1.111,-7.002079,-34.832729
414689,3,-0.42,0.00,9.931,-1.030,-1.111,-7.002079,-34.832729
414740,3,-0.42,0.00,9.917,-1.034,-1.130,-7.002079,-34.832729
414792,3,-0.40,0.00,9.950,-0.991,-1.111,-7.002079,-34.832729
414844,3,-0.37,0.52,9.922,-1.001,-1.097,-7.002079,-34.832729
414894,3,-0.37,0.00,9.941,-1.001,-1.135,-7.002079,-34.832729
414946,3,-0.35,0.48,9.926,-1.020,-1.106,-7.002079,-34.832729
414996,3,-0.38,-1.45,9.946,-1.015,-1.101,-7.002079,-34.832729
415046,3,-0.36,0.00,9.931,-1.020,-1.164,-7.002080,-34.832729
415097,3,-0.37,-0.56,9.960,-1.034,-1.097,-7.002080,-34.832729
415147,3,-0.36,0.00,9.912,-1.015,-1.097,-7.002080,-34.832729
415197,3,-0.36,0.00,9.931,-1.001,-1.097,-7.002080,-34.832729
415248,3,-0.36,0.00,9.926,-1.010,-1.125,-7.002080,-34.832729
415307,3,-0.35,0.16,9.907,-1.020,-1.073,-7.002080,-34.832729
415357,3,-0.35,0.00,9.931,-1.034,-1.135,-7.002080,-34.832729
415408,3,-0.35,0.00,9.922,-1.010,-1.106,-7.002080,-34.832729
415458,3,-0.35,0.00,9.922,-1.030,-1.077,-7.002080,-34.832729
415510,3,-0.35,0.00,9.926,-1.015,-1.092,-7.002080,-34.832729
415560,3,-0.35,0.00,9.955,-1.010,-1.106,-7.002080,-34.832729
415612,3,-0.35,0.00,9.946,-1.006,-1.106,-7.002080,-34.832729
415663,3,-0.35,0.00,9.926,-1.010,-1.101,-7.002080,-34.832729
415715,3,-0.36,0.00,9.926,-1.006,-1.092,-7.002080,-34.832729
415766,3,-0.36,0.00,9.946,-1.034,-1.149,-7.002080,-34.832729
415818,3,-0.36,0.00,9.907,-1.006,-1.101,-7.002080,-34.832729
415870,3,-0.35,0.48,9.926,-1.010,-1.130,-7.002080,-34.832729
415921,3,-0.35,0.00,9.926,-1.015,-1.106,-7.002080,-34.832729
415973,3,-0.35,0.00,9.917,-1.001,-1.111,-7.002080,-34.832729
416024,3,-0.35,0.00,9.941,-1.030,-1.116,-7.002080,-34.832726
416074,3,-0.35,0.00,9.907,-0.986,-1.120,-7.002080,-34.832726
416125,3,-0.35,0.00,9.922,-1.015,-1.111,-7.002080,-34.832726
416175,3,-0.35,0.00,9.931,-1.010,-1.101,-7.002080,-34.832726
416225,3,-0.35,0.00,9.926,-1.006,-1.130,-7.002080,-34.832726
416276,3,-0.35,0.00,9.936,-1.030,-1.101,-7.002080,-34.832726
416326,3,-0.35,0.00,9.922,-1.020,-1.125,-7.002080,-34.832726
416377,3,-0.33,0.52,9.907,-0.996,-1.077,-7.002080,-34.832726
416427,3,-0.33,0.00,9.936,-1.015,-1.111,-7.002080,-34.832726
416477,3,-0.32,0.00,9.926,-1.015,-1.130,-7.002080,-34.832726
416528,3,-0.31,0.52,9.936,-1.015,-1.116,-7.002080,-34.832726
416580,3,-0.31,0.00,9.926,-1.010,-1.097,-7.002080,-34.832726
416631,3,-0.29,0.48,9.917,-1.025,-1.097,-7.002080,-34.832726
416683,3,-0.29,0.00,9.936,-1.010,-1.111,-7.002080,-34.832726
416735,3,-0.28,0.52,9.917,-1.015,-1.111,-7.002080,-34.832726
416785,3,-0.27,0.48,9.907,-1.006,-1.097,-7.002080,-34.832726
416837,3,-0.27,0.00,9.926,-1.001,-1.125,-7.002080,-34.832726
416888,3,-0.27,0.00,9.950,-1.020,-1.120,-7.002080,-34.832726
416940,3,-0.27,0.48,9.936,-1.010,-1.097,-7.002080,-34.832726
416990,3,-0.27,0.00,9.917,-0.996,-1.120,-7.002080,-34.832726
417040,3,-0.28,-0.52,9.912,-1.020,-1.120,-7.002080,-34.832726
417091,3,-0.29,-0.56,9.931,-1.006,-1.116,-7.002080,-34.832726
417141,3,-0.29,0.00,9.946,-1.006,-1.101,-7.002080,-34.832726
417192,3,-0.26,1.45,9.917,-1.025,-1.087,-7.002080,-34.832726
417242,3,-0.27,-0.52,9.941,-1.010,-1.097,-7.002080,-34.832726
417292,3,-0.28,0.00,9.941,-1.015,-1.101,-7.002080,-34.832726
417351,3,-0.28,0.00,9.917,-1.001,-1.111,-7.002080,-34.832726
417402,3,-0.25,1.45,9.922,-1.015,-1.120,-7.002080,-34.832726
417452,3,-0.26,-0.52,9.902,-1.030,-1.092,-7.002080,-34.832726
417504,3,-0.25,0.00,9.926,-0.991,-1.092,-7.002080,-34.832726
417554,3,-0.25,0.00,9.912,-1.030,-1.125,-7.002080,-34.832726
417606,3,-0.26,0.00,9.941,-1.010,-1.135,-7.002080,-34.832726
417657,3,-0.26,0.00,9.917,-1.010,-1.097,-7.002080,-34.832726
417709,3,-0.26,0.00,9.931,-1.015,-1.120,-7.002080,-34.832726
417760,3,-0.27,-0.56,9.931,-1.020,-1.135,-7.002080,-34.832726
417812,3,-0.29,-0.48,9.941,-1.015,-1.120,-7.002080,-34.832726
417861,3,-0.30,0.00,9.902,-1.001,-1.116,-7.002080,-34.832726
417913,3,-0.30,0.00,9.922,-1.001,-1.106,-7.002080,-34.832726
417965,3,-0.31,0.00,9.941,-1.015,-1.106,-7.002080,-34.832726
418015,3,-0.36,-1.09,9.922,-1.030,-1.106,-7.002080,-34.832726
418065,3,-0.32,1.32,9.926,-1.010,-1.111,-7.002081,-34.832726
418116,3,-0.37,0.00,9.936,-1.010,-1.144,-7.002081,-34.832726
418166,3,-0.38,-1.33,9.941,-1.010,-1.125,-7.002081,-34.832726
418217,3,-0.38,0.00,9.912,-1.025,-1.111,-7.002081,-34.832726
418267,3,-0.40,0.00,9.926,-1.006,-1.140,-7.002081,-34.832726
418317,3,-0.38,-0.54,9.936,-1.030,-1.097,-7.002081,-34.832726
418368,3,-0.40,-1.09,9.917,-1.025,-1.101,-7.002081,-34.832726
418418,3,-0.43,0.00,9.926,-1.030,-1.120,-7.002081,-34.832726
418468,3,-0.46,-0.52,9.917,-1.030,-1.120,-7.002081,-34.832726
418520,3,-0.49,-1.01,9.926,-1.020,-1.140,-7.002081,-34.832726
418571,3,-0.51,-0.52,9.931,-1.020,-1.101,-7.002081,-34.832726
418623,3,-0.51,0.00,9.946,-1.034,-1.111,-7.002081,-34.832726
418675,3,-0.49,0.00,9.936,-1.010,-1.116,-7.002081,-34.832726
418725,3,-0.49,0.00,9.931,-1.006,-1.120,-7.002081,-34.832726
418777,3,-0.50,0.00,9.922,-1.015,-1.135,-7.002081,-34.832726
418828,3,-0.48,1.34,9.907,-1.015,-1.111,-7.002081,-34.832726
418880,3,-0.50,0.00,9.941,-1.010,-1.120,-7.002081,-34.832726
418931,3,-0.50,1.34,9.941,-1.025,-1.116,-7.002081,-34.832726
418981,3,-0.51,-0.48,9.941,-1.006,-1.111,-7.002081,-34.832726
419032,3,-0.51,0.00,9.931,-1.006,-1.120,-7.002081,-34.832726
419082,3,-0.52,0.00,9.926,-1.015,-1.120,-7.002081,-34.832726
419132,3,-0.52,0.00,9.936,-1.030,-1.087,-7.002081,-34.832726
419183,3,-0.52,0.00,9.941,-1.001,-1.082,-7.002081,-34.832726
419233,3,-0.55,-0.56,9.922,-1.001,-1.130,-7.002081,-34.832726
419284,3,-0.55,0.00,9.926,-1.006,-1.106,-7.002081,-34.832726
419334,3,-0.56,0.00,9.931,-1.010,-1.130,-7.002081,-34.832726
419403,3,-0.56,0.00,9.926,-0.996,-1.101,-7.002081,-34.832726
419454,3,-0.56,0.00,9.926,-1.006,-1.106,-7.002081,-34.832726
419504,3,-0.56,0.00,9.931,-1.015,-1.120,-7.002081,-34.832726
419556,3,-0.56,0.00,9.931,-1.001,-1.092,-7.002081,-34.832726
419607,3,-0.54,0.00,9.941,-0.991,-1.116,-7.002081,-34.832726
419659,3,-0.55,-0.48,9.931,-1.015,-1.116,-7.002081,-34.832726
419710,3,-0.55,0.00,9.926,-1.015,-1.111,-7.002081,-34.832726
419762,3,-0.55,0.00,9.922,-1.015,-1.087,-7.002081,-34.832726
419814,3,-0.55,0.00,9.931,-1.025,-1.111,-7.002081,-34.832726
419865,3,-0.54,0.00,9.922,-1.010,-1.111,-7.002081,-34.832726
419917,3,-0.54,0.00,9.931,-1.006,-1.106,-7.002081,-34.832726
419966,3,-0.55,0.00,9.898,-1.015,-1.144,-7.002081,-34.832726
420017,3,-0.57,-0.60,9.936,-1.001,-1.125,-7.002081,-34.832726
420067,3,-0.57,0.00,9.941,-1.030,-1.111,-7.002082,-34.832726
420117,3,-0.60,0.00,9.926,-1.006,-1.087,-7.002082,-34.832726
420168,3,-0.60,0.00,9.922,-1.015,-1.116,-7.002082,-34.832726
420218,3,-0.56,1.49,9.931,-1.015,-1.125,-7.002082,-34.832726
420269,3,-0.56,0.00,9.912,-1.010,-1.125,-7.002082,-34.832726
420319,3,-0.57,-0.52,9.941,-1.020,-1.087,-7.002082,-34.832726
420369,3,-0.61,-1.45,9.946,-1.006,-1.116,-7.002082,-34.832726
420420,3,-0.62,0.00,9.926,-0.996,-1.125,-7.002082,-34.832726
420470,3,-0.64,-0.56,9.936,-1.020,-1.097,-7.002082,-34.832726
420521,3,-0.65,0.00,9.912,-1.030,-1.125,-7.002082,-34.832726
420573,3,-0.66,0.00,9.922,-1.001,-1.106,-7.002082,-34.832726
420624,3,-0.69,-1.01,9.941,-1.025,-1.111,-7.002082,-34.832726
420675,3,-0.69,0.00,9.922,-0.996,-1.101,-7.002082,-34.832726
420726,3,-0.70,-0.52,9.922,-1.015,-1.097,-7.002082,-34.832726
420778,3,-0.72,-0.48,9.931,-0.991,-1.130,-7.002082,-34.832726
420830,3,-0.72,0.00,9.931,-1.015,-1.097,-7.002082,-34.832726
420881,3,-0.73,0.00,9.950,-1.006,-1.130,-7.002082,-34.832726
420933,3,-0.76,-0.52,9.931,-1.010,-1.106,-7.002082,-34.832726
420983,3,-0.77,0.00,9.902,-1.006,-1.097,-7.002082,-34.832726
421033,3,-0.76,0.00,9.931,-1.006,-1.120,-7.002082,-34.832726
421083,3,-0.76,0.00,9.941,-1.010,-1.130,-7.002082,-34.832726
421134,3,-0.76,0.00,9.936,-1.025,-1.135,-7.002082,-34.832726
421184,3,-0.75,0.00,9.931,-1.015,-1.101,-7.002082,-34.832726
421235,3,-0.75,0.00,9.936,-1.015,-1.120,-7.002082,-34.832726
421285,3,-0.75,0.00,9.907,-1.010,-1.111,-7.002082,-34.832726
421335,3,-0.73,0.52,9.946,-0.996,-1.116,-7.002082,-34.832726
421386,3,-0.70,1.45,9.941,-1.006,-1.106,-7.002082,-34.832726
421445,3,-0.70,0.00,9.917,-1.010,-1.106,-7.002082,-34.832726
421497,3,-0.70,0.00,9.936,-1.006,-1.101,-7.002082,-34.832726
421547,3,-0.68,0.52,9.917,-1.010,-1.092,-7.002082,-34.832726
421598,3,-0.68,0.00,9.931,-0.996,-1.120,-7.002082,-34.832726
421650,3,-0.68,0.00,9.931,-1.010,-1.111,-7.002082,-34.832726
421699,3,-0.68,0.00,9.936,-1.010,-1.101,-7.002082,-34.832726
421751,3,-0.67,-1.38,9.926,-1.015,-1.120,-7.002082,-34.832726
421802,3,-0.65,0.56,9.917,-1.030,-1.106,-7.002082,-34.832726
421854,3,-0.65,0.00,9.950,-1.015,-1.106,-7.002082,-34.832726
421905,3,-0.63,0.86,9.936,-1.020,-1.125,-7.002082,-34.832726
421957,3,-0.67,-1.38,9.926,-1.020,-1.144,-7.002082,-34.832726
422008,3,-0.64,0.00,9.917,-1.015,-1.077,-7.002082,-34.832726
422058,3,-0.64,0.00,9.936,-1.006,-1.101,-7.002082,-34.832726
422108,3,-0.64,0.00,9.936,-1.015,-1.097,-7.002082,-34.832726
422159,3,-0.67,-0.50,9.922,-1.039,-1.116,-7.002082,-34.832726
422209,3,-0.65,0.88,9.931,-0.991,-1.120,-7.002082,-34.832726
422260,3,-0.65,0.00,9.931,-0.991,-1.101,-7.002082,-34.832726
422310,3,-0.64,0.00,9.931,-1.025,-1.106,-7.002082,-34.832726
422360,3,-0.64,0.00,9.922,-1.015,-1.140,-7.002082,-34.832726
422411,3,-0.65,0.00,9.936,-1.025,-1.111,-7.002082,-34.832726
422461,3,-0.63,-0.56,9.902,-1.039,-1.111,-7.002082,-34.832726
422513,3,-0.64,-0.52,9.917,-0.986,-1.097,-7.002082,-34.832726
422564,3,-0.65,0.00,9.936,-1.015,-1.116,-7.002082,-34.832726
422616,3,-0.68,-0.48,9.926,-0.996,-1.087,-7.002082,-34.832726
422667,3,-0.70,0.00,9.922,-1.010,-1.116,-7.002082,-34.832726
422718,3,-0.68,0.52,9.936,-1.020,-1.120,-7.002082,-34.832726
422769,3,-0.70,0.00,9.950,-1.020,-1.111,-7.002082,-34.832726
422821,3,-0.70,0.00,9.931,-1.025,-1.120,-7.002082,-34.832726
422873,3,-0.70,0.00,9.931,-1.001,-1.106,-7.002082,-34.832726
422924,3,-0.72,-0.45,9.917,-1.001,-1.106,-7.002082,-34.832726
422976,3,-0.74,-0.56,9.941,-1.025,-1.120,-7.002082,-34.832726
423027,3,-0.75,0.00,9.917,-1.020,-1.125,-7.002082,-34.832726
423077,3,-0.76,0.00,9.907,-1.015,-1.130,-7.002082,-34.832726
423128,3,-0.78,-0.52,9.931,-1.025,-1.120,-7.002082,-34.832726
423178,3,-0.79,0.00,9.917,-1.006,-1.116,-7.002082,-34.832726
423229,3,-0.80,0.00,9.922,-1.010,-1.111,-7.002082,-34.832726
423279,3,-0.78,0.93,9.931,-1.015,-1.092,-7.002082,-34.832726
423329,3,-0.78,0.00,9.922,-1.010,-1.111,-7.002082,-34.832726
423380,3,-0.80,-0.93,9.922,-1.025,-1.087,-7.002082,-34.832726
423430,3,-0.78,0.93,9.950,-1.006,-1.120,-7.002082,-34.832726
423489,3,-0.81,-0.38,9.931,-1.001,-1.106,-7.002082,-34.832726
423541,3,-0.81,0.00,9.946,-1.001,-1.130,-7.002082,-34.832726
423593,3,-0.80,1.86,9.941,-1.015,-1.116,-7.002082,-34.832726
423643,3,-0.80,0.00,9.917,-1.015,-1.116,-7.002082,-34.832726
423695,3,-0.82,-0.48,9.922,-1.006,-1.111,-7.002082,-34.832726
423746,3,-0.82,0.00,9.936,-1.030,-1.111,-7.002082,-34.832726
423798,3,-0.84,0.00,9.931,-1.020,-1.125,-7.002082,-34.832726
423849,3,-0.84,0.00,9.931,-1.020,-1.125,-7.002082,-34.832726
423901,3,-0.82,0.00,9.941,-1.006,-1.116,-7.002082,-34.832726
423953,3,-0.79,1.27,9.926,-1.020,-1.111,-7.002082,-34.832726
424003,3,-0.79,0.00,9.917,-1.015,-1.092,-7.002082,-34.832726
424053,3,-0.78,0.50,9.926,-1.001,-1.097,-7.002083,-34.832726
424103,3,-0.78,0.00,9.936,-1.010,-1.106,-7.002083,-34.832726
424154,3,-0.78,0.00,9.912,-1.010,-1.106,-7.002083,-34.832726
424204,3,-0.76,0.00,9.936,-1.020,-1.116,-7.002083,-34.832726
424255,3,-0.76,0.00,9.922,-1.015,-1.135,-7.002083,-34.832726
424305,3,-0.76,0.00,9.946,-1.010,-1.125,-7.002083,-34.832726
424356,3,-0.76,0.00,9.922,-1.006,-1.120,-7.002083,-34.832726
424406,3,-0.75,0.50,9.931,-1.015,-1.077,-7.002083,-34.832726
424456,3,-0.70,0.00,9.936,-1.006,-1.120,-7.002083,-34.832726
424508,3,-0.67,0.52,9.912,-1.030,-1.125,-7.002083,-34.832726
424557,3,-0.67,0.00,9.941,-1.025,-1.092,-7.002083,-34.832726
424609,3,-0.64,0.52,9.936,-1.030,-1.111,-7.002083,-34.832726
424660,3,-0.63,0.52,9.912,-1.015,-1.097,-7.002083,-34.832726
424712,3,-0.62,0.00,9.936,-0.991,-1.082,-7.002083,-34.832726
424764,3,-0.63,-1.34,9.941,-1.015,-1.116,-7.002083,-34.832726
424814,3,-0.58,1.82,9.931,-1.010,-1.101,-7.002083,-34.832726
424865,3,-0.56,0.52,9.912,-1.010,-1.111,-7.002083,-34.832726
424917,3,-0.56,0.00,9.926,-1.044,-1.120,-7.002083,-34.832726
424966,3,-0.55,0.52,9.941,-1.030,-1.116,-7.002083,-34.832726
425017,3,-0.55,0.00,9.922,-0.991,-1.111,-7.002083,-34.832726
425067,3,-0.53,0.00,9.926,-1.015,-1.111,-7.002083,-34.832726
425118,3,-0.53,0.00,9.936,-1.025,-1.082,-7.002083,-34.832726
425168,3,-0.52,0.56,9.922,-1.010,-1.111,-7.002083,-34.832726
425218,3,-0.49,0.00,9.922,-1.010,-1.082,-7.002083,-34.832726
425269,3,-0.49,0.00,9.922,-1.010,-1.125,-7.002083,-34.832726
425319,3,-0.49,0.00,9.931,-1.010,-1.097,-7.002083,-34.832726
425370,3,-0.48,0.00,9.912,-1.006,-1.077,-7.002083,-34.832726
425420,3,-0.47,0.56,9.912,-1.034,-1.106,-7.002083,-34.832726
425470,3,-0.47,0.00,9.941,-1.015,-1.116,-7.002083,-34.832726
425527,3,-0.44,0.38,9.936,-1.015,-1.101,-7.002083,-34.832726
425579,3,-0.44,0.00,9.926,-1.001,-1.120,-7.002083,-34.832726
425629,3,-0.43,0.52,9.912,-1.030,-1.092,-7.002083,-34.832726
425680,3,-0.39,1.34,9.931,-0.996,-1.116,-7.002083,-34.832726
425732,3,-0.39,0.00,9.950,-1.015,-1.120,-7.002083,-34.832726
425784,3,-0.39,0.00,9.931,-1.039,-1.058,-7.002083,-34.832726
425835,3,-0.43,0.00,9.960,-1.020,-1.111,-7.002083,-34.832726
425887,3,-0.43,0.00,9.931,-1.010,-1.092,-7.002083,-34.832726
425938,3,-0.38,0.00,9.926,-1.020,-1.111,-7.002083,-34.832726
425988,3,-0.38,0.00,9.936,-1.015,-1.101,-7.002083,-34.832726
426039,3,-0.36,0.00,9.922,-1.010,-1.111,-7.002083,-34.832726
426089,3,-0.36,0.00,9.912,-1.010,-1.087,-7.002083,-34.832726
426140,3,-0.38,-0.56,9.946,-1.020,-1.130,-7.002083,-34.832726
426190,3,-0.41,0.00,9.926,-1.025,-1.097,-7.002083,-34.832726
426240,3,-0.38,0.56,9.941,-1.010,-1.116,-7.002083,-34.832726
426291,3,-0.39,-0.56,9.931,-1.015,-1.101,-7.002083,-34.832726
426341,3,-0.38,0.00,9.893,-1.010,-1.116,-7.002083,-34.832726
426392,3,-0.39,-0.56,9.926,-0.986,-1.092,-7.002083,-34.832726
426442,3,-0.39,0.00,9.912,-1.025,-1.106,-7.002083,-34.832726
426494,3,-0.39,0.00,9.941,-1.020,-1.116,-7.002083,-34.832726
426543,3,-0.38,0.52,9.917,-1.034,-1.077,-7.002083,-34.832726
426595,3,-0.36,0.00,9.946,-1.025,-1.111,-7.002083,-34.832726
426646,3,-0.35,0.45,9.936,-1.001,-1.106,-7.002083,-34.832726
426698,3,-0.33,0.52,9.946,-1.030,-1.106,-7.002083,-34.832726
426749,3,-0.36,0.00,9.926,-1.025,-1.116,-7.002083,-34.832726
426800,3,-0.36,0.00,9.936,-1.030,-1.106,-7.002083,-34.832726
426851,3,-0.33,0.00,9.922,-1.020,-1.120,-7.002083,-34.832726
426903,3,-0.33,0.00,9.926,-1.034,-1.106,-7.002083,-34.832726
426955,3,-0.33,0.00,9.931,-1.015,-1.092,-7.002083,-34.832726
427005,3,-0.37,-1.41,9.902,-1.020,-1.106,-7.002083,-34.832726
427055,3,-0.33,1.35,9.926,-1.006,-1.125,-7.002084,-34.832726
427106,3,-0.38,-1.97,9.936,-0.996,-1.097,-7.002084,-34.832726
427156,3,-0.37,0.56,9.902,-1.010,-1.097,-7.002084,-34.832726
427207,3,-0.37,0.00,9.917,-1.020,-1.077,-7.002084,-34.832726
427257,3,-0.37,0.00,9.922,-1.010,-1.130,-7.002084,-34.832726
427307,3,-0.37,0.00,9.922,-1.020,-1.111,-7.002084,-34.832726
427358,3,-0.37,0.00,9.960,-1.001,-1.144,-7.002084,-34.832726
427408,3,-0.35,0.00,9.931,-1.010,-1.087,-7.002084,-34.832726
427459,3,-0.39,-1.37,9.883,-1.020,-1.058,-7.002084,-34.832726
427510,3,-0.37,0.00,9.926,-1.015,-1.135,-7.002084,-34.832726
427567,3,-0.35,0.38,9.965,-1.025,-1.101,-7.002084,-34.832726
427619,3,-0.32,0.52,9.979,-1.001,-1.077,-7.002084,-34.832726
427669,3,-0.32,0.00,9.984,-1.025,-1.116,-7.002084,-34.832726
427721,3,-0.29,0.56,10.032,-1.015,-1.164,-7.002084,-34.832726
427772,3,-0.28,0.48,9.969,-1.010,-1.111,-7.002084,-34.832726
427824,3,-0.25,0.48,9.946,-1.001,-1.101,-7.002084,-34.832726
427875,3,-0.24,0.56,9.926,-1.006,-1.116,-7.002084,-34.832726
427927,3,-0.24,0.00,9.888,-0.991,-1.087,-7.002084,-34.832726
427977,3,-0.21,0.00,9.936,-1.001,-1.082,-7.002084,-34.832726
428027,3,-0.20,0.52,9.979,-1.039,-1.140,-7.002084,-34.832726
428078,3,-0.20,0.00,9.974,-1.020,-1.106,-7.002084,-34.832726
428128,3,-0.20,-0.60,9.984,-0.991,-1.144,-7.002084,-34.832726
428178,3,-0.22,-0.84,9.907,-1.006,-1.116,-7.002084,-34.832726
428229,3,-0.23,0.00,9.931,-1.001,-1.106,-7.002084,-34.832726
428279,3,-0.23,-1.41,9.902,-0.996,-1.111,-7.002084,-34.832726
428330,3,-0.23,0.00,9.912,-1.015,-1.111,-7.002084,-34.832726
428380,3,-0.23,0.00,9.917,-1.034,-1.101,-7.002084,-34.832726
428430,3,-0.25,0.00,9.922,-1.020,-1.087,-7.002084,-34.832726
428483,3,-0.26,-0.56,9.931,-1.006,-1.087,-7.002084,-34.832726
428534,3,-0.26,0.00,9.898,-1.025,-1.116,-7.002084,-34.832726
428586,3,-0.26,0.00,9.922,-1.025,-1.135,-7.002084,-34.832726
428637,3,-0.26,0.00,9.946,-1.010,-1.092,-7.002084,-34.832726
428689,3,-0.26,0.00,9.926,-1.025,-1.120,-7.002084,-34.832726
428738,3,-0.28,-0.82,9.941,-1.015,-1.092,-7.002084,-34.832726
428790,3,-0.28,0.00,9.941,-1.010,-1.092,-7.002084,-34.832726
428841,3,-0.30,0.00,9.912,-1.010,-1.092,-7.002084,-34.832726
428893,3,-0.31,0.00,9.950,-1.010,-1.130,-7.002084,-34.832726
428944,3,-0.32,-0.48,9.931,-1.030,-1.111,-7.002084,-34.832726
428997,3,-0.36,-1.49,9.926,-1.006,-1.106,-7.002084,-34.832726
429048,3,-0.36,0.00,9.912,-1.010,-1.077,-7.002084,-34.832726
429098,3,-0.36,0.00,9.912,-1.015,-1.120,-7.002084,-34.832726
429148,3,-0.36,0.00,9.902,-1.006,-1.120,-7.002084,-34.832726
429199,3,-0.35,0.00,9.907,-1.025,-1.120,-7.002084,-34.832726
429249,3,-0.33,0.56,9.922,-1.020,-1.116,-7.002084,-34.832726
429300,3,-0.33,0.00,9.931,-1.025,-1.092,-7.002084,-34.832726
429350,3,-0.33,0.00,9.946,-1.015,-1.097,-7.002084,-34.832726
429401,3,-0.35,-0.56,9.931,-1.020,-1.087,-7.002084,-34.832726
429451,3,-0.36,-0.52,9.902,-1.025,-1.140,-7.002084,-34.832726
429503,3,-0.40,-0.52,9.926,-1.006,-1.101,-7.002084,-34.832726
429553,3,-0.40,0.00,9.922,-1.015,-1.111,-7.002084,-34.832726
429610,3,-0.41,-0.16,9.936,-1.015,-1.130,-7.002084,-34.832726
429662,3,-0.43,0.00,9.922,-1.039,-1.087,-7.002084,-34.832726
429712,3,-0.43,0.00,9.926,-1.015,-1.101,-7.002084,-34.832726
429764,3,-0.44,-0.56,9.926,-1.020,-1.120,-7.002084,-34.832726
429815,3,-0.45,0.00,9.898,-0.991,-1.144,-7.002084,-34.832726
429867,3,-0.45,0.00,9.926,-1.010,-1.120,-7.002084,-34.832726
429918,3,-0.45,0.00,9.917,-1.030,-1.135,-7.002084,-34.832726
429971,3,-0.45,0.00,9.936,-1.020,-1.092,-7.002084,-34.832726
430021,3,-0.47,-0.52,9.926,-1.030,-1.106,-7.002084,-34.832726
430071,3,-0.48,0.00,9.922,-1.030,-1.120,-7.002085,-34.832726
430122,3,-0.52,-1.09,9.946,-1.015,-1.125,-7.002085,-34.832726
430172,3,-0.52,0.00,9.922,-0.991,-1.116,-7.002085,-34.832726
430223,3,-0.54,0.00,9.907,-1.015,-1.120,-7.002085,-34.832726
430273,3,-0.56,-0.52,9.946,-1.015,-1.144,-7.002085,-34.832726
430323,3,-0.58,-0.58,9.922,-1.015,-1.116,-7.002085,-34.832726
430374,3,-0.59,0.00,9.922,-1.034,-1.101,-7.002085,-34.832726
430424,3,-0.59,0.00,9.950,-1.025,-1.116,-7.002085,-34.832726
430477,3,-0.59,0.00,9.907,-0.991,-1.106,-7.002085,-34.832726
430528,3,-0.59,0.00,9.941,-1.025,-1.092,-7.002085,-34.832726
430580,3,-0.65,-1.38,9.931,-0.996,-1.111,-7.002085,-34.832726
430631,3,-0.62,1.49,9.922,-1.001,-1.120,-7.002085,-34.832726
430683,3,-0.62,1.38,9.950,-1.044,-1.130,-7.002085,-34.832726
430735,3,-0.62,0.00,9.926,-1.025,-1.120,-7.002085,-34.832726
430786,3,-0.62,0.00,9.931,-1.015,-1.106,-7.002085,-34.832726
430838,3,-0.62,0.00,9.950,-1.020,-1.116,-7.002085,-34.832726
430889,3,-0.63,0.00,9.931,-1.025,-1.120,-7.002085,-34.832726
430941,3,-0.63,0.00,9.931,-0.996,-1.125,-7.002085,-34.832726
430991,3,-0.63,0.00,9.931,-1.006,-1.101,-7.002085,-34.832726
431041,3,-0.64,0.00,9.941,-0.996,-1.120,-7.002085,-34.832726
431092,3,-0.66,0.00,9.931,-1.001,-1.101,-7.002085,-34.832726
431142,3,-0.67,-0.52,9.922,-1.030,-1.116,-7.002085,-34.832726
431193,3,-0.66,0.00,9.926,-1.015,-1.130,-7.002085,-34.832726
431243,3,-0.66,0.00,9.917,-1.010,-1.092,-7.002085,-34.832726
431293,3,-0.66,0.00,9.912,-1.030,-1.097,-7.002085,-34.832726
431344,3,-0.66,0.00,9.931,-1.010,-1.092,-7.002085,-34.832726
431394,3,-0.66,0.00,9.922,-1.030,-1.082,-7.002085,-34.832726
431445,3,-0.66,0.00,9.926,-1.025,-1.140,-7.002085,-34.832726
431496,3,-0.64,0.00,9.926,-1.020,-1.120,-7.002085,-34.832726
431547,3,-0.66,-0.56,9.931,-1.015,-1.111,-7.002085,-34.832726
431598,3,-0.66,0.00,9.922,-1.010,-1.111,-7.002085,-34.832726
431655,3,-0.67,-0.17,9.926,-1.020,-1.111,-7.002085,-34.832726
431707,3,-0.67,0.00,9.931,-1.030,-1.144,-7.002085,-34.832726
431759,3,-0.69,0.00,9.946,-1.015,-1.106,-7.002085,-34.832726
431809,3,-0.69,0.00,9.917,-1.006,-1.097,-7.002085,-34.832726
431860,3,-0.70,-0.48,9.926,-1.001,-1.106,-7.002085,-34.832726
431912,3,-0.70,0.00,9.931,-1.006,-1.092,-7.002085,-34.832726
431964,3,-0.70,0.00,9.946,-1.006,-1.116,-7.002085,-34.832726
432014,3,-0.70,0.00,9.936,-1.015,-1.125,-7.002085,-34.832726
432065,3,-0.70,0.00,9.941,-1.030,-1.111,-7.002085,-34.832726
432115,3,-0.70,0.00,9.931,-1.030,-1.120,-7.002085,-34.832726
432166,3,-0.71,-0.56,9.912,-1.015,-1.120,-7.002085,-34.832726
432216,3,-0.73,-0.50,9.936,-1.015,-1.092,-7.002085,-34.832726
432266,3,-0.74,0.00,9.926,-1.001,-1.116,-7.002085,-34.832726
432317,3,-0.77,-0.52,9.922,-1.015,-1.120,-7.002085,-34.832726
432367,3,-0.76,0.52,9.917,-1.001,-1.101,-7.002085,-34.832726
432418,3,-0.76,0.00,9.931,-1.010,-1.130,-7.002085,-34.832726
432468,3,-0.76,-0.54,9.926,-1.020,-1.135,-7.002085,-34.832726
432519,3,-0.76,0.00,9.926,-1.001,-1.120,-7.002085,-34.832726
432571,3,-0.76,0.00,9.931,-1.020,-1.130,-7.002085,-34.832726
432622,3,-0.76,0.00,9.912,-1.020,-1.116,-7.002085,-34.832726
432674,3,-0.76,0.00,9.960,-1.025,-1.097,-7.002085,-34.832726
432726,3,-0.77,-0.48,9.936,-1.020,-1.097,-7.002085,-34.832726
432777,3,-0.77,0.00,9.917,-1.020,-1.101,-7.002085,-34.832726
432829,3,-0.74,0.52,9.926,-1.006,-1.111,-7.002085,-34.832726
432880,3,-0.74,0.00,9.926,-1.025,-1.106,-7.002085,-34.832726
432932,3,-0.73,0.00,9.950,-1.006,-1.130,-7.002085,-34.832726
432982,3,-0.71,0.52,9.926,-1.006,-1.125,-7.002085,-34.832726
433032,3,-0.71,0.00,9.922,-1.020,-1.111,-7.002086,-34.832726
433083,3,-0.70,0.00,9.922,-1.010,-1.111,-7.002086,-34.832726
433133,3,-0.70,0.00,9.941,-1.034,-1.116,-7.002086,-34.832726
433183,3,-0.74,-1.39,9.922,-1.020,-1.106,-7.002086,-34.832726
433234,3,-0.72,0.00,9.917,-1.034,-1.101,-7.002086,-34.832726
433284,3,-0.71,0.48,9.931,-1.010,-1.087,-7.002086,-34.832726
433335,3,-0.70,0.56,9.931,-1.015,-1.120,-7.002086,-34.832726
433385,3,-0.67,0.00,9.931,-1.025,-1.130,-7.002086,-34.832726
433435,3,-0.64,0.54,9.931,-1.020,-1.092,-7.002086,-34.832726
433487,3,-0.64,0.00,9.931,-1.020,-1.092,-7.002086,-34.832726
433538,3,-0.64,0.00,9.917,-0.996,-1.106,-7.002086,-34.832726
433589,3,-0.63,0.00,9.946,-1.015,-1.125,-7.002086,-34.832726
433641,3,-0.59,0.93,9.931,-0.996,-1.087,-7.002086,-34.832726
433707,3,-0.58,0.14,9.941,-1.006,-1.130,-7.002086,-34.832726
433758,3,-0.58,0.00,9.936,-1.015,-1.101,-7.002086,-34.832726
433810,3,-0.56,0.56,9.926,-0.996,-1.097,-7.002086,-34.832726
433860,3,-0.56,0.00,9.898,-1.015,-1.111,-7.002086,-34.832726
433909,3,-0.53,0.00,9.902,-0.996,-1.116,-7.002086,-34.832726
433961,3,-0.51,0.00,9.926,-1.006,-1.101,-7.002086,-34.832726
434011,3,-0.54,-0.88,9.931,-1.030,-1.125,-7.002086,-34.832726
434062,3,-0.50,1.45,9.946,-1.020,-1.111,-7.002086,-34.832726
434112,3,-0.50,0.00,9.936,-1.025,-1.111,-7.002086,-34.832726
434163,3,-0.49,0.00,9.941,-1.020,-1.125,-7.002086,-34.832726
434213,3,-0.49,0.00,9.922,-1.010,-1.092,-7.002086,-34.832726
434263,3,-0.47,0.00,9.936,-1.015,-1.087,-7.002086,-34.832726
434314,3,-0.47,0.00,9.931,-1.015,-1.082,-7.002086,-34.832726
434364,3,-0.49,-0.56,9.941,-1.025,-1.111,-7.002086,-34.832726
434415,3,-0.52,0.00,9.922,-1.015,-1.116,-7.002086,-34.832726
434465,3,-0.51,0.54,9.926,-1.015,-1.087,-7.002086,-34.832726
434516,3,-0.50,0.48,9.941,-1.015,-1.092,-7.002086,-34.832726
434568,3,-0.47,0.52,9.926,-1.015,-1.106,-7.002086,-34.832726
434619,3,-0.47,0.00,9.926,-1.020,-1.101,-7.002086,-34.832726
434671,3,-0.47,0.00,9.941,-1.025,-1.092,-7.002086,-34.832726
434723,3,-0.44,0.48,9.931,-1.001,-1.130,-7.002086,-34.832726
434774,3,-0.44,0.00,9.907,-1.020,-1.125,-7.002086,-34.832726
434826,3,-0.44,0.00,9.917,-0.996,-1.111,-7.002086,-34.832726
434877,3,-0.43,0.52,9.902,-1.015,-1.082,-7.002086,-34.832726
434929,3,-0.38,0.00,9.931,-0.996,-1.092,-7.002086,-34.832726
434979,3,-0.36,0.00,9.941,-1.006,-1.106,-7.002086,-34.832726
435029,3,-0.36,0.00,9.907,-1.001,-1.097,-7.002086,-34.832726
435079,3,-0.38,0.00,9.936,-0.996,-1.130,-7.002086,-34.832726
435130,3,-0.39,1.45,9.898,-0.991,-1.120,-7.002086,-34.832726
435180,3,-0.39,0.00,9.931,-0.996,-1.125,-7.002086,-34.832726
435231,3,-0.39,0.00,9.922,-0.991,-1.097,-7.002086,-34.832726
435281,3,-0.39,0.00,9.965,-1.039,-1.106,-7.002086,-34.832726
435332,3,-0.38,0.54,9.969,-0.991,-1.101,-7.002086,-34.832726
435382,3,-0.38,0.00,9.931,-0.996,-1.164,-7.002086,-34.832726
435432,3,-0.38,0.00,9.912,-1.006,-1.116,-7.002086,-34.832726
435484,3,-0.36,0.56,9.926,-0.996,-1.111,-7.002086,-34.832726
435536,3,-0.38,0.00,9.936,-1.025,-1.101,-7.002086,-34.832726
435588,3,-0.39,0.00,9.936,-1.025,-1.111,-7.002086,-34.832726
435638,3,-0.40,-0.48,9.941,-1.025,-1.120,-7.002086,-34.832726
435690,3,-0.39,0.48,9.946,-1.025,-1.135,-7.002086,-34.832726
435746,3,-0.39,0.00,9.936,-0.986,-1.106,-7.002086,-34.832726
435798,3,-0.40,0.00,9.922,-0.982,-1.111,-7.002086,-34.832726
435849,3,-0.38,-0.56,9.869,-0.982,-1.101,-7.002086,-34.832726
435900,3,-0.38,0.00,9.888,-1.015,-1.087,-7.002086,-34.832726
435951,3,-0.40,-0.48,9.912,-1.010,-1.125,-7.002086,-34.832726
436002,3,-0.38,0.00,9.950,-1.034,-1.106,-7.002086,-34.832726
436052,3,-0.38,0.00,9.926,-1.025,-1.120,-7.002086,-34.832729
436102,3,-0.40,-0.52,9.931,-1.030,-1.106,-7.002086,-34.832729
436153,3,-0.40,0.00,9.878,-1.001,-1.077,-7.002086,-34.832729
436203,3,-0.37,1.45,9.936,-1.020,-1.130,-7.002086,-34.832729
436254,3,-0.39,-0.52,9.893,-1.001,-1.082,-7.002086,-34.832729
436304,3,-0.39,0.00,9.893,-1.030,-1.077,-7.002086,-34.832729
436355,3,-0.40,0.00,9.922,-1.030,-1.087,-7.002086,-34.832729
436405,3,-0.40,0.00,9.965,-1.034,-1.140,-7.002086,-34.832729
436455,3,-0.41,0.00,9.869,-1.001,-1.063,-7.002086,-34.832729
436507,3,-0.40,0.00,9.864,-1.006,-1.111,-7.002086,-34.832729
436558,3,-0.40,0.00,9.936,-1.010,-1.082,-7.002086,-34.832729
436610,3,-0.41,0.00,9.979,-1.020,-1.149,-7.002086,-34.832729
436662,3,-0.41,0.00,9.902,-0.967,-1.111,-7.002086,-34.832729
436713,3,-0.43,0.00,9.917,-1.030,-1.116,-7.002086,-34.832729
436765,3,-0.43,0.00,9.950,-1.020,-1.106,-7.002086,-34.832729
436816,3,-0.43,0.00,9.993,-1.020,-1.149,-7.002086,-34.832729
436868,3,-0.39,1.79,9.941,-1.020,-1.140,-7.002086,-34.832729
436917,3,-0.38,0.48,9.917,-1.015,-1.087,-7.002086,-34.832729
436969,3,-0.40,0.00,9.907,-1.006,-1.092,-7.002086,-34.832729
437020,3,-0.41,-0.52,9.912,-1.006,-1.025,-7.002086,-34.832729
437070,3,-0.41,0.00,9.855,-0.910,-1.164,-7.002086,-34.832729
437120,3,-0.39,0.56,9.869,-0.929,-1.130,-7.002086,-34.832729
437171,3,-0.39,0.00,9.893,-1.015,-1.111,-7.002086,-34.832729
437221,3,-0.39,0.00,9.965,-1.049,-1.101,-7.002086,-34.832729
437272,3,-0.41,-0.52,10.032,-1.053,-1.130,-7.002086,-34.832729
437322,3,-0.43,-0.56,10.032,-1.053,-1.197,-7.002086,-34.832729
437372,3,-0.44,0.00,9.984,-1.006,-1.168,-7.002086,-34.832729
437423,3,-0.47,-0.52,9.893,-1.010,-1.125,-7.002086,-34.832729
437472,3,-0.47,0.00,9.926,-0.991,-1.135,-7.002086,-34.832729
437524,3,-0.50,-1.38,9.917,-1.006,-1.111,-7.002086,-34.832729
437576,3,-0.50,0.00,9.917,-1.006,-1.116,-7.002086,-34.832729
437626,3,-0.50,0.00,9.931,-1.010,-1.092,-7.002086,-34.832729
437678,3,-0.49,0.56,9.926,-1.010,-1.111,-7.002086,-34.832729
437729,3,-0.50,-0.52,9.941,-1.025,-1.087,-7.002086,-34.832729
437785,3,-0.50,0.00,9.936,-0.996,-1.092,-7.002086,-34.832729
437837,3,-0.55,-0.48,9.912,-1.010,-1.111,-7.002086,-34.832729
437888,3,-0.55,0.00,9.917,-1.006,-1.120,-7.002086,-34.832729
437939,3,-0.55,0.00,9.936,-1.015,-1.087,-7.002086,-34.832729
437989,3,-0.55,0.00,9.902,-1.025,-1.111,-7.002086,-34.832729
438039,3,-0.55,0.00,9.907,-1.015,-1.101,-7.002086,-34.832729
438089,3,-0.55,0.60,9.926,-0.996,-1.087,-7.002086,-34.832729
438140,3,-0.57,-0.60,9.907,-1.015,-1.101,-7.002086,-34.832729
438190,3,-0.57,0.00,9.922,-1.001,-1.106,-7.002086,-34.832729
438241,3,-0.55,0.00,9.907,-1.006,-1.097,-7.002086,-34.832729
438291,3,-0.59,-1.45,9.917,-1.001,-1.120,-7.002086,-34.832729
438341,3,-0.57,0.00,9.926,-1.006,-1.106,-7.002086,-34.832729
438392,3,-0.60,0.00,9.936,-1.034,-1.087,-7.002086,-34.832729
438442,3,-0.60,0.00,9.931,-1.001,-1.130,-7.002086,-34.832729
438495,3,-0.62,0.00,9.931,-1.015,-1.097,-7.002086,-34.832729
438546,3,-0.60,0.48,9.926,-1.034,-1.097,-7.002086,-34.832729
438597,3,-0.60,0.00,9.922,-1.015,-1.116,-7.002086,-34.832729
438649,3,-0.59,0.00,9.922,-1.010,-1.092,-7.002086,-34.832729
438700,3,-0.59,0.00,9.922,-1.010,-1.106,-7.002086,-34.832729
438752,3,-0.59,0.00,9.917,-1.015,-1.087,-7.002086,-34.832729
438804,3,-0.62,-0.48,9.931,-1.006,-1.111,-7.002086,-34.832729
438855,3,-0.65,0.00,9.931,-1.010,-1.135,-7.002086,-34.832729
438907,3,-0.65,0.00,9.926,-1.015,-1.116,-7.002086,-34.832729
438959,3,-0.67,-0.52,9.917,-1.034,-1.106,-7.002086,-34.832729
439009,3,-0.68,0.00,9.912,-1.044,-1.087,-7.002086,-34.832729
439059,3,-0.67,0.50,9.912,-1.020,-1.111,-7.002087,-34.832729
439110,3,-0.67,0.00,9.898,-1.025,-1.092,-7.002087,-34.832729
439160,3,-0.65,0.00,9.926,-1.034,-1.144,-7.002087,-34.832729
439211,3,-0.64,0.56,9.912,-1.010,-1.092,-7.002087,-34.832729
439261,3,-0.64,0.00,9.931,-1.006,-1.082,-7.002087,-34.832729
439311,3,-0.61,0.00,9.931,-1.025,-1.135,-7.002087,-34.832729
439362,3,-0.59,0.48,9.955,-1.025,-1.101,-7.002087,-34.832729
439412,3,-0.59,0.00,9.917,-1.034,-1.101,-7.002087,-34.832729
439462,3,-0.61,0.00,9.936,-0.991,-1.135,-7.002087,-34.832729
439514,3,-0.61,0.00,9.936,-1.025,-1.125,-7.002087,-34.832729
439565,3,-0.61,0.00,9.950,-1.001,-1.140,-7.002087,-34.832729
439617,3,-0.60,0.48,9.926,-1.020,-1.106,-7.002087,-34.832729
439669,3,-0.60,0.00,9.946,-0.982,-1.116,-7.002087,-34.832729
439719,3,-0.58,0.56,9.946,-1.020,-1.101,-7.002087,-34.832729
439771,3,-0.55,0.00,9.950,-1.044,-1.125,-7.002087,-34.832729
439828,3,-0.56,-0.12,9.946,-1.034,-1.116,-7.002087,-34.832729
439878,3,-0.58,-0.56,9.912,-1.030,-1.053,-7.002087,-34.832729
439930,3,-0.56,0.56,9.965,-1.063,-1.154,-7.002087,-34.832729
439979,3,-0.55,0.48,9.965,-1.025,-1.082,-7.002087,-34.832729
440030,3,-0.54,0.00,9.912,-0.982,-1.135,-7.002087,-34.832733
440080,3,-0.56,-1.39,9.898,-0.991,-1.087,-7.002087,-34.832733
440130,3,-0.55,0.56,9.912,-1.025,-1.130,-7.002087,-34.832733
440181,3,-0.55,0.00,9.955,-1.006,-1.101,-7.002087,-34.832733
440231,3,-0.53,0.52,9.946,-1.058,-1.092,-7.002087,-34.832733
440282,3,-0.52,0.56,9.936,-1.006,-1.120,-7.002087,-34.832733
440332,3,-0.50,0.00,9.907,-0.991,-1.097,-7.002087,-34.832733
440383,3,-0.46,1.09,9.936,-1.030,-1.097,-7.002087,-34.832733
440433,3,-0.45,0.50,9.941,-1.020,-1.111,-7.002087,-34.832733
440482,3,-0.47,0.00,9.936,-0.986,-1.087,-7.002087,-34.832733
440534,3,-0.46,0.52,9.922,-1.010,-1.106,-7.002087,-34.832733
440586,3,-0.45,0.48,9.926,-1.010,-1.120,-7.002087,-34.832733
440637,3,-0.42,0.52,9.931,-1.030,-1.111,-7.002087,-34.832733
440689,3,-0.42,0.00,9.936,-1.049,-1.106,-7.002087,-34.832733
440741,3,-0.40,0.00,9.922,-1.034,-1.140,-7.002087,-34.832733
440792,3,-0.40,0.00,9.898,-0.986,-1.111,-7.002087,-34.832733
440844,3,-0.39,0.48,9.931,-1.020,-1.092,-7.002087,-34.832733
440895,3,-0.41,0.52,9.931,-1.015,-1.101,-7.002087,-34.832733
440947,3,-0.41,0.00,9.936,-0.991,-1.106,-7.002087,-34.832733
440997,3,-0.41,0.00,9.926,-1.020,-1.106,-7.002087,-34.832733
441048,3,-0.42,-0.54,9.922,-1.010,-1.092,-7.002087,-34.832733
441098,3,-0.40,1.09,9.931,-1.015,-1.125,-7.002087,-34.832733
441148,3,-0.41,0.00,9.931,-1.001,-1.106,-7.002087,-34.832733
441199,3,-0.41,0.00,9.922,-0.991,-1.101,-7.002087,-34.832733
441249,3,-0.41,0.00,9.912,-0.972,-1.063,-7.002087,-34.832733
441300,3,-0.40,0.00,9.941,-1.010,-1.116,-7.002087,-34.832733
441350,3,-0.38,0.00,9.936,-1.049,-1.130,-7.002087,-34.832733
441400,3,-0.37,0.52,9.936,-1.039,-1.154,-7.002087,-34.832733
441451,3,-0.37,0.00,9.917,-1.030,-1.125,-7.002087,-34.832733
441501,3,-0.38,-0.48,9.907,-0.982,-1.097,-7.002087,-34.832733
441553,3,-0.37,0.00,9.931,-0.972,-1.073,-7.002087,-34.832733
441604,3,-0.37,0.00,9.936,-1.015,-1.082,-7.002087,-34.832733
441656,3,-0.37,0.00,9.917,-1.015,-1.092,-7.002087,-34.832733
441707,3,-0.38,-0.48,9.883,-1.034,-1.106,-7.002087,-34.832733
441759,3,-0.38,0.00,9.931,-1.039,-1.125,-7.002087,-34.832733
441811,3,-0.38,0.00,9.936,-1.049,-1.135,-7.002087,-34.832733
441868,3,-0.37,0.19,9.917,-0.972,-1.092,-7.002087,-34.832733
441918,3,-0.37,0.00,9.902,-0.924,-1.068,-7.002087,-34.832733
441967,3,-0.38,0.00,9.907,-0.948,-1.087,-7.002087,-34.832733
442018,3,-0.37,0.52,9.917,-1.025,-1.111,-7.002087,-34.832733
442068,3,-0.37,0.00,9.936,-1.077,-1.120,-7.002087,-34.832733
442119,3,-0.37,0.00,9.941,-1.101,-1.111,-7.002087,-34.832733
442169,3,-0.37,0.00,9.936,-1.015,-1.140,-7.002087,-34.832733
442219,3,-0.37,0.00,9.946,-0.958,-1.097,-7.002087,-34.832733
442270,3,-0.37,0.00,9.922,-0.934,-1.082,-7.002087,-34.832733
442320,3,-0.38,-0.52,9.946,-0.996,-1.125,-7.002087,-34.832733
442371,3,-0.37,0.00,9.936,-1.039,-1.092,-7.002087,-34.832733
442421,3,-0.37,-0.54,9.931,-1.058,-1.116,-7.002087,-34.832733
442473,3,-0.37,0.00,9.941,-1.068,-1.135,-7.002087,-34.832733
442525,3,-0.37,0.00,9.917,-1.044,-1.135,-7.002087,-34.832733
442577,3,-0.34,1.04,9.869,-0.958,-1.092,-7.002087,-34.832733
442628,3,-0.34,0.00,9.922,-0.962,-1.106,-7.002087,-34.832733
442680,3,-0.34,0.00,9.950,-0.962,-1.073,-7.002087,-34.832733
442732,3,-0.34,0.00,9.917,-1.030,-1.116,-7.002087,-34.832733
442783,3,-0.30,0.48,9.950,-1.082,-1.106,-7.002087,-34.832733
442835,3,-0.30,0.00,9.907,-1.063,-1.120,-7.002087,-34.832733
442886,3,-0.31,0.00,9.922,-1.006,-1.116,-7.002087,-34.832733
442938,3,-0.30,0.00,9.931,-0.958,-1.092,-7.002087,-34.832733
442988,3,-0.30,0.00,9.960,-0.962,-1.087,-7.002087,-34.832733
443038,3,-0.34,0.00,9.955,-0.986,-1.087,-7.002088,-34.832729
443089,3,-0.35,-0.50,9.912,-1.053,-1.135,-7.002088,-34.832729
443139,3,-0.35,0.00,9.941,-1.082,-1.130,-7.002088,-34.832729
443190,3,-0.35,0.00,9.917,-1.077,-1.140,-7.002088,-34.832729
443240,3,-0.34,0.52,9.946,-1.006,-1.097,-7.002088,-34.832729
443290,3,-0.32,0.52,9.917,-0.939,-1.120,-7.002088,-34.832729
443341,3,-0.31,0.00,9.931,-0.924,-1.087,-7.002088,-34.832729
443391,3,-0.31,0.00,9.931,-0.967,-1.101,-7.002088,-34.832729
443442,3,-0.31,0.00,9.907,-1.039,-1.140,-7.002088,-34.832729
443493,3,-0.32,0.00,9.926,-1.130,-1.101,-7.002088,-34.832729
443545,3,-0.34,0.82,9.936,-1.111,-1.125,-7.002088,-34.832729
443597,3,-0.34,0.00,9.912,-1.025,-1.097,-7.002088,-34.832729
443648,3,-0.35,0.00,9.926,-0.977,-1.092,-7.002088,-34.832729
443700,3,-0.35,0.00,9.917,-0.958,-1.097,-7.002088,-34.832729
443751,3,-0.35,0.00,9.936,-0.958,-1.082,-7.002088,-34.832729
443802,3,-0.35,0.00,9.917,-1.058,-1.097,-7.002088,-34.832729
443853,3,-0.35,-0.48,9.946,-1.092,-1.130,-7.002088,-34.832729
443910,3,-0.32,0.34,9.941,-1.073,-1.120,-7.002088,-34.832729
443962,3,-0.31,0.56,9.941,-1.015,-1.111,-7.002088,-34.832729
444013,3,-0.31,0.00,9.941,-0.943,-1.097,-7.002088,-34.832729
444063,3,-0.31,0.00,9.950,-0.943,-1.116,-7.002089,-34.832729
444113,3,-0.31,0.00,9.941,-0.991,-1.130,-7.002089,-34.832729
444164,3,-0.31,0.00,9.907,-1.015,-1.120,-7.002089,-34.832729
444214,3,-0.30,0.00,9.950,-1.097,-1.154,-7.002089,-34.832729
444265,3,-0.35,-2.01,9.931,-1.101,-1.120,-7.002089,-34.832729
444315,3,-0.30,0.00,9.926,-1.025,-1.140,-7.002089,-34.832729
444366,3,-0.30,0.00,9.941,-0.953,-1.111,-7.002089,-34.832729
444416,3,-0.30,0.00,9.946,-0.929,-1.077,-7.002089,-34.832729
444466,3,-0.32,0.00,9.941,-0.943,-1.077,-7.002089,-34.832729
444517,3,-0.31,0.00,9.946,-1.030,-1.111,-7.002089,-34.832729
444568,3,-0.29,0.48,9.926,-1.068,-1.140,-7.002089,-34.832729
444619,3,-0.31,-0.48,9.941,-1.082,-1.140,-7.002089,-34.832729
444671,3,-0.31,0.00,9.931,-1.025,-1.101,-7.002089,-34.832729
444723,3,-0.32,-0.52,9.926,-0.967,-1.092,-7.002089,-34.832729
444774,3,-0.32,0.00,9.922,-0.977,-1.120,-7.002089,-34.832729
444826,3,-0.33,-0.52,9.912,-0.996,-1.073,-7.002089,-34.832729
444877,3,-0.31,0.86,9.917,-1.034,-1.149,-7.002089,-34.832729
444929,3,-0.31,0.00,9.941,-1.068,-1.106,-7.002089,-34.832729
444979,3,-0.32,0.00,9.941,-1.063,-1.106,-7.002089,-34.832729
445029,3,-0.32,0.00,9.902,-1.001,-1.087,-7.002089,-34.832729
445079,3,-0.35,-0.50,9.926,-0.986,-1.082,-7.002089,-34.832729
445130,3,-0.35,0.00,9.926,-0.977,-1.097,-7.002089,-34.832729
445180,3,-0.35,0.00,9.946,-1.001,-1.130,-7.002089,-34.832729
445231,3,-0.37,0.00,9.917,-1.039,-1.125,-7.002089,-34.832729
445281,3,-0.37,0.00,9.926,-1.053,-1.116,-7.002089,-34.832729
445332,3,-0.37,0.00,9.950,-1.030,-1.144,-7.002089,-34.832729
445382,3,-0.37,0.00,9.931,-1.015,-1.101,-7.002089,-34.832729
445432,3,-0.38,-0.56,9.926,-0.958,-1.101,-7.002089,-34.832729
445484,3,-0.38,0.00,9.941,-0.986,-1.120,-7.002089,-34.832729
445536,3,-0.39,0.00,9.917,-1.020,-1.106,-7.002089,-34.832729
445588,3,-0.39,0.00,9.936,-1.039,-1.111,-7.002089,-34.832729
445639,3,-0.41,0.00,9.950,-1.039,-1.111,-7.002089,-34.832729
445691,3,-0.42,0.00,9.917,-1.001,-1.116,-7.002089,-34.832729
445742,3,-0.42,0.00,9.931,-1.010,-1.116,-7.002089,-34.832729
445793,3,-0.42,0.00,9.946,-1.001,-1.101,-7.002089,-34.832729
445844,3,-0.41,0.00,9.922,-1.020,-1.101,-7.002089,-34.832729
445896,3,-0.39,0.56,9.950,-1.025,-1.116,-7.002089,-34.832729
445955,3,-0.37,0.35,9.946,-1.039,-1.063,-7.002089,-34.832729
446005,3,-0.37,0.00,9.946,-1.015,-1.111,-7.002089,-34.832729
446056,3,-0.35,0.00,9.936,-1.025,-1.120,-7.002090,-34.832729
446106,3,-0.37,-0.56,9.926,-0.991,-1.116,-7.002090,-34.832729
446157,3,-0.37,0.00,9.917,-1.010,-1.073,-7.002090,-34.832729
446207,3,-0.31,0.00,9.941,-1.025,-1.111,-7.002090,-34.832729
446257,3,-0.31,0.00,9.936,-1.020,-1.101,-7.002090,-34.832729
446308,3,-0.31,0.00,9.917,-1.020,-1.087,-7.002090,-34.832729
446358,3,-0.30,0.00,9.912,-1.001,-1.097,-7.002090,-34.832729
446409,3,-0.30,0.00,9.917,-0.996,-1.116,-7.002090,-34.832729
446459,3,-0.30,0.00,9.922,-0.986,-1.077,-7.002090,-34.832729
446510,3,-0.30,0.00,9.926,-1.006,-1.106,-7.002090,-34.832729
446561,3,-0.30,0.00,9.922,-1.030,-1.087,-7.002090,-34.832729
446612,3,-0.30,0.00,9.926,-1.039,-1.106,-7.002090,-34.832729
446664,3,-0.29,0.00,9.926,-1.015,-1.120,-7.002090,-34.832729
446716,3,-0.30,0.00,9.936,-1.015,-1.106,-7.002090,-34.832729
446767,3,-0.30,0.00,9.941,-0.991,-1.082,-7.002090,-34.832729
446819,3,-0.30,0.00,9.926,-1.001,-1.116,-7.002090,-34.832729
446870,3,-0.29,0.56,9.917,-1.015,-1.111,-7.002090,-34.832729
446922,3,-0.32,0.00,9.950,-1.039,-1.092,-7.002090,-34.832729
452185,3,-0.34,-0.00,9.931,-1.020,-1.116,-7.002090,-34.832729
452236,3,-0.32,0.60,9.902,-1.030,-1.130,-7.002090,-34.832729
452286,3,-0.32,0.00,9.926,-1.015,-1.130,-7.002090,-34.832729
452337,3,-0.32,0.00,9.941,-1.020,-1.120,-7.002090,-34.832729
452387,3,-0.31,0.52,9.926,-1.025,-1.111,-7.002090,-34.832729
452437,3,-0.31,0.00,9.941,-1.020,-1.082,-7.002090,-34.832729
452490,3,-0.31,0.00,9.917,-1.034,-1.097,-7.002090,-34.832729
452540,3,-0.30,0.48,9.926,-0.986,-1.082,-7.002090,-34.832729
452591,3,-0.30,0.00,9.922,-1.006,-1.120,-7.002090,-34.832729
452643,3,-0.26,0.00,9.917,-1.020,-1.135,-7.002090,-34.832729
452692,3,-0.26,0.00,9.926,-1.030,-1.130,-7.002090,-34.832729
452744,3,-0.25,1.86,9.936,-1.025,-1.101,-7.002090,-34.832729
452795,3,-0.27,-0.93,9.902,-1.001,-1.125,-7.002090,-34.832729
452847,3,-0.27,0.00,9.936,-1.010,-1.116,-7.002090,-34.832729
452899,3,-0.27,0.00,9.936,-1.020,-1.111,-7.002090,-34.832729
452950,3,-0.25,0.00,9.931,-1.006,-1.120,-7.002090,-34.832729
453000,3,-0.25,0.00,9.936,-1.015,-1.135,-7.002090,-34.832729
453051,3,-0.24,0.54,9.907,-1.010,-1.087,-7.002092,-34.832726
453101,3,-0.24,0.00,9.950,-1.010,-1.097,-7.002092,-34.832726
453152,3,-0.29,-1.97,9.931,-1.025,-1.135,-7.002092,-34.832726
453222,3,-0.30,-0.20,9.922,-1.006,-1.125,-7.002092,-34.832726
453273,3,-0.30,0.00,9.917,-1.006,-1.106,-7.002092,-34.832726
453323,3,-0.30,0.00,9.936,-1.010,-1.106,-7.002092,-34.832726
453373,3,-0.30,0.00,9.931,-1.025,-1.125,-7.002092,-34.832726
453424,3,-0.30,0.00,9.917,-1.025,-1.111,-7.002092,-34.832726
453474,3,-0.30,0.00,9.936,-1.025,-1.087,-7.002092,-34.832726
453524,3,-0.32,-0.48,9.926,-0.991,-1.106,-7.002092,-34.832726
453576,3,-0.37,-2.35,9.941,-1.006,-1.106,-7.002092,-34.832726
453627,3,-0.35,0.48,9.917,-1.020,-1.120,-7.002092,-34.832726
453679,3,-0.34,0.00,9.926,-1.015,-1.116,-7.002092,-34.832726
453730,3,-0.33,0.52,9.931,-1.006,-1.130,-7.002092,-34.832726
453782,3,-0.31,0.52,9.931,-1.010,-1.087,-7.002092,-34.832726
453834,3,-0.34,-0.89,9.912,-1.015,-1.116,-7.002092,-34.832726
453885,3,-0.34,0.00,9.926,-1.010,-1.097,-7.002092,-34.832726
453937,3,-0.32,0.00,9.912,-1.025,-1.106,-7.002092,-34.832726
453987,3,-0.32,0.00,9.912,-1.025,-1.101,-7.002092,-34.832726
454037,3,-0.36,-1.49,9.946,-1.006,-1.116,-7.002092,-34.832726
454087,3,-0.35,0.00,9.926,-1.034,-1.120,-7.002092,-34.832726
454138,3,-0.33,0.56,9.926,-1.015,-1.120,-7.002092,-34.832726
454188,3,-0.33,0.00,9.941,-1.015,-1.097,-7.002092,-34.832726
454239,3,-0.32,0.00,9.936,-1.015,-1.120,-7.002092,-34.832726
454289,3,-0.30,0.52,9.917,-1.010,-1.087,-7.002092,-34.832726
454340,3,-0.30,0.00,9.950,-1.010,-1.120,-7.002092,-34.832726
454390,3,-0.32,0.00,9.955,-1.010,-1.101,-7.002092,-34.832726
454440,3,-0.33,-0.54,9.926,-1.025,-1.082,-7.002092,-34.832726
454492,3,-0.33,0.00,9.941,-1.015,-1.111,-7.002092,-34.832726
454544,3,-0.32,0.00,9.936,-1.010,-1.125,-7.002092,-34.832726
454595,3,-0.32,0.00,9.926,-1.015,-1.063,-7.002092,-34.832726
454647,3,-0.33,0.00,9.936,-1.015,-1.092,-7.002092,-34.832726
454699,3,-0.36,-0.48,9.917,-1.025,-1.106,-7.002092,-34.832726
454749,3,-0.37,-0.48,9.922,-1.034,-1.106,-7.002092,-34.832726
454801,3,-0.37,0.00,9.946,-1.034,-1.144,-7.002092,-34.832726
454852,3,-0.37,0.00,9.926,-1.025,-1.130,-7.002092,-34.832726
454904,3,-0.39,0.00,9.922,-1.006,-1.097,-7.002092,-34.832726
454955,3,-0.40,0.00,9.922,-1.010,-1.106,-7.002092,-34.832726
455006,3,-0.40,0.00,9.926,-1.001,-1.097,-7.002092,-34.832726
455056,3,-0.40,0.00,9.950,-1.001,-1.101,-7.002093,-34.832726
455107,3,-0.41,0.00,9.936,-1.010,-1.120,-7.002093,-34.832726
455157,3,-0.43,0.00,9.917,-1.015,-1.106,-7.002093,-34.832726
455207,3,-0.44,-0.50,9.917,-1.030,-1.125,-7.002093,-34.832726
455266,3,-0.44,0.00,9.931,-1.010,-1.097,-7.002093,-34.832726
455316,3,-0.44,0.00,9.936,-1.015,-1.106,-7.002093,-34.832726
455367,3,-0.43,0.00,9.926,-1.015,-1.097,-7.002093,-34.832726
455417,3,-0.44,-0.52,9.917,-1.020,-1.120,-7.002093,-34.832726
455470,3,-0.45,0.00,9.931,-0.996,-1.111,-7.002093,-34.832726
455520,3,-0.47,-0.48,9.926,-1.001,-1.077,-7.002093,-34.832726
455569,3,-0.50,0.00,9.931,-1.020,-1.120,-7.002093,-34.832726
455621,3,-0.52,-0.48,9.936,-1.025,-1.116,-7.002093,-34.832726
455672,3,-0.50,0.00,9.936,-0.991,-1.116,-7.002093,-34.832726
455724,3,-0.52,-0.52,9.926,-1.006,-1.116,-7.002093,-34.832726
455776,3,-0.52,0.00,9.922,-1.020,-1.106,-7.002093,-34.832726
455827,3,-0.50,0.48,9.902,-1.020,-1.087,-7.002093,-34.832726
455879,3,-0.50,0.00,9.936,-1.025,-1.125,-7.002093,-34.832726
455930,3,-0.53,0.00,9.931,-1.025,-1.120,-7.002093,-34.832726
455980,3,-0.51,0.00,9.898,-1.020,-1.097,-7.002093,-34.832726
456031,3,-0.50,0.56,9.936,-1.025,-1.116,-7.002093,-34.832726
456081,3,-0.49,0.00,9.917,-1.015,-1.116,-7.002093,-34.832726
456131,3,-0.49,0.00,9.922,-1.020,-1.116,-7.002093,-34.832726
456182,3,-0.51,-0.81,9.926,-1.020,-1.120,-7.002093,-34.832726
456232,3,-0.49,0.00,9.936,-1.020,-1.116,-7.002093,-34.832726
456283,3,-0.48,0.00,9.926,-1.015,-1.092,-7.002093,-34.832726
456333,3,-0.45,1.09,9.907,-1.030,-1.116,-7.002093,-34.832726
456384,3,-0.44,0.00,9.926,-0.991,-1.087,-7.002093,-34.832726
456434,3,-0.41,0.56,9.941,-1.020,-1.092,-7.002093,-34.832726
456483,3,-0.45,-1.34,9.931,-1.015,-1.106,-7.002093,-34.832726
456535,3,-0.41,0.45,9.936,-1.006,-1.130,-7.002093,-34.832726
456586,3,-0.39,0.56,9.907,-1.015,-1.130,-7.002093,-34.832726
456637,3,-0.38,0.48,9.931,-1.034,-1.125,-7.002093,-34.832726
456688,3,-0.38,0.00,9.917,-1.006,-1.101,-7.002093,-34.832726
456740,3,-0.38,0.00,9.941,-0.996,-1.101,-7.002093,-34.832726
456792,3,-0.38,0.00,9.902,-1.001,-1.130,-7.002093,-34.832726
456843,3,-0.37,0.00,9.941,-1.030,-1.130,-7.002093,-34.832726
456895,3,-0.35,0.00,9.931,-1.015,-1.101,-7.002093,-34.832726
456946,3,-0.35,0.00,9.917,-1.034,-1.120,-7.002093,-34.832726
456997,3,-0.35,0.00,9.946,-1.025,-1.111,-7.002093,-34.832726
457047,3,-0.34,0.50,9.902,-1.006,-1.101,-7.002093,-34.832726
457098,3,-0.34,0.00,9.946,-1.001,-1.097,-7.002093,-34.832726
457148,3,-0.35,0.00,9.941,-1.010,-1.097,-7.002093,-34.832726
457198,3,-0.35,0.00,9.936,-1.015,-1.135,-7.002093,-34.832726
457249,3,-0.35,0.00,9.912,-1.015,-1.120,-7.002093,-34.832726
457306,3,-0.40,-0.74,9.936,-1.030,-1.130,-7.002093,-34.832726
457357,3,-0.40,0.00,9.941,-1.025,-1.092,-7.002093,-34.832726
457407,3,-0.40,0.00,9.922,-1.020,-1.116,-7.002093,-34.832726
457460,3,-0.42,-0.52,9.931,-0.996,-1.120,-7.002093,-34.832726
457512,3,-0.42,0.00,9.912,-0.996,-1.116,-7.002093,-34.832726
457562,3,-0.42,0.00,9.922,-1.001,-1.111,-7.002093,-34.832726
457613,3,-0.42,0.48,9.941,-1.010,-1.116,-7.002093,-34.832726
457665,3,-0.43,-0.52,9.936,-1.020,-1.106,-7.002093,-34.832726
457717,3,-0.46,0.00,9.936,-1.030,-1.092,-7.002093,-34.832726
457768,3,-0.48,0.00,9.931,-1.010,-1.111,-7.002093,-34.832726
457820,3,-0.48,0.00,9.936,-1.020,-1.101,-7.002093,-34.832726
457871,3,-0.46,0.00,9.922,-1.010,-1.116,-7.002093,-34.832726
457923,3,-0.46,0.00,9.931,-1.001,-1.116,-7.002093,-34.832726
457975,3,-0.48,-0.56,9.931,-1.044,-1.120,-7.002093,-34.832726
458026,3,-0.49,-0.56,9.946,-1.034,-1.120,-7.002093,-34.832726
458076,3,-0.49,0.00,9.946,-1.025,-1.101,-7.002093,-34.832726
458127,3,-0.49,0.00,9.955,-1.015,-1.106,-7.002093,-34.832726
458177,3,-0.48,0.56,9.946,-1.001,-1.125,-7.002093,-34.832726
458227,3,-0.48,0.00,9.922,-1.020,-1.120,-7.002093,-34.832726
458278,3,-0.46,0.00,9.936,-1.020,-1.097,-7.002093,-34.832726
458328,3,-0.46,0.00,9.931,-1.025,-1.101,-7.002093,-34.832726
458379,3,-0.48,0.00,9.941,-1.010,-1.101,-7.002093,-34.832726
458429,3,-0.48,0.00,9.922,-1.039,-1.130,-7.002093,-34.832726
458481,3,-0.48,0.00,9.926,-1.015,-1.106,-7.002093,-34.832726
458533,3,-0.49,0.00,9.926,-1.020,-1.087,-7.002093,-34.832726
458584,3,-0.49,0.00,9.926,-1.010,-1.101,-7.002093,-34.832726
458636,3,-0.49,0.00,9.907,-0.991,-1.125,-7.002093,-34.832726
458688,3,-0.51,-0.56,9.926,-1.006,-1.111,-7.002093,-34.832726
458739,3,-0.51,0.00,9.922,-1.044,-1.092,-7.002093,-34.832726
458791,3,-0.51,0.00,9.941,-1.001,-1.097,-7.002093,-34.832726
458842,3,-0.51,0.00,9.907,-0.982,-1.092,-7.002093,-34.832726
458893,3,-0.52,-0.48,9.907,-1.020,-1.092,-7.002093,-34.832726
458944,3,-0.52,0.00,9.969,-1.015,-1.097,-7.002093,-34.832726
458994,3,-0.52,0.00,9.946,-1.030,-1.116,-7.002093,-34.832726
459045,3,-0.55,-0.48,9.926,-1.010,-1.116,-7.002093,-34.832726
459095,3,-0.57,-1.13,9.902,-1.001,-1.130,-7.002093,-34.832726
459146,3,-0.57,0.00,9.917,-1.020,-1.111,-7.002093,-34.832726
459196,3,-0.59,-1.97,9.936,-1.025,-1.106,-7.002093,-34.832726
459247,3,-0.59,0.00,9.950,-1.001,-1.092,-7.002093,-34.832726
459297,3,-0.60,0.00,9.931,-1.010,-1.125,-7.002093,-34.832726
459356,3,-0.59,0.17,9.912,-1.006,-1.135,-7.002093,-34.832726
459407,3,-0.57,0.00,9.941,-1.015,-1.116,-7.002093,-34.832726
459457,3,-0.55,0.52,9.926,-1.025,-1.101,-7.002093,-34.832726
459509,3,-0.59,0.00,9.917,-1.006,-1.130,-7.002093,-34.832726
459559,3,-0.57,0.52,9.907,-0.991,-1.140,-7.002093,-34.832726
459610,3,-0.55,0.52,9.936,-1.025,-1.111,-7.002093,-34.832726
459662,3,-0.55,0.00,9.931,-1.020,-1.120,-7.002093,-34.832726
459711,3,-0.53,0.00,9.960,-1.039,-1.111,-7.002093,-34.832726
459763,3,-0.55,-0.45,9.936,-0.996,-1.101,-7.002093,-34.832726
459814,3,-0.55,0.00,9.922,-1.020,-1.097,-7.002093,-34.832726
459866,3,-0.53,0.45,9.946,-1.020,-1.101,-7.002093,-34.832726
459918,3,-0.53,0.00,9.926,-1.015,-1.106,-7.002093,-34.832726
459970,3,-0.53,0.00,9.926,-1.006,-1.097,-7.002093,-34.832726
460020,3,-0.53,0.00,9.926,-1.010,-1.101,-7.002093,-34.832726
460070,3,-0.53,0.00,9.917,-1.025,-1.135,-7.002093,-34.832726
460121,3,-0.56,-0.56,9.941,-1.030,-1.106,-7.002093,-34.832726
460171,3,-0.55,0.56,9.936,-1.015,-1.116,-7.002093,-34.832726
460222,3,-0.56,0.00,9.917,-1.039,-1.101,-7.002093,-34.832726
460272,3,-0.57,-0.56,9.912,-1.025,-1.120,-7.002093,-34.832726
460322,3,-0.59,-0.54,9.912,-1.034,-1.111,-7.002093,-34.832726
460373,3,-0.60,0.00,9.960,-1.010,-1.116,-7.002093,-34.832726
460423,3,-0.62,-0.56,9.946,-1.015,-1.120,-7.002093,-34.832726
460476,3,-0.62,0.00,9.907,-1.020,-1.125,-7.002093,-34.832726
460527,3,-0.60,0.00,9.917,-1.020,-1.101,-7.002093,-34.832726
460579,3,-0.59,0.00,9.941,-1.015,-1.106,-7.002093,-34.832726
460630,3,-0.59,0.00,9.946,-1.010,-1.116,-7.002093,-34.832726
460682,3,-0.61,-0.88,9.907,-1.025,-1.116,-7.002093,-34.832726
460734,3,-0.61,0.00,9.917,-1.025,-1.092,-7.002093,-34.832726
460784,3,-0.61,0.00,9.936,-1.020,-1.073,-7.002093,-34.832726
460835,3,-0.61,0.00,9.936,-1.030,-1.106,-7.002093,-34.832726
460887,3,-0.62,0.00,9.941,-1.015,-1.111,-7.002093,-34.832726
460939,3,-0.61,0.52,9.912,-1.001,-1.106,-7.002093,-34.832726
460989,3,-0.61,0.00,9.922,-1.010,-1.101,-7.002093,-34.832726
461039,3,-0.60,0.52,9.926,-1.020,-1.111,-7.002093,-34.832726
461090,3,-0.60,0.00,9.931,-1.015,-1.120,-7.002093,-34.832726
461140,3,-0.60,0.00,9.922,-1.015,-1.111,-7.002093,-34.832726
461190,3,-0.63,-0.89,9.950,-1.034,-1.097,-7.002093,-34.832726
461241,3,-0.63,0.00,9.931,-1.030,-1.106,-7.002093,-34.832726
461291,3,-0.63,0.00,9.926,-1.001,-1.111,-7.002093,-34.832726
461342,3,-0.62,-0.88,9.907,-0.996,-1.101,-7.002093,-34.832726
461401,3,-0.58,0.48,9.907,-1.020,-1.106,-7.002093,-34.832726
461451,3,-0.60,-0.56,9.931,-1.034,-1.101,-7.002093,-34.832726
461503,3,-0.60,0.00,9.936,-1.039,-1.087,-7.002093,-34.832726
461553,3,-0.58,0.52,9.926,-1.010,-1.092,-7.002093,-34.832726
461605,3,-0.61,-1.34,9.907,-1.006,-1.097,-7.002093,-34.832726
461656,3,-0.59,0.52,9.931,-1.030,-1.106,-7.002093,-34.832726
461708,3,-0.58,0.00,9.936,-1.020,-1.101,-7.002093,-34.832726
461759,3,-0.57,0.52,9.946,-1.015,-1.101,-7.002093,-34.832726
461811,3,-0.57,0.00,9.912,-1.015,-1.092,-7.002093,-34.832726
461863,3,-0.52,1.34,9.922,-1.006,-1.101,-7.002093,-34.832726
461914,3,-0.54,-0.78,9.926,-1.025,-1.101,-7.002093,-34.832726
461966,3,-0.54,0.00,9.941,-1.020,-1.106,-7.002093,-34.832726
462017,3,-0.52,0.00,9.926,-1.010,-1.097,-7.002093,-34.832726
462067,3,-0.51,0.54,9.907,-1.025,-1.120,-7.002093,-34.832726
462117,3,-0.50,0.00,9.917,-1.015,-1.092,-7.002093,-34.832726
462168,3,-0.51,0.00,9.926,-1.034,-1.120,-7.002093,-34.832726
462218,3,-0.51,0.00,9.917,-1.020,-1.130,-7.002093,-34.832726
462269,3,-0.51,0.00,9.917,-1.001,-1.116,-7.002093,-34.832726
462319,3,-0.50,0.00,9.931,-1.001,-1.130,-7.002093,-34.832726
462369,3,-0.48,0.60,9.917,-1.020,-1.106,-7.002093,-34.832726
462420,3,-0.47,0.00,9.936,-1.030,-1.140,-7.002093,-34.832726
462470,3,-0.47,0.00,9.936,-1.034,-1.092,-7.002093,-34.832726
462521,3,-0.47,0.00,9.912,-1.010,-1.135,-7.002093,-34.832726
462573,3,-0.46,0.00,9.931,-1.010,-1.106,-7.002093,-34.832726
462624,3,-0.44,0.48,9.950,-1.001,-1.097,-7.002093,-34.832726
462676,3,-0.44,0.00,9.926,-1.020,-1.130,-7.002093,-34.832726
462728,3,-0.42,1.01,9.936,-1.010,-1.111,-7.002093,-34.832726
462778,3,-0.42,0.00,9.931,-1.020,-1.092,-7.002093,-34.832726
462830,3,-0.42,0.00,9.912,-1.010,-1.082,-7.002093,-34.832726
462881,3,-0.40,0.00,9.926,-1.044,-1.106,-7.002093,-34.832726
462933,3,-0.44,0.00,9.946,-1.010,-1.111,-7.002093,-34.832726
462983,3,-0.42,0.00,9.888,-1.015,-1.116,-7.002093,-34.832726
463033,3,-0.38,1.09,9.931,-1.010,-1.092,-7.002093,-34.832726
463083,3,-0.38,0.00,9.960,-1.010,-1.111,-7.002093,-34.832726
463134,3,-0.36,0.00,9.936,-1.034,-1.144,-7.002093,-34.832726
463184,3,-0.33,0.52,9.936,-1.034,-1.135,-7.002093,-34.832726
463235,3,-0.33,0.00,9.931,-0.986,-1.135,-7.002093,-34.832726
463285,3,-0.33,0.00,9.922,-1.015,-1.120,-7.002093,-34.832726
463336,3,-0.34,-0.52,9.922,-1.010,-1.101,-7.002093,-34.832726
463386,3,-0.34,0.00,9.922,-1.001,-1.116,-7.002093,-34.832726
463445,3,-0.33,0.17,9.931,-1.015,-1.116,-7.002093,-34.832726
463497,3,-0.28,0.00,9.931,-1.039,-1.106,-7.002093,-34.832726
463549,3,-0.31,0.52,9.946,-1.015,-1.082,-7.002093,-34.832726
463599,3,-0.31,0.00,9.931,-1.015,-1.120,-7.002093,-34.832726
463650,3,-0.30,0.52,9.941,-1.020,-1.125,-7.002093,-34.832726
463702,3,-0.30,0.00,9.941,-1.015,-1.101,-7.002093,-34.832726
463754,3,-0.29,0.48,9.931,-1.020,-1.140,-7.002093,-34.832726
463805,3,-0.27,0.48,9.926,-1.010,-1.120,-7.002093,-34.832726
463857,3,-0.24,0.00,9.926,-1.015,-1.101,-7.002093,-34.832726
463908,3,-0.27,-0.52,9.907,-0.996,-1.111,-7.002093,-34.832726
463960,3,-0.28,0.00,9.917,-1.001,-1.092,-7.002093,-34.832726
464011,3,-0.29,-0.56,9.922,-1.020,-1.097,-7.002093,-34.832726
464061,3,-0.31,-0.50,9.936,-1.001,-1.120,-7.002093,-34.832726
464112,3,-0.31,0.00,9.955,-1.030,-1.116,-7.002093,-34.832726
464162,3,-0.32,0.00,9.926,-1.001,-1.106,-7.002093,-34.832726
464212,3,-0.33,-0.56,9.941,-1.030,-1.120,-7.002093,-34.832726
464263,3,-0.35,0.00,9.917,-1.015,-1.111,-7.002093,-34.832726
464313,3,-0.32,-0.54,9.926,-1.020,-1.111,-7.002093,-34.832726
464364,3,-0.32,0.00,9.922,-1.010,-1.097,-7.002093,-34.832726
464414,3,-0.32,0.00,9.917,-1.030,-1.106,-7.002093,-34.832726
464464,3,-0.35,0.00,9.912,-1.039,-1.106,-7.002093,-34.832726
464516,3,-0.37,-0.52,9.936,-1.030,-1.092,-7.002093,-34.832726
464567,3,-0.37,0.00,9.898,-1.020,-1.106,-7.002093,-34.832726
464619,3,-0.38,-0.52,9.922,-1.010,-1.097,-7.002093,-34.832726
464670,3,-0.38,0.00,9.917,-1.006,-1.097,-7.002093,-34.832726
464722,3,-0.37,0.00,9.912,-1.010,-1.092,-7.002093,-34.832726
464774,3,-0.37,0.00,9.907,-1.015,-1.092,-7.002093,-34.832726
464824,3,-0.33,1.34,9.941,-1.034,-1.111,-7.002093,-34.832726
464876,3,-0.33,0.00,9.936,-1.030,-1.140,-7.002093,-34.832726
464927,3,-0.33,0.00,9.931,-1.030,-1.101,-7.002093,-34.832726
464979,3,-0.31,0.52,9.946,-1.006,-1.111,-7.002093,-34.832726
465030,3,-0.33,0.00,9.922,-1.025,-1.116,-7.002093,-34.832726
465080,3,-0.31,0.00,9.917,-1.006,-1.135,-7.002093,-34.832726
465131,3,-0.33,-0.56,9.941,-1.015,-1.130,-7.002093,-34.832726
465181,3,-0.33,0.00,9.922,-1.006,-1.097,-7.002093,-34.832726
465232,3,-0.33,0.00,9.931,-1.006,-1.097,-7.002093,-34.832726
465282,3,-0.34,-0.50,9.946,-1.025,-1.106,-7.002093,-34.832726
465332,3,-0.36,0.00,9.922,-1.015,-1.125,-7.002093,-34.832726
465383,3,-0.32,1.45,9.936,-1.020,-1.097,-7.002093,-34.832726
465433,3,-0.37,-2.01,9.931,-1.001,-1.106,-7.002093,-34.832726
465522,3,-0.37,0.00,9.912,-0.986,-1.082,-7.002093,-34.832726
465572,3,-0.38,-0.48,9.922,-1.020,-1.130,-7.002093,-34.832726
465624,3,-0.40,-0.52,9.955,-1.020,-1.106,-7.002093,-34.832726
465675,3,-0.40,0.00,9.926,-1.001,-1.130,-7.002093,-34.832726
465727,3,-0.41,-0.48,9.936,-0.996,-1.120,-7.002093,-34.832726
465778,3,-0.41,0.00,9.946,-1.015,-1.125,-7.002093,-34.832726
465830,3,-0.41,0.52,9.946,-1.006,-1.116,-7.002093,-34.832726
465882,3,-0.42,-0.52,9.922,-1.020,-1.092,-7.002093,-34.832726
465933,3,-0.40,0.00,9.936,-1.010,-1.101,-7.002093,-34.832726
465986,3,-0.40,0.00,9.955,-1.020,-1.130,-7.002093,-34.832726
466036,3,-0.42,0.00,9.922,-0.991,-1.077,-7.002093,-34.832729
466086,3,-0.44,-1.09,9.912,-1.006,-1.111,-7.002093,-34.832729
466137,3,-0.44,0.00,9.922,-1.001,-1.111,-7.002093,-34.832729
466187,3,-0.46,0.00,9.931,-1.010,-1.130,-7.002093,-34.832729
466238,3,-0.46,0.00,9.922,-1.034,-1.120,-7.002093,-34.832729
466288,3,-0.46,0.00,9.936,-1.039,-1.120,-7.002093,-34.832729
466339,3,-0.47,0.00,9.926,-1.025,-1.135,-7.002093,-34.832729
466389,3,-0.47,1.49,9.936,-1.006,-1.101,-7.002093,-34.832729
466439,3,-0.48,-0.52,9.922,-1.010,-1.092,-7.002093,-34.832729
466491,3,-0.48,0.00,9.926,-0.996,-1.097,-7.002093,-34.832729
466543,3,-0.48,0.00,9.917,-1.006,-1.087,-7.002093,-34.832729
466594,3,-0.48,0.00,9.907,-1.020,-1.106,-7.002093,-34.832729
466646,3,-0.51,0.48,9.926,-1.034,-1.125,-7.002093,-34.832729
466698,3,-0.51,0.00,9.917,-1.025,-1.120,-7.002093,-34.832729
466749,3,-0.51,0.00,9.926,-1.039,-1.135,-7.002093,-34.832729
466801,3,-0.47,1.38,9.955,-1.015,-1.144,-7.002093,-34.832729
466852,3,-0.47,0.00,9.926,-1.006,-1.120,-7.002093,-34.832729
466903,3,-0.51,-1.38,9.946,-0.982,-1.120,-7.002093,-34.832729
466954,3,-0.47,0.00,9.936,-1.030,-1.140,-7.002093,-34.832729
467005,3,-0.47,0.00,9.926,-1.030,-1.092,-7.002093,-34.832729
467055,3,-0.47,0.00,9.941,-1.025,-1.111,-7.002093,-34.832729
467106,3,-0.48,0.00,9.946,-1.001,-1.101,-7.002093,-34.832729
467156,3,-0.48,0.00,9.917,-1.015,-1.120,-7.002093,-34.832729
467206,3,-0.48,0.00,9.907,-1.006,-1.130,-7.002093,-34.832729
467257,3,-0.48,0.00,9.931,-0.996,-1.106,-7.002093,-34.832729
467307,3,-0.48,0.00,9.941,-1.025,-1.087,-7.002093,-34.832729
467358,3,-0.50,0.00,9.907,-1.015,-1.087,-7.002093,-34.832729
467408,3,-0.50,0.00,9.922,-1.001,-1.120,-7.002093,-34.832729
467458,3,-0.50,0.00,9.912,-1.025,-1.130,-7.002093,-34.832729
467510,3,-0.50,0.00,9.946,-1.020,-1.106,-7.002093,-34.832729
467567,3,-0.51,-0.17,9.931,-0.996,-1.097,-7.002093,-34.832729
467618,3,-0.50,0.52,9.917,-1.001,-1.116,-7.002093,-34.832729
467669,3,-0.50,0.00,9.907,-1.015,-1.101,-7.002093,-34.832729
467720,3,-0.48,0.56,9.922,-1.025,-1.125,-7.002093,-34.832729
467772,3,-0.47,0.48,9.946,-1.020,-1.106,-7.002093,-34.832729
467823,3,-0.42,1.45,9.902,-1.001,-1.111,-7.002093,-34.832729
467875,3,-0.41,0.45,9.898,-0.996,-1.101,-7.002093,-34.832729
467927,3,-0.41,0.00,9.926,-1.025,-1.120,-7.002093,-34.832729
467976,3,-0.39,0.60,9.926,-1.020,-1.125,-7.002093,-34.832729
468027,3,-0.41,-0.60,9.912,-1.001,-1.120,-7.002093,-34.832729
468077,3,-0.41,0.00,9.898,-0.996,-1.087,-7.002093,-34.832729
468128,3,-0.42,0.00,9.912,-1.030,-1.130,-7.002093,-34.832729
468178,3,-0.43,-0.56,9.912,-1.015,-1.097,-7.002093,-34.832729
468228,3,-0.45,0.00,9.946,-1.015,-1.101,-7.002093,-34.832729
468279,3,-0.46,-0.56,9.931,-1.010,-1.135,-7.002093,-34.832729
468329,3,-0.44,1.45,9.917,-1.010,-1.087,-7.002093,-34.832729
468380,3,-0.50,-0.52,9.926,-1.001,-1.140,-7.002093,-34.832729
468430,3,-0.48,-0.54,9.926,-1.020,-1.101,-7.002093,-34.832729
468480,3,-0.49,0.00,9.917,-0.991,-1.130,-7.002093,-34.832729
468531,3,-0.54,-1.34,9.926,-1.001,-1.073,-7.002093,-34.832729
468583,3,-0.54,0.00,9.922,-1.015,-1.116,-7.002093,-34.832729
468634,3,-0.52,0.00,9.969,-1.025,-1.135,-7.002093,-34.832729
468686,3,-0.56,0.00,9.912,-1.020,-1.097,-7.002093,-34.832729
468738,3,-0.54,0.00,9.922,-0.991,-1.111,-7.002093,-34.832729
468788,3,-0.54,0.00,9.931,-1.006,-1.097,-7.002093,-34.832729
468840,3,-0.54,0.00,9.922,-1.020,-1.111,-7.002093,-34.832729
468891,3,-0.54,0.00,9.926,-1.044,-1.101,-7.002093,-34.832729
468943,3,-0.56,0.00,9.917,-1.025,-1.120,-7.002093,-34.832729
468993,3,-0.57,0.00,9.917,-1.015,-1.120,-7.002093,-34.832729
469043,3,-0.57,0.00,9.946,-1.006,-1.116,-7.002093,-34.832729
469094,3,-0.57,0.00,9.931,-1.015,-1.120,-7.002093,-34.832729
469144,3,-0.56,0.00,9.922,-1.025,-1.130,-7.002093,-34.832729
469195,3,-0.51,1.97,9.922,-1.006,-1.140,-7.002093,-34.832729
469245,3,-0.52,0.00,9.922,-1.001,-1.097,-7.002093,-34.832729
469295,3,-0.51,0.50,9.936,-1.020,-1.140,-7.002093,-34.832729
469346,3,-0.49,0.56,9.931,-1.020,-1.087,-7.002093,-34.832729
469396,3,-0.48,0.00,9.922,-1.020,-1.116,-7.002093,-34.832729
469447,3,-0.46,0.00,9.936,-0.996,-1.116,-7.002093,-34.832729
469498,3,-0.45,0.48,9.907,-1.006,-1.101,-7.002093,-34.832729
469550,3,-0.45,0.00,9.926,-1.030,-1.111,-7.002093,-34.832729
469607,3,-0.42,0.47,9.912,-1.020,-1.101,-7.002093,-34.832729
469659,3,-0.42,0.00,9.936,-1.010,-1.106,-7.002093,-34.832729
469710,3,-0.43,-0.52,9.936,-1.010,-1.087,-7.002093,-34.832729
469761,3,-0.43,0.00,9.955,-1.030,-1.097,-7.002093,-34.832729
469812,3,-0.45,0.00,9.926,-1.015,-1.111,-7.002093,-34.832729
469864,3,-0.44,0.82,9.941,-1.006,-1.111,-7.002093,-34.832729
469916,3,-0.44,0.00,9.931,-1.006,-1.135,-7.002093,-34.832729
469968,3,-0.45,0.00,9.931,-1.020,-1.101,-7.002093,-34.832729
470018,3,-0.48,-0.52,9.926,-1.010,-1.135,-7.002093,-34.832729
470068,3,-0.44,1.39,9.946,-1.039,-1.101,-7.002093,-34.832729
470119,3,-0.44,0.00,9.936,-1.015,-1.097,-7.002093,-34.832729
470169,3,-0.44,0.00,9.931,-1.025,-1.101,-7.002093,-34.832729
470220,3,-0.44,0.00,9.931,-1.015,-1.125,-7.002093,-34.832729
470270,3,-0.43,0.52,9.912,-1.030,-1.154,-7.002093,-34.832729
470320,3,-0.43,0.00,9.926,-1.020,-1.111,-7.002093,-34.832729
470371,3,-0.48,0.00,9.926,-1.010,-1.116,-7.002093,-34.832729
470421,3,-0.46,0.00,9.936,-1.015,-1.125,-7.002093,-34.832729
470474,3,-0.46,0.00,9.946,-1.010,-1.116,-7.002093,-34.832729
470525,3,-0.45,0.00,9.917,-1.006,-1.116,-7.002093,-34.832729
470577,3,-0.42,0.52,9.941,-1.010,-1.111,-7.002093,-34.832729
470628,3,-0.41,0.48,9.926,-1.006,-1.120,-7.002093,-34.832729
470680,3,-0.45,0.00,9.931,-1.006,-1.116,-7.002093,-34.832729
470732,3,-0.43,0.52,9.936,-1.020,-1.101,-7.002093,-34.832729
470783,3,-0.43,0.00,9.912,-1.039,-1.111,-7.002093,-34.832729
470835,3,-0.43,0.00,9.931,-1.020,-1.106,-7.002093,-34.832729
470886,3,-0.42,0.48,9.926,-0.996,-1.101,-7.002093,-34.832729
470938,3,-0.42,0.00,9.931,-1.020,-1.106,-7.002093,-34.832729
470988,3,-0.42,0.00,9.936,-1.006,-1.116,-7.002093,-34.832729
471038,3,-0.42,0.00,9.907,-1.010,-1.120,-7.002094,-34.832729
471089,3,-0.40,0.00,9.931,-1.010,-1.106,-7.002094,-34.832729
471139,3,-0.42,-0.56,9.922,-1.025,-1.101,-7.002094,-34.832729
471190,3,-0.43,0.00,9.917,-1.025,-1.130,-7.002094,-34.832729
471240,3,-0.42,0.52,9.936,-1.010,-1.092,-7.002094,-34.832729
471290,3,-0.42,0.00,9.931,-0.991,-1.120,-7.002094,-34.832729
471341,3,-0.42,0.00,9.922,-1.020,-1.135,-7.002094,-34.832729
471391,3,-0.43,0.00,9.941,-1.025,-1.092,-7.002094,-34.832729
471442,3,-0.43,0.00,9.936,-1.015,-1.106,-7.002094,-34.832729
471493,3,-0.43,0.00,9.931,-1.020,-1.116,-7.002094,-34.832729
471544,3,-0.45,-0.52,9.926,-1.010,-1.106,-7.002094,-34.832729
471595,3,-0.41,1.34,9.907,-1.001,-1.111,-7.002094,-34.832729
471652,3,-0.46,-0.64,9.917,-1.025,-1.101,-7.002094,-34.832729
471702,3,-0.46,0.00,9.931,-1.006,-1.101,-7.002094,-34.832729
471754,3,-0.45,0.48,9.931,-1.025,-1.101,-7.002094,-34.832729
471805,3,-0.45,0.00,9.912,-1.010,-1.097,-7.002094,-34.832729
471857,3,-0.46,-0.48,9.931,-1.001,-1.120,-7.002094,-34.832729
471908,3,-0.46,0.00,9.931,-1.015,-1.116,-7.002094,-34.832729
471960,3,-0.42,0.00,9.936,-0.996,-1.125,-7.002094,-34.832729
472011,3,-0.44,0.00,9.936,-1.006,-1.116,-7.002094,-34.832729
472061,3,-0.49,-1.97,9.941,-1.006,-1.087,-7.002094,-34.832729
472111,3,-0.49,0.00,9.926,-1.015,-1.097,-7.002094,-34.832729
472162,3,-0.45,0.52,9.931,-1.025,-1.097,-7.002094,-34.832729
472212,3,-0.50,-1.97,9.917,-1.030,-1.111,-7.002094,-34.832729
472263,3,-0.46,0.00,9.936,-1.006,-1.120,-7.002094,-34.832729
472313,3,-0.46,0.00,9.926,-1.010,-1.092,-7.002094,-34.832729
472364,3,-0.46,0.00,9.922,-1.020,-1.092,-7.002094,-34.832729
472414,3,-0.48,0.00,9.936,-1.015,-1.097,-7.002094,-34.832729
472464,3,-0.49,-0.54,9.936,-1.025,-1.082,-7.002094,-34.832729
472516,3,-0.49,0.00,9.917,-1.001,-1.092,-7.002094,-34.832729
472567,3,-0.50,0.00,9.931,-1.020,-1.120,-7.002094,-34.832729
472619,3,-0.50,0.00,9.907,-1.015,-1.111,-7.002094,-34.832729
472670,3,-0.47,0.00,9.941,-1.001,-1.097,-7.002094,-34.832729
472722,3,-0.47,0.00,9.917,-1.034,-1.092,-7.002094,-34.832729
472774,3,-0.48,0.00,9.922,-1.025,-1.111,-7.002094,-34.832729
472825,3,-0.48,0.00,9.912,-1.030,-1.120,-7.002094,-34.832729
472877,3,-0.48,0.00,9.922,-1.034,-1.125,-7.002094,-34.832729
472928,3,-0.47,0.00,9.907,-0.982,-1.097,-7.002094,-34.832729
472981,3,-0.45,0.00,9.922,-0.977,-1.087,-7.002094,-34.832729
473031,3,-0.45,0.00,9.936,-1.015,-1.135,-7.002094,-34.832729
473082,3,-0.45,0.00,9.907,-1.030,-1.111,-7.002094,-34.832729
473132,3,-0.45,0.00,9.941,-1.058,-1.120,-7.002094,-34.832729
473182,3,-0.47,0.00,9.936,-1.039,-1.097,-7.002094,-34.832729
473233,3,-0.44,0.56,9.926,-1.020,-1.087,-7.002094,-34.832729
473283,3,-0.40,0.00,9.926,-0.996,-1.087,-7.002094,-34.832729
473334,3,-0.40,0.00,9.926,-1.020,-1.082,-7.002094,-34.832729
473384,3,-0.40,0.00,9.946,-0.996,-1.120,-7.002094,-34.832729
473434,3,-0.42,-0.54,9.936,-1.025,-1.120,-7.002094,-34.832729
473486,3,-0.42,0.00,9.922,-1.015,-1.140,-7.002094,-34.832729
473537,3,-0.40,0.52,9.931,-1.034,-1.101,-7.002094,-34.832729
473588,3,-0.39,0.00,9.922,-1.010,-1.130,-7.002094,-34.832729
473640,3,-0.40,-0.52,9.936,-1.020,-1.087,-7.002094,-34.832729
473697,3,-0.40,0.00,9.926,-0.996,-1.111,-7.002094,-34.832729
473749,3,-0.40,0.00,9.931,-1.001,-1.106,-7.002094,-34.832729
473801,3,-0.37,1.34,9.931,-1.020,-1.120,-7.002094,-34.832729
473851,3,-0.37,0.00,9.922,-1.030,-1.111,-7.002094,-34.832729
473902,3,-0.38,0.00,9.926,-1.034,-1.106,-7.002094,-34.832729
473954,3,-0.40,-0.52,9.941,-1.034,-1.116,-7.002094,-34.832729
474005,3,-0.40,0.00,9.922,-1.025,-1.106,-7.002094,-34.832729
474055,3,-0.41,-0.56,9.941,-0.986,-1.097,-7.002094,-34.832729
474105,3,-0.41,0.00,9.912,-1.010,-1.097,-7.002094,-34.832729
474156,3,-0.42,0.00,9.922,-0.996,-1.144,-7.002094,-34.832729
474206,3,-0.44,-0.54,9.941,-1.030,-1.106,-7.002094,-34.832729
474257,3,-0.45,0.00,9.946,-1.034,-1.120,-7.002094,-34.832729
474307,3,-0.45,0.00,9.931,-1.039,-1.101,-7.002094,-34.832729
474357,3,-0.45,0.00,9.926,-1.025,-1.097,-7.002094,-34.832729
474408,3,-0.45,0.00,9.926,-0.972,-1.120,-7.002094,-34.832729
474458,3,-0.45,0.00,9.917,-0.972,-1.106,-7.002094,-34.832729
474510,3,-0.45,0.00,9.926,-1.001,-1.097,-7.002094,-34.832729
474561,3,-0.44,0.00,9.941,-1.020,-1.125,-7.002094,-34.832729
474613,3,-0.45,-0.52,9.922,-1.053,-1.092,-7.002094,-34.832729
474664,3,-0.45,0.00,9.926,-1.039,-1.135,-7.002094,-34.832729
474716,3,-0.45,0.00,9.922,-1.010,-1.125,-7.002094,-34.832729
474768,3,-0.45,0.00,9.926,-0.962,-1.092,-7.002094,-34.832729
474819,3,-0.46,0.00,9.922,-0.991,-1.111,-7.002094,-34.832729
474871,3,-0.41,0.00,9.922,-1.015,-1.116,-7.002094,-34.832729
474922,3,-0.40,0.00,9.931,-1.049,-1.077,-7.002094,-34.832729
474975,3,-0.40,0.00,9.922,-1.058,-1.111,-7.002094,-34.832729
475025,3,-0.39,0.54,9.922,-1.010,-1.125,-7.002093,-34.832726
475075,3,-0.37,0.00,9.926,-0.982,-1.120,-7.002093,-34.832726
475126,3,-0.37,0.00,9.931,-0.977,-1.125,-7.002093,-34.832726
475176,3,-0.39,-0.56,9.926,-1.015,-1.111,-7.002093,-34.832726
475227,3,-0.40,0.00,9.912,-1.044,-1.101,-7.002093,-34.832726
475277,3,-0.42,0.54,9.950,-1.049,-1.130,-7.002093,-34.832726
475327,3,-0.42,0.00,9.936,-1.039,-1.111,-7.002093,-34.832726
475378,3,-0.42,0.00,9.946,-0.986,-1.101,-7.002093,-34.832726
475428,3,-0.42,0.00,9.898,-0.972,-1.111,-7.002093,-34.832726
475480,3,-0.42,0.00,9.946,-0.991,-1.120,-7.002093,-34.832726
475532,3,-0.42,0.00,9.931,-1.039,-1.111,-7.002093,-34.832726
475584,3,-0.44,0.00,9.955,-1.077,-1.125,-7.002093,-34.832726
475634,3,-0.41,0.86,9.969,-1.044,-1.140,-7.002093,-34.832726
475686,3,-0.40,0.48,9.931,-1.001,-1.111,-7.002093,-34.832726
475746,3,-0.41,-0.16,9.941,-0.986,-1.154,-7.002093,-34.832726
475796,3,-0.41,0.00,9.917,-0.991,-1.130,-7.002093,-34.832726
475847,3,-0.41,0.00,9.917,-1.044,-1.111,-7.002093,-34.832726
475899,3,-0.43,-0.52,9.922,-1.049,-1.087,-7.002093,-34.832726
475951,3,-0.43,0.00,9.907,-1.053,-1.106,-7.002093,-34.832726
476001,3,-0.41,0.00,9.917,-1.020,-1.116,-7.002093,-34.832726
476051,3,-0.40,0.52,9.936,-1.001,-1.125,-7.002093,-34.832729
476102,3,-0.39,0.00,9.931,-0.982,-1.101,-7.002093,-34.832729
476152,3,-0.39,-0.56,9.917,-1.010,-1.092,-7.002093,-34.832729
476203,3,-0.37,0.56,9.922,-1.058,-1.116,-7.002093,-34.832729
476253,3,-0.37,0.00,9.922,-1.049,-1.097,-7.002093,-34.832729
476304,3,-0.37,0.00,9.922,-1.030,-1.125,-7.002093,-34.832729
476354,3,-0.37,0.00,9.950,-1.001,-1.120,-7.002093,-34.832729
476404,3,-0.37,0.00,9.907,-0.996,-1.125,-7.002093,-34.832729
476455,3,-0.35,0.52,9.917,-0.986,-1.116,-7.002093,-34.832729
476506,3,-0.33,0.52,9.931,-1.020,-1.106,-7.002093,-34.832729
476558,3,-0.35,0.00,9.941,-1.025,-1.111,-7.002093,-34.832729
476609,3,-0.30,1.34,9.926,-1.025,-1.101,-7.002093,-34.832729
476661,3,-0.30,0.00,9.922,-1.025,-1.116,-7.002093,-34.832729
476713,3,-0.28,0.00,9.926,-0.991,-1.068,-7.002093,-34.832729
476764,3,-0.28,0.00,9.936,-0.991,-1.154,-7.002093,-34.832729
476816,3,-0.27,0.00,9.922,-1.010,-1.125,-7.002093,-34.832729
476868,3,-0.24,0.52,9.931,-1.030,-1.140,-7.002093,-34.832729
476919,3,-0.24,0.00,9.946,-1.049,-1.101,-7.002093,-34.832729
476971,3,-0.23,0.56,9.941,-1.039,-1.130,-7.002093,-34.832729
477022,3,-0.24,-0.56,9.902,-1.015,-1.092,-7.002093,-34.832729
477072,3,-0.23,0.00,9.931,-0.986,-1.111,-7.002093,-34.832729
477122,3,-0.24,0.00,9.941,-0.982,-1.111,-7.002093,-34.832729
477173,3,-0.25,-0.56,9.950,-1.010,-1.082,-7.002093,-34.832729
477223,3,-0.25,0.00,9.931,-1.039,-1.097,-7.002093,-34.832729
477274,3,-0.23,-0.56,9.926,-1.049,-1.111,-7.002093,-34.832729
477324,3,-0.25,-0.56,9.917,-1.034,-1.144,-7.002093,-34.832729
477374,3,-0.25,0.00,9.922,-1.006,-1.125,-7.002093,-34.832729
477425,3,-0.25,0.00,9.955,-0.991,-1.073,-7.002093,-34.832729
477475,3,-0.23,0.56,9.922,-1.001,-1.097,-7.002093,-34.832729
477526,3,-0.23,0.00,9.941,-0.986,-1.111,-7.002093,-34.832729
477578,3,-0.23,0.00,9.912,-1.015,-1.111,-7.002093,-34.832729
477628,3,-0.23,0.00,9.917,-1.020,-1.101,-7.002093,-34.832729
477677,3,-0.25,0.00,9.926,-1.020,-1.101,-7.002093,-34.832729
477729,3,-0.26,0.00,9.917,-1.020,-1.111,-7.002093,-34.832729
477786,3,-0.25,0.19,9.936,-0.996,-1.116,-7.002093,-34.832729
477836,3,-0.26,-0.52,9.902,-1.020,-1.130,-7.002093,-34.832729
477888,3,-0.26,0.00,9.922,-1.015,-1.125,-7.002093,-34.832729
477939,3,-0.27,0.00,9.898,-1.025,-1.111,-7.002093,-34.832729
477989,3,-0.27,0.00,9.931,-1.025,-1.097,-7.002093,-34.832729
478040,3,-0.29,0.00,9.936,-1.020,-1.097,-7.002093,-34.832729
478090,3,-0.25,1.39,9.922,-1.006,-1.111,-7.002093,-34.832729
478140,3,-0.26,0.00,9.931,-1.020,-1.106,-7.002093,-34.832729
478191,3,-0.26,0.00,9.926,-1.020,-1.154,-7.002093,-34.832729
478241,3,-0.28,-0.56,9.922,-1.015,-1.111,-7.002093,-34.832729
478292,3,-0.28,0.00,9.926,-1.020,-1.125,-7.002093,-34.832729
478342,3,-0.26,0.54,9.950,-1.015,-1.120,-7.002093,-34.832729
478393,3,-0.26,0.00,9.926,-1.020,-1.120,-7.002093,-34.832729
478443,3,-0.26,0.00,9.926,-1.006,-1.077,-7.002093,-34.832729
478492,3,-0.28,-0.52,9.936,-1.015,-1.111,-7.002093,-34.832729
478544,3,-0.26,0.56,9.922,-1.015,-1.116,-7.002093,-34.832729
478595,3,-0.28,0.00,9.912,-1.001,-1.101,-7.002093,-34.832729
478647,3,-0.29,0.00,9.922,-1.015,-1.125,-7.002093,-34.832729
478699,3,-0.27,0.00,9.931,-1.010,-1.111,-7.002093,-34.832729
478750,3,-0.27,0.00,9.931,-1.020,-1.116,-7.002093,-34.832729
478802,3,-0.27,0.00,9.922,-1.010,-1.087,-7.002093,-34.832729
478853,3,-0.26,0.48,9.936,-1.025,-1.077,-7.002093,-34.832729
478905,3,-0.26,0.00,9.931,-1.044,-1.125,-7.002093,-34.832729
478957,3,-0.26,0.00,9.936,-1.006,-1.135,-7.002093,-34.832729
479007,3,-0.27,0.00,9.917,-1.020,-1.120,-7.002093,-34.832729
479058,3,-0.26,0.50,9.917,-1.015,-1.135,-7.002093,-34.832729
479108,3,-0.27,0.00,9.931,-0.986,-1.111,-7.002093,-34.832729
479158,3,-0.26,0.00,9.922,-1.010,-1.087,-7.002093,-34.832729
479209,3,-0.26,0.00,9.926,-1.030,-1.111,-7.002093,-34.832729
479259,3,-0.27,0.00,9.917,-1.030,-1.111,-7.002093,-34.832729
479310,3,-0.27,-0.52,9.946,-1.001,-1.097,-7.002093,-34.832729
479360,3,-0.27,0.00,9.922,-1.015,-1.135,-7.002093,-34.832729
479410,3,-0.28,0.00,9.907,-1.015,-1.087,-7.002093,-34.832729
479461,3,-0.26,1.45,9.912,-1.015,-1.106,-7.002093,-34.832729
479511,3,-0.26,0.00,9.912,-1.020,-1.111,-7.002093,-34.832729
479563,3,-0.26,0.00,9.936,-1.010,-1.106,-7.002093,-34.832729
479614,3,-0.28,0.00,9.941,-1.044,-1.125,-7.002093,-34.832729
479666,3,-0.28,0.00,9.917,-1.015,-1.106,-7.002093,-34.832729
479717,3,-0.29,-0.52,9.922,-1.010,-1.120,-7.002093,-34.832729
479769,3,-0.29,0.00,9.931,-1.010,-1.111,-7.002093,-34.832729
479826,3,-0.30,-0.20,9.926,-1.006,-1.101,-7.002093,-34.832729
479878,3,-0.30,0.48,9.936,-1.034,-1.125,-7.002093,-34.832729
479930,3,-0.30,0.00,9.931,-1.020,-1.106,-7.002093,-34.832729
479982,3,-0.29,0.00,9.936,-1.015,-1.077,-7.002093,-34.832729
480032,3,-0.27,0.88,9.922,-1.015,-1.135,-7.002093,-34.832729
480083,3,-0.25,0.00,9.926,-1.020,-1.120,-7.002093,-34.832729
480133,3,-0.25,-0.52,9.931,-1.006,-1.101,-7.002093,-34.832729
480183,3,-0.25,0.00,9.922,-1.015,-1.111,-7.002093,-34.832729
480234,3,-0.27,0.00,9.907,-1.006,-1.092,-7.002093,-34.832729
480284,3,-0.28,0.00,9.941,-1.015,-1.111,-7.002093,-34.832729
480335,3,-0.29,-0.56,9.922,-1.001,-1.130,-7.002093,-34.832729
480385,3,-0.29,0.00,9.907,-1.006,-1.130,-7.002093,-34.832729
480435,3,-0.29,0.00,9.950,-1.015,-1.097,-7.002093,-34.832729
480488,3,-0.27,0.86,9.922,-1.015,-1.077,-7.002093,-34.832729
480538,3,-0.27,0.00,9.907,-1.020,-1.116,-7.002093,-34.832729
480589,3,-0.28,-0.52,9.907,-1.039,-1.125,-7.002093,-34.832729
480641,3,-0.28,0.00,9.912,-1.015,-1.125,-7.002093,-34.832729
480693,3,-0.31,-0.52,9.941,-1.015,-1.106,-7.002093,-34.832729
480744,3,-0.31,0.00,9.922,-1.006,-1.106,-7.002093,-34.832729
480796,3,-0.35,0.00,9.926,-0.996,-1.130,-7.002093,-34.832729
480847,3,-0.33,0.52,9.917,-1.025,-1.111,-7.002093,-34.832729
480899,3,-0.35,0.00,9.936,-1.030,-1.097,-7.002093,-34.832729
480951,3,-0.35,0.00,9.922,-1.030,-1.106,-7.002093,-34.832729
481001,3,-0.35,0.00,9.917,-1.020,-1.116,-7.002093,-34.832729
481051,3,-0.35,0.00,9.931,-1.020,-1.130,-7.002093,-34.832733
481102,3,-0.35,0.00,9.917,-1.010,-1.087,-7.002093,-34.832733
481152,3,-0.35,0.00,9.941,-0.996,-1.111,-7.002093,-34.832733
481203,3,-0.33,0.56,9.922,-1.001,-1.087,-7.002093,-34.832733
481253,3,-0.35,-0.56,9.926,-1.020,-1.111,-7.002093,-34.832733
481303,3,-0.35,0.00,9.926,-1.020,-1.120,-7.002093,-34.832733
481354,3,-0.33,0.56,9.965,-1.030,-1.097,-7.002093,-34.832733
481404,3,-0.33,0.00,9.926,-1.030,-1.092,-7.002093,-34.832733
481455,3,-0.33,0.00,9.926,-1.010,-1.120,-7.002093,-34.832733
481506,3,-0.31,1.13,9.926,-1.010,-1.116,-7.002093,-34.832733
481558,3,-0.27,1.34,9.926,-1.001,-1.101,-7.002093,-34.832733
481609,3,-0.32,-0.52,9.931,-1.020,-1.092,-7.002093,-34.832733
481661,3,-0.31,0.56,9.922,-1.015,-1.120,-7.002093,-34.832733
481713,3,-0.31,0.00,9.926,-1.030,-1.140,-7.002093,-34.832733
481763,3,-0.31,0.00,9.931,-0.991,-1.106,-7.002093,-34.832733
481814,3,-0.27,0.00,9.941,-1.010,-1.120,-7.002093,-34.832733
481872,3,-0.30,-0.35,9.950,-1.020,-1.106,-7.002093,-34.832733
481922,3,-0.30,0.00,9.931,-1.020,-1.097,-7.002093,-34.832733
481971,3,-0.31,-0.52,9.936,-1.020,-1.087,-7.002093,-34.832733
482022,3,-0.31,0.00,9.946,-1.030,-1.111,-7.002093,-34.832733
482072,3,-0.31,0.00,9.922,-1.034,-1.125,-7.002093,-34.832733
482123,3,-0.31,0.00,9.931,-1.030,-1.111,-7.002093,-34.832733
482173,3,-0.31,0.00,9.926,-1.006,-1.125,-7.002093,-34.832733
482223,3,-0.31,0.00,9.931,-1.015,-1.140,-7.002093,-34.832733
482274,3,-0.31,0.00,9.950,-1.010,-1.106,-7.002093,-34.832733
482324,3,-0.30,0.00,9.917,-1.006,-1.106,-7.002093,-34.832733
482375,3,-0.28,0.00,9.941,-0.986,-1.073,-7.002093,-34.832733
482425,3,-0.28,0.00,9.912,-1.020,-1.135,-7.002093,-34.832733
482477,3,-0.28,0.00,9.946,-1.030,-1.120,-7.002093,-34.832733
482529,3,-0.28,0.88,9.936,-1.039,-1.111,-7.002093,-34.832733
482581,3,-0.28,0.00,9.912,-1.039,-1.111,-7.002093,-34.832733
482632,3,-0.28,0.00,9.922,-1.030,-1.097,-7.002093,-34.832733
482684,3,-0.29,0.00,9.936,-1.010,-1.116,-7.002093,-34.832733
482735,3,-0.29,0.00,9.936,-1.020,-1.120,-7.002093,-34.832733
482787,3,-0.30,-0.52,9.922,-0.996,-1.087,-7.002093,-34.832733
482836,3,-0.30,0.00,9.950,-1.015,-1.140,-7.002093,-34.832733
482888,3,-0.32,0.00,9.926,-1.030,-1.116,-7.002093,-34.832733
482939,3,-0.33,-0.56,9.946,-1.039,-1.130,-7.002093,-34.832733
482989,3,-0.31,0.00,9.936,-1.015,-1.097,-7.002093,-34.832733
483040,3,-0.34,-1.49,9.922,-1.006,-1.097,-7.002093,-34.832733
483090,3,-0.36,-0.54,9.946,-0.986,-1.097,-7.002093,-34.832733
483140,3,-0.32,0.00,9.922,-1.010,-1.097,-7.002093,-34.832733
483191,3,-0.33,0.52,9.926,-1.053,-1.106,-7.002093,-34.832733
483241,3,-0.33,0.00,9.922,-1.053,-1.097,-7.002093,-34.832733
483292,3,-0.33,0.00,9.936,-1.034,-1.101,-7.002093,-34.832733
483342,3,-0.29,1.43,9.941,-1.020,-1.120,-7.002093,-34.832733
483393,3,-0.28,0.56,9.926,-1.001,-1.106,-7.002093,-34.832733
483443,3,-0.33,0.00,9.926,-0.982,-1.087,-7.002093,-34.832733
483492,3,-0.34,-1.49,9.926,-1.001,-1.106,-7.002093,-34.832733
483544,3,-0.31,1.38,9.926,-1.034,-1.101,-7.002093,-34.832733
483594,3,-0.31,0.00,9.941,-1.049,-1.125,-7.002093,-34.832733
483646,3,-0.31,0.00,9.965,-1.025,-1.092,-7.002093,-34.832733
483697,3,-0.32,0.86,9.926,-0.996,-1.111,-7.002093,-34.832733
483749,3,-0.31,0.52,9.941,-1.001,-1.111,-7.002093,-34.832733
483800,3,-0.31,0.00,9.926,-0.977,-1.106,-7.002093,-34.832733
483852,3,-0.29,0.00,9.912,-1.039,-1.097,-7.002093,-34.832733
483909,3,-0.31,-0.18,9.936,-1.034,-1.116,-7.002093,-34.832733
483961,3,-0.32,-0.56,9.907,-1.044,-1.101,-7.002093,-34.832733
484012,3,-0.31,0.00,9.936,-1.020,-1.068,-7.002093,-34.832733
484062,3,-0.31,0.00,9.917,-0.991,-1.106,-7.002093,-34.832733
484112,3,-0.31,0.00,9.955,-0.986,-1.116,-7.002093,-34.832733
484163,3,-0.29,0.00,9.926,-1.001,-1.135,-7.002093,-34.832733
484213,3,-0.29,0.00,9.907,-1.020,-1.106,-7.002093,-34.832733
484264,3,-0.31,-0.52,9.926,-1.020,-1.087,-7.002093,-34.832733
484314,3,-0.31,0.00,9.936,-1.010,-1.101,-7.002093,-34.832733
484364,3,-0.29,0.52,9.936,-1.025,-1.125,-7.002093,-34.832733
484415,3,-0.29,0.00,9.917,-1.010,-1.111,-7.002093,-34.832733
484465,3,-0.29,0.00,9.926,-1.015,-1.120,-7.002093,-34.832733
484517,3,-0.29,0.00,9.907,-1.015,-1.130,-7.002093,-34.832733
484567,3,-0.31,-0.48,9.926,-1.039,-1.116,-7.002093,-34.832733
484619,3,-0.31,0.00,9.931,-1.020,-1.111,-7.002093,-34.832733
484670,3,-0.31,0.00,9.941,-1.015,-1.120,-7.002093,-34.832733
484722,3,-0.33,-0.52,9.931,-0.996,-1.106,-7.002093,-34.832733
484773,3,-0.33,0.00,9.931,-0.986,-1.106,-7.002093,-34.832733
484825,3,-0.36,-0.45,9.931,-1.010,-1.116,-7.002093,-34.832733
484877,3,-0.36,0.00,9.931,-1.034,-1.097,-7.002093,-34.832733
484928,3,-0.35,0.00,9.926,-1.034,-1.125,-7.002093,-34.832733
484981,3,-0.35,0.00,9.931,-1.010,-1.125,-7.002093,-34.832733
485031,3,-0.36,0.00,9.936,-1.030,-1.101,-7.002093,-34.832733
485081,3,-0.39,-1.97,9.926,-0.996,-1.116,-7.002093,-34.832733
485132,3,-0.37,0.93,9.950,-1.006,-1.106,-7.002093,-34.832733
485182,3,-0.37,0.00,9.936,-0.996,-1.082,-7.002093,-34.832733
485233,3,-0.37,0.00,9.950,-1.015,-1.116,-7.002093,-34.832733
485283,3,-0.38,-0.54,9.931,-1.025,-1.106,-7.002093,-34.832733
485333,3,-0.38,0.00,9.941,-1.015,-1.111,-7.002093,-34.832733
485384,3,-0.39,0.00,9.922,-1.020,-1.125,-7.002093,-34.832733
485434,3,-0.39,0.00,9.941,-1.010,-1.116,-7.002093,-34.832733
485486,3,-0.39,0.00,9.907,-1.015,-1.111,-7.002093,-34.832733
485538,3,-0.41,0.00,9.931,-1.015,-1.130,-7.002093,-34.832733
485587,3,-0.42,-0.48,9.917,-1.020,-1.097,-7.002093,-34.832733
485639,3,-0.42,0.00,9.936,-1.006,-1.120,-7.002093,-34.832733
485690,3,-0.43,0.00,9.941,-1.010,-1.082,-7.002093,-34.832733
485742,3,-0.43,0.00,9.917,-0.986,-1.116,-7.002093,-34.832733
485794,3,-0.43,0.00,9.936,-1.015,-1.116,-7.002093,-34.832733
485844,3,-0.43,0.00,9.917,-1.020,-1.120,-7.002093,-34.832733
485895,3,-0.47,0.00,9.941,-1.030,-1.120,-7.002093,-34.832733
485952,3,-0.47,0.00,9.917,-1.030,-1.116,-7.002093,-34.832733
486002,3,-0.47,0.00,9.926,-1.006,-1.144,-7.002093,-34.832733
486052,3,-0.47,0.00,9.941,-1.020,-1.135,-7.002094,-34.832733
486103,3,-0.46,0.56,9.907,-1.010,-1.101,-7.002094,-34.832733
486153,3,-0.44,0.00,9.931,-0.991,-1.106,-7.002094,-34.832733
486204,3,-0.46,-0.54,9.926,-1.010,-1.097,-7.002094,-34.832733
486254,3,-0.43,0.93,9.931,-1.039,-1.116,-7.002094,-34.832733
486304,3,-0.47,0.00,9.926,-1.020,-1.120,-7.002094,-34.832733
486355,3,-0.43,0.00,9.931,-1.025,-1.106,-7.002094,-34.832733
486405,3,-0.43,0.00,9.926,-1.010,-1.120,-7.002094,-34.832733
486456,3,-0.43,0.00,9.917,-0.996,-1.111,-7.002094,-34.832733
486506,3,-0.43,0.00,9.931,-0.982,-1.106,-7.002094,-34.832733
486558,3,-0.45,0.00,9.922,-1.034,-1.116,-7.002094,-34.832733
486609,3,-0.45,0.00,9.912,-1.044,-1.120,-7.002094,-34.832733
486661,3,-0.45,0.00,9.922,-1.039,-1.087,-7.002094,-34.832733
486712,3,-0.45,0.00,9.922,-1.030,-1.097,-7.002094,-34.832733
486764,3,-0.47,-0.97,9.931,-0.986,-1.101,-7.002094,-34.832733
486816,3,-0.47,0.52,9.917,-0.991,-1.106,-7.002094,-34.832733
486867,3,-0.49,-0.52,9.922,-1.001,-1.120,-7.002094,-34.832733
486919,3,-0.49,0.00,9.941,-1.044,-1.125,-7.002094,-34.832733
486968,3,-0.49,0.00,9.912,-1.049,-1.125,-7.002094,-34.832733
487019,3,-0.49,0.00,9.926,-1.034,-1.135,-7.002094,-34.832733
487069,3,-0.49,0.00,9.912,-1.039,-1.120,-7.002094,-34.832733
487119,3,-0.47,0.00,9.907,-0.977,-1.101,-7.002094,-34.832733
487170,3,-0.46,0.46,9.917,-0.991,-1.101,-7.002094,-34.832733
487220,3,-0.47,0.00,9.922,-0.991,-1.087,-7.002094,-34.832733
487271,3,-0.46,0.00,9.936,-1.030,-1.116,-7.002094,-34.832733
487321,3,-0.45,0.56,9.912,-1.034,-1.116,-7.002094,-34.832733
487371,3,-0.46,0.00,9.922,-1.030,-1.120,-7.002094,-34.832733
487422,3,-0.47,-0.46,9.941,-1.020,-1.097,-7.002094,-34.832733
487472,3,-0.47,0.00,9.902,-0.967,-1.092,-7.002094,-34.832733
487523,3,-0.46,0.45,9.926,-0.982,-1.097,-7.002094,-34.832733
487575,3,-0.47,-0.48,9.946,-1.015,-1.135,-7.002094,-34.832733
487627,3,-0.49,0.00,9.902,-1.030,-1.130,-7.002094,-34.832733
487677,3,-0.49,0.00,9.946,-1.049,-1.130,-7.002094,-34.832733
487729,3,-0.50,0.00,9.922,-1.053,-1.101,-7.002094,-34.832733
487780,3,-0.48,0.82,9.922,-1.030,-1.097,-7.002094,-34.832733
487832,3,-0.49,0.00,9.912,-0.986,-1.111,-7.002094,-34.832733
487883,3,-0.51,-0.52,9.955,-0.962,-1.082,-7.002094,-34.832733
487935,3,-0.51,0.00,9.912,-1.025,-1.087,-7.002094,-34.832733
487994,3,-0.51,0.00,9.946,-1.053,-1.116,-7.002094,-34.832733
488044,3,-0.51,0.00,9.960,-1.039,-1.101,-7.002094,-34.832733
488095,3,-0.52,-0.52,9.931,-1.010,-1.087,-7.002094,-34.832733
488145,3,-0.51,0.52,9.907,-1.020,-1.097,-7.002094,-34.832733
488195,3,-0.51,0.00,9.850,-1.082,-1.116,-7.002094,-34.832733
488246,3,-0.49,0.00,9.998,-0.982,-1.144,-7.002094,-34.832733
488296,3,-0.48,0.52,9.902,-1.034,-1.087,-7.002094,-34.832733
488347,3,-0.48,0.00,9.922,-0.977,-1.120,-7.002094,-34.832733
488397,3,-0.47,0.56,9.912,-1.039,-1.130,-7.002094,-34.832733
488447,3,-0.47,0.00,9.941,-1.010,-1.097,-7.002094,-34.832733
488498,3,-0.47,0.00,9.946,-1.025,-1.106,-7.002094,-34.832733
488550,3,-0.47,0.00,9.922,-1.001,-1.101,-7.002094,-34.832733
488601,3,-0.45,0.48,9.946,-1.010,-1.140,-7.002094,-34.832733
488653,3,-0.44,0.52,9.941,-1.015,-1.106,-7.002094,-34.832733
488704,3,-0.44,0.52,9.926,-1.030,-1.116,-7.002094,-34.832733
488756,3,-0.40,1.38,9.941,-1.030,-1.101,-7.002094,-34.832733
488808,3,-0.40,0.00,9.941,-1.015,-1.116,-7.002094,-34.832733
488859,3,-0.42,0.00,9.907,-0.982,-1.077,-7.002094,-34.832733
488911,3,-0.42,0.00,9.946,-1.015,-1.116,-7.002094,-34.832733
488963,3,-0.42,0.00,9.960,-1.030,-1.111,-7.002094,-34.832733
489013,3,-0.40,0.56,9.926,-1.063,-1.116,-7.002094,-34.832733
489063,3,-0.42,0.00,9.974,-1.030,-1.125,-7.002094,-34.832733
489114,3,-0.44,-0.52,9.931,-1.039,-1.101,-7.002094,-34.832733
489164,3,-0.44,0.00,9.941,-1.015,-1.116,-7.002094,-34.832733
489215,3,-0.41,0.00,9.941,-1.015,-1.111,-7.002094,-34.832733
489265,3,-0.40,0.56,9.902,-0.991,-1.116,-7.002094,-34.832733
489315,3,-0.40,0.00,9.931,-1.010,-1.106,-7.002094,-34.832733
489366,3,-0.40,0.00,9.960,-1.025,-1.111,-7.002094,-34.832733
489416,3,-0.41,-0.56,9.936,-1.044,-1.116,-7.002094,-34.832733
489466,3,-0.42,-0.52,9.955,-1.030,-1.097,-7.002094,-34.832733
489518,3,-0.41,0.00,9.941,-1.015,-1.101,-7.002094,-34.832733
489570,3,-0.42,0.00,9.926,-1.006,-1.097,-7.002094,-34.832733
489621,3,-0.41,0.48,9.936,-1.015,-1.077,-7.002094,-34.832733
489673,3,-0.40,0.52,9.931,-1.030,-1.116,-7.002094,-34.832733
489723,3,-0.40,0.00,9.917,-1.015,-1.116,-7.002094,-34.832733
489775,3,-0.40,0.00,9.912,-1.020,-1.101,-7.002094,-34.832733
489826,3,-0.40,0.00,9.931,-1.010,-1.092,-7.002094,-34.832733
489878,3,-0.40,0.00,9.936,-1.020,-1.101,-7.002094,-34.832733
489929,3,-0.38,0.56,9.926,-1.015,-1.111,-7.002094,-34.832733
489979,3,-0.37,0.00,9.917,-1.020,-1.106,-7.002094,-34.832733
490040,3,-0.38,-0.18,9.917,-1.020,-1.135,-7.002095,-34.832733
490091,3,-0.38,0.00,9.922,-1.020,-1.111,-7.002095,-34.832733
490141,3,-0.37,0.52,9.898,-1.025,-1.116,-7.002095,-34.832733
490191,3,-0.37,0.00,9.941,-1.006,-1.125,-7.002095,-34.832733
490242,3,-0.37,0.00,9.917,-1.006,-1.087,-7.002095,-34.832733
490292,3,-0.37,0.00,9.931,-1.015,-1.092,-7.002095,-34.832733
490343,3,-0.38,0.00,9.922,-1.015,-1.125,-7.002095,-34.832733
490393,3,-0.37,0.00,9.926,-1.030,-1.106,-7.002095,-34.832733
490443,3,-0.37,0.00,9.936,-1.001,-1.106,-7.002095,-34.832733
490494,3,-0.36,0.48,9.922,-1.034,-1.135,-7.002095,-34.832733
490546,3,-0.37,0.00,9.946,-1.010,-1.125,-7.002095,-34.832733
490597,3,-0.37,0.00,9.931,-1.025,-1.130,-7.002095,-34.832733
490649,3,-0.37,0.00,9.907,-1.020,-1.097,-7.002095,-34.832733
490700,3,-0.36,0.00,9.955,-1.010,-1.120,-7.002095,-34.832733
490752,3,-0.36,0.00,9.941,-1.010,-1.106,-7.002095,-34.832733
490801,3,-0.36,0.00,9.922,-1.063,-1.116,-7.002095,-34.832733
490853,3,-0.36,0.00,9.936,-1.025,-1.101,-7.002095,-34.832733
490904,3,-0.36,0.00,9.922,-0.991,-1.125,-7.002095,-34.832733
490956,3,-0.34,0.00,9.960,-1.010,-1.135,-7.002095,-34.832733
491006,3,-0.29,2.01,9.907,-1.010,-1.087,-7.002095,-34.832733
491057,3,-0.28,0.00,9.912,-1.030,-1.101,-7.002094,-34.832733
491107,3,-0.26,0.56,9.926,-1.044,-1.101,-7.002094,-34.832733
491158,3,-0.26,0.00,9.922,-1.015,-1.106,-7.002094,-34.832733
491208,3,-0.26,0.00,9.931,-1.006,-1.111,-7.002094,-34.832733
491258,3,-0.26,0.00,9.926,-1.020,-1.101,-7.002094,-34.832733
491309,3,-0.26,0.00,9.907,-0.991,-1.082,-7.002094,-34.832733
491359,3,-0.26,0.00,9.936,-1.034,-1.130,-7.002094,-34.832733
491410,3,-0.25,0.00,9.960,-1.025,-1.116,-7.002094,-34.832733
491460,3,-0.26,-0.52,9.912,-1.020,-1.092,-7.002094,-34.832733
491511,3,-0.26,0.00,9.931,-1.030,-1.116,-7.002094,-34.832733
491563,3,-0.26,0.00,9.926,-0.996,-1.116,-7.002094,-34.832733
491615,3,-0.26,0.00,9.926,-0.991,-1.106,-7.002094,-34.832733
491665,3,-0.23,1.45,9.941,-1.030,-1.092,-7.002094,-34.832733
491717,3,-0.23,0.00,9.931,-1.015,-1.082,-7.002094,-34.832733
491768,3,-0.23,0.00,9.931,-1.006,-1.101,-7.002094,-34.832733
491820,3,-0.23,0.00,9.950,-1.039,-1.135,-7.002094,-34.832733
491871,3,-0.23,0.00,9.955,-1.001,-1.111,-7.002094,-34.832733
491923,3,-0.23,0.00,9.922,-0.996,-1.053,-7.002094,-34.832733
491973,3,-0.24,0.00,9.907,-1.015,-1.063,-7.002094,-34.832733
492023,3,-0.23,0.00,9.926,-1.006,-1.135,-7.002095,-34.832733
492108,3,-0.28,-0.56,9.926,-1.030,-1.140,-7.002095,-34.832733
492159,3,-0.28,0.00,9.893,-1.006,-1.077,-7.002095,-34.832733
492209,3,-0.28,0.00,9.907,-1.010,-1.092,-7.002095,-34.832733
492260,3,-0.26,0.00,9.931,-0.991,-1.116,-7.002095,-34.832733
492310,3,-0.23,0.00,9.946,-1.034,-1.149,-7.002095,-34.832733
492361,3,-0.23,0.00,9.946,-1.001,-1.116,-7.002095,-34.832733
492411,3,-0.23,0.00,9.922,-1.044,-1.087,-7.002095,-34.832733
492461,3,-0.26,0.00,9.922,-1.030,-1.092,-7.002095,-34.832733
492513,3,-0.28,-0.52,9.926,-1.006,-1.111,-7.002095,-34.832733
492563,3,-0.29,-0.48,9.902,-1.001,-1.111,-7.002095,-34.832733
492615,3,-0.29,0.00,9.941,-1.006,-1.135,-7.002095,-34.832733
492666,3,-0.31,0.00,9.926,-1.020,-1.087,-7.002095,-34.832733
492718,3,-0.29,0.52,9.946,-1.025,-1.111,-7.002095,-34.832733
492769,3,-0.31,0.00,9.931,-1.010,-1.135,-7.002095,-34.832733
492821,3,-0.29,0.52,9.941,-1.010,-1.101,-7.002095,-34.832733
492870,3,-0.29,0.00,9.917,-1.049,-1.135,-7.002095,-34.832733
492922,3,-0.31,-0.52,9.936,-1.015,-1.082,-7.002095,-34.832733
492971,3,-0.31,0.00,9.941,-0.991,-1.097,-7.002095,-34.832733
493022,3,-0.32,0.00,9.922,-1.025,-1.106,-7.002095,-34.832733
493072,3,-0.29,1.01,9.955,-1.020,-1.125,-7.002095,-34.832733
493122,3,-0.29,0.00,9.936,-1.020,-1.111,-7.002095,-34.832733
493173,3,-0.31,0.00,9.922,-1.020,-1.120,-7.002095,-34.832733
493223,3,-0.33,-0.56,9.922,-1.020,-1.082,-7.002095,-34.832733
493274,3,-0.33,0.00,9.907,-1.010,-1.082,-7.002095,-34.832733
493324,3,-0.35,0.00,9.926,-1.030,-1.106,-7.002095,-34.832733
493374,3,-0.36,-0.48,9.941,-1.025,-1.116,-7.002095,-34.832733
493425,3,-0.36,0.00,9.926,-1.020,-1.106,-7.002095,-34.832733
493475,3,-0.38,0.00,9.931,-1.020,-1.111,-7.002095,-34.832733
493526,3,-0.40,-1.01,9.941,-1.025,-1.116,-7.002095,-34.832733
493578,3,-0.42,0.00,9.926,-1.001,-1.092,-7.002095,-34.832733
493629,3,-0.43,-0.56,9.941,-1.025,-1.092,-7.002095,-34.832733
493680,3,-0.43,0.00,9.917,-1.010,-1.116,-7.002095,-34.832733
493731,3,-0.41,0.82,9.922,-1.006,-1.106,-7.002095,-34.832733
493783,3,-0.41,0.00,9.917,-1.015,-1.101,-7.002095,-34.832733
493835,3,-0.42,0.00,9.931,-1.039,-1.135,-7.002095,-34.832733
493886,3,-0.42,0.00,9.926,-1.015,-1.068,-7.002095,-34.832733
493938,3,-0.42,0.00,9.917,-1.006,-1.073,-7.002095,-34.832733
493988,3,-0.45,-0.56,9.936,-1.044,-1.106,-7.002095,-34.832733
494038,3,-0.45,0.00,9.931,-1.010,-1.106,-7.002095,-34.832733
494089,3,-0.46,0.00,9.931,-1.025,-1.120,-7.002095,-34.832733
494147,3,-0.46,0.00,9.941,-1.030,-1.111,-7.002095,-34.832733
494198,3,-0.49,-0.60,9.917,-1.006,-1.101,-7.002095,-34.832733
494248,3,-0.49,0.00,9.936,-1.030,-1.106,-7.002095,-34.832733
494299,3,-0.50,0.00,9.941,-1.010,-1.111,-7.002095,-34.832733
494349,3,-0.47,1.45,9.926,-1.006,-1.125,-7.002095,-34.832733
494399,3,-0.48,-0.54,9.917,-1.010,-1.116,-7.002095,-34.832733
494450,3,-0.48,0.00,9.941,-1.020,-1.135,-7.002095,-34.832733
494501,3,-0.49,0.00,9.936,-1.006,-1.101,-7.002095,-34.832733
494552,3,-0.49,0.00,9.936,-1.015,-1.087,-7.002095,-34.832733
494603,3,-0.56,-1.82,9.931,-1.015,-1.116,-7.002095,-34.832733
494655,3,-0.56,0.00,9.926,-1.025,-1.111,-7.002095,-34.832733
494707,3,-0.53,1.34,9.946,-1.034,-1.111,-7.002095,-34.832733
494758,3,-0.53,0.00,9.946,-1.001,-1.116,-7.002095,-34.832733
494810,3,-0.53,0.00,9.941,-1.006,-1.120,-7.002095,-34.832733
494861,3,-0.52,0.52,9.946,-1.015,-1.092,-7.002095,-34.832733
494913,3,-0.53,0.00,9.902,-1.025,-1.135,-7.002095,-34.832733
494965,3,-0.55,0.00,9.917,-1.087,-1.120,-7.002095,-34.832733
495015,3,-0.55,0.00,9.960,-1.044,-1.101,-7.002095,-34.832733
495066,3,-0.51,0.00,9.946,-0.953,-1.092,-7.002095,-34.832729
495116,3,-0.51,1.39,9.941,-0.939,-1.111,-7.002095,-34.832729
495167,3,-0.51,0.00,9.922,-0.982,-1.092,-7.002095,-34.832729
495217,3,-0.51,0.00,9.922,-1.006,-1.097,-7.002095,-34.832729
495267,3,-0.51,0.00,9.950,-1.068,-1.135,-7.002095,-34.832729
495318,3,-0.51,0.00,9.955,-1.077,-1.116,-7.002095,-34.832729
495368,3,-0.49,0.00,9.922,-1.015,-1.130,-7.002095,-34.832729
495419,3,-0.53,-2.05,9.878,-0.982,-1.140,-7.002095,-34.832729
495469,3,-0.53,0.00,9.955,-0.977,-1.082,-7.002095,-34.832729
495520,3,-0.54,0.00,9.931,-1.001,-1.063,-7.002095,-34.832729
495572,3,-0.50,1.30,9.917,-1.010,-1.087,-7.002095,-34.832729
495623,3,-0.52,0.00,9.931,-1.053,-1.135,-7.002095,-34.832729
495675,3,-0.52,-0.48,9.912,-1.030,-1.135,-7.002095,-34.832729
495727,3,-0.52,0.00,9.931,-1.020,-1.130,-7.002095,-34.832729
495778,3,-0.52,0.00,9.941,-0.996,-1.082,-7.002095,-34.832729
495830,3,-0.52,0.00,9.922,-0.996,-1.111,-7.002095,-34.832729
495881,3,-0.48,0.00,9.931,-0.996,-1.097,-7.002095,-34.832729
495932,3,-0.48,0.00,9.926,-1.039,-1.101,-7.002095,-34.832729
495982,3,-0.48,0.00,9.936,-1.030,-1.130,-7.002095,-34.832729
496032,3,-0.52,-0.52,9.917,-1.006,-1.106,-7.002095,-34.832729
496082,3,-0.52,0.00,9.950,-1.010,-1.097,-7.002095,-34.832729
496133,3,-0.53,0.00,9.946,-0.996,-1.077,-7.002095,-34.832729
496192,3,-0.51,0.26,9.926,-1.020,-1.097,-7.002095,-34.832729
496242,3,-0.53,-0.52,9.941,-1.049,-1.154,-7.002095,-34.832729
496293,3,-0.51,0.00,9.926,-1.049,-1.120,-7.002095,-34.832729
496343,3,-0.51,0.00,9.922,-1.025,-1.116,-7.002095,-34.832729
496394,3,-0.53,-0.50,9.955,-1.020,-1.097,-7.002095,-34.832729
496444,3,-0.53,0.00,9.922,-1.006,-1.125,-7.002095,-34.832729
496496,3,-0.54,0.00,9.907,-0.996,-1.111,-7.002095,-34.832729
496546,3,-0.54,0.00,9.936,-1.001,-1.130,-7.002095,-34.832729
496598,3,-0.53,-1.41,9.950,-0.982,-1.087,-7.002095,-34.832729
496649,3,-0.51,0.48,9.931,-1.039,-1.120,-7.002095,-34.832729
496701,3,-0.50,0.48,9.902,-1.049,-1.120,-7.002095,-34.832729
496752,3,-0.51,-0.48,9.926,-1.039,-1.101,-7.002095,-34.832729
496804,3,-0.50,0.00,9.936,-1.001,-1.135,-7.002095,-34.832729
496856,3,-0.50,0.00,9.946,-1.020,-1.106,-7.002095,-34.832729
496907,3,-0.50,0.00,9.907,-0.991,-1.101,-7.002095,-34.832729
496959,3,-0.49,0.52,9.912,-1.010,-1.111,-7.002095,-34.832729
497009,3,-0.47,0.56,9.922,-1.001,-1.087,-7.002095,-34.832729
497060,3,-0.47,0.00,9.926,-1.025,-1.101,-7.002094,-34.832729
497110,3,-0.47,0.56,9.936,-1.039,-1.092,-7.002094,-34.832729
497161,3,-0.47,0.00,9.898,-1.020,-1.101,-7.002094,-34.832729
497211,3,-0.47,0.00,9.926,-1.015,-1.106,-7.002094,-34.832729
497262,3,-0.47,0.00,9.941,-1.020,-1.135,-7.002094,-34.832729
497312,3,-0.49,-0.56,9.946,-1.015,-1.111,-7.002094,-34.832729
497362,3,-0.49,0.00,9.936,-1.006,-1.130,-7.002094,-34.832729
497413,3,-0.51,-1.37,9.926,-1.020,-1.144,-7.002094,-34.832729
497463,3,-0.49,0.54,9.931,-1.044,-1.111,-7.002094,-34.832729
497514,3,-0.49,0.00,9.946,-1.044,-1.097,-7.002094,-34.832729
497566,3,-0.45,0.48,9.936,-1.034,-1.106,-7.002094,-34.832729
497618,3,-0.45,0.00,9.955,-1.020,-1.120,-7.002094,-34.832729
497669,3,-0.44,0.00,9.922,-1.006,-1.106,-7.002094,-34.832729
497721,3,-0.39,1.75,9.926,-0.991,-1.111,-7.002094,-34.832729
497772,3,-0.43,0.00,9.926,-1.006,-1.087,-7.002094,-34.832729
497823,3,-0.41,0.48,9.926,-1.020,-1.120,-7.002094,-34.832729
497874,3,-0.37,1.23,9.926,-1.030,-1.116,-7.002094,-34.832729
497926,3,-0.37,0.00,9.955,-1.034,-1.116,-7.002094,-34.832729
497975,3,-0.40,0.00,9.941,-0.991,-1.116,-7.002094,-34.832729
498026,3,-0.40,-1.89,9.936,-0.982,-1.111,-7.002094,-34.832729
498076,3,-0.38,0.54,9.912,-1.010,-1.116,-7.002094,-34.832729
498127,3,-0.38,0.00,9.922,-1.034,-1.106,-7.002094,-34.832729
498177,3,-0.35,1.33,9.936,-1.049,-1.116,-7.002094,-34.832729
498236,3,-0.35,0.00,9.950,-1.015,-1.116,-7.002094,-34.832729
498287,3,-0.34,0.50,9.922,-1.020,-1.120,-7.002094,-34.832729
498337,3,-0.34,0.00,9.936,-1.015,-1.101,-7.002094,-34.832729
498387,3,-0.32,0.00,9.922,-1.015,-1.087,-7.002094,-34.832729
498438,3,-0.31,0.56,9.926,-0.972,-1.106,-7.002094,-34.832729
498490,3,-0.30,0.00,9.926,-1.015,-1.101,-7.002094,-34.832729
498541,3,-0.33,-1.37,9.941,-1.030,-1.116,-7.002094,-34.832729
498592,3,-0.28,1.79,9.936,-1.063,-1.120,-7.002094,-34.832729
498643,3,-0.28,0.00,9.926,-1.025,-1.140,-7.002094,-34.832729
498695,3,-0.28,0.00,9.912,-1.030,-1.111,-7.002094,-34.832729
498747,3,-0.28,0.00,9.931,-0.982,-1.092,-7.002094,-34.832729
498798,3,-0.28,0.00,9.926,-0.991,-1.092,-7.002094,-34.832729
498850,3,-0.28,0.00,9.926,-1.010,-1.159,-7.002094,-34.832729
498901,3,-0.30,-0.56,9.926,-1.030,-1.120,-7.002094,-34.832729
498953,3,-0.28,0.52,9.917,-1.039,-1.101,-7.002094,-34.832729
499003,3,-0.28,0.00,9.926,-1.053,-1.120,-7.002094,-34.832729
499054,3,-0.27,0.00,9.936,-1.025,-1.116,-7.002094,-34.832729
499104,3,-0.27,0.00,9.926,-1.020,-1.125,-7.002094,-34.832729
499155,3,-0.27,0.00,9.922,-0.996,-1.097,-7.002094,-34.832729
499205,3,-0.26,0.00,9.946,-0.991,-1.144,-7.002094,-34.832729
499255,3,-0.21,0.52,9.912,-0.991,-1.101,-7.002094,-34.832729
499306,3,-0.22,-0.52,9.931,-1.030,-1.092,-7.002094,-34.832729
499356,3,-0.22,0.00,9.922,-1.025,-1.101,-7.002094,-34.832729
499407,3,-0.23,0.00,9.922,-1.025,-1.101,-7.002094,-34.832729
499457,3,-0.26,-1.04,9.926,-1.010,-1.111,-7.002094,-34.832729
499508,3,-0.27,0.00,9.922,-1.015,-1.116,-7.002094,-34.832729
499560,3,-0.27,0.00,9.936,-1.015,-1.101,-7.002094,-34.832729
499612,3,-0.25,0.82,9.931,-1.039,-1.116,-7.002094,-34.832729
499663,3,-0.26,-0.48,9.955,-1.001,-1.140,-7.002094,-34.832729
499715,3,-0.26,0.00,9.946,-1.010,-1.111,-7.002094,-34.832729
499767,3,-0.26,0.00,9.941,-1.025,-1.101,-7.002094,-34.832729
499817,3,-0.26,0.00,9.902,-1.025,-1.111,-7.002094,-34.832729
499868,3,-0.26,0.00,9.917,-0.996,-1.087,-7.002094,-34.832729
499920,3,-0.26,0.00,9.950,-1.039,-1.140,-7.002094,-34.832729
499969,3,-0.28,0.00,9.917,-1.044,-1.087,-7.002094,-34.832729
500020,3,-0.26,0.56,9.979,-1.001,-1.101,-7.002094,-34.832729
500070,3,-0.28,-0.56,9.922,-1.020,-1.092,-7.002094,-34.832729
500121,3,-0.28,0.00,9.902,-1.001,-1.101,-7.002094,-34.832729
500171,3,-0.29,-0.52,9.907,-1.001,-1.116,-7.002094,-34.832729
500222,3,-0.29,0.00,9.960,-1.039,-1.092,-7.002094,-34.832729
500282,3,-0.27,0.29,9.912,-1.034,-1.087,-7.002094,-34.832729
500333,3,-0.26,0.00,9.922,-1.010,-1.111,-7.002094,-34.832729
500383,3,-0.31,0.00,9.931,-1.015,-1.130,-7.002094,-34.832729
500433,3,-0.31,0.00,9.936,-0.986,-1.116,-7.002094,-34.832729
500485,3,-0.31,0.00,9.917,-0.996,-1.106,-7.002094,-34.832729
500536,3,-0.31,0.00,9.931,-1.006,-1.101,-7.002094,-34.832729
500587,3,-0.27,1.34,9.931,-1.015,-1.120,-7.002094,-34.832729
500639,3,-0.27,0.00,9.926,-1.020,-1.101,-7.002094,-34.832729
500691,3,-0.26,0.00,9.936,-1.025,-1.116,-7.002094,-34.832729
500742,3,-0.32,-0.48,9.917,-1.015,-1.116,-7.002094,-34.832729
500794,3,-0.33,0.00,9.922,-1.006,-1.125,-7.002094,-34.832729
500845,3,-0.30,0.00,9.950,-1.044,-1.159,-7.002094,-34.832729
500897,3,-0.30,0.00,9.888,-1.020,-1.092,-7.002094,-34.832729
500946,3,-0.30,0.00,9.926,-1.006,-1.116,-7.002094,-34.832729
500996,3,-0.30,0.00,9.922,-1.010,-1.111,-7.002094,-34.832729
501047,3,-0.30,0.00,9.917,-1.006,-1.144,-7.002094,-34.832729
501097,3,-0.30,0.00,9.912,-1.006,-1.097,-7.002094,-34.832729
501147,3,-0.28,0.56,9.955,-1.025,-1.144,-7.002094,-34.832729
501198,3,-0.28,0.00,9.946,-1.010,-1.097,-7.002094,-34.832729
501248,3,-0.28,0.00,9.931,-1.010,-1.092,-7.002094,-34.832729
501299,3,-0.28,0.00,9.926,-1.001,-1.101,-7.002094,-34.832729
501349,3,-0.28,0.00,9.931,-1.006,-1.144,-7.002094,-34.832729
501399,3,-0.27,0.52,9.946,-1.015,-1.106,-7.002094,-34.832729
501450,3,-0.28,-0.50,9.936,-1.025,-1.092,-7.002094,-34.832729
501501,3,-0.28,0.00,9.931,-1.010,-1.154,-7.002094,-34.832729
501553,3,-0.27,0.48,9.917,-1.039,-1.082,-7.002094,-34.832729
501605,3,-0.27,0.00,9.917,-1.015,-1.087,-7.002094,-34.832729
501655,3,-0.27,0.00,9.917,-0.991,-1.120,-7.002094,-34.832729
501707,3,-0.26,0.00,9.917,-0.991,-1.101,-7.002094,-34.832729
501758,3,-0.27,0.00,9.922,-1.020,-1.101,-7.002094,-34.832729
501810,3,-0.28,-0.48,9.922,-1.020,-1.135,-7.002094,-34.832729
501861,3,-0.28,0.00,9.931,-1.044,-1.111,-7.002094,-34.832729
501913,3,-0.27,0.48,9.931,-1.010,-1.120,-7.002094,-34.832729
501962,3,-0.27,0.00,9.931,-1.010,-1.087,-7.002094,-34.832729
502013,3,-0.26,0.52,9.931,-1.010,-1.125,-7.002094,-34.832729
502063,3,-0.26,0.00,9.941,-1.006,-1.120,-7.002094,-34.832729
502114,3,-0.26,0.00,9.965,-1.020,-1.140,-7.002094,-34.832729
502164,3,-0.26,-0.56,9.912,-1.020,-1.116,-7.002094,-34.832729
502214,3,-0.22,1.49,9.926,-1.015,-1.101,-7.002094,-34.832729
502265,3,-0.22,0.00,9.926,-1.034,-1.120,-7.002094,-34.832729
502323,3,-0.27,-0.73,9.917,-0.991,-1.101,-7.002094,-34.832729
502374,3,-0.27,0.00,9.912,-1.010,-1.116,-7.002094,-34.832729
502424,3,-0.28,-0.52,9.941,-1.006,-1.097,-7.002094,-34.832729
502477,3,-0.28,0.00,9.931,-1.034,-1.106,-7.002094,-34.832729
502528,3,-0.27,-0.48,9.950,-1.030,-1.106,-7.002094,-34.832729
502580,3,-0.27,0.00,9.922,-1.001,-1.106,-7.002094,-34.832729
502630,3,-0.29,-0.52,9.946,-0.996,-1.130,-7.002094,-34.832729
502679,3,-0.32,-1.45,9.922,-1.020,-1.097,-7.002094,-34.832729
502731,3,-0.35,-0.48,9.931,-1.020,-1.097,-7.002094,-34.832729
502782,3,-0.35,0.00,9.931,-1.010,-1.125,-7.002094,-34.832729
502834,3,-0.35,0.00,9.926,-1.010,-1.106,-7.002094,-34.832729
502885,3,-0.37,0.00,9.931,-1.006,-1.125,-7.002094,-34.832729
502937,3,-0.33,1.34,9.922,-1.010,-1.087,-7.002094,-34.832729
502990,3,-0.33,0.00,9.922,-1.020,-1.116,-7.002094,-34.832729
503040,3,-0.34,-0.50,9.931,-1.010,-1.120,-7.002094,-34.832733
503090,3,-0.34,0.00,9.912,-1.006,-1.106,-7.002094,-34.832733
503141,3,-0.33,0.52,9.926,-1.006,-1.101,-7.002094,-34.832733
503191,3,-0.33,0.00,9.926,-1.020,-1.097,-7.002094,-34.832733
503242,3,-0.31,0.00,9.950,-1.010,-1.135,-7.002094,-34.832733
503292,3,-0.28,0.00,9.912,-1.010,-1.120,-7.002094,-34.832733
503342,3,-0.28,0.00,9.926,-1.015,-1.111,-7.002094,-34.832733
503393,3,-0.26,0.00,9.917,-1.010,-1.092,-7.002094,-34.832733
503443,3,-0.29,-1.45,9.926,-1.010,-1.097,-7.002094,-34.832733
503495,3,-0.29,0.00,9.907,-1.010,-1.135,-7.002094,-34.832733
503547,3,-0.27,0.00,9.936,-1.001,-1.111,-7.002094,-34.832733
503598,3,-0.29,0.00,9.912,-1.030,-1.130,-7.002094,-34.832733
503650,3,-0.29,0.00,9.941,-1.006,-1.106,-7.002094,-34.832733
503701,3,-0.26,-0.48,9.902,-1.006,-1.130,-7.002094,-34.832733
503753,3,-0.26,0.00,9.936,-1.020,-1.130,-7.002094,-34.832733
503805,3,-0.33,-0.52,9.931,-1.015,-1.111,-7.002094,-34.832733
503855,3,-0.33,0.00,9.936,-1.015,-1.111,-7.002094,-34.832733
503907,3,-0.36,-0.56,9.912,-1.006,-1.130,-7.002094,-34.832733
503958,3,-0.36,0.00,9.926,-1.010,-1.116,-7.002094,-34.832733
504009,3,-0.37,0.00,9.922,-1.020,-1.077,-7.002094,-34.832733
504059,3,-0.38,0.00,9.965,-1.015,-1.116,-7.002094,-34.832733
504110,3,-0.38,0.00,9.912,-1.020,-1.101,-7.002094,-34.832733
504160,3,-0.40,0.00,9.946,-1.006,-1.097,-7.002094,-34.832733
504210,3,-0.36,0.00,9.922,-1.030,-1.111,-7.002094,-34.832733
504261,3,-0.41,-2.01,9.912,-0.996,-1.097,-7.002094,-34.832733
504311,3,-0.37,0.00,9.941,-1.015,-1.116,-7.002094,-34.832733
504370,3,-0.44,-0.82,9.922,-0.996,-1.125,-7.002094,-34.832733
504420,3,-0.40,0.88,9.907,-1.030,-1.116,-7.002094,-34.832733
504473,3,-0.44,-1.34,9.917,-1.020,-1.135,-7.002094,-34.832733
504524,3,-0.41,0.00,9.936,-1.030,-1.097,-7.002094,-34.832733
504575,3,-0.41,0.00,9.931,-1.034,-1.116,-7.002094,-34.832733
504626,3,-0.41,0.00,9.922,-1.001,-1.073,-7.002094,-34.832733
504678,3,-0.41,0.00,9.912,-1.015,-1.116,-7.002094,-34.832733
504730,3,-0.37,1.34,9.917,-1.025,-1.149,-7.002094,-34.832733
504781,3,-0.41,-1.34,9.931,-0.996,-1.111,-7.002094,-34.832733
504833,3,-0.42,0.00,9.917,-1.020,-1.149,-7.002094,-34.832733
504884,3,-0.44,-0.52,9.926,-0.996,-1.082,-7.002094,-34.832733
504936,3,-0.44,0.00,9.926,-1.030,-1.135,-7.002094,-34.832733
504986,3,-0.42,0.00,9.917,-1.030,-1.116,-7.002094,-34.832733
505036,3,-0.39,1.45,9.907,-1.020,-1.106,-7.002094,-34.832733
505087,3,-0.39,0.00,9.922,-1.025,-1.063,-7.002094,-34.832733
505137,3,-0.39,0.00,9.922,-0.996,-1.077,-7.002094,-34.832733
505188,3,-0.39,0.00,9.931,-1.006,-1.111,-7.002094,-34.832733
505238,3,-0.40,0.00,9.926,-1.015,-1.101,-7.002094,-34.832733
505288,3,-0.40,0.00,9.917,-1.025,-1.068,-7.002094,-34.832733
505339,3,-0.40,0.00,9.936,-1.034,-1.135,-7.002094,-34.832733
505389,3,-0.41,0.00,9.922,-1.006,-1.101,-7.002094,-34.832733
505440,3,-0.43,0.00,9.946,-1.020,-1.116,-7.002094,-34.832733
505492,3,-0.43,0.00,9.926,-1.010,-1.106,-7.002094,-34.832733
505543,3,-0.44,0.00,9.922,-1.015,-1.097,-7.002094,-34.832733
505595,3,-0.44,0.00,9.922,-1.006,-1.106,-7.002094,-34.832733
505646,3,-0.44,0.00,9.922,-1.006,-1.092,-7.002094,-34.832733
505698,3,-0.43,0.00,9.926,-1.015,-1.097,-7.002094,-34.832733
505750,3,-0.43,0.00,9.941,-1.034,-1.106,-7.002094,-34.832733
505800,3,-0.41,0.52,9.922,-0.996,-1.097,-7.002094,-34.832733
505852,3,-0.41,0.00,9.931,-1.020,-1.101,-7.002094,-34.832733
505903,3,-0.40,0.00,9.922,-1.025,-1.106,-7.002094,-34.832733
505955,3,-0.37,1.34,9.912,-1.015,-1.116,-7.002094,-34.832733
506005,3,-0.35,0.00,9.926,-1.025,-1.101,-7.002094,-34.832733
506056,3,-0.35,0.00,9.922,-1.015,-1.111,-7.002094,-34.832733
506106,3,-0.37,-0.56,9.922,-1.006,-1.140,-7.002094,-34.832733
506156,3,-0.38,0.00,9.941,-1.020,-1.116,-7.002094,-34.832733
506207,3,-0.39,-0.56,9.926,-0.996,-1.106,-7.002094,-34.832733
506257,3,-0.41,-0.52,9.936,-1.001,-1.125,-7.002094,-34.832733
506308,3,-0.41,0.00,9.922,-1.006,-1.106,-7.002094,-34.832733
506358,3,-0.43,-0.52,9.922,-1.015,-1.125,-7.002094,-34.832733
506427,3,-0.46,-0.33,9.936,-1.006,-1.144,-7.002094,-34.832733
506477,3,-0.42,0.00,9.936,-1.015,-1.087,-7.002094,-34.832733
506527,3,-0.44,-0.52,9.936,-1.030,-1.077,-7.002094,-34.832733
506576,3,-0.44,0.00,9.926,-1.001,-1.125,-7.002094,-34.832733
506628,3,-0.44,0.00,9.941,-1.025,-1.116,-7.002094,-34.832733
506679,3,-0.45,0.00,9.922,-1.030,-1.154,-7.002094,-34.832733
506731,3,-0.46,-0.52,9.946,-1.025,-1.125,-7.002094,-34.832733
506782,3,-0.46,0.00,9.922,-1.030,-1.111,-7.002094,-34.832733
506834,3,-0.43,0.00,9.936,-1.010,-1.077,-7.002094,-34.832733
506886,3,-0.43,0.00,9.922,-0.977,-1.082,-7.002094,-34.832733
506937,3,-0.41,0.00,9.912,-0.977,-1.087,-7.002094,-34.832733
506987,3,-0.43,0.00,9.926,-0.986,-1.111,-7.002094,-34.832733
507038,3,-0.41,0.76,9.941,-1.030,-1.111,-7.002094,-34.832733
507088,3,-0.41,0.00,9.931,-1.077,-1.116,-7.002094,-34.832733
507138,3,-0.44,0.00,9.922,-1.053,-1.116,-7.002094,-34.832733
507189,3,-0.45,-0.54,9.950,-1.001,-1.077,-7.002094,-34.832733
507239,3,-0.45,0.00,9.931,-0.967,-1.101,-7.002094,-34.832733
507290,3,-0.46,0.00,9.898,-1.015,-1.092,-7.002094,-34.832733
507340,3,-0.48,-0.56,9.922,-1.025,-1.130,-7.002094,-34.832733
507390,3,-0.46,0.00,9.946,-1.053,-1.106,-7.002094,-34.832733
507441,3,-0.49,-0.56,9.950,-1.063,-1.077,-7.002094,-34.832733
507490,3,-0.49,0.00,9.941,-1.034,-1.125,-7.002094,-34.832733
507542,3,-0.49,0.00,9.922,-0.982,-1.120,-7.002094,-34.832733
507593,3,-0.49,0.00,9.931,-0.996,-1.130,-7.002094,-34.832733
507644,3,-0.50,-0.48,9.965,-1.010,-1.106,-7.002094,-34.832733
507695,3,-0.49,0.48,9.922,-1.020,-1.120,-7.002094,-34.832733
507747,3,-0.49,0.00,9.936,-1.068,-1.140,-7.002094,-34.832733
507799,3,-0.51,-0.74,9.922,-1.039,-1.087,-7.002094,-34.832733
507850,3,-0.51,0.00,9.926,-0.977,-1.135,-7.002094,-34.832733
507902,3,-0.48,0.52,9.917,-0.967,-1.120,-7.002094,-34.832733
507953,3,-0.48,0.00,9.912,-1.001,-1.106,-7.002094,-34.832733
508004,3,-0.50,0.00,9.931,-0.986,-1.111,-7.002094,-34.832733
508054,3,-0.50,0.00,9.941,-1.049,-1.120,-7.002094,-34.832733
508105,3,-0.48,0.00,9.926,-1.025,-1.111,-7.002094,-34.832733
508155,3,-0.50,0.00,9.922,-0.996,-1.097,-7.002094,-34.832733
508205,3,-0.50,0.00,9.941,-1.020,-1.130,-7.002094,-34.832733
508256,3,-0.51,0.00,9.946,-1.025,-1.149,-7.002094,-34.832733
508306,3,-0.51,0.00,9.936,-1.006,-1.120,-7.002094,-34.832733
508357,3,-0.51,0.00,9.941,-1.034,-1.087,-7.002094,-34.832733
508407,3,-0.51,0.00,9.912,-1.030,-1.101,-7.002094,-34.832733
508466,3,-0.53,-0.34,9.926,-1.010,-1.120,-7.002094,-34.832733
508516,3,-0.53,0.00,9.926,-1.010,-1.106,-7.002094,-34.832733
508565,3,-0.48,0.00,9.917,-0.991,-1.097,-7.002094,-34.832733
508617,3,-0.51,0.52,9.926,-1.010,-1.087,-7.002094,-34.832733
508668,3,-0.47,1.34,9.960,-1.010,-1.111,-7.002094,-34.832733
508720,3,-0.46,0.00,9.931,-1.039,-1.101,-7.002094,-34.832733
508772,3,-0.46,0.00,9.926,-1.034,-1.092,-7.002094,-34.832733
508823,3,-0.49,0.00,9.917,-1.034,-1.120,-7.002094,-34.832733
508875,3,-0.48,0.00,9.931,-0.991,-1.077,-7.002094,-34.832733
508926,3,-0.48,0.00,9.912,-0.986,-1.097,-7.002094,-34.832733
508979,3,-0.44,1.09,9.936,-1.010,-1.130,-7.002094,-34.832733
509029,3,-0.42,0.56,9.917,-1.010,-1.135,-7.002094,-34.832737
509079,3,-0.42,0.00,9.926,-1.030,-1.116,-7.002094,-34.832737
509130,3,-0.41,0.52,9.936,-1.025,-1.140,-7.002094,-34.832737
509180,3,-0.40,0.52,9.922,-1.030,-1.154,-7.002094,-34.832737
509231,3,-0.40,0.00,9.922,-1.010,-1.087,-7.002094,-34.832737
509281,3,-0.38,0.00,9.907,-1.010,-1.077,-7.002094,-34.832737
509331,3,-0.41,-0.85,9.931,-1.015,-1.120,-7.002094,-34.832737
509382,3,-0.41,0.00,9.936,-1.020,-1.144,-7.002094,-34.832737
509432,3,-0.39,0.00,9.941,-1.025,-1.120,-7.002094,-34.832737
509484,3,-0.39,0.00,9.950,-1.030,-1.097,-7.002094,-34.832737
509536,3,-0.37,0.00,9.936,-1.010,-1.092,-7.002094,-34.832737
509588,3,-0.39,0.00,9.931,-1.015,-1.073,-7.002094,-34.832737
509639,3,-0.37,0.48,9.931,-1.020,-1.106,-7.002094,-34.832737
509691,3,-0.36,0.52,9.917,-0.991,-1.097,-7.002094,-34.832737
509742,3,-0.37,-0.56,9.922,-1.010,-1.087,-7.002094,-34.832737
509793,3,-0.37,0.00,9.931,-1.020,-1.097,-7.002094,-34.832737
509844,3,-0.37,0.00,9.946,-1.034,-1.116,-7.002094,-34.832737
509896,3,-0.37,0.00,9.931,-1.015,-1.116,-7.002094,-34.832737
509948,3,-0.36,0.52,9.941,-1.001,-1.125,-7.002094,-34.832737
509998,3,-0.37,0.00,9.917,-1.010,-1.097,-7.002094,-34.832737
510048,3,-0.35,0.52,9.926,-1.025,-1.111,-7.002094,-34.832737
510099,3,-0.35,0.00,9.941,-1.025,-1.111,-7.002094,-34.832737
510149,3,-0.40,0.00,9.922,-1.020,-1.082,-7.002094,-34.832737
510200,3,-0.42,-1.01,9.950,-1.015,-1.087,-7.002094,-34.832737
510250,3,-0.44,-0.56,9.936,-1.006,-1.106,-7.002094,-34.832737
510300,3,-0.45,0.00,9.907,-1.020,-1.106,-7.002094,-34.832737
510351,3,-0.48,0.00,9.917,-1.010,-1.130,-7.002094,-34.832737
510401,3,-0.49,-0.60,9.926,-1.025,-1.116,-7.002094,-34.832737
510452,3,-0.49,0.00,9.926,-1.025,-1.087,-7.002094,-34.832737
510509,3,-0.51,-0.18,9.926,-1.015,-1.073,-7.002094,-34.832737
510560,3,-0.51,0.00,9.936,-0.996,-1.130,-7.002094,-34.832737
510611,3,-0.51,0.00,9.936,-1.025,-1.135,-7.002094,-34.832737
510662,3,-0.52,-0.52,9.907,-1.015,-1.101,-7.002094,-34.832737
510714,3,-0.52,0.00,9.917,-0.996,-1.106,-7.002094,-34.832737
510766,3,-0.48,0.00,9.936,-1.039,-1.116,-7.002094,-34.832737
510817,3,-0.48,0.00,9.917,-1.020,-1.097,-7.002094,-34.832737
510869,3,-0.48,0.00,9.941,-1.015,-1.101,-7.002094,-34.832737
510920,3,-0.50,-0.52,9.950,-1.015,-1.120,-7.002094,-34.832737
510972,3,-0.50,0.00,9.965,-1.006,-1.101,-7.002094,-34.832737
511023,3,-0.48,0.00,9.936,-1.006,-1.106,-7.002094,-34.832737
511073,3,-0.48,0.00,9.941,-1.010,-1.097,-7.002094,-34.832737
511124,3,-0.48,0.00,9.955,-1.015,-1.135,-7.002094,-34.832737
511174,3,-0.51,-0.54,9.950,-1.015,-1.111,-7.002094,-34.832737
511224,3,-0.51,0.00,9.926,-1.015,-1.082,-7.002094,-34.832737
511275,3,-0.55,0.00,9.922,-0.991,-1.101,-7.002094,-34.832737
511325,3,-0.55,0.00,9.893,-1.015,-1.063,-7.002094,-34.832737
511376,3,-0.55,0.00,9.941,-1.020,-1.116,-7.002094,-34.832737
511426,3,-0.55,0.00,9.941,-1.015,-1.092,-7.002094,-34.832737
511478,3,-0.58,-0.52,9.941,-1.030,-1.135,-7.002094,-34.832737
511530,3,-0.57,0.48,9.941,-1.001,-1.111,-7.002094,-34.832737
511579,3,-0.58,0.00,9.912,-1.025,-1.111,-7.002094,-34.832737
511631,3,-0.57,0.48,9.965,-1.015,-1.120,-7.002094,-34.832737
511682,3,-0.57,0.00,9.936,-1.010,-1.106,-7.002094,-34.832737
511734,3,-0.57,0.00,9.922,-1.025,-1.130,-7.002094,-34.832737
511786,3,-0.57,0.00,9.946,-1.020,-1.130,-7.002094,-34.832737
511836,3,-0.58,-0.48,9.917,-1.034,-1.140,-7.002094,-34.832737
511887,3,-0.58,0.00,9.936,-1.006,-1.149,-7.002094,-34.832737
511939,3,-0.62,0.00,9.941,-1.010,-1.106,-7.002094,-34.832737
511989,3,-0.62,0.00,9.917,-1.001,-1.101,-7.002094,-34.832737
512039,3,-0.63,-0.56,9.936,-1.010,-1.097,-7.002094,-34.832737
512090,3,-0.63,0.00,9.936,-1.025,-1.120,-7.002094,-34.832737
512140,3,-0.63,0.00,9.950,-1.039,-1.097,-7.002094,-34.832737
512190,3,-0.62,0.00,9.912,-1.020,-1.101,-7.002094,-34.832737
512241,3,-0.62,0.00,9.912,-1.015,-1.130,-7.002094,-34.832737
512291,3,-0.61,0.00,9.936,-1.015,-1.087,-7.002094,-34.832737
512342,3,-0.61,0.52,9.946,-1.010,-1.097,-7.002094,-34.832737
512392,3,-0.59,0.56,9.960,-1.006,-1.125,-7.002094,-34.832737
512442,3,-0.59,0.00,9.926,-1.006,-1.116,-7.002094,-34.832737
512494,3,-0.57,0.56,9.946,-1.030,-1.120,-7.002094,-34.832737
512567,3,-0.55,0.16,9.922,-1.030,-1.097,-7.002094,-34.832737
512619,3,-0.55,0.00,9.931,-1.020,-1.106,-7.002094,-34.832737
512670,3,-0.59,-1.49,9.922,-0.986,-1.111,-7.002094,-34.832737
512721,3,-0.59,0.00,9.936,-1.030,-1.111,-7.002094,-34.832737
512772,3,-0.59,0.00,9.917,-1.001,-1.125,-7.002094,-34.832737
512824,3,-0.60,0.00,9.907,-0.996,-1.116,-7.002094,-34.832737
512876,3,-0.60,0.00,9.922,-1.034,-1.130,-7.002094,-34.832737
512927,3,-0.62,-0.52,9.912,-1.020,-1.092,-7.002094,-34.832737
512979,3,-0.63,0.00,9.941,-1.020,-1.120,-7.002094,-34.832737
513030,3,-0.62,0.52,9.922,-0.996,-1.120,-7.002094,-34.832737
513080,3,-0.60,0.54,9.922,-1.006,-1.087,-7.002094,-34.832737
513131,3,-0.62,0.00,9.926,-1.015,-1.120,-7.002094,-34.832737
513181,3,-0.60,0.56,9.926,-1.034,-1.140,-7.002094,-34.832737
513232,3,-0.60,0.00,9.931,-1.010,-1.116,-7.002094,-34.832737
513282,3,-0.60,0.00,9.926,-1.020,-1.120,-7.002094,-34.832737
513332,3,-0.60,0.00,9.931,-1.015,-1.082,-7.002094,-34.832737
513383,3,-0.59,0.52,9.917,-1.001,-1.135,-7.002094,-34.832737
513433,3,-0.59,0.00,9.946,-1.010,-1.092,-7.002094,-34.832737
513485,3,-0.61,0.00,9.902,-1.006,-1.106,-7.002094,-34.832737
513537,3,-0.61,0.00,9.922,-1.020,-1.120,-7.002094,-34.832737
513588,3,-0.57,0.52,9.946,-1.001,-1.120,-7.002094,-34.832737
513640,3,-0.57,0.00,9.917,-1.030,-1.106,-7.002094,-34.832737
513692,3,-0.59,0.00,9.926,-0.991,-1.097,-7.002094,-34.832737
513743,3,-0.60,-0.48,9.893,-0.991,-1.111,-7.002094,-34.832737
513795,3,-0.60,0.00,9.946,-1.015,-1.144,-7.002094,-34.832737
513846,3,-0.60,0.00,9.917,-1.010,-1.077,-7.002094,-34.832737
513898,3,-0.60,0.00,9.917,-1.025,-1.111,-7.002094,-34.832737
513950,3,-0.60,0.00,9.912,-1.010,-1.097,-7.002094,-34.832737
514000,3,-0.60,0.00,9.917,-1.020,-1.116,-7.002094,-34.832737
514050,3,-0.60,0.00,9.912,-1.015,-1.106,-7.002094,-34.832737
514101,3,-0.59,0.00,9.893,-0.991,-1.101,-7.002094,-34.832737
514151,3,-0.59,0.00,9.936,-1.025,-1.135,-7.002094,-34.832737
514201,3,-0.59,0.00,9.931,-1.006,-1.130,-7.002094,-34.832737
514252,3,-0.56,0.56,9.941,-1.034,-1.149,-7.002094,-34.832737
514302,3,-0.56,0.00,9.926,-1.020,-1.097,-7.002094,-34.832737
514353,3,-0.56,0.00,9.883,-1.020,-1.092,-7.002094,-34.832737
514403,3,-0.55,0.00,9.936,-1.020,-1.092,-7.002094,-34.832737
514453,3,-0.55,0.00,9.960,-1.010,-1.130,-7.002094,-34.832737
514505,3,-0.55,0.00,9.926,-1.025,-1.106,-7.002094,-34.832737
514557,3,-0.55,-1.30,9.936,-1.025,-1.101,-7.002094,-34.832737
514612,3,-0.56,-0.26,9.931,-1.034,-1.140,-7.002094,-34.832737
514664,3,-0.56,0.52,9.922,-1.010,-1.125,-7.002094,-34.832737
514714,3,-0.56,0.00,9.936,-1.025,-1.092,-7.002094,-34.832737
514766,3,-0.56,0.00,9.917,-1.030,-1.082,-7.002094,-34.832737
514817,3,-0.57,-0.52,9.917,-1.010,-1.116,-7.002094,-34.832737
514869,3,-0.57,0.00,9.941,-1.020,-1.101,-7.002094,-34.832737
514920,3,-0.57,0.00,9.912,-1.025,-1.111,-7.002094,-34.832737
514973,3,-0.57,0.00,9.902,-1.020,-1.097,-7.002094,-34.832737
515023,3,-0.56,0.00,9.941,-1.001,-1.111,-7.002094,-34.832737
515073,3,-0.60,-1.43,9.936,-1.015,-1.159,-7.002094,-34.832737
515124,3,-0.56,0.00,9.946,-1.025,-1.135,-7.002094,-34.832737
515174,3,-0.56,1.43,9.946,-1.020,-1.101,-7.002094,-34.832737
515225,3,-0.60,-1.49,9.955,-1.025,-1.111,-7.002094,-34.832737
515275,3,-0.55,0.00,9.936,-1.010,-1.106,-7.002094,-34.832737
515326,3,-0.57,0.54,9.926,-1.015,-1.097,-7.002094,-34.832737
515376,3,-0.57,0.00,9.931,-1.030,-1.135,-7.002094,-34.832737
515426,3,-0.57,0.00,9.936,-1.015,-1.106,-7.002094,-34.832737
515479,3,-0.57,-0.56,9.926,-1.010,-1.140,-7.002094,-34.832737
515530,3,-0.57,0.00,9.950,-1.006,-1.106,-7.002094,-34.832737
515582,3,-0.57,0.00,9.941,-1.020,-1.111,-7.002094,-34.832737
515633,3,-0.62,-1.75,9.931,-1.020,-1.130,-7.002094,-34.832737
515685,3,-0.62,0.00,9.941,-1.034,-1.106,-7.002094,-34.832737
515737,3,-0.64,-0.48,9.950,-1.025,-1.125,-7.002094,-34.832737
515788,3,-0.66,0.00,9.931,-1.010,-1.087,-7.002094,-34.832737
515840,3,-0.64,0.00,9.926,-1.025,-1.111,-7.002094,-34.832737
515891,3,-0.66,-0.52,9.926,-0.991,-1.111,-7.002094,-34.832737
515943,3,-0.66,0.00,9.946,-1.020,-1.135,-7.002094,-34.832737
515993,3,-0.66,0.00,9.926,-1.015,-1.111,-7.002094,-34.832737
516043,3,-0.66,0.00,9.936,-1.025,-1.125,-7.002094,-34.832737
516094,3,-0.69,0.00,9.941,-1.034,-1.135,-7.002094,-34.832737
516144,3,-0.71,-0.52,9.912,-1.025,-1.092,-7.002094,-34.832737
516195,3,-0.69,0.52,9.950,-1.010,-1.130,-7.002094,-34.832737
516245,3,-0.68,0.00,9.946,-1.015,-1.116,-7.002094,-34.832737
516295,3,-0.65,0.54,9.931,-1.001,-1.125,-7.002094,-34.832737
516346,3,-0.65,0.00,9.922,-1.025,-1.101,-7.002094,-34.832737
516396,3,-0.65,0.00,9.941,-1.025,-1.073,-7.002094,-34.832737
516447,3,-0.68,0.56,9.922,-1.030,-1.111,-7.002094,-34.832737
516498,3,-0.68,0.00,9.917,-1.030,-1.106,-7.002094,-34.832737
516549,3,-0.69,-0.52,9.912,-1.010,-1.106,-7.002094,-34.832737
516600,3,-0.69,0.00,9.936,-1.010,-1.101,-7.002094,-34.832737
516657,3,-0.68,0.18,9.926,-0.996,-1.092,-7.002094,-34.832737
516709,3,-0.66,0.52,9.936,-1.015,-1.116,-7.002094,-34.832737
516760,3,-0.66,0.00,9.917,-1.025,-1.111,-7.002094,-34.832737
516811,3,-0.66,0.00,9.931,-1.010,-1.125,-7.002094,-34.832737
516862,3,-0.65,0.00,9.931,-1.030,-1.111,-7.002094,-34.832737
516914,3,-0.65,0.00,9.926,-0.996,-1.111,-7.002094,-34.832737
516963,3,-0.63,0.56,9.902,-1.015,-1.082,-7.002094,-34.832737
517014,3,-0.63,0.00,9.941,-1.020,-1.101,-7.002094,-34.832737
517064,3,-0.66,0.52,9.926,-1.015,-1.101,-7.002094,-34.832737
517114,3,-0.64,0.54,9.926,-1.006,-1.120,-7.002094,-34.832737
517165,3,-0.64,0.00,9.936,-1.010,-1.116,-7.002094,-34.832737
517215,3,-0.59,0.00,9.941,-1.006,-1.120,-7.002094,-34.832737
517266,3,-0.63,-1.45,9.922,-1.001,-1.125,-7.002094,-34.832737
517316,3,-0.63,0.00,9.931,-1.010,-1.125,-7.002094,-34.832737
517367,3,-0.63,0.00,9.907,-1.025,-1.082,-7.002094,-34.832737
517417,3,-0.62,0.56,9.922,-1.015,-1.120,-7.002094,-34.832737
517467,3,-0.60,0.00,9.917,-1.020,-1.111,-7.002094,-34.832737
517519,3,-0.55,1.34,9.941,-1.015,-1.106,-7.002094,-34.832737
517570,3,-0.55,0.00,9.931,-1.025,-1.111,-7.002094,-34.832737
517622,3,-0.55,-0.52,9.936,-1.025,-1.101,-7.002094,-34.832737
517673,3,-0.55,0.00,9.941,-0.986,-1.097,-7.002094,-34.832737
517725,3,-0.57,-0.52,9.917,-1.015,-1.106,-7.002094,-34.832737
517777,3,-0.57,0.00,9.917,-1.025,-1.087,-7.002094,-34.832737
517828,3,-0.57,0.00,9.950,-1.025,-1.101,-7.002094,-34.832737
517880,3,-0.58,0.00,9.941,-1.020,-1.149,-7.002094,-34.832737
517931,3,-0.58,0.00,9.926,-1.020,-1.106,-7.002094,-34.832737
517984,3,-0.58,0.00,9.926,-1.015,-1.077,-7.002094,-34.832737
518034,3,-0.58,0.00,9.931,-1.034,-1.082,-7.002093,-34.832741
518085,3,-0.58,0.00,9.931,-1.034,-1.097,-7.002093,-34.832741
518135,3,-0.57,0.00,9.936,-1.010,-1.097,-7.002093,-34.832741
518185,3,-0.57,0.00,9.922,-1.010,-1.101,-7.002093,-34.832741
518236,3,-0.58,0.00,9.922,-0.996,-1.106,-7.002093,-34.832741
518286,3,-0.55,0.56,9.950,-1.020,-1.106,-7.002093,-34.832741
518337,3,-0.54,0.56,9.922,-1.020,-1.111,-7.002093,-34.832741
518387,3,-0.54,0.00,9.912,-1.010,-1.111,-7.002093,-34.832741
518438,3,-0.53,0.00,9.931,-0.991,-1.111,-7.002093,-34.832741
518490,3,-0.53,0.00,9.950,-1.010,-1.097,-7.002093,-34.832741
518540,3,-0.51,0.52,9.917,-1.006,-1.097,-7.002093,-34.832741
518591,3,-0.46,1.82,9.912,-1.039,-1.106,-7.002093,-34.832741
518643,3,-0.48,0.00,9.936,-1.030,-1.120,-7.002093,-34.832741
518706,3,-0.50,-0.17,9.941,-1.025,-1.111,-7.002093,-34.832741
518758,3,-0.48,0.56,9.917,-0.986,-1.116,-7.002093,-34.832741
518810,3,-0.48,0.00,9.926,-0.991,-1.106,-7.002093,-34.832741
518860,3,-0.48,0.00,9.922,-0.996,-1.116,-7.002093,-34.832741
518912,3,-0.48,0.00,9.941,-1.015,-1.087,-7.002093,-34.832741
518964,3,-0.48,0.00,9.926,-1.044,-1.073,-7.002093,-34.832741
519014,3,-0.50,0.00,9.931,-1.049,-1.111,-7.002093,-34.832741
519064,3,-0.48,1.09,9.931,-1.044,-1.130,-7.002093,-34.832741
519115,3,-0.48,0.00,9.950,-1.006,-1.116,-7.002093,-34.832741
519165,3,-0.47,0.00,9.922,-0.982,-1.111,-7.002093,-34.832741
519216,3,-0.46,0.00,9.912,-1.001,-1.082,-7.002093,-34.832741
519266,3,-0.47,-0.56,9.950,-1.006,-1.116,-7.002093,-34.832741
519316,3,-0.47,0.00,9.950,-1.034,-1.125,-7.002093,-34.832741
519367,3,-0.47,0.00,9.912,-1.034,-1.106,-7.002093,-34.832741
519417,3,-0.46,0.56,9.946,-1.001,-1.120,-7.002093,-34.832741
519467,3,-0.44,0.00,9.917,-1.015,-1.082,-7.002093,-34.832741
519519,3,-0.43,0.52,9.917,-0.991,-1.092,-7.002093,-34.832741
519570,3,-0.42,0.00,9.950,-0.996,-1.116,-7.002093,-34.832741
519622,3,-0.40,0.00,9.950,-0.996,-1.106,-7.002093,-34.832741
519671,3,-0.40,0.00,9.926,-1.015,-1.073,-7.002093,-34.832741
519723,3,-0.40,0.00,9.926,-1.010,-1.101,-7.002093,-34.832741
519774,3,-0.40,0.00,9.931,-1.049,-1.140,-7.002093,-34.832741
519826,3,-0.40,0.00,9.926,-1.015,-1.082,-7.002093,-34.832741
519878,3,-0.42,-0.56,9.898,-0.996,-1.111,-7.002093,-34.832741
519929,3,-0.42,0.00,9.926,-1.006,-1.120,-7.002093,-34.832741
519981,3,-0.40,0.00,9.922,-0.996,-1.135,-7.002093,-34.832741
520032,3,-0.43,-0.93,9.926,-1.044,-1.106,-7.002093,-34.832741
520082,3,-0.43,0.00,9.917,-1.053,-1.116,-7.002093,-34.832741
520133,3,-0.43,0.00,9.902,-1.015,-1.087,-7.002093,-34.832741
520183,3,-0.41,0.50,9.936,-1.006,-1.106,-7.002093,-34.832741
520233,3,-0.41,0.00,9.922,-1.010,-1.101,-7.002093,-34.832741
520284,3,-0.40,0.56,9.936,-0.986,-1.116,-7.002093,-34.832741
520334,3,-0.40,0.00,9.946,-1.001,-1.120,-7.002093,-34.832741
520385,3,-0.41,0.00,9.922,-1.034,-1.106,-7.002093,-34.832741
520435,3,-0.35,0.52,9.931,-1.058,-1.140,-7.002093,-34.832741
520485,3,-0.35,0.00,9.936,-1.063,-1.092,-7.002093,-34.832741
520535,3,-0.35,0.00,9.922,-0.996,-1.101,-7.002093,-34.832741
520586,3,-0.33,0.52,9.936,-0.972,-1.101,-7.002093,-34.832741
520638,3,-0.37,0.00,9.912,-0.977,-1.125,-7.002093,-34.832741
520690,3,-0.37,0.00,9.912,-0.996,-1.092,-7.002093,-34.832741
520747,3,-0.34,0.36,9.931,-1.034,-1.106,-7.002093,-34.832741
520797,3,-0.33,0.48,9.931,-1.049,-1.130,-7.002093,-34.832741
520849,3,-0.33,0.00,9.941,-1.044,-1.144,-7.002093,-34.832741
520900,3,-0.32,0.00,9.946,-0.996,-1.106,-7.002093,-34.832741
520952,3,-0.32,0.00,9.917,-0.972,-1.101,-7.002093,-34.832741
521002,3,-0.30,0.00,9.926,-0.967,-1.097,-7.002093,-34.832741
521053,3,-0.30,0.00,9.926,-1.006,-1.092,-7.002093,-34.832741
521103,3,-0.29,0.54,9.946,-1.044,-1.140,-7.002093,-34.832741
521153,3,-0.29,0.00,9.936,-1.053,-1.125,-7.002093,-34.832741
521204,3,-0.28,0.00,9.941,-1.039,-1.116,-7.002093,-34.832741
521254,3,-0.28,0.00,9.950,-0.996,-1.073,-7.002093,-34.832741
521305,3,-0.28,0.00,9.902,-0.986,-1.053,-7.002093,-34.832741
521355,3,-0.26,0.00,9.922,-1.020,-1.101,-7.002093,-34.832741
521406,3,-0.25,0.52,9.912,-1.015,-1.135,-7.002093,-34.832741
521456,3,-0.23,0.00,9.936,-1.020,-1.135,-7.002093,-34.832741
521507,3,-0.25,-0.56,9.926,-1.015,-1.101,-7.002093,-34.832741
521559,3,-0.23,0.56,9.936,-1.034,-1.101,-7.002093,-34.832741
521611,3,-0.23,0.00,9.931,-1.006,-1.116,-7.002093,-34.832741
521662,3,-0.25,-0.52,9.950,-1.020,-1.092,-7.002093,-34.832741
521714,3,-0.25,0.00,9.941,-1.025,-1.120,-7.002093,-34.832741
521766,3,-0.28,0.00,9.946,-1.039,-1.116,-7.002093,-34.832741
521817,3,-0.28,0.00,9.941,-1.039,-1.125,-7.002093,-34.832741
521869,3,-0.28,0.00,9.907,-1.010,-1.111,-7.002093,-34.832741
521920,3,-0.27,0.00,9.936,-0.986,-1.082,-7.002093,-34.832741
521972,3,-0.27,0.00,9.931,-0.967,-1.077,-7.002093,-34.832741
522023,3,-0.27,0.00,9.922,-1.001,-1.087,-7.002093,-34.832741
522073,3,-0.28,-0.56,9.946,-1.030,-1.125,-7.002092,-34.832745
522124,3,-0.28,0.00,9.936,-1.030,-1.120,-7.002092,-34.832745
522174,3,-0.30,-0.52,9.931,-1.053,-1.120,-7.002092,-34.832745
522224,3,-0.31,-0.56,9.926,-1.039,-1.140,-7.002092,-34.832745
522275,3,-0.31,0.00,9.941,-1.015,-1.087,-7.002092,-34.832745
522325,3,-0.33,0.00,9.936,-1.006,-1.106,-7.002092,-34.832745
522376,3,-0.35,-1.05,9.902,-0.996,-1.101,-7.002092,-34.832745
522426,3,-0.33,0.00,9.902,-1.010,-1.077,-7.002092,-34.832745
522479,3,-0.38,-0.56,9.917,-1.025,-1.116,-7.002092,-34.832745
522530,3,-0.38,0.00,9.926,-1.030,-1.116,-7.002092,-34.832745
522582,3,-0.38,0.00,9.931,-1.039,-1.130,-7.002092,-34.832745
522633,3,-0.38,0.00,9.922,-1.001,-1.092,-7.002092,-34.832745
522685,3,-0.39,0.00,9.917,-0.986,-1.154,-7.002092,-34.832745
522737,3,-0.38,0.00,9.936,-0.977,-1.097,-7.002092,-34.832745
522794,3,-0.38,0.00,9.902,-1.034,-1.125,-7.002092,-34.832745
522844,3,-0.38,0.00,9.922,-1.025,-1.111,-7.002092,-34.832745
522896,3,-0.38,0.00,9.960,-1.020,-1.082,-7.002092,-34.832745
522947,3,-0.39,0.00,9.955,-1.025,-1.097,-7.002092,-34.832745
522997,3,-0.39,0.00,9.917,-1.025,-1.106,-7.002092,-34.832745
523048,3,-0.44,0.00,9.931,-1.015,-1.135,-7.002092,-34.832745
523098,3,-0.48,-1.09,9.922,-1.015,-1.101,-7.002092,-34.832745
523149,3,-0.48,0.00,9.941,-1.001,-1.120,-7.002092,-34.832745
523199,3,-0.46,0.00,9.936,-1.015,-1.135,-7.002092,-34.832745
523249,3,-0.53,-0.56,9.922,-1.010,-1.092,-7.002092,-34.832745
523300,3,-0.50,0.93,9.926,-1.025,-1.111,-7.002092,-34.832745
523350,3,-0.52,0.00,9.955,-1.034,-1.130,-7.002092,-34.832745
523401,3,-0.53,-0.52,9.922,-1.044,-1.092,-7.002092,-34.832745
523451,3,-0.54,0.00,9.936,-1.006,-1.097,-7.002092,-34.832745
523503,3,-0.56,0.00,9.936,-1.015,-1.106,-7.002092,-34.832745
523554,3,-0.57,-0.52,9.950,-1.006,-1.106,-7.002092,-34.832745
523606,3,-0.57,0.00,9.936,-1.001,-1.106,-7.002092,-34.832745
523658,3,-0.59,0.00,9.931,-1.020,-1.111,-7.002092,-34.832745
523709,3,-0.59,0.00,9.922,-1.039,-1.097,-7.002092,-34.832745
523761,3,-0.60,0.00,9.917,-1.020,-1.097,-7.002092,-34.832745
523812,3,-0.60,0.00,9.926,-1.010,-1.101,-7.002092,-34.832745
523864,3,-0.61,0.00,9.926,-1.010,-1.106,-7.002092,-34.832745
523916,3,-0.60,0.52,9.931,-1.015,-1.111,-7.002092,-34.832745
523968,3,-0.61,0.00,9.926,-1.030,-1.097,-7.002092,-34.832745
524018,3,-0.61,0.00,9.936,-1.025,-1.092,-7.002092,-34.832745
524068,3,-0.61,0.00,9.922,-1.001,-1.111,-7.002092,-34.832745
524119,3,-0.61,0.00,9.950,-1.010,-1.116,-7.002092,-34.832745
524169,3,-0.59,0.52,9.917,-1.010,-1.116,-7.002092,-34.832745
524220,3,-0.59,0.00,9.936,-1.006,-1.111,-7.002092,-34.832745
524270,3,-0.59,0.00,9.926,-1.015,-1.120,-7.002092,-34.832745
524320,3,-0.56,0.56,9.922,-1.020,-1.077,-7.002092,-34.832745
524371,3,-0.59,-1.49,9.917,-1.020,-1.101,-7.002092,-34.832745
524421,3,-0.58,0.00,9.917,-1.025,-1.082,-7.002092,-34.832745
524471,3,-0.59,0.00,9.902,-1.006,-1.116,-7.002092,-34.832745
524523,3,-0.58,0.52,9.931,-0.996,-1.130,-7.002092,-34.832745
524574,3,-0.58,0.00,9.931,-1.010,-1.106,-7.002092,-34.832745
524625,3,-0.57,0.48,9.922,-1.001,-1.125,-7.002092,-34.832745
524676,3,-0.55,0.00,9.926,-1.030,-1.159,-7.002092,-34.832745
524728,3,-0.54,0.52,9.936,-1.020,-1.111,-7.002092,-34.832745
524780,3,-0.54,0.00,9.931,-1.001,-1.092,-7.002092,-34.832745
524839,3,-0.51,0.35,9.917,-1.015,-1.111,-7.002092,-34.832745
524889,3,-0.50,0.48,9.926,-1.020,-1.135,-7.002092,-34.832745
524938,3,-0.51,-1.05,9.922,-1.030,-1.087,-7.002092,-34.832745
524991,3,-0.46,2.13,9.946,-1.015,-1.097,-7.002092,-34.832745
525041,3,-0.51,0.00,9.917,-1.034,-1.068,-7.002092,-34.832745
525091,3,-0.47,-0.56,9.941,-1.015,-1.077,-7.002092,-34.832745
525142,3,-0.47,0.00,9.931,-1.020,-1.101,-7.002092,-34.832745
525192,3,-0.46,0.00,9.917,-1.034,-1.135,-7.002092,-34.832745
525243,3,-0.51,-1.51,9.931,-1.025,-1.120,-7.002092,-34.832745
525293,3,-0.47,1.57,9.936,-1.020,-1.135,-7.002092,-34.832745
525344,3,-0.46,0.00,9.922,-1.025,-1.111,-7.002092,-34.832745
525394,3,-0.46,0.00,9.936,-0.996,-1.106,-7.002092,-34.832745
525444,3,-0.46,0.00,9.941,-1.006,-1.092,-7.002092,-34.832745
525498,3,-0.44,0.56,9.931,-1.025,-1.120,-7.002092,-34.832745
525548,3,-0.47,-0.97,9.922,-1.015,-1.125,-7.002092,-34.832745
525599,3,-0.47,0.00,9.917,-1.020,-1.097,-7.002092,-34.832745
525651,3,-0.47,0.00,9.941,-1.015,-1.116,-7.002092,-34.832745
525700,3,-0.46,0.52,9.926,-1.015,-1.097,-7.002092,-34.832745
525752,3,-0.46,0.00,9.917,-1.015,-1.097,-7.002092,-34.832745
525803,3,-0.47,-1.57,9.936,-1.010,-1.111,-7.002092,-34.832745
525855,3,-0.47,0.00,9.922,-1.025,-1.097,-7.002092,-34.832745
525906,3,-0.46,-0.93,9.946,-1.034,-1.087,-7.002092,-34.832745
525958,3,-0.46,0.00,9.941,-1.030,-1.111,-7.002092,-34.832745
526009,3,-0.47,0.00,9.926,-1.025,-1.106,-7.002092,-34.832745
526059,3,-0.42,0.00,9.922,-0.991,-1.111,-7.002092,-34.832741
526109,3,-0.42,0.00,9.936,-1.030,-1.087,-7.002092,-34.832741
526160,3,-0.42,0.00,9.931,-1.020,-1.097,-7.002092,-34.832741
526210,3,-0.42,0.00,9.946,-1.025,-1.111,-7.002092,-34.832741
526261,3,-0.42,0.00,9.931,-1.030,-1.101,-7.002092,-34.832741
526311,3,-0.43,0.00,9.941,-1.044,-1.092,-7.002092,-34.832741
526361,3,-0.42,0.00,9.946,-1.010,-1.125,-7.002092,-34.832741
526412,3,-0.42,0.00,9.917,-0.986,-1.097,-7.002092,-34.832741
526462,3,-0.42,0.00,9.946,-1.001,-1.082,-7.002092,-34.832741
526514,3,-0.40,0.56,9.931,-0.982,-1.125,-7.002092,-34.832741
526565,3,-0.40,0.00,9.926,-1.006,-1.130,-7.002092,-34.832741
526617,3,-0.38,0.52,9.936,-1.034,-1.087,-7.002092,-34.832741
526668,3,-0.38,0.00,9.917,-1.053,-1.097,-7.002092,-34.832741
526719,3,-0.36,0.52,9.926,-1.053,-1.101,-7.002092,-34.832741
526770,3,-0.36,0.00,9.917,-1.020,-1.101,-7.002092,-34.832741
526822,3,-0.36,0.00,9.926,-0.996,-1.125,-7.002092,-34.832741
526879,3,-0.36,0.00,9.941,-1.001,-1.106,-7.002092,-34.832741
526929,3,-0.36,0.00,9.922,-0.996,-1.125,-7.002092,-34.832741
526979,3,-0.38,-0.56,9.926,-1.030,-1.092,-7.002092,-34.832741
527029,3,-0.38,0.00,9.936,-1.030,-1.116,-7.002092,-34.832741
527080,3,-0.40,0.00,9.922,-1.034,-1.125,-7.002092,-34.832741
527130,3,-0.42,-0.56,9.922,-1.015,-1.116,-7.002092,-34.832741
527180,3,-0.42,0.00,9.922,-1.015,-1.111,-7.002092,-34.832741
527231,3,-0.43,0.00,9.931,-0.991,-1.120,-7.002092,-34.832741
527281,3,-0.40,0.00,9.922,-1.020,-1.125,-7.002092,-34.832741
527332,3,-0.40,0.00,9.931,-1.039,-1.106,-7.002092,-34.832741
527382,3,-0.39,0.00,9.950,-1.030,-1.130,-7.002092,-34.832741
527432,3,-0.41,-1.57,9.917,-1.030,-1.092,-7.002092,-34.832741
527485,3,-0.41,0.00,9.917,-1.015,-1.120,-7.002092,-34.832741
527536,3,-0.43,0.00,9.917,-1.010,-1.106,-7.002092,-34.832741
527588,3,-0.41,0.00,9.936,-1.010,-1.130,-7.002092,-34.832741
527639,3,-0.41,0.00,9.931,-0.991,-1.077,-7.002092,-34.832741
527691,3,-0.39,0.52,9.936,-1.025,-1.111,-7.002092,-34.832741
527740,3,-0.39,0.00,9.941,-1.010,-1.092,-7.002092,-34.832741
527792,3,-0.40,-0.52,9.931,-1.039,-1.087,-7.002092,-34.832741
527843,3,-0.40,0.00,9.931,-1.025,-1.106,-7.002092,-34.832741
527895,3,-0.40,0.00,9.931,-0.996,-1.120,-7.002092,-34.832741
527946,3,-0.40,0.00,9.931,-1.010,-1.106,-7.002092,-34.832741
527997,3,-0.40,0.00,9.912,-1.015,-1.106,-7.002092,-34.832741
528047,3,-0.41,0.00,9.941,-1.015,-1.120,-7.002092,-34.832741
528097,3,-0.45,-1.45,9.926,-1.020,-1.106,-7.002092,-34.832741
528148,3,-0.45,0.00,9.936,-1.034,-1.101,-7.002092,-34.832741
528198,3,-0.45,0.00,9.922,-1.015,-1.130,-7.002092,-34.832741
528249,3,-0.44,0.52,9.912,-1.025,-1.111,-7.002092,-34.832741
528299,3,-0.44,0.00,9.936,-0.991,-1.077,-7.002092,-34.832741
528349,3,-0.43,-0.80,9.946,-1.001,-1.087,-7.002092,-34.832741
528400,3,-0.40,1.13,9.931,-1.001,-1.101,-7.002092,-34.832741
528450,3,-0.38,0.00,9.926,-1.015,-1.144,-7.002092,-34.832741
528502,3,-0.38,0.00,9.931,-1.025,-1.125,-7.002092,-34.832741
528554,3,-0.38,0.00,9.922,-1.025,-1.092,-7.002092,-34.832741
528604,3,-0.39,-0.52,9.950,-1.010,-1.111,-7.002092,-34.832741
528656,3,-0.40,-0.48,9.931,-1.006,-1.111,-7.002092,-34.832741
528707,3,-0.43,-0.52,9.931,-0.996,-1.106,-7.002092,-34.832741
528759,3,-0.43,0.00,9.941,-1.020,-1.130,-7.002092,-34.832741
528810,3,-0.41,0.00,9.946,-1.020,-1.120,-7.002092,-34.832741
528862,3,-0.46,-1.75,9.922,-1.020,-1.087,-7.002092,-34.832741
528918,3,-0.47,-0.20,9.931,-1.020,-1.101,-7.002092,-34.832741
528970,3,-0.46,0.56,9.941,-1.030,-1.101,-7.002092,-34.832741
529020,3,-0.46,0.00,9.922,-1.025,-1.120,-7.002092,-34.832741
529071,3,-0.46,-0.54,9.946,-1.025,-1.130,-7.002092,-34.832741
529121,3,-0.46,0.00,9.931,-1.020,-1.130,-7.002092,-34.832741
529171,3,-0.46,0.00,9.965,-0.996,-1.116,-7.002092,-34.832741
529222,3,-0.48,0.00,9.926,-1.025,-1.125,-7.002092,-34.832741
529272,3,-0.48,0.00,9.926,-1.015,-1.120,-7.002092,-34.832741
529323,3,-0.48,0.00,9.946,-0.996,-1.125,-7.002092,-34.832741
529373,3,-0.44,0.56,9.926,-1.025,-1.125,-7.002092,-34.832741
529423,3,-0.44,0.00,9.926,-1.034,-1.106,-7.002092,-34.832741
529476,3,-0.44,0.00,9.936,-1.020,-1.082,-7.002092,-34.832741
529528,3,-0.43,0.48,9.917,-1.025,-1.130,-7.002092,-34.832741
529578,3,-0.41,0.52,9.941,-1.030,-1.101,-7.002092,-34.832741
529629,3,-0.40,0.48,9.941,-1.034,-1.135,-7.002092,-34.832741
529681,3,-0.41,0.00,9.941,-1.006,-1.106,-7.002092,-34.832741
529730,3,-0.41,0.00,9.936,-1.030,-1.092,-7.002092,-34.832741
529782,3,-0.41,0.00,9.931,-1.010,-1.082,-7.002092,-34.832741
529833,3,-0.38,1.57,9.936,-1.010,-1.097,-7.002092,-34.832741
529885,3,-0.38,0.00,9.941,-1.020,-1.120,-7.002092,-34.832741
529937,3,-0.43,0.00,9.936,-1.015,-1.101,-7.002092,-34.832741
529986,3,-0.43,0.00,9.917,-1.015,-1.116,-7.002092,-34.832741
530037,3,-0.43,0.00,9.941,-1.010,-1.106,-7.002093,-34.832741
530087,3,-0.43,0.00,9.941,-0.991,-1.116,-7.002093,-34.832741
530138,3,-0.39,1.57,9.931,-1.025,-1.116,-7.002093,-34.832741
530188,3,-0.41,0.00,9.936,-1.001,-1.130,-7.002093,-34.832741
530238,3,-0.41,-1.57,9.926,-1.010,-1.111,-7.002093,-34.832741
530289,3,-0.41,0.00,9.922,-1.001,-1.082,-7.002093,-34.832741
530339,3,-0.41,0.00,9.941,-1.020,-1.101,-7.002093,-34.832741
530390,3,-0.41,0.00,9.931,-1.020,-1.111,-7.002093,-34.832741
530440,3,-0.41,0.00,9.922,-1.044,-1.120,-7.002093,-34.832741
530492,3,-0.41,0.00,9.931,-1.006,-1.120,-7.002093,-34.832741
530544,3,-0.41,0.00,9.931,-1.015,-1.092,-7.002093,-34.832741
530595,3,-0.45,-1.34,9.912,-1.010,-1.106,-7.002093,-34.832741
530647,3,-0.45,-0.52,9.936,-1.010,-1.101,-7.002093,-34.832741
530699,3,-0.45,0.00,9.926,-1.025,-1.106,-7.002093,-34.832741
530749,3,-0.44,0.48,9.917,-1.020,-1.111,-7.002093,-34.832741
530801,3,-0.42,0.52,9.912,-1.034,-1.101,-7.002093,-34.832741
530852,3,-0.46,0.00,9.931,-1.015,-1.097,-7.002093,-34.832741
530904,3,-0.46,0.00,9.931,-0.996,-1.140,-7.002093,-34.832741
530961,3,-0.44,0.19,9.931,-1.034,-1.111,-7.002093,-34.832741
531011,3,-0.43,0.00,9.931,-1.010,-1.125,-7.002093,-34.832741
531062,3,-0.46,-0.56,9.917,-1.020,-1.111,-7.002093,-34.832741
531112,3,-0.46,0.00,9.917,-1.034,-1.101,-7.002093,-34.832741
531162,3,-0.46,0.00,9.902,-1.010,-1.116,-7.002093,-34.832741
531213,3,-0.46,0.00,9.922,-1.006,-1.130,-7.002093,-34.832741
531263,3,-0.46,0.00,9.946,-1.006,-1.144,-7.002093,-34.832741
531314,3,-0.44,0.00,9.922,-1.034,-1.101,-7.002093,-34.832741
531364,3,-0.44,-0.52,9.926,-1.006,-1.125,-7.002093,-34.832741
531415,3,-0.46,-0.54,9.898,-1.034,-1.111,-7.002093,-34.832741
531465,3,-0.46,0.00,9.917,-1.015,-1.101,-7.002093,-34.832741
531515,3,-0.46,0.00,9.931,-1.020,-1.097,-7.002093,-34.832741
531567,3,-0.44,0.00,9.931,-1.020,-1.111,-7.002093,-34.832741
531618,3,-0.43,0.48,9.931,-0.977,-1.092,-7.002093,-34.832741
531670,3,-0.43,0.00,9.922,-0.991,-1.120,-7.002093,-34.832741
531721,3,-0.43,-0.52,9.922,-1.006,-1.111,-7.002093,-34.832741
531773,3,-0.47,-1.34,9.926,-1.030,-1.130,-7.002093,-34.832741
531822,3,-0.47,0.00,9.936,-1.020,-1.116,-7.002093,-34.832741
531874,3,-0.48,-0.52,9.931,-1.025,-1.101,-7.002093,-34.832741
531925,3,-0.49,0.00,9.912,-1.030,-1.092,-7.002093,-34.832741
531978,3,-0.49,0.00,9.950,-1.030,-1.106,-7.002093,-34.832741
532028,3,-0.48,0.52,9.926,-1.010,-1.101,-7.002093,-34.832741
532078,3,-0.48,0.00,9.936,-1.001,-1.097,-7.002093,-34.832741
532129,3,-0.48,0.00,9.922,-1.015,-1.106,-7.002093,-34.832741
532179,3,-0.49,-0.52,9.936,-1.034,-1.125,-7.002093,-34.832741
532230,3,-0.49,0.00,9.936,-1.030,-1.097,-7.002093,-34.832741
532280,3,-0.51,-0.56,9.941,-1.006,-1.120,-7.002093,-34.832741
532330,3,-0.51,0.00,9.922,-1.010,-1.092,-7.002093,-34.832741
532381,3,-0.51,0.00,9.926,-1.006,-1.101,-7.002093,-34.832741
532431,3,-0.52,0.00,9.926,-1.006,-1.106,-7.002093,-34.832741
532483,3,-0.57,-1.86,9.922,-1.025,-1.120,-7.002093,-34.832741
532535,3,-0.57,0.00,9.926,-1.030,-1.106,-7.002093,-34.832741
532587,3,-0.57,0.00,9.941,-1.030,-1.111,-7.002093,-34.832741
532638,3,-0.59,0.00,9.946,-1.034,-1.120,-7.002093,-34.832741
532690,3,-0.57,0.00,9.931,-1.001,-1.111,-7.002093,-34.832741
532742,3,-0.57,0.00,9.936,-1.015,-1.116,-7.002093,-34.832741
532792,3,-0.59,-0.52,9.926,-1.001,-1.097,-7.002093,-34.832741
532843,3,-0.61,0.00,9.926,-0.996,-1.092,-7.002093,-34.832741
532895,3,-0.62,0.00,9.955,-1.015,-1.101,-7.002093,-34.832741
532944,3,-0.62,0.00,9.931,-1.039,-1.135,-7.002093,-34.832741
533024,3,-0.67,-0.53,9.917,-1.020,-1.125,-7.002093,-34.832741
533075,3,-0.63,1.45,9.917,-1.006,-1.101,-7.002093,-34.832741
533125,3,-0.65,0.00,9.917,-1.015,-1.097,-7.002093,-34.832741
533176,3,-0.68,-1.05,9.926,-1.015,-1.111,-7.002093,-34.832741
533226,3,-0.71,-1.45,9.931,-1.020,-1.120,-7.002093,-34.832741
533277,3,-0.71,0.00,9.931,-1.015,-1.106,-7.002093,-34.832741
533327,3,-0.71,0.00,9.936,-1.030,-1.097,-7.002093,-34.832741
533377,3,-0.71,0.00,9.926,-1.015,-1.140,-7.002093,-34.832741
533428,3,-0.71,0.00,9.922,-1.010,-1.097,-7.002093,-34.832741
533477,3,-0.73,0.00,9.917,-1.006,-1.120,-7.002093,-34.832741
533528,3,-0.73,0.00,9.926,-1.025,-1.106,-7.002093,-34.832741
533579,3,-0.74,0.00,9.936,-1.015,-1.111,-7.002093,-34.832741
533631,3,-0.74,0.00,9.936,-1.001,-1.125,-7.002093,-34.832741
533683,3,-0.75,0.00,9.931,-1.006,-1.111,-7.002093,-34.832741
533734,3,-0.75,0.00,9.946,-1.020,-1.116,-7.002093,-34.832741
533786,3,-0.78,-0.48,9.926,-1.025,-1.120,-7.002093,-34.832741
533837,3,-0.78,0.00,9.946,-1.010,-1.120,-7.002093,-34.832741
533889,3,-0.77,0.00,9.907,-1.010,-1.092,-7.002093,-34.832741
533941,3,-0.78,-0.48,9.931,-1.030,-1.087,-7.002093,-34.832741
533991,3,-0.77,0.52,9.941,-1.015,-1.130,-7.002093,-34.832741
534041,3,-0.77,0.00,9.936,-1.010,-1.097,-7.002093,-34.832741
534091,3,-0.77,0.00,9.946,-1.034,-1.106,-7.002093,-34.832741
534142,3,-0.77,0.00,9.912,-1.025,-1.092,-7.002093,-34.832741
534192,3,-0.77,0.00,9.922,-1.025,-1.097,-7.002093,-34.832741
534243,3,-0.74,0.88,9.922,-1.010,-1.125,-7.002093,-34.832741
534293,3,-0.73,0.52,9.912,-1.010,-1.120,-7.002093,-34.832741
534343,3,-0.73,0.00,9.941,-1.020,-1.092,-7.002093,-34.832741
534394,3,-0.72,0.00,9.931,-1.006,-1.135,-7.002093,-34.832741
534444,3,-0.73,-0.60,9.931,-1.006,-1.120,-7.002093,-34.832741
534496,3,-0.72,0.00,9.931,-1.015,-1.111,-7.002093,-34.832741
534548,3,-0.72,0.00,9.946,-1.010,-1.116,-7.002093,-34.832741
534599,3,-0.69,0.00,9.926,-1.020,-1.087,-7.002093,-34.832741
534651,3,-0.66,0.52,9.926,-1.025,-1.087,-7.002093,-34.832741
534702,3,-0.65,0.45,9.946,-1.025,-1.087,-7.002093,-34.832741
534754,3,-0.65,0.00,9.917,-1.015,-1.106,-7.002093,-34.832741
534806,3,-0.62,0.52,9.936,-1.015,-1.097,-7.002093,-34.832741
534856,3,-0.61,0.48,9.907,-1.006,-1.111,-7.002093,-34.832741
534908,3,-0.61,0.00,9.926,-1.015,-1.106,-7.002093,-34.832741
534959,3,-0.59,0.00,9.917,-1.001,-1.120,-7.002093,-34.832741
535010,3,-0.57,1.05,9.926,-1.015,-1.106,-7.002093,-34.832741
535069,3,-0.55,0.18,9.907,-1.020,-1.116,-7.002093,-34.832741
535119,3,-0.57,0.00,9.922,-1.030,-1.111,-7.002093,-34.832741
535169,3,-0.57,0.00,9.926,-1.015,-1.101,-7.002093,-34.832741
535220,3,-0.58,-0.52,9.936,-1.025,-1.130,-7.002093,-34.832741
535270,3,-0.54,0.00,9.922,-1.025,-1.116,-7.002093,-34.832741
535321,3,-0.56,-0.52,9.936,-1.020,-1.101,-7.002093,-34.832741
535371,3,-0.56,0.00,9.955,-1.020,-1.111,-7.002093,-34.832741
535421,3,-0.54,0.00,9.926,-1.020,-1.106,-7.002093,-34.832741
535474,3,-0.54,0.00,9.917,-1.025,-1.097,-7.002093,-34.832741
535525,3,-0.56,-0.48,9.931,-1.025,-1.125,-7.002093,-34.832741
535576,3,-0.56,0.00,9.926,-1.020,-1.125,-7.002093,-34.832741
535627,3,-0.56,0.00,9.922,-1.010,-1.111,-7.002093,-34.832741
535679,3,-0.57,-0.52,9.926,-1.001,-1.087,-7.002093,-34.832741
535731,3,-0.56,0.52,9.926,-1.010,-1.125,-7.002093,-34.832741
535782,3,-0.59,0.00,9.931,-1.010,-1.120,-7.002093,-34.832741
535834,3,-0.56,1.34,9.926,-1.010,-1.097,-7.002093,-34.832741
535885,3,-0.54,0.00,9.936,-1.006,-1.130,-7.002093,-34.832741
535937,3,-0.58,-1.34,9.926,-1.001,-1.116,-7.002093,-34.832741
535987,3,-0.58,0.00,9.917,-1.039,-1.097,-7.002093,-34.832741
536037,3,-0.57,0.00,9.936,-1.020,-1.116,-7.002093,-34.832741
536088,3,-0.58,0.00,9.931,-1.010,-1.116,-7.002093,-34.832741
536138,3,-0.54,1.45,9.946,-1.015,-1.116,-7.002093,-34.832741
536189,3,-0.56,0.00,9.922,-1.010,-1.125,-7.002093,-34.832741
536239,3,-0.56,0.00,9.922,-1.030,-1.125,-7.002093,-34.832741
536289,3,-0.61,-1.93,9.936,-1.020,-1.097,-7.002093,-34.832741
536340,3,-0.61,0.00,9.926,-1.030,-1.125,-7.002093,-34.832741
536390,3,-0.56,0.56,9.936,-1.030,-1.111,-7.002093,-34.832741
536441,3,-0.54,0.52,9.917,-1.010,-1.130,-7.002093,-34.832741
536492,3,-0.53,0.00,9.941,-1.006,-1.130,-7.002093,-34.832741
536544,3,-0.57,0.00,9.917,-1.010,-1.106,-7.002093,-34.832741
536596,3,-0.52,0.00,9.941,-1.010,-1.120,-7.002093,-34.832741
536647,3,-0.52,0.00,9.922,-1.020,-1.140,-7.002093,-34.832741
536699,3,-0.53,-0.48,9.912,-1.020,-1.106,-7.002093,-34.832741
536750,3,-0.54,-0.56,9.917,-1.030,-1.125,-7.002093,-34.832741
536801,3,-0.54,0.00,9.912,-1.010,-1.111,-7.002093,-34.832741
536852,3,-0.56,-0.48,9.922,-0.991,-1.120,-7.002093,-34.832741
536904,3,-0.57,-0.52,9.931,-0.996,-1.135,-7.002093,-34.832741
542187,3,-0.48,0.02,9.926,-1.030,-1.101,-7.002093,-34.832741
542237,3,-0.48,0.00,9.946,-1.025,-1.130,-7.002093,-34.832741
542288,3,-0.48,0.00,9.926,-1.015,-1.120,-7.002093,-34.832741
542349,3,-0.51,-0.46,9.917,-1.020,-1.120,-7.002093,-34.832741
542400,3,-0.51,0.00,9.926,-1.015,-1.106,-7.002093,-34.832741
542450,3,-0.49,1.49,9.922,-1.020,-1.106,-7.002093,-34.832741
542502,3,-0.50,-0.56,9.931,-1.030,-1.130,-7.002093,-34.832741
542554,3,-0.50,0.00,9.950,-1.006,-1.087,-7.002093,-34.832741
542604,3,-0.49,0.52,9.898,-1.015,-1.120,-7.002093,-34.832741
542656,3,-0.44,1.86,9.912,-1.015,-1.106,-7.002093,-34.832741
542707,3,-0.44,0.00,9.926,-1.006,-1.106,-7.002093,-34.832741
542759,3,-0.42,0.00,9.926,-1.025,-1.144,-7.002093,-34.832741
542810,3,-0.41,0.48,9.931,-1.030,-1.125,-7.002093,-34.832741
542862,3,-0.45,0.00,9.922,-1.015,-1.082,-7.002093,-34.832741
542914,3,-0.46,-1.38,9.917,-1.020,-1.116,-7.002093,-34.832741
542965,3,-0.46,0.00,9.946,-1.015,-1.101,-7.002093,-34.832741
543016,3,-0.42,0.00,9.926,-1.015,-1.097,-7.002093,-34.832741
543066,3,-0.42,0.00,9.898,-1.025,-1.087,-7.002092,-34.832741
543117,3,-0.42,0.00,9.907,-1.025,-1.135,-7.002092,-34.832741
543167,3,-0.41,0.00,9.946,-1.006,-1.135,-7.002092,-34.832741
543218,3,-0.41,0.00,9.912,-0.996,-1.111,-7.002092,-34.832741
543268,3,-0.41,0.00,9.912,-1.006,-1.111,-7.002092,-34.832741
543319,3,-0.41,0.00,9.931,-1.015,-1.125,-7.002092,-34.832741
543369,3,-0.40,0.00,9.931,-1.025,-1.106,-7.002092,-34.832741
543419,3,-0.38,0.00,9.941,-1.020,-1.116,-7.002092,-34.832741
543469,3,-0.38,0.00,9.936,-1.015,-1.135,-7.002092,-34.832741
543521,3,-0.38,0.00,9.931,-1.010,-1.140,-7.002092,-34.832741
543572,3,-0.38,0.00,9.946,-1.010,-1.101,-7.002092,-34.832741
543624,3,-0.40,0.00,9.931,-1.020,-1.106,-7.002092,-34.832741
543676,3,-0.41,-0.48,9.941,-1.010,-1.106,-7.002092,-34.832741
543727,3,-0.42,-0.48,9.941,-1.025,-1.101,-7.002092,-34.832741
543779,3,-0.42,0.00,9.917,-1.039,-1.120,-7.002092,-34.832741
543831,3,-0.44,0.00,9.917,-1.010,-1.106,-7.002092,-34.832741
543881,3,-0.47,-1.34,9.912,-1.006,-1.101,-7.002092,-34.832741
543932,3,-0.42,0.00,9.941,-1.010,-1.135,-7.002092,-34.832741
543985,3,-0.42,0.00,9.931,-0.986,-1.111,-7.002092,-34.832741
544035,3,-0.42,0.00,9.931,-1.034,-1.106,-7.002092,-34.832741
544086,3,-0.42,0.56,9.946,-1.058,-1.116,-7.002092,-34.832741
544136,3,-0.42,0.00,9.926,-1.020,-1.116,-7.002092,-34.832741
544186,3,-0.42,0.00,9.936,-1.020,-1.077,-7.002092,-34.832741
544237,3,-0.44,0.00,9.926,-1.020,-1.111,-7.002092,-34.832741
544287,3,-0.45,-0.56,9.936,-1.006,-1.101,-7.002092,-34.832741
544338,3,-0.49,0.00,9.931,-1.006,-1.130,-7.002092,-34.832741
544396,3,-0.45,0.45,9.931,-1.020,-1.125,-7.002092,-34.832741
544447,3,-0.46,0.00,9.922,-1.039,-1.125,-7.002092,-34.832741
544498,3,-0.46,0.00,9.917,-1.044,-1.149,-7.002092,-34.832741
544549,3,-0.46,0.00,9.922,-1.020,-1.097,-7.002092,-34.832741
544600,3,-0.45,0.00,9.912,-1.020,-1.082,-7.002092,-34.832741
544652,3,-0.46,0.00,9.922,-0.996,-1.101,-7.002092,-34.832741
544704,3,-0.46,0.00,9.936,-0.982,-1.106,-7.002092,-34.832741
544755,3,-0.46,0.00,9.931,-1.010,-1.101,-7.002092,-34.832741
544807,3,-0.44,0.52,9.926,-1.006,-1.130,-7.002092,-34.832741
544858,3,-0.42,0.00,9.941,-1.030,-1.116,-7.002092,-34.832741
544910,3,-0.41,0.48,9.960,-1.015,-1.125,-7.002092,-34.832741
544962,3,-0.41,0.00,9.907,-1.025,-1.101,-7.002092,-34.832741
545012,3,-0.42,-0.52,9.902,-1.006,-1.097,-7.002092,-34.832741
545063,3,-0.42,0.00,9.902,-0.996,-1.082,-7.002091,-34.832741
545113,3,-0.44,0.00,9.922,-1.006,-1.097,-7.002091,-34.832741
545164,3,-0.44,0.00,9.936,-1.006,-1.097,-7.002091,-34.832741
545214,3,-0.44,0.00,9.936,-1.034,-1.135,-7.002091,-34.832741
545264,3,-0.44,0.00,9.917,-1.049,-1.125,-7.002091,-34.832741
545315,3,-0.45,0.00,9.941,-1.025,-1.120,-7.002091,-34.832741
545365,3,-0.49,-1.45,9.926,-1.006,-1.116,-7.002091,-34.832741
545416,3,-0.49,0.00,9.926,-0.982,-1.120,-7.002091,-34.832741
545466,3,-0.44,0.56,9.931,-0.996,-1.111,-7.002091,-34.832741
545517,3,-0.42,0.56,9.902,-1.010,-1.077,-7.002091,-34.832741
545569,3,-0.43,0.00,9.931,-1.020,-1.097,-7.002091,-34.832741
545620,3,-0.42,0.48,9.926,-1.039,-1.154,-7.002091,-34.832741
545672,3,-0.43,0.00,9.936,-1.053,-1.144,-7.002091,-34.832741
545724,3,-0.45,0.00,9.941,-1.015,-1.101,-7.002091,-34.832741
545774,3,-0.45,0.00,9.931,-1.006,-1.116,-7.002091,-34.832741
545826,3,-0.46,0.00,9.941,-0.996,-1.106,-7.002091,-34.832741
545877,3,-0.47,-0.48,9.941,-0.991,-1.135,-7.002091,-34.832741
545929,3,-0.47,0.52,9.907,-1.010,-1.116,-7.002091,-34.832741
545979,3,-0.49,-0.56,9.931,-1.034,-1.116,-7.002091,-34.832741
546029,3,-0.47,0.00,9.936,-1.030,-1.111,-7.002092,-34.832741
546079,3,-0.49,0.00,9.917,-1.015,-1.111,-7.002092,-34.832741
546130,3,-0.49,0.00,9.950,-1.001,-1.116,-7.002092,-34.832741
546180,3,-0.47,0.00,9.941,-0.986,-1.106,-7.002092,-34.832741
546231,3,-0.46,0.52,9.917,-1.006,-1.106,-7.002092,-34.832741
546281,3,-0.41,2.01,9.926,-1.015,-1.116,-7.002092,-34.832741
546332,3,-0.41,0.00,9.946,-1.010,-1.120,-7.002092,-34.832741
546382,3,-0.42,-0.52,9.926,-1.020,-1.135,-7.002092,-34.832741
546441,3,-0.47,-0.68,9.941,-1.010,-1.130,-7.002092,-34.832741
546492,3,-0.44,1.45,9.917,-1.030,-1.111,-7.002092,-34.832741
546544,3,-0.44,0.00,9.936,-0.986,-1.111,-7.002092,-34.832741
546596,3,-0.44,0.00,9.960,-1.006,-1.120,-7.002092,-34.832741
546646,3,-0.44,0.00,9.936,-1.025,-1.120,-7.002092,-34.832741
546698,3,-0.45,0.00,9.917,-1.030,-1.111,-7.002092,-34.832741
546749,3,-0.45,0.00,9.917,-1.015,-1.097,-7.002092,-34.832741
546801,3,-0.44,0.52,9.926,-1.020,-1.077,-7.002092,-34.832741
546852,3,-0.45,-0.52,9.917,-1.020,-1.092,-7.002092,-34.832741
546904,3,-0.46,-0.48,9.917,-1.025,-1.106,-7.002092,-34.832741
546956,3,-0.48,-0.48,9.907,-1.044,-1.116,-7.002092,-34.832741
547006,3,-0.49,0.00,9.912,-1.001,-1.106,-7.002092,-34.832741
547056,3,-0.46,-0.52,9.931,-1.020,-1.116,-7.002092,-34.832741
547107,3,-0.47,-0.56,9.946,-1.001,-1.077,-7.002092,-34.832741
547157,3,-0.47,0.00,9.931,-1.006,-1.092,-7.002092,-34.832741
547208,3,-0.50,-0.54,9.950,-1.001,-1.097,-7.002092,-34.832741
547258,3,-0.46,1.37,9.917,-1.030,-1.092,-7.002092,-34.832741
547308,3,-0.50,0.00,9.960,-1.010,-1.097,-7.002092,-34.832741
547359,3,-0.48,-0.56,9.946,-1.030,-1.111,-7.002092,-34.832741
547409,3,-0.48,0.00,9.926,-1.010,-1.120,-7.002092,-34.832741
547459,3,-0.46,0.00,9.931,-1.015,-1.087,-7.002092,-34.832741
547511,3,-0.50,-1.27,9.936,-1.015,-1.125,-7.002092,-34.832741
547563,3,-0.48,0.52,9.922,-1.006,-1.106,-7.002092,-34.832741
547614,3,-0.50,-0.52,9.941,-1.010,-1.092,-7.002092,-34.832741
547666,3,-0.48,0.52,9.931,-1.020,-1.116,-7.002092,-34.832741
547717,3,-0.50,0.00,9.917,-1.025,-1.106,-7.002092,-34.832741
547769,3,-0.50,0.00,9.917,-1.030,-1.125,-7.002092,-34.832741
547821,3,-0.50,0.00,9.936,-1.025,-1.106,-7.002092,-34.832741
547871,3,-0.50,0.00,9.907,-1.010,-1.154,-7.002092,-34.832741
547923,3,-0.50,0.00,9.931,-1.025,-1.125,-7.002092,-34.832741
547972,3,-0.50,0.00,9.926,-1.034,-1.097,-7.002092,-34.832741
548023,3,-0.51,-0.56,9.936,-0.996,-1.111,-7.002092,-34.832741
548073,3,-0.51,0.00,9.926,-1.010,-1.111,-7.002092,-34.832741
548123,3,-0.51,0.00,9.931,-1.025,-1.111,-7.002092,-34.832741
548174,3,-0.51,0.00,9.931,-1.010,-1.097,-7.002092,-34.832741
548224,3,-0.52,0.00,9.941,-1.006,-1.097,-7.002092,-34.832741
548275,3,-0.54,0.00,9.941,-1.020,-1.130,-7.002092,-34.832741
548325,3,-0.55,-0.54,9.936,-1.015,-1.120,-7.002092,-34.832741
548375,3,-0.55,0.00,9.926,-1.015,-1.097,-7.002092,-34.832741
548426,3,-0.54,0.56,9.950,-1.025,-1.111,-7.002092,-34.832741
548482,3,-0.54,0.00,9.907,-0.996,-1.111,-7.002092,-34.832741
548534,3,-0.55,-0.56,9.931,-1.020,-1.125,-7.002092,-34.832741
548586,3,-0.55,0.00,9.922,-1.015,-1.116,-7.002092,-34.832741
548636,3,-0.55,0.00,9.922,-1.006,-1.111,-7.002092,-34.832741
548688,3,-0.57,0.00,9.931,-0.996,-1.092,-7.002092,-34.832741
548739,3,-0.57,0.00,9.950,-1.020,-1.101,-7.002092,-34.832741
548791,3,-0.58,0.00,9.931,-1.039,-1.154,-7.002092,-34.832741
548842,3,-0.59,-0.48,9.907,-1.030,-1.111,-7.002092,-34.832741
548894,3,-0.59,0.00,9.931,-0.991,-1.111,-7.002092,-34.832741
548946,3,-0.61,0.00,9.931,-0.991,-1.097,-7.002092,-34.832741
548996,3,-0.66,-1.97,9.931,-1.001,-1.097,-7.002092,-34.832741
549046,3,-0.66,0.00,9.922,-1.015,-1.111,-7.002092,-34.832741
549097,3,-0.66,0.00,9.946,-1.049,-1.077,-7.002092,-34.832741
549147,3,-0.67,-0.56,9.922,-1.044,-1.130,-7.002092,-34.832741
549197,3,-0.66,0.00,9.922,-1.030,-1.111,-7.002092,-34.832741
549248,3,-0.63,0.56,9.936,-0.986,-1.125,-7.002092,-34.832741
549298,3,-0.63,0.00,9.926,-0.991,-1.111,-7.002092,-34.832741
549349,3,-0.64,0.00,9.931,-1.001,-1.120,-7.002092,-34.832741
549399,3,-0.64,0.00,9.926,-1.039,-1.116,-7.002092,-34.832741
549449,3,-0.66,0.00,9.936,-1.039,-1.116,-7.002092,-34.832741
549501,3,-0.64,0.00,9.907,-1.020,-1.106,-7.002092,-34.832741
549553,3,-0.64,0.00,9.926,-0.982,-1.073,-7.002092,-34.832741
549604,3,-0.64,0.00,9.946,-0.977,-1.097,-7.002092,-34.832741
549656,3,-0.62,0.48,9.946,-1.025,-1.116,-7.002092,-34.832741
549708,3,-0.62,0.00,9.912,-1.058,-1.097,-7.002092,-34.832741
549759,3,-0.62,0.00,9.912,-1.044,-1.097,-7.002092,-34.832741
549811,3,-0.60,0.52,9.936,-1.034,-1.111,-7.002092,-34.832741
549861,3,-0.62,-0.52,9.922,-1.020,-1.144,-7.002092,-34.832741
549910,3,-0.60,0.56,9.922,-0.991,-1.120,-7.002092,-34.832741
549962,3,-0.60,0.00,9.946,-0.986,-1.092,-7.002092,-34.832741
550012,3,-0.60,0.00,9.936,-0.996,-1.120,-7.002092,-34.832741
550063,3,-0.59,0.00,9.922,-1.030,-1.130,-7.002092,-34.832737
550113,3,-0.57,0.00,9.912,-1.044,-1.111,-7.002092,-34.832737
550163,3,-0.57,0.00,9.922,-1.034,-1.097,-7.002092,-34.832737
550214,3,-0.56,0.00,9.922,-1.025,-1.092,-7.002092,-34.832737
550264,3,-0.57,0.00,9.931,-0.977,-1.101,-7.002092,-34.832737
550315,3,-0.59,-0.56,9.926,-0.991,-1.106,-7.002092,-34.832737
550365,3,-0.60,0.00,9.936,-1.020,-1.154,-7.002092,-34.832737
550416,3,-0.62,-0.56,9.917,-1.020,-1.092,-7.002092,-34.832737
550465,3,-0.62,0.00,9.931,-1.034,-1.106,-7.002092,-34.832737
550528,3,-0.65,-0.45,9.926,-1.020,-1.106,-7.002092,-34.832737
550580,3,-0.65,0.00,9.922,-1.006,-1.092,-7.002092,-34.832737
550630,3,-0.66,-0.48,9.922,-1.006,-1.101,-7.002092,-34.832737
550682,3,-0.68,0.00,9.936,-1.020,-1.097,-7.002092,-34.832737
550733,3,-0.68,0.00,9.917,-1.025,-1.106,-7.002092,-34.832737
550785,3,-0.68,0.00,9.912,-1.044,-1.097,-7.002092,-34.832737
550836,3,-0.66,0.00,9.941,-1.030,-1.097,-7.002092,-34.832737
550888,3,-0.68,0.00,9.936,-0.996,-1.101,-7.002092,-34.832737
550940,3,-0.69,-0.48,9.931,-1.006,-1.130,-7.002092,-34.832737
550990,3,-0.68,0.52,9.936,-1.010,-1.120,-7.002092,-34.832737
551040,3,-0.69,0.00,9.926,-1.020,-1.087,-7.002092,-34.832737
551091,3,-0.71,0.00,9.941,-1.030,-1.097,-7.002092,-34.832737
551141,3,-0.72,-0.56,9.941,-1.039,-1.130,-7.002092,-34.832737
551191,3,-0.71,0.00,9.946,-1.020,-1.116,-7.002092,-34.832737
551242,3,-0.71,0.56,9.941,-1.010,-1.092,-7.002092,-34.832737
551292,3,-0.71,0.00,9.931,-0.996,-1.092,-7.002092,-34.832737
551343,3,-0.72,0.00,9.926,-1.015,-1.125,-7.002092,-34.832737
551393,3,-0.72,0.00,9.926,-1.034,-1.097,-7.002092,-34.832737
551443,3,-0.72,0.00,9.922,-1.020,-1.116,-7.002092,-34.832737
551495,3,-0.72,0.00,9.931,-1.020,-1.111,-7.002092,-34.832737
551547,3,-0.72,0.00,9.931,-1.020,-1.097,-7.002092,-34.832737
551598,3,-0.76,0.00,9.931,-1.015,-1.130,-7.002092,-34.832737
551650,3,-0.72,0.00,9.931,-0.996,-1.077,-7.002092,-34.832737
551702,3,-0.72,0.00,9.946,-1.010,-1.087,-7.002092,-34.832737
551753,3,-0.72,0.00,9.931,-1.020,-1.106,-7.002092,-34.832737
551805,3,-0.76,-1.34,9.922,-1.001,-1.111,-7.002092,-34.832737
551856,3,-0.74,0.00,9.931,-1.034,-1.101,-7.002092,-34.832737
551907,3,-0.73,0.48,9.917,-1.020,-1.087,-7.002092,-34.832737
551958,3,-0.74,0.00,9.926,-1.030,-1.111,-7.002092,-34.832737
552009,3,-0.73,0.00,9.926,-1.020,-1.101,-7.002092,-34.832737
552059,3,-0.68,2.01,9.922,-1.020,-1.130,-7.002092,-34.832737
552110,3,-0.66,0.00,9.936,-1.039,-1.116,-7.002092,-34.832737
552160,3,-0.69,-0.93,9.936,-1.010,-1.097,-7.002092,-34.832737
552210,3,-0.67,0.56,9.912,-1.010,-1.120,-7.002092,-34.832737
552261,3,-0.69,0.00,9.946,-1.025,-1.097,-7.002092,-34.832737
552311,3,-0.69,0.00,9.926,-1.044,-1.149,-7.002092,-34.832737
552362,3,-0.70,0.00,9.931,-1.010,-1.092,-7.002092,-34.832737
552412,3,-0.70,0.00,9.931,-1.006,-1.116,-7.002092,-34.832737
552462,3,-0.70,0.00,9.922,-1.010,-1.111,-7.002092,-34.832737
552514,3,-0.65,1.45,9.931,-1.015,-1.116,-7.002092,-34.832737
552580,3,-0.65,0.00,9.936,-1.020,-1.111,-7.002092,-34.832737
552630,3,-0.65,0.00,9.922,-1.001,-1.097,-7.002092,-34.832737
552682,3,-0.66,-0.86,9.941,-1.015,-1.116,-7.002092,-34.832737
552733,3,-0.67,-0.48,9.936,-1.015,-1.097,-7.002092,-34.832737
552785,3,-0.67,0.00,9.936,-1.015,-1.106,-7.002092,-34.832737
552836,3,-0.67,0.00,9.941,-1.020,-1.101,-7.002092,-34.832737
552888,3,-0.66,0.00,9.936,-1.025,-1.106,-7.002092,-34.832737
552940,3,-0.63,1.01,9.907,-1.015,-1.092,-7.002092,-34.832737
552990,3,-0.63,0.00,9.936,-1.030,-1.082,-7.002092,-34.832737
553040,3,-0.63,0.00,9.931,-1.020,-1.101,-7.002091,-34.832737
553091,3,-0.61,0.93,9.936,-1.015,-1.106,-7.002091,-34.832737
553141,3,-0.65,-1.49,9.912,-1.025,-1.077,-7.002091,-34.832737
553191,3,-0.61,0.00,9.931,-1.010,-1.073,-7.002091,-34.832737
553242,3,-0.62,0.00,9.936,-1.015,-1.116,-7.002091,-34.832737
553292,3,-0.64,-0.52,9.926,-1.025,-1.135,-7.002091,-34.832737
553343,3,-0.64,0.00,9.931,-1.020,-1.111,-7.002091,-34.832737
553393,3,-0.65,-0.54,9.922,-1.015,-1.106,-7.002091,-34.832737
553443,3,-0.65,0.00,9.917,-1.020,-1.106,-7.002091,-34.832737
553495,3,-0.65,0.00,9.931,-0.996,-1.092,-7.002091,-34.832737
553547,3,-0.64,0.56,9.922,-1.010,-1.116,-7.002091,-34.832737
553598,3,-0.64,0.00,9.922,-1.020,-1.106,-7.002091,-34.832737
553650,3,-0.62,0.48,9.917,-1.030,-1.120,-7.002091,-34.832737
553702,3,-0.62,0.00,9.926,-1.010,-1.120,-7.002091,-34.832737
553753,3,-0.61,0.52,9.922,-1.025,-1.106,-7.002091,-34.832737
553805,3,-0.61,0.00,9.907,-1.015,-1.111,-7.002091,-34.832737
553856,3,-0.61,0.00,9.926,-1.010,-1.087,-7.002091,-34.832737
553907,3,-0.61,0.00,9.922,-1.001,-1.092,-7.002091,-34.832737
553958,3,-0.64,-0.48,9.931,-1.020,-1.144,-7.002091,-34.832737
554009,3,-0.64,0.00,9.917,-1.039,-1.097,-7.002091,-34.832737
554059,3,-0.62,0.00,9.922,-1.044,-1.111,-7.002091,-34.832737
554110,3,-0.61,0.00,9.941,-1.020,-1.120,-7.002091,-34.832737
554160,3,-0.60,0.52,9.936,-1.006,-1.101,-7.002091,-34.832737
554210,3,-0.60,0.00,9.941,-1.010,-1.116,-7.002091,-34.832737
554261,3,-0.60,0.52,9.936,-1.020,-1.077,-7.002091,-34.832737
554311,3,-0.60,0.00,9.936,-1.010,-1.111,-7.002091,-34.832737
554362,3,-0.61,0.00,9.931,-1.030,-1.111,-7.002091,-34.832737
554412,3,-0.65,-1.09,9.936,-1.044,-1.116,-7.002091,-34.832737
554462,3,-0.65,0.00,9.931,-1.030,-1.116,-7.002091,-34.832737
554514,3,-0.65,0.00,9.931,-1.010,-1.120,-7.002091,-34.832737
554565,3,-0.63,1.34,9.946,-1.015,-1.116,-7.002091,-34.832737
554622,3,-0.66,-0.35,9.936,-1.001,-1.106,-7.002091,-34.832737
554674,3,-0.66,0.00,9.917,-1.020,-1.101,-7.002091,-34.832737
554724,3,-0.66,0.00,9.941,-1.030,-1.120,-7.002091,-34.832737
554776,3,-0.66,0.00,9.926,-1.015,-1.140,-7.002091,-34.832737
554827,3,-0.66,0.00,9.926,-1.006,-1.135,-7.002091,-34.832737
554879,3,-0.67,-0.52,9.912,-0.986,-1.101,-7.002091,-34.832737
554930,3,-0.68,0.00,9.926,-1.010,-1.144,-7.002091,-34.832737
554980,3,-0.70,0.00,9.917,-1.015,-1.106,-7.002091,-34.832737
555031,3,-0.70,0.00,9.931,-1.025,-1.092,-7.002091,-34.832737
555081,3,-0.72,-0.52,9.922,-1.010,-1.144,-7.002091,-34.832737
555131,3,-0.74,-0.56,9.931,-1.015,-1.101,-7.002091,-34.832737
555182,3,-0.75,0.00,9.941,-1.015,-1.106,-7.002091,-34.832737
555232,3,-0.75,0.00,9.941,-1.001,-1.140,-7.002091,-34.832737
555283,3,-0.75,0.00,9.917,-1.006,-1.101,-7.002091,-34.832737
555333,3,-0.77,0.00,9.926,-1.015,-1.097,-7.002091,-34.832737
555383,3,-0.78,0.00,9.907,-1.010,-1.087,-7.002091,-34.832737
555434,3,-0.78,0.00,9.946,-1.025,-1.097,-7.002091,-34.832737
555483,3,-0.78,0.00,9.907,-1.034,-1.125,-7.002091,-34.832737
555535,3,-0.77,0.48,9.950,-1.025,-1.111,-7.002091,-34.832737
555586,3,-0.77,0.00,9.950,-1.006,-1.130,-7.002091,-34.832737
555638,3,-0.75,0.00,9.922,-1.025,-1.116,-7.002091,-34.832737
555690,3,-0.74,0.48,9.922,-1.044,-1.135,-7.002091,-34.832737
555741,3,-0.74,0.00,9.912,-1.020,-1.101,-7.002091,-34.832737
555793,3,-0.75,0.00,9.917,-0.996,-1.120,-7.002091,-34.832737
555844,3,-0.71,1.45,9.955,-1.025,-1.092,-7.002091,-34.832737
555895,3,-0.71,0.00,9.950,-1.025,-1.097,-7.002091,-34.832737
555946,3,-0.70,0.00,9.922,-1.015,-1.087,-7.002091,-34.832737
555997,3,-0.67,0.56,9.922,-1.034,-1.116,-7.002091,-34.832737
556047,3,-0.67,0.00,9.965,-1.015,-1.106,-7.002091,-34.832737
556097,3,-0.66,0.00,9.912,-1.001,-1.097,-7.002091,-34.832737
556148,3,-0.66,0.00,9.922,-1.001,-1.135,-7.002091,-34.832737
556198,3,-0.65,0.52,9.922,-1.010,-1.092,-7.002091,-34.832737
556249,3,-0.63,0.00,9.922,-1.015,-1.116,-7.002091,-34.832737
556299,3,-0.62,0.00,9.922,-1.020,-1.073,-7.002091,-34.832737
556350,3,-0.62,0.00,9.946,-1.025,-1.120,-7.002091,-34.832737
556400,3,-0.62,0.00,9.936,-1.010,-1.130,-7.002091,-34.832737
556450,3,-0.62,0.00,9.926,-1.015,-1.116,-7.002091,-34.832737
556502,3,-0.63,-0.52,9.936,-1.006,-1.120,-7.002091,-34.832737
556553,3,-0.63,-0.52,9.912,-1.010,-1.125,-7.002091,-34.832737
556605,3,-0.63,0.00,9.941,-1.020,-1.125,-7.002091,-34.832737
556662,3,-0.62,0.20,9.922,-1.010,-1.077,-7.002091,-34.832737
556713,3,-0.62,0.00,9.926,-1.006,-1.106,-7.002091,-34.832737
556764,3,-0.62,0.00,9.955,-1.001,-1.116,-7.002091,-34.832737
556815,3,-0.62,0.00,9.902,-1.015,-1.116,-7.002091,-34.832737
556867,3,-0.61,0.48,9.931,-1.006,-1.125,-7.002091,-34.832737
556919,3,-0.61,0.00,9.941,-1.025,-1.125,-7.002091,-34.832737
556971,3,-0.61,0.00,9.946,-1.030,-1.111,-7.002091,-34.832737
557021,3,-0.59,0.56,9.912,-1.020,-1.101,-7.002091,-34.832737
557071,3,-0.55,0.00,9.931,-1.015,-1.130,-7.002091,-34.832733
557122,3,-0.58,0.00,9.917,-1.010,-1.125,-7.002091,-34.832733
557172,3,-0.58,0.00,9.917,-1.001,-1.116,-7.002091,-34.832733
557223,3,-0.58,0.00,9.922,-1.020,-1.116,-7.002091,-34.832733
557273,3,-0.57,0.56,9.912,-1.001,-1.106,-7.002091,-34.832733
557323,3,-0.58,-0.54,9.941,-0.991,-1.097,-7.002091,-34.832733
557374,3,-0.57,0.00,9.946,-1.034,-1.111,-7.002091,-34.832733
557424,3,-0.57,0.56,9.917,-1.039,-1.120,-7.002091,-34.832733
557477,3,-0.55,0.56,9.936,-1.039,-1.087,-7.002091,-34.832733
557528,3,-0.55,0.00,9.936,-1.030,-1.111,-7.002091,-34.832733
557580,3,-0.57,0.00,9.917,-1.025,-1.140,-7.002091,-34.832733
557631,3,-0.57,0.00,9.936,-1.001,-1.101,-7.002091,-34.832733
557683,3,-0.57,0.00,9.936,-0.991,-1.135,-7.002091,-34.832733
557735,3,-0.57,0.00,9.931,-1.001,-1.106,-7.002091,-34.832733
557786,3,-0.57,0.00,9.922,-1.025,-1.116,-7.002091,-34.832733
557838,3,-0.60,0.00,9.917,-1.010,-1.097,-7.002091,-34.832733
557889,3,-0.57,0.00,9.926,-1.010,-1.106,-7.002091,-34.832733
557941,3,-0.55,0.56,9.917,-0.996,-1.116,-7.002091,-34.832733
557991,3,-0.57,-0.56,9.917,-1.034,-1.135,-7.002091,-34.832733
558041,3,-0.55,0.00,9.907,-1.020,-1.116,-7.002092,-34.832733
558092,3,-0.55,-0.56,9.922,-1.015,-1.116,-7.002092,-34.832733
558142,3,-0.55,0.00,9.941,-1.034,-1.092,-7.002092,-34.832733
558193,3,-0.55,0.00,9.922,-1.015,-1.111,-7.002092,-34.832733
558243,3,-0.55,0.00,9.912,-1.015,-1.125,-7.002092,-34.832733
558293,3,-0.55,0.00,9.931,-1.001,-1.106,-7.002092,-34.832733
558344,3,-0.54,0.00,9.955,-1.006,-1.111,-7.002092,-34.832733
558394,3,-0.54,0.00,9.926,-1.001,-1.092,-7.002092,-34.832733
558445,3,-0.54,0.00,9.917,-1.039,-1.116,-7.002092,-34.832733
558495,3,-0.55,-0.52,9.931,-1.034,-1.111,-7.002092,-34.832733
558547,3,-0.55,0.00,9.922,-0.996,-1.092,-7.002092,-34.832733
558598,3,-0.54,0.52,9.926,-0.958,-1.097,-7.002092,-34.832733
558650,3,-0.52,0.45,9.931,-0.977,-1.092,-7.002092,-34.832733
558707,3,-0.51,0.19,9.941,-1.030,-1.097,-7.002092,-34.832733
558757,3,-0.51,0.00,9.917,-1.068,-1.097,-7.002092,-34.832733
558809,3,-0.51,0.00,9.922,-1.053,-1.097,-7.002092,-34.832733
558860,3,-0.51,0.00,9.917,-1.015,-1.106,-7.002092,-34.832733
558912,3,-0.51,0.00,9.931,-0.982,-1.111,-7.002092,-34.832733
558961,3,-0.51,0.00,9.917,-0.972,-1.140,-7.002092,-34.832733
559012,3,-0.50,0.56,9.926,-1.006,-1.106,-7.002092,-34.832733
559062,3,-0.48,0.56,9.931,-1.020,-1.101,-7.002093,-34.832733
559112,3,-0.48,0.00,9.926,-1.044,-1.092,-7.002093,-34.832733
559163,3,-0.48,0.00,9.931,-1.049,-1.106,-7.002093,-34.832733
559213,3,-0.47,0.52,9.936,-0.986,-1.130,-7.002093,-34.832733
559264,3,-0.47,0.00,9.936,-0.991,-1.120,-7.002093,-34.832733
559314,3,-0.46,0.56,9.941,-1.006,-1.097,-7.002093,-34.832733
559364,3,-0.46,0.00,9.946,-1.006,-1.125,-7.002093,-34.832733
559415,3,-0.46,0.00,9.922,-1.044,-1.140,-7.002093,-34.832733
559465,3,-0.46,0.00,9.926,-1.039,-1.130,-7.002093,-34.832733
559516,3,-0.46,0.00,9.922,-1.015,-1.092,-7.002093,-34.832733
559568,3,-0.46,0.00,9.941,-0.996,-1.106,-7.002093,-34.832733
559620,3,-0.49,-1.38,9.917,-0.996,-1.097,-7.002093,-34.832733
559671,3,-0.47,0.00,9.936,-1.015,-1.097,-7.002093,-34.832733
559723,3,-0.49,0.00,9.926,-1.015,-1.159,-7.002093,-34.832733
559774,3,-0.48,0.56,9.931,-1.034,-1.092,-7.002093,-34.832733
559826,3,-0.48,0.00,9.936,-1.058,-1.101,-7.002093,-34.832733
559878,3,-0.48,0.00,9.946,-1.020,-1.092,-7.002093,-34.832733
559929,3,-0.48,0.00,9.922,-1.006,-1.097,-7.002093,-34.832733
559982,3,-0.46,0.00,9.931,-1.001,-1.082,-7.002093,-34.832733
560032,3,-0.46,0.00,9.931,-1.001,-1.087,-7.002093,-34.832737
560082,3,-0.45,0.00,9.941,-1.015,-1.140,-7.002093,-34.832737
560133,3,-0.49,0.00,9.917,-1.034,-1.101,-7.002093,-34.832737
560183,3,-0.49,0.00,9.936,-1.020,-1.092,-7.002093,-34.832737
560234,3,-0.46,0.52,9.936,-1.025,-1.125,-7.002093,-34.832737
560284,3,-0.43,1.13,9.941,-0.996,-1.092,-7.002093,-34.832737
560334,3,-0.41,0.00,9.912,-1.001,-1.092,-7.002093,-34.832737
560385,3,-0.46,-0.52,9.926,-1.020,-1.106,-7.002093,-34.832737
560435,3,-0.46,0.00,9.941,-1.030,-1.092,-7.002093,-34.832737
560487,3,-0.47,0.00,9.936,-1.034,-1.111,-7.002093,-34.832737
560539,3,-0.48,0.00,9.917,-1.039,-1.101,-7.002093,-34.832737
560590,3,-0.50,-0.52,9.941,-1.001,-1.097,-7.002093,-34.832737
560641,3,-0.51,-0.52,9.917,-1.006,-1.092,-7.002093,-34.832737
560692,3,-0.52,-0.52,9.922,-0.996,-1.144,-7.002093,-34.832737
560749,3,-0.54,-0.16,9.936,-1.049,-1.101,-7.002093,-34.832737
560801,3,-0.57,-0.52,9.917,-1.030,-1.092,-7.002093,-34.832737
560852,3,-0.57,0.00,9.941,-1.020,-1.101,-7.002093,-34.832737
560903,3,-0.57,0.00,9.936,-1.006,-1.101,-7.002093,-34.832737
560954,3,-0.58,-0.52,9.946,-1.001,-1.101,-7.002093,-34.832737
561005,3,-0.62,0.00,9.936,-0.982,-1.125,-7.002093,-34.832737
561055,3,-0.60,0.00,9.931,-1.039,-1.116,-7.002094,-34.832737
561106,3,-0.60,0.00,9.922,-1.044,-1.092,-7.002094,-34.832737
561156,3,-0.63,0.00,9.907,-1.044,-1.116,-7.002094,-34.832737
561207,3,-0.63,0.56,9.922,-1.001,-1.073,-7.002094,-34.832737
561257,3,-0.63,0.00,9.936,-0.982,-1.101,-7.002094,-34.832737
561307,3,-0.64,-0.56,9.960,-0.967,-1.111,-7.002094,-34.832737
561358,3,-0.63,0.54,9.931,-0.991,-1.149,-7.002094,-34.832737
561408,3,-0.63,0.00,9.912,-0.996,-1.092,-7.002094,-34.832737
561458,3,-0.64,0.00,9.946,-1.034,-1.097,-7.002094,-34.832737
561510,3,-0.64,0.00,9.922,-1.087,-1.125,-7.002094,-34.832737
561562,3,-0.64,0.00,9.917,-1.020,-1.125,-7.002094,-34.832737
561613,3,-0.66,-0.48,9.960,-1.020,-1.087,-7.002094,-34.832737
561665,3,-0.64,0.48,9.974,-1.010,-1.120,-7.002094,-34.832737
561716,3,-0.63,0.52,9.907,-1.058,-1.097,-7.002094,-34.832737
561768,3,-0.64,-0.52,9.965,-1.082,-1.135,-7.002094,-34.832737
561820,3,-0.66,0.00,9.931,-1.020,-1.116,-7.002094,-34.832737
561871,3,-0.67,-0.56,9.936,-0.977,-1.092,-7.002094,-34.832737
561923,3,-0.67,0.00,9.950,-0.958,-1.073,-7.002094,-34.832737
561972,3,-0.66,0.00,9.941,-0.962,-1.097,-7.002094,-34.832737
562023,3,-0.62,1.45,9.902,-0.982,-1.101,-7.002094,-34.832737
562073,3,-0.63,0.00,9.936,-1.068,-1.116,-7.002094,-34.832737
562124,3,-0.63,0.00,9.979,-1.053,-1.125,-7.002094,-34.832737
562174,3,-0.63,0.00,9.941,-1.101,-1.130,-7.002094,-34.832737
562224,3,-0.62,0.00,9.950,-1.058,-1.140,-7.002094,-34.832737
562275,3,-0.62,0.00,9.946,-1.006,-1.101,-7.002094,-34.832737
562325,3,-0.62,0.00,9.936,-0.967,-1.082,-7.002094,-34.832737
562376,3,-0.61,0.00,9.969,-0.972,-1.087,-7.002094,-34.832737
562426,3,-0.63,-1.45,9.926,-1.030,-1.130,-7.002094,-34.832737
562476,3,-0.64,-0.52,9.931,-1.068,-1.125,-7.002094,-34.832737
562526,3,-0.63,0.52,9.922,-1.082,-1.106,-7.002094,-34.832737
562578,3,-0.63,0.00,9.955,-1.025,-1.092,-7.002094,-34.832737
562629,3,-0.63,0.00,9.931,-1.010,-1.140,-7.002094,-34.832737
562681,3,-0.63,0.00,9.926,-0.977,-1.116,-7.002094,-34.832737
562732,3,-0.63,0.00,9.893,-1.001,-1.135,-7.002094,-34.832737
562788,3,-0.63,0.00,9.941,-1.015,-1.144,-7.002094,-34.832737
562840,3,-0.60,0.52,9.931,-1.068,-1.101,-7.002094,-34.832737
562891,3,-0.60,0.00,9.917,-1.053,-1.120,-7.002094,-34.832737
562942,3,-0.60,0.00,9.931,-1.001,-1.111,-7.002094,-34.832737
562992,3,-0.60,0.00,9.955,-1.020,-1.135,-7.002094,-34.832737
563042,3,-0.59,0.52,9.936,-0.967,-1.101,-7.002094,-34.832737
563093,3,-0.57,0.54,9.902,-0.977,-1.106,-7.002094,-34.832737
563143,3,-0.57,0.00,9.917,-1.025,-1.116,-7.002094,-34.832737
563194,3,-0.56,0.56,9.931,-1.053,-1.111,-7.002094,-34.832737
563244,3,-0.56,0.00,9.941,-1.073,-1.111,-7.002094,-34.832737
563294,3,-0.56,0.00,9.941,-1.049,-1.125,-7.002094,-34.832737
563345,3,-0.57,-0.56,9.931,-0.996,-1.106,-7.002094,-34.832737
563395,3,-0.57,0.00,9.922,-0.977,-1.097,-7.002094,-34.832737
563446,3,-0.57,0.00,9.936,-0.972,-1.092,-7.002094,-34.832737
563497,3,-0.55,0.52,9.936,-1.020,-1.120,-7.002094,-34.832737
563549,3,-0.55,0.00,9.907,-1.020,-1.097,-7.002094,-34.832737
563601,3,-0.55,0.00,9.926,-1.058,-1.111,-7.002094,-34.832737
563652,3,-0.57,-0.52,9.946,-1.049,-1.140,-7.002094,-34.832737
563704,3,-0.57,0.00,9.955,-1.030,-1.125,-7.002094,-34.832737
563755,3,-0.60,-0.48,9.955,-0.977,-1.106,-7.002094,-34.832737
563807,3,-0.60,0.00,9.917,-0.967,-1.082,-7.002094,-34.832737
563859,3,-0.63,-0.48,9.931,-1.006,-1.058,-7.002094,-34.832737
563910,3,-0.66,-1.34,9.936,-1.044,-1.111,-7.002094,-34.832737
563962,3,-0.66,0.00,9.931,-1.058,-1.135,-7.002094,-34.832737
564012,3,-0.63,0.00,9.941,-1.058,-1.149,-7.002094,-34.832737
564063,3,-0.62,0.50,9.922,-1.049,-1.140,-7.002094,-34.832737
564113,3,-0.65,0.00,9.936,-0.996,-1.120,-7.002094,-34.832737
564164,3,-0.65,0.00,9.946,-0.972,-1.125,-7.002094,-34.832737
564214,3,-0.64,0.56,9.946,-0.996,-1.106,-7.002094,-34.832737
564264,3,-0.64,0.00,9.907,-1.006,-1.111,-7.002094,-34.832737
564315,3,-0.65,-0.54,9.931,-1.034,-1.149,-7.002094,-34.832737
564365,3,-0.65,0.00,9.931,-1.058,-1.125,-7.002094,-34.832737
564416,3,-0.65,0.00,9.936,-1.049,-1.130,-7.002094,-34.832737
564466,3,-0.68,-0.56,9.922,-0.996,-1.101,-7.002094,-34.832737
564517,3,-0.69,-0.48,9.907,-0.986,-1.101,-7.002094,-34.832737
564569,3,-0.69,0.00,9.941,-1.006,-1.092,-7.002094,-34.832737
564620,3,-0.69,0.00,9.936,-1.044,-1.097,-7.002094,-34.832737
564671,3,-0.68,0.48,9.931,-1.030,-1.116,-7.002094,-34.832737
564722,3,-0.66,0.52,9.941,-1.034,-1.101,-7.002094,-34.832737
564774,3,-0.60,1.86,9.936,-1.010,-1.116,-7.002094,-34.832737
564831,3,-0.64,-0.48,9.936,-1.020,-1.092,-7.002094,-34.832737
564883,3,-0.59,1.82,9.912,-1.006,-1.111,-7.002094,-34.832737
564933,3,-0.62,-1.34,9.912,-1.015,-1.116,-7.002094,-34.832737
564983,3,-0.64,-0.52,9.926,-1.015,-1.125,-7.002094,-34.832737
565033,3,-0.64,0.00,9.912,-1.020,-1.106,-7.002095,-34.832737
565084,3,-0.64,0.00,9.950,-1.039,-1.111,-7.002095,-34.832737
565134,3,-0.59,1.97,9.931,-1.010,-1.116,-7.002095,-34.832737
565185,3,-0.57,0.00,9.926,-1.010,-1.101,-7.002095,-34.832737
565235,3,-0.57,-0.56,9.941,-1.001,-1.092,-7.002095,-34.832737
565285,3,-0.57,0.00,9.922,-1.015,-1.106,-7.002095,-34.832737
565336,3,-0.61,0.00,9.941,-1.030,-1.125,-7.002095,-34.832737
565386,3,-0.58,-0.93,9.931,-1.034,-1.111,-7.002095,-34.832737
565437,3,-0.57,0.50,9.936,-1.006,-1.101,-7.002095,-34.832737
565488,3,-0.57,0.00,9.917,-1.001,-1.097,-7.002095,-34.832737
565540,3,-0.54,0.00,9.912,-1.001,-1.101,-7.002095,-34.832737
565592,3,-0.54,0.00,9.922,-0.996,-1.068,-7.002095,-34.832737
565643,3,-0.54,0.00,9.922,-1.025,-1.101,-7.002095,-34.832737
565695,3,-0.54,0.00,9.936,-1.025,-1.106,-7.002095,-34.832737
565746,3,-0.54,0.00,9.955,-1.020,-1.116,-7.002095,-34.832737
565798,3,-0.54,0.00,9.926,-1.025,-1.116,-7.002095,-34.832737
565850,3,-0.54,0.00,9.926,-1.025,-1.097,-7.002095,-34.832737
565901,3,-0.56,-0.45,9.926,-1.015,-1.097,-7.002095,-34.832737
565953,3,-0.57,-0.56,9.926,-1.015,-1.101,-7.002095,-34.832737
566003,3,-0.57,-0.60,9.936,-1.039,-1.101,-7.002095,-34.832737
566054,3,-0.57,0.00,9.946,-1.020,-1.120,-7.002095,-34.832737
566104,3,-0.57,0.00,9.936,-1.006,-1.130,-7.002095,-34.832737
566154,3,-0.57,0.00,9.917,-1.006,-1.111,-7.002095,-34.832737
566205,3,-0.56,0.60,9.926,-1.010,-1.111,-7.002095,-34.832737
566255,3,-0.56,0.00,9.917,-1.001,-1.125,-7.002095,-34.832737
566306,3,-0.54,0.00,9.912,-1.010,-1.111,-7.002095,-34.832737
566356,3,-0.51,1.49,9.922,-1.025,-1.097,-7.002095,-34.832737
566407,3,-0.49,0.00,9.926,-1.015,-1.120,-7.002095,-34.832737
566457,3,-0.49,0.00,9.917,-1.020,-1.106,-7.002095,-34.832737
566508,3,-0.48,0.56,9.931,-1.034,-1.097,-7.002095,-34.832737
566560,3,-0.46,0.00,9.922,-1.039,-1.077,-7.002095,-34.832737
566612,3,-0.48,0.00,9.931,-1.030,-1.120,-7.002095,-34.832737
566662,3,-0.49,-0.56,9.917,-1.006,-1.092,-7.002095,-34.832737
566713,3,-0.49,0.00,9.941,-1.001,-1.101,-7.002095,-34.832737
566765,3,-0.49,0.00,9.917,-1.006,-1.097,-7.002095,-34.832737
566817,3,-0.49,0.00,9.946,-1.015,-1.111,-7.002095,-34.832737
566876,3,-0.48,0.20,9.912,-1.030,-1.130,-7.002095,-34.832737
566928,3,-0.48,0.00,9.931,-1.039,-1.116,-7.002095,-34.832737
566978,3,-0.49,-0.60,9.936,-1.034,-1.116,-7.002095,-34.832737
567028,3,-0.49,0.00,9.926,-1.020,-1.135,-7.002096,-34.832737
567078,3,-0.51,0.00,9.931,-1.006,-1.101,-7.002096,-34.832737
567129,3,-0.52,0.00,9.912,-1.010,-1.106,-7.002096,-34.832737
567179,3,-0.51,0.56,9.926,-1.010,-1.087,-7.002096,-34.832737
567230,3,-0.52,0.00,9.946,-0.996,-1.111,-7.002096,-34.832737
567280,3,-0.52,0.00,9.922,-1.015,-1.116,-7.002096,-34.832737
567330,3,-0.52,0.00,9.950,-1.015,-1.130,-7.002096,-34.832737
567381,3,-0.53,0.00,9.936,-1.034,-1.106,-7.002096,-34.832737
567431,3,-0.55,0.00,9.931,-1.010,-1.106,-7.002096,-34.832737
567483,3,-0.55,0.00,9.946,-1.015,-1.116,-7.002096,-34.832737
567535,3,-0.53,0.00,9.936,-1.001,-1.111,-7.002096,-34.832737
567586,3,-0.53,0.00,9.946,-1.001,-1.087,-7.002096,-34.832737
567637,3,-0.53,0.00,9.922,-1.025,-1.101,-7.002096,-34.832737
567688,3,-0.53,0.00,9.941,-1.015,-1.101,-7.002096,-34.832737
567740,3,-0.53,0.00,9.926,-1.034,-1.120,-7.002096,-34.832737
567792,3,-0.55,0.00,9.926,-0.996,-1.101,-7.002096,-34.832737
567843,3,-0.55,0.00,9.922,-1.020,-1.101,-7.002096,-34.832737
567895,3,-0.55,0.00,9.907,-1.001,-1.140,-7.002096,-34.832737
567946,3,-0.56,0.00,9.893,-0.991,-1.087,-7.002096,-34.832737
567997,3,-0.57,0.00,9.936,-1.020,-1.120,-7.002096,-34.832737
568047,3,-0.57,0.00,9.936,-1.020,-1.111,-7.002097,-34.832737
568097,3,-0.59,-0.56,9.893,-1.006,-1.111,-7.002097,-34.832737
568148,3,-0.60,0.00,9.936,-1.010,-1.087,-7.002097,-34.832737
568198,3,-0.60,0.00,9.912,-1.025,-1.106,-7.002097,-34.832737
568249,3,-0.57,1.45,9.917,-1.010,-1.116,-7.002097,-34.832737
568299,3,-0.60,0.00,9.922,-1.025,-1.101,-7.002097,-34.832737
568349,3,-0.59,0.00,9.922,-1.006,-1.120,-7.002097,-34.832737
568400,3,-0.55,1.49,9.912,-1.025,-1.101,-7.002097,-34.832737
568450,3,-0.55,0.00,9.917,-1.006,-1.101,-7.002097,-34.832737
568502,3,-0.55,-0.56,9.936,-1.001,-1.082,-7.002097,-34.832737
568553,3,-0.55,0.00,9.931,-1.001,-1.106,-7.002097,-34.832737
568605,3,-0.55,0.00,9.936,-1.015,-1.120,-7.002097,-34.832737
568657,3,-0.55,0.00,9.926,-0.986,-1.116,-7.002097,-34.832737
568708,3,-0.55,0.00,9.965,-1.025,-1.130,-7.002097,-34.832737
568760,3,-0.57,-0.52,9.902,-1.010,-1.125,-7.002097,-34.832737
568811,3,-0.57,0.00,9.907,-1.020,-1.097,-7.002097,-34.832737
568862,3,-0.55,0.52,9.936,-1.025,-1.106,-7.002097,-34.832737
568918,3,-0.58,-0.36,9.941,-1.010,-1.092,-7.002097,-34.832737
568971,3,-0.61,0.00,9.912,-0.996,-1.082,-7.002097,-34.832737
569021,3,-0.59,0.56,9.907,-1.006,-1.087,-7.002097,-34.832737
569071,3,-0.61,-0.56,9.922,-1.025,-1.106,-7.002097,-34.832737
569122,3,-0.59,0.00,9.931,-1.020,-1.101,-7.002097,-34.832737
569172,3,-0.59,0.00,9.917,-1.010,-1.116,-7.002097,-34.832737
569223,3,-0.59,0.00,9.907,-0.982,-1.101,-7.002097,-34.832737
569273,3,-0.63,0.00,9.922,-1.015,-1.130,-7.002097,-34.832737
569323,3,-0.59,1.45,9.931,-1.001,-1.111,-7.002097,-34.832737
569374,3,-0.63,-1.45,9.926,-1.020,-1.092,-7.002097,-34.832737
569424,3,-0.62,0.00,9.950,-1.030,-1.120,-7.002097,-34.832737
569476,3,-0.62,0.00,9.936,-1.034,-1.130,-7.002097,-34.832737
569528,3,-0.62,0.00,9.922,-1.034,-1.111,-7.002097,-34.832737
569580,3,-0.63,0.00,9.960,-1.020,-1.149,-7.002097,-34.832737
569630,3,-0.63,0.00,9.950,-1.015,-1.116,-7.002097,-34.832737
569682,3,-0.63,0.56,9.931,-0.996,-1.097,-7.002097,-34.832737
569733,3,-0.64,-0.52,9.931,-1.030,-1.101,-7.002097,-34.832737
569785,3,-0.63,0.00,9.912,-1.006,-1.106,-7.002097,-34.832737
569836,3,-0.63,0.00,9.931,-1.034,-1.111,-7.002097,-34.832737
569888,3,-0.62,0.00,9.955,-0.996,-1.097,-7.002097,-34.832737
569940,3,-0.60,0.52,9.955,-1.034,-1.125,-7.002097,-34.832737
569990,3,-0.60,0.00,9.941,-1.025,-1.097,-7.002097,-34.832737
570040,3,-0.59,0.00,9.912,-1.020,-1.092,-7.002098,-34.832733
570090,3,-0.60,0.52,9.926,-0.991,-1.082,-7.002098,-34.832733
570141,3,-0.58,0.56,9.965,-1.025,-1.154,-7.002098,-34.832733
570191,3,-0.57,0.00,9.936,-1.020,-1.140,-7.002098,-34.832733
570242,3,-0.54,0.48,9.917,-1.015,-1.101,-7.002098,-34.832733
570292,3,-0.54,0.00,9.941,-1.006,-1.101,-7.002098,-34.832733
570343,3,-0.53,0.00,9.941,-1.020,-1.116,-7.002098,-34.832733
570393,3,-0.51,0.00,9.917,-1.006,-1.111,-7.002098,-34.832733
570443,3,-0.50,0.52,9.912,-1.025,-1.125,-7.002098,-34.832733
570495,3,-0.49,0.52,9.912,-1.034,-1.130,-7.002098,-34.832733
570546,3,-0.49,0.00,9.912,-1.010,-1.106,-7.002098,-34.832733
570598,3,-0.47,0.00,9.941,-1.025,-1.135,-7.002098,-34.832733
570650,3,-0.47,0.00,9.912,-1.015,-1.101,-7.002098,-34.832733
570701,3,-0.45,0.00,9.936,-0.996,-1.135,-7.002098,-34.832733
570753,3,-0.47,-1.38,9.902,-1.010,-1.101,-7.002098,-34.832733
570804,3,-0.47,0.00,9.912,-1.010,-1.087,-7.002098,-34.832733
570855,3,-0.46,0.52,9.941,-1.030,-1.116,-7.002098,-34.832733
570906,3,-0.46,0.00,9.950,-1.030,-1.144,-7.002098,-34.832733
570963,3,-0.46,0.00,9.936,-0.996,-1.106,-7.002098,-34.832733
571014,3,-0.46,0.00,9.883,-1.015,-1.082,-7.002098,-34.832733
571064,3,-0.46,0.00,9.917,-1.025,-1.111,-7.002098,-34.832733
571115,3,-0.49,0.00,9.946,-1.025,-1.101,-7.002098,-34.832733
571165,3,-0.51,-0.52,9.883,-1.001,-1.106,-7.002098,-34.832733
571216,3,-0.51,0.00,9.883,-1.006,-1.101,-7.002098,-34.832733
571266,3,-0.51,0.00,9.946,-1.015,-1.111,-7.002098,-34.832733
571316,3,-0.51,0.00,9.907,-1.020,-1.140,-7.002098,-34.832733
571367,3,-0.51,0.00,9.941,-1.030,-1.111,-7.002098,-34.832733
571417,3,-0.49,0.00,9.912,-1.034,-1.106,-7.002098,-34.832733
571469,3,-0.49,-0.60,9.902,-1.020,-1.111,-7.002098,-34.832733
571521,3,-0.49,0.00,9.912,-1.015,-1.106,-7.002098,-34.832733
571573,3,-0.51,0.00,9.946,-1.020,-1.135,-7.002098,-34.832733
571623,3,-0.49,0.48,9.941,-1.020,-1.130,-7.002098,-34.832733
571675,3,-0.53,-1.30,9.926,-1.010,-1.092,-7.002098,-34.832733
571726,3,-0.53,0.00,9.902,-1.010,-1.125,-7.002098,-34.832733
571778,3,-0.53,0.00,9.946,-1.020,-1.101,-7.002098,-34.832733
571829,3,-0.54,-0.56,9.922,-1.034,-1.116,-7.002098,-34.832733
571881,3,-0.54,0.00,9.912,-1.034,-1.116,-7.002098,-34.832733
571933,3,-0.54,0.00,9.902,-1.025,-1.092,-7.002098,-34.832733
571982,3,-0.54,0.00,9.922,-1.034,-1.130,-7.002098,-34.832733
572033,3,-0.53,0.00,9.917,-1.020,-1.101,-7.002098,-34.832733
572083,3,-0.51,0.50,9.922,-1.001,-1.087,-7.002098,-34.832733
572133,3,-0.50,0.52,9.936,-1.020,-1.125,-7.002098,-34.832733
572184,3,-0.50,0.00,9.936,-1.015,-1.116,-7.002098,-34.832733
572234,3,-0.51,0.00,9.926,-1.020,-1.125,-7.002098,-34.832733
572285,3,-0.48,1.49,9.931,-1.006,-1.097,-7.002098,-34.832733
572335,3,-0.48,0.00,9.922,-1.015,-1.120,-7.002098,-34.832733
572385,3,-0.53,0.00,9.917,-1.034,-1.106,-7.002098,-34.832733
572436,3,-0.53,0.00,9.931,-1.025,-1.082,-7.002098,-34.832733
572485,3,-0.54,0.00,9.922,-1.025,-1.125,-7.002098,-34.832733
572537,3,-0.54,0.00,9.941,-1.020,-1.111,-7.002098,-34.832733
572588,3,-0.52,0.86,9.965,-1.015,-1.125,-7.002098,-34.832733
572640,3,-0.57,-1.82,9.936,-1.015,-1.116,-7.002098,-34.832733
572692,3,-0.56,0.52,9.907,-1.020,-1.111,-7.002098,-34.832733
572743,3,-0.57,0.00,9.936,-1.010,-1.106,-7.002098,-34.832733
572795,3,-0.56,0.52,9.917,-1.020,-1.101,-7.002098,-34.832733
572846,3,-0.57,-0.52,9.941,-1.010,-1.130,-7.002098,-34.832733
572897,3,-0.57,0.00,9.946,-1.006,-1.101,-7.002098,-34.832733
572948,3,-0.57,0.00,9.931,-1.010,-1.106,-7.002098,-34.832733
573007,3,-0.54,0.33,9.941,-1.001,-1.116,-7.002098,-34.832733
573057,3,-0.54,0.00,9.926,-1.015,-1.111,-7.002098,-34.832733
573108,3,-0.53,0.60,9.902,-1.020,-1.116,-7.002098,-34.832733
573158,3,-0.53,0.00,9.926,-1.006,-1.106,-7.002098,-34.832733
573208,3,-0.50,0.50,9.931,-1.010,-1.125,-7.002098,-34.832733
573259,3,-0.49,0.56,9.922,-1.030,-1.101,-7.002098,-34.832733
573309,3,-0.47,0.00,9.936,-1.025,-1.111,-7.002098,-34.832733
573360,3,-0.49,-0.56,9.946,-1.001,-1.106,-7.002098,-34.832733
573410,3,-0.49,0.00,9.922,-1.025,-1.101,-7.002098,-34.832733
573460,3,-0.49,0.00,9.922,-1.020,-1.111,-7.002098,-34.832733
573512,3,-0.50,0.00,9.936,-1.030,-1.120,-7.002098,-34.832733
573563,3,-0.50,0.00,9.931,-1.020,-1.097,-7.002098,-34.832733
573614,3,-0.51,-0.48,9.922,-1.020,-1.101,-7.002098,-34.832733
573665,3,-0.51,0.00,9.931,-1.010,-1.154,-7.002098,-34.832733
573717,3,-0.53,-0.52,9.931,-1.010,-1.097,-7.002098,-34.832733
573769,3,-0.53,0.00,9.922,-1.010,-1.092,-7.002098,-34.832733
573820,3,-0.54,0.00,9.941,-1.001,-1.125,-7.002098,-34.832733
573872,3,-0.56,-0.48,9.926,-1.006,-1.106,-7.002098,-34.832733
573923,3,-0.56,0.00,9.917,-1.001,-1.101,-7.002098,-34.832733
573976,3,-0.59,-1.27,9.917,-1.015,-1.082,-7.002098,-34.832733
574026,3,-0.58,0.00,9.907,-1.020,-1.097,-7.002098,-34.832733
574076,3,-0.56,0.00,9.922,-0.996,-1.120,-7.002098,-34.832733
574127,3,-0.56,0.00,9.931,-1.010,-1.092,-7.002098,-34.832733
574177,3,-0.56,0.00,9.917,-1.015,-1.097,-7.002098,-34.832733
574228,3,-0.59,-1.37,9.941,-1.010,-1.106,-7.002098,-34.832733
574278,3,-0.59,0.00,9.931,-1.020,-1.106,-7.002098,-34.832733
574328,3,-0.58,0.00,9.950,-1.030,-1.125,-7.002098,-34.832733
574379,3,-0.58,0.00,9.936,-1.015,-1.092,-7.002098,-34.832733
574429,3,-0.56,0.56,9.926,-1.010,-1.120,-7.002098,-34.832733
574481,3,-0.56,0.00,9.917,-1.030,-1.097,-7.002098,-34.832733
574533,3,-0.56,0.00,9.922,-0.996,-1.101,-7.002098,-34.832733
574585,3,-0.56,0.00,9.926,-1.006,-1.125,-7.002098,-34.832733
574636,3,-0.58,0.00,9.922,-1.015,-1.111,-7.002098,-34.832733
574688,3,-0.58,0.00,9.926,-1.015,-1.125,-7.002098,-34.832733
574739,3,-0.58,0.00,9.917,-1.025,-1.106,-7.002098,-34.832733
574791,3,-0.54,0.00,9.931,-1.025,-1.092,-7.002098,-34.832733
574843,3,-0.54,0.00,9.946,-1.015,-1.111,-7.002098,-34.832733
574893,3,-0.58,-1.23,9.936,-1.020,-1.135,-7.002098,-34.832733
574945,3,-0.58,0.00,9.917,-1.015,-1.087,-7.002098,-34.832733
574995,3,-0.54,0.48,9.931,-1.034,-1.111,-7.002098,-34.832733
575053,3,-0.54,0.00,9.936,-1.025,-1.106,-7.002099,-34.832733
575104,3,-0.54,0.00,9.941,-1.020,-1.087,-7.002099,-34.832733
575154,3,-0.54,0.00,9.912,-1.030,-1.101,-7.002099,-34.832733
575205,3,-0.54,0.00,9.926,-1.010,-1.120,-7.002099,-34.832733
575255,3,-0.54,0.00,9.917,-1.010,-1.120,-7.002099,-34.832733
575306,3,-0.54,0.00,9.902,-1.006,-1.077,-7.002099,-34.832733
575356,3,-0.49,0.00,9.902,-1.015,-1.116,-7.002099,-34.832733
575406,3,-0.48,0.60,9.898,-1.015,-1.087,-7.002099,-34.832733
575456,3,-0.48,0.00,9.936,-1.020,-1.106,-7.002099,-34.832733
575507,3,-0.48,0.00,9.922,-1.025,-1.092,-7.002099,-34.832733
575558,3,-0.51,0.00,9.941,-1.010,-1.125,-7.002099,-34.832733
575610,3,-0.49,1.01,9.946,-1.006,-1.106,-7.002099,-34.832733
575662,3,-0.47,0.00,9.936,-1.010,-1.116,-7.002099,-34.832733
575713,3,-0.45,0.52,9.936,-1.001,-1.111,-7.002099,-34.832733
575765,3,-0.43,0.00,9.912,-1.039,-1.097,-7.002099,-34.832733
575816,3,-0.38,0.48,9.946,-1.025,-1.125,-7.002099,-34.832733
575868,3,-0.38,0.00,9.936,-1.010,-1.092,-7.002099,-34.832733
575920,3,-0.37,0.00,9.917,-1.030,-1.087,-7.002099,-34.832733
575972,3,-0.36,0.52,9.926,-1.020,-1.101,-7.002099,-34.832733
576022,3,-0.39,0.00,9.946,-1.010,-1.101,-7.002099,-34.832733
576072,3,-0.34,1.93,9.931,-1.010,-1.097,-7.002099,-34.832733
576123,3,-0.34,0.00,9.907,-1.025,-1.125,-7.002099,-34.832733
576173,3,-0.33,0.00,9.936,-1.030,-1.116,-7.002099,-34.832733
576224,3,-0.36,-0.56,9.931,-1.010,-1.125,-7.002099,-34.832733
576274,3,-0.37,-0.52,9.941,-1.006,-1.120,-7.002099,-34.832733
576324,3,-0.42,0.00,9.926,-1.015,-1.111,-7.002099,-34.832733
576375,3,-0.41,-0.56,9.926,-1.001,-1.082,-7.002099,-34.832733
576425,3,-0.41,0.00,9.941,-1.030,-1.111,-7.002099,-34.832733
576477,3,-0.42,0.00,9.917,-1.015,-1.111,-7.002099,-34.832733
576529,3,-0.44,0.00,9.931,-0.986,-1.149,-7.002099,-34.832733
576578,3,-0.45,-0.52,9.936,-1.025,-1.106,-7.002099,-34.832733
576630,3,-0.49,-1.34,9.922,-1.030,-1.111,-7.002099,-34.832733
576680,3,-0.49,0.00,9.950,-1.025,-1.087,-7.002099,-34.832733
576732,3,-0.46,-0.52,9.931,-1.015,-1.116,-7.002099,-34.832733
576783,3,-0.46,0.00,9.931,-1.020,-1.135,-7.002099,-34.832733
576835,3,-0.48,0.00,9.922,-1.020,-1.120,-7.002099,-34.832733
576886,3,-0.49,-0.60,9.917,-1.006,-1.097,-7.002099,-34.832733
576938,3,-0.49,0.00,9.936,-1.030,-1.106,-7.002099,-34.832733
576988,3,-0.51,-0.52,9.931,-1.020,-1.092,-7.002099,-34.832733
577038,3,-0.52,-0.56,9.931,-1.020,-1.092,-7.002100,-34.832733
577096,3,-0.53,-0.20,9.936,-1.025,-1.101,-7.002100,-34.832733
577146,3,-0.53,0.00,9.936,-1.025,-1.106,-7.002100,-34.832733
577197,3,-0.55,0.00,9.917,-1.015,-1.111,-7.002100,-34.832733
577247,3,-0.55,0.00,9.936,-1.006,-1.120,-7.002100,-34.832733
577298,3,-0.55,0.00,9.922,-1.030,-1.111,-7.002100,-34.832733
577348,3,-0.56,-1.45,9.922,-0.996,-1.130,-7.002100,-34.832733
577399,3,-0.57,-0.56,9.912,-1.015,-1.106,-7.002100,-34.832733
577449,3,-0.59,0.00,9.917,-1.010,-1.135,-7.002100,-34.832733
577501,3,-0.57,0.00,9.936,-1.010,-1.120,-7.002100,-34.832733
577551,3,-0.57,0.00,9.926,-1.020,-1.097,-7.002100,-34.832733
577603,3,-0.59,-0.52,9.946,-1.001,-1.116,-7.002100,-34.832733
577654,3,-0.55,1.38,9.931,-1.020,-1.101,-7.002100,-34.832733
577706,3,-0.55,0.00,9.931,-1.020,-1.116,-7.002100,-34.832733
577757,3,-0.57,-0.52,9.922,-1.025,-1.101,-7.002100,-34.832733
577809,3,-0.57,0.00,9.946,-1.020,-1.087,-7.002100,-34.832733
577861,3,-0.57,0.00,9.922,-1.034,-1.116,-7.002100,-34.832733
577912,3,-0.57,0.00,9.902,-1.030,-1.106,-7.002100,-34.832733
577964,3,-0.62,-1.34,9.912,-1.025,-1.125,-7.002100,-34.832733
578014,3,-0.62,0.00,9.926,-1.010,-1.111,-7.002100,-34.832733
578065,3,-0.62,0.00,9.926,-1.025,-1.135,-7.002100,-34.832737
578115,3,-0.60,0.56,9.912,-1.006,-1.101,-7.002100,-34.832737
578166,3,-0.59,0.52,9.926,-1.044,-1.111,-7.002100,-34.832737
578216,3,-0.60,0.00,9.931,-1.006,-1.106,-7.002100,-34.832737
578267,3,-0.59,0.52,9.946,-1.015,-1.130,-7.002100,-34.832737
578317,3,-0.60,-0.52,9.926,-1.010,-1.082,-7.002100,-34.832737
578367,3,-0.60,0.00,9.946,-1.049,-1.120,-7.002100,-34.832737
578418,3,-0.60,0.00,9.926,-1.010,-1.087,-7.002100,-34.832737
578468,3,-0.59,0.50,9.931,-1.020,-1.106,-7.002100,-34.832737
578519,3,-0.60,0.00,9.922,-1.010,-1.106,-7.002100,-34.832737
578571,3,-0.59,0.00,9.898,-1.034,-1.125,-7.002100,-34.832737
578623,3,-0.59,0.00,9.941,-1.006,-1.097,-7.002100,-34.832737
578674,3,-0.59,0.00,9.917,-1.044,-1.125,-7.002100,-34.832737
578726,3,-0.59,0.00,9.931,-0.991,-1.120,-7.002100,-34.832737
578776,3,-0.64,-1.82,9.912,-1.030,-1.116,-7.002100,-34.832737
578825,3,-0.60,0.00,9.907,-1.015,-1.116,-7.002100,-34.832737
578877,3,-0.59,0.48,9.912,-1.025,-1.111,-7.002100,-34.832737
578928,3,-0.59,0.00,9.936,-1.001,-1.125,-7.002100,-34.832737
578981,3,-0.56,0.56,9.917,-1.006,-1.130,-7.002100,-34.832737
579031,3,-0.58,0.56,9.917,-1.006,-1.125,-7.002100,-34.832737
579081,3,-0.57,0.00,9.941,-1.006,-1.125,-7.002100,-34.832737
579168,3,-0.53,0.40,9.926,-1.010,-1.111,-7.002100,-34.832737
579219,3,-0.53,0.00,9.917,-1.010,-1.101,-7.002100,-34.832737
579269,3,-0.53,0.00,9.931,-1.010,-1.111,-7.002100,-34.832737
579320,3,-0.49,1.35,9.946,-1.006,-1.144,-7.002100,-34.832737
579370,3,-0.48,0.00,9.946,-1.020,-1.120,-7.002100,-34.832737
579420,3,-0.49,0.00,9.950,-1.006,-1.116,-7.002100,-34.832737
579473,3,-0.49,0.00,9.936,-1.015,-1.111,-7.002100,-34.832737
579524,3,-0.48,0.00,9.926,-1.020,-1.120,-7.002100,-34.832737
579575,3,-0.49,-0.56,9.946,-1.010,-1.140,-7.002100,-34.832737
579626,3,-0.48,0.00,9.941,-0.991,-1.106,-7.002100,-34.832737
579678,3,-0.48,0.00,9.936,-1.010,-1.116,-7.002100,-34.832737
579730,3,-0.48,0.00,9.941,-1.020,-1.092,-7.002100,-34.832737
579781,3,-0.49,-0.56,9.931,-1.020,-1.120,-7.002100,-34.832737
579833,3,-0.51,-0.48,9.960,-1.025,-1.097,-7.002100,-34.832737
579884,3,-0.52,0.00,9.941,-1.020,-1.120,-7.002100,-34.832737
579936,3,-0.52,0.00,9.926,-1.020,-1.120,-7.002100,-34.832737
579986,3,-0.51,0.00,9.936,-1.020,-1.125,-7.002100,-34.832737
580036,3,-0.52,0.00,9.922,-1.020,-1.097,-7.002100,-34.832737
580087,3,-0.51,0.56,9.960,-1.020,-1.125,-7.002100,-34.832737
580137,3,-0.51,0.00,9.931,-1.010,-1.125,-7.002100,-34.832737
580188,3,-0.52,-0.56,9.926,-1.006,-1.106,-7.002100,-34.832737
580238,3,-0.52,0.00,9.926,-1.006,-1.106,-7.002100,-34.832737
580289,3,-0.51,0.00,9.936,-1.010,-1.149,-7.002100,-34.832737
580339,3,-0.51,0.00,9.931,-1.025,-1.111,-7.002100,-34.832737
580389,3,-0.51,0.00,9.912,-1.001,-1.135,-7.002100,-34.832737
580440,3,-0.51,0.00,9.922,-1.006,-1.125,-7.002100,-34.832737
580491,3,-0.46,1.38,9.931,-1.006,-1.130,-7.002100,-34.832737
580543,3,-0.46,0.00,9.936,-1.015,-1.101,-7.002100,-34.832737
580592,3,-0.44,0.52,9.922,-1.034,-1.097,-7.002100,-34.832737
580644,3,-0.44,0.00,9.926,-1.006,-1.097,-7.002100,-34.832737
580694,3,-0.43,0.48,9.907,-1.006,-1.116,-7.002100,-34.832737
580746,3,-0.43,0.00,9.936,-1.015,-1.106,-7.002100,-34.832737
580797,3,-0.44,0.86,9.926,-1.015,-1.106,-7.002100,-34.832737
580849,3,-0.44,0.00,9.936,-1.006,-1.120,-7.002100,-34.832737
580900,3,-0.46,0.00,9.926,-1.006,-1.106,-7.002100,-34.832737
580952,3,-0.51,-1.34,9.926,-1.025,-1.111,-7.002100,-34.832737
581003,3,-0.51,0.00,9.950,-1.034,-1.087,-7.002100,-34.832737
581053,3,-0.49,-0.93,9.931,-1.015,-1.135,-7.002101,-34.832737
581103,3,-0.49,0.00,9.926,-1.030,-1.116,-7.002101,-34.832737
581154,3,-0.46,0.00,9.922,-1.030,-1.120,-7.002101,-34.832737
581212,3,-0.51,-0.71,9.936,-1.015,-1.101,-7.002101,-34.832737
581263,3,-0.48,0.00,9.931,-1.010,-1.106,-7.002101,-34.832737
581313,3,-0.55,-1.97,9.931,-0.996,-1.101,-7.002101,-34.832737
581364,3,-0.55,0.00,9.912,-1.015,-1.125,-7.002101,-34.832737
581414,3,-0.52,0.00,9.922,-1.025,-1.101,-7.002101,-34.832737
581466,3,-0.54,-0.52,9.941,-1.025,-1.116,-7.002101,-34.832737
581518,3,-0.57,-1.38,9.931,-1.020,-1.097,-7.002101,-34.832737
581570,3,-0.57,0.86,9.936,-1.049,-1.097,-7.002101,-34.832737
581620,3,-0.57,0.00,9.926,-1.034,-1.111,-7.002101,-34.832737
581672,3,-0.58,-0.56,9.931,-1.030,-1.101,-7.002101,-34.832737
581723,3,-0.59,-0.48,9.917,-1.030,-1.101,-7.002101,-34.832737
581775,3,-0.59,0.00,9.917,-1.001,-1.125,-7.002101,-34.832737
581826,3,-0.58,0.48,9.941,-1.034,-1.087,-7.002101,-34.832737
581878,3,-0.58,0.00,9.926,-1.010,-1.120,-7.002101,-34.832737
581930,3,-0.57,0.52,9.917,-1.010,-1.125,-7.002101,-34.832737
581979,3,-0.55,0.00,9.922,-1.010,-1.092,-7.002101,-34.832737
582030,3,-0.57,-0.56,9.936,-1.020,-1.125,-7.002101,-34.832737
582080,3,-0.53,1.49,9.936,-1.020,-1.135,-7.002101,-34.832737
582131,3,-0.53,0.00,9.912,-1.025,-1.101,-7.002101,-34.832737
582181,3,-0.53,0.00,9.926,-1.001,-1.140,-7.002101,-34.832737
582232,3,-0.53,0.00,9.950,-1.030,-1.120,-7.002101,-34.832737
582282,3,-0.53,0.00,9.917,-1.006,-1.106,-7.002101,-34.832737
582332,3,-0.53,0.00,9.941,-0.996,-1.106,-7.002101,-34.832737
582383,3,-0.53,0.00,9.941,-1.001,-1.130,-7.002101,-34.832737
582433,3,-0.53,0.00,9.926,-1.039,-1.125,-7.002101,-34.832737
582485,3,-0.51,0.00,9.936,-1.020,-1.116,-7.002101,-34.832737
582537,3,-0.51,0.00,9.917,-1.001,-1.111,-7.002101,-34.832737
582588,3,-0.51,0.00,9.926,-0.996,-1.144,-7.002101,-34.832737
582640,3,-0.51,0.00,9.902,-1.006,-1.087,-7.002101,-34.832737
582692,3,-0.51,0.00,9.922,-1.015,-1.101,-7.002101,-34.832737
582743,3,-0.51,0.00,9.936,-1.020,-1.106,-7.002101,-34.832737
582795,3,-0.51,0.00,9.936,-1.020,-1.106,-7.002101,-34.832737
582845,3,-0.51,0.00,9.902,-1.030,-1.106,-7.002101,-34.832737
582897,3,-0.51,0.00,9.936,-1.010,-1.130,-7.002101,-34.832737
582948,3,-0.51,0.00,9.912,-1.034,-1.135,-7.002101,-34.832737
582998,3,-0.51,0.00,9.941,-1.010,-1.135,-7.002101,-34.832737
583049,3,-0.51,0.00,9.926,-1.010,-1.101,-7.002101,-34.832737
583099,3,-0.51,0.00,9.926,-1.015,-1.106,-7.002101,-34.832737
583150,3,-0.51,0.00,9.917,-1.030,-1.120,-7.002101,-34.832737
583200,3,-0.51,0.00,9.931,-1.025,-1.097,-7.002101,-34.832737
583259,3,-0.53,-0.17,9.941,-1.010,-1.125,-7.002101,-34.832737
583309,3,-0.56,-0.48,9.926,-1.006,-1.116,-7.002101,-34.832737
583360,3,-0.56,0.00,9.926,-1.030,-1.106,-7.002101,-34.832737
583410,3,-0.56,0.00,9.936,-1.015,-1.130,-7.002101,-34.832737
583460,3,-0.59,-1.49,9.936,-1.015,-1.125,-7.002101,-34.832737
583512,3,-0.59,0.00,9.936,-1.025,-1.097,-7.002101,-34.832737
583562,3,-0.59,0.00,9.946,-1.030,-1.125,-7.002101,-34.832737
583614,3,-0.59,0.00,9.922,-1.015,-1.082,-7.002101,-34.832737
583665,3,-0.58,0.48,9.912,-1.030,-1.120,-7.002101,-34.832737
583717,3,-0.59,-0.48,9.926,-1.010,-1.097,-7.002101,-34.832737
583768,3,-0.59,0.00,9.922,-1.015,-1.097,-7.002101,-34.832737
583820,3,-0.58,0.48,9.946,-1.001,-1.111,-7.002101,-34.832737
583869,3,-0.58,0.00,9.946,-1.020,-1.111,-7.002101,-34.832737
583921,3,-0.58,0.00,9.922,-1.020,-1.097,-7.002101,-34.832737
583970,3,-0.58,0.00,9.926,-1.030,-1.116,-7.002101,-34.832737
584021,3,-0.59,0.00,9.946,-1.015,-1.130,-7.002101,-34.832737
584071,3,-0.63,-1.45,9.936,-1.030,-1.106,-7.002101,-34.832737
584121,3,-0.62,0.52,9.941,-1.015,-1.149,-7.002101,-34.832737
584172,3,-0.63,0.00,9.917,-1.020,-1.097,-7.002101,-34.832737
584222,3,-0.63,0.00,9.922,-1.015,-1.106,-7.002101,-34.832737
584273,3,-0.63,0.00,9.917,-1.010,-1.111,-7.002101,-34.832737
584323,3,-0.60,1.09,9.936,-1.015,-1.092,-7.002101,-34.832737
584373,3,-0.59,0.52,9.917,-1.020,-1.097,-7.002101,-34.832737
584424,3,-0.57,0.00,9.936,-1.020,-1.111,-7.002101,-34.832737
584473,3,-0.52,1.86,9.917,-1.030,-1.073,-7.002101,-34.832737
584525,3,-0.55,-0.82,9.907,-1.034,-1.125,-7.002101,-34.832737
584577,3,-0.53,0.00,9.902,-1.020,-1.116,-7.002101,-34.832737
584627,3,-0.52,0.52,9.936,-1.015,-1.120,-7.002101,-34.832737
584679,3,-0.48,0.56,9.936,-0.986,-1.106,-7.002101,-34.832737
584730,3,-0.46,0.48,9.922,-1.034,-1.087,-7.002101,-34.832737
584782,3,-0.44,0.00,9.936,-1.025,-1.135,-7.002101,-34.832737
584833,3,-0.42,0.00,9.931,-1.020,-1.101,-7.002101,-34.832737
584885,3,-0.44,-0.52,9.922,-1.025,-1.116,-7.002101,-34.832737
584937,3,-0.44,0.00,9.917,-1.006,-1.092,-7.002101,-34.832737
584987,3,-0.44,0.00,9.922,-1.030,-1.125,-7.002101,-34.832737
585037,3,-0.44,0.00,9.946,-1.010,-1.106,-7.002101,-34.832737
585087,3,-0.44,-0.56,9.922,-1.001,-1.111,-7.002101,-34.832737
585138,3,-0.47,-1.45,9.936,-1.010,-1.116,-7.002101,-34.832737
585188,3,-0.49,0.00,9.907,-1.006,-1.125,-7.002101,-34.832737
585239,3,-0.50,-0.56,9.941,-1.015,-1.092,-7.002101,-34.832737
585297,3,-0.50,0.00,9.936,-1.039,-1.101,-7.002101,-34.832737
585348,3,-0.51,0.00,9.936,-1.025,-1.125,-7.002101,-34.832737
585398,3,-0.53,0.00,9.931,-1.034,-1.106,-7.002101,-34.832737
585449,3,-0.52,0.00,9.936,-0.996,-1.092,-7.002101,-34.832737
585499,3,-0.52,0.00,9.926,-1.025,-1.097,-7.002101,-34.832737
585550,3,-0.57,0.00,9.936,-1.020,-1.125,-7.002101,-34.832737
585602,3,-0.57,0.00,9.922,-1.020,-1.082,-7.002101,-34.832737
585654,3,-0.58,0.00,9.917,-1.015,-1.106,-7.002101,-34.832737
585705,3,-0.58,0.00,9.926,-1.006,-1.106,-7.002101,-34.832737
585757,3,-0.58,0.00,9.917,-1.006,-1.097,-7.002101,-34.832737
585809,3,-0.60,-0.52,9.931,-1.015,-1.101,-7.002101,-34.832737
585860,3,-0.60,0.00,9.926,-1.025,-1.106,-7.002101,-34.832737
585912,3,-0.61,0.00,9.912,-1.025,-1.106,-7.002101,-34.832737
585964,3,-0.62,-0.52,9.926,-0.991,-1.116,-7.002101,-34.832737
586014,3,-0.64,0.00,9.931,-1.006,-1.106,-7.002101,-34.832737
586064,3,-0.60,0.89,9.922,-1.025,-1.087,-7.002102,-34.832741
586115,3,-0.60,0.00,9.922,-1.015,-1.101,-7.002102,-34.832741
586165,3,-0.60,0.00,9.917,-1.010,-1.120,-7.002102,-34.832741
586216,3,-0.59,0.00,9.922,-1.030,-1.111,-7.002102,-34.832741
586266,3,-0.59,0.00,9.922,-1.020,-1.101,-7.002102,-34.832741
586317,3,-0.57,0.00,9.941,-1.006,-1.120,-7.002102,-34.832741
586367,3,-0.54,0.00,9.907,-1.010,-1.101,-7.002102,-34.832741
586417,3,-0.55,-0.54,9.931,-1.015,-1.087,-7.002102,-34.832741
586467,3,-0.55,0.00,9.922,-1.034,-1.101,-7.002102,-34.832741
586519,3,-0.57,-0.52,9.926,-1.015,-1.101,-7.002102,-34.832741
586570,3,-0.57,0.00,9.922,-1.006,-1.101,-7.002102,-34.832741
586622,3,-0.57,0.00,9.912,-1.030,-1.106,-7.002102,-34.832741
586674,3,-0.57,0.00,9.936,-1.006,-1.101,-7.002102,-34.832741
586724,3,-0.57,0.00,9.922,-1.006,-1.097,-7.002102,-34.832741
586775,3,-0.57,0.00,9.922,-1.025,-1.106,-7.002102,-34.832741
586827,3,-0.54,-0.56,9.926,-1.020,-1.092,-7.002102,-34.832741
586879,3,-0.54,0.00,9.912,-1.030,-1.082,-7.002102,-34.832741
586930,3,-0.54,0.00,9.941,-1.006,-1.077,-7.002102,-34.832741
586983,3,-0.54,0.00,9.941,-1.034,-1.120,-7.002102,-34.832741
587033,3,-0.53,0.60,9.931,-1.006,-1.116,-7.002101,-34.832741
587084,3,-0.53,0.00,9.946,-1.015,-1.116,-7.002101,-34.832741
587134,3,-0.53,0.00,9.926,-1.020,-1.106,-7.002101,-34.832741
587184,3,-0.53,0.00,9.936,-1.030,-1.097,-7.002101,-34.832741
587235,3,-0.51,0.00,9.917,-1.039,-1.125,-7.002101,-34.832741
587285,3,-0.48,2.01,9.931,-1.025,-1.101,-7.002101,-34.832741
587344,3,-0.46,0.17,9.917,-1.020,-1.101,-7.002101,-34.832741
587394,3,-0.45,0.50,9.941,-1.015,-1.111,-7.002101,-34.832741
587445,3,-0.45,0.00,9.931,-1.025,-1.092,-7.002101,-34.832741
587496,3,-0.44,0.00,9.941,-1.020,-1.082,-7.002101,-34.832741
587547,3,-0.44,0.00,9.922,-1.015,-1.097,-7.002101,-34.832741
587598,3,-0.44,0.00,9.922,-1.006,-1.092,-7.002101,-34.832741
587650,3,-0.44,0.00,9.955,-1.006,-1.111,-7.002101,-34.832741
587702,3,-0.42,0.52,9.931,-1.010,-1.111,-7.002101,-34.832741
587753,3,-0.41,0.00,9.922,-1.006,-1.101,-7.002101,-34.832741
587805,3,-0.37,1.45,9.902,-1.006,-1.111,-7.002101,-34.832741
587856,3,-0.39,-0.48,9.941,-1.025,-1.106,-7.002101,-34.832741
587908,3,-0.41,0.00,9.912,-1.025,-1.087,-7.002101,-34.832741
587960,3,-0.41,0.00,9.931,-1.034,-1.149,-7.002101,-34.832741
588010,3,-0.41,0.00,9.931,-1.015,-1.106,-7.002101,-34.832741
588061,3,-0.41,0.00,9.922,-1.001,-1.120,-7.002101,-34.832741
588111,3,-0.40,0.52,9.931,-1.025,-1.116,-7.002101,-34.832741
588162,3,-0.38,0.00,9.917,-1.025,-1.120,-7.002101,-34.832741
588212,3,-0.38,0.00,9.912,-1.020,-1.111,-7.002101,-34.832741
588262,3,-0.33,1.93,9.922,-1.030,-1.111,-7.002101,-34.832741
588313,3,-0.35,0.00,9.917,-1.025,-1.130,-7.002101,-34.832741
588363,3,-0.36,-0.52,9.907,-1.006,-1.106,-7.002101,-34.832741
588414,3,-0.36,0.00,9.912,-1.001,-1.101,-7.002101,-34.832741
588464,3,-0.36,0.00,9.936,-1.025,-1.106,-7.002101,-34.832741
588515,3,-0.35,0.00,9.941,-1.006,-1.106,-7.002101,-34.832741
588567,3,-0.35,0.00,9.926,-1.015,-1.101,-7.002101,-34.832741
588618,3,-0.35,0.00,9.931,-1.001,-1.106,-7.002101,-34.832741
588670,3,-0.33,0.56,9.936,-1.006,-1.097,-7.002101,-34.832741
588722,3,-0.35,0.00,9.922,-1.015,-1.111,-7.002101,-34.832741
588772,3,-0.33,0.52,9.922,-1.010,-1.116,-7.002101,-34.832741
588824,3,-0.31,0.48,9.941,-1.010,-1.097,-7.002101,-34.832741
588875,3,-0.31,0.00,9.936,-1.015,-1.092,-7.002101,-34.832741
588927,3,-0.31,0.00,9.912,-1.020,-1.111,-7.002101,-34.832741
588976,3,-0.31,0.00,9.936,-1.020,-1.092,-7.002101,-34.832741
589027,3,-0.36,-2.01,9.936,-1.006,-1.106,-7.002102,-34.832745
589077,3,-0.36,0.00,9.941,-0.996,-1.092,-7.002102,-34.832745
589128,3,-0.37,0.00,9.912,-1.020,-1.111,-7.002102,-34.832745
589178,3,-0.37,0.00,9.926,-1.006,-1.120,-7.002102,-34.832745
589229,3,-0.37,0.00,9.912,-0.996,-1.092,-7.002102,-34.832745
589279,3,-0.42,-1.45,9.917,-1.020,-1.092,-7.002102,-34.832745
589329,3,-0.42,0.00,9.922,-1.010,-1.130,-7.002102,-34.832745
589388,3,-0.41,0.19,9.946,-1.010,-1.082,-7.002102,-34.832745
589439,3,-0.41,0.00,9.931,-1.020,-1.106,-7.002102,-34.832745
589490,3,-0.39,0.00,9.936,-1.006,-1.135,-7.002102,-34.832745
589541,3,-0.39,0.00,9.941,-1.030,-1.111,-7.002102,-34.832745
589592,3,-0.39,0.00,9.936,-1.010,-1.082,-7.002102,-34.832745
589644,3,-0.39,0.00,9.946,-1.006,-1.101,-7.002102,-34.832745
589696,3,-0.39,0.00,9.917,-1.010,-1.135,-7.002102,-34.832745
589747,3,-0.41,-0.48,9.946,-1.020,-1.135,-7.002102,-34.832745
589799,3,-0.46,-1.86,9.917,-1.015,-1.092,-7.002102,-34.832745
589850,3,-0.44,0.52,9.917,-1.006,-1.111,-7.002102,-34.832745
589902,3,-0.44,0.00,9.907,-1.015,-1.092,-7.002102,-34.832745
589951,3,-0.44,0.00,9.902,-1.039,-1.120,-7.002102,-34.832745
590001,3,-0.44,0.00,9.907,-1.020,-1.106,-7.002102,-34.832745
590052,3,-0.44,0.00,9.926,-1.030,-1.097,-7.002102,-34.832745
590102,3,-0.43,0.52,9.922,-1.010,-1.111,-7.002102,-34.832745
590153,3,-0.43,0.00,9.926,-1.020,-1.120,-7.002102,-34.832745
590203,3,-0.40,0.52,9.931,-1.015,-1.106,-7.002102,-34.832745
590254,3,-0.40,0.00,9.931,-1.006,-1.101,-7.002102,-34.832745
590304,3,-0.41,0.00,9.960,-1.025,-1.101,-7.002102,-34.832745
590354,3,-0.41,0.00,9.931,-1.015,-1.149,-7.002102,-34.832745
590405,3,-0.41,0.00,9.936,-1.006,-1.101,-7.002102,-34.832745
590455,3,-0.43,0.00,9.907,-1.006,-1.111,-7.002102,-34.832745
590507,3,-0.43,0.00,9.912,-1.020,-1.125,-7.002102,-34.832745
590558,3,-0.43,0.00,9.936,-1.020,-1.092,-7.002102,-34.832745
590610,3,-0.44,0.00,9.926,-1.020,-1.106,-7.002102,-34.832745
590661,3,-0.43,0.52,9.917,-1.015,-1.097,-7.002102,-34.832745
590712,3,-0.43,0.00,9.912,-1.001,-1.106,-7.002102,-34.832745
590763,3,-0.43,0.00,9.926,-1.010,-1.106,-7.002102,-34.832745
590815,3,-0.44,0.00,9.926,-0.996,-1.097,-7.002102,-34.832745
590867,3,-0.46,-0.52,9.907,-1.015,-1.106,-7.002102,-34.832745
590918,3,-0.46,0.00,9.931,-1.025,-1.101,-7.002102,-34.832745
590970,3,-0.46,0.00,9.931,-1.030,-1.097,-7.002102,-34.832745
591021,3,-0.46,0.00,9.926,-1.006,-1.092,-7.002102,-34.832745
591071,3,-0.46,0.00,9.912,-1.025,-1.101,-7.002102,-34.832745
591122,3,-0.47,0.00,9.936,-1.015,-1.087,-7.002102,-34.832745
591172,3,-0.47,0.00,9.907,-1.030,-1.111,-7.002102,-34.832745
591222,3,-0.47,0.00,9.912,-1.025,-1.135,-7.002102,-34.832745
591273,3,-0.47,0.00,9.950,-1.030,-1.087,-7.002102,-34.832745
591323,3,-0.46,0.56,9.926,-1.025,-1.092,-7.002102,-34.832745
591374,3,-0.47,0.00,9.907,-1.025,-1.101,-7.002102,-34.832745
591434,3,-0.46,0.19,9.946,-1.010,-1.120,-7.002102,-34.832745
591486,3,-0.46,-0.86,9.926,-1.025,-1.077,-7.002102,-34.832745
591536,3,-0.46,0.00,9.922,-1.020,-1.116,-7.002102,-34.832745
591587,3,-0.45,-0.86,9.912,-1.030,-1.111,-7.002102,-34.832745
591639,3,-0.45,0.00,9.931,-1.025,-1.120,-7.002102,-34.832745
591691,3,-0.44,0.00,9.912,-1.039,-1.111,-7.002102,-34.832745
591742,3,-0.44,0.00,9.917,-1.020,-1.106,-7.002102,-34.832745
591794,3,-0.44,0.00,9.917,-1.015,-1.154,-7.002102,-34.832745
591845,3,-0.44,-1.34,9.917,-1.001,-1.101,-7.002102,-34.832745
591897,3,-0.44,0.00,9.931,-1.030,-1.101,-7.002102,-34.832745
591949,3,-0.44,-0.56,9.926,-1.030,-1.111,-7.002102,-34.832745
591999,3,-0.40,1.45,9.936,-1.034,-1.101,-7.002102,-34.832745
592049,3,-0.40,0.00,9.912,-1.030,-1.130,-7.002102,-34.832745
592100,3,-0.41,-0.52,9.950,-1.025,-1.106,-7.002102,-34.832745
592150,3,-0.40,0.52,9.926,-1.010,-1.135,-7.002102,-34.832745
592201,3,-0.44,0.00,9.946,-1.025,-1.120,-7.002102,-34.832745
592251,3,-0.45,0.00,9.926,-1.020,-1.106,-7.002102,-34.832745
592302,3,-0.45,0.00,9.941,-1.030,-1.111,-7.002102,-34.832745
592352,3,-0.43,0.00,9.907,-1.006,-1.068,-7.002102,-34.832745
592402,3,-0.43,0.00,9.917,-1.020,-1.111,-7.002102,-34.832745
592453,3,-0.44,-0.52,9.931,-1.034,-1.111,-7.002102,-34.832745
592504,3,-0.44,0.00,9.946,-1.015,-1.101,-7.002102,-34.832745
592556,3,-0.44,0.00,9.926,-0.996,-1.053,-7.002102,-34.832745
592607,3,-0.46,0.00,9.912,-1.010,-1.101,-7.002102,-34.832745
592659,3,-0.44,0.00,9.912,-1.025,-1.111,-7.002102,-34.832745
592711,3,-0.46,-0.52,9.931,-1.015,-1.120,-7.002102,-34.832745
592761,3,-0.46,0.00,9.912,-1.025,-1.120,-7.002102,-34.832745
592813,3,-0.47,0.00,9.926,-1.020,-1.106,-7.002102,-34.832745
592864,3,-0.50,-1.01,9.926,-1.030,-1.120,-7.002102,-34.832745
592916,3,-0.50,0.00,9.946,-1.025,-1.125,-7.002102,-34.832745
592965,3,-0.51,-0.52,9.931,-1.025,-1.111,-7.002102,-34.832745
593016,3,-0.50,0.56,9.926,-1.030,-1.140,-7.002102,-34.832745
593066,3,-0.51,0.00,9.936,-1.020,-1.116,-7.002102,-34.832745
593116,3,-0.51,0.52,9.931,-1.020,-1.120,-7.002102,-34.832745
593167,3,-0.51,0.00,9.922,-1.020,-1.130,-7.002102,-34.832745
593217,3,-0.50,0.00,9.946,-1.006,-1.125,-7.002102,-34.832745
593268,3,-0.50,0.00,9.941,-1.010,-1.101,-7.002102,-34.832745
593318,3,-0.50,0.00,9.936,-1.006,-1.116,-7.002102,-34.832745
593368,3,-0.51,0.00,9.936,-1.025,-1.097,-7.002102,-34.832745
593419,3,-0.51,0.00,9.912,-1.006,-1.130,-7.002102,-34.832745
593483,3,-0.52,-0.17,9.941,-1.030,-1.101,-7.002102,-34.832745
593533,3,-0.52,0.00,9.922,-1.020,-1.120,-7.002102,-34.832745
593585,3,-0.54,-0.48,9.936,-1.030,-1.097,-7.002102,-34.832745
593636,3,-0.54,0.00,9.917,-1.020,-1.140,-7.002102,-34.832745
593688,3,-0.55,0.00,9.926,-1.006,-1.130,-7.002102,-34.832745
593739,3,-0.55,0.00,9.931,-1.015,-1.092,-7.002102,-34.832745
593791,3,-0.54,0.00,9.946,-1.020,-1.111,-7.002102,-34.832745
593843,3,-0.51,0.48,9.922,-1.015,-1.111,-7.002102,-34.832745
593894,3,-0.51,0.00,9.936,-1.020,-1.097,-7.002102,-34.832745
593946,3,-0.51,0.00,9.926,-1.020,-1.106,-7.002102,-34.832745
593996,3,-0.51,0.00,9.917,-1.015,-1.097,-7.002102,-34.832745
594047,3,-0.51,0.00,9.931,-1.015,-1.120,-7.002102,-34.832745
594097,3,-0.50,0.56,9.950,-1.010,-1.111,-7.002102,-34.832745
594147,3,-0.51,-0.56,9.922,-0.996,-1.111,-7.002102,-34.832745
594198,3,-0.50,0.00,9.941,-1.015,-1.116,-7.002102,-34.832745
594248,3,-0.50,0.56,9.922,-1.010,-1.120,-7.002102,-34.832745
594299,3,-0.48,0.56,9.931,-1.020,-1.097,-7.002102,-34.832745
594349,3,-0.48,0.00,9.931,-1.025,-1.106,-7.002102,-34.832745
594399,3,-0.47,0.00,9.946,-1.025,-1.125,-7.002102,-34.832745
594450,3,-0.47,0.00,9.926,-1.015,-1.087,-7.002102,-34.832745
594501,3,-0.47,0.00,9.960,-1.030,-1.111,-7.002102,-34.832745
594553,3,-0.47,-0.52,9.941,-1.015,-1.077,-7.002102,-34.832745
594604,3,-0.46,0.00,9.926,-1.010,-1.097,-7.002102,-34.832745
594656,3,-0.47,0.00,9.936,-1.010,-1.125,-7.002102,-34.832745
594708,3,-0.46,0.52,9.922,-1.020,-1.101,-7.002102,-34.832745
594758,3,-0.46,0.00,9.936,-1.034,-1.111,-7.002102,-34.832745
594810,3,-0.46,0.00,9.922,-1.025,-1.125,-7.002102,-34.832745
594861,3,-0.47,0.00,9.917,-1.025,-1.111,-7.002102,-34.832745
594913,3,-0.47,0.00,9.931,-1.020,-1.116,-7.002102,-34.832745
594962,3,-0.49,0.52,9.931,-1.025,-1.120,-7.002102,-34.832745
595013,3,-0.49,0.00,9.931,-1.030,-1.111,-7.002102,-34.832745
595063,3,-0.48,0.00,9.922,-1.006,-1.149,-7.002102,-34.832745
595113,3,-0.48,0.00,9.950,-1.025,-1.101,-7.002102,-34.832745
595164,3,-0.46,0.50,9.936,-1.015,-1.092,-7.002102,-34.832745
595214,3,-0.48,0.00,9.946,-1.020,-1.087,-7.002102,-34.832745
595265,3,-0.46,0.52,9.917,-1.020,-1.111,-7.002102,-34.832745
595315,3,-0.46,0.00,9.936,-1.025,-1.101,-7.002102,-34.832745
595365,3,-0.41,0.00,9.936,-1.020,-1.087,-7.002102,-34.832745
595416,3,-0.41,0.00,9.926,-1.010,-1.101,-7.002102,-34.832745
595466,3,-0.41,0.00,9.946,-1.039,-1.101,-7.002102,-34.832745
595522,3,-0.45,-0.54,9.946,-1.001,-1.092,-7.002102,-34.832745
595574,3,-0.46,-0.52,9.931,-1.006,-1.087,-7.002102,-34.832745
595626,3,-0.46,0.48,9.936,-1.025,-1.130,-7.002102,-34.832745
595676,3,-0.46,0.00,9.931,-1.025,-1.125,-7.002102,-34.832745
595728,3,-0.44,-0.48,9.941,-1.025,-1.120,-7.002102,-34.832745
595779,3,-0.49,-1.90,9.936,-1.015,-1.106,-7.002102,-34.832745
595831,3,-0.51,0.00,9.941,-1.025,-1.101,-7.002102,-34.832745
595882,3,-0.52,-0.52,9.941,-1.006,-1.120,-7.002102,-34.832745
595934,3,-0.53,0.00,9.917,-1.025,-1.116,-7.002102,-34.832745
595984,3,-0.52,0.56,9.917,-1.001,-1.130,-7.002102,-34.832745
596034,3,-0.52,0.00,9.912,-1.020,-1.130,-7.002103,-34.832745
596085,3,-0.51,0.00,9.917,-1.020,-1.101,-7.002103,-34.832745
596135,3,-0.51,0.00,9.941,-1.006,-1.097,-7.002103,-34.832745
596186,3,-0.51,0.00,9.912,-1.010,-1.116,-7.002103,-34.832745
596236,3,-0.51,0.00,9.936,-1.025,-1.077,-7.002103,-34.832745
596287,3,-0.51,0.56,9.922,-1.015,-1.092,-7.002103,-34.832745
596337,3,-0.52,-0.56,9.936,-1.015,-1.097,-7.002103,-34.832745
596387,3,-0.53,0.00,9.926,-1.010,-1.120,-7.002103,-34.832745
596438,3,-0.57,0.00,9.926,-1.025,-1.120,-7.002103,-34.832745
596489,3,-0.57,0.00,9.931,-1.015,-1.087,-7.002103,-34.832745
596541,3,-0.60,-1.27,9.931,-1.020,-1.082,-7.002103,-34.832745
596593,3,-0.60,0.00,9.902,-1.010,-1.120,-7.002103,-34.832745
596644,3,-0.60,0.00,9.936,-1.034,-1.087,-7.002103,-34.832745
596696,3,-0.62,-0.48,9.936,-1.020,-1.125,-7.002103,-34.832745
596747,3,-0.62,0.00,9.941,-1.015,-1.120,-7.002103,-34.832745
596799,3,-0.57,1.27,9.907,-1.010,-1.106,-7.002103,-34.832745
596851,3,-0.57,0.00,9.922,-1.030,-1.106,-7.002103,-34.832745
596901,3,-0.60,-1.27,9.907,-1.025,-1.092,-7.002103,-34.832745
596953,3,-0.62,-0.52,9.936,-1.015,-1.120,-7.002103,-34.832745
597003,3,-0.60,0.00,9.931,-1.010,-1.092,-7.002103,-34.832745
597053,3,-0.59,0.56,9.926,-1.025,-1.116,-7.002102,-34.832745
597104,3,-0.58,0.00,9.926,-1.001,-1.116,-7.002102,-34.832745
597154,3,-0.58,0.00,9.931,-1.010,-1.130,-7.002102,-34.832745
597205,3,-0.56,0.54,9.926,-1.010,-1.101,-7.002102,-34.832745
597255,3,-0.55,0.00,9.931,-0.996,-1.097,-7.002102,-34.832745
597306,3,-0.52,1.09,9.898,-1.001,-1.097,-7.002102,-34.832745
597356,3,-0.52,0.00,9.926,-1.015,-1.087,-7.002102,-34.832745
597406,3,-0.52,0.00,9.960,-1.030,-1.097,-7.002102,-34.832745
597456,3,-0.51,0.00,9.946,-1.030,-1.087,-7.002102,-34.832745
597508,3,-0.51,0.00,9.926,-1.006,-1.116,-7.002102,-34.832745
597565,3,-0.54,-0.47,9.955,-1.020,-1.116,-7.002102,-34.832745
597617,3,-0.51,0.00,9.946,-1.030,-1.092,-7.002102,-34.832745
597667,3,-0.49,0.52,9.936,-1.015,-1.106,-7.002102,-34.832745
597718,3,-0.51,-0.52,9.931,-1.006,-1.101,-7.002102,-34.832745
597770,3,-0.52,-0.48,9.936,-1.030,-1.116,-7.002102,-34.832745
597822,3,-0.52,0.00,9.917,-1.030,-1.116,-7.002102,-34.832745
597873,3,-0.55,-0.48,9.941,-1.006,-1.130,-7.002102,-34.832745
597925,3,-0.55,0.00,9.926,-1.001,-1.092,-7.002102,-34.832745
597975,3,-0.58,-0.56,9.917,-1.006,-1.106,-7.002102,-34.832745
598025,3,-0.56,0.56,9.950,-1.020,-1.116,-7.002103,-34.832745
598075,3,-0.56,0.00,9.960,-1.020,-1.111,-7.002103,-34.832745
598126,3,-0.55,0.00,9.974,-1.001,-1.092,-7.002103,-34.832745
598176,3,-0.57,-0.93,9.950,-1.010,-1.144,-7.002103,-34.832745
598227,3,-0.57,0.00,9.950,-1.010,-1.097,-7.002103,-34.832745
598277,3,-0.56,0.00,9.912,-1.001,-1.106,-7.002103,-34.832745
598328,3,-0.56,0.00,9.974,-0.991,-1.130,-7.002103,-34.832745
598378,3,-0.56,0.00,9.874,-1.034,-1.073,-7.002103,-34.832745
598428,3,-0.54,0.52,9.917,-1.010,-1.077,-7.002103,-34.832745
598480,3,-0.53,0.56,9.931,-1.015,-1.106,-7.002103,-34.832745
598532,3,-0.54,0.00,9.926,-1.034,-1.101,-7.002103,-34.832745
598584,3,-0.53,0.00,9.936,-1.030,-1.120,-7.002103,-34.832745
598635,3,-0.52,0.48,9.922,-1.001,-1.101,-7.002103,-34.832745
598687,3,-0.52,0.00,9.917,-1.020,-1.087,-7.002103,-34.832745
598738,3,-0.53,0.00,9.926,-1.020,-1.077,-7.002103,-34.832745
598790,3,-0.53,0.00,9.926,-1.025,-1.101,-7.002103,-34.832745
598842,3,-0.52,0.00,9.902,-1.020,-1.077,-7.002103,-34.832745
598893,3,-0.52,0.00,9.931,-1.015,-1.082,-7.002103,-34.832745
598945,3,-0.53,-0.48,9.922,-1.010,-1.097,-7.002103,-34.832745
598995,3,-0.52,0.36,9.922,-1.025,-1.101,-7.002103,-34.832745
599045,3,-0.52,0.00,9.950,-1.030,-1.106,-7.002102,-34.832748
599096,3,-0.51,1.97,9.936,-1.015,-1.101,-7.002102,-34.832748
599146,3,-0.51,0.00,9.926,-1.015,-1.087,-7.002102,-34.832748
599197,3,-0.51,0.00,9.922,-1.030,-1.097,-7.002102,-34.832748
599247,3,-0.51,0.00,9.922,-1.030,-1.101,-7.002102,-34.832748
599297,3,-0.51,0.00,9.912,-1.010,-1.111,-7.002102,-34.832748
599348,3,-0.53,0.00,9.917,-1.010,-1.140,-7.002102,-34.832748
599398,3,-0.53,0.00,9.931,-0.996,-1.092,-7.002102,-34.832748
599449,3,-0.53,0.00,9.955,-1.010,-1.116,-7.002102,-34.832748
599499,3,-0.49,1.34,9.922,-1.025,-1.135,-7.002102,-34.832748
599550,3,-0.51,-0.52,9.946,-1.025,-1.106,-7.002102,-34.832748
599607,3,-0.51,0.00,9.926,-1.006,-1.116,-7.002102,-34.832748
599659,3,-0.52,0.00,9.941,-1.039,-1.077,-7.002102,-34.832748
599711,3,-0.52,0.00,9.922,-1.020,-1.111,-7.002102,-34.832748
599761,3,-0.53,-0.52,9.922,-0.996,-1.111,-7.002102,-34.832748
599813,3,-0.53,0.00,9.898,-1.015,-1.116,-7.002102,-34.832748
599864,3,-0.57,0.00,9.907,-1.015,-1.106,-7.002102,-34.832748
599916,3,-0.60,-0.48,9.893,-1.015,-1.068,-7.002102,-34.832748
599965,3,-0.60,0.00,9.931,-0.991,-1.106,-7.002102,-34.832748
600016,3,-0.56,0.00,9.926,-1.001,-1.101,-7.002102,-34.832748
600066,3,-0.56,0.00,9.922,-1.025,-1.111,-7.002102,-34.832748
600116,3,-0.59,0.00,9.946,-1.001,-1.101,-7.002102,-34.832748
600167,3,-0.60,0.00,9.922,-0.996,-1.120,-7.002102,-34.832748
600217,3,-0.60,0.00,9.926,-1.030,-1.120,-7.002102,-34.832748
600268,3,-0.60,0.00,9.941,-1.020,-1.101,-7.002102,-34.832748
600318,3,-0.61,-0.56,9.946,-1.025,-1.130,-7.002102,-34.832748
600369,3,-0.61,0.00,9.946,-1.030,-1.087,-7.002102,-34.832748
600419,3,-0.61,0.00,9.936,-1.039,-1.111,-7.002102,-34.832748
600469,3,-0.61,0.00,9.917,-1.015,-1.092,-7.002102,-34.832748
600520,3,-0.61,0.00,9.936,-1.015,-1.106,-7.002102,-34.832748
600572,3,-0.56,0.52,9.917,-1.010,-1.097,-7.002102,-34.832748
600623,3,-0.56,0.00,9.936,-0.996,-1.082,-7.002102,-34.832748
600675,3,-0.60,0.00,9.922,-1.025,-1.106,-7.002102,-34.832748
600724,3,-0.60,0.00,9.931,-1.020,-1.097,-7.002102,-34.832748
600776,3,-0.60,0.00,9.926,-1.010,-1.111,-7.002102,-34.832748
600826,3,-0.60,0.00,9.922,-1.015,-1.116,-7.002102,-34.832748
600878,3,-0.60,0.00,9.936,-1.010,-1.097,-7.002102,-34.832748
600929,3,-0.60,0.00,9.912,-1.006,-1.092,-7.002102,-34.832748
600982,3,-0.59,0.52,9.926,-1.006,-1.149,-7.002102,-34.832748
601032,3,-0.59,0.00,9.922,-1.020,-1.101,-7.002102,-34.832748
601082,3,-0.60,-0.52,9.922,-1.001,-1.135,-7.002102,-34.832748
601133,3,-0.60,0.00,9.960,-1.020,-1.087,-7.002102,-34.832748
601183,3,-0.61,0.00,9.922,-1.010,-1.087,-7.002102,-34.832748
601234,3,-0.64,-0.54,9.907,-1.030,-1.116,-7.002102,-34.832748
601284,3,-0.65,-0.52,9.946,-0.996,-1.120,-7.002102,-34.832748
601335,3,-0.65,0.00,9.941,-1.044,-1.101,-7.002102,-34.832748
601385,3,-0.65,0.00,9.902,-1.015,-1.111,-7.002102,-34.832748
601435,3,-0.65,0.00,9.946,-1.020,-1.130,-7.002102,-34.832748
601488,3,-0.65,0.00,9.902,-1.015,-1.097,-7.002102,-34.832748
601539,3,-0.65,0.00,9.931,-1.030,-1.111,-7.002102,-34.832748
601590,3,-0.64,0.00,9.902,-1.034,-1.111,-7.002102,-34.832748
601647,3,-0.64,0.00,9.922,-1.010,-1.106,-7.002102,-34.832748
601699,3,-0.64,0.00,9.917,-1.001,-1.111,-7.002102,-34.832748
601751,3,-0.63,0.52,9.936,-1.015,-1.106,-7.002102,-34.832748
601801,3,-0.64,-0.52,9.917,-1.039,-1.082,-7.002102,-34.832748
601852,3,-0.65,0.00,9.917,-1.025,-1.106,-7.002102,-34.832748
601904,3,-0.65,0.00,9.898,-1.030,-1.097,-7.002102,-34.832748
601956,3,-0.65,0.00,9.926,-1.010,-1.116,-7.002102,-34.832748
602006,3,-0.64,0.00,9.936,-1.025,-1.101,-7.002102,-34.832748
602057,3,-0.63,0.56,9.941,-1.020,-1.116,-7.002102,-34.832752
602107,3,-0.63,0.00,9.946,-1.010,-1.077,-7.002102,-34.832752
602158,3,-0.66,0.00,9.931,-1.010,-1.111,-7.002102,-34.832752
602208,3,-0.68,0.00,9.926,-1.044,-1.116,-7.002102,-34.832752
602258,3,-0.64,1.45,9.931,-1.025,-1.092,-7.002102,-34.832752
602309,3,-0.64,0.00,9.936,-1.015,-1.097,-7.002102,-34.832752
602359,3,-0.68,0.00,9.917,-1.006,-1.111,-7.002102,-34.832752
602410,3,-0.68,0.00,9.902,-1.010,-1.125,-7.002102,-34.832752
602460,3,-0.68,0.00,9.941,-1.001,-1.101,-7.002102,-34.832752
602511,3,-0.68,0.00,9.931,-1.020,-1.135,-7.002102,-34.832752
602563,3,-0.68,0.00,9.946,-1.006,-1.101,-7.002102,-34.832752
602614,3,-0.66,0.00,9.926,-1.034,-1.077,-7.002102,-34.832752
602666,3,-0.65,0.45,9.941,-1.010,-1.097,-7.002102,-34.832752
602718,3,-0.62,0.52,9.931,-1.020,-1.120,-7.002102,-34.832752
602769,3,-0.61,0.48,9.936,-1.020,-1.120,-7.002102,-34.832752
602821,3,-0.59,0.00,9.917,-1.020,-1.087,-7.002102,-34.832752
602872,3,-0.59,0.00,9.922,-1.020,-1.097,-7.002102,-34.832752
602924,3,-0.59,0.00,9.931,-1.015,-1.097,-7.002102,-34.832752
602974,3,-0.61,-0.52,9.946,-1.001,-1.125,-7.002102,-34.832752
603024,3,-0.61,0.00,9.922,-1.030,-1.097,-7.002102,-34.832752
603075,3,-0.61,0.00,9.926,-1.015,-1.116,-7.002102,-34.832752
603125,3,-0.66,-0.56,9.926,-1.010,-1.111,-7.002102,-34.832752
603175,3,-0.63,0.89,9.922,-1.010,-1.106,-7.002102,-34.832752
603226,3,-0.63,0.00,9.941,-0.991,-1.120,-7.002102,-34.832752
603276,3,-0.62,0.00,9.912,-1.020,-1.097,-7.002102,-34.832752
603327,3,-0.62,0.00,9.926,-1.020,-1.082,-7.002102,-34.832752
603377,3,-0.61,0.00,9.946,-1.020,-1.092,-7.002102,-34.832752
603427,3,-0.61,0.00,9.931,-1.015,-1.087,-7.002102,-34.832752
603479,3,-0.61,0.00,9.912,-1.044,-1.125,-7.002102,-34.832752
603530,3,-0.59,0.48,9.946,-1.025,-1.149,-7.002102,-34.832752
603581,3,-0.58,0.52,9.936,-1.020,-1.130,-7.002102,-34.832752
603633,3,-0.59,0.00,9.936,-1.001,-1.097,-7.002102,-34.832752
603690,3,-0.59,0.00,9.941,-1.020,-1.111,-7.002102,-34.832752
603742,3,-0.58,0.52,9.931,-1.010,-1.130,-7.002102,-34.832752
603792,3,-0.58,0.00,9.931,-1.001,-1.106,-7.002102,-34.832752
603844,3,-0.58,0.00,9.917,-1.030,-1.116,-7.002102,-34.832752
603895,3,-0.58,0.00,9.946,-1.025,-1.125,-7.002102,-34.832752
603947,3,-0.58,0.00,9.898,-1.015,-1.082,-7.002102,-34.832752
603997,3,-0.55,0.00,9.926,-1.001,-1.101,-7.002102,-34.832752
604047,3,-0.54,0.54,9.936,-1.006,-1.101,-7.002101,-34.832752
604098,3,-0.54,0.00,9.936,-1.020,-1.116,-7.002101,-34.832752
604148,3,-0.53,0.00,9.917,-1.006,-1.087,-7.002101,-34.832752
604199,3,-0.53,0.00,9.946,-1.015,-1.097,-7.002101,-34.832752
604249,3,-0.54,-0.52,9.936,-1.020,-1.111,-7.002101,-34.832752
604300,3,-0.54,0.00,9.960,-1.020,-1.116,-7.002101,-34.832752
604350,3,-0.55,0.00,9.941,-1.034,-1.106,-7.002101,-34.832752
604400,3,-0.55,0.00,9.917,-1.030,-1.097,-7.002101,-34.832752
604451,3,-0.59,0.00,9.912,-1.015,-1.135,-7.002101,-34.832752
604502,3,-0.58,0.48,9.912,-1.010,-1.092,-7.002101,-34.832752
604554,3,-0.58,0.00,9.950,-1.015,-1.135,-7.002101,-34.832752
604605,3,-0.56,0.00,9.912,-1.006,-1.111,-7.002101,-34.832752
604657,3,-0.55,0.00,9.902,-1.010,-1.111,-7.002101,-34.832752
604709,3,-0.55,0.00,9.946,-1.015,-1.116,-7.002101,-34.832752
604760,3,-0.56,0.00,9.941,-1.025,-1.135,-7.002101,-34.832752
604812,3,-0.56,0.00,9.950,-1.010,-1.092,-7.002101,-34.832752
604864,3,-0.58,0.00,9.936,-1.010,-1.092,-7.002101,-34.832752
604915,3,-0.58,0.00,9.912,-1.020,-1.097,-7.002101,-34.832752
604967,3,-0.58,0.00,9.917,-1.025,-1.092,-7.002101,-34.832752
605018,3,-0.55,0.56,9.936,-1.020,-1.116,-7.002101,-34.832752
605068,3,-0.56,-0.56,9.931,-1.025,-1.116,-7.002101,-34.832756
605118,3,-0.56,0.00,9.912,-1.006,-1.092,-7.002101,-34.832756
605169,3,-0.55,0.56,9.926,-1.010,-1.082,-7.002101,-34.832756
605219,3,-0.55,0.00,9.936,-1.001,-1.101,-7.002101,-34.832756
605270,3,-0.55,0.00,9.931,-1.030,-1.144,-7.002101,-34.832756
605320,3,-0.55,0.00,9.936,-1.020,-1.087,-7.002101,-34.832756
605370,3,-0.56,-0.56,9.926,-1.010,-1.097,-7.002101,-34.832756
605421,3,-0.53,0.00,9.922,-1.010,-1.101,-7.002101,-34.832756
605471,3,-0.54,-0.48,9.922,-0.996,-1.125,-7.002101,-34.832756
605521,3,-0.54,0.00,9.931,-1.001,-1.120,-7.002101,-34.832756
605572,3,-0.57,-0.52,9.902,-1.030,-1.106,-7.002101,-34.832756
605624,3,-0.57,0.00,9.936,-1.025,-1.106,-7.002101,-34.832756
605676,3,-0.59,-1.34,9.912,-1.010,-1.120,-7.002101,-34.832756
605740,3,-0.60,-0.17,9.922,-1.010,-1.106,-7.002101,-34.832756
605790,3,-0.60,0.00,9.926,-1.025,-1.077,-7.002101,-34.832756
605842,3,-0.58,0.93,9.922,-1.015,-1.106,-7.002101,-34.832756
605893,3,-0.59,0.00,9.922,-1.006,-1.101,-7.002101,-34.832756
605945,3,-0.59,0.00,9.931,-1.020,-1.082,-7.002101,-34.832756
605995,3,-0.59,0.00,9.931,-1.015,-1.135,-7.002101,-34.832756
606046,3,-0.59,0.00,9.936,-1.020,-1.101,-7.002101,-34.832756
606096,3,-0.59,0.00,9.936,-1.015,-1.106,-7.002101,-34.832756
606146,3,-0.61,0.00,9.931,-1.020,-1.120,-7.002101,-34.832756
606197,3,-0.61,0.00,9.922,-1.010,-1.144,-7.002101,-34.832756
606247,3,-0.62,-0.52,9.936,-1.015,-1.101,-7.002101,-34.832756
606298,3,-0.62,0.00,9.936,-1.020,-1.116,-7.002101,-34.832756
606348,3,-0.66,-1.49,9.917,-1.010,-1.116,-7.002101,-34.832756
606398,3,-0.64,0.54,9.931,-1.030,-1.125,-7.002101,-34.832756
606449,3,-0.63,0.00,9.912,-1.025,-1.120,-7.002101,-34.832756
606500,3,-0.60,0.48,9.931,-1.010,-1.120,-7.002101,-34.832756
606552,3,-0.60,0.00,9.926,-1.030,-1.087,-7.002101,-34.832756
606604,3,-0.59,0.00,9.931,-1.034,-1.101,-7.002101,-34.832756
606655,3,-0.56,0.52,9.926,-1.025,-1.111,-7.002101,-34.832756
606707,3,-0.56,0.00,9.922,-1.020,-1.116,-7.002101,-34.832756
606758,3,-0.55,0.00,9.917,-0.996,-1.077,-7.002101,-34.832756
606810,3,-0.55,0.00,9.941,-1.015,-1.111,-7.002101,-34.832756
606859,3,-0.55,0.00,9.950,-1.015,-1.092,-7.002101,-34.832756
606911,3,-0.53,0.48,9.941,-1.039,-1.116,-7.002101,-34.832756
606963,3,-0.53,0.00,9.917,-1.010,-1.101,-7.002101,-34.832756
607013,3,-0.52,0.00,9.907,-1.039,-1.101,-7.002101,-34.832756
607063,3,-0.56,-1.39,9.941,-1.020,-1.106,-7.002100,-34.832756
607114,3,-0.53,0.00,9.931,-0.991,-1.101,-7.002100,-34.832756
607164,3,-0.57,0.00,9.917,-1.020,-1.106,-7.002100,-34.832756
607215,3,-0.56,0.56,9.931,-1.020,-1.106,-7.002100,-34.832756
607265,3,-0.56,0.00,9.926,-1.006,-1.111,-7.002100,-34.832756
607315,3,-0.56,0.00,9.931,-1.015,-1.106,-7.002100,-34.832756
607366,3,-0.54,0.52,9.931,-1.025,-1.097,-7.002100,-34.832756
607416,3,-0.54,0.00,9.922,-1.034,-1.120,-7.002100,-34.832756
607469,3,-0.54,0.00,9.926,-1.006,-1.125,-7.002100,-34.832756
607519,3,-0.56,-0.48,9.936,-1.010,-1.116,-7.002100,-34.832756
607571,3,-0.56,0.00,9.931,-1.034,-1.116,-7.002100,-34.832756
607622,3,-0.57,0.00,9.917,-1.030,-1.116,-7.002100,-34.832756
607674,3,-0.59,-0.52,9.917,-1.006,-1.111,-7.002100,-34.832756
607725,3,-0.59,0.00,9.926,-1.020,-1.116,-7.002100,-34.832756
607782,3,-0.62,-0.48,9.941,-1.020,-1.130,-7.002100,-34.832756
607834,3,-0.62,0.00,9.931,-1.025,-1.130,-7.002100,-34.832756
607885,3,-0.61,0.00,9.931,-1.006,-1.120,-7.002100,-34.832756
607936,3,-0.61,0.00,9.922,-1.020,-1.116,-7.002100,-34.832756
607986,3,-0.61,0.00,9.912,-1.025,-1.073,-7.002100,-34.832756
608036,3,-0.61,0.00,9.941,-1.030,-1.116,-7.002100,-34.832756
608087,3,-0.59,0.52,9.936,-1.010,-1.144,-7.002100,-34.832756
608137,3,-0.58,0.56,9.912,-1.015,-1.101,-7.002100,-34.832756
608187,3,-0.58,0.00,9.931,-1.020,-1.106,-7.002100,-34.832756
608238,3,-0.57,0.00,9.926,-1.025,-1.125,-7.002100,-34.832756
608288,3,-0.57,0.00,9.941,-1.020,-1.082,-7.002100,-34.832756
608339,3,-0.57,0.00,9.922,-1.034,-1.082,-7.002100,-34.832756
608389,3,-0.57,0.00,9.931,-1.020,-1.106,-7.002100,-34.832756
608439,3,-0.55,0.56,9.922,-1.025,-1.082,-7.002100,-34.832756
608491,3,-0.55,0.00,9.926,-1.006,-1.125,-7.002100,-34.832756
608543,3,-0.54,0.00,9.936,-1.025,-1.111,-7.002100,-34.832756
608594,3,-0.54,0.00,9.931,-1.020,-1.106,-7.002100,-34.832756
608646,3,-0.54,0.52,9.926,-1.006,-1.092,-7.002100,-34.832756
608698,3,-0.55,-0.52,9.926,-1.010,-1.130,-7.002100,-34.832756
608749,3,-0.54,0.00,9.926,-1.025,-1.101,-7.002100,-34.832756
608801,3,-0.53,0.00,9.941,-1.030,-1.130,-7.002100,-34.832756
608853,3,-0.53,0.00,9.922,-1.020,-1.097,-7.002100,-34.832756
608904,3,-0.53,0.00,9.931,-1.025,-1.120,-7.002100,-34.832756
608956,3,-0.53,0.00,9.917,-1.025,-1.092,-7.002100,-34.832756
609006,3,-0.53,0.00,9.912,-1.015,-1.130,-7.002100,-34.832756
609057,3,-0.54,-0.52,9.922,-1.010,-1.106,-7.002100,-34.832756
609107,3,-0.53,0.52,9.912,-1.010,-1.106,-7.002100,-34.832756
609157,3,-0.51,0.00,9.946,-1.020,-1.082,-7.002100,-34.832756
609208,3,-0.47,1.09,9.946,-1.015,-1.130,-7.002100,-34.832756
609258,3,-0.48,-0.52,9.941,-1.020,-1.087,-7.002100,-34.832756
609309,3,-0.48,0.00,9.941,-1.020,-1.125,-7.002100,-34.832756
609359,3,-0.47,0.52,9.936,-1.015,-1.116,-7.002100,-34.832756
609410,3,-0.46,0.56,9.931,-1.030,-1.101,-7.002100,-34.832756
609460,3,-0.44,0.00,9.926,-1.034,-1.082,-7.002100,-34.832756
609511,3,-0.43,0.00,9.946,-1.015,-1.120,-7.002100,-34.832756
609563,3,-0.43,0.00,9.922,-0.996,-1.120,-7.002100,-34.832756
609615,3,-0.46,-0.52,9.941,-1.034,-1.101,-7.002100,-34.832756
609665,3,-0.46,0.00,9.941,-1.015,-1.135,-7.002100,-34.832756
609716,3,-0.50,-1.45,9.931,-1.034,-1.077,-7.002100,-34.832756
609768,3,-0.50,0.00,9.917,-1.030,-1.116,-7.002100,-34.832756
609825,3,-0.51,-0.18,9.907,-1.034,-1.120,-7.002100,-34.832756
609877,3,-0.51,0.00,9.941,-1.010,-1.097,-7.002100,-34.832756
609927,3,-0.51,0.00,9.917,-0.991,-1.111,-7.002100,-34.832756
609977,3,-0.51,0.00,9.907,-1.030,-1.111,-7.002100,-34.832756
610027,3,-0.51,0.00,9.917,-1.025,-1.101,-7.002100,-34.832756
610077,3,-0.54,-0.52,9.926,-1.010,-1.140,-7.002100,-34.832756
610128,3,-0.52,0.52,9.926,-1.006,-1.111,-7.002100,-34.832756
610178,3,-0.54,0.00,9.912,-1.020,-1.125,-7.002100,-34.832756
610229,3,-0.54,0.00,9.917,-1.015,-1.116,-7.002100,-34.832756
610279,3,-0.54,0.00,9.922,-1.034,-1.111,-7.002100,-34.832756
610329,3,-0.52,0.00,9.946,-1.006,-1.106,-7.002100,-34.832756
610380,3,-0.51,0.00,9.931,-1.025,-1.092,-7.002100,-34.832756
610430,3,-0.51,0.00,9.926,-1.020,-1.101,-7.002100,-34.832756
610482,3,-0.50,0.00,9.922,-1.025,-1.125,-7.002100,-34.832756
610534,3,-0.48,0.00,9.936,-1.010,-1.106,-7.002100,-34.832756
610586,3,-0.48,0.00,9.926,-0.996,-1.106,-7.002100,-34.832756
610637,3,-0.47,0.00,9.926,-1.020,-1.116,-7.002100,-34.832756
610689,3,-0.46,0.00,9.926,-1.015,-1.106,-7.002100,-34.832756
610740,3,-0.46,0.00,9.902,-1.030,-1.087,-7.002100,-34.832756
610792,3,-0.44,-0.48,9.941,-1.010,-1.087,-7.002100,-34.832756
610844,3,-0.46,-0.56,9.936,-1.006,-1.116,-7.002100,-34.832756
610895,3,-0.47,0.00,9.936,-1.015,-1.101,-7.002100,-34.832756
610947,3,-0.47,0.00,9.922,-1.015,-1.101,-7.002100,-34.832756
610997,3,-0.48,0.00,9.931,-1.030,-1.106,-7.002100,-34.832756
611048,3,-0.52,0.00,9.941,-1.020,-1.111,-7.002099,-34.832756
611098,3,-0.51,0.52,9.922,-1.025,-1.111,-7.002099,-34.832756
611148,3,-0.51,0.00,9.926,-1.030,-1.101,-7.002099,-34.832756
611199,3,-0.51,-1.51,9.926,-1.020,-1.097,-7.002099,-34.832756
611249,3,-0.51,0.00,9.965,-1.006,-1.125,-7.002099,-34.832756
611300,3,-0.52,0.00,9.926,-1.034,-1.111,-7.002099,-34.832756
611350,3,-0.48,0.00,9.950,-1.020,-1.101,-7.002099,-34.832756
611400,3,-0.48,0.00,9.922,-1.020,-1.111,-7.002099,-34.832756
611451,3,-0.48,0.00,9.936,-1.030,-1.106,-7.002099,-34.832756
611502,3,-0.50,-0.52,9.931,-1.015,-1.111,-7.002099,-34.832756
611554,3,-0.48,0.52,9.907,-1.020,-1.073,-7.002099,-34.832756
611606,3,-0.47,0.48,9.941,-1.010,-1.120,-7.002099,-34.832756
611656,3,-0.47,0.00,9.922,-1.020,-1.111,-7.002099,-34.832756
611707,3,-0.48,-0.48,9.931,-1.006,-1.092,-7.002099,-34.832756
611759,3,-0.47,0.52,9.936,-1.025,-1.116,-7.002099,-34.832756
611811,3,-0.47,0.00,9.931,-1.010,-1.116,-7.002099,-34.832756
611868,3,-0.46,0.19,9.922,-1.030,-1.125,-7.002099,-34.832756
611918,3,-0.44,0.52,9.917,-1.015,-1.106,-7.002099,-34.832756
611967,3,-0.46,0.00,9.936,-1.020,-1.097,-7.002099,-34.832756
612018,3,-0.46,0.00,9.936,-1.001,-1.097,-7.002099,-34.832756
612068,3,-0.44,0.00,9.946,-1.015,-1.097,-7.002099,-34.832756
612119,3,-0.43,0.50,9.946,-1.020,-1.140,-7.002099,-34.832756
612169,3,-0.41,0.88,9.950,-1.015,-1.111,-7.002099,-34.832756
612220,3,-0.39,0.00,9.931,-1.020,-1.087,-7.002099,-34.832756
612270,3,-0.40,0.00,9.931,-1.020,-1.097,-7.002099,-34.832756
612320,3,-0.40,0.00,9.922,-1.006,-1.120,-7.002099,-34.832756
612371,3,-0.39,0.00,9.922,-1.020,-1.097,-7.002099,-34.832756
612421,3,-0.38,-0.93,9.931,-1.025,-1.101,-7.002099,-34.832756
612475,3,-0.36,0.56,9.931,-1.015,-1.092,-7.002099,-34.832756
612526,3,-0.36,0.00,9.946,-1.030,-1.125,-7.002099,-34.832756
612577,3,-0.35,0.45,9.898,-1.010,-1.120,-7.002099,-34.832756
612628,3,-0.36,-0.45,9.922,-1.020,-1.087,-7.002099,-34.832756
612680,3,-0.35,0.00,9.922,-1.015,-1.092,-7.002099,-34.832756
612731,3,-0.33,0.56,9.946,-1.015,-1.140,-7.002099,-34.832756
612783,3,-0.33,0.00,9.936,-1.006,-1.144,-7.002099,-34.832756
612835,3,-0.32,0.00,9.926,-1.001,-1.111,-7.002099,-34.832756
612886,3,-0.36,0.00,9.936,-1.025,-1.077,-7.002099,-34.832756
612938,3,-0.35,0.00,9.917,-1.015,-1.116,-7.002099,-34.832756
612988,3,-0.35,0.00,9.931,-1.020,-1.101,-7.002099,-34.832756
613038,3,-0.32,0.00,9.926,-1.006,-1.116,-7.002098,-34.832756
613089,3,-0.32,0.00,9.936,-1.010,-1.082,-7.002098,-34.832756
613139,3,-0.36,-1.49,9.926,-1.025,-1.106,-7.002098,-34.832756
613190,3,-0.36,0.00,9.931,-1.020,-1.092,-7.002098,-34.832756
613240,3,-0.36,0.00,9.931,-1.015,-1.120,-7.002098,-34.832756
613290,3,-0.36,0.00,9.926,-1.006,-1.101,-7.002098,-34.832756
613341,3,-0.36,0.00,9.912,-1.020,-1.106,-7.002098,-34.832756
613391,3,-0.34,0.56,9.936,-1.020,-1.120,-7.002098,-34.832756
613442,3,-0.36,-0.76,9.907,-1.025,-1.111,-7.002098,-34.832756
613493,3,-0.35,0.00,9.926,-1.025,-1.116,-7.002098,-34.832756
613545,3,-0.35,0.45,9.941,-1.006,-1.097,-7.002098,-34.832756
613594,3,-0.33,0.00,9.931,-0.996,-1.144,-7.002098,-34.832756
613646,3,-0.35,-0.52,9.946,-1.020,-1.097,-7.002098,-34.832756
613696,3,-0.35,0.00,9.941,-1.025,-1.130,-7.002098,-34.832756
613748,3,-0.35,0.00,9.907,-1.020,-1.097,-7.002098,-34.832756
613799,3,-0.36,-0.45,9.936,-1.001,-1.106,-7.002098,-34.832756
613851,3,-0.36,0.00,9.917,-1.025,-1.087,-7.002098,-34.832756
613908,3,-0.33,0.43,9.922,-1.015,-1.082,-7.002098,-34.832756
613960,3,-0.33,0.00,9.936,-1.034,-1.111,-7.002098,-34.832756
614010,3,-0.34,0.00,9.898,-1.006,-1.092,-7.002098,-34.832756
614060,3,-0.34,0.00,9.931,-1.001,-1.111,-7.002098,-34.832756
614111,3,-0.34,0.00,9.931,-1.010,-1.120,-7.002098,-34.832756
614161,3,-0.34,0.00,9.926,-1.010,-1.101,-7.002098,-34.832756
614212,3,-0.34,0.00,9.926,-1.001,-1.116,-7.002098,-34.832756
614262,3,-0.34,0.00,9.922,-1.030,-1.087,-7.002098,-34.832756
614313,3,-0.34,0.00,9.936,-1.044,-1.101,-7.002098,-34.832756
614363,3,-0.36,0.00,9.946,-1.025,-1.092,-7.002098,-34.832756
614413,3,-0.32,1.49,9.926,-1.049,-1.101,-7.002098,-34.832756
614463,3,-0.32,0.00,9.907,-1.006,-1.087,-7.002098,-34.832756
614514,3,-0.32,0.00,9.893,-1.006,-1.111,-7.002098,-34.832756
614565,3,-0.32,0.00,9.907,-1.010,-1.097,-7.002098,-34.832756
614617,3,-0.32,0.00,9.907,-1.006,-1.125,-7.002098,-34.832756
614669,3,-0.32,0.00,9.902,-1.010,-1.111,-7.002098,-34.832756
614720,3,-0.33,-0.52,9.922,-1.015,-1.097,-7.002098,-34.832756
614772,3,-0.33,0.00,9.936,-1.001,-1.116,-7.002098,-34.832756
614823,3,-0.35,-0.52,9.941,-1.030,-1.101,-7.002098,-34.832756
614875,3,-0.35,0.00,9.926,-1.015,-1.130,-7.002098,-34.832756
614927,3,-0.36,0.00,9.941,-1.010,-1.101,-7.002098,-34.832756
614976,3,-0.36,0.52,9.941,-1.020,-1.130,-7.002098,-34.832756
615027,3,-0.36,0.00,9.926,-1.015,-1.101,-7.002098,-34.832756
615077,3,-0.36,0.00,9.931,-1.020,-1.116,-7.002098,-34.832756
615128,3,-0.37,-0.56,9.946,-1.006,-1.092,-7.002098,-34.832756
615178,3,-0.39,0.00,9.941,-1.015,-1.097,-7.002098,-34.832756
615228,3,-0.39,0.00,9.917,-1.010,-1.087,-7.002098,-34.832756
615279,3,-0.39,0.00,9.912,-1.025,-1.087,-7.002098,-34.832756
615329,3,-0.37,0.00,9.946,-1.015,-1.077,-7.002098,-34.832756
615380,3,-0.36,0.56,9.926,-1.020,-1.120,-7.002098,-34.832756
615430,3,-0.35,0.52,9.922,-1.034,-1.101,-7.002098,-34.832756
615480,3,-0.35,0.00,9.922,-1.025,-1.101,-7.002098,-34.832756
615531,3,-0.35,0.00,9.936,-1.015,-1.111,-7.002098,-34.832756
615583,3,-0.35,0.00,9.912,-1.025,-1.087,-7.002098,-34.832756
615633,3,-0.35,0.00,9.941,-1.010,-1.116,-7.002098,-34.832756
615682,3,-0.33,0.56,9.931,-1.025,-1.120,-7.002098,-34.832756
615734,3,-0.33,0.52,9.922,-1.010,-1.125,-7.002098,-34.832756
615785,3,-0.35,-0.52,9.922,-1.020,-1.130,-7.002098,-34.832756
615837,3,-0.35,0.00,9.936,-1.039,-1.101,-7.002098,-34.832756
615889,3,-0.37,0.48,9.936,-1.025,-1.073,-7.002098,-34.832756
615948,3,-0.33,0.50,9.950,-1.010,-1.111,-7.002098,-34.832756
615998,3,-0.32,0.56,9.926,-1.015,-1.125,-7.002098,-34.832756
616049,3,-0.33,0.00,9.931,-1.015,-1.130,-7.002097,-34.832756
616099,3,-0.36,-0.52,9.936,-1.015,-1.116,-7.002097,-34.832756
616149,3,-0.36,0.00,9.950,-1.030,-1.097,-7.002097,-34.832756
616200,3,-0.37,0.00,9.917,-1.020,-1.068,-7.002097,-34.832756
616250,3,-0.37,-0.56,9.926,-1.020,-1.120,-7.002097,-34.832756
616301,3,-0.36,0.56,9.931,-1.025,-1.111,-7.002097,-34.832756
616351,3,-0.37,0.00,9.922,-1.015,-1.116,-7.002097,-34.832756
616401,3,-0.37,0.00,9.931,-1.020,-1.106,-7.002097,-34.832756
616452,3,-0.39,-0.52,9.950,-1.044,-1.125,-7.002097,-34.832756
616502,3,-0.39,0.00,9.912,-1.020,-1.111,-7.002097,-34.832756
616551,3,-0.39,0.00,9.907,-1.020,-1.077,-7.002097,-34.832756
616603,3,-0.42,0.00,9.936,-1.015,-1.140,-7.002097,-34.832756
616654,3,-0.41,0.48,9.864,-1.049,-1.068,-7.002097,-34.832756
616706,3,-0.37,0.00,9.922,-1.001,-1.106,-7.002097,-34.832756
616757,3,-0.39,-0.48,9.912,-1.020,-1.101,-7.002097,-34.832756
616809,3,-0.40,0.00,9.941,-1.006,-1.092,-7.002097,-34.832756
616861,3,-0.39,0.56,9.941,-1.015,-1.116,-7.002097,-34.832756
616912,3,-0.39,0.00,9.960,-1.015,-1.092,-7.002097,-34.832756
616964,3,-0.39,0.00,9.926,-1.025,-1.130,-7.002097,-34.832756
617015,3,-0.37,0.52,9.941,-0.991,-1.106,-7.002097,-34.832756
617065,3,-0.37,0.00,9.926,-1.006,-1.087,-7.002096,-34.832752
617115,3,-0.36,0.00,9.917,-1.025,-1.116,-7.002096,-34.832752
617166,3,-0.33,0.97,9.941,-1.020,-1.101,-7.002096,-34.832752
617216,3,-0.36,0.00,9.931,-1.010,-1.097,-7.002096,-34.832752
617267,3,-0.36,0.00,9.907,-1.030,-1.106,-7.002096,-34.832752
617317,3,-0.36,0.00,9.922,-1.025,-1.120,-7.002096,-34.832752
617367,3,-0.36,0.00,9.922,-1.010,-1.101,-7.002096,-34.832752
617418,3,-0.36,0.00,9.926,-1.010,-1.101,-7.002096,-34.832752
617468,3,-0.37,-0.56,9.950,-1.010,-1.097,-7.002096,-34.832752
617519,3,-0.37,0.00,9.926,-1.030,-1.116,-7.002096,-34.832752
617571,3,-0.37,0.00,9.917,-1.010,-1.106,-7.002096,-34.832752
617623,3,-0.37,0.00,9.922,-1.020,-1.116,-7.002096,-34.832752
617673,3,-0.37,0.00,9.922,-1.025,-1.116,-7.002096,-34.832752
617725,3,-0.37,0.00,9.960,-1.020,-1.101,-7.002096,-34.832752
617776,3,-0.39,0.00,9.936,-1.006,-1.116,-7.002096,-34.832752
617828,3,-0.40,-0.52,9.922,-1.010,-1.125,-7.002096,-34.832752
617879,3,-0.43,-0.52,9.922,-1.025,-1.120,-7.002096,-34.832752
617931,3,-0.43,0.00,9.922,-1.025,-1.140,-7.002096,-34.832752
617988,3,-0.40,0.37,9.922,-1.030,-1.101,-7.002096,-34.832752
618038,3,-0.40,0.00,9.941,-1.020,-1.101,-7.002095,-34.832752
618088,3,-0.47,-0.54,9.926,-1.025,-1.097,-7.002095,-34.832752
618139,3,-0.46,0.56,9.912,-1.015,-1.101,-7.002095,-34.832752
618189,3,-0.47,0.00,9.936,-1.030,-1.125,-7.002095,-34.832752
618240,3,-0.46,0.56,9.926,-1.006,-1.053,-7.002095,-34.832752
618290,3,-0.47,-0.56,9.931,-1.015,-1.092,-7.002095,-34.832752
618340,3,-0.47,0.00,9.936,-1.006,-1.101,-7.002095,-34.832752
618391,3,-0.47,0.00,9.931,-1.010,-1.111,-7.002095,-34.832752
618441,3,-0.46,0.56,9.922,-0.991,-1.111,-7.002095,-34.832752
618493,3,-0.44,0.00,9.912,-0.991,-1.077,-7.002095,-34.832752
618545,3,-0.46,0.00,9.902,-1.010,-1.125,-7.002095,-34.832752
618597,3,-0.44,0.52,9.936,-1.025,-1.116,-7.002095,-34.832752
618647,3,-0.44,0.00,9.907,-1.001,-1.111,-7.002095,-34.832752
618698,3,-0.43,0.48,9.960,-1.006,-1.111,-7.002095,-34.832752
618750,3,-0.41,0.56,9.960,-1.015,-1.120,-7.002095,-34.832752
618802,3,-0.41,0.00,9.922,-0.996,-1.106,-7.002095,-34.832752
618853,3,-0.39,0.00,9.950,-1.015,-1.111,-7.002095,-34.832752
618905,3,-0.37,0.00,9.941,-1.010,-1.120,-7.002095,-34.832752
618956,3,-0.36,0.52,9.912,-1.001,-1.116,-7.002095,-34.832752
619007,3,-0.35,0.00,9.946,-1.006,-1.116,-7.002095,-34.832752
619057,3,-0.35,0.00,9.950,-1.039,-1.106,-7.002094,-34.832752
619108,3,-0.35,0.00,9.931,-1.001,-1.092,-7.002094,-34.832752
619158,3,-0.36,-0.52,9.922,-1.020,-1.106,-7.002094,-34.832752
619208,3,-0.37,-0.56,9.931,-1.020,-1.120,-7.002094,-34.832752
619259,3,-0.37,0.00,9.917,-1.010,-1.097,-7.002094,-34.832752
619309,3,-0.40,-0.56,9.960,-1.015,-1.125,-7.002094,-34.832752
619360,3,-0.41,-0.52,9.941,-1.015,-1.125,-7.002094,-34.832752
619410,3,-0.41,0.00,9.917,-1.010,-1.111,-7.002094,-34.832752
619460,3,-0.41,0.00,9.922,-1.025,-1.111,-7.002094,-34.832752
619512,3,-0.40,0.48,9.926,-1.006,-1.116,-7.002094,-34.832752
619563,3,-0.40,0.00,9.941,-1.020,-1.101,-7.002094,-34.832752
619615,3,-0.39,0.52,9.950,-1.030,-1.106,-7.002094,-34.832752
619664,3,-0.39,0.00,9.922,-1.025,-1.120,-7.002094,-34.832752
619716,3,-0.37,0.48,9.922,-1.030,-1.106,-7.002094,-34.832752
619767,3,-0.36,0.52,9.931,-1.020,-1.106,-7.002094,-34.832752
619819,3,-0.36,0.00,9.931,-1.010,-1.106,-7.002094,-34.832752
619870,3,-0.35,0.48,9.926,-1.010,-1.125,-7.002094,-34.832752
619921,3,-0.35,0.00,9.931,-1.020,-1.125,-7.002094,-34.832752
619970,3,-0.35,0.00,9.931,-1.034,-1.092,-7.002094,-34.832752
620036,3,-0.32,0.34,9.912,-1.020,-1.101,-7.002094,-34.832752
620086,3,-0.33,-0.56,9.936,-1.030,-1.111,-7.002094,-34.832752
620137,3,-0.38,-0.52,9.936,-1.006,-1.120,-7.002094,-34.832752
620187,3,-0.40,0.00,9.950,-1.025,-1.130,-7.002094,-34.832752
620237,3,-0.40,0.00,9.950,-1.020,-1.120,-7.002094,-34.832752
620288,3,-0.40,0.00,9.931,-0.996,-1.111,-7.002094,-34.832752
620338,3,-0.41,0.00,9.917,-1.025,-1.111,-7.002094,-34.832752
620389,3,-0.42,-0.52,9.917,-1.039,-1.111,-7.002094,-34.832752
620439,3,-0.44,-0.56,9.917,-1.030,-1.111,-7.002094,-34.832752
620488,3,-0.44,0.00,9.922,-1.020,-1.120,-7.002094,-34.832752
620539,3,-0.45,-0.48,9.946,-1.030,-1.101,-7.002094,-34.832752
620590,3,-0.46,0.00,9.922,-1.034,-1.125,-7.002094,-34.832752
620642,3,-0.48,-0.48,9.931,-1.010,-1.116,-7.002094,-34.832752
620694,3,-0.46,0.82,9.926,-1.020,-1.120,-7.002094,-34.832752
620745,3,-0.46,0.00,9.912,-1.020,-1.106,-7.002094,-34.832752
620797,3,-0.49,-1.38,9.936,-1.006,-1.111,-7.002094,-34.832752
620848,3,-0.49,0.00,9.950,-1.025,-1.106,-7.002094,-34.832752
620900,3,-0.49,0.00,9.936,-1.034,-1.130,-7.002094,-34.832752
620952,3,-0.49,0.00,9.931,-1.010,-1.101,-7.002094,-34.832752
621002,3,-0.46,0.52,9.917,-1.020,-1.125,-7.002094,-34.832752
621052,3,-0.46,0.00,9.893,-1.015,-1.111,-7.002093,-34.832752
621103,3,-0.45,0.00,9.922,-1.034,-1.111,-7.002093,-34.832752
621153,3,-0.45,0.00,9.931,-1.001,-1.130,-7.002093,-34.832752
621204,3,-0.45,0.00,9.931,-1.020,-1.092,-7.002093,-34.832752
621254,3,-0.45,0.00,9.922,-1.015,-1.097,-7.002093,-34.832752
621304,3,-0.42,0.54,9.941,-1.025,-1.097,-7.002093,-34.832752
621355,3,-0.39,1.45,9.922,-1.001,-1.092,-7.002093,-34.832752
621405,3,-0.42,0.00,9.922,-1.020,-1.111,-7.002093,-34.832752
621455,3,-0.42,0.00,9.917,-1.015,-1.125,-7.002093,-34.832752
621507,3,-0.41,0.48,9.936,-1.034,-1.097,-7.002093,-34.832752
621559,3,-0.41,0.00,9.931,-0.996,-1.120,-7.002093,-34.832752
621610,3,-0.41,0.00,9.922,-1.030,-1.092,-7.002093,-34.832752
621662,3,-0.41,0.00,9.926,-1.015,-1.092,-7.002093,-34.832752
621713,3,-0.42,-0.48,9.926,-1.020,-1.101,-7.002093,-34.832752
621764,3,-0.42,0.00,9.931,-1.001,-1.106,-7.002093,-34.832752
621815,3,-0.39,1.34,9.922,-1.030,-1.111,-7.002093,-34.832752
621867,3,-0.40,0.00,9.946,-1.015,-1.120,-7.002093,-34.832752
621919,3,-0.45,-0.48,9.917,-1.030,-1.106,-7.002093,-34.832752
621970,3,-0.41,1.34,9.907,-1.025,-1.140,-7.002093,-34.832752
622021,3,-0.41,0.00,9.922,-1.001,-1.087,-7.002093,-34.832752
622080,3,-0.48,-0.86,9.936,-1.015,-1.116,-7.002093,-34.832752
622130,3,-0.51,-0.52,9.931,-1.010,-1.135,-7.002093,-34.832752
622180,3,-0.51,0.00,9.926,-1.015,-1.116,-7.002093,-34.832752
622231,3,-0.53,0.00,9.912,-1.015,-1.097,-7.002093,-34.832752
622281,3,-0.52,0.52,9.926,-1.006,-1.106,-7.002093,-34.832752
622332,3,-0.53,-0.52,9.931,-1.020,-1.106,-7.002093,-34.832752
622382,3,-0.53,0.00,9.917,-1.030,-1.087,-7.002093,-34.832752
622432,3,-0.53,0.00,9.922,-1.015,-1.097,-7.002093,-34.832752
622485,3,-0.52,0.48,9.946,-1.015,-1.111,-7.002093,-34.832752
622537,3,-0.52,0.00,9.936,-1.025,-1.106,-7.002093,-34.832752
622587,3,-0.52,0.00,9.936,-1.006,-1.116,-7.002093,-34.832752
622638,3,-0.51,0.00,9.912,-1.034,-1.087,-7.002093,-34.832752
622690,3,-0.51,0.00,9.941,-1.020,-1.106,-7.002093,-34.832752
622739,3,-0.52,0.00,9.955,-1.015,-1.120,-7.002093,-34.832752
622791,3,-0.52,0.00,9.917,-1.034,-1.097,-7.002093,-34.832752
622842,3,-0.52,0.00,9.917,-1.025,-1.125,-7.002093,-34.832752
622894,3,-0.52,0.48,9.946,-1.015,-1.130,-7.002093,-34.832752
622945,3,-0.52,0.00,9.926,-1.020,-1.082,-7.002093,-34.832752
622996,3,-0.48,0.00,9.941,-1.034,-1.135,-7.002093,-34.832752
623046,3,-0.47,0.00,9.955,-1.020,-1.106,-7.002092,-34.832752
623096,3,-0.47,0.00,9.931,-1.006,-1.101,-7.002092,-34.832752
623147,3,-0.46,0.00,9.926,-1.010,-1.087,-7.002092,-34.832752
623197,3,-0.46,0.00,9.931,-1.001,-1.097,-7.002092,-34.832752
623248,3,-0.46,0.00,9.926,-0.991,-1.097,-7.002092,-34.832752
623298,3,-0.47,-0.56,9.912,-1.039,-1.120,-7.002092,-34.832752
623349,3,-0.47,0.00,9.941,-1.049,-1.101,-7.002092,-34.832752
623399,3,-0.47,0.00,9.936,-1.030,-1.092,-7.002092,-34.832752
623449,3,-0.46,0.00,9.926,-1.010,-1.120,-7.002092,-34.832752
623501,3,-0.46,0.00,9.931,-1.020,-1.106,-7.002092,-34.832752
623550,3,-0.44,0.00,9.931,-1.034,-1.106,-7.002092,-34.832752
623602,3,-0.40,0.00,9.931,-1.015,-1.101,-7.002092,-34.832752
623653,3,-0.44,-1.45,9.922,-1.006,-1.106,-7.002092,-34.832752
623705,3,-0.44,0.00,9.931,-1.030,-1.111,-7.002092,-34.832752
623757,3,-0.43,0.48,9.917,-1.010,-1.135,-7.002092,-34.832752
623807,3,-0.43,0.00,9.907,-1.015,-1.087,-7.002092,-34.832752
623858,3,-0.41,0.52,9.941,-1.030,-1.101,-7.002092,-34.832752
623910,3,-0.41,0.00,9.926,-1.001,-1.077,-7.002092,-34.832752
623959,3,-0.40,0.48,9.907,-1.010,-1.101,-7.002092,-34.832752
624010,3,-0.39,0.00,9.912,-1.006,-1.120,-7.002092,-34.832752
624060,3,-0.36,0.56,9.922,-1.010,-1.106,-7.002092,-34.832752
624119,3,-0.36,0.00,9.931,-1.015,-1.125,-7.002092,-34.832752
624169,3,-0.35,0.52,9.926,-1.001,-1.092,-7.002092,-34.832752
624220,3,-0.35,0.00,9.912,-1.010,-1.097,-7.002092,-34.832752
624270,3,-0.33,0.00,9.917,-1.020,-1.073,-7.002092,-34.832752
624320,3,-0.32,0.54,9.922,-1.034,-1.101,-7.002092,-34.832752
624371,3,-0.33,0.00,9.922,-1.010,-1.116,-7.002092,-34.832752
624421,3,-0.33,0.00,9.917,-1.010,-1.120,-7.002092,-34.832752
624474,3,-0.33,0.00,9.931,-1.020,-1.106,-7.002092,-34.832752
624524,3,-0.33,0.00,9.936,-1.020,-1.087,-7.002092,-34.832752
624576,3,-0.33,0.00,9.936,-1.039,-1.120,-7.002092,-34.832752
624627,3,-0.33,0.00,9.917,-1.034,-1.077,-7.002092,-34.832752
624679,3,-0.33,0.00,9.917,-1.020,-1.092,-7.002092,-34.832752
624730,3,-0.32,0.00,9.946,-1.025,-1.130,-7.002092,-34.832752
624782,3,-0.32,0.52,9.931,-1.015,-1.101,-7.002092,-34.832752
624831,3,-0.32,0.00,9.936,-1.020,-1.101,-7.002092,-34.832752
624883,3,-0.31,0.48,9.902,-1.015,-1.101,-7.002092,-34.832752
624934,3,-0.31,0.00,9.917,-1.020,-1.120,-7.002092,-34.832752
624984,3,-0.32,0.00,9.926,-1.010,-1.097,-7.002092,-34.832752
625034,3,-0.33,-0.56,9.936,-1.010,-1.130,-7.002092,-34.832752
625085,3,-0.33,0.00,9.926,-1.006,-1.111,-7.002092,-34.832752
625135,3,-0.32,0.00,9.936,-1.010,-1.101,-7.002092,-34.832752
625186,3,-0.32,0.00,9.917,-1.020,-1.125,-7.002092,-34.832752
625236,3,-0.31,0.52,9.922,-0.996,-1.125,-7.002092,-34.832752
625287,3,-0.31,0.00,9.907,-1.020,-1.111,-7.002092,-34.832752
625337,3,-0.31,0.00,9.936,-1.006,-1.101,-7.002092,-34.832752
625387,3,-0.32,-0.52,9.941,-1.049,-1.135,-7.002092,-34.832752
625438,3,-0.32,0.00,9.946,-1.030,-1.092,-7.002092,-34.832752
625487,3,-0.31,0.00,9.936,-1.010,-1.130,-7.002092,-34.832752
625539,3,-0.29,0.52,9.955,-1.020,-1.125,-7.002092,-34.832752
625590,3,-0.26,0.00,9.946,-1.030,-1.116,-7.002092,-34.832752
625641,3,-0.26,0.00,9.926,-1.015,-1.097,-7.002092,-34.832752
625692,3,-0.26,0.00,9.926,-1.015,-1.101,-7.002092,-34.832752
625744,3,-0.28,-0.56,9.931,-0.996,-1.120,-7.002092,-34.832752
625796,3,-0.24,0.00,9.917,-1.015,-1.111,-7.002092,-34.832752
625847,3,-0.24,0.00,9.902,-1.015,-1.106,-7.002092,-34.832752
625899,3,-0.25,0.00,9.941,-1.015,-1.111,-7.002092,-34.832752
625950,3,-0.25,0.00,9.931,-1.010,-1.092,-7.002092,-34.832752
626001,3,-0.27,-0.56,9.917,-1.020,-1.097,-7.002092,-34.832752
626051,3,-0.28,0.00,9.926,-1.015,-1.097,-7.002092,-34.832748
626101,3,-0.29,0.00,9.936,-1.030,-1.092,-7.002092,-34.832748
626160,3,-0.29,0.00,9.912,-1.010,-1.120,-7.002092,-34.832748
626211,3,-0.28,0.56,9.931,-1.015,-1.097,-7.002092,-34.832748
626261,3,-0.28,0.00,9.926,-1.010,-1.116,-7.002092,-34.832748
626312,3,-0.28,0.00,9.931,-1.001,-1.106,-7.002092,-34.832748
626362,3,-0.29,-0.56,9.941,-1.025,-1.120,-7.002092,-34.832748
626412,3,-0.28,0.00,9.950,-1.010,-1.097,-7.002092,-34.832748
626463,3,-0.29,0.00,9.955,-1.025,-1.092,-7.002092,-34.832748
626513,3,-0.29,0.00,9.941,-1.020,-1.111,-7.002092,-34.832748
626565,3,-0.31,0.00,9.917,-1.030,-1.111,-7.002092,-34.832748
626616,3,-0.29,0.48,9.941,-1.020,-1.097,-7.002092,-34.832748
626668,3,-0.27,1.01,9.917,-1.025,-1.101,-7.002092,-34.832748
626719,3,-0.28,-0.48,9.936,-1.020,-1.092,-7.002092,-34.832748
626771,3,-0.28,0.00,9.946,-1.020,-1.130,-7.002092,-34.832748
626823,3,-0.28,-0.48,9.917,-1.010,-1.120,-7.002092,-34.832748
626874,3,-0.27,0.00,9.931,-1.025,-1.116,-7.002092,-34.832748
632175,3,-0.28,-0.48,9.941,-1.010,-1.106,-7.002092,-34.832748
632187,3,-0.41,-0.03,9.926,-1.015,-1.125,-7.002092,-34.832748
632237,3,-0.38,1.39,9.926,-1.010,-1.101,-7.002092,-34.832748
632288,3,-0.38,0.00,9.941,-1.015,-1.106,-7.002092,-34.832748
632338,3,-0.41,-0.52,9.917,-1.015,-1.111,-7.002092,-34.832748
632389,3,-0.42,-0.56,9.936,-1.001,-1.097,-7.002092,-34.832748
632439,3,-0.42,0.00,9.907,-1.020,-1.101,-7.002092,-34.832748
632491,3,-0.42,0.00,9.955,-1.020,-1.125,-7.002092,-34.832748
632543,3,-0.42,0.00,9.926,-1.025,-1.111,-7.002092,-34.832748
632594,3,-0.42,0.00,9.907,-1.015,-1.135,-7.002092,-34.832748
632645,3,-0.41,0.52,9.926,-1.030,-1.116,-7.002092,-34.832748
632696,3,-0.42,-0.52,9.926,-1.015,-1.120,-7.002092,-34.832748
632748,3,-0.42,0.00,9.922,-1.015,-1.092,-7.002092,-34.832748
632797,3,-0.42,0.00,9.926,-1.010,-1.087,-7.002092,-34.832748
632849,3,-0.42,0.00,9.941,-1.001,-1.101,-7.002092,-34.832748
632900,3,-0.46,-1.45,9.941,-1.025,-1.120,-7.002092,-34.832748
632952,3,-0.46,0.00,9.931,-1.006,-1.120,-7.002092,-34.832748
633002,3,-0.46,0.00,9.941,-1.030,-1.111,-7.002092,-34.832748
633053,3,-0.46,0.00,9.931,-1.020,-1.144,-7.002089,-34.832748
633103,3,-0.47,-0.56,9.922,-1.025,-1.130,-7.002089,-34.832748
633153,3,-0.47,0.00,9.926,-1.015,-1.111,-7.002089,-34.832748
633204,3,-0.47,0.00,9.941,-1.015,-1.092,-7.002089,-34.832748
633254,3,-0.46,0.56,9.917,-1.010,-1.116,-7.002089,-34.832748
633305,3,-0.46,0.00,9.936,-1.034,-1.106,-7.002089,-34.832748
633355,3,-0.44,0.00,9.922,-1.025,-1.106,-7.002089,-34.832748
633417,3,-0.44,0.00,9.936,-1.030,-1.101,-7.002089,-34.832748
633467,3,-0.46,0.52,9.917,-1.030,-1.087,-7.002089,-34.832748
633517,3,-0.46,0.00,9.926,-1.015,-1.101,-7.002089,-34.832748
633569,3,-0.45,0.00,9.936,-1.001,-1.092,-7.002089,-34.832748
633620,3,-0.40,1.86,9.931,-1.001,-1.144,-7.002089,-34.832748
633672,3,-0.40,0.00,9.922,-1.010,-1.092,-7.002089,-34.832748
633723,3,-0.40,0.00,9.926,-1.020,-1.125,-7.002089,-34.832748
633775,3,-0.40,0.00,9.922,-1.006,-1.111,-7.002089,-34.832748
633827,3,-0.40,0.00,9.926,-1.001,-1.092,-7.002089,-34.832748
633878,3,-0.40,0.00,9.931,-1.034,-1.087,-7.002089,-34.832748
633930,3,-0.40,-0.52,9.922,-1.015,-1.101,-7.002089,-34.832748
633980,3,-0.41,-0.52,9.931,-1.025,-1.120,-7.002089,-34.832748
634030,3,-0.41,0.00,9.955,-1.034,-1.116,-7.002089,-34.832748
634080,3,-0.44,0.56,9.912,-1.010,-1.092,-7.002089,-34.832748
634131,3,-0.45,-0.56,9.936,-1.010,-1.116,-7.002089,-34.832748
634181,3,-0.46,0.00,9.931,-1.010,-1.087,-7.002089,-34.832748
634232,3,-0.46,0.00,9.907,-1.030,-1.106,-7.002089,-34.832748
634282,3,-0.45,0.52,9.926,-1.025,-1.087,-7.002089,-34.832748
634332,3,-0.44,0.00,9.926,-1.030,-1.082,-7.002089,-34.832748
634383,3,-0.44,0.00,9.931,-1.006,-1.116,-7.002089,-34.832748
634433,3,-0.44,0.00,9.936,-1.006,-1.092,-7.002089,-34.832748
634485,3,-0.42,0.00,9.917,-1.010,-1.101,-7.002089,-34.832748
634537,3,-0.42,-0.48,9.922,-1.010,-1.111,-7.002089,-34.832748
634589,3,-0.42,0.00,9.922,-1.015,-1.106,-7.002089,-34.832748
634640,3,-0.42,0.52,9.922,-1.015,-1.106,-7.002089,-34.832748
634692,3,-0.44,-0.52,9.946,-1.030,-1.097,-7.002089,-34.832748
634743,3,-0.42,0.00,9.926,-1.020,-1.135,-7.002089,-34.832748
634794,3,-0.47,-1.86,9.946,-1.025,-1.101,-7.002089,-34.832748
634845,3,-0.49,-0.52,9.931,-1.020,-1.125,-7.002089,-34.832748
634897,3,-0.47,0.52,9.922,-1.025,-1.116,-7.002089,-34.832748
634949,3,-0.46,0.00,9.931,-1.030,-1.101,-7.002089,-34.832748
634999,3,-0.46,0.00,9.917,-1.015,-1.087,-7.002089,-34.832748
635049,3,-0.45,0.56,9.926,-1.030,-1.101,-7.002089,-34.832748
635100,3,-0.45,0.00,9.917,-1.034,-1.092,-7.002089,-34.832748
635150,3,-0.45,0.00,9.922,-1.001,-1.111,-7.002089,-34.832748
635200,3,-0.48,-1.32,9.922,-1.015,-1.154,-7.002089,-34.832748
635251,3,-0.45,0.00,9.922,-1.025,-1.125,-7.002089,-34.832748
635301,3,-0.45,-1.37,9.926,-1.020,-1.149,-7.002089,-34.832748
635352,3,-0.45,0.00,9.931,-1.030,-1.111,-7.002089,-34.832748
635402,3,-0.44,0.00,9.941,-1.015,-1.111,-7.002089,-34.832748
635460,3,-0.43,0.19,9.926,-1.025,-1.073,-7.002089,-34.832748
635512,3,-0.44,-0.56,9.936,-1.025,-1.125,-7.002089,-34.832748
635564,3,-0.43,0.52,9.912,-1.020,-1.116,-7.002089,-34.832748
635614,3,-0.44,-0.52,9.931,-1.025,-1.111,-7.002089,-34.832748
635666,3,-0.44,0.00,9.926,-1.015,-1.125,-7.002089,-34.832748
635717,3,-0.47,-0.48,9.931,-1.015,-1.111,-7.002089,-34.832748
635769,3,-0.47,0.00,9.931,-1.020,-1.116,-7.002089,-34.832748
635820,3,-0.48,0.00,9.912,-1.010,-1.111,-7.002089,-34.832748
635872,3,-0.51,0.00,9.926,-1.020,-1.106,-7.002089,-34.832748
635924,3,-0.51,0.00,9.922,-1.020,-1.077,-7.002089,-34.832748
635976,3,-0.49,0.56,9.917,-1.020,-1.130,-7.002089,-34.832748
636026,3,-0.49,0.00,9.926,-1.015,-1.101,-7.002089,-34.832748
636077,3,-0.48,0.00,9.936,-1.010,-1.082,-7.002089,-34.832748
636127,3,-0.45,0.00,9.936,-1.015,-1.120,-7.002089,-34.832748
636177,3,-0.44,0.56,9.931,-1.020,-1.111,-7.002089,-34.832748
636228,3,-0.44,0.00,9.912,-1.010,-1.111,-7.002089,-34.832748
636278,3,-0.44,0.00,9.931,-1.025,-1.101,-7.002089,-34.832748
636329,3,-0.43,0.54,9.936,-1.020,-1.101,-7.002089,-34.832748
636379,3,-0.41,0.00,9.936,-1.006,-1.092,-7.002089,-34.832748
636429,3,-0.43,0.00,9.912,-1.020,-1.116,-7.002089,-34.832748
636479,3,-0.41,0.48,9.941,-1.015,-1.116,-7.002089,-34.832748
636531,3,-0.43,0.00,9.931,-1.015,-1.130,-7.002089,-34.832748
636582,3,-0.43,0.00,9.936,-1.030,-1.092,-7.002089,-34.832748
636634,3,-0.44,0.00,9.950,-1.025,-1.135,-7.002089,-34.832748
636686,3,-0.44,1.30,9.922,-1.034,-1.116,-7.002089,-34.832748
636737,3,-0.44,0.00,9.922,-1.015,-1.120,-7.002089,-34.832748
636789,3,-0.45,0.00,9.936,-1.020,-1.116,-7.002089,-34.832748
636840,3,-0.45,0.00,9.946,-1.015,-1.125,-7.002089,-34.832748
636891,3,-0.47,-0.48,9.936,-1.020,-1.111,-7.002089,-34.832748
636942,3,-0.48,-0.52,9.912,-1.010,-1.130,-7.002089,-34.832748
636992,3,-0.48,0.00,9.936,-1.025,-1.135,-7.002089,-34.832748
637043,3,-0.47,0.56,9.931,-1.039,-1.116,-7.002089,-34.832748
637093,3,-0.47,0.00,9.926,-1.034,-1.092,-7.002089,-34.832748
637144,3,-0.45,0.00,9.926,-1.020,-1.120,-7.002089,-34.832748
637194,3,-0.44,0.54,9.936,-1.039,-1.106,-7.002089,-34.832748
637244,3,-0.44,0.00,9.931,-1.025,-1.106,-7.002089,-34.832748
637295,3,-0.41,0.52,9.936,-1.034,-1.120,-7.002089,-34.832748
637345,3,-0.40,0.56,9.931,-1.015,-1.120,-7.002089,-34.832748
637396,3,-0.40,0.00,9.922,-1.025,-1.073,-7.002089,-34.832748
637446,3,-0.37,0.00,9.931,-1.030,-1.106,-7.002089,-34.832748
637530,3,-0.37,0.00,9.922,-1.025,-1.092,-7.002089,-34.832748
637581,3,-0.38,-0.52,9.926,-1.039,-1.116,-7.002089,-34.832748
637632,3,-0.38,0.00,9.922,-1.010,-1.116,-7.002089,-34.832748
637683,3,-0.37,0.48,9.936,-1.015,-1.101,-7.002089,-34.832748
637735,3,-0.41,0.00,9.922,-1.025,-1.125,-7.002089,-34.832748
637786,3,-0.41,0.00,9.936,-1.015,-1.120,-7.002089,-34.832748
637838,3,-0.38,1.27,9.917,-1.010,-1.111,-7.002089,-34.832748
637890,3,-0.39,0.00,9.931,-1.015,-1.116,-7.002089,-34.832748
637941,3,-0.41,-0.80,9.941,-1.030,-1.130,-7.002089,-34.832748
637991,3,-0.39,0.00,9.931,-1.015,-1.125,-7.002089,-34.832748
638042,3,-0.39,0.00,9.917,-1.015,-1.101,-7.002089,-34.832748
638092,3,-0.39,0.00,9.931,-1.025,-1.116,-7.002089,-34.832748
638143,3,-0.41,0.00,9.950,-1.015,-1.097,-7.002089,-34.832748
638193,3,-0.41,0.00,9.922,-1.025,-1.111,-7.002089,-34.832748
638243,3,-0.38,1.37,9.912,-1.025,-1.092,-7.002089,-34.832748
638294,3,-0.39,0.00,9.917,-1.025,-1.116,-7.002089,-34.832748
638344,3,-0.43,0.00,9.946,-1.010,-1.120,-7.002089,-34.832748
638394,3,-0.41,0.80,9.922,-1.020,-1.135,-7.002089,-34.832748
638445,3,-0.41,0.00,9.912,-1.006,-1.106,-7.002089,-34.832748
638494,3,-0.39,0.00,9.912,-1.030,-1.097,-7.002089,-34.832748
638546,3,-0.38,0.52,9.936,-1.006,-1.125,-7.002089,-34.832748
638597,3,-0.38,0.00,9.912,-1.020,-1.140,-7.002089,-34.832748
638649,3,-0.38,0.00,9.926,-1.015,-1.097,-7.002089,-34.832748
638701,3,-0.41,0.00,9.936,-1.030,-1.116,-7.002089,-34.832748
638751,3,-0.41,0.00,9.931,-1.030,-1.111,-7.002089,-34.832748
638803,3,-0.40,0.52,9.931,-1.020,-1.101,-7.002089,-34.832748
638854,3,-0.38,0.52,9.936,-1.010,-1.116,-7.002089,-34.832748
638906,3,-0.38,0.00,9.931,-1.001,-1.120,-7.002089,-34.832748
638957,3,-0.38,-0.48,9.931,-1.006,-1.111,-7.002089,-34.832748
639008,3,-0.37,0.52,9.926,-1.020,-1.097,-7.002089,-34.832748
639058,3,-0.38,0.00,9.931,-1.001,-1.130,-7.002089,-34.832748
639109,3,-0.38,0.00,9.922,-1.020,-1.106,-7.002089,-34.832748
639159,3,-0.37,0.52,9.922,-1.010,-1.120,-7.002089,-34.832748
639209,3,-0.36,0.00,9.941,-1.015,-1.111,-7.002089,-34.832748
639260,3,-0.36,0.00,9.912,-1.025,-1.101,-7.002089,-34.832748
639310,3,-0.37,-0.52,9.941,-1.025,-1.101,-7.002089,-34.832748
639361,3,-0.37,0.00,9.931,-1.010,-1.092,-7.002089,-34.832748
639411,3,-0.38,0.00,9.931,-1.030,-1.106,-7.002089,-34.832748
639461,3,-0.38,0.00,9.941,-1.010,-1.097,-7.002089,-34.832748
639513,3,-0.37,0.48,9.936,-1.015,-1.092,-7.002089,-34.832748
639570,3,-0.37,0.00,9.936,-1.030,-1.111,-7.002089,-34.832748
639620,3,-0.37,0.00,9.917,-1.015,-1.120,-7.002089,-34.832748
639669,3,-0.38,0.00,9.936,-1.020,-1.092,-7.002089,-34.832748
639721,3,-0.37,0.48,9.922,-1.020,-1.097,-7.002089,-34.832748
639772,3,-0.37,0.00,9.946,-1.001,-1.130,-7.002089,-34.832748
639824,3,-0.36,0.00,9.917,-1.001,-1.135,-7.002089,-34.832748
639875,3,-0.34,0.52,9.926,-1.020,-1.125,-7.002089,-34.832748
639927,3,-0.33,0.48,9.917,-1.010,-1.087,-7.002089,-34.832748
639979,3,-0.33,0.00,9.917,-1.030,-1.106,-7.002089,-34.832748
640030,3,-0.35,0.00,9.946,-1.020,-1.097,-7.002089,-34.832748
640080,3,-0.30,1.90,9.941,-1.030,-1.106,-7.002089,-34.832748
640130,3,-0.34,-1.49,9.941,-1.015,-1.097,-7.002089,-34.832748
640181,3,-0.35,0.00,9.936,-1.006,-1.101,-7.002089,-34.832748
640231,3,-0.32,0.00,9.941,-1.015,-1.097,-7.002089,-34.832748
640282,3,-0.32,0.00,9.922,-0.996,-1.106,-7.002089,-34.832748
640332,3,-0.32,0.00,9.931,-1.020,-1.120,-7.002089,-34.832748
640382,3,-0.32,0.00,9.907,-1.010,-1.116,-7.002089,-34.832748
640433,3,-0.33,-0.56,9.936,-1.025,-1.116,-7.002089,-34.832748
640483,3,-0.33,0.00,9.931,-1.006,-1.116,-7.002089,-34.832748
640534,3,-0.34,-0.52,9.922,-1.034,-1.097,-7.002089,-34.832748
640586,3,-0.34,0.00,9.941,-1.030,-1.111,-7.002089,-34.832748
640637,3,-0.34,0.00,9.941,-1.025,-1.106,-7.002089,-34.832748
640689,3,-0.34,0.00,9.931,-1.015,-1.101,-7.002089,-34.832748
640741,3,-0.32,0.00,9.917,-1.030,-1.106,-7.002089,-34.832748
640791,3,-0.36,-1.27,9.941,-1.001,-1.111,-7.002089,-34.832748
640842,3,-0.34,0.74,9.931,-1.006,-1.106,-7.002089,-34.832748
640894,3,-0.35,-0.48,9.941,-1.020,-1.111,-7.002089,-34.832748
640946,3,-0.40,0.00,9.941,-1.020,-1.116,-7.002089,-34.832748
640996,3,-0.41,0.00,9.912,-1.025,-1.140,-7.002089,-34.832748
641046,3,-0.43,0.00,9.898,-1.025,-1.111,-7.002089,-34.832748
641096,3,-0.41,0.00,9.926,-1.039,-1.101,-7.002089,-34.832748
641147,3,-0.41,0.00,9.936,-1.001,-1.087,-7.002089,-34.832748
641197,3,-0.41,0.00,9.936,-1.025,-1.116,-7.002089,-34.832748
641248,3,-0.41,0.52,9.936,-1.025,-1.077,-7.002089,-34.832748
641298,3,-0.43,-0.52,9.907,-1.010,-1.135,-7.002089,-34.832748
641349,3,-0.43,0.00,9.926,-1.039,-1.097,-7.002089,-34.832748
641399,3,-0.46,0.00,9.922,-1.020,-1.106,-7.002089,-34.832748
641449,3,-0.46,0.00,9.950,-1.020,-1.144,-7.002089,-34.832748
641501,3,-0.46,0.00,9.941,-1.020,-1.144,-7.002089,-34.832748
641553,3,-0.47,0.00,9.926,-1.020,-1.125,-7.002089,-34.832748
641610,3,-0.47,0.00,9.941,-1.020,-1.120,-7.002089,-34.832748
641660,3,-0.47,0.00,9.926,-1.025,-1.125,-7.002089,-34.832748
641709,3,-0.49,0.00,9.931,-1.030,-1.116,-7.002089,-34.832748
641761,3,-0.49,0.00,9.936,-1.034,-1.116,-7.002089,-34.832748
641812,3,-0.49,0.00,9.936,-1.025,-1.106,-7.002089,-34.832748
641864,3,-0.49,0.00,9.912,-1.015,-1.082,-7.002089,-34.832748
641915,3,-0.47,0.00,9.917,-0.991,-1.125,-7.002089,-34.832748
641967,3,-0.47,0.56,9.946,-1.020,-1.106,-7.002089,-34.832748
642018,3,-0.49,-0.60,9.931,-1.015,-1.106,-7.002089,-34.832748
642068,3,-0.49,0.00,9.912,-1.030,-1.101,-7.002089,-34.832748
642119,3,-0.50,-0.56,9.931,-1.034,-1.101,-7.002089,-34.832748
642169,3,-0.52,-0.50,9.936,-1.025,-1.111,-7.002089,-34.832748
642220,3,-0.50,0.00,9.950,-1.020,-1.097,-7.002089,-34.832748
642270,3,-0.52,0.00,9.941,-0.991,-1.101,-7.002089,-34.832748
642320,3,-0.52,0.00,9.902,-1.015,-1.116,-7.002089,-34.832748
642371,3,-0.52,0.00,9.898,-1.006,-1.116,-7.002089,-34.832748
642421,3,-0.52,-0.52,9.926,-1.034,-1.120,-7.002089,-34.832748
642474,3,-0.52,0.00,9.946,-1.030,-1.106,-7.002089,-34.832748
642525,3,-0.52,-0.48,9.926,-1.025,-1.101,-7.002089,-34.832748
642577,3,-0.52,0.00,9.917,-0.986,-1.111,-7.002089,-34.832748
642628,3,-0.53,0.00,9.917,-0.972,-1.135,-7.002089,-34.832748
642680,3,-0.52,0.00,9.941,-1.015,-1.120,-7.002089,-34.832748
642732,3,-0.50,0.48,9.917,-1.025,-1.087,-7.002089,-34.832748
642783,3,-0.49,0.00,9.912,-1.034,-1.097,-7.002089,-34.832748
642835,3,-0.49,0.00,9.926,-1.015,-1.130,-7.002089,-34.832748
642886,3,-0.47,0.00,9.936,-1.015,-1.111,-7.002089,-34.832748
642937,3,-0.47,0.00,9.931,-1.006,-1.097,-7.002089,-34.832748
642987,3,-0.44,1.30,9.950,-1.001,-1.125,-7.002089,-34.832748
643037,3,-0.45,-0.54,9.926,-1.025,-1.116,-7.002088,-34.832748
643087,3,-0.45,0.00,9.917,-1.010,-1.125,-7.002088,-34.832748
643138,3,-0.45,0.52,9.912,-1.044,-1.077,-7.002088,-34.832748
643188,3,-0.47,-0.52,9.931,-0.977,-1.111,-7.002088,-34.832748
643239,3,-0.47,0.00,9.931,-0.958,-1.101,-7.002088,-34.832748
643289,3,-0.47,0.00,9.926,-1.034,-1.111,-7.002088,-34.832748
643339,3,-0.48,-0.56,9.907,-1.063,-1.101,-7.002088,-34.832748
643390,3,-0.49,0.00,9.936,-1.049,-1.120,-7.002088,-34.832748
643440,3,-0.51,-0.56,9.931,-0.996,-1.077,-7.002088,-34.832748
643492,3,-0.52,-0.52,9.941,-0.972,-1.082,-7.002088,-34.832748
643544,3,-0.52,0.00,9.936,-0.986,-1.097,-7.002088,-34.832748
643595,3,-0.52,0.00,9.926,-0.996,-1.144,-7.002088,-34.832748
643652,3,-0.49,0.46,9.902,-1.039,-1.125,-7.002088,-34.832748
643704,3,-0.47,0.56,9.883,-1.106,-1.058,-7.002088,-34.832748
643756,3,-0.49,0.00,9.936,-1.044,-1.092,-7.002088,-34.832748
643806,3,-0.49,0.00,9.926,-1.030,-1.077,-7.002088,-34.832748
643858,3,-0.49,0.00,9.931,-0.953,-1.130,-7.002088,-34.832748
643909,3,-0.50,-0.52,9.917,-0.958,-1.116,-7.002088,-34.832748
643961,3,-0.50,0.00,9.931,-0.986,-1.125,-7.002088,-34.832748
644011,3,-0.50,0.00,9.912,-1.044,-1.111,-7.002088,-34.832748
644062,3,-0.46,1.49,9.907,-1.063,-1.101,-7.002088,-34.832745
644112,3,-0.45,0.00,9.931,-1.030,-1.097,-7.002088,-34.832745
644163,3,-0.45,2.01,9.917,-1.010,-1.125,-7.002088,-34.832745
644213,3,-0.44,0.54,9.917,-0.982,-1.111,-7.002088,-34.832745
644263,3,-0.46,0.00,9.922,-0.939,-1.120,-7.002088,-34.832745
644314,3,-0.45,0.56,9.950,-0.986,-1.073,-7.002088,-34.832745
644364,3,-0.46,-0.56,9.936,-1.020,-1.097,-7.002088,-34.832745
644415,3,-0.46,0.00,9.946,-1.044,-1.116,-7.002088,-34.832745
644465,3,-0.45,0.00,9.936,-1.049,-1.144,-7.002088,-34.832745
644516,3,-0.46,0.00,9.941,-1.034,-1.135,-7.002088,-34.832745
644568,3,-0.46,-0.52,9.936,-0.996,-1.111,-7.002088,-34.832745
644619,3,-0.46,0.00,9.926,-1.006,-1.077,-7.002088,-34.832745
644671,3,-0.46,0.00,9.922,-1.010,-1.092,-7.002088,-34.832745
644720,3,-0.46,0.00,9.912,-1.044,-1.135,-7.002088,-34.832745
644772,3,-0.46,0.00,9.931,-1.068,-1.130,-7.002088,-34.832745
644823,3,-0.47,-0.48,9.941,-1.006,-1.106,-7.002088,-34.832745
644875,3,-0.49,-0.52,9.912,-0.996,-1.120,-7.002088,-34.832745
644926,3,-0.49,0.52,9.917,-0.953,-1.068,-7.002088,-34.832745
644979,3,-0.49,0.00,9.922,-0.967,-1.087,-7.002088,-34.832745
645029,3,-0.49,0.00,9.922,-1.025,-1.130,-7.002088,-34.832745
645080,3,-0.49,0.00,9.926,-1.077,-1.130,-7.002088,-34.832745
645130,3,-0.50,-0.56,9.950,-1.068,-1.149,-7.002088,-34.832745
645180,3,-0.50,0.00,9.926,-1.034,-1.106,-7.002088,-34.832745
645231,3,-0.50,0.52,9.926,-1.001,-1.111,-7.002088,-34.832745
645281,3,-0.50,0.00,9.941,-0.982,-1.073,-7.002088,-34.832745
645332,3,-0.50,0.00,9.926,-0.977,-1.116,-7.002088,-34.832745
645382,3,-0.47,0.56,9.941,-1.006,-1.116,-7.002088,-34.832745
645432,3,-0.46,0.50,9.926,-1.049,-1.116,-7.002088,-34.832745
645485,3,-0.45,0.00,9.912,-1.049,-1.116,-7.002088,-34.832745
645535,3,-0.45,0.00,9.926,-1.030,-1.106,-7.002088,-34.832745
645587,3,-0.40,0.00,9.917,-1.001,-1.125,-7.002088,-34.832745
645638,3,-0.38,0.48,9.941,-0.996,-1.092,-7.002088,-34.832745
645697,3,-0.37,0.18,9.912,-1.001,-1.101,-7.002088,-34.832745
645749,3,-0.37,0.00,9.926,-1.030,-1.120,-7.002088,-34.832745
645800,3,-0.38,-0.52,9.917,-1.044,-1.101,-7.002088,-34.832745
645851,3,-0.38,0.00,9.936,-1.015,-1.111,-7.002088,-34.832745
645902,3,-0.38,0.00,9.931,-1.006,-1.087,-7.002088,-34.832745
645954,3,-0.38,0.00,9.922,-1.006,-1.135,-7.002088,-34.832745
646004,3,-0.38,0.00,9.922,-0.991,-1.101,-7.002088,-34.832745
646055,3,-0.40,-0.52,9.931,-1.020,-1.120,-7.002088,-34.832745
646105,3,-0.41,0.00,9.917,-1.034,-1.097,-7.002088,-34.832745
646156,3,-0.41,0.00,9.898,-1.020,-1.135,-7.002088,-34.832745
646206,3,-0.42,-0.50,9.907,-1.020,-1.125,-7.002088,-34.832745
646257,3,-0.42,0.00,9.931,-1.034,-1.120,-7.002088,-34.832745
646307,3,-0.42,0.54,9.950,-1.020,-1.125,-7.002088,-34.832745
646357,3,-0.44,-0.56,9.912,-1.049,-1.111,-7.002088,-34.832745
646408,3,-0.41,0.00,9.950,-1.015,-1.106,-7.002088,-34.832745
646458,3,-0.40,0.52,9.917,-1.020,-1.087,-7.002088,-34.832745
646510,3,-0.40,0.00,9.926,-1.025,-1.097,-7.002088,-34.832745
646561,3,-0.39,0.52,9.922,-1.010,-1.125,-7.002088,-34.832745
646613,3,-0.40,-0.52,9.926,-1.020,-1.130,-7.002088,-34.832745
646664,3,-0.41,0.00,9.941,-1.030,-1.111,-7.002088,-34.832745
646716,3,-0.46,-1.01,9.926,-1.044,-1.116,-7.002088,-34.832745
646765,3,-0.47,-0.52,9.922,-1.039,-1.101,-7.002088,-34.832745
646817,3,-0.48,0.86,9.941,-1.015,-1.101,-7.002088,-34.832745
646868,3,-0.48,0.00,9.941,-1.006,-1.120,-7.002088,-34.832745
646920,3,-0.50,0.00,9.931,-1.020,-1.111,-7.002088,-34.832745
646972,3,-0.52,-0.48,9.917,-1.030,-1.111,-7.002088,-34.832745
647022,3,-0.52,0.00,9.917,-1.030,-1.106,-7.002088,-34.832745
647073,3,-0.54,0.00,9.917,-1.020,-1.092,-7.002088,-34.832745
647123,3,-0.52,0.00,9.907,-1.025,-1.111,-7.002088,-34.832745
647174,3,-0.54,-0.50,9.926,-1.020,-1.130,-7.002088,-34.832745
647224,3,-0.55,0.00,9.936,-1.030,-1.111,-7.002088,-34.832745
647274,3,-0.60,-2.01,9.922,-1.001,-1.140,-7.002088,-34.832745
647325,3,-0.60,0.00,9.922,-1.001,-1.101,-7.002088,-34.832745
647375,3,-0.60,-1.45,9.931,-1.015,-1.097,-7.002088,-34.832745
647426,3,-0.55,2.01,9.898,-1.025,-1.092,-7.002088,-34.832745
647475,3,-0.57,0.00,9.936,-1.010,-1.087,-7.002088,-34.832745
647526,3,-0.57,0.00,9.917,-1.039,-1.130,-7.002088,-34.832745
647577,3,-0.57,0.00,9.946,-1.020,-1.130,-7.002088,-34.832745
647629,3,-0.57,0.00,9.912,-1.010,-1.082,-7.002088,-34.832745
647681,3,-0.57,0.00,9.926,-1.025,-1.111,-7.002088,-34.832745
647737,3,-0.57,0.00,9.936,-1.030,-1.116,-7.002088,-34.832745
647789,3,-0.57,0.00,9.931,-1.010,-1.130,-7.002088,-34.832745
647841,3,-0.57,0.00,9.950,-1.010,-1.116,-7.002088,-34.832745
647891,3,-0.58,-0.52,9.931,-1.006,-1.144,-7.002088,-34.832745
647942,3,-0.59,-0.48,9.931,-0.996,-1.116,-7.002088,-34.832745
647993,3,-0.59,0.00,9.941,-1.020,-1.092,-7.002088,-34.832745
648043,3,-0.59,0.00,9.941,-1.030,-1.087,-7.002088,-34.832745
648093,3,-0.61,-0.56,9.950,-1.025,-1.120,-7.002088,-34.832745
648144,3,-0.61,0.00,9.946,-1.034,-1.120,-7.002088,-34.832745
648194,3,-0.61,0.00,9.926,-1.006,-1.135,-7.002088,-34.832745
648245,3,-0.61,0.00,9.926,-0.991,-1.111,-7.002088,-34.832745
648295,3,-0.61,0.00,9.917,-0.996,-1.101,-7.002088,-34.832745
648345,3,-0.61,0.52,9.912,-1.010,-1.111,-7.002088,-34.832745
648396,3,-0.62,-0.52,9.931,-1.015,-1.092,-7.002088,-34.832745
648446,3,-0.62,0.00,9.931,-1.030,-1.149,-7.002088,-34.832745
648498,3,-0.61,0.48,9.917,-1.025,-1.097,-7.002088,-34.832745
648550,3,-0.61,0.00,9.950,-1.015,-1.116,-7.002088,-34.832745
648601,3,-0.62,-0.34,9.917,-1.020,-1.082,-7.002088,-34.832745
648653,3,-0.62,0.00,9.926,-0.991,-1.116,-7.002088,-34.832745
648704,3,-0.60,0.00,9.922,-0.996,-1.130,-7.002088,-34.832745
648756,3,-0.57,0.00,9.907,-1.020,-1.092,-7.002088,-34.832745
648808,3,-0.57,0.00,9.931,-1.030,-1.120,-7.002088,-34.832745
648859,3,-0.57,0.00,9.931,-1.039,-1.116,-7.002088,-34.832745
648911,3,-0.57,0.00,9.955,-1.006,-1.111,-7.002088,-34.832745
648963,3,-0.55,0.52,9.912,-1.001,-1.082,-7.002088,-34.832745
649013,3,-0.57,-0.56,9.936,-0.986,-1.097,-7.002088,-34.832745
649063,3,-0.57,0.00,9.926,-1.034,-1.097,-7.002088,-34.832745
649114,3,-0.57,0.00,9.926,-1.039,-1.130,-7.002088,-34.832745
649164,3,-0.53,1.43,9.883,-1.034,-1.120,-7.002088,-34.832745
649215,3,-0.57,0.00,9.922,-1.025,-1.101,-7.002088,-34.832745
649265,3,-0.59,-0.52,9.917,-1.020,-1.092,-7.002088,-34.832745
649315,3,-0.61,-0.56,9.936,-0.996,-1.116,-7.002088,-34.832745
649366,3,-0.61,0.00,9.912,-0.977,-1.106,-7.002088,-34.832745
649416,3,-0.61,0.00,9.946,-0.972,-1.116,-7.002088,-34.832745
649466,3,-0.61,0.00,9.912,-1.001,-1.116,-7.002088,-34.832745
649518,3,-0.61,0.00,9.946,-1.034,-1.130,-7.002088,-34.832745
649569,3,-0.59,0.00,9.926,-1.068,-1.111,-7.002088,-34.832745
649620,3,-0.59,0.00,9.946,-1.034,-1.106,-7.002088,-34.832745
649671,3,-0.61,0.00,9.912,-0.986,-1.092,-7.002088,-34.832745
649723,3,-0.62,0.00,9.926,-0.996,-1.120,-7.002088,-34.832745
649780,3,-0.62,0.00,9.907,-0.977,-1.092,-7.002088,-34.832745
649831,3,-0.61,0.52,9.926,-1.006,-1.101,-7.002088,-34.832745
649882,3,-0.61,0.00,9.931,-1.053,-1.101,-7.002088,-34.832745
649933,3,-0.58,0.86,9.941,-1.044,-1.125,-7.002088,-34.832745
649983,3,-0.58,0.00,9.936,-1.039,-1.125,-7.002088,-34.832745
650034,3,-0.57,0.52,9.917,-1.010,-1.111,-7.002087,-34.832745
650084,3,-0.57,0.00,9.931,-0.986,-1.101,-7.002087,-34.832745
650134,3,-0.57,0.00,9.922,-1.006,-1.101,-7.002087,-34.832745
650185,3,-0.58,-0.52,9.931,-1.034,-1.087,-7.002087,-34.832745
650235,3,-0.57,0.52,9.941,-1.049,-1.135,-7.002087,-34.832745
650286,3,-0.57,0.00,9.931,-1.034,-1.116,-7.002087,-34.832745
650336,3,-0.54,1.04,9.931,-1.025,-1.073,-7.002087,-34.832745
650386,3,-0.53,0.60,9.936,-0.991,-1.116,-7.002087,-34.832745
650437,3,-0.51,0.00,9.926,-0.986,-1.120,-7.002087,-34.832745
650486,3,-0.50,0.00,9.955,-1.006,-1.106,-7.002087,-34.832745
650538,3,-0.49,0.56,9.912,-1.010,-1.106,-7.002087,-34.832745
650589,3,-0.49,0.00,9.931,-1.034,-1.111,-7.002087,-34.832745
650641,3,-0.47,0.00,9.926,-1.044,-1.125,-7.002087,-34.832745
650693,3,-0.49,0.00,9.931,-1.030,-1.087,-7.002087,-34.832745
650744,3,-0.48,-0.48,9.912,-1.025,-1.082,-7.002087,-34.832745
650796,3,-0.49,-0.56,9.912,-1.001,-1.125,-7.002087,-34.832745
650848,3,-0.49,0.00,9.946,-1.025,-1.125,-7.002087,-34.832745
650899,3,-0.52,-0.52,9.941,-1.006,-1.101,-7.002087,-34.832745
650951,3,-0.51,0.00,9.917,-1.020,-1.120,-7.002087,-34.832745
651001,3,-0.49,0.52,9.936,-1.030,-1.111,-7.002087,-34.832745
651051,3,-0.51,-0.50,9.907,-1.015,-1.097,-7.002088,-34.832745
651102,3,-0.51,0.00,9.902,-1.015,-1.106,-7.002088,-34.832745
651152,3,-0.52,-0.56,9.922,-1.015,-1.092,-7.002088,-34.832745
651203,3,-0.53,-0.56,9.926,-1.006,-1.125,-7.002088,-34.832745
651253,3,-0.53,0.00,9.936,-1.020,-1.116,-7.002088,-34.832745
651303,3,-0.52,0.54,9.922,-1.015,-1.120,-7.002088,-34.832745
651354,3,-0.56,-1.41,9.926,-1.015,-1.101,-7.002088,-34.832745
651404,3,-0.56,0.00,9.960,-1.020,-1.125,-7.002088,-34.832745
651455,3,-0.54,0.00,9.912,-1.030,-1.135,-7.002088,-34.832745
651505,3,-0.54,0.00,9.931,-1.001,-1.097,-7.002088,-34.832745
651556,3,-0.54,0.00,9.926,-1.020,-1.116,-7.002088,-34.832745
651608,3,-0.54,0.00,9.922,-1.025,-1.120,-7.002088,-34.832745
651660,3,-0.54,-0.56,9.917,-1.015,-1.111,-7.002088,-34.832745
651711,3,-0.53,0.56,9.912,-1.030,-1.116,-7.002088,-34.832745
651763,3,-0.53,0.00,9.950,-1.020,-1.106,-7.002088,-34.832745
651820,3,-0.53,0.00,9.922,-1.015,-1.135,-7.002088,-34.832745
651872,3,-0.53,0.00,9.922,-1.010,-1.149,-7.002088,-34.832745
651922,3,-0.53,0.00,9.946,-1.010,-1.111,-7.002088,-34.832745
651971,3,-0.54,-0.60,9.936,-1.006,-1.120,-7.002088,-34.832745
652022,3,-0.54,0.00,9.922,-1.015,-1.101,-7.002088,-34.832745
652072,3,-0.54,0.00,9.922,-1.010,-1.111,-7.002087,-34.832745
652123,3,-0.53,0.58,9.936,-1.034,-1.101,-7.002087,-34.832745
652173,3,-0.53,0.00,9.955,-1.039,-1.111,-7.002087,-34.832745
652224,3,-0.51,0.00,9.931,-1.010,-1.082,-7.002087,-34.832745
652274,3,-0.50,0.52,9.912,-1.025,-1.125,-7.002087,-34.832745
652324,3,-0.49,0.00,9.931,-1.001,-1.130,-7.002087,-34.832745
652375,3,-0.50,-0.54,9.941,-1.010,-1.087,-7.002087,-34.832745
652425,3,-0.50,0.00,9.946,-1.030,-1.125,-7.002087,-34.832745
652479,3,-0.50,0.00,9.926,-1.034,-1.120,-7.002087,-34.832745
652530,3,-0.51,0.00,9.946,-1.034,-1.111,-7.002087,-34.832745
652581,3,-0.53,-0.48,9.936,-1.039,-1.092,-7.002087,-34.832745
652632,3,-0.54,0.00,9.922,-1.020,-1.120,-7.002087,-34.832745
652684,3,-0.54,0.00,9.922,-1.010,-1.120,-7.002087,-34.832745
652736,3,-0.59,0.00,9.931,-1.025,-1.120,-7.002087,-34.832745
652787,3,-0.56,0.00,9.936,-1.025,-1.106,-7.002087,-34.832745
652839,3,-0.56,0.00,9.931,-1.025,-1.140,-7.002087,-34.832745
652890,3,-0.57,0.00,9.941,-1.020,-1.101,-7.002087,-34.832745
652942,3,-0.57,-0.56,9.926,-1.006,-1.092,-7.002087,-34.832745
652992,3,-0.59,0.00,9.922,-1.020,-1.087,-7.002087,-34.832745
653042,3,-0.61,-0.54,9.926,-1.025,-1.106,-7.002087,-34.832745
653093,3,-0.62,-0.52,9.931,-1.020,-1.116,-7.002087,-34.832745
653143,3,-0.62,0.00,9.931,-1.006,-1.106,-7.002087,-34.832745
653194,3,-0.62,0.00,9.926,-1.020,-1.116,-7.002087,-34.832745
653244,3,-0.62,0.00,9.931,-1.015,-1.097,-7.002087,-34.832745
653294,3,-0.62,0.00,9.941,-1.015,-1.082,-7.002087,-34.832745
653345,3,-0.61,0.52,9.950,-1.001,-1.106,-7.002087,-34.832745
653395,3,-0.62,-0.52,9.922,-1.006,-1.092,-7.002087,-34.832745
653446,3,-0.63,0.00,9.922,-1.015,-1.125,-7.002087,-34.832745
653497,3,-0.65,0.00,9.950,-1.020,-1.116,-7.002087,-34.832745
653549,3,-0.66,-0.48,9.926,-1.010,-1.111,-7.002087,-34.832745
653601,3,-0.69,-0.52,9.941,-1.010,-1.111,-7.002087,-34.832745
653652,3,-0.69,0.00,9.941,-1.039,-1.120,-7.002087,-34.832745
653704,3,-0.67,0.00,9.946,-1.030,-1.130,-7.002087,-34.832745
653755,3,-0.67,0.00,9.917,-1.015,-1.130,-7.002087,-34.832745
653806,3,-0.67,0.00,9.917,-1.006,-1.111,-7.002087,-34.832745
653862,3,-0.69,-0.18,9.936,-1.010,-1.120,-7.002087,-34.832745
653912,3,-0.69,0.00,9.936,-1.020,-1.125,-7.002087,-34.832745
653961,3,-0.70,0.00,9.926,-1.044,-1.106,-7.002087,-34.832745
654012,3,-0.70,0.00,9.917,-1.020,-1.106,-7.002087,-34.832745
654062,3,-0.71,0.00,9.936,-1.010,-1.101,-7.002087,-34.832741
654112,3,-0.71,0.00,9.917,-1.001,-1.087,-7.002087,-34.832741
654163,3,-0.71,0.00,9.941,-1.010,-1.111,-7.002087,-34.832741
654213,3,-0.71,0.00,9.917,-1.010,-1.111,-7.002087,-34.832741
654263,3,-0.66,0.56,9.917,-1.049,-1.140,-7.002087,-34.832741
654314,3,-0.66,0.00,9.936,-1.020,-1.111,-7.002087,-34.832741
654364,3,-0.66,0.00,9.960,-1.044,-1.111,-7.002087,-34.832741
654415,3,-0.62,1.09,9.922,-1.030,-1.111,-7.002087,-34.832741
654465,3,-0.61,0.54,9.907,-1.010,-1.087,-7.002087,-34.832741
654516,3,-0.57,1.01,9.912,-0.996,-1.097,-7.002087,-34.832741
654568,3,-0.56,0.56,9.955,-1.020,-1.140,-7.002087,-34.832741
654620,3,-0.52,0.00,9.922,-1.039,-1.125,-7.002087,-34.832741
654671,3,-0.48,0.56,9.931,-1.006,-1.101,-7.002087,-34.832741
654723,3,-0.46,0.48,9.931,-1.010,-1.111,-7.002087,-34.832741
654774,3,-0.44,0.52,9.936,-1.015,-1.092,-7.002087,-34.832741
654826,3,-0.42,0.52,9.926,-1.001,-1.106,-7.002087,-34.832741
654878,3,-0.40,0.00,9.926,-1.025,-1.116,-7.002087,-34.832741
654929,3,-0.37,0.52,9.922,-1.039,-1.130,-7.002087,-34.832741
654981,3,-0.32,0.00,9.936,-1.034,-1.111,-7.002087,-34.832741
655032,3,-0.29,0.52,9.969,-1.034,-1.106,-7.002087,-34.832741
655082,3,-0.29,0.00,9.922,-1.001,-1.101,-7.002087,-34.832741
655133,3,-0.28,0.00,9.931,-1.010,-1.101,-7.002087,-34.832741
655183,3,-0.28,0.00,9.936,-1.006,-1.135,-7.002087,-34.832741
655233,3,-0.28,0.00,9.912,-1.025,-1.135,-7.002087,-34.832741
655284,3,-0.29,0.00,9.922,-1.015,-1.106,-7.002087,-34.832741
655334,3,-0.32,-0.52,9.922,-1.034,-1.111,-7.002087,-34.832741
655385,3,-0.32,0.00,9.926,-1.034,-1.106,-7.002087,-34.832741
655435,3,-0.33,0.00,9.912,-1.010,-1.106,-7.002087,-34.832741
655485,3,-0.37,-1.01,9.917,-1.010,-1.101,-7.002087,-34.832741
655535,3,-0.37,0.00,9.922,-1.006,-1.097,-7.002087,-34.832741
655587,3,-0.39,-0.52,9.917,-1.015,-1.116,-7.002087,-34.832741
655638,3,-0.40,-0.52,9.926,-1.039,-1.116,-7.002087,-34.832741
655690,3,-0.43,-0.52,9.936,-1.049,-1.135,-7.002087,-34.832741
655741,3,-0.43,0.00,9.941,-1.025,-1.092,-7.002087,-34.832741
655793,3,-0.44,0.00,9.936,-1.015,-1.120,-7.002087,-34.832741
655842,3,-0.46,0.00,9.936,-1.010,-1.130,-7.002087,-34.832741
655899,3,-0.51,-0.75,9.917,-1.015,-1.101,-7.002087,-34.832741
655951,3,-0.51,0.00,9.946,-1.006,-1.097,-7.002087,-34.832741
656001,3,-0.53,0.00,9.950,-1.030,-1.120,-7.002087,-34.832741
656051,3,-0.52,0.54,9.931,-1.020,-1.120,-7.002087,-34.832741
656102,3,-0.52,0.00,9.936,-1.039,-1.097,-7.002087,-34.832741
656152,3,-0.52,0.00,9.912,-1.025,-1.092,-7.002087,-34.832741
656203,3,-0.52,-0.56,9.912,-1.010,-1.125,-7.002087,-34.832741
656253,3,-0.53,-0.56,9.912,-1.020,-1.106,-7.002087,-34.832741
656303,3,-0.53,0.00,9.936,-0.991,-1.101,-7.002087,-34.832741
656354,3,-0.53,0.00,9.912,-1.010,-1.073,-7.002087,-34.832741
656404,3,-0.53,0.00,9.917,-1.039,-1.097,-7.002087,-34.832741
656455,3,-0.53,0.00,9.912,-1.044,-1.125,-7.002087,-34.832741
656505,3,-0.53,0.00,9.922,-1.034,-1.101,-7.002087,-34.832741
656557,3,-0.51,0.00,9.936,-0.986,-1.049,-7.002087,-34.832741
656608,3,-0.51,0.00,9.931,-1.020,-1.144,-7.002087,-34.832741
656660,3,-0.51,0.00,9.941,-1.020,-1.106,-7.002087,-34.832741
656711,3,-0.51,0.00,9.926,-1.020,-1.125,-7.002087,-34.832741
656763,3,-0.52,-0.52,9.926,-1.025,-1.092,-7.002087,-34.832741
656815,3,-0.52,0.00,9.922,-1.020,-1.125,-7.002087,-34.832741
656866,3,-0.49,1.38,9.917,-1.015,-1.120,-7.002087,-34.832741
656918,3,-0.46,0.00,9.931,-1.015,-1.130,-7.002087,-34.832741
656967,3,-0.45,0.52,9.946,-1.010,-1.116,-7.002087,-34.832741
657018,3,-0.46,0.00,9.931,-1.020,-1.106,-7.002087,-34.832741
657068,3,-0.46,0.00,9.926,-1.025,-1.144,-7.002087,-34.832741
657118,3,-0.46,0.00,9.926,-1.010,-1.125,-7.002087,-34.832741
657169,3,-0.46,0.00,9.912,-1.030,-1.106,-7.002087,-34.832741
657219,3,-0.46,0.00,9.926,-1.015,-1.077,-7.002087,-34.832741
657270,3,-0.45,0.56,9.931,-1.015,-1.087,-7.002087,-34.832741
657320,3,-0.45,0.00,9.912,-1.020,-1.130,-7.002087,-34.832741
657370,3,-0.43,0.56,9.931,-1.010,-1.120,-7.002087,-34.832741
657421,3,-0.40,1.35,9.941,-1.030,-1.111,-7.002087,-34.832741
657471,3,-0.40,0.00,9.926,-1.015,-1.106,-7.002087,-34.832741
657522,3,-0.37,0.52,9.931,-1.010,-1.106,-7.002087,-34.832741
657574,3,-0.38,-0.52,9.912,-1.030,-1.101,-7.002087,-34.832741
657626,3,-0.38,0.00,9.931,-1.015,-1.101,-7.002087,-34.832741
657676,3,-0.42,-1.34,9.922,-1.025,-1.106,-7.002087,-34.832741
657727,3,-0.40,0.82,9.907,-1.015,-1.106,-7.002087,-34.832741
657779,3,-0.40,0.00,9.941,-1.015,-1.092,-7.002087,-34.832741
657828,3,-0.40,0.00,9.917,-1.030,-1.106,-7.002087,-34.832741
657880,3,-0.40,0.00,9.931,-1.010,-1.101,-7.002087,-34.832741
657939,3,-0.38,0.20,9.917,-1.030,-1.111,-7.002087,-34.832741
657989,3,-0.38,0.00,9.922,-1.030,-1.087,-7.002087,-34.832741
658039,3,-0.38,0.00,9.893,-1.020,-1.116,-7.002088,-34.832741
658090,3,-0.37,0.00,9.902,-1.030,-1.092,-7.002088,-34.832741
658140,3,-0.37,0.00,9.955,-1.015,-1.135,-7.002088,-34.832741
658191,3,-0.37,0.00,9.950,-0.996,-1.140,-7.002088,-34.832741
658241,3,-0.40,-0.56,9.941,-1.010,-1.125,-7.002088,-34.832741
658292,3,-0.40,0.00,9.902,-1.015,-1.082,-7.002088,-34.832741
658342,3,-0.40,0.00,9.941,-1.015,-1.087,-7.002088,-34.832741
658392,3,-0.38,1.90,9.926,-1.030,-1.097,-7.002088,-34.832741
658443,3,-0.43,-1.97,9.898,-1.020,-1.111,-7.002088,-34.832741
658495,3,-0.41,0.00,9.946,-1.015,-1.111,-7.002088,-34.832741
658546,3,-0.41,0.00,9.926,-1.020,-1.106,-7.002088,-34.832741
658597,3,-0.42,-0.48,9.955,-1.015,-1.125,-7.002088,-34.832741
658648,3,-0.42,0.00,9.946,-1.039,-1.116,-7.002088,-34.832741
658700,3,-0.42,0.00,9.922,-1.034,-1.120,-7.002088,-34.832741
658752,3,-0.46,0.00,9.931,-1.006,-1.130,-7.002088,-34.832741
658803,3,-0.47,0.00,9.912,-0.991,-1.092,-7.002088,-34.832741
658855,3,-0.49,-0.52,9.917,-1.001,-1.116,-7.002088,-34.832741
658906,3,-0.45,1.34,9.941,-1.025,-1.106,-7.002088,-34.832741
658958,3,-0.45,0.00,9.907,-1.020,-1.097,-7.002088,-34.832741
659008,3,-0.46,-0.52,9.936,-1.039,-1.092,-7.002088,-34.832741
659059,3,-0.48,0.00,9.931,-1.034,-1.111,-7.002088,-34.832741
659109,3,-0.49,-0.58,9.922,-1.015,-1.068,-7.002088,-34.832741
659160,3,-0.51,-0.52,9.946,-0.996,-1.116,-7.002088,-34.832741
659210,3,-0.52,0.00,9.926,-1.015,-1.106,-7.002088,-34.832741
659260,3,-0.53,0.00,9.965,-1.010,-1.130,-7.002088,-34.832741
659311,3,-0.55,-0.48,9.926,-1.020,-1.120,-7.002088,-34.832741
659361,3,-0.55,0.00,9.931,-1.025,-1.120,-7.002088,-34.832741
659412,3,-0.56,0.00,9.922,-1.015,-1.092,-7.002088,-34.832741
659462,3,-0.56,0.00,9.931,-1.015,-1.130,-7.002088,-34.832741
659513,3,-0.57,0.00,9.931,-1.001,-1.097,-7.002088,-34.832741
659565,3,-0.59,-0.52,9.936,-0.996,-1.120,-7.002088,-34.832741
659617,3,-0.60,-0.48,9.931,-1.006,-1.082,-7.002088,-34.832741
659668,3,-0.64,0.00,9.969,-1.025,-1.106,-7.002088,-34.832741
659720,3,-0.66,-0.48,9.926,-1.010,-1.111,-7.002088,-34.832741
659771,3,-0.66,0.00,9.917,-1.015,-1.120,-7.002088,-34.832741
659823,3,-0.69,-0.48,9.926,-1.030,-1.125,-7.002088,-34.832741
659875,3,-0.69,0.00,9.946,-1.049,-1.101,-7.002088,-34.832741
659925,3,-0.69,0.00,9.922,-1.006,-1.097,-7.002088,-34.832741
659983,3,-0.71,-0.17,9.926,-1.006,-1.101,-7.002088,-34.832741
660033,3,-0.72,0.00,9.922,-1.001,-1.120,-7.002088,-34.832741
660083,3,-0.75,-1.04,9.922,-1.025,-1.111,-7.002088,-34.832741
660134,3,-0.75,0.00,9.941,-1.039,-1.092,-7.002088,-34.832741
660184,3,-0.76,0.00,9.926,-1.030,-1.135,-7.002088,-34.832741
660235,3,-0.75,0.52,9.912,-1.015,-1.144,-7.002088,-34.832741
660285,3,-0.75,0.00,9.922,-1.001,-1.120,-7.002088,-34.832741
660335,3,-0.75,0.00,9.922,-0.986,-1.101,-7.002088,-34.832741
660386,3,-0.73,0.56,9.936,-0.977,-1.082,-7.002088,-34.832741
660436,3,-0.72,0.52,9.936,-1.034,-1.116,-7.002088,-34.832741
660488,3,-0.72,0.00,9.941,-1.058,-1.087,-7.002088,-34.832741
660540,3,-0.72,0.00,9.931,-1.049,-1.120,-7.002088,-34.832741
660592,3,-0.71,0.52,9.936,-1.025,-1.097,-7.002088,-34.832741
660642,3,-0.72,-0.52,9.902,-0.986,-1.097,-7.002088,-34.832741
660694,3,-0.71,0.00,9.922,-0.967,-1.082,-7.002088,-34.832741
660745,3,-0.68,0.86,9.912,-0.986,-1.111,-7.002088,-34.832741
660797,3,-0.68,0.00,9.950,-1.073,-1.120,-7.002088,-34.832741
660848,3,-0.66,0.52,9.922,-1.073,-1.149,-7.002088,-34.832741
660900,3,-0.66,0.00,9.912,-1.092,-1.154,-7.002088,-34.832741
660952,3,-0.66,0.00,9.926,-1.010,-1.130,-7.002088,-34.832741
661002,3,-0.67,-0.56,9.950,-0.924,-1.063,-7.002088,-34.832741
661052,3,-0.66,0.56,9.936,-0.943,-1.068,-7.002088,-34.832741
661103,3,-0.66,0.00,9.941,-1.001,-1.097,-7.002088,-34.832741
661153,3,-0.63,0.00,9.922,-1.101,-1.140,-7.002088,-34.832741
661204,3,-0.63,0.00,9.941,-1.116,-1.130,-7.002088,-34.832741
661254,3,-0.67,0.00,9.917,-1.087,-1.111,-7.002088,-34.832741
661304,3,-0.66,0.00,9.936,-1.025,-1.101,-7.002088,-34.832741
661355,3,-0.66,0.00,9.941,-0.982,-1.082,-7.002088,-34.832741
661405,3,-0.66,0.00,9.922,-0.929,-1.053,-7.002088,-34.832741
661456,3,-0.62,0.00,9.936,-0.958,-1.111,-7.002088,-34.832741
661507,3,-0.63,-0.52,9.931,-1.034,-1.149,-7.002088,-34.832741
661559,3,-0.63,0.00,9.898,-1.077,-1.140,-7.002088,-34.832741
661610,3,-0.63,0.00,9.941,-1.087,-1.111,-7.002088,-34.832741
661662,3,-0.65,0.00,9.936,-1.044,-1.087,-7.002088,-34.832741
661714,3,-0.63,0.00,9.926,-0.958,-1.087,-7.002088,-34.832741
661765,3,-0.63,0.00,9.926,-0.977,-1.125,-7.002088,-34.832741
661817,3,-0.61,0.00,9.917,-1.006,-1.125,-7.002088,-34.832741
661868,3,-0.63,-0.56,9.907,-1.053,-1.097,-7.002088,-34.832741
661919,3,-0.63,0.00,9.931,-1.053,-1.116,-7.002088,-34.832741
661971,3,-0.63,0.00,9.936,-1.025,-1.135,-7.002088,-34.832741
662029,3,-0.61,0.18,9.936,-0.982,-1.092,-7.002087,-34.832741
662080,3,-0.56,1.45,9.936,-1.015,-1.097,-7.002087,-34.832741
662130,3,-0.58,-0.56,9.912,-1.020,-1.140,-7.002087,-34.832741
662181,3,-0.58,0.00,9.931,-1.015,-1.092,-7.002087,-34.832741
662231,3,-0.64,-2.01,9.926,-1.044,-1.135,-7.002087,-34.832741
662281,3,-0.64,0.00,9.931,-1.025,-1.111,-7.002087,-34.832741
662332,3,-0.64,0.00,9.936,-1.044,-1.116,-7.002087,-34.832741
662382,3,-0.62,-0.56,9.931,-0.991,-1.130,-7.002087,-34.832741
662433,3,-0.63,-0.56,9.922,-0.986,-1.087,-7.002087,-34.832741
662485,3,-0.63,0.00,9.907,-1.010,-1.106,-7.002087,-34.832741
662536,3,-0.63,0.00,9.936,-1.034,-1.120,-7.002087,-34.832741
662587,3,-0.63,0.00,9.931,-1.034,-1.111,-7.002087,-34.832741
662638,3,-0.62,0.00,9.941,-1.039,-1.106,-7.002087,-34.832741
662690,3,-0.62,0.00,9.941,-1.010,-1.106,-7.002087,-34.832741
662742,3,-0.60,0.00,9.922,-1.015,-1.130,-7.002087,-34.832741
662793,3,-0.59,0.48,9.926,-1.015,-1.111,-7.002087,-34.832741
662845,3,-0.60,0.00,9.926,-1.010,-1.082,-7.002087,-34.832741
662896,3,-0.60,0.00,9.922,-1.025,-1.097,-7.002087,-34.832741
662948,3,-0.62,0.00,9.946,-1.015,-1.116,-7.002087,-34.832741
662998,3,-0.63,-0.56,9.936,-1.044,-1.116,-7.002087,-34.832741
663049,3,-0.63,0.00,9.922,-1.030,-1.097,-7.002087,-34.832741
663099,3,-0.63,0.00,9.936,-0.996,-1.125,-7.002087,-34.832741
663149,3,-0.64,0.00,9.907,-1.025,-1.106,-7.002087,-34.832741
663200,3,-0.66,-0.60,9.917,-1.010,-1.092,-7.002087,-34.832741
663250,3,-0.66,0.00,9.926,-1.010,-1.101,-7.002087,-34.832741
663301,3,-0.64,0.60,9.922,-1.020,-1.144,-7.002087,-34.832741
663351,3,-0.63,0.52,9.907,-1.020,-1.106,-7.002087,-34.832741
663401,3,-0.67,0.00,9.926,-1.010,-1.097,-7.002087,-34.832741
663452,3,-0.67,0.00,9.922,-1.025,-1.101,-7.002087,-34.832741
663504,3,-0.67,0.00,9.912,-1.025,-1.111,-7.002087,-34.832741
663555,3,-0.63,0.00,9.926,-1.030,-1.101,-7.002087,-34.832741
663607,3,-0.67,-1.38,9.922,-1.010,-1.092,-7.002087,-34.832741
663658,3,-0.67,0.00,9.931,-1.001,-1.116,-7.002087,-34.832741
663710,3,-0.64,0.00,9.931,-1.025,-1.111,-7.002087,-34.832741
663762,3,-0.64,0.00,9.941,-1.006,-1.097,-7.002087,-34.832741
663812,3,-0.64,0.00,9.946,-1.020,-1.130,-7.002087,-34.832741
663864,3,-0.66,0.00,9.917,-1.020,-1.111,-7.002087,-34.832741
663915,3,-0.68,-0.82,9.922,-1.020,-1.130,-7.002087,-34.832741
663967,3,-0.68,0.00,9.936,-1.001,-1.125,-7.002087,-34.832741
664017,3,-0.67,0.52,9.922,-1.010,-1.087,-7.002087,-34.832741
664102,3,-0.65,0.14,9.926,-1.025,-1.111,-7.002087,-34.832741
664153,3,-0.65,-0.56,9.931,-1.025,-1.135,-7.002087,-34.832741
664203,3,-0.65,0.00,9.931,-1.025,-1.106,-7.002087,-34.832741
664253,3,-0.67,0.00,9.950,-1.020,-1.116,-7.002087,-34.832741
664304,3,-0.68,-0.52,9.936,-1.010,-1.111,-7.002087,-34.832741
664354,3,-0.68,0.00,9.931,-1.010,-1.101,-7.002087,-34.832741
664405,3,-0.66,0.00,9.941,-1.006,-1.130,-7.002087,-34.832741
664455,3,-0.66,1.41,9.931,-1.025,-1.111,-7.002087,-34.832741
664507,3,-0.68,-0.88,9.936,-1.020,-1.120,-7.002087,-34.832741
664559,3,-0.68,0.00,9.941,-1.020,-1.082,-7.002087,-34.832741
664609,3,-0.68,0.00,9.941,-1.034,-1.140,-7.002087,-34.832741
664661,3,-0.63,1.38,9.936,-1.015,-1.101,-7.002087,-34.832741
664712,3,-0.63,0.00,9.936,-1.030,-1.116,-7.002087,-34.832741
664764,3,-0.63,0.00,9.912,-1.030,-1.130,-7.002087,-34.832741
664815,3,-0.63,0.00,9.926,-1.030,-1.111,-7.002087,-34.832741
664867,3,-0.63,0.00,9.941,-1.015,-1.106,-7.002087,-34.832741
664919,3,-0.63,0.00,9.941,-1.020,-1.111,-7.002087,-34.832741
664971,3,-0.64,-0.48,9.931,-1.039,-1.101,-7.002087,-34.832741
665021,3,-0.64,0.00,9.917,-1.025,-1.077,-7.002087,-34.832741
665071,3,-0.64,0.00,9.941,-1.030,-1.111,-7.002087,-34.832741
665122,3,-0.63,0.52,9.941,-1.010,-1.092,-7.002087,-34.832741
665172,3,-0.63,0.00,9.922,-1.034,-1.125,-7.002087,-34.832741
665223,3,-0.63,-0.56,9.926,-1.010,-1.101,-7.002087,-34.832741
665273,3,-0.64,-0.50,9.907,-1.015,-1.111,-7.002087,-34.832741
665323,3,-0.64,0.00,9.922,-1.044,-1.111,-7.002087,-34.832741
665374,3,-0.66,0.00,9.941,-1.030,-1.164,-7.002087,-34.832741
665424,3,-0.66,0.00,9.931,-1.030,-1.087,-7.002087,-34.832741
665474,3,-0.66,0.00,9.907,-1.015,-1.082,-7.002087,-34.832741
665526,3,-0.64,0.00,9.922,-1.030,-1.120,-7.002087,-34.832741
665577,3,-0.64,0.00,9.936,-1.020,-1.106,-7.002087,-34.832741
665629,3,-0.64,0.56,9.917,-1.025,-1.101,-7.002087,-34.832741
665681,3,-0.66,-0.60,9.936,-1.020,-1.111,-7.002087,-34.832741
665732,3,-0.64,0.00,9.922,-1.034,-1.101,-7.002087,-34.832741
665784,3,-0.64,0.00,9.936,-1.030,-1.092,-7.002087,-34.832741
665835,3,-0.64,0.00,9.922,-1.030,-1.087,-7.002087,-34.832741
665886,3,-0.63,0.48,9.922,-1.015,-1.097,-7.002087,-34.832741
665937,3,-0.64,0.00,9.926,-1.020,-1.111,-7.002087,-34.832741
665987,3,-0.63,0.52,9.912,-1.006,-1.106,-7.002087,-34.832741
666038,3,-0.63,0.00,9.946,-1.015,-1.135,-7.002086,-34.832741
666088,3,-0.62,0.00,9.936,-0.996,-1.125,-7.002086,-34.832741
666147,3,-0.63,-0.12,9.917,-1.006,-1.101,-7.002086,-34.832741
666197,3,-0.63,0.00,9.912,-1.020,-1.111,-7.002086,-34.832741
666248,3,-0.63,0.00,9.946,-1.010,-1.130,-7.002086,-34.832741
666298,3,-0.63,0.00,9.922,-1.015,-1.111,-7.002086,-34.832741
666349,3,-0.63,0.00,9.941,-1.010,-1.135,-7.002086,-34.832741
666399,3,-0.63,0.00,9.907,-1.044,-1.111,-7.002086,-34.832741
666449,3,-0.64,-0.54,9.931,-1.020,-1.120,-7.002086,-34.832741
666500,3,-0.64,0.00,9.955,-1.030,-1.111,-7.002086,-34.832741
666552,3,-0.64,0.00,9.922,-1.025,-1.135,-7.002086,-34.832741
666603,3,-0.64,0.00,9.950,-1.020,-1.125,-7.002086,-34.832741
666655,3,-0.64,0.00,9.936,-1.010,-1.135,-7.002086,-34.832741
666706,3,-0.65,-0.52,9.931,-1.015,-1.097,-7.002086,-34.832741
666758,3,-0.65,0.00,9.926,-1.015,-1.116,-7.002086,-34.832741
666810,3,-0.68,-0.48,9.936,-1.015,-1.097,-7.002086,-34.832741
666861,3,-0.69,0.00,9.936,-1.020,-1.101,-7.002086,-34.832741
666913,3,-0.69,0.00,9.941,-1.015,-1.077,-7.002086,-34.832741
666965,3,-0.73,-1.27,9.931,-1.006,-1.101,-7.002086,-34.832741
667015,3,-0.73,0.00,9.926,-1.020,-1.092,-7.002086,-34.832741
667066,3,-0.73,0.00,9.917,-1.025,-1.106,-7.002086,-34.832741
667116,3,-0.73,0.00,9.936,-1.020,-1.077,-7.002086,-34.832741
667166,3,-0.73,0.00,9.931,-1.010,-1.106,-7.002086,-34.832741
667217,3,-0.71,0.00,9.902,-1.025,-1.116,-7.002086,-34.832741
667267,3,-0.74,-0.93,9.912,-1.015,-1.135,-7.002086,-34.832741
667318,3,-0.69,0.00,9.907,-1.020,-1.092,-7.002086,-34.832741
667368,3,-0.71,-0.93,9.922,-1.010,-1.111,-7.002086,-34.832741
667418,3,-0.70,0.54,9.926,-1.015,-1.111,-7.002086,-34.832741
667468,3,-0.70,0.00,9.941,-1.010,-1.149,-7.002086,-34.832741
667520,3,-0.70,0.00,9.917,-1.025,-1.106,-7.002086,-34.832741
667569,3,-0.70,0.00,9.917,-1.039,-1.106,-7.002086,-34.832741
667621,3,-0.70,0.00,9.926,-1.010,-1.082,-7.002086,-34.832741
667671,3,-0.70,0.00,9.922,-1.030,-1.120,-7.002086,-34.832741
667723,3,-0.68,0.00,9.931,-1.010,-1.111,-7.002086,-34.832741
667774,3,-0.68,0.00,9.912,-1.006,-1.130,-7.002086,-34.832741
667826,3,-0.68,0.00,9.922,-1.006,-1.101,-7.002086,-34.832741
667877,3,-0.68,0.00,9.965,-1.030,-1.097,-7.002086,-34.832741
667929,3,-0.67,0.00,9.965,-1.025,-1.097,-7.002086,-34.832741
667979,3,-0.68,0.00,9.931,-1.015,-1.101,-7.002086,-34.832741
668029,3,-0.67,0.00,9.955,-0.996,-1.097,-7.002086,-34.832741
668079,3,-0.66,0.56,9.902,-1.015,-1.097,-7.002086,-34.832741
668130,3,-0.64,0.52,9.931,-1.010,-1.092,-7.002086,-34.832741
668190,3,-0.69,-0.69,9.931,-1.039,-1.101,-7.002086,-34.832741
668241,3,-0.68,0.52,9.922,-1.030,-1.106,-7.002086,-34.832741
668291,3,-0.68,0.00,9.922,-1.039,-1.120,-7.002086,-34.832741
668341,3,-0.66,0.54,9.922,-1.030,-1.130,-7.002086,-34.832741
668392,3,-0.66,0.00,9.941,-1.020,-1.116,-7.002086,-34.832741
668442,3,-0.65,0.00,9.917,-1.025,-1.097,-7.002086,-34.832741
668494,3,-0.67,-0.88,9.922,-1.025,-1.116,-7.002086,-34.832741
668546,3,-0.67,0.00,9.931,-1.015,-1.106,-7.002086,-34.832741
668597,3,-0.66,0.00,9.931,-1.030,-1.101,-7.002086,-34.832741
668648,3,-0.66,0.00,9.926,-1.006,-1.111,-7.002086,-34.832741
668699,3,-0.66,-0.48,9.946,-1.025,-1.125,-7.002086,-34.832741
668751,3,-0.68,-0.82,9.931,-1.010,-1.101,-7.002086,-34.832741
668803,3,-0.70,0.00,9.941,-1.010,-1.135,-7.002086,-34.832741
668854,3,-0.68,0.52,9.936,-1.025,-1.106,-7.002086,-34.832741
668906,3,-0.67,0.00,9.912,-1.044,-1.116,-7.002086,-34.832741
668957,3,-0.68,-0.34,9.941,-1.006,-1.111,-7.002086,-34.832741
669008,3,-0.66,0.56,9.907,-1.020,-1.101,-7.002086,-34.832741
669058,3,-0.64,0.00,9.950,-1.020,-1.116,-7.002086,-34.832741
669109,3,-0.57,1.09,9.926,-0.996,-1.130,-7.002086,-34.832741
669159,3,-0.53,0.00,9.931,-1.049,-1.111,-7.002086,-34.832741
669209,3,-0.49,0.56,9.926,-1.010,-1.111,-7.002086,-34.832741
669260,3,-0.46,1.09,9.917,-1.010,-1.120,-7.002086,-34.832741
669310,3,-0.45,0.00,9.955,-1.020,-1.164,-7.002086,-34.832741
669361,3,-0.39,1.09,9.936,-1.034,-1.087,-7.002086,-34.832741
669411,3,-0.35,1.59,9.912,-1.020,-1.111,-7.002086,-34.832741
669461,3,-0.32,0.00,9.912,-1.010,-1.111,-7.002086,-34.832741
669513,3,-0.28,0.52,9.922,-1.020,-1.120,-7.002086,-34.832741
669564,3,-0.27,0.48,9.931,-1.015,-1.116,-7.002086,-34.832741
669616,3,-0.26,0.00,9.912,-1.030,-1.111,-7.002086,-34.832741
669668,3,-0.24,0.00,9.941,-1.015,-1.140,-7.002086,-34.832741
669719,3,-0.23,0.00,9.960,-1.015,-1.101,-7.002086,-34.832741
669771,3,-0.25,0.48,9.926,-1.020,-1.106,-7.002086,-34.832741
669822,3,-0.25,0.00,9.907,-1.010,-1.116,-7.002086,-34.832741
669873,3,-0.24,0.56,9.917,-1.010,-1.097,-7.002086,-34.832741
669924,3,-0.24,0.00,9.917,-1.020,-1.106,-7.002086,-34.832741
669977,3,-0.21,0.52,9.941,-1.034,-1.111,-7.002086,-34.832741
670027,3,-0.18,1.04,9.922,-1.010,-1.130,-7.002086,-34.832741
670077,3,-0.17,0.00,9.907,-1.006,-1.116,-7.002086,-34.832741
670128,3,-0.17,0.00,9.907,-1.006,-1.111,-7.002086,-34.832741
670178,3,-0.15,0.60,9.922,-1.006,-1.092,-7.002086,-34.832741
670237,3,-0.17,-0.20,9.931,-1.010,-1.116,-7.002086,-34.832741
670287,3,-0.15,0.00,9.878,-1.020,-1.082,-7.002086,-34.832741
670338,3,-0.16,-0.40,9.936,-1.025,-1.101,-7.002086,-34.832741
670388,3,-0.15,0.56,9.931,-1.030,-1.101,-7.002086,-34.832741
670438,3,-0.15,0.00,9.965,-1.068,-1.087,-7.002086,-34.832741
670490,3,-0.14,0.00,9.907,-1.039,-1.082,-7.002086,-34.832741
670541,3,-0.14,0.00,9.864,-0.986,-1.111,-7.002086,-34.832741
670592,3,-0.16,-1.34,9.950,-1.010,-1.144,-7.002086,-34.832741
670644,3,-0.16,0.00,9.864,-0.962,-1.049,-7.002086,-34.832741
670695,3,-0.15,0.56,9.955,-1.006,-1.178,-7.002086,-34.832741
670747,3,-0.15,0.00,9.950,-1.030,-1.125,-7.002086,-34.832741
670799,3,-0.15,0.00,9.902,-1.020,-1.101,-7.002086,-34.832741
670850,3,-0.15,0.00,9.902,-1.039,-1.101,-7.002086,-34.832741
670902,3,-0.13,0.00,9.917,-1.020,-1.087,-7.002086,-34.832741
670954,3,-0.13,0.48,9.931,-1.015,-1.130,-7.002086,-34.832741
671004,3,-0.13,0.00,9.912,-1.020,-1.101,-7.002086,-34.832741
671054,3,-0.13,0.00,9.936,-1.001,-1.101,-7.002086,-34.832737
671105,3,-0.13,0.00,9.941,-1.010,-1.111,-7.002086,-34.832737
671155,3,-0.15,0.00,9.931,-0.996,-1.106,-7.002086,-34.832737
671205,3,-0.15,0.00,9.883,-1.015,-1.125,-7.002086,-34.832737
671256,3,-0.15,0.00,9.902,-1.015,-1.101,-7.002086,-34.832737
671306,3,-0.15,0.00,9.912,-1.010,-1.092,-7.002086,-34.832737
671357,3,-0.15,0.56,9.883,-1.039,-1.097,-7.002086,-34.832737
671407,3,-0.13,0.52,9.898,-1.006,-1.077,-7.002086,-34.832737
671457,3,-0.13,0.00,9.936,-1.020,-1.135,-7.002086,-34.832737
671509,3,-0.15,-0.48,9.912,-0.991,-1.120,-7.002086,-34.832737
671561,3,-0.15,0.00,9.936,-1.034,-1.116,-7.002086,-34.832737
671612,3,-0.15,0.00,9.936,-1.015,-1.135,-7.002086,-34.832737
671664,3,-0.17,-0.52,9.917,-1.010,-1.101,-7.002086,-34.832737
671715,3,-0.19,0.00,9.941,-1.010,-1.106,-7.002086,-34.832737
671766,3,-0.17,0.52,9.907,-1.001,-1.092,-7.002086,-34.832737
671817,3,-0.17,0.00,9.931,-1.006,-1.116,-7.002086,-34.832737
671869,3,-0.19,-0.56,9.922,-1.044,-1.130,-7.002086,-34.832737
671921,3,-0.19,0.00,9.912,-1.015,-1.140,-7.002086,-34.832737
671973,3,-0.20,-0.48,9.926,-1.015,-1.092,-7.002086,-34.832737
672023,3,-0.20,0.00,9.926,-1.020,-1.082,-7.002086,-34.832737
672073,3,-0.22,0.00,9.922,-1.020,-1.120,-7.002086,-34.832737
672124,3,-0.22,-0.56,9.917,-1.020,-1.106,-7.002086,-34.832737
672174,3,-0.22,0.00,9.931,-1.020,-1.106,-7.002086,-34.832737
672225,3,-0.23,0.00,9.922,-1.020,-1.092,-7.002086,-34.832737
672283,3,-0.24,-0.19,9.941,-1.025,-1.106,-7.002086,-34.832737
672334,3,-0.30,-0.56,9.922,-1.020,-1.101,-7.002086,-34.832737
672384,3,-0.27,1.33,9.941,-1.039,-1.087,-7.002086,-34.832737
672435,3,-0.30,0.00,9.936,-1.010,-1.140,-7.002086,-34.832737
672487,3,-0.28,0.74,9.926,-1.034,-1.082,-7.002086,-34.832737
672537,3,-0.28,0.00,9.941,-1.030,-1.140,-7.002086,-34.832737
672589,3,-0.28,1.27,9.931,-1.001,-1.120,-7.002086,-34.832737
672640,3,-0.28,0.00,9.907,-1.015,-1.130,-7.002086,-34.832737
672692,3,-0.31,-0.48,9.912,-1.020,-1.097,-7.002086,-34.832737
672743,3,-0.31,0.00,9.941,-1.020,-1.101,-7.002086,-34.832737
672795,3,-0.34,-0.52,9.936,-1.025,-1.101,-7.002086,-34.832737
672847,3,-0.34,0.00,9.922,-1.025,-1.097,-7.002086,-34.832737
672898,3,-0.35,0.00,9.912,-1.010,-1.120,-7.002086,-34.832737
672950,3,-0.35,0.00,9.936,-1.015,-1.106,-7.002086,-34.832737
673000,3,-0.37,-0.56,9.931,-1.020,-1.092,-7.002086,-34.832737
673050,3,-0.37,0.00,9.931,-1.025,-1.106,-7.002086,-34.832737
673101,3,-0.35,0.56,9.931,-1.020,-1.120,-7.002086,-34.832737
673151,3,-0.37,-0.56,9.936,-1.020,-1.111,-7.002086,-34.832737
673202,3,-0.37,0.00,9.936,-1.020,-1.125,-7.002086,-34.832737
673252,3,-0.38,0.00,9.917,-1.025,-1.087,-7.002086,-34.832737
673303,3,-0.38,0.00,9.931,-1.030,-1.087,-7.002086,-34.832737
673353,3,-0.39,-0.56,9.941,-1.020,-1.106,-7.002086,-34.832737
673403,3,-0.41,-0.52,9.931,-1.025,-1.092,-7.002086,-34.832737
673454,3,-0.41,0.00,9.941,-1.030,-1.111,-7.002086,-34.832737
673505,3,-0.42,0.00,9.926,-1.034,-1.125,-7.002086,-34.832737
673557,3,-0.42,0.00,9.941,-1.020,-1.097,-7.002086,-34.832737
673609,3,-0.42,0.00,9.912,-1.006,-1.097,-7.002086,-34.832737
673660,3,-0.37,1.86,9.936,-1.015,-1.097,-7.002086,-34.832737
673712,3,-0.38,0.00,9.931,-1.015,-1.097,-7.002086,-34.832737
673763,3,-0.43,-1.97,9.931,-1.020,-1.106,-7.002086,-34.832737
673814,3,-0.43,0.00,9.946,-1.010,-1.106,-7.002086,-34.832737
673865,3,-0.44,-0.52,9.941,-1.015,-1.125,-7.002086,-34.832737
673917,3,-0.42,0.52,9.893,-1.039,-1.097,-7.002086,-34.832737
673966,3,-0.43,0.52,9.946,-1.006,-1.135,-7.002086,-34.832737
674017,3,-0.42,0.52,9.931,-1.053,-1.101,-7.002086,-34.832737
674067,3,-0.39,0.00,9.922,-1.006,-1.082,-7.002086,-34.832737
674117,3,-0.38,0.00,9.936,-1.030,-1.125,-7.002086,-34.832737
674168,3,-0.38,0.00,9.946,-1.020,-1.130,-7.002086,-34.832737
674218,3,-0.38,0.00,9.917,-1.030,-1.125,-7.002086,-34.832737
674269,3,-0.37,0.52,9.912,-1.006,-1.106,-7.002086,-34.832737
674327,3,-0.37,0.00,9.917,-1.001,-1.130,-7.002086,-34.832737
674378,3,-0.35,0.56,9.941,-1.020,-1.120,-7.002086,-34.832737
674428,3,-0.37,0.00,9.888,-1.015,-1.082,-7.002086,-34.832737
674481,3,-0.38,0.00,9.936,-1.025,-1.111,-7.002086,-34.832737
674531,3,-0.38,0.00,9.941,-1.015,-1.092,-7.002086,-34.832737
674582,3,-0.38,0.00,9.902,-0.991,-1.106,-7.002086,-34.832737
674634,3,-0.38,0.00,9.950,-1.015,-1.130,-7.002086,-34.832737
674686,3,-0.38,0.00,9.931,-1.020,-1.120,-7.002086,-34.832737
674737,3,-0.38,0.00,9.926,-1.010,-1.130,-7.002086,-34.832737
674789,3,-0.39,0.00,9.912,-1.020,-1.120,-7.002086,-34.832737
674840,3,-0.39,0.00,9.917,-1.015,-1.097,-7.002086,-34.832737
674892,3,-0.41,0.00,9.917,-1.015,-1.087,-7.002086,-34.832737
674944,3,-0.42,0.00,9.931,-1.001,-1.106,-7.002086,-34.832737
674994,3,-0.43,-0.52,9.917,-1.025,-1.116,-7.002086,-34.832737
675044,3,-0.45,0.00,9.917,-1.015,-1.082,-7.002086,-34.832737
675095,3,-0.46,0.00,9.946,-1.010,-1.154,-7.002086,-34.832737
675145,3,-0.47,-0.52,9.926,-1.015,-1.116,-7.002086,-34.832737
675195,3,-0.47,0.00,9.931,-1.006,-1.101,-7.002086,-34.832737
675246,3,-0.50,-0.56,9.946,-1.006,-1.135,-7.002086,-34.832737
675296,3,-0.50,0.00,9.960,-1.030,-1.120,-7.002086,-34.832737
675347,3,-0.50,0.00,9.922,-1.020,-1.106,-7.002086,-34.832737
675397,3,-0.50,0.00,9.936,-1.020,-1.135,-7.002086,-34.832737
675447,3,-0.50,0.00,9.941,-1.034,-1.111,-7.002086,-34.832737
675499,3,-0.50,0.00,9.936,-1.015,-1.097,-7.002086,-34.832737
675551,3,-0.51,0.00,9.941,-1.025,-1.087,-7.002086,-34.832737
675602,3,-0.51,0.00,9.926,-1.015,-1.106,-7.002086,-34.832737
675654,3,-0.49,-0.56,9.922,-1.020,-1.087,-7.002086,-34.832737
675706,3,-0.51,-0.52,9.917,-1.030,-1.120,-7.002086,-34.832737
675757,3,-0.51,0.00,9.926,-1.015,-1.116,-7.002086,-34.832737
675809,3,-0.53,-0.52,9.926,-1.034,-1.101,-7.002086,-34.832737
675859,3,-0.55,-0.45,9.931,-1.025,-1.144,-7.002086,-34.832737
675908,3,-0.56,-0.56,9.936,-1.010,-1.116,-7.002086,-34.832737
675960,3,-0.56,0.00,9.931,-1.020,-1.092,-7.002086,-34.832737
676010,3,-0.57,-0.56,9.926,-1.015,-1.087,-7.002086,-34.832737
676061,3,-0.57,0.00,9.931,-1.025,-1.120,-7.002085,-34.832737
676111,3,-0.57,0.00,9.950,-1.010,-1.106,-7.002085,-34.832737
676161,3,-0.57,0.00,9.926,-1.015,-1.101,-7.002085,-34.832737
676212,3,-0.57,0.00,9.898,-1.006,-1.092,-7.002085,-34.832737
676262,3,-0.57,0.00,9.926,-1.030,-1.082,-7.002085,-34.832737
676313,3,-0.59,0.00,9.917,-1.025,-1.135,-7.002085,-34.832737
676371,3,-0.60,-0.17,9.926,-1.015,-1.092,-7.002085,-34.832737
676422,3,-0.63,-1.09,9.922,-1.025,-1.111,-7.002085,-34.832737
676472,3,-0.63,0.00,9.922,-1.025,-1.092,-7.002085,-34.832737
676522,3,-0.64,-0.52,9.926,-1.006,-1.116,-7.002085,-34.832737
676574,3,-0.66,0.00,9.922,-1.010,-1.106,-7.002085,-34.832737
676625,3,-0.67,-0.52,9.907,-1.039,-1.120,-7.002085,-34.832737
676677,3,-0.68,0.00,9.946,-1.015,-1.092,-7.002085,-34.832737
676728,3,-0.66,0.82,9.965,-1.044,-1.120,-7.002085,-34.832737
676780,3,-0.67,-0.48,9.950,-1.010,-1.120,-7.002085,-34.832737
676832,3,-0.72,0.00,9.902,-1.030,-1.068,-7.002085,-34.832737
676883,3,-0.72,0.00,9.936,-1.025,-1.111,-7.002085,-34.832737
676935,3,-0.72,0.00,9.946,-1.020,-1.097,-7.002085,-34.832737
676985,3,-0.74,0.00,9.917,-1.015,-1.135,-7.002085,-34.832737
677035,3,-0.77,0.00,9.936,-1.039,-1.140,-7.002085,-34.832737
677085,3,-0.77,0.00,9.926,-1.001,-1.116,-7.002085,-34.832737
677136,3,-0.75,0.56,9.898,-1.034,-1.111,-7.002085,-34.832737
677186,3,-0.77,0.00,9.946,-1.020,-1.116,-7.002085,-34.832737
677237,3,-0.77,-0.56,9.912,-1.015,-1.116,-7.002085,-34.832737
677287,3,-0.77,0.00,9.946,-1.034,-1.125,-7.002085,-34.832737
677337,3,-0.78,0.00,9.955,-1.030,-1.106,-7.002085,-34.832737
677388,3,-0.74,1.97,9.946,-1.015,-1.111,-7.002085,-34.832737
677438,3,-0.76,-0.56,9.941,-1.020,-1.125,-7.002085,-34.832737
677490,3,-0.77,0.00,9.931,-1.015,-1.116,-7.002085,-34.832737
677539,3,-0.78,-0.52,9.941,-1.006,-1.125,-7.002085,-34.832737
677591,3,-0.78,0.00,9.941,-1.015,-1.106,-7.002085,-34.832737
677642,3,-0.80,0.00,9.907,-1.010,-1.120,-7.002085,-34.832737
677694,3,-0.80,0.00,9.917,-1.030,-1.130,-7.002085,-34.832737
677745,3,-0.80,0.00,9.893,-1.030,-1.101,-7.002085,-34.832737
677796,3,-0.80,0.00,9.917,-1.015,-1.116,-7.002085,-34.832737
677847,3,-0.80,0.00,9.926,-1.020,-1.087,-7.002085,-34.832737
677899,3,-0.80,0.00,9.941,-1.025,-1.111,-7.002085,-34.832737
677951,3,-0.78,0.48,9.931,-1.025,-1.116,-7.002085,-34.832737
678001,3,-0.78,0.00,9.936,-1.025,-1.092,-7.002085,-34.832737
678051,3,-0.78,0.00,9.946,-1.001,-1.130,-7.002085,-34.832737
678102,3,-0.78,0.00,9.922,-1.015,-1.120,-7.002085,-34.832737
678152,3,-0.80,-0.52,9.936,-1.034,-1.130,-7.002085,-34.832737
678203,3,-0.80,0.00,9.926,-1.001,-1.097,-7.002085,-34.832737
678253,3,-0.80,0.00,9.931,-1.020,-1.125,-7.002085,-34.832737
678303,3,-0.78,0.50,9.907,-1.030,-1.111,-7.002085,-34.832737
678354,3,-0.73,2.01,9.907,-1.030,-1.116,-7.002085,-34.832737
678423,3,-0.72,0.15,9.936,-1.015,-1.120,-7.002085,-34.832737
678475,3,-0.74,0.00,9.931,-1.010,-1.140,-7.002085,-34.832737
678526,3,-0.74,0.00,9.936,-1.015,-1.144,-7.002085,-34.832737
678577,3,-0.73,0.48,9.936,-1.034,-1.101,-7.002085,-34.832737
678628,3,-0.71,0.52,9.926,-1.025,-1.097,-7.002085,-34.832737
678680,3,-0.71,0.00,9.950,-1.025,-1.106,-7.002085,-34.832737
678732,3,-0.69,0.48,9.969,-1.020,-1.106,-7.002085,-34.832737
678783,3,-0.67,0.00,9.950,-1.001,-1.140,-7.002085,-34.832737
678835,3,-0.66,0.00,9.902,-0.991,-1.077,-7.002085,-34.832737
678886,3,-0.66,0.00,9.917,-1.001,-1.106,-7.002085,-34.832737
678938,3,-0.66,0.00,9.941,-1.034,-1.101,-7.002085,-34.832737
678988,3,-0.66,0.00,9.941,-1.025,-1.116,-7.002085,-34.832737
679038,3,-0.66,0.00,9.946,-1.006,-1.130,-7.002085,-34.832737
679089,3,-0.68,0.56,9.922,-1.015,-1.097,-7.002085,-34.832737
679139,3,-0.68,0.00,9.917,-1.015,-1.106,-7.002085,-34.832737
679190,3,-0.67,0.00,9.922,-0.991,-1.144,-7.002085,-34.832737
679240,3,-0.66,0.56,9.931,-1.025,-1.116,-7.002085,-34.832737
679291,3,-0.66,0.00,9.931,-1.025,-1.120,-7.002085,-34.832737
679341,3,-0.64,0.00,9.931,-1.030,-1.116,-7.002085,-34.832737
679391,3,-0.63,0.00,9.907,-1.020,-1.120,-7.002085,-34.832737
679442,3,-0.62,0.52,9.931,-1.010,-1.087,-7.002085,-34.832737
679493,3,-0.66,0.00,9.922,-1.015,-1.087,-7.002085,-34.832737
679545,3,-0.65,0.00,9.936,-1.006,-1.106,-7.002085,-34.832737
679597,3,-0.65,0.00,9.950,-1.025,-1.097,-7.002085,-34.832737
679648,3,-0.62,0.48,9.922,-1.020,-1.092,-7.002085,-34.832737
679700,3,-0.62,0.00,9.946,-1.030,-1.106,-7.002085,-34.832737
679751,3,-0.57,0.00,9.926,-1.020,-1.116,-7.002085,-34.832737
679802,3,-0.56,0.52,9.931,-1.034,-1.106,-7.002085,-34.832737
679853,3,-0.55,0.52,9.917,-1.039,-1.097,-7.002085,-34.832737
679905,3,-0.55,0.00,9.922,-1.010,-1.144,-7.002085,-34.832737
679957,3,-0.55,0.00,9.917,-1.025,-1.130,-7.002085,-34.832737
680007,3,-0.53,0.00,9.941,-1.010,-1.111,-7.002085,-34.832737
680057,3,-0.52,0.54,9.902,-1.025,-1.082,-7.002085,-34.832737
680108,3,-0.52,0.00,9.955,-1.030,-1.097,-7.002085,-34.832737
680158,3,-0.51,0.56,9.922,-1.025,-1.111,-7.002085,-34.832737
680209,3,-0.49,0.52,9.926,-1.010,-1.116,-7.002085,-34.832737
680259,3,-0.48,0.00,9.922,-1.020,-1.125,-7.002085,-34.832737
680309,3,-0.46,0.00,9.926,-1.020,-1.106,-7.002085,-34.832737
680360,3,-0.46,0.00,9.926,-1.015,-1.101,-7.002085,-34.832737
680410,3,-0.48,0.00,9.917,-1.030,-1.120,-7.002085,-34.832737
680468,3,-0.45,0.35,9.917,-1.015,-1.106,-7.002085,-34.832737
680520,3,-0.42,0.56,9.931,-1.015,-1.087,-7.002085,-34.832737
680572,3,-0.42,0.00,9.946,-1.025,-1.097,-7.002085,-34.832737
680622,3,-0.42,0.00,9.936,-1.010,-1.116,-7.002085,-34.832737
680674,3,-0.42,0.00,9.912,-1.015,-1.082,-7.002085,-34.832737
680725,3,-0.41,0.00,9.946,-1.020,-1.106,-7.002085,-34.832737
680777,3,-0.41,0.00,9.926,-1.010,-1.111,-7.002085,-34.832737
680828,3,-0.40,0.00,9.917,-1.015,-1.111,-7.002085,-34.832737
680880,3,-0.40,0.00,9.926,-1.030,-1.116,-7.002085,-34.832737
680932,3,-0.40,0.00,9.922,-1.025,-1.111,-7.002085,-34.832737
680981,3,-0.38,0.00,9.941,-1.006,-1.073,-7.002085,-34.832737
681032,3,-0.40,-0.52,9.931,-1.020,-1.120,-7.002085,-34.832737
681082,3,-0.40,0.00,9.917,-1.010,-1.125,-7.002085,-34.832737
681133,3,-0.40,0.00,9.936,-1.010,-1.120,-7.002085,-34.832737
681183,3,-0.40,0.00,9.936,-1.006,-1.111,-7.002085,-34.832737
681233,3,-0.40,0.00,9.926,-1.030,-1.106,-7.002085,-34.832737
681284,3,-0.40,0.00,9.922,-1.030,-1.101,-7.002085,-34.832737
681334,3,-0.40,0.00,9.941,-1.030,-1.106,-7.002085,-34.832737
681385,3,-0.41,0.00,9.936,-1.010,-1.092,-7.002085,-34.832737
681435,3,-0.41,0.00,9.936,-1.015,-1.116,-7.002085,-34.832737
681487,3,-0.41,0.00,9.946,-1.025,-1.130,-7.002085,-34.832737
681539,3,-0.46,-0.52,9.941,-1.015,-1.101,-7.002085,-34.832737
681590,3,-0.47,-0.52,9.941,-1.025,-1.125,-7.002085,-34.832737
681642,3,-0.47,0.00,9.926,-1.015,-1.125,-7.002085,-34.832737
681693,3,-0.42,0.00,9.936,-1.025,-1.087,-7.002085,-34.832737
681745,3,-0.42,0.00,9.926,-0.996,-1.101,-7.002085,-34.832737
681797,3,-0.40,1.86,9.941,-1.006,-1.101,-7.002085,-34.832737
681847,3,-0.40,0.00,9.936,-1.020,-1.101,-7.002085,-34.832737
681898,3,-0.42,0.48,9.922,-1.010,-1.058,-7.002085,-34.832737
681950,3,-0.42,0.00,9.936,-1.025,-1.111,-7.002085,-34.832737
682000,3,-0.41,0.00,9.936,-1.010,-1.106,-7.002085,-34.832737
682051,3,-0.39,0.52,9.931,-1.030,-1.097,-7.002086,-34.832737
682101,3,-0.38,0.00,9.922,-1.020,-1.106,-7.002086,-34.832737
682152,3,-0.38,0.56,9.936,-1.020,-1.130,-7.002086,-34.832737
682202,3,-0.39,-0.54,9.936,-1.010,-1.144,-7.002086,-34.832737
682252,3,-0.39,0.00,9.912,-1.030,-1.101,-7.002086,-34.832737
682303,3,-0.39,0.52,9.931,-1.020,-1.111,-7.002086,-34.832737
682353,3,-0.41,-0.52,9.922,-1.010,-1.120,-7.002086,-34.832737
682404,3,-0.41,0.00,9.926,-1.039,-1.106,-7.002086,-34.832737
682454,3,-0.41,0.00,9.931,-1.015,-1.106,-7.002086,-34.832737
682512,3,-0.36,0.65,9.931,-1.025,-1.120,-7.002086,-34.832737
682564,3,-0.36,0.00,9.922,-1.020,-1.116,-7.002086,-34.832737
682614,3,-0.36,0.00,9.926,-1.020,-1.097,-7.002086,-34.832737
682666,3,-0.36,0.00,9.931,-1.025,-1.125,-7.002086,-34.832737
682717,3,-0.37,0.00,9.960,-1.030,-1.130,-7.002086,-34.832737
682769,3,-0.37,0.00,9.931,-1.034,-1.120,-7.002086,-34.832737
682820,3,-0.38,0.00,9.912,-1.010,-1.135,-7.002086,-34.832737
682872,3,-0.38,0.00,9.931,-1.006,-1.092,-7.002086,-34.832737
682924,3,-0.38,0.00,9.912,-1.015,-1.092,-7.002086,-34.832737
682973,3,-0.37,0.56,9.902,-1.015,-1.092,-7.002086,-34.832737
683024,3,-0.37,0.00,9.931,-1.001,-1.106,-7.002085,-34.832737
683074,3,-0.37,0.00,9.922,-1.044,-1.120,-7.002085,-34.832737
683124,3,-0.38,-0.56,9.926,-1.030,-1.101,-7.002085,-34.832737
683175,3,-0.38,0.00,9.941,-1.034,-1.130,-7.002085,-34.832737
683225,3,-0.38,0.00,9.922,-1.030,-1.120,-7.002085,-34.832737
683276,3,-0.37,0.00,9.936,-1.020,-1.130,-7.002085,-34.832737
683326,3,-0.38,-0.54,9.917,-1.025,-1.111,-7.002085,-34.832737
683376,3,-0.38,0.00,9.960,-0.996,-1.120,-7.002085,-34.832737
683427,3,-0.41,-0.56,9.941,-1.015,-1.101,-7.002085,-34.832737
683476,3,-0.41,0.00,9.931,-0.996,-1.135,-7.002085,-34.832737
683528,3,-0.41,0.00,9.931,-1.006,-1.140,-7.002085,-34.832737
683580,3,-0.42,0.00,9.926,-1.030,-1.111,-7.002085,-34.832737
683631,3,-0.44,0.00,9.917,-1.039,-1.111,-7.002085,-34.832737
683683,3,-0.46,-0.48,9.917,-1.006,-1.125,-7.002085,-34.832737
683734,3,-0.48,-0.48,9.941,-1.015,-1.097,-7.002085,-34.832737
683786,3,-0.49,0.00,9.931,-1.010,-1.101,-7.002085,-34.832737
683838,3,-0.48,0.00,9.931,-1.006,-1.111,-7.002085,-34.832737
683888,3,-0.46,0.48,9.931,-1.015,-1.130,-7.002085,-34.832737
683939,3,-0.48,-0.48,9.936,-1.015,-1.101,-7.002085,-34.832737
683989,3,-0.48,0.00,9.917,-1.020,-1.101,-7.002085,-34.832737
684040,3,-0.48,0.00,9.931,-1.010,-1.087,-7.002084,-34.832733
684090,3,-0.48,0.00,9.907,-1.015,-1.101,-7.002084,-34.832733
684141,3,-0.48,0.00,9.917,-1.006,-1.092,-7.002084,-34.832733
684191,3,-0.46,0.50,9.912,-1.034,-1.120,-7.002084,-34.832733
684241,3,-0.46,0.00,9.926,-1.015,-1.116,-7.002084,-34.832733
684292,3,-0.45,0.00,9.926,-1.015,-1.120,-7.002084,-34.832733
684342,3,-0.45,0.00,9.936,-1.010,-1.101,-7.002084,-34.832733
684393,3,-0.45,0.00,9.931,-1.020,-1.116,-7.002084,-34.832733
684443,3,-0.50,0.00,9.922,-1.025,-1.111,-7.002084,-34.832733
684492,3,-0.53,-0.48,9.907,-1.015,-1.077,-7.002084,-34.832733
684549,3,-0.54,-0.21,9.917,-1.030,-1.111,-7.002084,-34.832733
684601,3,-0.54,0.00,9.917,-1.025,-1.097,-7.002084,-34.832733
684651,3,-0.56,-0.45,9.941,-1.030,-1.130,-7.002084,-34.832733
684702,3,-0.56,0.00,9.907,-1.001,-1.101,-7.002084,-34.832733
684754,3,-0.56,0.00,9.917,-1.010,-1.097,-7.002084,-34.832733
684803,3,-0.57,-0.52,9.946,-1.020,-1.097,-7.002084,-34.832733
684855,3,-0.60,0.00,9.931,-1.034,-1.101,-7.002084,-34.832733
684906,3,-0.60,0.00,9.941,-1.049,-1.125,-7.002084,-34.832733
684958,3,-0.60,0.00,9.946,-1.030,-1.106,-7.002084,-34.832733
685008,3,-0.62,0.00,9.922,-1.010,-1.092,-7.002084,-34.832733
685059,3,-0.62,0.00,9.931,-0.996,-1.101,-7.002084,-34.832733
685109,3,-0.62,0.00,9.936,-0.991,-1.125,-7.002084,-34.832733
685160,3,-0.62,0.00,9.950,-1.010,-1.092,-7.002084,-34.832733
685210,3,-0.62,0.00,9.946,-1.034,-1.092,-7.002084,-34.832733
685260,3,-0.62,0.00,9.931,-1.020,-1.111,-7.002084,-34.832733
685311,3,-0.58,0.80,9.931,-1.039,-1.116,-7.002084,-34.832733
685361,3,-0.62,-1.33,9.931,-1.030,-1.092,-7.002084,-34.832733
685412,3,-0.62,0.00,9.931,-1.020,-1.097,-7.002084,-34.832733
685462,3,-0.62,0.00,9.902,-1.001,-1.120,-7.002084,-34.832733
685513,3,-0.60,0.48,9.917,-1.006,-1.125,-7.002084,-34.832733
685565,3,-0.62,0.00,9.941,-0.996,-1.101,-7.002084,-34.832733
685616,3,-0.63,-0.52,9.922,-1.039,-1.101,-7.002084,-34.832733
685668,3,-0.63,0.00,9.946,-1.010,-1.125,-7.002084,-34.832733
685720,3,-0.63,0.00,9.926,-1.030,-1.106,-7.002084,-34.832733
685771,3,-0.62,0.52,9.917,-1.010,-1.120,-7.002084,-34.832733
685823,3,-0.62,0.00,9.931,-1.006,-1.106,-7.002084,-34.832733
685874,3,-0.62,0.00,9.931,-0.996,-1.116,-7.002084,-34.832733
685925,3,-0.62,0.00,9.931,-1.001,-1.101,-7.002084,-34.832733
685974,3,-0.63,-0.52,9.936,-1.058,-1.101,-7.002084,-34.832733
686025,3,-0.63,0.00,9.926,-1.049,-1.130,-7.002083,-34.832733
686075,3,-0.64,0.00,9.936,-1.020,-1.101,-7.002083,-34.832733
686126,3,-0.64,0.00,9.926,-1.020,-1.116,-7.002083,-34.832733
686176,3,-0.64,0.00,9.907,-0.996,-1.111,-7.002083,-34.832733
686226,3,-0.66,0.00,9.926,-0.996,-1.116,-7.002083,-34.832733
686277,3,-0.66,0.00,9.946,-1.025,-1.125,-7.002083,-34.832733
686327,3,-0.67,0.00,9.941,-1.025,-1.097,-7.002083,-34.832733
686378,3,-0.66,0.52,9.936,-1.025,-1.116,-7.002083,-34.832733
686428,3,-0.66,0.00,9.931,-1.015,-1.106,-7.002083,-34.832733
686478,3,-0.66,0.00,9.931,-0.986,-1.111,-7.002083,-34.832733
686529,3,-0.66,0.00,9.950,-1.010,-1.087,-7.002083,-34.832733
686586,3,-0.66,0.00,9.931,-1.030,-1.116,-7.002083,-34.832733
686638,3,-0.62,1.23,9.941,-1.020,-1.125,-7.002083,-34.832733
686688,3,-0.62,0.00,9.950,-1.044,-1.106,-7.002083,-34.832733
686739,3,-0.64,0.00,9.922,-1.015,-1.120,-7.002083,-34.832733
686791,3,-0.62,0.52,9.917,-0.996,-1.097,-7.002083,-34.832733
686843,3,-0.61,0.52,9.917,-1.034,-1.125,-7.002083,-34.832733
686894,3,-0.61,0.00,9.926,-1.020,-1.092,-7.002083,-34.832733
686946,3,-0.61,0.00,9.941,-1.049,-1.068,-7.002083,-34.832733
686996,3,-0.60,0.00,9.922,-1.034,-1.073,-7.002083,-34.832733
687046,3,-0.60,0.00,9.926,-1.039,-1.116,-7.002083,-34.832733
687097,3,-0.60,0.00,9.917,-1.001,-1.125,-7.002083,-34.832733
687147,3,-0.60,0.00,9.917,-1.020,-1.097,-7.002083,-34.832733
687198,3,-0.58,0.54,9.922,-1.015,-1.111,-7.002083,-34.832733
687248,3,-0.57,0.56,9.941,-1.025,-1.082,-7.002083,-34.832733
687299,3,-0.57,0.00,9.922,-1.030,-1.111,-7.002083,-34.832733
687349,3,-0.56,0.00,9.931,-1.020,-1.106,-7.002083,-34.832733
687399,3,-0.54,0.48,9.902,-1.006,-1.120,-7.002083,-34.832733
687450,3,-0.54,0.00,9.931,-1.020,-1.130,-7.002083,-34.832733
687501,3,-0.53,0.56,9.936,-1.020,-1.101,-7.002083,-34.832733
687553,3,-0.53,0.00,9.936,-1.020,-1.106,-7.002083,-34.832733
687604,3,-0.55,1.04,9.941,-1.020,-1.111,-7.002083,-34.832733
687656,3,-0.55,0.00,9.931,-1.020,-1.106,-7.002083,-34.832733
687708,3,-0.53,0.00,9.936,-1.015,-1.120,-7.002083,-34.832733
687759,3,-0.56,0.52,9.936,-1.020,-1.125,-7.002083,-34.832733
687811,3,-0.56,0.00,9.902,-1.015,-1.101,-7.002083,-34.832733
687862,3,-0.58,-1.45,9.950,-1.039,-1.082,-7.002083,-34.832733
687913,3,-0.58,0.00,9.941,-1.015,-1.087,-7.002083,-34.832733
687965,3,-0.54,1.04,9.926,-1.010,-1.106,-7.002083,-34.832733
688015,3,-0.53,0.52,9.931,-1.010,-1.092,-7.002083,-34.832733
688065,3,-0.51,0.00,9.912,-1.006,-1.120,-7.002083,-34.832737
688116,3,-0.48,0.56,9.926,-1.025,-1.082,-7.002083,-34.832737
688166,3,-0.46,1.09,9.936,-1.044,-1.092,-7.002083,-34.832737
688217,3,-0.46,0.00,9.926,-1.034,-1.125,-7.002083,-34.832737
688267,3,-0.43,0.56,9.912,-1.015,-1.116,-7.002083,-34.832737
688317,3,-0.47,-1.45,9.941,-1.025,-1.111,-7.002083,-34.832737
688368,3,-0.47,0.00,9.941,-1.015,-1.111,-7.002083,-34.832737
688418,3,-0.45,0.52,9.922,-0.996,-1.116,-7.002083,-34.832737
688468,3,-0.49,-1.39,9.926,-1.025,-1.097,-7.002083,-34.832737
688520,3,-0.47,0.56,9.907,-1.015,-1.097,-7.002083,-34.832737
688571,3,-0.47,0.00,9.936,-1.034,-1.144,-7.002083,-34.832737
688628,3,-0.49,-0.21,9.936,-1.030,-1.082,-7.002083,-34.832737
688680,3,-0.50,0.00,9.922,-1.015,-1.068,-7.002083,-34.832737
688731,3,-0.47,0.00,9.936,-1.020,-1.101,-7.002083,-34.832737
688782,3,-0.47,0.00,9.926,-1.020,-1.077,-7.002083,-34.832737
688833,3,-0.47,0.00,9.946,-1.034,-1.135,-7.002083,-34.832737
688885,3,-0.52,0.00,9.917,-1.049,-1.159,-7.002083,-34.832737
688937,3,-0.53,-0.48,9.922,-1.049,-1.135,-7.002083,-34.832737
688986,3,-0.53,0.00,9.936,-1.025,-1.097,-7.002083,-34.832737
689037,3,-0.54,0.00,9.936,-1.025,-1.063,-7.002083,-34.832737
689087,3,-0.59,-1.49,9.922,-0.977,-1.120,-7.002083,-34.832737
689138,3,-0.59,0.00,9.931,-0.991,-1.135,-7.002083,-34.832737
689188,3,-0.59,0.00,9.912,-0.996,-1.101,-7.002083,-34.832737
689238,3,-0.58,0.00,9.946,-1.034,-1.106,-7.002083,-34.832737
689289,3,-0.57,0.52,9.931,-1.044,-1.097,-7.002083,-34.832737
689339,3,-0.57,0.00,9.946,-1.053,-1.125,-7.002083,-34.832737
689390,3,-0.55,0.56,9.936,-1.030,-1.111,-7.002083,-34.832737
689440,3,-0.54,0.56,9.922,-1.001,-1.135,-7.002083,-34.832737
689492,3,-0.53,0.00,9.931,-0.982,-1.111,-7.002083,-34.832737
689543,3,-0.47,1.01,9.922,-1.010,-1.101,-7.002083,-34.832737
689595,3,-0.46,0.52,9.917,-1.039,-1.106,-7.002083,-34.832737
689647,3,-0.43,0.48,9.926,-1.049,-1.092,-7.002083,-34.832737
689698,3,-0.42,0.52,9.926,-1.034,-1.092,-7.002083,-34.832737
689750,3,-0.42,0.00,9.922,-1.015,-1.116,-7.002083,-34.832737
689801,3,-0.40,0.00,9.941,-1.001,-1.130,-7.002083,-34.832737
689853,3,-0.40,0.00,9.922,-1.010,-1.125,-7.002083,-34.832737
689905,3,-0.40,0.00,9.965,-1.025,-1.111,-7.002083,-34.832737
689956,3,-0.40,0.00,9.931,-1.025,-1.092,-7.002083,-34.832737
690007,3,-0.39,0.00,9.926,-1.049,-1.120,-7.002083,-34.832737
690057,3,-0.40,0.00,9.926,-1.020,-1.101,-7.002083,-34.832737
690107,3,-0.40,0.00,9.922,-1.001,-1.140,-7.002083,-34.832737
690158,3,-0.42,0.00,9.912,-1.030,-1.111,-7.002083,-34.832737
690208,3,-0.44,0.00,9.931,-1.006,-1.097,-7.002083,-34.832737
690259,3,-0.46,-0.56,9.941,-1.025,-1.101,-7.002083,-34.832737
690309,3,-0.47,0.00,9.926,-1.025,-1.154,-7.002083,-34.832737
690360,3,-0.48,-0.52,9.926,-1.010,-1.092,-7.002083,-34.832737
690410,3,-0.48,0.00,9.946,-1.034,-1.125,-7.002083,-34.832737
690460,3,-0.48,0.00,9.936,-1.025,-1.097,-7.002083,-34.832737
690512,3,-0.51,-1.04,9.922,-1.025,-1.125,-7.002083,-34.832737
690562,3,-0.51,0.00,9.926,-1.030,-1.101,-7.002083,-34.832737
690613,3,-0.51,0.00,9.950,-1.020,-1.111,-7.002083,-34.832737
690677,3,-0.54,-0.31,9.931,-1.020,-1.130,-7.002083,-34.832737
690729,3,-0.55,-0.52,9.922,-1.006,-1.087,-7.002083,-34.832737
690779,3,-0.55,0.00,9.902,-1.025,-1.092,-7.002083,-34.832737
690831,3,-0.55,-0.52,9.950,-1.030,-1.106,-7.002083,-34.832737
690882,3,-0.57,-0.52,9.917,-1.020,-1.120,-7.002083,-34.832737
690934,3,-0.63,-0.52,9.936,-1.010,-1.120,-7.002083,-34.832737
690984,3,-0.59,1.45,9.917,-1.015,-1.116,-7.002083,-34.832737
691034,3,-0.59,0.00,9.922,-1.020,-1.097,-7.002083,-34.832737
691085,3,-0.64,-2.01,9.926,-1.020,-1.106,-7.002083,-34.832737
691135,3,-0.61,1.45,9.917,-1.025,-1.116,-7.002083,-34.832737
691185,3,-0.61,0.00,9.931,-1.020,-1.125,-7.002083,-34.832737
691236,3,-0.63,-0.56,9.931,-1.030,-1.125,-7.002083,-34.832737
691286,3,-0.62,0.56,9.926,-1.025,-1.116,-7.002083,-34.832737
691337,3,-0.63,0.00,9.922,-1.034,-1.082,-7.002083,-34.832737
691387,3,-0.65,-0.56,9.931,-1.001,-1.106,-7.002083,-34.832737
691437,3,-0.66,-0.50,9.922,-1.015,-1.120,-7.002083,-34.832737
691489,3,-0.71,0.00,9.941,-1.025,-1.120,-7.002083,-34.832737
691538,3,-0.70,0.00,9.917,-1.020,-1.106,-7.002083,-34.832737
691590,3,-0.70,0.00,9.922,-1.034,-1.106,-7.002083,-34.832737
691641,3,-0.70,-0.52,9.912,-1.039,-1.097,-7.002083,-34.832737
691693,3,-0.70,0.00,9.917,-1.044,-1.106,-7.002083,-34.832737
691744,3,-0.68,0.00,9.926,-1.025,-1.140,-7.002083,-34.832737
691796,3,-0.68,0.00,9.946,-1.015,-1.125,-7.002083,-34.832737
691848,3,-0.68,0.00,9.926,-0.996,-1.120,-7.002083,-34.832737
691898,3,-0.68,0.00,9.922,-1.025,-1.092,-7.002083,-34.832737
691950,3,-0.67,0.00,9.936,-1.025,-1.106,-7.002083,-34.832737
692000,3,-0.64,0.52,9.941,-1.039,-1.120,-7.002083,-34.832737
692050,3,-0.63,0.00,9.931,-1.034,-1.097,-7.002083,-34.832737
692101,3,-0.63,0.00,9.941,-1.020,-1.111,-7.002083,-34.832737
692151,3,-0.63,0.00,9.922,-1.025,-1.125,-7.002083,-34.832737
692201,3,-0.63,0.00,9.902,-1.030,-1.097,-7.002083,-34.832737
692252,3,-0.63,0.00,9.936,-1.020,-1.120,-7.002083,-34.832737
692302,3,-0.63,0.00,9.917,-0.996,-1.130,-7.002083,-34.832737
692353,3,-0.64,0.00,9.936,-1.030,-1.106,-7.002083,-34.832737
692403,3,-0.64,0.00,9.946,-1.030,-1.101,-7.002083,-34.832737
692453,3,-0.66,-0.52,9.917,-1.025,-1.116,-7.002083,-34.832737
692505,3,-0.66,0.00,9.941,-1.025,-1.101,-7.002083,-34.832737
692556,3,-0.66,0.00,9.907,-1.001,-1.087,-7.002083,-34.832737
692608,3,-0.66,0.00,9.922,-1.020,-1.087,-7.002083,-34.832737
692660,3,-0.66,0.00,9.931,-1.030,-1.111,-7.002083,-34.832737
692718,3,-0.66,0.00,9.931,-1.015,-1.135,-7.002083,-34.832737
692770,3,-0.67,0.00,9.941,-1.025,-1.116,-7.002083,-34.832737
692821,3,-0.68,0.00,9.931,-1.015,-1.125,-7.002083,-34.832737
692872,3,-0.68,0.00,9.931,-1.039,-1.120,-7.002083,-34.832737
692923,3,-0.68,0.00,9.931,-1.006,-1.106,-7.002083,-34.832737
692975,3,-0.67,-0.48,9.922,-1.015,-1.097,-7.002083,-34.832737
693026,3,-0.67,0.00,9.931,-1.025,-1.116,-7.002083,-34.832737
693076,3,-0.69,0.00,9.917,-1.030,-1.140,-7.002083,-34.832737
693127,3,-0.71,-0.56,9.926,-1.034,-1.111,-7.002083,-34.832737
693177,3,-0.71,0.00,9.941,-1.020,-1.111,-7.002083,-34.832737
693228,3,-0.73,0.00,9.926,-1.025,-1.120,-7.002083,-34.832737
693278,3,-0.76,-0.54,9.950,-1.015,-1.087,-7.002083,-34.832737
693328,3,-0.77,-0.52,9.931,-1.020,-1.135,-7.002083,-34.832737
693379,3,-0.78,0.00,9.888,-1.015,-1.077,-7.002083,-34.832737
693429,3,-0.82,-1.09,9.922,-1.020,-1.106,-7.002083,-34.832737
693481,3,-0.82,0.00,9.902,-1.039,-1.120,-7.002083,-34.832737
693533,3,-0.84,0.00,9.926,-0.986,-1.135,-7.002083,-34.832737
693582,3,-0.82,0.52,9.917,-1.006,-1.125,-7.002083,-34.832737
693634,3,-0.84,0.00,9.960,-1.020,-1.087,-7.002083,-34.832737
693685,3,-0.84,0.00,9.941,-1.020,-1.111,-7.002083,-34.832737
693737,3,-0.85,-0.48,9.917,-1.025,-1.097,-7.002083,-34.832737
693789,3,-0.84,0.48,9.912,-1.006,-1.101,-7.002083,-34.832737
693840,3,-0.84,0.00,9.926,-1.030,-1.111,-7.002083,-34.832737
693892,3,-0.84,0.00,9.931,-1.020,-1.092,-7.002083,-34.832737
693943,3,-0.84,0.00,9.941,-1.015,-1.106,-7.002083,-34.832737
693993,3,-0.85,0.00,9.931,-1.020,-1.125,-7.002083,-34.832737
694044,3,-0.89,-1.13,9.893,-1.001,-1.106,-7.002083,-34.832737
694094,3,-0.91,-0.48,9.912,-0.996,-1.116,-7.002083,-34.832737
694145,3,-0.91,0.00,9.946,-1.049,-1.116,-7.002083,-34.832737
694195,3,-0.91,0.00,9.936,-1.020,-1.097,-7.002083,-34.832737
694245,3,-0.91,0.00,9.946,-1.025,-1.092,-7.002083,-34.832737
694296,3,-0.91,0.00,9.936,-1.015,-1.135,-7.002083,-34.832737
694346,3,-0.89,0.00,9.926,-1.010,-1.120,-7.002083,-34.832737
694397,3,-0.89,0.00,9.912,-1.001,-1.092,-7.002083,-34.832737
694447,3,-0.88,0.00,9.946,-1.015,-1.144,-7.002083,-34.832737
694499,3,-0.86,0.52,9.946,-1.034,-1.135,-7.002083,-34.832737
694550,3,-0.86,0.00,9.936,-1.020,-1.101,-7.002083,-34.832737
694601,3,-0.86,0.00,9.936,-1.025,-1.120,-7.002083,-34.832737
694652,3,-0.86,0.00,9.931,-1.015,-1.130,-7.002083,-34.832737
694704,3,-0.92,-1.34,9.922,-1.039,-1.097,-7.002083,-34.832737
694761,3,-0.93,-0.17,9.912,-0.996,-1.106,-7.002083,-34.832737
694811,3,-0.93,0.00,9.917,-1.006,-1.106,-7.002083,-34.832737
694863,3,-0.91,0.00,9.917,-1.020,-1.087,-7.002083,-34.832737
694914,3,-0.91,0.00,9.907,-1.015,-1.111,-7.002083,-34.832737
694966,3,-0.89,0.00,9.917,-1.010,-1.120,-7.002083,-34.832737
695017,3,-0.89,0.00,9.936,-1.020,-1.111,-7.002083,-34.832737
695067,3,-0.89,0.00,9.941,-1.015,-1.101,-7.002083,-34.832737
695117,3,-0.91,0.00,9.926,-1.020,-1.097,-7.002083,-34.832737
695168,3,-0.91,0.00,9.960,-1.020,-1.116,-7.002083,-34.832737
695218,3,-0.91,0.00,9.941,-1.030,-1.120,-7.002083,-34.832737
695269,3,-0.91,-0.48,9.950,-1.025,-1.116,-7.002083,-34.832737
695319,3,-0.89,0.46,9.950,-1.006,-1.130,-7.002083,-34.832737
695369,3,-0.89,0.00,9.931,-1.025,-1.097,-7.002083,-34.832737
695420,3,-0.88,0.56,9.907,-1.025,-1.140,-7.002083,-34.832737
695470,3,-0.88,0.00,9.926,-1.030,-1.097,-7.002083,-34.832737
695521,3,-0.86,0.00,9.907,-1.020,-1.097,-7.002083,-34.832737
695573,3,-0.84,0.48,9.902,-1.034,-1.087,-7.002083,-34.832737
695625,3,-0.82,0.00,9.917,-1.025,-1.097,-7.002083,-34.832737
695676,3,-0.81,0.00,9.902,-1.020,-1.120,-7.002083,-34.832737
695728,3,-0.80,0.60,9.941,-1.030,-1.120,-7.002083,-34.832737
695779,3,-0.81,0.00,9.936,-1.020,-1.111,-7.002083,-34.832737
695831,3,-0.81,0.00,9.917,-1.010,-1.125,-7.002083,-34.832737
695883,3,-0.81,0.00,9.922,-1.034,-1.101,-7.002083,-34.832737
695934,3,-0.80,0.56,9.926,-1.010,-1.120,-7.002083,-34.832737
695987,3,-0.76,1.53,9.926,-1.053,-1.101,-7.002083,-34.832737
696037,3,-0.80,0.00,9.936,-1.030,-1.120,-7.002083,-34.832737
696087,3,-0.80,-0.52,9.936,-1.015,-1.116,-7.002083,-34.832737
696138,3,-0.80,0.00,9.946,-1.030,-1.101,-7.002083,-34.832737
696188,3,-0.80,0.00,9.931,-1.034,-1.111,-7.002083,-34.832737
696239,3,-0.80,0.00,9.922,-1.010,-1.120,-7.002083,-34.832737
696289,3,-0.78,0.50,9.941,-1.034,-1.116,-7.002083,-34.832737
696340,3,-0.80,0.00,9.941,-1.034,-1.101,-7.002083,-34.832737
696390,3,-0.81,-0.60,9.917,-1.039,-1.106,-7.002083,-34.832737
696440,3,-0.81,0.00,9.936,-1.053,-1.092,-7.002083,-34.832737
696492,3,-0.81,0.00,9.936,-1.025,-1.092,-7.002083,-34.832737
696544,3,-0.81,0.00,9.931,-1.030,-1.068,-7.002083,-34.832737
696595,3,-0.81,0.00,9.922,-1.025,-1.111,-7.002083,-34.832737
696646,3,-0.81,0.00,9.926,-1.034,-1.092,-7.002083,-34.832737
696697,3,-0.81,0.00,9.941,-1.015,-1.111,-7.002083,-34.832737
696749,3,-0.82,0.00,9.922,-1.020,-1.092,-7.002083,-34.832737
696805,3,-0.84,-0.19,9.946,-0.986,-1.149,-7.002083,-34.832737
696855,3,-0.84,0.00,9.926,-1.034,-1.077,-7.002083,-34.832737
696907,3,-0.84,0.00,9.926,-1.020,-1.125,-7.002083,-34.832737
696958,3,-0.82,0.00,9.931,-1.044,-1.130,-7.002083,-34.832737
697009,3,-0.82,0.00,9.941,-1.025,-1.125,-7.002083,-34.832737
697059,3,-0.82,0.00,9.931,-1.030,-1.092,-7.002082,-34.832737
697110,3,-0.78,0.00,9.941,-1.010,-1.087,-7.002082,-34.832737
697160,3,-0.80,-0.56,9.950,-1.025,-1.111,-7.002082,-34.832737
697210,3,-0.80,0.00,9.936,-1.015,-1.120,-7.002082,-34.832737
697261,3,-0.80,0.00,9.950,-0.996,-1.106,-7.002082,-34.832737
697311,3,-0.80,0.00,9.926,-1.020,-1.092,-7.002082,-34.832737
697362,3,-0.80,0.00,9.931,-1.025,-1.101,-7.002082,-34.832737
697412,3,-0.80,0.00,9.931,-1.015,-1.111,-7.002082,-34.832737
697462,3,-0.78,0.56,9.912,-1.006,-1.125,-7.002082,-34.832737
697514,3,-0.78,0.00,9.931,-1.030,-1.120,-7.002082,-34.832737
697565,3,-0.80,0.00,9.922,-1.020,-1.101,-7.002082,-34.832737
697617,3,-0.80,0.00,9.922,-1.020,-1.116,-7.002082,-34.832737
697668,3,-0.81,0.00,9.926,-1.020,-1.111,-7.002082,-34.832737
697720,3,-0.81,0.00,9.926,-1.015,-1.106,-7.002082,-34.832737
697769,3,-0.83,0.00,9.946,-1.015,-1.106,-7.002082,-34.832737
697821,3,-0.83,0.00,9.941,-1.006,-1.135,-7.002082,-34.832737
697872,3,-0.83,0.00,9.922,-1.015,-1.120,-7.002082,-34.832737
697924,3,-0.83,0.00,9.931,-1.025,-1.116,-7.002082,-34.832737
697976,3,-0.83,0.00,9.931,-1.006,-1.111,-7.002082,-34.832737
698026,3,-0.81,0.00,9.926,-1.034,-1.120,-7.002083,-34.832737
698077,3,-0.81,0.00,9.926,-1.034,-1.111,-7.002083,-34.832737
698127,3,-0.81,0.00,9.931,-1.034,-1.125,-7.002083,-34.832737
698178,3,-0.83,0.00,9.941,-1.044,-1.125,-7.002083,-34.832737
698228,3,-0.79,1.49,9.936,-1.039,-1.106,-7.002083,-34.832737
698278,3,-0.79,0.00,9.950,-1.039,-1.082,-7.002083,-34.832737
698329,3,-0.79,0.00,9.917,-1.020,-1.111,-7.002083,-34.832737
698379,3,-0.83,-1.49,9.917,-1.006,-1.125,-7.002083,-34.832737
698430,3,-0.81,0.56,9.917,-1.020,-1.116,-7.002083,-34.832737
698482,3,-0.81,0.00,9.941,-1.044,-1.101,-7.002083,-34.832737
698533,3,-0.78,0.56,9.936,-1.015,-1.111,-7.002083,-34.832737
698584,3,-0.78,0.00,9.936,-1.034,-1.092,-7.002083,-34.832737
698635,3,-0.72,1.82,9.917,-1.010,-1.101,-7.002083,-34.832737
698687,3,-0.72,0.00,9.936,-1.010,-1.087,-7.002083,-34.832737
698738,3,-0.69,0.52,9.936,-1.030,-1.116,-7.002083,-34.832737
698790,3,-0.72,-0.82,9.960,-1.025,-1.097,-7.002083,-34.832737
698847,3,-0.69,0.38,9.950,-1.015,-1.120,-7.002083,-34.832737
698899,3,-0.69,0.00,9.936,-1.030,-1.116,-7.002083,-34.832737
698949,3,-0.68,0.48,9.917,-1.020,-1.120,-7.002083,-34.832737
698999,3,-0.66,0.00,9.912,-1.039,-1.116,-7.002083,-34.832737
699050,3,-0.66,0.00,9.912,-1.025,-1.125,-7.002082,-34.832737
699100,3,-0.66,0.00,9.917,-1.030,-1.092,-7.002082,-34.832737
699150,3,-0.66,0.00,9.912,-1.006,-1.106,-7.002082,-34.832737
699201,3,-0.66,0.00,9.955,-1.010,-1.130,-7.002082,-34.832737
699251,3,-0.66,0.00,9.926,-1.010,-1.130,-7.002082,-34.832737
699302,3,-0.68,0.00,9.941,-1.044,-1.106,-7.002082,-34.832737
699352,3,-0.68,0.00,9.912,-1.058,-1.082,-7.002082,-34.832737
699402,3,-0.68,0.00,9.922,-1.039,-1.101,-7.002082,-34.832737
699453,3,-0.68,0.00,9.922,-1.030,-1.135,-7.002082,-34.832737
699504,3,-0.68,0.00,9.960,-0.991,-1.144,-7.002082,-34.832737
699556,3,-0.66,0.00,9.960,-1.001,-1.144,-7.002082,-34.832737
699607,3,-0.66,0.00,9.969,-1.006,-1.130,-7.002082,-34.832737
699659,3,-0.68,-0.52,9.917,-1.053,-1.101,-7.002082,-34.832737
699711,3,-0.69,-0.48,9.960,-1.068,-1.144,-7.002082,-34.832737
699762,3,-0.70,-0.56,9.946,-1.063,-1.130,-7.002082,-34.832737
699814,3,-0.73,0.00,9.955,-1.025,-1.101,-7.002082,-34.832737
699865,3,-0.73,0.00,9.922,-1.030,-1.111,-7.002082,-34.832737
699917,3,-0.73,0.00,9.917,-1.010,-1.111,-7.002082,-34.832737
699969,3,-0.74,-0.48,9.946,-1.010,-1.130,-7.002082,-34.832737
700019,3,-0.77,-1.05,9.922,-1.010,-1.140,-7.002082,-34.832737
700070,3,-0.78,0.00,9.883,-1.006,-1.106,-7.002082,-34.832741
700120,3,-0.80,0.00,9.902,-1.020,-1.120,-7.002082,-34.832741
700171,3,-0.80,0.00,9.946,-1.044,-1.106,-7.002082,-34.832741
700221,3,-0.81,0.00,9.922,-1.006,-1.116,-7.002082,-34.832741
700271,3,-0.84,-0.52,9.917,-1.020,-1.082,-7.002082,-34.832741
700322,3,-0.84,0.00,9.922,-1.030,-1.125,-7.002082,-34.832741
700372,3,-0.85,0.00,9.926,-1.030,-1.125,-7.002082,-34.832741
700423,3,-0.87,0.00,9.912,-1.010,-1.116,-7.002082,-34.832741
700472,3,-0.83,1.34,9.950,-1.030,-1.125,-7.002082,-34.832741
700524,3,-0.84,-0.48,9.946,-1.020,-1.116,-7.002082,-34.832741
700576,3,-0.84,0.00,9.912,-1.010,-1.116,-7.002082,-34.832741
700626,3,-0.84,0.00,9.931,-1.006,-1.159,-7.002082,-34.832741
700678,3,-0.83,0.48,9.912,-1.015,-1.097,-7.002082,-34.832741
700729,3,-0.83,0.00,9.946,-1.015,-1.140,-7.002082,-34.832741
700781,3,-0.83,0.00,9.960,-1.039,-1.125,-7.002082,-34.832741
700832,3,-0.84,0.00,9.936,-1.020,-1.092,-7.002082,-34.832741
700889,3,-0.83,0.18,9.926,-1.039,-1.111,-7.002082,-34.832741
700941,3,-0.83,0.52,9.941,-1.010,-1.116,-7.002082,-34.832741
700991,3,-0.82,0.56,9.922,-1.034,-1.101,-7.002082,-34.832741
701041,3,-0.80,0.00,9.950,-1.006,-1.130,-7.002082,-34.832741
701092,3,-0.78,0.56,9.917,-1.010,-1.111,-7.002082,-34.832741
701142,3,-0.76,0.52,9.922,-1.006,-1.130,-7.002082,-34.832741
701193,3,-0.74,0.00,9.941,-1.034,-1.111,-7.002082,-34.832741
701243,3,-0.68,2.01,9.965,-1.020,-1.140,-7.002082,-34.832741
701294,3,-0.67,0.54,9.931,-1.010,-1.120,-7.002082,-34.832741
701344,3,-0.67,0.00,9.912,-1.020,-1.111,-7.002082,-34.832741
701394,3,-0.64,0.56,9.922,-0.996,-1.130,-7.002082,-34.832741
701445,3,-0.63,0.52,9.931,-0.991,-1.120,-7.002082,-34.832741
701496,3,-0.62,0.00,9.974,-1.020,-1.116,-7.002082,-34.832741
701547,3,-0.60,0.48,9.936,-0.977,-1.116,-7.002082,-34.832741
701598,3,-0.58,0.48,9.917,-1.020,-1.097,-7.002082,-34.832741
701650,3,-0.55,1.04,9.969,-1.025,-1.140,-7.002082,-34.832741
701702,3,-0.53,0.00,9.898,-1.025,-1.106,-7.002082,-34.832741
701753,3,-0.49,1.01,9.974,-1.030,-1.120,-7.002082,-34.832741
701805,3,-0.47,1.01,9.969,-1.044,-1.168,-7.002082,-34.832741
701856,3,-0.44,0.56,9.902,-1.001,-1.092,-7.002082,-34.832741
701908,3,-0.44,0.00,9.989,-1.039,-1.140,-7.002082,-34.832741
701960,3,-0.44,0.00,9.969,-1.025,-1.164,-7.002082,-34.832741
702010,3,-0.41,0.00,9.950,-0.986,-1.159,-7.002082,-34.832741
702060,3,-0.40,0.54,9.864,-1.020,-1.073,-7.002082,-34.832741
702111,3,-0.38,0.00,9.936,-1.015,-1.106,-7.002082,-34.832741
702161,3,-0.42,0.00,9.941,-1.034,-1.168,-7.002082,-34.832741
702212,3,-0.42,0.00,9.898,-1.030,-1.063,-7.002082,-34.832741
702262,3,-0.45,0.00,9.950,-0.991,-1.130,-7.002082,-34.832741
702312,3,-0.46,-0.54,9.979,-1.034,-1.192,-7.002082,-34.832741
702363,3,-0.49,-1.09,9.969,-1.044,-1.178,-7.002082,-34.832741
702413,3,-0.50,0.00,9.926,-1.015,-1.111,-7.002082,-34.832741
702463,3,-0.52,0.00,9.931,-1.010,-1.101,-7.002082,-34.832741
702515,3,-0.54,0.00,9.926,-1.001,-1.140,-7.002082,-34.832741
702566,3,-0.57,-0.52,9.941,-1.006,-1.106,-7.002082,-34.832741
702618,3,-0.56,0.52,9.950,-1.006,-1.140,-7.002082,-34.832741
702670,3,-0.56,0.00,9.926,-1.015,-1.101,-7.002082,-34.832741
702720,3,-0.56,0.00,9.907,-1.001,-1.087,-7.002082,-34.832741
702772,3,-0.56,0.56,9.936,-1.001,-1.149,-7.002082,-34.832741
702823,3,-0.56,0.00,9.931,-1.015,-1.077,-7.002082,-34.832741
702875,3,-0.53,0.00,9.950,-1.015,-1.125,-7.002082,-34.832741
702932,3,-0.53,0.00,9.888,-1.030,-1.116,-7.002082,-34.832741
702984,3,-0.53,0.00,9.917,-0.996,-1.097,-7.002082,-34.832741
703035,3,-0.53,0.00,9.926,-1.025,-1.116,-7.002081,-34.832745
703085,3,-0.56,-0.52,9.950,-1.010,-1.144,-7.002081,-34.832745
703135,3,-0.57,-0.54,9.931,-1.020,-1.116,-7.002081,-34.832745
703186,3,-0.59,0.00,9.917,-1.025,-1.106,-7.002081,-34.832745
703236,3,-0.65,-0.60,9.922,-1.010,-1.125,-7.002081,-34.832745
703287,3,-0.66,-0.48,9.931,-1.034,-1.097,-7.002081,-34.832745
703337,3,-0.66,0.00,9.922,-1.025,-1.144,-7.002081,-34.832745
703387,3,-0.66,0.00,9.917,-0.982,-1.106,-7.002081,-34.832745
703438,3,-0.66,0.00,9.931,-1.030,-1.130,-7.002081,-34.832745
703490,3,-0.66,0.00,9.950,-1.025,-1.135,-7.002081,-34.832745
703541,3,-0.68,0.00,9.931,-1.044,-1.097,-7.002081,-34.832745
703592,3,-0.68,0.00,9.922,-1.020,-1.120,-7.002081,-34.832745
703643,3,-0.66,0.52,9.917,-1.034,-1.101,-7.002081,-34.832745
703695,3,-0.66,0.00,9.912,-1.020,-1.120,-7.002081,-34.832745
703747,3,-0.68,-0.52,9.926,-1.025,-1.120,-7.002081,-34.832745
703798,3,-0.68,0.00,9.907,-1.025,-1.120,-7.002081,-34.832745
703850,3,-0.69,0.00,9.902,-1.006,-1.106,-7.002081,-34.832745
703901,3,-0.73,-1.61,9.907,-1.015,-1.092,-7.002081,-34.832745
703953,3,-0.71,0.00,9.941,-1.010,-1.116,-7.002081,-34.832745
704003,3,-0.69,1.61,9.893,-1.030,-1.068,-7.002081,-34.832745
704054,3,-0.66,1.09,9.955,-1.025,-1.120,-7.002081,-34.832745
704104,3,-0.65,0.00,9.946,-1.044,-1.144,-7.002081,-34.832745
704155,3,-0.63,1.09,9.941,-1.006,-1.082,-7.002081,-34.832745
704205,3,-0.63,0.00,9.984,-0.986,-1.168,-7.002081,-34.832745
704255,3,-0.63,0.00,9.922,-1.006,-1.101,-7.002081,-34.832745
704306,3,-0.65,-0.56,9.941,-1.001,-1.130,-7.002081,-34.832745
704356,3,-0.63,0.54,9.926,-1.020,-1.106,-7.002081,-34.832745
704407,3,-0.63,0.00,9.965,-1.053,-1.154,-7.002081,-34.832745
704457,3,-0.61,0.52,9.907,-1.049,-1.125,-7.002081,-34.832745
704508,3,-0.59,0.56,9.893,-1.030,-1.082,-7.002081,-34.832745
704560,3,-0.58,0.00,9.898,-1.006,-1.106,-7.002081,-34.832745
704611,3,-0.57,0.52,9.917,-0.967,-1.116,-7.002081,-34.832745
704663,3,-0.57,0.00,9.883,-1.001,-1.106,-7.002081,-34.832745
704715,3,-0.57,0.00,9.859,-1.010,-1.058,-7.002081,-34.832745
704766,3,-0.57,0.00,9.922,-1.053,-1.130,-7.002081,-34.832745
704818,3,-0.57,0.00,9.946,-1.039,-1.135,-7.002081,-34.832745
704870,3,-0.53,1.45,9.922,-1.001,-1.116,-7.002081,-34.832745
704920,3,-0.53,0.00,9.902,-0.991,-1.087,-7.002081,-34.832745
704988,3,-0.50,0.30,9.893,-1.020,-1.101,-7.002081,-34.832745
705039,3,-0.50,0.00,9.907,-0.991,-1.092,-7.002081,-34.832745
705089,3,-0.48,0.56,9.898,-1.058,-1.097,-7.002081,-34.832745
705140,3,-0.48,0.00,9.893,-1.044,-1.097,-7.002081,-34.832745
705190,3,-0.47,0.00,9.926,-1.030,-1.125,-7.002081,-34.832745
705240,3,-0.43,0.52,9.941,-0.996,-1.082,-7.002081,-34.832745
705291,3,-0.42,0.56,9.950,-0.982,-1.087,-7.002081,-34.832745
705341,3,-0.42,0.00,9.946,-1.020,-1.125,-7.002081,-34.832745
705391,3,-0.38,1.39,9.941,-1.039,-1.159,-7.002081,-34.832745
705442,3,-0.38,0.00,9.922,-1.053,-1.149,-7.002081,-34.832745
705494,3,-0.42,0.00,9.922,-1.044,-1.106,-7.002081,-34.832745
705544,3,-0.40,0.52,9.926,-1.030,-1.097,-7.002081,-34.832745
705593,3,-0.39,-0.52,9.922,-0.986,-1.092,-7.002081,-34.832745
705645,3,-0.39,0.00,9.946,-0.977,-1.111,-7.002081,-34.832745
705696,3,-0.39,0.00,9.936,-1.015,-1.111,-7.002081,-34.832745
705748,3,-0.39,0.00,9.960,-1.039,-1.120,-7.002081,-34.832745
705799,3,-0.39,0.00,9.965,-1.034,-1.101,-7.002081,-34.832745
705851,3,-0.42,-1.04,9.960,-1.030,-1.178,-7.002081,-34.832745
705903,3,-0.41,0.52,9.922,-1.015,-1.120,-7.002081,-34.832745
705954,3,-0.41,0.00,9.974,-1.001,-1.125,-7.002081,-34.832745
706005,3,-0.43,-0.52,9.907,-1.015,-1.135,-7.002081,-34.832745
706055,3,-0.45,0.00,9.912,-1.006,-1.140,-7.002080,-34.832745
706105,3,-0.46,-0.56,9.931,-1.030,-1.125,-7.002080,-34.832745
706156,3,-0.46,0.00,9.936,-1.039,-1.073,-7.002080,-34.832745
706206,3,-0.47,0.00,9.931,-1.030,-1.130,-7.002080,-34.832745
706257,3,-0.50,-0.52,9.898,-0.986,-1.092,-7.002080,-34.832745
706307,3,-0.52,-0.56,9.917,-0.996,-1.092,-7.002080,-34.832745
706357,3,-0.53,0.00,9.979,-1.006,-1.140,-7.002080,-34.832745
706408,3,-0.54,-0.54,9.955,-1.025,-1.092,-7.002080,-34.832745
706458,3,-0.56,-0.52,9.950,-1.034,-1.097,-7.002080,-34.832745
706510,3,-0.57,0.00,9.931,-1.030,-1.140,-7.002080,-34.832745
706561,3,-0.57,0.00,9.936,-1.030,-1.111,-7.002080,-34.832745
706613,3,-0.57,0.00,9.902,-1.025,-1.077,-7.002080,-34.832745
706664,3,-0.59,0.00,9.917,-1.015,-1.101,-7.002080,-34.832745
706715,3,-0.59,0.00,9.955,-1.020,-1.111,-7.002080,-34.832745
706766,3,-0.60,-0.48,9.931,-1.006,-1.111,-7.002080,-34.832745
706818,3,-0.60,0.00,9.931,-1.001,-1.082,-7.002080,-34.832745
706870,3,-0.60,0.00,9.946,-1.020,-1.106,-7.002080,-34.832745
706921,3,-0.63,-0.48,9.917,-1.025,-1.097,-7.002080,-34.832745
706973,3,-0.61,0.00,9.965,-1.049,-1.125,-7.002080,-34.832745
707032,3,-0.60,0.20,9.878,-1.020,-1.063,-7.002080,-34.832748
707082,3,-0.57,0.56,9.878,-1.006,-1.101,-7.002080,-34.832748
707132,3,-0.54,1.04,9.912,-1.034,-1.125,-7.002080,-34.832748
707183,3,-0.54,0.00,9.922,-1.001,-1.120,-7.002080,-34.832748
707233,3,-0.53,0.56,9.898,-1.010,-1.116,-7.002080,-34.832748
707284,3,-0.54,-0.56,9.946,-1.030,-1.135,-7.002080,-34.832748
707334,3,-0.56,0.00,9.960,-1.025,-1.116,-7.002080,-34.832748
707385,3,-0.57,0.00,9.912,-1.034,-1.120,-7.002080,-34.832748
707435,3,-0.57,0.00,9.955,-1.006,-1.125,-7.002080,-34.832748
707484,3,-0.59,0.00,9.922,-1.006,-1.073,-7.002080,-34.832748
707535,3,-0.60,-0.48,9.998,-1.015,-1.164,-7.002080,-34.832748
707586,3,-0.60,0.00,9.912,-1.063,-1.097,-7.002080,-34.832748
707638,3,-0.61,-0.52,9.946,-1.020,-1.111,-7.002080,-34.832748
707690,3,-0.65,-1.38,9.931,-1.030,-1.120,-7.002080,-34.832748
707741,3,-0.66,-0.45,9.936,-1.039,-1.111,-7.002080,-34.832748
707793,3,-0.66,0.00,9.936,-1.039,-1.125,-7.002080,-34.832748
707844,3,-0.68,0.00,9.926,-1.039,-1.092,-7.002080,-34.832748
707896,3,-0.68,0.00,9.926,-1.025,-1.077,-7.002080,-34.832748
707948,3,-0.68,0.00,9.883,-0.996,-1.106,-7.002080,-34.832748
707998,3,-0.68,0.00,9.922,-1.020,-1.135,-7.002080,-34.832748
708048,3,-0.66,0.56,9.955,-1.010,-1.111,-7.002080,-34.832748
708099,3,-0.66,0.00,9.960,-1.025,-1.135,-7.002080,-34.832748
708149,3,-0.65,0.00,9.926,-1.049,-1.120,-7.002080,-34.832748
708199,3,-0.65,0.00,9.926,-1.030,-1.092,-7.002080,-34.832748
708250,3,-0.62,0.00,9.936,-1.025,-1.116,-7.002080,-34.832748
708300,3,-0.62,0.00,9.922,-1.025,-1.120,-7.002080,-34.832748
708351,3,-0.61,0.52,9.936,-1.006,-1.125,-7.002080,-34.832748
708401,3,-0.62,0.00,9.931,-1.020,-1.092,-7.002080,-34.832748
708451,3,-0.62,0.00,9.936,-1.025,-1.101,-7.002080,-34.832748
708503,3,-0.63,-0.52,9.936,-1.020,-1.092,-7.002080,-34.832748
708555,3,-0.67,-1.45,9.922,-1.030,-1.106,-7.002080,-34.832748
708606,3,-0.67,0.00,9.946,-1.015,-1.106,-7.002080,-34.832748
708658,3,-0.63,0.00,9.926,-1.001,-1.125,-7.002080,-34.832748
708709,3,-0.67,-1.97,9.912,-1.020,-1.082,-7.002080,-34.832748
708760,3,-0.67,0.00,9.922,-1.034,-1.092,-7.002080,-34.832748
708811,3,-0.62,1.49,9.926,-1.030,-1.111,-7.002080,-34.832748
708863,3,-0.63,0.00,9.922,-1.030,-1.120,-7.002080,-34.832748
708915,3,-0.65,0.00,9.936,-1.030,-1.144,-7.002080,-34.832748
708966,3,-0.66,-0.45,9.936,-1.034,-1.068,-7.002080,-34.832748
709017,3,-0.68,0.00,9.946,-1.034,-1.106,-7.002080,-34.832748
709075,3,-0.70,-0.37,9.950,-1.020,-1.135,-7.002080,-34.832748
709126,3,-0.73,-0.60,9.941,-1.020,-1.120,-7.002080,-34.832748
709176,3,-0.73,0.00,9.950,-1.025,-1.125,-7.002080,-34.832748
709227,3,-0.73,0.00,9.931,-1.020,-1.082,-7.002080,-34.832748
709277,3,-0.73,0.00,9.946,-1.010,-1.082,-7.002080,-34.832748
709328,3,-0.72,0.60,9.926,-1.001,-1.135,-7.002080,-34.832748
709378,3,-0.72,0.00,9.917,-1.020,-1.106,-7.002080,-34.832748
709428,3,-0.73,-0.58,9.922,-1.020,-1.092,-7.002080,-34.832748
709481,3,-0.73,0.00,9.912,-1.010,-1.120,-7.002080,-34.832748
709531,3,-0.73,0.00,9.931,-1.015,-1.092,-7.002080,-34.832748
709583,3,-0.72,0.00,9.936,-1.030,-1.101,-7.002080,-34.832748
709634,3,-0.70,0.48,9.926,-1.034,-1.130,-7.002080,-34.832748
709686,3,-0.70,0.00,9.912,-1.044,-1.106,-7.002080,-34.832748
709737,3,-0.70,0.00,9.922,-1.015,-1.097,-7.002080,-34.832748
709789,3,-0.70,0.00,9.946,-1.020,-1.116,-7.002080,-34.832748
709841,3,-0.70,0.00,9.931,-1.015,-1.120,-7.002080,-34.832748
709892,3,-0.69,0.00,9.907,-1.015,-1.097,-7.002080,-34.832748
709944,3,-0.69,0.00,9.926,-1.034,-1.116,-7.002080,-34.832748
709994,3,-0.66,0.56,9.941,-1.034,-1.116,-7.002080,-34.832748
710044,3,-0.66,0.00,9.946,-1.025,-1.120,-7.002079,-34.832752
710095,3,-0.66,0.00,9.950,-1.001,-1.106,-7.002079,-34.832752
710145,3,-0.66,0.00,9.907,-1.020,-1.130,-7.002079,-34.832752
710195,3,-0.66,0.00,9.917,-1.025,-1.092,-7.002079,-34.832752
710246,3,-0.65,0.00,9.917,-1.025,-1.125,-7.002079,-34.832752
710296,3,-0.66,0.00,9.936,-1.020,-1.092,-7.002079,-34.832752
710347,3,-0.66,0.00,9.922,-1.034,-1.130,-7.002079,-34.832752
710397,3,-0.66,0.00,9.936,-1.034,-1.111,-7.002079,-34.832752
710448,3,-0.69,-0.52,9.946,-1.025,-1.097,-7.002079,-34.832752
710499,3,-0.70,-0.52,9.941,-1.030,-1.130,-7.002079,-34.832752
710551,3,-0.72,0.00,9.922,-1.020,-1.101,-7.002079,-34.832752
710602,3,-0.69,0.52,9.936,-1.001,-1.106,-7.002079,-34.832752
710654,3,-0.69,0.00,9.931,-1.015,-1.140,-7.002079,-34.832752
710706,3,-0.68,-0.86,9.922,-1.010,-1.082,-7.002079,-34.832752
710756,3,-0.68,0.00,9.926,-1.025,-1.111,-7.002079,-34.832752
710808,3,-0.63,0.00,9.931,-1.020,-1.087,-7.002079,-34.832752
710859,3,-0.63,0.00,9.926,-1.025,-1.120,-7.002079,-34.832752
710911,3,-0.63,0.00,9.898,-1.030,-1.116,-7.002079,-34.832752
710963,3,-0.64,-0.56,9.912,-1.020,-1.101,-7.002079,-34.832752
711013,3,-0.64,0.00,9.907,-1.015,-1.125,-7.002079,-34.832752
711063,3,-0.65,-0.50,9.926,-1.010,-1.125,-7.002079,-34.832752
711121,3,-0.64,0.18,9.936,-1.034,-1.116,-7.002079,-34.832752
711171,3,-0.64,0.00,9.931,-1.030,-1.106,-7.002079,-34.832752
711222,3,-0.65,0.00,9.931,-1.025,-1.092,-7.002079,-34.832752
711272,3,-0.64,0.00,9.917,-1.025,-1.120,-7.002079,-34.832752
711323,3,-0.63,0.56,9.960,-1.025,-1.116,-7.002079,-34.832752
711373,3,-0.63,0.00,9.917,-1.015,-1.101,-7.002079,-34.832752
711423,3,-0.63,0.00,9.941,-1.025,-1.149,-7.002079,-34.832752
711473,3,-0.63,0.00,9.946,-1.015,-1.097,-7.002079,-34.832752
711524,3,-0.61,0.48,9.922,-1.025,-1.082,-7.002079,-34.832752
711575,3,-0.65,0.00,9.941,-1.030,-1.101,-7.002079,-34.832752
711627,3,-0.63,-1.34,9.922,-1.010,-1.097,-7.002079,-34.832752
711679,3,-0.60,1.34,9.907,-1.020,-1.097,-7.002079,-34.832752
711730,3,-0.60,0.00,9.912,-1.020,-1.087,-7.002079,-34.832752
711782,3,-0.63,-1.34,9.936,-1.015,-1.106,-7.002079,-34.832752
711833,3,-0.62,0.00,9.907,-1.025,-1.111,-7.002079,-34.832752
711885,3,-0.61,0.00,9.926,-1.010,-1.101,-7.002079,-34.832752
711937,3,-0.59,0.48,9.931,-1.020,-1.106,-7.002079,-34.832752
711986,3,-0.58,0.56,9.936,-1.039,-1.116,-7.002079,-34.832752
712037,3,-0.58,0.00,9.912,-1.025,-1.106,-7.002079,-34.832752
712087,3,-0.58,0.00,9.907,-1.025,-1.116,-7.002079,-34.832752
712138,3,-0.58,0.00,9.941,-1.010,-1.092,-7.002079,-34.832752
712188,3,-0.58,0.00,9.912,-1.030,-1.116,-7.002079,-34.832752
712238,3,-0.58,0.00,9.931,-1.025,-1.111,-7.002079,-34.832752
712289,3,-0.57,0.00,9.946,-1.010,-1.106,-7.002079,-34.832752
712339,3,-0.57,0.00,9.926,-1.030,-1.087,-7.002079,-34.832752
712390,3,-0.57,0.00,9.926,-1.039,-1.111,-7.002079,-34.832752
712440,3,-0.57,0.00,9.922,-1.030,-1.116,-7.002079,-34.832752
712492,3,-0.57,0.00,9.931,-1.020,-1.116,-7.002079,-34.832752
712544,3,-0.59,0.00,9.931,-1.010,-1.140,-7.002079,-34.832752
712595,3,-0.57,-0.97,9.936,-1.034,-1.106,-7.002079,-34.832752
712647,3,-0.57,0.00,9.917,-1.030,-1.101,-7.002079,-34.832752
712699,3,-0.55,0.52,9.917,-1.025,-1.097,-7.002079,-34.832752
712749,3,-0.55,0.00,9.922,-1.020,-1.111,-7.002079,-34.832752
712800,3,-0.54,0.52,9.926,-1.001,-1.101,-7.002079,-34.832752
712852,3,-0.54,0.00,9.941,-1.025,-1.097,-7.002079,-34.832752
712904,3,-0.54,0.00,9.946,-1.025,-1.120,-7.002079,-34.832752
712955,3,-0.54,0.00,9.922,-1.025,-1.135,-7.002079,-34.832752
713006,3,-0.54,0.00,9.922,-1.015,-1.087,-7.002079,-34.832752
713056,3,-0.52,0.52,9.917,-1.025,-1.101,-7.002079,-34.832756
713107,3,-0.54,-0.52,9.912,-1.025,-1.111,-7.002079,-34.832756
713165,3,-0.55,-0.19,9.917,-1.025,-1.135,-7.002079,-34.832756
713216,3,-0.57,0.00,9.936,-1.039,-1.111,-7.002079,-34.832756
713266,3,-0.54,0.00,9.950,-1.001,-1.097,-7.002079,-34.832756
713317,3,-0.55,-0.54,9.946,-1.015,-1.135,-7.002079,-34.832756
713367,3,-0.55,0.00,9.931,-1.020,-1.116,-7.002079,-34.832756
713417,3,-0.55,0.00,9.941,-1.010,-1.106,-7.002079,-34.832756
713467,3,-0.57,-0.56,9.917,-1.025,-1.106,-7.002079,-34.832756
713518,3,-0.58,-0.48,9.912,-1.020,-1.101,-7.002079,-34.832756
713569,3,-0.58,0.00,9.926,-1.025,-1.106,-7.002079,-34.832756
713621,3,-0.58,0.52,9.926,-1.020,-1.106,-7.002079,-34.832756
713672,3,-0.59,-0.52,9.922,-1.015,-1.140,-7.002079,-34.832756
713724,3,-0.56,0.00,9.922,-1.025,-1.120,-7.002079,-34.832756
713776,3,-0.56,0.00,9.917,-1.039,-1.087,-7.002079,-34.832756
713827,3,-0.56,0.00,9.931,-1.034,-1.092,-7.002079,-34.832756
713879,3,-0.56,0.00,9.922,-1.020,-1.092,-7.002079,-34.832756
713931,3,-0.56,0.00,9.917,-1.015,-1.116,-7.002079,-34.832756
713980,3,-0.56,0.00,9.950,-1.010,-1.111,-7.002079,-34.832756
714031,3,-0.56,0.00,9.926,-1.025,-1.111,-7.002079,-34.832756
714081,3,-0.53,0.88,9.922,-1.030,-1.058,-7.002079,-34.832756
714131,3,-0.53,0.00,9.931,-1.020,-1.073,-7.002079,-34.832756
714182,3,-0.54,0.52,9.907,-1.025,-1.135,-7.002079,-34.832756
714232,3,-0.51,1.45,9.936,-1.034,-1.130,-7.002079,-34.832756
714283,3,-0.51,0.00,9.946,-1.034,-1.116,-7.002079,-34.832756
714333,3,-0.51,0.00,9.931,-1.015,-1.101,-7.002079,-34.832756
714384,3,-0.51,0.00,9.931,-1.020,-1.097,-7.002079,-34.832756
714434,3,-0.51,0.00,9.936,-1.006,-1.092,-7.002079,-34.832756
714486,3,-0.51,0.00,9.912,-1.025,-1.097,-7.002079,-34.832756
714538,3,-0.51,0.00,9.936,-1.015,-1.116,-7.002079,-34.832756
714589,3,-0.47,1.34,9.912,-1.020,-1.120,-7.002079,-34.832756
714641,3,-0.51,-1.45,9.922,-1.015,-1.106,-7.002079,-34.832756
714693,3,-0.47,-0.52,9.922,-1.039,-1.077,-7.002079,-34.832756
714743,3,-0.47,0.00,9.922,-1.025,-1.125,-7.002079,-34.832756
714795,3,-0.51,0.00,9.926,-1.025,-1.092,-7.002079,-34.832756
714846,3,-0.49,0.52,9.936,-1.020,-1.120,-7.002079,-34.832756
714898,3,-0.49,0.00,9.931,-1.020,-1.101,-7.002079,-34.832756
714949,3,-0.49,0.52,9.922,-1.025,-1.101,-7.002079,-34.832756
715000,3,-0.49,0.00,9.946,-1.039,-1.106,-7.002079,-34.832756
715050,3,-0.51,0.00,9.936,-1.015,-1.149,-7.002079,-34.832756
715100,3,-0.51,0.00,9.931,-1.015,-1.101,-7.002079,-34.832756
715151,3,-0.52,0.00,9.922,-1.015,-1.101,-7.002079,-34.832756
