Tempo,Estado,Alt,Vel,AccX,AccY,AccZ,Lat,Lon
14161,0,-0.34,0.00,-5.583,-10.003,0.479,0,0
14211,0,-0.32,0.38,-5.138,-8.825,0.575,0,0
14262,0,-0.32,0.00,-5.195,-8.772,1.030,0,0
14314,0,-0.31,0.52,-5.057,-9.615,1.302,0,0
14366,0,-0.31,0.00,-4.961,-10.257,1.326,0,0
14417,0,-0.29,0.88,-4.659,-8.926,1.245,0,0
14469,0,-0.29,0.00,-4.223,-7.408,0.824,0,0
14520,0,-0.30,0.00,-5.871,-10.017,0.690,0,0
14572,0,-0.33,-0.52,-4.305,-7.882,0.378,0,0
14622,0,-0.34,-0.52,-3.931,-7.403,0.455,0,0
14673,0,-0.37,-0.97,-4.223,-7.666,0.838,0,0
14725,0,-0.40,0.00,-4.946,-9.045,1.279,0,0
14777,0,-0.42,0.00,-4.573,-8.892,1.087,0,0
14828,0,-0.45,0.00,-4.966,-9.802,1.049,0,0
14880,0,-0.48,-0.52,-3.859,-7.197,0.814,0,0
14930,0,-0.49,-0.52,-4.228,-7.207,0.953,0,0
14981,0,-0.49,0.00,-5.827,-9.577,1.097,0,0
15031,0,-0.47,0.80,-4.942,-9.567,0.613,0,0
15081,0,-0.50,-1.13,-4.822,-9.740,0.771,0,0
15132,0,-0.50,0.00,-5.535,-9.768,1.379,0,0
15181,0,-0.53,-0.56,-4.650,-7.954,1.336,0,0
15233,0,-0.54,-0.48,-4.468,-8.648,1.030,0,0
15284,0,-0.56,0.00,-3.577,-7.786,0.512,0,0
15336,0,-0.56,0.00,-4.295,-8.322,0.699,0,0
15388,0,-0.57,0.00,-5.507,-8.940,1.130,0,0
15439,0,-0.58,-0.48,-5.028,-8.538,0.996,0,0
15491,0,-0.60,0.00,-4.381,-8.897,0.575,0,0
15541,0,-0.61,-0.48,-4.137,-8.490,0.632,0,0
15592,0,-0.62,0.00,-4.913,-8.581,1.207,0,0
15644,0,-0.66,-1.04,-5.157,-8.619,1.322,0,0
15695,0,-0.66,0.00,-4.128,-7.987,0.747,0,0
15747,0,-0.70,0.00,-4.913,-9.907,0.622,0,0
15799,0,-0.70,0.00,-4.961,-8.753,0.943,0,0
15850,0,-0.73,-0.48,-4.870,-7.776,1.120,0,0
15903,0,-0.73,0.00,-4.664,-8.317,0.857,0,0
15953,0,-0.71,0.00,-3.754,-7.858,0.498,0,0
16003,0,-0.70,0.56,-4.295,-8.543,0.680,0,0
16054,0,-0.71,-0.56,-4.961,-8.126,1.173,0,0
16104,0,-0.70,0.00,-3.903,-6.440,0.977,0,0
16154,0,-0.72,-1.45,-4.482,-8.499,0.924,0,0
16206,0,-0.71,0.52,-4.175,-8.586,0.565,0,0
16258,0,-0.71,0.00,-5.981,-10.525,0.924,0,0
16310,0,-0.66,1.82,-6.009,-9.448,1.159,0,0
16361,0,-0.71,0.00,-4.946,-8.815,0.819,0,0
16412,0,-0.68,1.01,-4.630,-9.505,0.651,0,0
16463,0,-0.67,0.48,-4.889,-9.309,0.972,0,0
16515,0,-0.65,0.56,-2.988,-6.742,-2.188,0,0
16566,0,-0.64,0.00,-5.713,-8.748,1.451,0,0
16618,0,-0.66,-0.88,-3.754,-8.016,0.488,0,0
16669,0,-0.65,0.48,-3.859,-7.532,0.335,0,0
16721,0,-0.63,0.00,-4.468,-7.508,0.618,0,0
16772,0,-0.61,1.04,-4.966,-7.772,0.915,0,0
16824,0,-0.64,0.00,-5.420,-9.826,0.919,0,0
16876,0,-0.63,0.00,-4.621,-9.874,0.752,0,0
16926,0,-0.63,0.00,-3.960,-7.848,0.958,0,0
16976,0,-0.63,0.00,-5.272,-8.835,1.437,0,0
17027,0,-0.63,0.00,-5.066,-8.768,1.020,0,0
17077,0,-0.64,0.00,-4.257,-8.341,0.393,0,0
17127,0,-0.64,-0.60,-4.041,-7.791,0.273,0,0
17179,0,-0.64,0.00,-5.373,-8.854,0.795,0,0
17230,0,-0.63,0.00,-5.741,-9.443,1.125,0,0
17281,0,-0.63,0.00,-4.175,-8.533,0.910,0,0
17332,0,-0.63,-0.45,-3.783,-8.466,0.939,0,0
17384,0,-0.66,-1.34,-3.907,-7.494,1.173,0,0
17435,0,-0.65,0.00,-4.932,-8.279,1.245,0,0
17487,0,-0.64,0.00,-5.080,-9.026,0.737,0,0
17538,0,-0.65,0.00,-4.769,-9.218,0.196,0,0
17590,0,-0.66,-0.48,-4.635,-8.595,0.335,0,0
17641,0,-0.65,0.48,-4.894,-8.289,0.967,0,0
17693,0,-0.64,0.52,-4.554,-8.399,1.202,0,0
17744,0,-0.61,1.01,-4.032,-8.672,0.943,0,0
17796,0,-0.61,0.00,-4.266,-9.170,0.943,0,0
17848,0,-0.57,0.48,-4.683,-8.408,1.001,0,0
17900,0,-0.56,0.00,-5.085,-8.418,0.905,0,0
17950,0,-0.56,0.00,-4.602,-8.404,0.441,0,0
18001,0,-0.57,-0.56,-3.936,-8.533,0.254,0,0
18051,0,-0.57,0.00,-4.879,-8.916,0.910,0,0
18101,0,-0.57,0.00,-4.779,-8.399,1.393,0,0
18152,0,-0.56,0.56,-4.683,-8.590,1.379,0,0
18202,0,-0.54,0.52,-4.027,-8.519,0.871,0,0
18253,0,-0.53,0.48,-4.310,-8.586,0.723,0,0
18305,0,-0.50,0.41,-5.100,-8.547,0.924,0,0
18357,0,-0.49,0.52,-5.061,-8.274,0.919,0,0
18408,0,-0.52,0.00,-4.870,-9.060,0.694,0,0
18460,0,-0.51,0.52,-4.707,-9.519,0.757,0,0
18511,0,-0.51,0.00,-5.306,-9.845,1.374,0,0
18562,0,-0.50,0.52,-6.594,-11.377,1.815,0,0
18613,0,-0.51,0.48,-6.316,-11.952,1.140,0,0
18665,0,-0.51,0.00,-5.890,-11.305,0.594,0,0
18716,0,-0.53,0.00,-6.249,-10.400,0.838,0,0
18768,0,-0.49,1.01,-6.302,-10.252,1.015,0,0
18819,0,-0.51,0.00,-5.157,-9.898,0.790,0,0
18871,0,-0.47,0.48,-4.477,-9.275,0.915,0,0
18922,0,-0.47,-0.20,-4.424,-8.404,1.269,0,0
18972,0,-0.46,0.00,-4.089,-7.116,1.259,0,0
19022,0,-0.42,1.05,-3.515,-6.546,0.886,0,0
19073,0,-0.41,0.56,-3.634,-7.312,0.512,0,0
19123,0,-0.42,0.00,-3.558,-7.010,0.469,0,0
19172,0,-0.38,0.48,-3.663,-6.426,0.718,0,0
19224,0,-0.38,-0.34,-4.381,-7.384,1.092,0,0
19276,0,-0.34,1.01,-4.870,-9.529,-0.350,0,0
19327,0,-0.31,1.04,-4.908,-8.298,-0.795,0,0
19379,0,-0.32,0.00,-5.167,-7.652,-0.455,0,0
19429,0,-0.30,1.01,-5.334,-7.618,0.522,0,0
19480,0,-0.24,1.01,-3.745,-6.996,1.432,0,0
19532,0,-0.26,-0.88,-2.983,-8.945,2.452,0,0
19584,0,-0.24,0.00,-3.160,-8.844,2.399,0,0
19635,0,-0.17,1.53,-5.109,-8.844,1.695,0,0
19687,0,-0.14,0.00,-6.048,-8.686,0.182,0,0
19738,0,-0.07,1.49,-5.334,-8.121,-0.785,0,0
19790,0,-0.08,-0.36,-4.276,-7.116,-0.402,0,0
19841,0,-0.04,0.00,-1.484,-2.825,-4.875,0,0
19894,0,-0.02,1.09,-5.344,-7.350,1.235,0,0
19944,0,0.02,0.00,-4.583,-7.211,0.187,0,0
19994,0,0.06,0.54,-5.435,-8.389,-0.445,0,0
20045,0,0.06,0.00,-4.812,-7.537,-0.364,0,0
20095,0,0.04,0.00,-5.320,-8.600,-0.977,0,0
20145,0,0.08,0.56,-6.335,-9.926,-0.335,0,0
20197,0,0.11,1.11,-4.697,-8.322,1.068,0,0
20248,0,0.10,0.00,-3.491,-8.495,2.025,0,0
20300,0,0.16,0.17,-3.089,-8.787,2.356,0,0
20351,0,0.18,0.28,-4.290,-8.820,2.777,0,0
20402,0,0.26,1.88,-4.961,-8.384,0.795,0,0
20454,0,0.27,0.50,-6.148,-8.657,-0.101,0,0
20506,0,0.27,0.00,-5.866,-8.169,-0.488,0,0
20556,0,0.28,0.52,-6.206,-7.949,-0.163,0,0
20607,0,0.28,0.00,-6.622,-8.461,2.327,0,0
20659,0,0.27,-0.52,-3.567,-6.402,2.164,0,0
20710,0,0.27,0.00,-1.877,-7.168,1.844,0,0
20762,0,0.27,0.00,-2.744,-8.605,1.939,0,0
20813,0,0.27,0.00,-4.932,-9.620,-0.249,0,0
20865,0,0.26,0.00,-2.380,-9.127,1.379,0,0
20915,0,0.31,1.97,-4.932,-6.776,1.686,0,0
20966,0,0.31,0.00,-5.310,-8.954,1.470,0,0
21016,0,0.32,0.54,-4.142,-7.685,2.686,0,0
21066,0,0.33,0.56,-5.631,-8.021,2.591,0,0
21116,0,0.35,0.00,-5.957,-7.082,2.385,0,0
21168,0,0.34,-0.86,-6.747,-6.895,3.970,0,0
21219,0,0.35,0.52,-5.794,-5.521,3.543,0,0
21271,0,0.38,0.00,-7.738,-5.909,3.677,0,0
21323,0,0.41,0.52,-7.321,-5.373,3.342,0,0
21374,0,0.42,0.00,-7.489,-5.952,3.668,0,0
21426,0,0.42,0.00,-7.135,-5.545,3.381,0,0
21476,0,0.42,0.00,-7.015,-5.296,3.376,0,0
21527,0,0.40,0.00,-7.116,-5.741,3.529,0,0
21579,0,0.40,0.00,-6.977,-5.947,3.654,0,0
21631,0,0.38,0.54,-6.953,-5.703,3.615,0,0
21682,0,0.39,0.48,-6.986,-5.588,3.572,0,0
21734,0,0.43,1.01,-7.106,-6.033,3.682,0,0
21785,0,0.41,-0.84,-6.962,-5.713,3.577,0,0
21837,0,0.42,0.00,-6.981,-5.128,3.247,0,0
21886,0,0.41,-0.50,-6.847,-6.546,3.716,0,0
21937,0,0.37,-1.49,-7.058,-6.124,3.361,0,0
21987,0,0.37,0.00,-6.977,-6.254,3.381,0,0
22037,0,0.35,-0.89,-6.900,-5.449,3.074,0,0
22089,0,0.35,0.00,-7.020,-5.804,3.165,0,0
22141,0,0.33,-1.36,-7.092,-6.076,3.122,0,0
22192,0,0.34,0.48,-7.259,-6.268,2.859,0,0
22244,0,0.36,0.00,-6.948,-6.043,2.863,0,0
22296,0,0.36,0.47,-7.140,-6.124,2.710,0,0
22346,0,0.39,1.04,-7.345,-6.191,2.571,0,0
22396,0,0.36,-0.33,-7.274,-5.885,2.452,0,0
22448,0,0.39,0.50,-7.135,-5.875,2.461,0,0
22500,0,0.37,-0.91,-7.341,-6.206,2.380,0,0
22551,0,0.38,0.00,-7.274,-5.727,2.093,0,0
22603,0,0.40,0.54,-7.479,-6.043,2.116,0,0
22653,0,0.38,-0.76,-7.226,-6.220,2.078,0,0
22704,0,0.39,0.52,-7.168,-6.211,2.088,0,0
22756,0,0.38,-0.80,-7.527,-5.851,1.911,0,0
22807,0,0.39,0.47,-7.427,-5.947,2.025,0,0
22859,0,0.41,0.00,-7.283,-6.120,2.002,0,0
22909,0,0.40,0.52,-6.953,-5.942,1.877,0,0
22960,0,0.41,0.54,-7.590,-6.507,1.829,0,0
23010,0,0.39,0.00,-7.422,-5.679,1.556,0,0
23060,0,0.38,-1.45,-7.274,-6.613,2.021,0,0
23111,0,0.37,-0.35,-7.398,-6.771,2.006,0,0
23163,0,0.38,-0.84,-6.699,-6.163,2.049,0,0
23214,0,0.39,0.50,-7.594,-6.369,1.992,0,0
23266,0,0.37,0.00,-7.202,-6.167,2.054,0,0
23317,0,0.40,0.50,-7.120,-5.981,2.011,0,0
23369,0,0.37,0.00,-7.250,-6.100,1.992,0,0
23419,0,0.39,0.52,-7.259,-6.024,1.911,0,0
23471,0,0.37,0.00,-7.369,-6.134,1.853,0,0
23522,0,0.34,-0.84,-7.293,-5.942,1.810,0,0
23574,0,0.34,0.00,-7.417,-6.220,1.810,0,0
23625,0,0.32,-1.34,-7.412,-6.230,1.796,0,0
23677,0,0.31,-0.34,-7.116,-6.311,1.930,0,0
23728,0,0.34,0.54,-7.302,-6.043,1.810,0,0
23780,0,0.32,0.54,-6.914,-6.177,2.011,0,0
23831,0,0.30,0.00,-7.360,-6.014,1.800,0,0
23883,0,0.31,-0.88,-7.389,-6.076,1.805,0,0
23934,0,0.34,1.09,-7.245,-5.962,1.887,0,0
23984,0,0.34,0.00,-7.355,-6.579,1.781,0,0
24034,0,0.31,0.52,-7.187,-6.172,1.824,0,0
24086,0,0.33,0.50,-7.288,-6.330,1.772,0,0
24137,0,0.30,0.00,-7.130,-6.306,1.786,0,0
24205,0,0.27,-0.82,-7.106,-6.053,1.590,0,0
24257,0,0.28,0.52,-7.183,-5.875,1.542,0,0
24307,0,0.27,-0.52,-7.015,-5.918,1.231,0,0
24359,0,0.28,0.52,-6.876,-6.910,1.159,0,0
24410,0,0.25,0.00,-6.043,-6.421,0.962,0,0
24462,0,0.25,0.52,-6.651,-5.727,1.628,0,0
24513,0,0.25,0.00,-7.202,-7.039,3.275,0,0
24565,0,0.22,0.50,-6.440,-6.551,3.266,0,0
24616,0,0.22,-0.32,-4.875,-7.796,1.365,0,0
24668,0,0.22,0.00,-2.686,-8.337,0.752,0,0
24719,0,0.19,-1.36,-1.652,-8.088,1.274,0,0
24771,0,0.18,0.00,-2.878,-9.361,1.724,0,0
24822,0,0.14,-1.38,-4.458,-8.389,2.140,0,0
24874,0,0.13,0.00,-5.272,-7.839,2.107,0,0
24925,0,0.12,0.00,-4.630,-7.934,1.494,0,0
24975,0,0.08,-1.49,-3.486,-8.950,0.852,0,0
25025,0,0.08,0.00,-2.327,-8.566,0.670,0,0
25077,0,0.08,0.00,-3.132,-8.983,1.202,0,0
25129,0,0.07,-0.50,-5.047,-9.328,2.203,0,0
25179,0,0.02,-1.86,-4.831,-7.791,2.313,0,0
25230,0,0.03,0.50,-3.620,-6.828,1.724,0,0
25282,0,0.06,0.50,-3.390,-8.772,1.427,0,0
25333,0,0.08,1.01,-2.945,-9.199,1.001,0,0
25385,0,0.10,0.00,-3.907,-9.404,1.173,0,0
25437,0,0.10,0.52,-5.282,-9.079,1.714,0,0
25488,0,0.09,0.00,-5.325,-8.576,1.973,0,0
25540,0,0.08,-0.76,-4.506,-9.136,1.858,0,0
25591,0,0.10,0.52,-3.505,-10.367,1.575,0,0
25643,0,0.11,0.00,-2.705,-8.236,1.188,0,0
25694,0,0.06,-0.86,-4.334,-8.854,1.542,0,0
25746,0,0.08,0.00,-5.521,-8.863,1.844,0,0
25796,0,0.11,1.02,-4.741,-8.021,1.609,0,0
25848,0,0.12,0.00,-4.238,-9.677,1.585,0,0
25897,0,0.11,0.00,-3.069,-9.486,1.518,0,0
25948,0,0.07,0.00,-2.998,-8.193,1.614,0,0
25998,0,0.04,-1.43,-4.956,-9.572,2.375,0,0
26051,0,0.00,-1.47,-5.449,-9.141,2.184,0,0
26102,0,0.00,0.00,-4.013,-7.939,1.408,0,0
26154,0,-0.08,-1.34,-3.491,-8.964,1.053,0,0
26205,0,-0.08,0.00,-3.223,-8.734,1.106,0,0
26257,0,-0.12,-0.52,-3.903,-8.452,1.604,0,0
26308,0,-0.17,-1.86,-5.349,-9.151,2.270,0,0
26360,0,-0.22,-1.86,-3.682,-6.675,2.442,0,0
26410,0,-0.22,0.00,-5.138,-10.223,2.854,0,0
26462,0,-0.25,-1.45,-3.452,-9.385,0.694,0,0
26513,0,-0.28,-0.86,-3.687,-8.859,0.479,0,0
26565,0,-0.30,-1.38,-5.167,-9.572,1.101,0,0
26616,0,-0.29,0.48,-4.980,-8.250,1.662,0,0
26668,0,-0.31,0.00,-4.161,-7.527,2.025,0,0
26719,0,-0.34,-0.56,-3.486,-8.169,2.380,0,0
26771,0,-0.35,0.00,-2.878,-8.485,2.179,0,0
26822,0,-0.39,0.00,-3.620,-9.390,1.729,0,0
26874,0,-0.37,0.52,-5.827,-10.894,1.484,0,0
26925,0,-0.40,0.00,-5.923,-9.481,1.302,0,0
26975,0,-0.41,0.56,-4.568,-7.872,1.207,0,0
27025,0,-0.41,-0.36,-4.185,-8.997,1.561,0,0
27077,0,-0.40,-0.82,-3.160,-8.471,1.891,0,0
27128,0,-0.40,-0.34,-2.998,-7.681,2.049,0,0
27180,0,-0.38,0.00,-4.391,-8.935,2.346,0,0
27232,0,-0.40,-0.86,-6.144,-8.643,0.709,0,0
27282,0,-0.40,0.00,-4.305,-8.030,1.279,0,0
27333,0,-0.42,-0.82,-3.543,-9.304,1.968,0,0
27385,0,-0.41,0.00,-2.567,-7.044,2.011,0,0
27436,0,-0.43,-1.27,-4.602,-8.772,2.174,0,0
27488,0,-0.44,-0.48,-5.306,-8.423,1.609,0,0
27540,0,-0.52,-2.35,-4.860,-8.102,0.915,0,0
27591,0,-0.52,0.00,-4.654,-9.797,0.670,0,0
27643,0,-0.53,0.00,-3.089,-8.361,0.915,0,0
27694,0,-0.57,-0.86,-3.127,-8.351,1.714,0,0
27746,0,-0.58,0.00,-4.152,-8.930,2.705,0,0
27797,0,-0.54,1.04,-4.013,-7.532,2.485,0,0
27849,0,-0.57,-0.86,-4.319,-8.188,1.930,0,0
27899,0,-0.54,0.00,-4.324,-9.146,1.020,0,0
27949,0,-0.53,-0.36,-3.788,-8.715,0.364,0,0
27999,0,-0.52,0.52,-4.353,-9.438,0.522,0,0
28049,0,-0.53,0.00,-5.301,-10.190,1.571,0,0
28100,0,-0.50,1.04,-4.827,-9.208,2.562,0,0
28151,0,-0.48,-0.34,-3.730,-8.365,2.658,0,0
28203,0,-0.44,1.49,-3.299,-8.638,2.184,0,0
28254,0,-0.45,0.00,-3.371,-8.408,1.197,0,0
28305,0,-0.45,0.08,-4.075,-8.528,0.685,0,0
28357,0,-0.46,0.00,-4.764,-8.394,0.733,0,0
28408,0,-0.47,0.00,-4.329,-7.815,1.087,0,0
28460,0,-0.46,0.00,-3.754,-8.265,1.609,0,0
28511,0,-0.45,1.27,-2.653,-7.728,1.844,0,0
28562,0,-0.45,0.00,-2.844,-8.835,2.112,0,0
28613,0,-0.48,0.00,-4.185,-9.428,1.906,0,0
28665,0,-0.47,0.00,-4.831,-8.480,1.662,0,0
28716,0,-0.45,0.00,-6.196,-10.429,1.724,0,0
28768,0,-0.44,0.56,-4.487,-9.625,1.125,0,0
28819,0,-0.46,0.00,-3.069,-8.906,1.068,0,0
28871,0,-0.43,1.01,-2.768,-8.193,1.417,0,0
28922,0,-0.45,0.00,-4.439,-9.773,2.313,0,0
28972,0,-0.47,-0.56,-4.544,-8.265,2.145,0,0
29022,0,-0.47,0.00,-4.300,-7.934,1.494,0,0
29074,0,-0.50,0.00,-4.942,-10.424,1.245,0,0
29126,0,-0.47,0.52,-2.931,-7.786,0.694,0,0
29177,0,-0.49,-0.52,-3.639,-9.141,1.221,0,0
29229,0,-0.43,1.01,-4.707,-9.735,2.073,0,0
29280,0,-0.42,0.48,-4.827,-8.538,2.413,0,0
29332,0,-0.42,0.00,-4.654,-8.543,2.289,0,0
29383,0,-0.39,0.00,-3.759,-8.657,1.393,0,0
29434,0,-0.39,0.00,-3.510,-9.179,0.848,0,0
29485,0,-0.39,0.00,-3.558,-8.710,0.790,0,0
29537,0,-0.38,0.00,-4.764,-9.352,1.336,0,0
29588,0,-0.39,-0.48,-4.525,-8.543,1.719,0,0
29640,0,-0.42,0.00,-4.568,-8.753,2.193,0,0
29691,0,-0.47,-0.52,-3.323,-8.150,2.016,0,0
29743,0,-0.52,-1.86,-2.988,-8.935,1.834,0,0
29794,0,-0.58,-1.01,-3.500,-8.701,1.504,0,0
29846,0,-0.62,-1.56,-4.903,-9.017,1.547,0,0
29896,0,-0.63,0.00,-4.592,-7.714,1.374,0,0
29946,0,-0.63,-0.50,-3.601,-6.661,1.120,0,0
29996,0,-0.65,-1.09,-4.597,-10.290,1.657,0,0
30046,0,-0.67,0.00,-4.525,-11.363,2.069,0,0
30098,0,-0.71,-0.52,-3.481,-8.121,1.891,0,0
30150,0,-0.74,-1.01,-3.792,-7.475,1.968,0,0
30200,0,-0.73,0.34,-5.181,-9.481,2.284,0,0
30251,0,-0.78,0.00,-4.219,-8.643,1.456,0,0
30303,0,-0.82,-0.52,-3.151,-8.365,0.867,0,0
30352,0,-0.84,-0.40,-3.706,-9.476,1.082,0,0
30404,0,-0.89,-1.49,-4.022,-8.978,1.417,0,0
30454,0,-0.92,-1.01,-4.214,-8.265,2.035,0,0
30506,0,-0.96,-1.65,-4.726,-9.333,2.562,0,0
30557,0,-0.99,0.00,-3.290,-8.107,1.671,0,0
30609,0,-1.04,-1.04,-3.242,-9.304,1.245,0,0
30660,0,-1.05,0.00,-3.381,-9.002,0.996,0,0
30712,0,-1.05,-1.23,-4.501,-9.045,1.173,0,0
30763,0,-1.03,0.76,-4.908,-8.648,1.504,0,0
30815,0,-1.05,-0.52,-4.319,-8.317,1.590,0,0
30866,0,-1.05,0.00,-3.874,-9.428,1.901,0,0
30917,0,-1.06,0.00,-3.189,-9.017,1.872,0,0
30967,0,-1.00,2.01,-3.496,-8.543,1.786,0,0
31017,0,-1.00,0.00,-4.673,-9.031,1.700,0,0
31069,0,-0.98,0.00,-4.391,-7.762,1.211,0,0
31121,0,-0.95,1.38,-4.769,-8.921,1.116,0,0
31173,0,-0.95,0.00,-4.065,-9.175,1.207,0,0
31224,0,-0.94,0.00,-3.467,-8.868,1.681,0,0
31276,0,-0.94,0.00,-3.649,-8.533,2.164,0,0
31326,0,-0.92,0.56,-4.166,-8.327,2.255,0,0
31377,0,-0.92,0.00,-4.520,-8.624,1.882,0,0
31429,0,-0.86,0.00,-4.362,-9.031,1.250,0,0
31481,0,-0.84,0.48,-3.879,-9.017,0.919,0,0
31532,0,-0.82,0.00,-3.476,-8.231,1.015,0,0
31584,0,-0.77,1.04,-4.329,-8.882,1.729,0,0
31635,0,-0.76,0.00,-4.286,-8.049,2.093,0,0
31687,0,-0.76,0.48,-4.290,-8.504,2.035,0,0
31738,0,-0.74,0.52,-4.329,-9.850,1.896,0,0
31790,0,-0.74,0.00,-4.037,-9.926,1.542,0,0
31841,0,-0.79,-1.82,-4.171,-9.021,1.336,0,0
31894,0,-0.78,0.00,-4.635,-8.633,1.456,0,0
31944,0,-0.79,-0.50,-4.118,-7.484,1.489,0,0
31994,0,-0.79,0.00,-4.118,-8.140,1.762,0,0
32044,0,-0.83,0.00,-4.147,-9.572,2.040,0,0
32096,0,-0.83,0.00,-3.898,-9.467,1.858,0,0
32147,0,-0.85,-0.74,-3.510,-7.556,1.408,0,0
32198,0,-0.85,0.00,-4.721,-8.763,1.542,0,0
32249,0,-0.83,0.00,-4.180,-7.628,1.255,0,0
32301,0,-0.82,0.00,-4.731,-9.376,1.499,0,0
32352,0,-0.86,-1.30,-4.334,-9.816,1.796,0,0
32403,0,-0.82,0.66,-3.687,-8.605,1.915,0,0
32455,0,-0.77,1.86,-3.697,-7.853,1.963,0,0
32506,0,-0.75,0.00,-4.712,-9.208,2.112,0,0
32558,0,-0.75,0.00,-4.659,-8.945,1.614,0,0
32609,0,-0.74,0.00,-4.310,-8.772,1.216,0,0
32660,0,-0.75,-0.52,-4.137,-8.825,1.274,0,0
32711,0,-0.80,-0.52,-4.290,-9.079,1.575,0,0
32763,0,-0.82,-0.52,-4.152,-8.361,1.877,0,0
32814,0,-0.82,0.00,-4.080,-8.179,2.097,0,0
32866,0,-0.75,1.53,-4.290,-8.662,2.284,0,0
32916,0,-0.71,0.00,-4.314,-8.782,1.958,0,0
32967,0,-0.67,1.09,-4.195,-8.456,1.408,0,0
33017,0,-0.67,0.00,-4.841,-8.906,1.279,0,0
33066,0,-0.68,0.00,-4.918,-8.710,1.427,0,0
33118,0,-0.65,0.52,-4.501,-8.408,1.652,0,0
33169,0,-0.65,0.00,-4.142,-8.361,1.729,0,0
33221,0,-0.65,0.00,-3.701,-8.432,1.877,0,0
33272,0,-0.67,0.00,-4.032,-8.792,1.614,0,0
33324,0,-0.68,0.00,-4.721,-8.543,1.389,0,0
33376,0,-0.66,0.86,-4.726,-8.413,1.369,0,0
33426,0,-0.66,0.00,-4.501,-8.734,1.451,0,0
33477,0,-0.64,0.52,-3.869,-8.887,1.470,0,0
33529,0,-0.66,0.00,-3.328,-8.753,1.432,0,0
33580,0,-0.68,-0.52,-3.692,-8.926,1.590,0,0
33632,0,-0.71,-1.01,-4.266,-8.787,1.714,0,0
33683,0,-0.74,-0.48,-4.487,-8.715,1.666,0,0
33735,0,-0.77,-1.04,-4.262,-8.820,1.350,0,0
33787,0,-0.79,0.00,-3.955,-9.064,1.015,0,0
33838,0,-0.83,-1.09,-3.855,-9.246,0.962,0,0
33890,0,-0.86,0.00,-4.041,-9.050,1.207,0,0
33941,0,-0.90,-1.09,-4.300,-8.983,1.647,0,0
33991,0,-0.93,-1.13,-4.132,-8.605,1.738,0,0
34041,0,-0.99,-1.31,-3.706,-8.231,1.638,0,0
34093,0,-1.03,-0.52,-3.567,-8.523,1.580,0,0
34144,0,-1.05,-1.01,-4.233,-9.438,1.475,0,0
34206,0,-1.07,-0.22,-4.463,-8.863,1.360,0,0
34256,0,-1.07,0.00,-4.448,-8.408,1.379,0,0
34308,0,-1.10,-0.60,-4.334,-8.681,1.542,0,0
34359,0,-1.11,0.00,-3.907,-8.930,1.633,0,0
34411,0,-1.12,-1.01,-3.596,-8.815,1.642,0,0
34462,0,-1.16,-1.75,-3.792,-8.504,1.743,0,0
34514,0,-1.18,0.00,-4.219,-8.274,1.657,0,0
34565,0,-1.19,-0.48,-4.793,-9.021,1.628,0,0
34617,0,-1.20,0.00,-4.401,-8.892,1.532,0,0
34668,0,-1.23,-0.48,-3.812,-8.820,1.393,0,0
34720,0,-1.25,0.00,-3.620,-8.677,1.355,0,0
34771,0,-1.27,0.00,-4.166,-8.739,1.800,0,0
34823,0,-1.27,0.00,-4.702,-8.935,1.949,0,0
34875,0,-1.30,-0.52,-4.396,-8.442,1.681,0,0
34925,0,-1.31,-0.56,-4.037,-8.456,1.427,0,0
34976,0,-1.34,0.00,-3.946,-9.079,1.183,0,0
35026,0,-1.37,-0.60,-4.051,-9.122,1.144,0,0
35078,0,-1.40,-1.01,-4.257,-8.691,1.422,0,0
35128,0,-1.40,0.00,-4.223,-8.183,1.767,0,0
35179,0,-1.40,0.00,-3.941,-7.949,1.805,0,0
35231,0,-1.37,0.00,-4.156,-9.064,1.853,0,0
35283,0,-1.35,0.56,-4.444,-9.831,1.638,0,0
35334,0,-1.34,0.00,-4.252,-8.820,1.274,0,0
35386,0,-1.34,0.00,-4.118,-7.987,1.221,0,0
35437,0,-1.34,0.00,-4.372,-8.437,1.465,0,0
35489,0,-1.34,-0.48,-4.338,-8.997,1.757,0,0
35540,0,-1.34,0.00,-3.725,-8.547,1.719,0,0
35592,0,-1.34,0.00,-3.496,-8.025,1.446,0,0
35643,0,-1.34,0.00,-4.899,-10.386,1.796,0,0
35695,0,-1.32,0.00,-4.630,-8.830,1.686,0,0
35746,0,-1.28,0.48,-3.974,-7.561,1.374,0,0
35797,0,-1.28,0.00,-4.357,-8.801,1.460,0,0
35848,0,-1.27,-0.74,-3.754,-8.332,1.408,0,0
35898,0,-1.25,1.09,-3.634,-8.365,1.566,0,0
35948,0,-1.23,0.00,-4.223,-9.175,1.829,0,0
35999,0,-1.19,0.56,-4.295,-8.686,1.877,0,0
36049,0,-1.17,0.72,-4.310,-8.356,1.877,0,0
36100,0,-1.11,1.45,-4.827,-10.094,1.781,0,0
36152,0,-1.08,1.04,-3.692,-8.442,1.049,0,0
36203,0,-1.07,0.00,-4.123,-9.208,1.053,0,0
36257,0,-1.00,1.04,-4.511,-9.275,1.250,0,0
36307,0,-0.99,0.52,-4.539,-9.069,1.686,0,0
36358,0,-1.03,0.00,-3.797,-8.212,1.733,0,0
36410,0,-1.03,0.00,-3.658,-8.667,1.772,0,0
36461,0,-1.05,-0.82,-3.472,-8.284,1.437,0,0
36513,0,-1.07,-0.86,-4.348,-9.304,1.341,0,0
36565,0,-1.06,0.52,-4.597,-8.978,1.283,0,0
36616,0,-1.02,0.00,-4.463,-8.710,1.389,0,0
36668,0,-0.99,-0.36,-3.898,-8.543,1.499,0,0
36719,0,-0.97,0.00,-3.692,-9.055,1.743,0,0
36771,0,-0.92,0.97,-3.864,-9.333,1.901,0,0
36822,0,-0.90,0.52,-4.108,-8.753,1.796,0,0
36874,0,-0.91,0.00,-4.377,-8.413,1.609,0,0
36924,0,-0.87,0.56,-4.511,-8.772,1.484,0,0
36975,0,-0.81,2.57,-4.281,-9.184,1.346,0,0
37025,0,-0.84,0.00,-3.625,-8.590,1.274,0,0
37077,0,-0.80,1.09,-3.745,-8.782,1.547,0,0
37128,0,-0.80,0.00,-4.190,-8.935,1.863,0,0
37179,0,-0.74,2.35,-4.314,-8.720,1.997,0,0
37230,0,-0.75,0.00,-4.132,-8.657,1.781,0,0
37282,0,-0.71,0.48,-3.845,-8.763,1.384,0,0
37333,0,-0.68,0.00,-3.788,-8.820,1.173,0,0
37385,0,-0.69,-0.89,-4.061,-8.887,1.240,0,0
37436,0,-0.66,1.04,-4.372,-8.806,1.547,0,0
37488,0,-0.63,0.48,-4.243,-8.576,1.810,0,0
37540,0,-0.62,0.52,-3.840,-8.533,1.820,0,0
37591,0,-0.62,0.00,-3.701,-8.844,1.695,0,0
37643,0,-0.61,-0.74,-3.812,-8.801,1.475,0,0
37694,0,-0.55,1.23,-4.252,-8.916,1.369,0,0
37746,0,-0.54,0.48,-4.554,-8.882,1.475,0,0
37796,0,-0.54,0.00,-4.377,-8.672,1.580,0,0
37847,0,-0.51,0.52,-4.032,-8.792,1.705,0,0
37897,0,-0.50,0.00,-3.677,-8.878,1.762,0,0
37948,0,-0.47,0.52,-3.721,-8.820,1.729,0,0
37998,0,-0.47,0.00,-4.161,-8.863,1.743,0,0
38048,0,-0.41,0.00,-4.501,-8.863,1.666,0,0
38099,0,-0.42,0.48,-4.338,-8.720,1.484,0,0
38151,0,-0.35,2.38,-4.094,-8.945,1.403,0,0
38203,0,-0.34,0.00,-3.792,-8.801,1.393,0,0
38254,0,-0.35,-0.52,-3.859,-8.940,1.642,0,0
38305,0,-0.34,0.25,-4.013,-8.753,1.815,0,0
38357,0,-0.32,0.00,-4.051,-8.523,1.834,0,0
38408,0,-0.31,0.48,-4.123,-8.710,1.753,0,0
38460,0,-0.26,0.52,-3.994,-8.892,1.575,0,0
38510,0,-0.26,0.00,-4.027,-9.218,1.437,0,0
38562,0,-0.25,0.00,-4.027,-8.792,1.460,0,0
38613,0,-0.25,0.00,-4.362,-9.002,1.781,0,0
38665,0,-0.18,1.83,-4.602,-9.424,2.021,0,0
38716,0,-0.17,0.52,-4.281,-9.328,1.949,0,0
38768,0,-0.15,0.00,-3.960,-9.170,1.738,0,0
38819,0,-0.13,0.60,-3.433,-7.968,1.360,0,0
38871,0,-0.13,0.00,-3.922,-8.380,1.393,0,0
38921,0,-0.11,0.52,-4.669,-9.309,1.666,0,0
38972,0,-0.11,0.00,-3.888,-8.011,1.537,0,0
39022,0,-0.10,0.00,-3.658,-8.016,1.551,0,0
39071,0,-0.07,0.52,-3.572,-8.346,1.628,0,0
39123,0,-0.04,1.34,-4.477,-10.156,1.920,0,0
39174,0,-0.07,0.00,-4.554,-9.668,1.810,0,0
39226,0,-0.07,0.00,-3.984,-8.049,1.446,0,0
39277,0,-0.07,0.00,-4.147,-8.418,1.441,0,0
39328,0,-0.07,0.00,-4.228,-9.093,1.518,0,0
39379,0,-0.07,0.00,-4.032,-9.146,1.561,0,0
39431,0,-0.07,-0.48,-3.783,-8.471,1.633,0,0
39482,0,-0.07,0.00,-4.070,-8.495,1.786,0,0
39534,0,-0.06,0.48,-3.907,-7.810,1.638,0,0
39585,0,-0.06,0.00,-4.161,-8.543,1.614,0,0
39637,0,-0.02,1.83,-4.295,-9.199,1.494,0,0
39689,0,-0.02,0.00,-4.262,-9.395,1.422,0,0
39740,0,-0.04,0.00,-3.701,-8.145,1.437,0,0
39792,0,-0.04,0.00,-4.089,-8.605,1.772,0,0
39843,0,-0.04,0.00,-4.276,-8.878,1.992,0,0
39896,0,-0.01,0.88,-3.184,-6.929,1.523,0,0
39946,0,-0.01,0.00,-5.363,-11.842,2.193,0,0
39996,0,-0.03,0.00,-4.515,-10.127,1.633,0,0
40046,0,-0.04,-1.45,-3.553,-7.743,1.240,0,0
40098,0,-0.04,0.00,-3.385,-7.144,1.245,0,0
40148,0,-0.03,0.52,-4.836,-10.056,1.844,0,0
40199,0,-0.04,-0.52,-4.008,-8.763,1.714,0,0
40251,0,-0.03,0.56,-3.405,-7.877,1.566,0,0
40303,0,-0.03,0.00,-4.171,-9.529,1.824,0,0
40354,0,0.01,0.57,-3.917,-8.576,1.662,0,0
40406,0,0.01,0.00,-3.965,-8.437,1.556,0,0
40458,0,0.02,0.00,-4.180,-8.825,1.571,0,0
40509,0,-0.03,-1.34,-4.266,-9.376,1.676,0,0
40561,0,-0.03,0.00,-3.553,-8.183,1.499,0,0
40611,0,-0.05,-0.52,-3.812,-8.653,1.666,0,0
40662,0,-0.05,0.00,-3.840,-8.437,1.700,0,0
40714,0,-0.03,-1.34,-4.099,-8.815,1.700,0,0
40765,0,-0.05,0.00,-4.046,-8.744,1.614,0,0
40817,0,-0.05,0.00,-3.994,-8.854,1.484,0,0
40869,0,-0.05,0.00,-3.926,-8.734,1.537,0,0
40919,0,-0.08,0.00,-4.338,-9.371,1.733,0,0
40969,0,-0.03,0.00,-4.161,-8.906,1.757,0,0
41020,0,-0.03,0.00,-4.161,-8.887,1.815,0,0
41072,0,-0.06,0.48,-4.041,-8.830,1.748,0,0
41123,0,-0.06,0.00,-4.013,-8.911,1.652,0,0
41175,0,-0.04,0.00,-4.118,-8.997,1.595,0,0
41226,0,-0.04,0.00,-4.276,-9.031,1.571,0,0
41278,0,-0.06,0.00,-4.439,-9.242,1.690,0,0
41329,0,-0.09,-1.30,-4.448,-9.357,1.767,0,0
41381,0,-0.08,0.48,-4.377,-9.572,1.853,0,0
41432,0,-0.09,0.00,-4.506,-9.969,1.887,0,0
41483,0,-0.09,0.00,-4.041,-8.672,1.532,0,0
41534,0,-0.09,0.00,-4.736,-9.644,1.896,0,0
41586,0,-0.09,0.00,-4.721,-10.094,1.681,0,0
41637,0,-0.09,0.00,-4.908,-10.980,1.944,0,0
41689,0,-0.08,0.00,-4.760,-10.324,2.193,0,0
41740,0,-0.11,0.00,-5.052,-10.961,2.102,0,0
41792,0,-0.14,-0.56,-5.162,-10.769,2.083,0,0
41843,0,-0.14,0.00,-4.779,-10.108,1.647,0,0
41893,0,-0.10,1.49,-4.424,-9.443,1.585,0,0
41943,0,-0.10,0.00,-3.290,-7.077,1.384,0,0
41994,0,-0.09,0.00,-3.117,-6.771,1.437,0,0
42044,0,-0.06,0.56,-3.381,-7.475,1.671,0,0
42095,0,-0.06,0.00,-3.309,-7.446,1.609,0,0
42147,0,-0.05,0.00,-2.931,-6.651,1.302,0,0
42198,0,0.01,0.50,-2.974,-6.632,1.154,0,0
42249,0,0.01,0.00,-3.476,-7.513,1.178,0,0
42300,0,0.04,0.52,-3.658,-7.762,1.322,0,0
42352,0,0.11,0.00,-3.711,-7.963,1.518,0,0
42403,0,0.08,-0.38,-4.046,-8.916,1.858,0,0
42454,0,0.12,0.00,-4.061,-9.203,1.944,0,0
42506,0,0.11,-0.47,-3.907,-8.787,1.781,0,0
42557,0,0.11,0.00,-3.970,-8.633,1.566,0,0
42608,0,0.08,-1.04,-4.228,-8.902,1.384,0,0
42659,0,0.11,0.00,-3.706,-7.887,1.178,0,0
42711,0,0.11,0.00,-3.467,-7.561,1.188,0,0
42762,0,0.13,0.00,-3.625,-8.169,1.484,0,0
42814,0,0.15,0.54,-3.879,-8.653,1.776,0,0
42865,0,0.15,0.00,-3.735,-8.250,1.796,0,0
42916,0,0.15,0.00,-4.166,-9.012,1.824,0,0
42966,0,0.13,-0.85,-3.754,-8.313,1.432,0,0
43016,0,0.15,0.00,-3.448,-7.901,1.168,0,0
43068,0,0.06,-1.67,-5.018,-11.100,1.657,0,0
43120,0,0.05,-0.54,-4.037,-8.835,1.513,0,0
43172,0,0.05,0.00,-3.390,-7.345,1.647,0,0
43223,0,0.04,0.00,-4.635,-9.993,2.428,0,0
43275,0,0.04,0.00,-3.989,-8.859,2.002,0,0
43326,0,0.02,0.00,-3.419,-7.738,1.494,0,0
43378,0,0.02,0.00,-4.094,-8.806,1.441,0,0
43428,0,0.06,1.34,-4.487,-9.194,1.427,0,0
43479,0,0.06,0.00,-3.965,-8.092,1.460,0,0
43531,0,0.03,-0.58,-3.620,-7.676,1.642,0,0
43583,0,0.02,-0.50,-4.238,-9.491,2.136,0,0
43634,0,0.00,0.00,-3.960,-9.242,1.992,0,0
43686,0,-0.01,-0.48,-4.334,-9.701,1.901,0,0
43737,0,-0.02,0.00,-4.645,-9.653,1.642,0,0
43789,0,-0.05,-1.09,-4.563,-9.079,1.441,0,0
43840,0,-0.06,-0.52,-4.051,-8.308,1.379,0,0
43893,0,-0.10,-1.09,-3.754,-8.203,1.489,0,0
43943,0,-0.12,-0.56,-3.342,-7.791,1.595,0,0
43993,0,-0.13,0.00,-3.917,-9.002,1.911,0,0
44043,0,-0.12,-0.56,-3.855,-8.442,1.786,0,0
44095,0,-0.14,-0.52,-4.195,-8.758,1.671,0,0
44146,0,-0.15,0.00,-4.645,-9.548,1.590,0,0
44208,0,-0.18,-0.41,-3.764,-8.203,1.269,0,0
44258,0,-0.16,0.74,-4.448,-9.869,1.604,0,0
44310,0,-0.17,0.00,-3.290,-7.365,1.393,0,0
44361,0,-0.17,0.00,-3.931,-8.437,1.757,0,0
44413,0,-0.17,0.00,-5.033,-10.573,2.160,0,0
44464,0,-0.19,0.00,-3.677,-8.097,1.470,0,0
44516,0,-0.20,-0.48,-4.118,-9.227,1.489,0,0
44567,0,-0.20,0.00,-5.124,-11.085,1.772,0,0
44619,0,-0.15,0.00,-3.840,-8.140,1.528,0,0
44670,0,-0.15,0.00,-4.487,-9.290,1.944,0,0
44722,0,-0.14,0.48,-4.065,-8.930,1.911,0,0
44773,0,-0.12,0.56,-3.850,-9.017,1.848,0,0
44825,0,-0.13,0.00,-3.701,-8.768,1.633,0,0
44877,0,-0.13,0.00,-4.108,-9.041,1.642,0,0
44927,0,-0.12,0.52,-4.310,-8.911,1.609,0,0
44978,0,-0.10,0.00,-3.270,-6.914,1.259,0,0
45028,0,-0.11,0.56,-5.071,-11.109,1.925,0,0
45080,0,-0.11,0.00,-4.788,-11.205,1.930,0,0
45130,0,-0.13,-0.86,-2.682,-6.574,1.274,0,0
45181,0,-0.13,0.00,-3.438,-7.724,1.604,0,0
45233,0,-0.12,0.00,-4.420,-9.333,1.906,0,0
45285,0,-0.14,-0.86,-4.085,-8.758,1.623,0,0
45336,0,-0.10,0.48,-3.543,-8.059,1.317,0,0
45388,0,-0.15,-1.86,-3.625,-8.485,1.360,0,0
45439,0,-0.14,0.00,-4.132,-9.357,1.676,0,0
45491,0,-0.16,-0.93,-4.190,-8.983,1.863,0,0
45542,0,-0.16,0.00,-3.596,-7.666,1.705,0,0
45594,0,-0.18,-0.86,-3.524,-7.872,1.666,0,0
45645,0,-0.18,0.00,-3.759,-8.825,1.652,0,0
45697,0,-0.19,-0.86,-4.175,-9.787,1.623,0,0
45748,0,-0.19,0.00,-4.539,-10.032,1.709,0,0
45799,0,-0.21,-0.82,-3.615,-7.752,1.475,0,0
45850,0,-0.20,0.56,-4.017,-8.413,1.772,0,0
45900,0,-0.24,0.00,-3.778,-8.289,1.767,0,0
45951,0,-0.27,-1.33,-3.754,-8.696,1.681,0,0
46001,0,-0.28,-0.56,-4.238,-9.797,1.700,0,0
46051,0,-0.33,0.00,-4.707,-10.003,1.686,0,0
46102,0,-0.36,-0.89,-3.917,-7.714,1.360,0,0
46154,0,-0.34,0.00,-4.132,-7.982,1.484,0,0
46205,0,-0.40,-1.30,-3.979,-8.073,1.274,0,0
46255,0,-0.39,0.23,-3.529,-7.853,1.235,0,0
46307,0,-0.42,-1.38,-3.318,-7.796,1.389,0,0
46358,0,-0.44,-0.56,-5.310,-11.966,2.361,0,0
46409,0,-0.46,-0.82,-5.760,-11.789,2.222,0,0
46460,0,-0.46,0.00,-4.080,-8.188,1.542,0,0
46512,0,-0.42,1.53,-3.821,-8.332,1.446,0,0
46563,0,-0.41,0.52,-4.132,-9.141,1.935,0,0
46615,0,-0.39,0.00,-3.649,-8.073,1.671,0,0
46666,0,-0.39,0.00,-3.433,-7.044,1.508,0,0
46718,0,-0.41,0.00,-5.358,-10.534,1.982,0,0
46769,0,-0.42,-0.52,-4.985,-10.305,1.681,0,0
46821,0,-0.45,0.00,-4.195,-9.414,1.523,0,0
46870,0,-0.47,-0.56,-3.946,-9.112,1.580,0,0
46920,0,-0.47,0.00,-4.357,-9.620,1.963,0,0
46971,0,-0.45,0.00,-4.405,-9.251,2.116,0,0
47021,0,-0.48,-0.54,-3.448,-8.844,2.571,0,0
47073,0,-0.49,-0.48,-2.677,-7.882,2.059,0,0
47125,0,-0.51,0.00,-5.071,-9.357,-1.183,0,0
47175,0,-0.51,0.00,-4.017,-9.021,1.111,0,0
47226,0,-0.52,0.00,-4.401,-8.332,1.168,0,0
47278,0,-0.52,0.00,-5.148,-9.452,1.164,0,0
47329,0,-0.52,0.00,-3.850,-8.815,1.226,0,0
47381,0,-0.49,0.52,-2.375,-7.029,1.336,0,0
47433,0,-0.48,0.00,-3.505,-9.582,2.284,0,0
47484,0,-0.44,1.01,-4.008,-8.792,2.207,0,0
47536,0,-0.42,0.56,-3.687,-6.867,1.633,0,0
47587,0,-0.42,0.52,-5.507,-9.907,1.705,0,0
47639,0,-0.39,1.01,-4.894,-10.487,1.211,0,0
47690,0,-0.38,0.00,-2.600,-7.154,0.781,0,0
47742,0,-0.37,-0.30,-2.811,-7.738,1.235,0,0
47793,0,-0.35,0.00,-3.567,-7.977,1.863,0,0
47844,0,-0.31,1.49,-3.936,-7.585,2.188,0,0
47893,0,-0.28,0.00,-4.468,-8.471,2.255,0,0
47944,0,-0.22,1.09,-4.741,-10.161,1.858,0,0
47994,0,-0.21,0.54,-3.907,-10.113,1.116,0,0
48044,0,-0.23,0.00,-3.788,-9.471,1.034,0,0
48096,0,-0.19,1.04,-4.587,-9.361,1.733,0,0
48147,0,-0.13,2.05,-6.033,-11.190,2.883,0,0
48199,0,-0.10,1.09,-4.214,-9.256,2.413,0,0
48250,0,-0.07,1.01,-3.385,-8.973,1.935,0,0
48301,0,-0.08,-0.16,-3.424,-8.389,2.538,0,0
48353,0,-0.07,-0.89,-4.669,-8.475,2.787,0,0
48404,0,-0.03,0.00,-4.113,-7.719,1.997,0,0
48456,0,0.05,1.49,-4.195,-9.155,1.532,0,0
48508,0,0.07,0.52,-3.247,-8.839,1.173,0,0
48558,0,0.06,-0.34,-3.017,-8.174,1.245,0,0
48609,0,0.10,0.00,-4.161,-8.768,1.595,0,0
48661,0,0.12,0.19,-3.730,-7.245,1.633,0,0
48712,0,0.13,0.48,-4.410,-9.127,1.891,0,0
48764,0,0.19,2.03,-4.985,-11.636,2.097,0,0
48816,0,0.19,1.55,-2.959,-7.408,1.408,0,0
48867,0,0.22,0.00,-3.965,-8.643,1.671,0,0
48918,0,0.20,-1.41,-5.430,-10.252,2.318,0,0
48968,0,0.18,-0.91,-4.147,-7.479,1.733,0,0
49018,0,0.19,0.00,-4.693,-9.069,1.767,0,0
49070,0,0.18,0.58,-4.401,-9.850,1.590,0,0
49122,0,0.16,-0.88,-3.414,-8.255,1.427,0,0
49173,0,0.14,-0.80,-3.539,-7.604,1.513,0,0
49225,0,0.16,0.99,-4.970,-9.313,2.059,0,0
49276,0,0.16,0.00,-3.194,-5.918,1.302,0,0
49328,0,0.16,-0.36,-3.816,-7.551,1.475,0,0
49380,0,0.14,0.00,-4.808,-10.597,1.844,0,0
49430,0,0.15,0.52,-4.511,-10.166,1.776,0,0
49481,0,0.12,0.00,-4.774,-9.562,1.796,0,0
49533,0,0.11,-0.82,-3.893,-7.312,1.484,0,0
49584,0,0.13,0.00,-3.974,-7.503,1.446,0,0
49636,0,0.12,0.52,-3.859,-8.102,1.427,0,0
49687,0,0.15,1.01,-3.721,-8.547,1.614,0,0
49739,0,0.18,0.48,-4.051,-9.117,1.935,0,0
49791,0,0.16,0.50,-4.673,-9.438,2.025,0,0
49842,0,0.17,0.00,-3.486,-6.560,1.393,0,0
49894,0,0.16,-0.93,-3.759,-7.140,1.403,0,0
49945,0,0.16,0.00,-5.047,-10.223,1.906,0,0
49995,0,0.11,0.00,-3.467,-7.743,1.508,0,0
50045,0,0.13,0.00,-3.457,-7.973,1.729,0,0
50097,0,0.14,0.50,-4.405,-9.467,2.174,0,0
50148,0,0.09,-0.52,-4.085,-8.203,1.848,0,0
50200,0,0.11,0.52,-3.452,-6.929,1.432,0,0
50251,0,0.11,0.00,-3.946,-8.322,1.465,0,0
50302,0,0.12,0.48,-4.401,-9.811,1.657,0,0
50352,0,0.12,0.00,-4.037,-8.897,1.719,0,0
50404,0,0.12,0.00,-3.879,-8.126,1.844,0,0
50455,0,0.06,-1.86,-3.304,-6.914,1.748,0,0
50507,0,0.06,0.00,-3.754,-8.049,1.882,0,0
50558,0,0.06,0.00,-3.831,-8.681,1.724,0,0
50609,0,0.06,0.00,-4.175,-9.816,1.709,0,0
50660,0,0.06,0.50,-4.209,-9.328,1.695,0,0
50712,0,0.07,0.50,-3.405,-7.087,1.566,0,0
50763,0,0.07,0.52,-4.094,-8.183,1.877,0,0
50815,0,0.06,-0.34,-5.042,-10.343,2.294,0,0
50866,0,0.08,0.00,-4.271,-9.874,2.107,0,0
50917,0,0.06,0.54,-3.802,-8.969,1.949,0,0
50967,0,0.07,0.52,-3.812,-8.337,1.891,0,0
51017,0,0.04,0.00,-5.128,-9.850,2.227,0,0
51067,0,0.06,0.54,-4.630,-8.878,2.025,0,0
51119,0,0.03,-1.38,-4.338,-9.309,1.954,0,0
51170,0,0.00,-1.36,-3.476,-8.121,1.762,0,0
51222,0,0.00,0.00,-3.735,-8.322,1.925,0,0
51273,0,-0.02,0.00,-4.688,-9.318,2.308,0,0
51325,0,-0.04,-1.34,-4.717,-8.878,2.131,0,0
51376,0,-0.04,0.00,-4.913,-10.017,2.078,0,0
51427,0,-0.04,0.00,-3.773,-8.638,1.705,0,0
51478,0,-0.06,0.00,-3.390,-8.021,1.647,0,0
51530,0,-0.08,-0.52,-4.525,-9.553,2.064,0,0
51581,0,-0.11,0.00,-5.459,-10.726,2.476,0,0
51633,0,-0.10,0.52,-4.065,-7.944,1.930,0,0
51684,0,-0.14,-1.38,-3.256,-6.776,1.494,0,0
51736,0,-0.15,0.00,-3.735,-8.399,1.614,0,0
51788,0,-0.19,0.00,-4.219,-9.500,1.666,0,0
51839,0,-0.19,0.00,-4.214,-8.792,1.628,0,0
51891,0,-0.23,0.00,-4.401,-8.595,1.805,0,0
51942,0,-0.25,-0.56,-4.645,-9.347,1.968,0,0
51992,0,-0.28,0.00,-4.156,-9.246,1.829,0,0
52042,0,-0.28,0.56,-3.998,-9.558,1.796,0,0
52094,0,-0.32,-1.34,-4.132,-9.333,1.776,0,0
52145,0,-0.32,0.48,-4.132,-8.394,1.714,0,0
52197,0,-0.32,0.00,-4.458,-8.619,1.824,0,0
52249,0,-0.36,0.00,-3.912,-8.092,1.671,0,0
52299,0,-0.34,0.52,-3.778,-8.753,1.719,0,0
52350,0,-0.33,0.52,-3.610,-8.643,1.729,0,0
52407,0,-0.35,-0.30,-4.089,-8.882,1.834,0,0
52458,0,-0.37,-0.56,-4.831,-9.577,1.987,0,0
52510,0,-0.35,0.00,-4.530,-8.940,1.810,0,0
52560,0,-0.35,0.00,-4.276,-9.112,1.666,0,0
52611,0,-0.35,0.00,-3.912,-9.108,1.681,0,0
52663,0,-0.34,0.00,-3.802,-8.796,1.767,0,0
52714,0,-0.36,-1.34,-4.152,-8.768,1.973,0,0
52766,0,-0.36,0.00,-4.233,-8.480,1.935,0,0
52818,0,-0.36,0.00,-4.123,-8.490,1.791,0,0
52869,0,-0.36,0.00,-4.128,-9.069,1.609,0,0
52920,0,-0.36,0.00,-3.907,-8.969,1.523,0,0
52970,0,-0.36,0.00,-3.989,-8.787,1.628,0,0
53020,0,-0.36,0.00,-4.338,-8.806,1.896,0,0
53072,0,-0.35,0.52,-4.228,-8.418,1.987,0,0
53124,0,-0.35,0.00,-3.970,-8.442,1.925,0,0
53175,0,-0.33,-0.30,-3.864,-8.796,1.757,0,0
53227,0,-0.30,1.01,-3.907,-8.820,1.628,0,0
53278,0,-0.28,1.01,-4.156,-8.657,1.628,0,0
53330,0,-0.24,1.65,-4.372,-8.504,1.738,0,0
53413,0,-0.19,0.48,-4.180,-8.538,1.882,0,0
53464,0,-0.19,0.00,-3.922,-8.830,1.915,0,0
53515,0,0.51,0.00,-3.754,-8.758,1.863,0,0
53567,0,1.96,26.08,-4.061,-8.792,1.834,0,0
53618,0,2.65,0.00,-4.477,-8.820,1.829,0,0
53670,0,3.86,22.19,-4.295,-8.437,1.705,0,0
53722,0,4.39,19.58,-4.228,-8.959,1.719,0,0
53773,0,4.93,0.00,-3.855,-8.911,1.657,0,0
53825,0,5.07,-11.98,-3.816,-9.007,1.786,0,0
53877,0,4.76,0.00,-4.070,-8.849,1.863,0,0
53927,0,4.16,-10.95,-4.286,-8.705,1.839,0,0
53977,0,3.89,-10.54,-4.357,-8.839,1.733,0,0
54028,0,3.65,0.00,-4.080,-8.835,1.551,0,0
54079,0,3.21,-7.95,-3.812,-8.859,1.460,0,0
54131,0,2.97,-8.90,-3.840,-8.820,1.551,0,0
54213,0,2.58,-3.13,-4.166,-8.590,1.863,0,0
54263,0,2.41,-6.24,-4.175,-8.600,1.839,0,0
54315,0,2.25,0.00,-4.003,-8.849,1.705,0,0
54366,0,1.95,-6.13,-3.740,-8.921,1.518,0,0
54418,0,1.80,0.00,-3.883,-8.945,1.513,0,0
54469,0,1.53,-4.86,-4.065,-8.744,1.551,0,0
54521,0,1.40,-5.29,-4.334,-8.734,1.681,0,0
54572,0,1.21,-3.70,-4.190,-8.662,1.786,0,0
54624,0,1.10,-4.04,-3.883,-8.859,1.834,0,0
54675,0,1.01,0.00,-3.515,-8.619,1.700,0,0
54727,0,0.82,-3.52,-3.807,-8.882,1.724,0,0
54778,0,0.74,0.00,-4.405,-9.189,1.743,0,0
54830,0,0.64,-1.56,-4.362,-8.715,1.647,0,0
54879,0,0.58,-2.35,-4.199,-8.672,1.628,0,0
54930,0,0.52,0.00,-3.974,-8.997,1.671,0,0
54980,0,0.44,-2.23,-3.706,-8.902,1.753,0,0
55030,0,0.38,-2.26,-3.802,-8.724,1.844,0,0
55081,0,0.36,-0.84,-4.089,-8.667,1.901,0,0
55132,0,0.30,0.00,-4.314,-8.739,1.810,0,0
55184,0,0.21,-2.18,-4.175,-8.787,1.633,0,0
55235,0,0.19,-0.80,-3.941,-8.825,1.532,0,0
55287,0,0.17,0.00,-3.807,-8.753,1.585,0,0
55338,0,0.10,-0.34,-4.022,-8.748,1.791,0,0
55390,0,0.08,0.00,-4.180,-8.657,1.973,0,0
55442,0,0.07,-0.86,-4.128,-8.543,1.963,0,0
55493,0,0.04,-1.45,-4.061,-8.825,1.844,0,0
55545,0,-0.02,-1.32,-3.855,-8.768,1.590,0,0
55596,0,-0.01,0.45,-3.883,-8.648,1.537,0,0
55648,0,-0.03,0.00,-4.180,-8.724,1.676,0,0
55698,0,-0.05,-0.86,-4.310,-8.662,1.867,0,0
55750,0,-0.05,1.04,-4.214,-8.839,1.982,0,0
55801,0,-0.03,0.52,-3.745,-8.614,1.973,0,0
55853,0,-0.06,0.00,-4.094,-9.697,2.097,0,0
55903,0,-0.05,1.09,-3.668,-8.250,1.590,0,0
55953,0,-0.06,-0.36,-4.568,-9.309,1.628,0,0
56003,0,-0.03,0.00,-4.410,-8.720,1.571,0,0
56053,0,-0.06,0.00,-4.209,-8.576,1.676,0,0
56105,0,-0.06,0.00,-4.094,-8.945,1.858,0,0
56156,0,-0.06,-0.34,-3.725,-8.648,1.834,0,0
56208,0,-0.04,0.52,-3.587,-8.217,1.858,0,0
56259,0,-0.03,0.24,-3.926,-8.428,1.810,0,0
56311,0,-0.02,0.48,-4.774,-9.778,1.891,0,0
56362,0,-0.05,0.00,-3.864,-8.159,1.456,0,0
56413,0,-0.04,0.52,-4.228,-9.266,1.609,0,0
56464,0,-0.04,0.00,-3.065,-7.135,1.360,0,0
56516,0,-0.06,-0.86,-5.162,-11.463,2.327,0,0
56567,0,-0.07,0.00,-3.385,-7.470,1.571,0,0
56619,0,-0.10,0.45,-3.936,-8.370,1.757,0,0
56670,0,-0.12,0.00,-4.037,-8.710,1.676,0,0
56722,0,-0.13,-1.30,-4.487,-10.017,1.743,0,0
56774,0,-0.11,0.48,-3.491,-8.021,1.374,0,0
56825,0,-0.14,0.48,-2.567,-5.727,1.188,0,0
56877,0,-0.12,0.52,-5.171,-10.812,2.284,0,0
56927,0,-0.15,0.00,-5.325,-11.238,2.389,0,0
56978,0,-0.15,-0.81,-3.136,-7.159,1.494,0,0
57028,0,-0.15,0.00,-2.260,-5.569,1.049,0,0
57080,0,-0.14,0.00,-5.138,-11.392,2.049,0,0
57131,0,-0.16,-1.38,-4.118,-8.724,1.671,0,0
57183,0,-0.15,0.52,-3.903,-7.968,1.618,0,0
57234,0,-0.11,1.09,-4.875,-10.041,2.078,0,0
57285,0,-0.11,0.00,-3.864,-8.878,1.753,0,0
57336,0,-0.10,-0.34,-3.634,-8.610,1.800,0,0
57388,0,-0.09,0.52,-3.711,-8.576,1.738,0,0
57439,0,-0.07,0.52,-4.147,-8.614,1.753,0,0
57491,0,-0.06,0.56,-4.726,-9.294,1.800,0,0
57542,0,-0.08,0.00,-4.444,-9.122,1.753,0,0
57594,0,-0.04,0.52,-3.433,-7.882,1.580,0,0
57645,0,-0.04,0.00,-3.955,-9.337,1.829,0,0
57697,0,-0.04,-0.34,-3.840,-8.490,1.748,0,0
57749,0,-0.01,1.09,-4.305,-8.533,1.767,0,0
57800,0,0.03,0.00,-4.295,-8.198,1.561,0,0
57852,0,0.06,1.02,-4.123,-8.950,1.484,0,0
57902,0,0.09,0.00,-4.367,-9.984,1.757,0,0
57952,0,0.19,1.65,-3.419,-8.001,1.523,0,0
58002,0,0.25,2.17,-3.390,-7.853,2.054,0,0
58055,0,0.25,0.00,-4.721,-9.744,2.265,0,0
58105,0,0.23,-0.73,-4.391,-9.232,2.155,0,0
58157,0,0.22,0.00,-4.094,-9.170,1.935,0,0
58208,0,0.17,0.00,-3.812,-8.801,1.652,0,0
58260,0,0.11,0.00,-4.008,-8.739,1.800,0,0
58310,0,0.01,-1.47,-4.290,-8.782,1.963,0,0
58362,0,-0.01,0.00,-3.649,-7.499,1.824,0,0
58412,0,-0.04,-1.30,-2.677,-5.818,1.456,0,0
58463,0,-0.06,0.00,-3.290,-7.393,1.686,0,0
58515,0,-0.09,-0.86,-5.277,-11.957,2.303,0,0
58566,0,-0.12,0.00,-4.482,-9.778,1.815,0,0
58618,0,-0.14,-1.34,-3.376,-6.919,1.355,0,0
58670,0,-0.14,0.00,-5.267,-10.266,2.016,0,0
58721,0,-0.19,0.00,-4.013,-8.863,1.604,0,0
58773,0,-0.18,0.52,-2.969,-7.034,1.369,0,0
58824,0,-0.19,0.00,-4.238,-9.773,1.968,0,0
58876,0,-0.16,1.01,-5.636,-11.732,2.528,0,0
58926,0,-0.13,0.00,-3.481,-6.881,1.829,0,0
58977,0,-0.12,0.54,-3.998,-7.863,1.690,0,0
59027,0,-0.12,0.00,-4.549,-9.725,1.437,0,0
59079,0,-0.10,0.00,-3.879,-9.184,1.393,0,0
59130,0,-0.12,0.52,-3.438,-8.418,1.590,0,0
59182,0,-0.11,0.52,-3.812,-8.959,2.073,0,0
59233,0,-0.12,0.00,-4.286,-8.859,2.399,0,0
59284,0,-0.12,0.00,-4.123,-8.930,2.313,0,0
59335,0,-0.12,-0.34,-3.419,-7.887,1.690,0,0
59387,0,-0.12,0.00,-2.811,-6.766,1.149,0,0
59438,0,-0.14,0.00,-5.028,-11.253,1.561,0,0
59490,0,-0.16,-1.01,-4.966,-10.247,1.815,0,0
59541,0,-0.20,0.00,-3.601,-7.537,1.714,0,0
59593,0,-0.21,-0.56,-3.926,-8.595,2.160,0,0
59645,0,-0.26,0.00,-3.381,-8.097,1.911,0,0
59696,0,-0.33,-1.97,-3.816,-9.323,1.839,0,0
59748,0,-0.33,0.00,-4.013,-8.916,1.480,0,0
59799,0,-0.34,0.00,-4.750,-9.433,1.441,0,0
59851,0,-0.38,0.00,-4.195,-8.250,1.417,0,0
59901,0,-0.39,0.00,-3.888,-8.610,1.494,0,0
59951,0,-0.44,0.00,-3.634,-9.084,1.930,0,0
60001,0,-0.44,0.00,-3.668,-9.380,1.925,0,0
60054,0,-0.47,0.00,-3.428,-8.361,1.614,0,0
60104,0,-0.49,-1.01,-4.099,-8.782,1.671,0,0
60156,0,-0.53,0.00,-4.046,-8.294,1.556,0,0
60207,0,-0.61,-0.52,-4.415,-9.318,1.537,0,0
60259,0,-0.64,0.00,-3.261,-7.738,1.326,0,0
60310,0,-0.68,-1.04,-3.677,-8.906,1.714,0,0
60362,0,-0.71,-0.41,-3.548,-8.035,1.743,0,0
60413,0,-0.73,-1.65,-3.907,-8.088,1.781,0,0
60464,0,-0.76,-1.04,-4.894,-9.783,2.025,0,0
60515,0,-0.78,-0.97,-4.415,-9.586,1.556,0,0
60567,0,-0.81,0.00,-3.673,-8.768,1.164,0,0
60618,0,-0.83,0.30,-3.620,-8.600,1.346,0,0
60670,0,-0.84,0.00,-3.931,-8.657,1.676,0,0
60721,0,-0.83,0.82,-4.137,-8.677,1.911,0,0
60773,0,-0.85,-0.52,-3.749,-8.155,1.891,0,0
60824,0,-0.82,1.34,-3.869,-9.117,1.963,0,0
60876,0,-0.84,-0.52,-4.300,-10.166,1.815,0,0
60927,0,-0.86,0.00,-4.300,-9.342,1.575,0,0
60977,0,-0.86,-1.09,-4.884,-9.668,1.695,0,0
61027,0,-0.84,0.76,-4.233,-8.514,1.599,0,0
61079,0,-0.83,0.00,-3.587,-7.968,1.595,0,0
61131,0,-0.87,-0.67,-3.409,-8.308,1.662,0,0
61182,0,-0.93,-2.01,-3.395,-8.586,1.690,0,0
61234,0,-1.00,-2.01,-3.610,-8.384,1.609,0,0
61284,0,-1.00,0.00,-4.228,-8.954,1.575,0,0
61335,0,-1.05,-1.53,-4.171,-8.672,1.384,0,0
61387,0,-1.05,-0.20,-4.209,-9.467,1.700,0,0
61439,0,-1.06,0.86,-3.917,-9.491,1.815,0,0
61490,0,-1.06,0.00,-3.251,-7.743,1.652,0,0
61542,0,-1.01,0.00,-4.477,-9.720,2.179,0,0
61593,0,-0.96,0.52,-4.879,-10.060,2.083,0,0
61645,0,-0.91,0.00,-3.692,-7.934,1.470,0,0
61696,0,-0.87,1.34,-3.323,-7.647,1.298,0,0
61748,0,-0.87,0.00,-3.950,-9.256,1.609,0,0
61799,0,-0.81,1.86,-4.118,-9.203,1.853,0,0
61851,0,-0.79,0.52,-3.855,-8.083,1.877,0,0
61901,0,-0.78,0.00,-4.094,-8.447,1.982,0,0
61951,0,-0.77,0.56,-4.372,-9.471,1.963,0,0
62001,0,-0.73,1.39,-3.989,-9.165,1.628,0,0
62054,0,-0.72,0.00,-3.711,-8.557,1.422,0,0
62105,0,-0.71,-0.34,-4.037,-8.705,1.551,0,0
62156,0,-0.71,0.00,-4.535,-9.175,1.867,0,0
62207,0,-0.69,0.48,-3.730,-7.934,1.781,0,0
62259,0,-0.66,0.00,-2.490,-5.717,1.389,0,0
62310,0,-0.60,1.04,-4.276,-9.850,1.963,0,0
62362,0,-0.60,0.16,-5.210,-11.569,2.078,0,0
62412,0,-0.50,1.49,-3.577,-7.580,1.456,0,0
62463,0,-0.48,0.00,-5.071,-10.329,1.791,0,0
62514,0,-0.45,1.04,-4.654,-9.649,1.690,0,0
62565,0,-0.42,0.00,-3.132,-7.336,1.202,0,0
62617,0,-0.35,1.49,-3.156,-8.035,1.259,0,0
62668,0,-0.32,0.00,-4.190,-9.744,1.973,0,0
62720,0,-0.32,-0.82,-4.310,-9.112,1.820,0,0
62771,0,-0.31,0.48,-3.960,-8.078,1.508,0,0
62823,0,-0.31,0.00,-4.147,-9.208,1.235,0,0
62872,0,-0.34,0.00,-4.041,-9.232,1.264,0,0
62922,0,-0.34,0.00,-4.065,-9.127,1.484,0,0
62973,0,-0.35,-0.85,-4.089,-8.811,1.776,0,0
63023,0,-0.35,0.00,-4.243,-8.796,1.954,0,0
63075,0,-0.33,0.00,-3.654,-7.867,1.633,0,0
63127,0,-0.34,0.00,-3.534,-8.159,1.384,0,0
63178,0,-0.33,0.48,-4.673,-10.697,1.413,0,0
63230,0,-0.34,0.48,-4.046,-8.835,1.211,0,0
63280,0,-0.34,0.00,-3.639,-7.556,1.288,0,0
63331,0,-0.35,0.48,-4.769,-9.591,1.858,0,0
63383,0,-0.39,-1.34,-4.003,-8.801,1.791,0,0
63434,0,-0.37,0.00,-3.203,-7.887,1.494,0,0
63486,0,-0.41,0.00,-3.855,-9.337,1.618,0,0
63538,0,-0.39,0.00,-3.496,-7.800,1.250,0,0
63589,0,-0.43,0.00,-5.339,-10.554,1.657,0,0
63641,0,-0.42,0.00,-4.032,-8.250,1.283,0,0
63692,0,-0.43,1.01,-3.836,-8.289,1.446,0,0
63744,0,-0.46,-1.23,-3.840,-8.499,1.561,0,0
63795,0,-0.45,0.00,-3.965,-8.715,1.719,0,0
63847,0,-0.45,1.04,-4.209,-8.878,1.834,0,0
63897,0,-0.47,0.00,-4.329,-8.562,1.595,0,0
63947,0,-0.49,0.00,-4.477,-8.724,1.331,0,0
63997,0,-0.49,0.00,-4.209,-8.648,1.135,0,0
64050,0,-0.49,0.00,-4.209,-8.868,1.317,0,0
64101,0,-0.46,0.56,-3.965,-8.610,1.867,0,0
64152,0,-0.46,0.00,-4.099,-8.787,2.164,0,0
64212,0,-0.44,0.16,-3.917,-8.313,1.915,0,0
64264,0,-0.45,-0.48,-3.783,-8.217,1.475,0,0
64315,0,-0.43,0.00,-4.276,-9.347,1.331,0,0
64366,0,-0.43,0.00,-4.262,-9.333,1.302,0,0
64417,0,-0.43,0.00,-3.907,-8.308,1.293,0,0
64469,0,-0.43,-0.48,-4.310,-9.017,1.867,0,0
64520,0,-0.45,0.00,-4.113,-8.835,1.968,0,0
64572,0,-0.43,0.00,-3.587,-8.356,1.805,0,0
64623,0,-0.43,0.00,-3.692,-8.930,1.595,0,0
64675,0,-0.41,1.34,-4.017,-8.959,1.350,0,0
64727,0,-0.42,-0.52,-4.717,-9.371,1.398,0,0
64778,0,-0.42,0.00,-4.381,-8.605,1.374,0,0
64830,0,-0.42,0.00,-3.845,-8.025,1.489,0,0
64882,0,-0.40,0.00,-3.677,-8.456,1.781,0,0
64932,0,-0.36,1.45,-4.080,-9.697,2.116,0,0
64982,0,-0.38,-0.56,-4.123,-9.376,1.829,0,0
65033,0,-0.36,0.00,-3.869,-8.207,1.408,0,0
65084,0,-0.32,0.00,-4.209,-8.566,1.231,0,0
65136,0,-0.32,0.00,-4.286,-8.878,1.164,0,0
65188,0,-0.32,0.00,-4.257,-9.179,1.379,0,0
65238,0,-0.31,0.45,-3.974,-8.662,1.652,0,0
65289,0,-0.26,0.56,-3.926,-8.485,1.834,0,0
65341,0,-0.23,1.01,-4.080,-8.672,1.863,0,0
65392,0,-0.22,0.00,-4.152,-8.978,1.671,0,0
65444,0,-0.17,1.04,-4.013,-8.868,1.274,0,0
65495,0,-0.15,0.00,-3.936,-8.681,1.120,0,0
65547,0,-0.16,-0.86,-4.324,-9.098,1.293,0,0
65599,0,-0.13,1.04,-4.238,-8.653,1.595,0,0
65650,0,-0.08,1.09,-4.032,-8.413,1.786,0,0
65702,0,-0.07,0.19,-4.003,-8.835,1.872,0,0
65753,0,-0.05,0.00,-3.716,-8.787,1.652,0,0
65805,0,-0.04,1.04,-3.826,-8.839,1.441,0,0
65855,0,-0.05,-0.34,-4.171,-8.792,1.269,0,0
65905,0,-0.04,0.56,-4.501,-8.911,1.302,0,0
65955,0,-0.02,0.00,-4.329,-8.657,1.389,0,0
66006,0,-0.02,-0.87,-4.017,-8.696,1.566,0,0
66055,0,0.01,1.09,-3.859,-8.964,1.776,0,0
66107,0,0.02,0.00,-3.639,-8.495,1.714,0,0
66159,0,-0.02,0.00,-3.955,-8.672,1.628,0,0
66210,0,-0.00,0.52,-4.195,-8.672,1.360,0,0
66262,0,-0.00,0.00,-4.247,-8.724,1.197,0,0
66314,0,-0.02,0.00,-4.319,-9.175,1.269,0,0
66365,0,-0.03,-0.48,-3.946,-8.782,1.437,0,0
66417,0,-0.01,0.82,-4.094,-9.093,1.815,0,0
66467,0,0.01,0.52,-3.788,-8.183,1.767,0,0
66518,0,0.02,0.52,-4.085,-8.691,1.700,0,0
66570,0,0.02,0.00,-4.343,-9.443,1.518,0,0
66621,0,0.01,-0.52,-4.013,-8.887,1.168,0,0
66673,0,0.01,0.00,-3.859,-8.327,1.135,0,0
66725,0,0.01,0.00,-4.391,-9.007,1.417,0,0
66776,0,0.02,0.00,-4.424,-8.978,1.657,0,0
66828,0,-0.02,-1.49,-4.032,-8.566,1.700,0,0
66880,0,-0.02,0.00,-3.788,-8.638,1.666,0,0
66930,0,-0.00,0.00,-3.922,-9.050,1.599,0,0
66980,0,-0.00,0.00,-4.132,-9.108,1.441,0,0
67031,0,-0.04,-1.37,-4.247,-8.710,1.269,0,0
67082,0,-0.02,0.00,-4.123,-8.250,1.188,0,0
67134,0,-0.08,-0.86,-4.329,-8.868,1.451,0,0
67185,0,-0.07,0.00,-4.401,-9.577,1.791,0,0
67237,0,-0.08,0.52,-3.668,-8.351,1.724,0,0
67288,0,-0.06,0.56,-3.620,-8.040,1.662,0,0
67339,0,-0.08,-0.89,-4.171,-8.830,1.595,0,0
67390,0,-0.11,0.00,-4.482,-9.189,1.346,0,0
67442,0,-0.12,-0.86,-4.343,-8.902,1.149,0,0
67493,0,-0.12,0.00,-4.199,-8.777,1.264,0,0
67545,0,-0.11,1.04,-4.281,-9.031,1.585,0,0
67596,0,-0.10,0.48,-4.032,-8.461,1.729,0,0
67648,0,-0.12,0.00,-4.118,-8.696,1.834,0,0
67700,0,-0.09,0.48,-4.108,-8.882,1.609,0,0
67751,0,-0.13,0.00,-4.051,-8.921,1.312,0,0
67803,0,-0.10,0.48,-4.108,-8.892,1.197,0,0
67854,0,-0.08,0.52,-4.214,-8.715,1.231,0,0
67904,0,-0.07,0.00,-4.175,-8.418,1.413,0,0
67955,0,-0.11,0.00,-4.123,-8.533,1.609,0,0
68005,0,-0.11,0.00,-4.190,-9.227,1.791,0,0
68055,0,-0.09,0.00,-3.725,-8.710,1.599,0,0
68105,0,-0.11,-0.52,-3.582,-8.351,1.379,0,0
68156,0,-0.14,-0.52,-4.089,-8.921,1.365,0,0
68208,0,-0.11,1.45,-4.238,-8.806,1.269,0,0
68260,0,-0.12,0.00,-4.243,-8.801,1.274,0,0
68311,0,-0.08,0.54,-4.032,-8.691,1.369,0,0
68363,0,-0.11,-0.48,-3.931,-8.844,1.542,0,0
68413,0,-0.11,0.00,-4.080,-9.175,1.700,0,0
68464,0,-0.10,-0.48,-3.994,-8.586,1.580,0,0
68516,0,-0.12,0.00,-4.161,-8.595,1.408,0,0
68568,0,-0.11,-0.48,-4.266,-8.753,1.250,0,0
68619,0,-0.09,0.82,-4.123,-8.772,1.197,0,0
68671,0,-0.09,0.00,-4.056,-8.777,1.269,0,0
68722,0,-0.09,0.00,-4.013,-8.648,1.489,0,0
68774,0,-0.11,0.00,-4.247,-8.825,1.599,0,0
68825,0,-0.10,0.00,-4.147,-8.538,1.532,0,0
68877,0,-0.07,1.01,-4.199,-8.916,1.379,0,0
68928,0,-0.09,0.00,-4.147,-9.002,1.255,0,0
68978,0,-0.08,0.52,-4.061,-8.657,1.226,0,0
69028,0,-0.06,0.56,-4.252,-8.667,1.374,0,0
69080,0,-0.08,-1.34,-4.429,-8.796,1.542,0,0
69132,0,-0.07,0.52,-4.132,-8.523,1.528,0,0
69183,0,-0.06,0.00,-4.046,-8.969,1.575,0,0
69235,0,-0.03,0.48,-3.845,-8.844,1.494,0,0
69285,0,-0.03,0.00,-3.836,-8.586,1.374,0,0
69336,0,-0.07,-0.82,-4.314,-8.940,1.369,0,0
69388,0,-0.07,0.00,-4.472,-8.993,1.322,0,0
69439,0,-0.05,0.00,-4.022,-8.428,1.231,0,0
69491,0,-0.05,0.00,-4.032,-8.787,1.413,0,0
69543,0,-0.03,0.52,-4.118,-9.093,1.604,0,0
69594,0,-0.01,0.48,-3.888,-8.404,1.475,0,0
69646,0,0.00,0.00,-4.171,-8.686,1.460,0,0
69697,0,0.02,0.00,-4.290,-8.878,1.302,0,0
69749,0,0.02,0.00,-4.171,-8.768,1.188,0,0
69800,0,0.02,0.50,-4.108,-8.768,1.226,0,0
69852,0,0.04,1.02,-4.209,-8.863,1.384,0,0
69902,0,0.04,0.00,-4.175,-8.677,1.523,0,0
69952,0,0.07,0.50,-3.955,-8.231,1.489,0,0
70002,0,0.07,0.00,-4.477,-9.433,1.618,0,0
70055,0,0.05,-0.80,-4.156,-9.041,1.384,0,0
70106,0,0.06,0.50,-3.903,-8.437,1.264,0,0
70157,0,0.06,0.00,-4.223,-8.763,1.355,0,0
70208,0,0.09,1.01,-4.515,-9.108,1.437,0,0
70260,0,0.12,0.00,-4.156,-8.528,1.513,0,0
70311,0,0.13,1.53,-4.070,-8.629,1.566,0,0
70362,0,0.13,-0.13,-4.104,-9.055,1.618,0,0
70412,0,0.13,0.00,-3.926,-8.710,1.489,0,0
70463,0,0.14,0.00,-4.013,-8.571,1.403,0,0
70515,0,0.12,0.00,-4.348,-8.830,1.393,0,0
70567,0,0.09,-1.36,-4.065,-8.203,1.235,0,0
70618,0,0.11,0.50,-3.989,-8.308,1.274,0,0
70670,0,0.12,0.00,-4.233,-9.007,1.528,0,0
70721,0,0.11,-0.84,-3.845,-8.212,1.499,0,0
70773,0,0.13,0.00,-3.931,-8.231,1.437,0,0
70824,0,0.12,0.52,-4.549,-9.519,1.590,0,0
70876,0,0.07,-1.88,-4.386,-9.237,1.460,0,0
70927,0,0.07,0.00,-3.926,-8.456,1.274,0,0
70977,0,0.07,0.00,-3.998,-8.638,1.360,0,0
71027,0,0.08,0.58,-4.314,-9.194,1.537,0,0
71079,0,0.05,0.54,-4.281,-9.060,1.518,0,0
71130,0,0.05,0.00,-4.113,-8.763,1.422,0,0
71182,0,0.06,0.00,-3.994,-8.696,1.369,0,0
71234,0,0.09,0.00,-4.017,-8.758,1.389,0,0
71284,0,0.09,0.00,-4.032,-8.710,1.408,0,0
71335,0,0.09,0.47,-4.142,-8.835,1.489,0,0
71387,0,0.09,0.00,-4.128,-8.815,1.518,0,0
71438,0,0.08,0.00,-3.989,-8.667,1.456,0,0
71490,0,0.08,0.00,-3.888,-8.519,1.408,0,0
71541,0,0.08,0.50,-4.214,-9.242,1.504,0,0
71593,0,0.11,1.34,-4.051,-8.686,1.460,0,0
71645,0,0.11,0.00,-3.998,-8.471,1.350,0,0
71696,0,0.10,0.00,-4.161,-8.782,1.456,0,0
71748,0,0.10,0.00,-4.132,-8.854,1.542,0,0
71799,0,0.11,0.54,-3.960,-8.480,1.542,0,0
71851,0,0.13,0.50,-4.161,-8.777,1.599,0,0
71901,0,0.14,0.00,-4.453,-9.146,1.585,0,0
71951,0,0.17,0.54,-4.209,-8.835,1.417,0,0
72001,0,0.18,0.56,-4.032,-8.547,1.437,0,0
72051,0,0.19,0.00,-4.175,-8.739,1.556,0,0
72102,0,0.16,-1.36,-4.252,-8.921,1.700,0,0
72153,0,0.17,0.54,-4.075,-8.600,1.676,0,0
72205,0,0.13,-1.36,-4.022,-8.672,1.623,0,0
72256,0,0.13,0.00,-4.065,-8.763,1.580,0,0
72308,0,0.15,0.00,-4.085,-8.820,1.547,0,0
72359,0,0.11,0.00,-4.171,-8.753,1.528,0,0
72411,0,0.13,0.24,-4.161,-8.710,1.547,0,0
72462,0,0.13,0.00,-4.132,-8.739,1.561,0,0
72514,0,0.14,0.48,-4.080,-8.873,1.652,0,0
72565,0,0.15,0.50,-3.960,-8.744,1.662,0,0
72616,0,0.13,-0.84,-3.950,-8.696,1.623,0,0
72667,0,0.13,0.00,-4.085,-8.839,1.614,0,0
72719,0,0.14,0.00,-4.132,-8.825,1.475,0,0
72770,0,0.12,-0.82,-4.123,-8.753,1.374,0,0
72822,0,0.17,0.00,-4.108,-8.777,1.441,0,0
72874,0,0.19,1.86,-4.132,-8.868,1.523,0,0
72924,0,0.16,0.00,-4.065,-8.677,1.580,0,0
72974,0,0.16,0.00,-3.984,-8.590,1.566,0,0
73025,0,0.16,0.00,-3.970,-8.590,1.508,0,0
73076,0,0.13,0.00,-3.960,-8.643,1.389,0,0
73128,0,0.14,0.52,-4.113,-8.882,1.365,0,0
73180,0,0.14,0.00,-4.099,-8.729,1.374,0,0
73231,0,0.15,0.50,-4.123,-8.701,1.408,0,0
73283,0,0.15,0.00,-4.142,-8.878,1.523,0,0
73334,0,0.15,0.00,-3.960,-8.782,1.599,0,0
73386,0,0.12,-1.30,-3.970,-8.892,1.618,0,0
73436,0,0.12,0.00,-4.041,-9.002,1.566,0,0
73487,0,0.12,0.00,-4.022,-8.753,1.417,0,0
73539,0,0.12,0.00,-4.108,-8.782,1.346,0,0
73591,0,0.10,0.00,-4.214,-8.911,1.480,0,0
73642,0,0.13,0.00,-4.142,-8.839,1.604,0,0
73694,0,0.14,0.52,-4.137,-8.997,1.676,0,0
73745,0,0.14,0.00,-4.290,-9.591,1.714,0,0
73797,0,0.14,0.00,-3.883,-8.629,1.484,0,0
73848,0,0.11,-0.50,-3.879,-8.480,1.379,0,0
73898,0,0.13,0.00,-4.089,-8.696,1.379,0,0
73948,0,0.14,0.56,-4.175,-8.897,1.389,0,0
73999,0,0.14,0.00,-4.228,-9.041,1.542,0,0
74049,0,0.17,0.00,-3.965,-8.413,1.528,0,0
74101,0,0.21,1.02,-4.180,-8.748,1.647,0,0
74153,0,0.19,-0.93,-3.979,-8.365,1.528,0,0
74218,0,0.17,-0.28,-4.099,-8.739,1.456,0,0
74270,0,0.17,0.00,-4.128,-8.748,1.475,0,0
74320,0,0.18,0.52,-4.482,-9.280,1.561,0,0
74371,0,0.18,0.00,-4.492,-9.376,1.551,0,0
74423,0,0.18,1.02,-3.965,-8.442,1.494,0,0
74474,0,0.18,0.00,-3.845,-8.059,1.556,0,0
74526,0,0.17,-1.34,-4.233,-8.997,1.724,0,0
74578,0,0.18,0.52,-4.228,-9.069,1.743,0,0
74629,0,0.17,0.52,-4.085,-8.777,1.604,0,0
74681,0,0.17,0.00,-3.869,-8.418,1.451,0,0
74732,0,0.12,0.00,-4.185,-8.940,1.609,0,0
74784,0,0.12,0.00,-3.979,-8.466,1.676,0,0
74835,0,0.11,0.00,-3.850,-8.289,1.748,0,0
74887,0,0.07,-1.47,-4.017,-8.811,1.815,0,0
74938,0,0.06,-0.56,-4.094,-9.060,1.748,0,0
74988,0,0.04,0.00,-4.108,-9.002,1.609,0,0
75038,0,0.03,0.00,-4.094,-8.796,1.561,0,0
75089,0,0.02,-0.54,-4.185,-8.868,1.599,0,0
75139,0,0.00,0.00,-4.094,-8.787,1.647,0,0
75189,0,-0.05,-0.56,-3.974,-8.715,1.700,0,0
75241,0,-0.05,0.00,-3.994,-8.854,1.767,0,0
75293,0,-0.05,0.00,-3.907,-8.648,1.724,0,0
75344,0,-0.08,-1.33,-3.974,-8.581,1.657,0,0
75395,0,-0.08,0.00,-4.051,-8.662,1.595,0,0
75446,0,-0.05,0.00,-4.204,-8.988,1.575,0,0
75498,0,-0.09,0.00,-4.089,-8.930,1.547,0,0
75549,0,-0.12,-0.48,-3.984,-8.787,1.628,0,0
75601,0,-0.13,0.00,-3.955,-8.633,1.676,0,0
75652,0,-0.15,0.00,-3.936,-8.495,1.686,0,0
75704,0,-0.13,0.71,-4.041,-8.696,1.705,0,0
75755,0,-0.13,0.00,-4.137,-9.098,1.618,0,0
75807,0,-0.14,-0.52,-4.099,-9.084,1.561,0,0
75859,0,-0.14,0.00,-3.874,-8.610,1.561,0,0
75909,0,-0.16,-0.52,-3.845,-8.514,1.638,0,0
75959,0,-0.16,0.00,-4.032,-8.859,1.733,0,0
76009,0,-0.16,0.00,-4.041,-8.878,1.762,0,0
76060,0,-0.13,1.49,-3.864,-8.677,1.666,0,0
76110,0,-0.13,0.00,-3.883,-8.844,1.590,0,0
76160,0,-0.16,0.00,-4.032,-8.983,1.551,0,0
76211,0,-0.16,0.00,-4.147,-9.007,1.571,0,0
76261,0,-0.17,-0.27,-3.903,-8.519,1.508,0,0
76311,0,-0.13,1.38,-3.941,-8.768,1.599,0,0
76362,0,-0.15,0.00,-3.941,-9.031,1.714,0,0
76414,0,-0.14,-1.53,-3.812,-8.792,1.547,0,0
76465,0,-0.12,0.86,-3.821,-8.710,1.523,0,0
76517,0,-0.13,0.00,-4.065,-8.978,1.523,0,0
76569,0,-0.12,0.34,-4.137,-8.854,1.480,0,0
76620,0,-0.15,0.00,-4.003,-8.677,1.432,0,0
76672,0,-0.14,0.88,-4.003,-8.897,1.542,0,0
76723,0,-0.15,-0.48,-3.917,-8.806,1.585,0,0
76775,0,-0.13,0.82,-4.008,-8.811,1.638,0,0
76826,0,-0.13,0.00,-4.065,-8.705,1.609,0,0
76878,0,-0.14,0.00,-4.132,-8.724,1.518,0,0
76929,0,-0.11,1.41,-4.147,-8.902,1.508,0,0
76979,0,-0.11,0.00,-4.041,-8.844,1.460,0,0
77029,0,-0.11,0.00,-3.979,-8.672,1.537,0,0
77080,0,-0.07,1.37,-4.128,-8.825,1.642,0,0
77130,0,-0.06,0.56,-4.147,-8.787,1.666,0,0
77180,0,-0.05,0.00,-3.989,-8.562,1.575,0,0
77230,0,-0.08,-1.37,-4.037,-8.820,1.551,0,0
77282,0,-0.07,0.48,-4.070,-8.950,1.532,0,0
77332,0,-0.05,0.52,-4.027,-8.720,1.494,0,0
77384,0,-0.04,0.00,-4.113,-8.643,1.547,0,0
77435,0,-0.02,1.01,-4.171,-8.763,1.604,0,0
77487,0,-0.04,-0.82,-4.152,-8.897,1.628,0,0
77538,0,-0.04,0.00,-3.926,-8.686,1.547,0,0
77590,0,-0.03,0.48,-3.926,-8.701,1.575,0,0
77641,0,-0.03,0.00,-4.113,-8.825,1.585,0,0
77693,0,-0.05,0.00,-4.185,-8.777,1.556,0,0
77744,0,-0.05,0.00,-4.128,-8.705,1.518,0,0
77796,0,-0.09,0.00,-4.104,-8.825,1.551,0,0
77847,0,-0.12,-1.30,-4.041,-8.849,1.561,0,0
77897,0,-0.12,0.00,-3.960,-8.696,1.623,0,0
77948,0,-0.13,-0.88,-4.037,-8.667,1.638,0,0
77998,0,-0.12,0.52,-4.161,-8.825,1.623,0,0
78048,0,-0.16,0.00,-4.166,-8.873,1.566,0,0
78099,0,-0.16,0.00,-4.003,-8.720,1.494,0,0
78149,0,-0.19,-1.28,-3.965,-8.777,1.508,0,0
78201,0,-0.20,-0.52,-4.032,-8.863,1.590,0,0
78252,0,-0.22,-0.52,-4.075,-8.748,1.662,0,0
78304,0,-0.25,-0.74,-4.051,-8.677,1.662,0,0
78356,0,-0.27,0.00,-4.008,-8.729,1.580,0,0
78408,0,-0.28,-0.52,-3.984,-8.849,1.504,0,0
78458,0,-0.28,0.00,-3.998,-8.815,1.494,0,0
78509,0,-0.28,0.00,-4.113,-8.887,1.532,0,0
78561,0,-0.30,0.00,-4.104,-8.792,1.566,0,0
78612,0,-0.30,0.00,-4.123,-8.969,1.585,0,0
78664,0,-0.30,0.00,-3.773,-8.581,1.518,0,0
78716,0,-0.26,0.00,-3.807,-8.796,1.575,0,0
78767,0,-0.25,0.00,-3.931,-8.892,1.518,0,0
78819,0,-0.25,0.00,-4.032,-8.792,1.451,0,0
78870,0,-0.25,0.00,-4.142,-8.892,1.417,0,0
78921,0,-0.23,0.00,-4.061,-8.811,1.432,0,0
78971,0,-0.18,0.52,-3.974,-8.787,1.489,0,0
79021,0,-0.15,1.45,-3.960,-8.887,1.599,0,0
79072,0,-0.13,0.00,-4.017,-8.940,1.623,0,0
79122,0,-0.12,0.52,-4.022,-8.677,1.551,0,0
79172,0,-0.13,-0.52,-4.156,-8.787,1.489,0,0
79224,0,-0.10,0.00,-4.185,-8.859,1.389,0,0
79275,0,-0.08,0.00,-4.027,-8.686,1.379,0,0
79327,0,-0.03,0.00,-4.190,-8.935,1.542,0,0
79378,0,-0.01,0.52,-4.065,-8.729,1.666,0,0
79430,0,0.01,0.50,-3.883,-8.289,1.662,0,0
79481,0,-0.00,0.56,-4.089,-8.662,1.623,0,0
79532,0,-0.00,0.00,-4.300,-9.165,1.623,0,0
79583,0,-0.01,-0.84,-4.123,-8.878,1.475,0,0
79635,0,0.00,0.50,-4.008,-8.475,1.432,0,0
79686,0,0.06,1.02,-4.238,-8.744,1.494,0,0
79738,0,0.04,-0.88,-4.372,-8.921,1.580,0,0
79789,0,0.06,0.00,-4.123,-8.696,1.599,0,0
79841,0,0.03,-0.82,-4.003,-8.662,1.537,0,0
79890,0,0.06,1.11,-4.070,-8.940,1.599,0,0
79941,0,0.07,0.00,-4.113,-8.839,1.528,0,0
79991,0,0.09,1.13,-4.108,-8.571,1.494,0,0
80042,0,0.08,-0.35,-4.266,-8.763,1.489,0,0
80092,0,0.11,0.00,-4.434,-9.213,1.623,0,0
80142,0,0.14,1.05,-4.017,-8.672,1.599,0,0
80193,0,0.12,-0.91,-3.630,-7.987,1.484,0,0
80244,0,0.13,0.52,-3.419,-7.245,1.489,0,0
80296,0,0.13,0.00,-4.334,-9.017,1.762,0,0
80345,0,0.15,0.25,-4.970,-10.501,1.963,0,0
80397,0,0.13,-0.50,-4.276,-9.222,1.590,0,0
80447,0,0.13,0.00,-3.649,-8.016,1.374,0,0
80498,0,0.10,-0.82,-3.850,-8.322,1.475,0,0
80550,0,0.10,0.00,-4.415,-9.155,1.714,0,0
80602,0,0.13,0.54,-4.506,-9.323,1.839,0,0
80653,0,0.13,0.00,-3.826,-8.346,1.671,0,0
80705,0,0.11,-0.54,-3.745,-8.461,1.609,0,0
80756,0,0.10,-0.48,-3.955,-8.959,1.662,0,0
80808,0,0.10,0.00,-4.099,-8.926,1.614,0,0
80859,0,0.07,0.00,-4.175,-8.782,1.537,0,0
80909,0,0.06,0.00,-4.089,-8.605,1.528,0,0
80960,0,0.04,-0.52,-3.994,-8.662,1.537,0,0
81010,0,0.07,0.91,-3.836,-8.739,1.638,0,0
81060,0,0.05,0.00,-3.898,-8.950,1.743,0,0
81111,0,-0.00,-1.06,-4.041,-9.098,1.776,0,0
81161,0,-0.02,-0.52,-3.965,-8.677,1.585,0,0
81212,0,-0.04,0.00,-3.893,-8.442,1.465,0,0
81263,0,-0.02,1.41,-4.013,-8.854,1.437,0,0
81315,0,-0.04,-0.52,-4.137,-9.208,1.523,0,0
81367,0,-0.01,0.00,-4.056,-9.012,1.657,0,0
81418,0,-0.04,-0.48,-3.816,-8.423,1.662,0,0
81470,0,-0.05,0.00,-3.989,-8.729,1.695,0,0
81520,0,-0.07,-0.48,-4.166,-9.103,1.638,0,0
81571,0,-0.08,0.00,-3.893,-8.763,1.475,0,0
81623,0,-0.07,0.00,-3.864,-8.734,1.413,0,0
81674,0,-0.07,0.00,-4.152,-9.012,1.513,0,0
81726,0,-0.02,0.52,-4.094,-8.686,1.590,0,0
81778,0,-0.02,0.00,-4.080,-8.677,1.647,0,0
81829,0,-0.01,0.00,-4.041,-8.820,1.681,0,0
81881,0,0.01,0.00,-3.931,-8.811,1.614,0,0
81931,0,0.02,0.00,-3.917,-8.772,1.542,0,0
81982,0,-0.02,-1.47,-4.094,-8.815,1.532,0,0
82032,0,-0.00,0.54,-4.171,-8.724,1.542,0,0
82082,0,0.01,0.00,-4.161,-8.701,1.609,0,0
82133,0,0.00,0.00,-4.032,-8.748,1.633,0,0
82182,0,-0.01,-0.36,-3.850,-8.681,1.671,0,0
82234,0,0.01,0.00,-3.840,-8.681,1.657,0,0
82286,0,-0.00,0.00,-3.903,-8.528,1.652,0,0
82337,0,-0.02,-0.78,-4.343,-9.199,1.652,0,0
82388,0,-0.02,0.07,-4.175,-8.882,1.504,0,0
82439,0,-0.04,-0.88,-4.046,-8.792,1.484,0,0
82491,0,-0.03,0.00,-4.008,-8.940,1.532,0,0
82541,0,-0.04,-0.22,-3.989,-8.729,1.633,0,0
82592,0,-0.02,0.00,-4.094,-8.653,1.729,0,0
82644,0,-0.05,-0.34,-4.185,-8.662,1.738,0,0
82695,0,-0.08,0.00,-4.180,-8.782,1.647,0,0
82747,0,-0.08,-0.82,-4.056,-8.724,1.528,0,0
82799,0,-0.06,1.04,-3.989,-8.696,1.518,0,0
82850,0,-0.10,-1.38,-4.070,-8.686,1.547,0,0
82900,0,-0.10,0.00,-4.075,-8.566,1.604,0,0
82950,0,-0.12,0.00,-4.391,-9.074,1.820,0,0
83001,0,-0.10,0.56,-4.161,-8.839,1.738,0,0
83051,0,-0.11,-0.36,-3.869,-8.605,1.590,0,0
83103,0,-0.09,0.00,-3.788,-8.432,1.518,0,0
83155,0,-0.09,-0.24,-4.185,-8.902,1.614,0,0
83206,0,-0.06,1.01,-4.434,-9.155,1.666,0,0
83258,0,-0.05,0.52,-4.132,-8.667,1.551,0,0
83309,0,-0.03,1.01,-3.941,-8.581,1.580,0,0
83361,0,-0.01,0.00,-3.946,-8.878,1.671,0,0
83412,0,-0.02,0.52,-3.989,-8.911,1.695,0,0
83463,0,-0.02,0.00,-3.974,-8.648,1.638,0,0
83514,0,-0.06,-0.82,-4.099,-8.724,1.585,0,0
83566,0,-0.06,0.00,-4.180,-8.902,1.561,0,0
83617,0,-0.04,0.00,-4.046,-8.849,1.532,0,0
83669,0,-0.04,0.00,-3.936,-8.720,1.595,0,0
83720,0,-0.04,0.00,-4.008,-8.768,1.666,0,0
83772,0,-0.04,0.00,-4.027,-8.758,1.714,0,0
83823,0,-0.03,0.00,-4.104,-8.792,1.671,0,0
83875,0,-0.07,-1.30,-3.974,-8.710,1.556,0,0
83926,0,-0.07,0.00,-3.907,-8.815,1.484,0,0
83976,0,-0.08,-0.60,-3.979,-9.002,1.499,0,0
84026,0,-0.06,0.93,-3.907,-8.792,1.604,0,0
84076,0,-0.06,0.00,-4.027,-8.825,1.599,0,0
84128,0,-0.02,1.34,-3.955,-8.715,1.662,0,0
84212,0,0.01,0.45,-3.936,-8.926,1.652,0,0
84264,0,0.01,0.00,-3.874,-8.739,1.528,0,0
84316,0,0.03,0.00,-3.965,-8.758,1.504,0,0
84366,0,0.03,0.00,-4.104,-8.873,1.446,0,0
84417,0,-0.03,-1.53,-4.085,-8.839,1.446,0,0
84469,0,-0.04,0.00,-4.056,-8.744,1.480,0,0
84520,0,-0.03,-0.48,-3.893,-8.748,1.393,0,0
84572,0,-0.06,-1.04,-3.994,-8.978,1.460,0,0
84624,0,-0.11,-1.01,-3.970,-8.815,1.427,0,0
84675,0,-0.11,0.22,-3.965,-8.748,1.451,0,0
84727,0,-0.13,0.00,-4.017,-8.825,1.480,0,0
84778,0,-0.17,-0.48,-4.037,-8.906,1.494,0,0
84830,0,-0.17,0.00,-3.941,-8.839,1.437,0,0
84879,0,-0.20,-0.56,-3.912,-8.787,1.369,0,0
84929,0,-0.18,0.88,-3.984,-8.911,1.360,0,0
84980,0,-0.21,0.00,-4.061,-8.863,1.427,0,0
85030,0,-0.21,0.81,-3.931,-8.705,1.484,0,0
85082,0,-0.23,-0.45,-3.955,-8.835,1.595,0,0
85134,0,-0.23,0.00,-3.965,-8.806,1.561,0,0
85185,0,-0.24,0.00,-4.085,-8.830,1.484,0,0
85236,0,-0.25,-0.52,-4.180,-8.921,1.393,0,0
85287,0,-0.22,0.00,-4.310,-9.146,1.398,0,0
85339,0,-0.23,0.00,-3.984,-8.514,1.355,0,0
85390,0,-0.23,0.00,-3.994,-8.490,1.504,0,0
85442,0,-0.19,0.00,-4.118,-8.729,1.642,0,0
85493,0,-0.22,0.52,-4.113,-8.820,1.671,0,0
85545,0,-0.17,1.83,-4.003,-8.672,1.580,0,0
85597,0,-0.20,0.00,-4.056,-8.734,1.475,0,0
85648,0,-0.15,0.00,-4.219,-8.892,1.389,0,0
85700,0,-0.14,0.00,-4.290,-8.777,1.422,0,0
85751,0,-0.15,0.52,-4.204,-8.633,1.499,0,0
85803,0,-0.13,0.48,-4.128,-8.705,1.571,0,0
85853,0,-0.12,0.52,-4.065,-8.796,1.662,0,0
85903,0,-0.11,0.00,-3.970,-8.681,1.618,0,0
85953,0,-0.08,0.52,-4.027,-8.724,1.571,0,0
86004,0,-0.07,0.58,-4.180,-8.839,1.480,0,0
86054,0,-0.07,0.00,-4.214,-8.830,1.422,0,0
86105,0,-0.09,-1.34,-4.147,-8.739,1.417,0,0
86157,0,-0.10,-0.56,-4.094,-8.739,1.513,0,0
86209,0,-0.09,0.00,-4.008,-8.748,1.657,0,0
86260,0,-0.10,-0.21,-3.974,-8.763,1.686,0,0
86312,0,-0.09,-0.52,-3.946,-8.729,1.590,0,0
86364,0,-0.12,-1.01,-3.974,-8.820,1.528,0,0
86414,0,-0.15,-1.01,-4.094,-8.873,1.398,0,0
86465,0,-0.16,-0.52,-4.128,-8.902,1.355,0,0
86517,0,-0.14,1.34,-3.994,-8.720,1.379,0,0
86568,0,-0.15,-0.52,-3.994,-8.782,1.513,0,0
86620,0,-0.17,0.00,-3.970,-8.739,1.604,0,0
86672,0,-0.16,0.82,-3.922,-8.681,1.556,0,0
86723,0,-0.17,0.00,-3.826,-8.643,1.422,0,0
86775,0,-0.13,1.38,-3.907,-8.878,1.360,0,0
86826,0,-0.13,0.00,-3.955,-8.854,1.259,0,0
86878,0,-0.11,-0.48,-3.994,-8.696,1.269,0,0
86928,0,-0.09,0.88,-3.831,-8.222,1.288,0,0
86979,0,-0.10,0.00,-4.027,-8.677,1.403,0,0
87029,0,-0.05,0.88,-4.329,-9.371,1.623,0,0
87081,0,-0.06,-0.48,-4.003,-8.815,1.504,0,0
87133,0,-0.08,0.00,-4.132,-8.950,1.494,0,0
87184,0,-0.10,-0.52,-4.233,-8.978,1.432,0,0
87236,0,-0.10,0.00,-4.209,-8.820,1.341,0,0
87287,0,-0.12,0.00,-4.152,-8.744,1.350,0,0
87338,0,-0.12,0.00,-4.190,-8.906,1.446,0,0
87389,0,-0.10,-1.38,-4.008,-8.504,1.480,0,0
87441,0,-0.09,0.52,-4.104,-8.648,1.542,0,0
87492,0,-0.08,0.48,-4.305,-8.921,1.532,0,0
87544,0,-0.10,-0.82,-4.233,-8.806,1.446,0,0
87595,0,-0.08,0.00,-4.123,-8.590,1.331,0,0
87647,0,-0.06,-0.22,-4.137,-8.619,1.355,0,0
87699,0,-0.04,0.00,-4.190,-8.768,1.427,0,0
87750,0,-0.04,-0.93,-4.195,-8.715,1.528,0,0
87802,0,-0.03,0.52,-4.252,-8.868,1.614,0,0
87853,0,-0.02,0.00,-4.099,-8.633,1.547,0,0
87903,0,-0.03,0.52,-3.898,-8.399,1.427,0,0
87953,0,-0.01,0.00,-3.701,-7.915,1.346,0,0
88004,0,-0.04,-1.47,-4.080,-8.629,1.456,0,0
88054,0,-0.02,0.56,-4.429,-9.203,1.556,0,0
88106,0,-0.02,0.00,-4.338,-9.136,1.518,0,0
88156,0,-0.06,-1.30,-4.223,-9.055,1.537,0,0
88207,0,-0.04,0.00,-4.022,-8.830,1.537,0,0
88259,0,-0.04,-0.52,-3.907,-8.557,1.504,0,0
88309,0,-0.07,-0.40,-4.075,-8.772,1.542,0,0
88361,0,-0.05,0.86,-4.118,-8.849,1.494,0,0
88412,0,-0.08,0.00,-4.051,-8.758,1.475,0,0
88463,0,-0.09,-0.48,-3.974,-8.705,1.403,0,0
88514,0,-0.12,-0.19,-3.874,-8.566,1.432,0,0
88566,0,-0.13,-0.48,-4.113,-8.973,1.556,0,0
88617,0,-0.13,0.00,-4.113,-8.902,1.551,0,0
88669,0,-0.17,-0.48,-4.128,-8.887,1.508,0,0
88720,0,-0.18,-0.52,-4.041,-8.830,1.427,0,0
88772,0,-0.21,-0.56,-4.032,-8.849,1.432,0,0
88824,0,-0.22,-0.48,-4.152,-8.978,1.460,0,0
88875,0,-0.20,-0.52,-4.142,-8.830,1.494,0,0
88926,0,-0.21,-0.56,-3.701,-7.887,1.346,0,0
88976,0,-0.23,0.00,-4.190,-8.959,1.532,0,0
89026,0,-0.24,-0.52,-4.640,-9.998,1.666,0,0
89079,0,-0.22,-0.52,-3.783,-8.332,1.360,0,0
89130,0,-0.22,0.00,-4.080,-8.782,1.437,0,0
89182,0,-0.26,-0.48,-4.597,-9.677,1.604,0,0
89233,0,-0.28,-0.52,-3.160,-6.819,1.111,0,0
89285,0,-0.29,-0.52,-4.487,-9.615,1.599,0,0
89335,0,-0.29,0.00,-4.118,-9.007,1.489,0,0
89387,0,-0.29,0.00,-3.701,-8.040,1.384,0,0
89438,0,-0.29,0.00,-4.472,-9.419,1.618,0,0
89490,0,-0.30,0.00,-4.544,-9.428,1.614,0,0
89541,0,-0.34,-1.71,-3.208,-6.914,1.120,0,0
89593,0,-0.32,0.00,-3.955,-8.586,1.346,0,0
89644,0,-0.34,0.56,-4.951,-10.635,1.719,0,0
89696,0,-0.34,0.00,-4.472,-9.366,1.614,0,0
89747,0,-0.37,0.00,-3.989,-8.250,1.465,0,0
89799,0,-0.40,-1.34,-3.946,-8.294,1.437,0,0
89850,0,-0.38,0.00,-4.128,-8.921,1.456,0,0
89900,0,-0.39,-0.88,-4.185,-9.165,1.484,0,0
89951,0,-0.37,0.52,-4.085,-8.796,1.451,0,0
90001,0,-0.38,0.00,-4.137,-8.610,1.489,0,0
90051,0,-0.40,0.00,-3.979,-8.226,1.413,0,0
90103,0,-0.43,-0.86,-4.089,-8.691,1.451,0,0
90153,0,-0.43,0.00,-4.300,-9.404,1.575,0,0
90204,0,-0.45,0.00,-3.826,-8.466,1.465,0,0
90256,0,-0.47,-1.23,-4.161,-8.959,1.585,0,0
90308,0,-0.45,0.52,-3.955,-8.346,1.456,0,0
90357,0,-0.46,-0.14,-4.243,-8.882,1.494,0,0
90409,0,-0.46,0.00,-4.262,-9.093,1.460,0,0
90460,0,-0.46,0.00,-3.864,-8.504,1.379,0,0
90511,0,-0.46,0.00,-4.199,-9.218,1.571,0,0
90562,0,-0.51,-0.48,-3.807,-8.188,1.446,0,0
90614,0,-0.51,0.00,-4.142,-8.705,1.528,0,0
90665,0,-0.53,0.00,-3.984,-8.504,1.389,0,0
90717,0,-0.53,0.00,-4.161,-9.093,1.417,0,0
90768,0,-0.53,0.00,-4.233,-9.309,1.446,0,0
90820,0,-0.53,0.00,-3.941,-8.566,1.437,0,0
90872,0,-0.54,0.00,-4.108,-8.619,1.499,0,0
90922,0,-0.56,-0.56,-4.180,-8.758,1.528,0,0
90972,0,-0.53,0.85,-4.085,-8.815,1.446,0,0
91023,0,-0.53,0.00,-3.926,-8.825,1.379,0,0
91072,0,-0.51,1.49,-3.711,-8.384,1.408,0,0
91124,0,-0.51,0.00,-4.281,-9.184,1.580,0,0
91175,0,-0.55,0.00,-4.223,-8.882,1.508,0,0
91227,0,-0.53,0.52,-3.994,-8.547,1.384,0,0
91278,0,-0.53,0.00,-4.142,-9.136,1.460,0,0
91329,0,-0.53,0.00,-3.845,-8.543,1.365,0,0
91380,0,-0.53,0.00,-3.893,-8.475,1.417,0,0
91432,0,-0.53,0.00,-4.070,-8.610,1.499,0,0
91483,0,-0.56,0.00,-4.037,-8.418,1.417,0,0
91535,0,-0.54,0.52,-4.128,-8.777,1.441,0,0
91586,0,-0.56,-0.86,-4.262,-9.371,1.528,0,0
91638,0,-0.55,0.48,-3.965,-8.715,1.465,0,0
91690,0,-0.57,-0.82,-3.223,-7.010,1.188,0,0
91741,0,-0.55,1.01,-4.477,-9.294,1.580,0,0
91793,0,-0.53,0.56,-5.114,-10.616,1.714,0,0
91844,0,-0.57,0.00,-4.161,-8.988,1.460,0,0
91897,0,-0.56,-0.93,-3.936,-8.557,1.513,0,0
91947,0,-0.56,0.00,-3.836,-8.322,1.518,0,0
91997,0,-0.55,0.00,-4.003,-8.442,1.518,0,0
92047,0,-0.56,0.52,-3.931,-8.226,1.451,0,0
92099,0,-0.58,-0.82,-4.152,-8.734,1.408,0,0
92149,0,-0.57,0.48,-4.118,-8.892,1.403,0,0
92201,0,-0.59,0.00,-3.122,-6.919,1.154,0,0
92252,0,-0.59,-0.48,-4.405,-9.558,1.695,0,0
92304,0,-0.59,0.00,-5.181,-10.951,2.006,0,0
92355,0,-0.59,0.00,-4.185,-8.863,1.623,0,0
92420,0,-0.60,-0.11,-3.759,-8.250,1.374,0,0
92472,0,-0.60,0.00,-4.262,-9.371,1.508,0,0
92522,0,-0.58,0.48,-3.764,-8.212,1.379,0,0
92574,0,-0.58,0.00,-3.247,-6.910,1.231,0,0
92625,0,-0.57,0.52,-4.132,-8.667,1.571,0,0
92677,0,-0.56,0.52,-4.731,-10.036,1.767,0,0
92728,0,-0.53,0.00,-4.113,-9.041,1.580,0,0
92780,0,-0.54,0.52,-3.620,-8.064,1.413,0,0
92831,0,-0.57,0.00,-4.271,-9.275,1.618,0,0
92883,0,-0.55,0.48,-4.338,-9.117,1.590,0,0
92934,0,-0.53,0.56,-4.113,-8.581,1.480,0,0
92984,0,-0.56,0.00,-3.725,-8.021,1.360,0,0
93034,0,-0.56,-1.45,-4.166,-9.045,1.551,0,0
93086,0,-0.54,1.01,-4.238,-9.333,1.595,0,0
93137,0,-0.52,0.00,-4.214,-9.146,1.571,0,0
93189,0,-0.52,0.48,-4.515,-9.596,1.604,0,0
93241,0,-0.54,0.00,-3.836,-8.389,1.403,0,0
93292,0,-0.55,0.48,-3.716,-8.212,1.264,0,0
93344,0,-0.55,0.00,-4.099,-9.012,1.417,0,0
93394,0,-0.57,-0.82,-3.965,-8.830,1.398,0,0
93445,0,-0.56,0.00,-4.271,-9.390,1.537,0,0
93497,0,-0.56,0.52,-4.266,-9.064,1.604,0,0
93549,0,-0.54,0.52,-3.879,-8.212,1.393,0,0
93600,0,-0.49,0.52,-3.874,-8.562,1.221,0,0
93652,0,-0.49,0.00,-4.166,-9.299,1.240,0,0
93703,0,-0.48,0.00,-4.434,-9.764,1.384,0,0
93755,0,-0.44,0.97,-3.333,-7.216,1.183,0,0
93806,0,-0.42,0.48,-3.093,-6.594,1.125,0,0
93858,0,-0.38,0.52,-3.874,-8.073,1.350,0,0
93908,0,-0.35,1.09,-5.023,-10.654,1.676,0,0
93958,0,-0.29,0.00,-4.616,-10.013,1.556,0,0
94009,0,-0.25,1.13,-3.907,-8.313,1.379,0,0
94058,0,-0.26,-0.26,-3.620,-7.408,1.274,0,0
94110,0,-0.25,0.00,-4.085,-8.183,1.470,0,0
94161,0,-0.22,0.00,-4.338,-9.222,1.437,0,0
94216,0,-0.27,-0.93,-4.506,-9.864,1.494,0,0
94267,0,-0.27,0.00,-3.855,-8.313,1.326,0,0
94318,0,-0.27,0.00,-4.128,-8.605,1.465,0,0
94369,0,-0.29,0.48,-4.511,-9.079,1.537,0,0
94421,0,-0.31,-0.82,-4.310,-8.820,1.413,0,0
94472,0,-0.35,-0.86,-4.214,-9.045,1.374,0,0
94524,0,-0.35,0.00,-4.314,-9.543,1.547,0,0
94575,0,-0.35,0.00,-3.941,-8.653,1.451,0,0
94627,0,-0.32,0.52,-4.152,-8.610,1.537,0,0
94679,0,-0.32,0.00,-4.094,-8.265,1.384,0,0
94730,0,-0.34,0.00,-4.630,-9.658,1.456,0,0
94782,0,-0.34,0.00,-3.864,-8.581,1.274,0,0
94833,0,-0.34,0.52,-3.682,-8.298,1.298,0,0
94885,0,-0.34,0.00,-4.305,-9.222,1.623,0,0
94936,0,-0.33,0.00,-4.343,-8.906,1.556,0,0
94986,0,-0.35,-1.45,-4.257,-8.763,1.484,0,0
95036,0,-0.33,0.56,-4.324,-9.270,1.465,0,0
95088,0,-0.32,0.00,-4.104,-9.122,1.393,0,0
95139,0,-0.30,1.09,-3.773,-8.250,1.350,0,0
95190,0,-0.30,0.00,-4.056,-8.485,1.403,0,0
95241,0,-0.32,0.52,-2.772,-5.808,0.972,0,0
95293,0,-0.32,0.00,-3.132,-6.646,1.082,0,0
95344,0,-0.36,0.00,-5.023,-10.898,1.666,0,0
95396,0,-0.40,-1.45,-6.129,-13.451,2.169,0,0
95447,0,-0.38,0.48,-3.807,-8.207,1.441,0,0
95499,0,-0.37,0.52,-3.251,-6.814,1.216,0,0
95550,0,-0.37,0.00,-4.228,-8.720,1.451,0,0
95602,0,-0.33,0.00,-4.180,-9.002,1.341,0,0
95654,0,-0.34,0.00,-3.745,-8.456,1.221,0,0
95705,0,-0.35,0.82,-4.209,-9.227,1.413,0,0
95757,0,-0.38,-0.82,-4.415,-9.208,1.508,0,0
95807,0,-0.39,-0.52,-4.156,-8.471,1.460,0,0
95858,0,-0.35,0.00,-4.065,-8.466,1.441,0,0
95909,0,-0.33,0.93,-3.836,-8.480,1.365,0,0
95959,0,-0.33,0.00,-3.950,-8.950,1.437,0,0
96009,0,-0.35,0.00,-4.099,-8.978,1.475,0,0
96059,0,-0.31,0.93,-3.903,-8.121,1.317,0,0
96111,0,-0.36,-1.86,-4.645,-9.424,1.532,0,0
96162,0,-0.34,0.00,-4.262,-9.012,1.441,0,0
96214,0,-0.40,-0.56,-3.639,-8.083,1.369,0,0
96263,0,-0.38,0.36,-3.922,-8.777,1.537,0,0
96315,0,-0.39,-0.52,-4.257,-9.084,1.652,0,0
96365,0,-0.39,0.00,-4.310,-8.844,1.513,0,0
96416,0,-0.41,-0.52,-4.573,-9.395,1.374,0,0
96468,0,-0.42,0.00,-4.314,-9.309,1.288,0,0
96520,0,-0.43,0.00,-3.907,-8.662,1.350,0,0
96571,0,-0.43,0.00,-3.582,-7.829,1.374,0,0
96623,0,-0.42,0.52,-4.401,-9.261,1.757,0,0
96674,0,-0.42,0.00,-4.626,-9.653,1.714,0,0
96726,0,-0.43,-0.52,-3.965,-8.696,1.331,0,0
96777,0,-0.47,-1.30,-3.500,-7.934,1.101,0,0
96829,0,-0.47,0.00,-4.037,-8.930,1.202,0,0
96878,0,-0.45,0.56,-4.147,-8.739,1.307,0,0
96929,0,-0.45,0.00,-4.228,-8.643,1.451,0,0
96979,0,-0.45,0.00,-4.300,-9.007,1.575,0,0
97029,0,-0.44,0.00,-3.917,-8.696,1.465,0,0
97081,0,-0.44,0.00,-3.682,-8.523,1.365,0,0
97133,0,-0.44,0.00,-3.955,-8.906,1.350,0,0
97183,0,-0.44,0.00,-4.396,-9.222,1.365,0,0
97235,0,-0.41,0.56,-4.769,-9.615,1.475,0,0
97286,0,-0.38,1.38,-4.013,-8.375,1.312,0,0
97338,0,-0.36,0.48,-3.692,-8.241,1.355,0,0
97389,0,-0.35,0.52,-3.812,-8.748,1.518,0,0
97441,0,-0.35,0.00,-4.080,-9.017,1.662,0,0
97492,0,-0.35,0.56,-4.343,-9.021,1.532,0,0
97544,0,-0.35,0.00,-4.156,-8.466,1.312,0,0
97595,0,-0.34,0.48,-4.410,-9.299,1.350,0,0
97647,0,-0.30,1.23,-3.850,-8.471,1.279,0,0
97698,0,-0.32,0.52,-3.682,-8.159,1.393,0,0
97750,0,-0.32,0.00,-4.233,-8.969,1.714,0,0
97802,0,-0.31,0.00,-4.243,-8.734,1.638,0,0
97852,0,-0.35,-1.38,-4.209,-8.820,1.475,0,0
97902,0,-0.31,0.00,-4.204,-9.160,1.346,0,0
97952,0,-0.30,0.52,-3.898,-8.662,1.245,0,0
98002,0,-0.33,-1.45,-4.132,-8.911,1.365,0,0
98052,0,-0.30,0.00,-4.314,-8.882,1.523,0,0
98104,0,-0.28,0.00,-4.238,-8.605,1.537,0,0
98155,0,-0.30,0.00,-4.099,-8.672,1.489,0,0
98207,0,-0.27,1.01,-4.147,-9.366,1.528,0,0
98259,0,-0.26,0.52,-3.768,-8.519,1.384,0,0
98309,0,-0.22,0.64,-4.008,-8.653,1.417,0,0
98359,0,-0.22,0.00,-4.501,-9.184,1.475,0,0
98410,0,-0.20,0.00,-4.329,-8.916,1.427,0,0
98462,0,-0.22,0.00,-4.065,-8.787,1.422,0,0
98514,0,-0.19,0.48,-3.677,-8.375,1.389,0,0
98565,0,-0.19,0.00,-3.831,-8.662,1.537,0,0
98617,0,-0.16,0.48,-4.051,-8.691,1.561,0,0
98668,0,-0.15,0.52,-4.439,-9.141,1.537,0,0
98720,0,-0.13,0.00,-4.118,-8.648,1.302,0,0
98771,0,-0.12,0.00,-4.017,-8.835,1.288,0,0
98823,0,-0.12,0.00,-3.907,-8.710,1.355,0,0
98875,0,-0.12,1.34,-3.970,-8.566,1.489,0,0
98925,0,-0.12,0.00,-4.233,-8.787,1.609,0,0
98975,0,-0.13,0.00,-3.984,-8.298,1.422,0,0
99026,0,-0.19,-2.01,-4.061,-8.748,1.379,0,0
99077,0,-0.20,-0.52,-4.175,-9.290,1.355,0,0
99129,0,-0.20,0.00,-4.147,-9.064,1.393,0,0
99181,0,-0.20,0.00,-4.037,-8.461,1.389,0,0
99231,0,-0.20,0.00,-4.056,-8.246,1.398,0,0
99282,0,-0.19,0.52,-4.286,-8.916,1.480,0,0
99334,0,-0.17,0.00,-4.099,-9.045,1.456,0,0
99385,0,-0.17,0.00,-3.812,-8.657,1.422,0,0
99437,0,-0.21,0.00,-3.893,-8.562,1.456,0,0
99489,0,-0.21,0.52,-4.070,-8.447,1.379,0,0
99540,0,-0.21,0.00,-4.276,-8.720,1.369,0,0
99592,0,-0.22,-0.52,-4.175,-8.854,1.379,0,0
99643,0,-0.21,0.34,-4.166,-9.203,1.480,0,0
99695,0,-0.21,0.00,-3.907,-8.633,1.513,0,0
99746,0,-0.25,0.00,-4.046,-8.571,1.571,0,0
99798,0,-0.24,0.00,-4.113,-8.533,1.528,0,0
99848,0,-0.24,0.00,-4.343,-9.088,1.504,0,0
99898,0,-0.22,0.00,-4.343,-9.309,1.422,0,0
99948,0,-0.25,-0.48,-4.032,-8.873,1.369,0,0
99999,0,-0.25,0.00,-3.893,-8.461,1.403,0,0
100049,0,-0.26,0.00,-3.912,-8.255,1.494,0,0
100100,0,-0.29,-1.04,-4.094,-8.523,1.556,0,0
100152,0,-0.33,-1.34,-4.065,-8.739,1.489,0,0
100203,0,-0.28,0.52,-3.519,-7.906,1.216,0,0
100255,0,-0.29,-0.52,-4.094,-9.175,1.408,0,0
100306,0,-0.30,0.00,-4.554,-9.759,1.551,0,0
100358,0,-0.32,-0.23,-3.984,-8.265,1.389,0,0
100410,0,-0.30,0.00,-4.219,-8.691,1.504,0,0
100460,0,-0.31,-0.48,-4.444,-9.586,1.604,0,0
100512,0,-0.34,-0.52,-3.893,-8.844,1.489,0,0
100563,0,-0.31,0.82,-3.797,-8.566,1.451,0,0
100615,0,-0.33,0.00,-3.462,-7.470,1.202,0,0
100666,0,-0.37,-1.01,-3.797,-7.896,1.202,0,0
100718,0,-0.35,0.00,-4.128,-8.629,1.255,0,0
100769,0,-0.37,-0.56,-2.456,-5.444,0.790,0,0
100821,0,-0.40,-1.01,-4.812,-10.630,1.657,0,0
100873,0,-0.44,-0.48,-5.660,-12.301,2.160,0,0
100923,0,-0.43,0.32,-4.051,-8.667,1.638,0,0
100973,0,-0.46,0.00,-2.988,-6.450,1.178,0,0
101024,0,-0.47,-0.52,-4.032,-8.748,1.446,0,0
101075,0,-0.50,-1.01,-4.788,-10.544,1.528,0,0
101127,0,-0.48,0.00,-4.243,-9.261,1.369,0,0
101179,0,-0.47,0.97,-2.969,-6.383,1.039,0,0
101230,0,-0.49,-0.56,-3.270,-6.795,1.173,0,0
101282,0,-0.50,-0.45,-3.582,-7.470,1.274,0,0
101332,0,-0.50,0.00,-4.544,-9.898,1.628,0,0
101383,0,-0.50,0.00,-4.348,-9.735,1.595,0,0
101435,0,-0.50,0.00,-4.846,-10.645,1.810,0,0
101487,0,-0.51,-0.56,-3.955,-8.346,1.441,0,0
101538,0,-0.53,-0.48,-4.080,-8.274,1.417,0,0
101590,0,-0.56,0.00,-3.946,-8.246,1.293,0,0
101641,0,-0.58,0.00,-3.534,-7.853,1.207,0,0
101693,0,-0.62,-1.75,-4.583,-10.324,1.609,0,0
101744,0,-0.63,-0.86,-3.112,-6.785,1.178,0,0
101796,0,-0.63,0.00,-3.304,-6.761,1.240,0,0
101847,0,-0.64,0.52,-3.539,-7.178,1.211,0,0
101897,0,-0.68,-1.45,-4.310,-9.165,1.389,0,0
101947,0,-0.68,0.00,-3.529,-8.030,1.183,0,0
101998,0,-0.71,0.00,-2.586,-6.072,0.939,0,0
102048,0,-0.74,-0.93,-3.457,-7.681,1.322,0,0
102098,0,-0.74,0.00,-5.286,-10.894,1.973,0,0
102150,0,-0.74,0.00,-4.439,-9.117,1.585,0,0
102201,0,-0.72,0.00,-5.138,-10.980,1.815,0,0
102253,0,-0.77,0.00,-3.970,-9.002,1.398,0,0
102304,0,-0.79,0.00,-4.741,-10.616,1.753,0,0
102356,0,-0.81,-0.45,-5.521,-11.497,2.064,0,0
102406,0,-0.83,-0.24,-4.745,-9.658,1.738,0,0
102457,0,-0.87,-0.48,-3.692,-7.910,1.331,0,0
102508,0,-0.87,0.00,-3.060,-6.996,1.097,0,0
102559,0,-0.91,-1.01,-3.184,-7.470,1.149,0,0
102611,0,-0.96,0.00,-4.391,-9.744,1.494,0,0
102662,0,-0.95,-0.52,-6.670,-13.724,2.337,0,0
102714,0,-0.97,-0.52,-5.545,-11.473,2.035,0,0
102765,0,-0.99,-0.48,-3.448,-7.661,1.331,0,0
102817,0,-0.99,0.00,-3.280,-7.647,1.302,0,0
102869,0,-1.01,0.00,-4.166,-9.452,1.566,0,0
102919,0,-1.02,-0.60,-4.152,-8.815,1.408,0,0
102969,0,-1.02,0.00,-4.056,-8.279,1.250,0,0
103020,0,-1.03,0.00,-4.348,-8.950,1.312,0,0
103072,0,-1.01,-0.52,-3.405,-7.508,1.116,0,0
103123,0,-1.02,0.00,-3.654,-8.356,1.393,0,0
103175,0,-1.04,-0.52,-4.276,-9.567,1.733,0,0
103226,0,-1.07,-1.01,-3.534,-7.585,1.398,0,0
103278,0,-1.09,-0.48,-3.515,-7.307,1.269,0,0
103328,0,-1.09,0.00,-5.808,-12.052,1.834,0,0
103380,0,-1.08,0.36,-4.611,-10.161,1.460,0,0
103431,0,-1.07,0.48,-2.792,-6.383,1.001,0,0
103483,0,-1.07,0.00,-3.505,-7.700,1.403,0,0
103534,0,-1.08,-0.48,-3.639,-7.633,1.427,0,0
103586,0,-1.08,0.00,-4.013,-8.413,1.451,0,0
103637,0,-1.08,0.00,-3.074,-6.732,1.001,0,0
103689,0,-1.10,-0.52,-3.012,-6.694,0.943,0,0
103740,0,-1.13,-1.34,-2.782,-6.177,0.924,0,0
103792,0,-1.13,0.00,-2.792,-6.105,0.900,0,0
103843,0,-1.12,0.00,-5.239,-10.731,1.796,0,0
103893,0,-1.12,0.00,-5.286,-10.870,1.882,0,0
103944,0,-1.12,0.00,-5.104,-11.013,1.901,0,0
103994,0,-1.17,0.00,-4.439,-9.984,1.733,0,0
104044,0,-1.19,-0.60,-3.721,-8.547,1.298,0,0
104096,0,-1.22,-1.30,-6.033,-12.933,2.093,0,0
104146,0,-1.23,-0.52,-5.301,-10.985,1.757,0,0
104215,0,-1.27,-0.56,-4.080,-8.724,1.408,0,0
104266,0,-1.30,-1.09,-3.213,-7.178,1.159,0,0
104317,0,-1.30,0.00,-3.596,-8.179,1.360,0,0
104368,0,-1.33,-0.48,-4.214,-9.275,1.618,0,0
104420,0,-1.35,0.00,-3.539,-7.570,1.269,0,0
104471,0,-1.36,0.34,-4.027,-8.442,1.288,0,0
104523,0,-1.37,-0.56,-4.223,-9.012,1.307,0,0
104574,0,-1.38,0.00,-4.429,-9.754,1.480,0,0
104626,0,-1.40,-0.52,-3.970,-8.801,1.504,0,0
104677,0,-1.35,0.00,-4.511,-9.658,1.805,0,0
104729,0,-1.36,-0.52,-4.602,-9.749,1.776,0,0
104781,0,-1.39,0.00,-3.898,-8.442,1.403,0,0
104832,0,-1.40,-0.52,-3.577,-7.915,1.192,0,0
104884,0,-1.42,-0.52,-2.792,-6.258,0.910,0,0
104935,0,-1.39,0.00,-3.764,-8.150,1.197,0,0
104985,0,-1.38,0.56,-5.899,-12.215,1.958,0,0
105035,0,-1.42,-1.45,-4.688,-9.778,1.695,0,0
105087,0,-1.43,0.00,-3.385,-7.355,1.331,0,0
105137,0,-1.42,0.52,-3.481,-7.776,1.413,0,0
105189,0,-1.40,0.00,-3.745,-8.471,1.417,0,0
105240,0,-1.44,-1.34,-3.974,-8.724,1.331,0,0
105292,0,-1.43,0.00,-2.634,-5.607,0.828,0,0
105343,0,-1.41,0.56,-4.175,-8.509,1.188,0,0
105395,0,-1.45,0.00,-4.851,-9.979,1.403,0,0
105446,0,-1.40,1.04,-5.717,-12.321,2.059,0,0
105498,0,-1.40,0.00,-4.017,-8.954,1.743,0,0
105549,0,-1.41,0.00,-2.954,-6.598,1.331,0,0
105601,0,-1.39,0.52,-3.558,-7.791,1.465,0,0
105653,0,-1.41,0.00,-3.093,-6.785,1.063,0,0
105704,0,-1.44,-1.34,-2.610,-5.775,0.699,0,0
105756,0,-1.42,0.00,-3.725,-8.073,0.900,0,0
105806,0,-1.47,-1.90,-3.716,-7.887,1.015,0,0
105857,0,-1.46,0.00,-4.247,-8.715,1.470,0,0
105908,0,-1.50,-1.45,-3.534,-7.369,1.460,0,0
105958,0,-1.50,0.00,-3.984,-8.614,1.800,0,0
106008,0,-1.50,0.00,-6.694,-15.155,2.744,0,0
106060,0,-1.53,0.00,-5.109,-11.090,1.911,0,0
106112,0,-1.55,-0.93,-4.003,-7.901,1.384,0,0
106164,0,-1.59,0.00,-4.702,-8.892,1.575,0,0
106215,0,-1.60,-0.34,-3.749,-7.441,1.317,0,0
106267,0,-1.61,-0.09,-3.998,-8.657,1.571,0,0
106318,0,-1.61,0.00,-4.046,-9.285,1.820,0,0
106370,0,-1.64,0.00,-4.970,-10.755,2.179,0,0
106421,0,-1.71,-1.34,-4.899,-9.783,1.896,0,0
106472,0,-1.71,0.00,-4.482,-8.753,1.489,0,0
106523,0,-1.71,0.00,-3.663,-7.537,1.149,0,0
106575,0,-1.75,0.00,-2.897,-6.388,0.967,0,0
106626,0,-1.75,0.00,-3.141,-6.991,1.188,0,0
106678,0,-1.77,0.00,-3.409,-7.331,1.360,0,0
106729,0,-1.76,0.52,-3.706,-7.403,1.513,0,0
106781,0,-1.78,-0.86,-4.583,-9.017,1.719,0,0
106833,0,-1.78,-0.48,-2.749,-5.684,0.943,0,0
106885,0,-1.82,-1.45,-3.510,-7.748,1.178,0,0
106935,0,-1.82,0.00,-3.821,-8.528,1.322,0,0
106985,0,-1.82,0.50,-4.343,-8.988,1.604,0,0
107036,0,-1.86,-1.45,-4.027,-7.800,1.551,0,0
107087,0,-1.86,0.00,-4.132,-7.944,1.556,0,0
107139,0,-1.88,0.00,-4.286,-8.863,1.609,0,0
107190,0,-1.91,-1.34,-2.849,-6.517,1.106,0,0
107242,0,-1.92,-0.82,-4.228,-9.720,1.686,0,0
107293,0,-1.97,-2.01,-3.816,-8.078,1.422,0,0
107344,0,-1.97,0.00,-4.223,-8.145,1.460,0,0
107395,0,-2.02,-1.82,-6.254,-11.717,2.016,0,0
107447,0,-2.08,-1.34,-3.160,-6.694,1.116,0,0
107498,0,-2.08,0.00,-4.319,-10.132,1.815,0,0
107550,0,-2.12,0.00,-4.568,-10.276,2.049,0,0
107601,0,-2.15,-1.86,-3.917,-7.800,1.580,0,0
107653,0,-2.17,0.00,-7.690,-14.193,2.614,0,0
107704,0,-2.24,-1.34,-4.788,-9.878,1.556,0,0
107756,0,-2.24,0.00,-3.314,-7.973,1.226,0,0
107808,0,-2.28,0.00,-4.396,-10.357,1.925,0,0
107859,0,-2.30,-0.86,-4.262,-8.514,1.796,0,0
107909,0,-2.32,0.00,-5.602,-10.075,2.045,0,0
107960,0,-2.33,0.00,-5.401,-10.372,1.733,0,0
108010,0,-2.36,-1.09,-3.553,-8.064,1.188,0,0
108060,0,-2.42,0.00,-2.825,-7.068,1.111,0,0
108110,0,-2.45,-1.01,-3.500,-8.135,1.513,0,0
108161,0,-2.48,0.00,-3.620,-7.082,1.451,0,0
108213,0,-2.55,-2.35,-4.606,-8.155,1.580,0,0
108264,0,-2.57,0.00,-5.052,-9.495,1.499,0,0
108315,0,-2.61,-0.61,-3.989,-8.954,1.288,0,0
108365,0,-2.60,0.34,-2.993,-7.523,1.250,0,0
108416,0,-2.61,0.00,-3.323,-7.618,1.547,0,0
108468,0,-2.65,-1.09,-4.755,-9.251,2.045,0,0
108520,0,-2.64,0.30,-5.349,-9.692,1.901,0,0
108571,0,-2.65,0.00,-4.190,-8.380,1.202,0,0
108623,0,-2.68,-1.01,-4.314,-9.826,1.269,0,0
108674,0,-2.69,0.00,-3.797,-8.835,1.437,0,0
108726,0,-2.72,-0.52,-3.989,-8.064,1.714,0,0
108777,0,-2.73,-0.52,-5.478,-9.969,2.207,0,0
108829,0,-2.77,-0.48,-4.367,-8.408,1.623,0,0
108878,0,-2.77,0.00,-3.462,-7.748,1.164,0,0
108929,0,-2.79,0.00,-3.476,-8.475,1.183,0,0
108979,0,-2.82,-0.60,-3.050,-6.948,1.125,0,0
109029,0,-2.85,-1.41,-3.965,-7.743,1.446,0,0
109081,0,-2.86,0.00,-4.468,-7.915,1.513,0,0
109132,0,-2.88,-0.52,-4.190,-7.867,1.403,0,0
109183,0,-2.88,0.00,-3.314,-7.365,1.178,0,0
109234,0,-2.93,-1.86,-3.184,-7.834,1.374,0,0
109286,0,-2.94,0.00,-4.137,-9.510,1.853,0,0
109337,0,-2.97,-0.48,-3.840,-7.575,1.470,0,0
109389,0,-3.00,-1.04,-6.230,-11.152,2.030,0,0
109440,0,-3.02,0.34,-4.688,-9.194,1.393,0,0
109492,0,-3.04,-1.01,-3.074,-7.159,1.092,0,0
109544,0,-3.07,0.00,-4.472,-10.922,2.035,0,0
109595,0,-3.11,-1.13,-4.209,-8.940,1.949,0,0
109647,0,-3.13,0.00,-3.754,-6.919,1.441,0,0
109698,0,-3.17,-0.52,-6.263,-11.167,1.963,0,0
109750,0,-3.19,-1.01,-5.952,-12.541,1.743,0,0
109800,0,-3.23,-1.53,-3.045,-7.638,1.168,0,0
109852,0,-3.25,0.00,-2.887,-7.053,1.408,0,0
109901,0,-3.30,-1.01,-4.266,-8.801,2.002,0,0
109952,0,-3.33,-1.13,-4.554,-8.346,1.772,0,0
110002,0,-3.36,0.00,-4.745,-8.835,1.403,0,0
110052,0,-3.41,-1.09,-4.037,-8.562,1.001,0,0
110104,0,-3.44,-1.01,-4.022,-9.567,1.240,0,0
110155,0,-3.47,0.00,-4.903,-10.755,1.973,0,0
110207,0,-3.50,-0.52,-5.076,-9.596,2.184,0,0
110258,0,-3.52,0.00,-3.721,-6.867,1.475,0,0
110310,0,-3.60,-2.35,-3.802,-7.666,1.331,0,0
110360,0,-3.61,-0.23,-3.620,-8.523,1.140,0,0
110412,0,-3.60,-0.52,-2.921,-7.226,0.967,0,0
110463,0,-3.63,-1.01,-3.768,-8.432,1.259,0,0
110514,0,-3.70,-2.35,-4.085,-7.647,1.441,0,0
110565,0,-3.71,-0.52,-4.525,-7.906,1.499,0,0
110617,0,-3.75,-1.04,-3.706,-7.063,1.274,0,0
110668,0,-3.78,-1.01,-3.759,-8.586,1.413,0,0
110720,0,-3.79,0.00,-4.324,-10.554,1.882,0,0
110771,0,-3.82,-0.52,-4.942,-10.415,2.112,0,0
110823,0,-3.83,0.00,-6.393,-11.588,2.385,0,0
110872,0,-3.88,-1.38,-4.846,-8.935,1.513,0,0
110922,0,-3.88,0.00,-4.578,-9.687,1.393,0,0
110973,0,-3.90,0.00,-4.664,-10.740,1.724,0,0
111023,0,-3.95,0.00,-2.701,-6.029,1.168,0,0
111075,0,-3.96,-0.48,-3.256,-6.359,1.379,0,0
111127,0,-3.99,-0.56,-5.195,-9.524,1.973,0,0
111178,0,-4.03,0.00,-4.640,-9.333,1.513,0,0
111230,0,-4.07,0.00,-4.879,-11.219,1.518,0,0
111280,0,-4.07,0.00,-5.181,-11.751,1.848,0,0
111331,0,-4.12,-1.86,-4.736,-9.290,1.887,0,0
111383,0,-4.10,0.56,-5.430,-9.759,2.064,0,0
111435,0,-4.12,0.00,-5.382,-10.491,1.911,0,0
111486,0,-4.13,-0.82,-4.051,-9.495,1.441,0,0
111538,0,-4.15,-0.52,-3.127,-7.867,1.250,0,0
111589,0,-4.16,0.48,-3.223,-7.183,1.274,0,0
111641,0,-4.14,0.56,-3.812,-7.183,1.374,0,0
111692,0,-4.18,0.00,-4.051,-7.183,1.216,0,0
111744,0,-4.15,0.00,-4.544,-8.657,1.255,0,0
111795,0,-4.19,0.00,-4.420,-9.778,1.374,0,0
111847,0,-4.19,-0.48,-4.180,-9.787,1.719,0,0
111897,0,-4.19,0.00,-3.591,-7.791,1.623,0,0
111947,0,-4.22,0.00,-3.572,-6.953,1.504,0,0
111997,0,-4.24,0.00,-4.424,-8.274,1.446,0,0
112050,0,-4.24,0.00,-4.501,-9.136,1.245,0,0
112101,0,-4.24,0.00,-2.399,-5.622,0.656,0,0
112152,0,-4.22,0.52,-3.314,-7.891,1.111,0,0
112203,0,-4.22,0.00,-5.789,-12.038,2.231,0,0
112255,0,-4.24,-0.82,-5.502,-10.070,2.145,0,0
112306,0,-4.20,1.04,-4.697,-8.590,1.738,0,0
112358,0,-4.24,0.00,-3.926,-8.135,1.398,0,0
112407,0,-4.21,0.44,-2.638,-6.349,0.977,0,0
112459,0,-4.25,-1.38,-2.854,-6.953,1.130,0,0
112509,0,-4.23,0.52,-3.955,-8.418,1.451,0,0
112560,0,-4.22,0.52,-4.008,-7.374,1.269,0,0
112612,0,-4.26,0.00,-3.366,-5.808,0.972,0,0
112664,0,-4.27,0.56,-4.324,-8.059,1.207,0,0
112715,0,-4.28,0.00,-4.434,-9.553,1.398,0,0
112767,0,-4.33,-1.86,-3.031,-7.345,1.279,0,0
112818,0,-4.33,0.00,-3.021,-7.001,1.484,0,0
112870,0,-4.38,-0.48,-4.401,-8.839,1.949,0,0
112920,0,-4.38,0.00,-3.764,-7.211,1.288,0,0
112971,0,-4.39,0.00,-3.658,-7.216,0.915,0,0
113021,0,-4.42,-0.54,-3.582,-7.810,0.733,0,0
113070,0,-4.43,-0.52,-3.706,-8.384,0.948,0,0
113122,0,-4.45,0.00,-4.855,-10.391,1.800,0,0
113173,0,-4.53,-0.48,-5.157,-10.036,2.270,0,0
113225,0,-4.54,-0.48,-4.501,-8.586,1.963,0,0
113277,0,-4.58,-0.52,-3.553,-7.499,1.365,0,0
113327,0,-4.58,0.00,-3.630,-8.480,1.231,0,0
113378,0,-4.65,-1.01,-3.668,-8.399,1.168,0,0
113430,0,-4.68,0.00,-4.180,-8.619,1.235,0,0
113482,0,-4.74,-1.53,-5.737,-10.295,1.853,0,0
113533,0,-4.77,-1.04,-6.072,-11.583,1.997,0,0
113585,0,-4.80,0.00,-4.444,-9.629,1.901,0,0
113636,0,-4.87,-1.53,-2.849,-7.116,1.389,0,0
113688,0,-4.88,0.00,-3.649,-8.638,1.733,0,0
113739,0,-4.94,-0.52,-4.616,-9.342,1.719,0,0
113791,0,-5.00,-2.23,-4.061,-7.408,1.068,0,0
113842,0,-5.05,-1.01,-4.793,-8.811,1.034,0,0
113895,0,-5.12,-2.57,-3.998,-8.116,0.982,0,0
113945,0,-5.14,0.00,-3.304,-7.379,1.298,0,0
113995,0,-5.23,-2.53,-3.821,-8.471,1.935,0,0
114045,0,-5.25,-0.56,-3.524,-7.312,1.748,0,0
114097,0,-5.28,0.00,-4.266,-8.246,1.743,0,0
114149,0,-5.39,-1.53,-5.885,-11.760,1.863,0,0
114216,0,-5.49,-1.37,-4.855,-10.683,1.317,0,0
114268,0,-5.51,-1.01,-3.668,-7.839,1.279,0,0
114318,0,-5.58,-2.35,-3.955,-7.834,1.575,0,0
114369,0,-5.59,-0.52,-4.970,-9.448,2.126,0,0
114421,0,-5.62,0.00,-3.917,-7.934,1.585,0,0
114473,0,-5.67,-1.01,-3.390,-7.762,1.288,0,0
114524,0,-5.74,0.00,-4.089,-9.653,1.393,0,0
114576,0,-5.79,-1.01,-4.013,-8.442,1.336,0,0
114627,0,-5.83,-1.53,-3.907,-7.245,1.264,0,0
114679,0,-5.92,-2.38,-3.673,-6.579,1.149,0,0
114730,0,-5.94,-0.52,-4.424,-8.552,1.460,0,0
114782,0,-5.95,0.00,-4.472,-10.056,1.767,0,0
114833,0,-6.01,-1.01,-4.175,-9.946,1.973,0,0
114886,0,-6.03,0.00,-6.948,-14.724,3.045,0,0
114936,0,-6.09,-1.09,-7.891,-14.916,2.907,0,0
114986,0,-6.13,-1.62,-4.903,-9.457,1.561,0,0
115037,0,-6.14,0.00,-3.778,-7.949,1.120,0,0
115088,0,-6.21,-1.53,-4.482,-9.936,1.652,0,0
115140,0,-6.20,0.30,-4.539,-9.730,1.891,0,0
115190,0,-6.24,-1.49,-4.262,-8.399,1.767,0,0
115241,0,-6.28,-1.53,-4.822,-9.189,1.839,0,0
115293,0,-6.32,-1.04,-5.167,-10.405,1.767,0,0
115344,0,-6.37,-2.05,-4.812,-10.453,1.633,0,0
115396,0,-6.37,0.00,-4.118,-8.940,1.460,0,0
115448,0,-6.42,-0.19,-3.563,-7.106,1.365,0,0
115499,0,-6.43,0.00,-3.596,-6.795,1.326,0,0
115551,0,-6.45,0.36,-3.615,-6.843,1.202,0,0
115602,0,-6.48,-1.01,-3.721,-7.638,1.183,0,0
115654,0,-6.54,-1.90,-4.262,-9.232,1.403,0,0
115705,0,-6.52,0.86,-4.884,-10.314,1.805,0,0
115757,0,-6.58,0.00,-5.262,-10.032,2.097,0,0
115808,0,-6.60,0.00,-4.985,-9.170,1.954,0,0
115859,0,-6.60,0.00,-4.549,-8.954,1.690,0,0
115909,0,-6.65,-1.41,-4.228,-9.146,1.528,0,0
115959,0,-6.65,0.00,-3.989,-8.854,1.528,0,0
116010,0,-6.64,0.00,-4.037,-8.274,1.518,0,0
116059,0,-6.64,0.00,-4.348,-8.140,1.571,0,0
116111,0,-6.61,0.00,-4.544,-8.370,1.575,0,0
116162,0,-6.64,-1.34,-4.448,-8.801,1.571,0,0
116214,0,-6.64,0.00,-4.128,-9.084,1.647,0,0
116264,0,-6.64,0.00,-3.989,-9.002,1.767,0,0
116316,0,-6.64,0.00,-4.209,-8.729,1.800,0,0
116367,0,-6.64,0.00,-4.424,-8.447,1.709,0,0
116418,0,-6.64,0.00,-4.348,-8.317,1.475,0,0
116469,0,-6.63,0.52,-4.113,-8.413,1.283,0,0
116521,0,-6.62,0.48,-3.721,-7.882,1.393,0,0
116572,0,-6.65,0.00,-3.443,-7.518,1.470,0,0
116624,0,-6.65,0.00,-4.415,-8.983,1.891,0,0
116675,0,-6.65,0.00,-4.913,-9.433,1.992,0,0
116727,0,-6.64,0.86,-4.367,-8.686,1.580,0,0
116779,0,-6.66,0.00,-3.783,-8.159,1.302,0,0
116830,0,-6.67,0.00,-4.017,-8.902,1.422,0,0
116882,0,-6.69,-0.52,-3.563,-7.489,1.302,0,0
116933,0,-6.65,0.00,-4.152,-8.049,1.566,0,0
116983,0,-6.69,-1.09,-4.228,-7.958,1.561,0,0
117033,0,-6.67,0.88,-3.519,-6.938,1.269,0,0
117085,0,-6.69,0.00,-3.079,-6.613,1.159,0,0
117136,0,-6.75,-1.01,-3.539,-7.997,1.369,0,0
117188,0,-6.75,0.00,-4.362,-9.232,1.676,0,0
117239,0,-6.76,0.00,-5.904,-11.272,2.203,0,0
117290,0,-6.76,0.00,-6.670,-12.383,2.423,0,0
117341,0,-6.79,-0.52,-5.454,-10.961,2.073,0,0
117393,0,-6.78,0.00,-4.645,-10.123,1.978,0,0
117444,0,-6.78,0.00,-3.160,-6.833,1.403,0,0
117496,0,-6.76,0.52,-3.108,-6.311,1.283,0,0
117547,0,-6.80,0.48,-4.046,-7.728,1.451,0,0
117599,0,-6.79,0.52,-5.095,-9.673,1.595,0,0
117651,0,-6.82,0.00,-4.142,-8.303,1.331,0,0
117702,0,-6.80,1.45,-2.969,-6.292,1.168,0,0
117754,0,-6.84,-1.34,-3.505,-7.494,1.537,0,0
117805,0,-6.82,0.52,-4.266,-8.729,1.958,0,0
117857,0,-6.84,-0.52,-4.721,-9.347,2.021,0,0
117907,0,-6.86,0.00,-4.855,-9.816,1.911,0,0
117957,0,-6.86,0.00,-5.042,-10.525,1.839,0,0
118008,0,-6.87,-0.54,-4.932,-10.554,1.786,0,0
118060,0,-6.87,0.00,-3.917,-8.064,1.566,0,0
118111,0,-6.91,-0.56,-4.061,-8.054,1.738,0,0
118162,0,-6.93,-0.48,-4.329,-8.633,1.834,0,0
118213,0,-6.94,-0.52,-4.046,-8.576,1.657,0,0
118265,0,-6.95,0.00,-3.098,-6.991,1.250,0,0
118317,0,-7.01,-0.81,-2.701,-6.167,1.039,0,0
118368,0,-7.03,-1.00,-3.634,-7.791,1.331,0,0
118420,0,-7.02,0.33,-4.602,-9.146,1.618,0,0
118470,0,-7.02,-0.15,-5.962,-11.617,2.121,0,0
118522,0,-7.04,-0.52,-6.589,-13.465,2.634,0,0
118573,0,-7.05,0.37,-5.741,-12.526,2.614,0,0
118625,0,-7.03,0.78,-4.238,-9.256,1.954,0,0
118676,0,-7.06,0.00,-2.926,-6.167,1.245,0,0
118728,0,-7.08,-1.00,-2.418,-4.889,0.800,0,0
118779,0,-7.06,0.74,-2.974,-5.880,0.790,0,0
118831,0,-7.07,0.00,-4.276,-8.533,1.025,0,0
118880,0,-7.04,1.34,-5.353,-10.817,1.590,0,0
118931,0,-7.04,0.00,-5.631,-11.253,2.356,0,0
118981,0,-7.01,0.52,-5.301,-10.501,2.672,0,0
119031,0,-7.01,0.00,-4.257,-8.696,2.140,0,0
119083,0,-7.01,0.00,-3.371,-7.269,1.437,0,0
119134,0,-7.00,0.00,-3.079,-6.891,1.025,0,0
119186,0,-6.98,0.00,-3.496,-7.532,0.919,0,0
119238,0,-6.98,-0.30,-4.453,-8.753,1.120,0,0
119288,0,-6.98,0.00,-5.325,-9.787,1.618,0,0
119339,0,-6.96,0.48,-5.334,-9.907,2.131,0,0
119391,0,-6.95,0.00,-4.199,-8.600,2.107,0,0
119442,0,-6.92,0.52,-3.687,-8.552,2.097,0,0
119494,0,-6.95,-1.23,-3.567,-8.351,1.743,0,0
119546,0,-6.95,0.00,-3.888,-8.222,1.427,0,0
119597,0,-6.95,0.00,-4.415,-8.375,1.202,0,0
119649,0,-6.95,0.00,-3.998,-7.068,0.972,0,0
119700,0,-6.97,0.00,-4.137,-7.896,1.279,0,0
119752,0,-6.97,0.00,-4.075,-8.562,1.695,0,0
119803,0,-6.97,0.00,-1.595,-3.682,0.781,0,0
119855,0,-6.98,-0.48,-1.887,-4.396,1.226,0,0
119905,0,-7.02,0.00,-2.222,-4.860,1.427,0,0
119955,0,-7.02,0.00,-3.783,-8.073,1.872,0,0
120006,0,-7.02,0.00,-4.367,-9.093,1.432,0,0
120056,0,-7.03,0.00,-4.951,-10.022,1.255,0,0
120106,0,-7.05,-0.48,-4.942,-10.185,1.178,0,0
120157,0,-7.07,0.00,-5.353,-10.568,1.796,0,0
120209,0,-7.10,-1.13,-5.454,-10.640,2.600,0,0
120261,0,-7.14,0.00,-5.162,-10.726,2.820,0,0
120312,0,-7.16,-0.48,-5.440,-11.990,2.768,0,0
120363,0,-7.21,-0.63,-5.593,-12.316,2.097,0,0
120414,0,-7.26,-1.97,-6.163,-12.574,1.738,0,0
120466,0,-7.27,0.00,-5.037,-9.524,1.389,0,0
120516,0,-7.28,-0.48,-5.373,-10.099,1.834,0,0
120567,0,-7.30,0.00,-4.156,-8.428,1.925,0,0
120619,0,-7.32,-1.09,-3.888,-8.648,2.294,0,0
120671,0,-7.34,-0.52,-3.065,-7.010,1.815,0,0
120722,0,-7.39,-0.52,-2.883,-6.282,1.302,0,0
120774,0,-7.39,0.00,-4.535,-8.959,1.350,0,0
120825,0,-7.40,0.00,-4.152,-7.891,0.848,0,0
120877,0,-7.45,-1.34,-5.167,-9.826,1.135,0,0
120927,0,-7.48,0.00,-4.760,-9.548,1.618,0,0
120978,0,-7.48,0.00,-4.271,-8.902,2.174,0,0
121028,0,-7.44,1.43,-4.123,-8.844,2.490,0,0
121080,0,-7.43,0.00,-3.802,-8.327,2.088,0,0
121132,0,-7.45,-0.82,-3.807,-8.418,1.504,0,0
121183,0,-7.45,0.00,-4.094,-8.792,1.082,0,0
121235,0,-7.45,0.00,-4.659,-9.290,1.120,0,0
121286,0,-7.44,0.48,-4.841,-9.002,1.504,0,0
121338,0,-7.44,0.00,-4.410,-8.303,1.877,0,0
121390,0,-7.45,0.00,-4.113,-8.447,2.212,0,0
121440,0,-7.45,0.00,-3.807,-8.633,2.207,0,0
121491,0,-7.48,-0.52,-3.979,-9.294,1.944,0,0
121543,0,-7.49,0.00,-4.415,-9.438,1.465,0,0
121594,0,-7.49,0.00,-4.908,-9.313,1.197,0,0
121646,0,-7.51,-0.52,-3.946,-7.211,0.891,0,0
121698,0,-7.49,0.52,-3.452,-6.517,1.044,0,0
121749,0,-7.49,0.00,-4.415,-8.882,1.772,0,0
121801,0,-7.49,0.00,-4.530,-10.027,2.308,0,0
121852,0,-7.52,-0.45,-4.544,-10.147,2.375,0,0
121902,0,-7.52,0.00,-4.343,-9.170,1.877,0,0
121953,0,-7.55,-1.13,-3.922,-7.910,1.245,0,0
122003,0,-7.55,0.00,-4.262,-8.375,1.082,0,0
122053,0,-7.55,0.00,-4.051,-8.035,1.049,0,0
122105,0,-7.51,0.00,-3.994,-8.116,1.413,0,0
122157,0,-7.53,-0.60,-4.357,-8.911,1.987,0,0
122208,0,-7.53,0.00,-3.936,-8.025,1.978,0,0
122260,0,-7.54,-0.48,-4.166,-8.657,1.944,0,0
122310,0,-7.54,0.00,-4.262,-9.069,1.695,0,0
122361,0,-7.50,1.34,-4.022,-8.533,1.245,0,0
122413,0,-7.50,0.00,-4.113,-8.341,1.140,0,0
122465,0,-7.49,0.00,-3.821,-7.355,1.125,0,0
122516,0,-7.46,0.52,-4.166,-7.944,1.504,0,0
122567,0,-7.46,0.00,-4.223,-8.437,1.810,0,0
122618,0,-7.46,1.04,-4.338,-9.299,2.025,0,0
122670,0,-7.43,1.00,-4.817,-10.578,2.174,0,0
122721,0,-7.44,0.48,-3.821,-8.011,1.465,0,0
122773,0,-7.45,-0.33,-4.884,-9.529,1.484,0,0
122824,0,-7.42,0.00,-4.654,-8.878,1.322,0,0
122876,0,-7.43,0.52,-4.496,-8.739,1.489,0,0
122927,0,-7.40,0.00,-4.377,-8.887,1.844,0,0
122977,0,-7.39,-0.23,-4.108,-8.614,1.973,0,0
123027,0,-7.39,0.00,-3.998,-8.442,1.887,0,0
123079,0,-7.42,0.00,-4.099,-8.571,1.705,0,0
123131,0,-7.41,0.00,-4.147,-8.538,1.350,0,0
123182,0,-7.44,-1.30,-4.185,-8.475,1.245,0,0
123234,0,-7.46,0.00,-4.209,-8.341,1.302,0,0
123285,0,-7.46,0.00,-4.061,-8.064,1.494,0,0
123337,0,-7.46,0.00,-4.305,-8.643,1.834,0,0
123388,0,-7.45,0.96,-4.080,-8.514,1.829,0,0
123439,0,-7.45,0.00,-4.266,-9.170,1.834,0,0
123490,0,-7.47,0.86,-4.108,-8.801,1.542,0,0
123542,0,-7.47,0.00,-4.257,-8.744,1.326,0,0
123593,0,-7.51,-1.00,-4.357,-8.538,1.279,0,0
123645,0,-7.54,-1.13,-4.286,-8.327,1.350,0,0
123696,0,-7.53,-0.48,-4.295,-8.547,1.571,0,0
123748,0,-7.54,-0.52,-4.061,-8.490,1.757,0,0
123799,0,-7.56,0.00,-4.171,-8.973,1.896,0,0
123851,0,-7.55,0.74,-3.903,-8.308,1.633,0,0
123901,0,-7.57,-0.56,-4.185,-8.610,1.494,0,0
123951,0,-7.58,0.00,-4.156,-8.279,1.226,0,0
124002,0,-7.57,0.36,-4.606,-9.074,1.326,0,0
124052,0,-7.58,0.00,-4.448,-8.835,1.470,0,0
124103,0,-7.61,-1.04,-4.219,-8.576,1.729,0,0
124155,0,-7.63,-0.48,-4.219,-8.662,1.978,0,0
124218,0,-7.65,-0.43,-4.195,-8.763,1.834,0,0
124270,0,-7.67,-0.52,-4.487,-9.309,1.686,0,0
124320,0,-7.63,1.34,-4.262,-8.748,1.322,0,0
124371,0,-7.63,0.00,-4.314,-8.562,1.226,0,0
124423,0,-7.66,-0.52,-4.319,-8.389,1.346,0,0
124474,0,-7.67,-0.48,-4.458,-8.672,1.623,0,0
124526,0,-7.71,0.00,-4.391,-8.897,1.858,0,0
124578,0,-7.71,0.00,-4.204,-8.859,1.839,0,0
124629,0,-7.71,0.00,-4.147,-8.959,1.714,0,0
124681,0,-7.69,0.00,-4.463,-9.395,1.633,0,0
124732,0,-7.73,-1.34,-4.836,-9.601,1.528,0,0
124784,0,-7.72,0.52,-4.669,-9.064,1.460,0,0
124835,0,-7.72,0.00,-4.166,-8.226,1.494,0,0
124887,0,-7.75,0.00,-3.941,-8.092,1.633,0,0
124938,0,-7.69,1.93,-3.888,-8.236,1.753,0,0
124988,0,-7.71,-0.80,-3.979,-8.423,1.714,0,0
125038,0,-7.70,0.00,-4.099,-8.514,1.489,0,0
125090,0,-7.68,0.00,-3.682,-7.379,1.173,0,0
125141,0,-7.68,0.00,-4.353,-8.633,1.221,0,0
125192,0,-7.67,0.52,-6.651,-13.044,2.073,0,0
125243,0,-7.67,0.00,-4.927,-9.826,1.939,0,0
125295,0,-7.65,0.52,-3.701,-7.585,1.748,0,0
125346,0,-7.64,0.48,-3.084,-6.431,1.456,0,0
125398,0,-7.65,0.56,-3.697,-7.800,1.532,0,0
125449,0,-7.64,0.48,-3.807,-8.145,1.283,0,0
125501,0,-7.66,0.00,-4.784,-9.802,1.350,0,0
125553,0,-7.63,1.00,-4.946,-9.677,1.451,0,0
125604,0,-7.63,0.00,-5.076,-9.687,1.810,0,0
125656,0,-7.64,-0.82,-4.702,-9.290,2.035,0,0
125707,0,-7.63,0.48,-4.554,-9.644,2.217,0,0
125759,0,-7.65,0.00,-3.381,-7.575,1.551,0,0
125809,0,-7.65,0.00,-3.510,-7.714,1.326,0,0
125861,0,-7.62,0.48,-3.840,-7.834,1.116,0,0
125911,0,-7.65,-0.82,-4.956,-9.419,1.231,0,0
125961,0,-7.62,0.00,-5.061,-9.529,1.408,0,0
126011,0,-7.65,0.00,-4.334,-8.624,1.604,0,0
126064,0,-7.66,-0.56,-3.874,-8.207,1.877,0,0
126115,0,-7.66,0.00,-3.816,-8.399,2.006,0,0
126167,0,-7.66,0.00,-3.965,-8.533,1.791,0,0
126218,0,-7.65,0.00,-4.606,-9.390,1.456,0,0
126270,0,-7.66,-0.22,-4.621,-9.069,1.125,0,0
126322,0,-7.62,0.00,-4.420,-8.552,1.092,0,0
126373,0,-7.64,-0.48,-4.401,-8.595,1.393,0,0
126425,0,-7.62,0.82,-4.022,-8.045,1.690,0,0
126475,0,-7.63,-0.52,-3.917,-8.121,1.925,0,0
126526,0,-7.64,0.00,-3.998,-8.590,1.911,0,0
126578,0,-7.64,0.00,-4.041,-8.801,1.614,0,0
126630,0,-7.64,0.00,-4.372,-9.117,1.317,0,0
126681,0,-7.59,1.34,-4.492,-8.811,1.202,0,0
126733,0,-7.61,-0.48,-4.621,-8.748,1.355,0,0
126784,0,-7.62,0.00,-4.434,-8.533,1.580,0,0
126836,0,-7.61,0.52,-4.022,-8.236,1.820,0,0
126885,0,-7.61,0.00,-3.907,-8.495,1.954,0,0
126936,0,-7.58,0.56,-3.869,-8.437,1.776,0,0
126986,0,-7.56,0.56,-4.223,-8.830,1.537,0,0
127036,0,-7.56,0.00,-4.458,-8.705,1.250,0,0
127087,0,-7.57,0.50,-4.750,-8.997,1.211,0,0
127137,0,-7.56,0.52,-5.023,-9.802,1.374,0,0
127187,0,-7.57,0.00,-4.784,-9.548,1.733,0,0
127237,0,-7.54,0.48,-3.984,-8.432,1.839,0,0
127289,0,-7.58,-1.30,-3.587,-7.719,1.791,0,0
127340,0,-7.56,0.00,-3.658,-7.709,1.623,0,0
127392,0,-7.55,0.48,-3.936,-8.102,1.374,0,0
127444,0,-7.57,-0.78,-4.243,-8.533,1.188,0,0
127494,0,-7.56,0.48,-4.496,-9.041,1.192,0,0
127545,0,-7.55,0.00,-4.587,-9.155,1.475,0,0
127597,0,-7.58,0.00,-4.487,-8.825,1.810,0,0
127648,0,-7.58,0.00,-4.037,-8.025,1.820,0,0
127700,0,-7.60,0.00,-3.807,-7.949,1.676,0,0
127752,0,-7.61,-0.52,-4.118,-8.935,1.590,0,0
127803,0,-7.61,0.00,-4.415,-9.505,1.437,0,0
127855,0,-7.61,0.00,-4.482,-9.045,1.331,0,0
127905,0,-7.61,0.00,-4.357,-8.265,1.331,0,0
127955,0,-7.59,1.49,-4.343,-8.135,1.470,0,0
128005,0,-7.59,0.00,-4.166,-8.303,1.623,0,0
128056,0,-7.59,0.00,-3.994,-8.672,1.743,0,0
128106,0,-7.60,0.00,-4.099,-9.155,1.815,0,0
128156,0,-7.56,1.39,-4.276,-9.055,1.666,0,0
128207,0,-7.60,0.00,-3.467,-6.814,1.140,0,0
128256,0,-7.55,1.79,-4.266,-7.997,1.173,0,0
128315,0,-7.55,0.00,-4.257,-8.236,1.164,0,0
128367,0,-7.54,0.00,-4.640,-9.596,1.599,0,0
128418,0,-7.54,0.00,-4.391,-9.270,1.872,0,0
128469,0,-7.52,0.52,-4.209,-8.638,1.911,0,0
128520,0,-7.51,0.52,-4.276,-8.523,1.724,0,0
128572,0,-7.50,0.52,-4.372,-8.897,1.446,0,0
128623,0,-7.50,0.00,-4.439,-9.280,1.245,0,0
128675,0,-7.49,0.00,-4.492,-9.275,1.307,0,0
128726,0,-7.48,0.52,-4.693,-9.242,1.662,0,0
128778,0,-7.46,0.00,-4.788,-9.151,1.973,0,0
128829,0,-7.45,0.00,-4.645,-9.323,1.944,0,0
128881,0,-7.45,0.00,-4.640,-9.835,1.968,0,0
128932,0,-7.45,0.00,-3.673,-7.992,1.437,0,0
128982,0,-7.46,-0.92,-3.160,-6.771,0.977,0,0
129032,0,-7.45,0.54,-3.309,-6.742,0.824,0,0
129083,0,-7.48,0.00,-4.022,-7.819,0.962,0,0
129133,0,-7.50,-1.33,-5.052,-9.519,1.427,0,0
129183,0,-7.49,0.56,-5.569,-10.697,2.088,0,0
129235,0,-7.50,-0.33,-5.114,-10.515,2.433,0,0
129286,0,-7.47,0.97,-4.070,-8.902,2.069,0,0
129338,0,-7.48,0.00,-3.294,-7.283,1.451,0,0
129389,0,-7.47,1.00,-2.993,-6.354,0.977,0,0
129440,0,-7.48,-0.33,-3.424,-6.843,0.800,0,0
129491,0,-7.46,1.00,-4.434,-8.523,0.967,0,0
129543,0,-7.48,0.00,-5.401,-10.204,1.465,0,0
129594,0,-7.46,-0.33,-5.502,-10.693,2.179,0,0
129646,0,-7.45,0.52,-4.779,-9.888,2.495,0,0
129697,0,-7.48,-0.86,-3.778,-8.294,2.054,0,0
129749,0,-7.45,1.00,-3.227,-7.221,1.437,0,0
129801,0,-7.44,0.00,-3.256,-7.049,1.015,0,0
129852,0,-7.47,0.00,-3.941,-7.973,0.876,0,0
129902,0,-7.44,0.00,-4.855,-9.242,1.020,0,0
129952,0,-7.47,0.52,-5.411,-10.080,1.580,0,0
130003,0,-7.51,-1.97,-5.215,-10.108,2.246,0,0
130053,0,-7.51,0.00,-4.434,-9.390,2.433,0,0
130103,0,-7.49,0.52,-3.601,-8.183,2.121,0,0
130154,0,-7.47,0.54,-3.170,-7.254,1.523,0,0
130203,0,-7.45,0.00,-3.304,-7.140,1.068,0,0
130255,0,-7.46,0.52,-4.013,-7.992,0.886,0,0
130306,0,-7.46,0.00,-4.889,-9.122,1.001,0,0
130362,0,-7.43,0.49,-5.310,-9.883,1.575,0,0
130414,0,-7.43,0.00,-4.817,-9.601,2.212,0,0
130464,0,-7.42,0.48,-4.113,-8.950,2.476,0,0
130515,0,-7.42,0.00,-3.563,-8.159,2.131,0,0
130567,0,-7.42,-0.52,-3.333,-7.609,1.499,0,0
130618,0,-7.44,-0.88,-3.620,-7.661,1.015,0,0
130670,0,-7.44,0.00,-4.185,-8.222,0.819,0,0
130722,0,-7.41,0.52,-5.013,-9.337,1.034,0,0
130773,0,-7.40,0.48,-5.329,-9.950,1.705,0,0
130825,0,-7.42,0.52,-4.841,-9.682,2.365,0,0
130876,0,-7.42,0.00,-3.912,-8.672,2.413,0,0
130927,0,-7.40,0.00,-3.184,-7.432,1.853,0,0
130977,0,-7.39,0.56,-2.859,-6.632,1.216,0,0
131028,0,-7.41,-0.92,-3.294,-7.082,0.886,0,0
131078,0,-7.41,0.00,-4.199,-8.250,0.776,0,0
131128,0,-7.40,0.00,-5.459,-10.027,1.092,0,0
131180,0,-7.36,1.30,-5.808,-10.745,1.882,0,0
131231,0,-7.41,0.00,-5.037,-10.151,2.581,0,0
131283,0,-7.41,0.00,-3.864,-8.696,2.452,0,0
131334,0,-7.40,0.00,-3.127,-7.422,1.824,0,0
131386,0,-7.34,1.86,-3.127,-7.087,1.274,0,0
131436,0,-7.34,0.00,-3.543,-7.408,0.814,0,0
131488,0,-7.35,-0.92,-4.405,-8.380,0.733,0,0
131539,0,-7.35,0.00,-5.516,-9.998,1.125,0,0
131591,0,-7.33,0.52,-5.511,-10.305,1.958,0,0
131642,0,-7.33,0.00,-4.554,-9.409,2.538,0,0
131694,0,-7.35,-0.52,-4.003,-9.045,2.658,0,0
131745,0,-7.38,-1.30,-3.677,-8.590,2.049,0,0
131797,0,-7.37,0.00,-3.232,-7.120,1.092,0,0
131848,0,-7.40,-1.27,-3.002,-6.110,0.536,0,0
131898,0,-7.40,0.00,-3.965,-7.499,0.484,0,0
134519,0,-0.21,2.79,-5.564,-10.166,0.551,0,0
134574,0,-0.21,0.00,-4.305,-8.940,1.389,0,0
134624,0,-0.19,0.86,-3.457,-7.451,2.303,0,0
134675,0,-0.20,0.00,-3.472,-6.948,2.787,0,0
134727,0,-0.23,-0.56,-3.745,-7.355,2.466,0,0
134811,0,-0.23,0.00,-4.156,-9.534,0.991,0,0
134862,0,-0.23,0.00,-2.059,-4.990,0.115,0,0
134912,0,0.88,43.59,-2.274,-4.990,0.144,0,0
134962,0,1.99,44.13,-3.677,-6.709,0.560,0,0
135013,0,3.09,0.00,10.166,-2.370,2.902,0,0
135412,1,5.07,2.33,-4.937,-9.591,0.919,0,0
135463,1,4.45,-10.62,-3.376,-8.744,-0.369,0,0
135514,1,4.44,-0.50,-2.931,-7.393,-0.187,0,0
135565,1,6.06,30.71,-3.582,-6.737,0.809,0,0
135617,1,6.98,0.00,-4.784,-7.259,2.495,0,0
135668,1,9.17,44.95,-5.124,-8.265,3.845,0,0
135720,1,9.93,28.13,-4.535,-9.385,3.175,0,0
135772,1,10.89,16.55,-4.750,-9.965,1.192,0,0
135823,1,10.17,-16.39,-5.239,-9.021,-0.086,0,0
135872,1,9.53,-23.51,-4.985,-7.997,0.048,0,0
135923,1,9.92,0.00,-4.276,-7.331,0.761,0,0
135973,1,11.04,25.39,-3.725,-7.585,1.968,0,0
136023,1,11.32,10.95,-12.191,-20.365,6.723,0,0
136073,1,11.77,0.00,-3.577,-6.498,1.528,0,0
136125,1,12.41,9.32,-5.329,-8.246,1.499,0,0
136176,1,12.53,0.00,-6.943,-7.570,-0.172,0,0
137000,2,2.75,-10.50,-6.211,-7.566,-0.484,0,0
139255,3,1.02,-1.03,-6.498,-7.101,-1.049,0,0
139266,3,3.99,3.96,-6.589,-7.029,-1.082,0,0
139316,3,3.72,-10.15,-6.589,-7.015,-1.101,0,0
139367,3,3.27,-8.79,-6.560,-7.010,-1.077,0,0
139419,3,3.04,-8.97,-6.541,-7.044,-1.097,0,0
139471,3,2.83,0.00,-6.555,-7.020,-1.092,0,0
139522,3,2.46,-6.13,-6.570,-7.015,-1.125,0,0
139574,3,2.27,0.00,-6.570,-7.020,-1.087,0,0
139625,3,1.95,-5.63,-6.584,-7.020,-1.120,0,0
139677,3,1.82,-5.27,-6.570,-7.010,-1.111,0,0
139728,3,1.70,0.00,-6.579,-7.044,-1.087,0,0
139780,3,1.47,-4.38,-6.565,-7.029,-1.087,0,0
139831,3,1.35,0.00,-6.555,-7.025,-1.087,0,0
139883,3,1.15,-4.61,-6.555,-7.005,-1.092,0,0
139934,3,1.07,-3.26,-6.565,-7.049,-1.092,0,0
139984,3,0.99,0.00,-6.522,-7.049,-1.073,0,0
140034,3,0.85,-3.26,-6.536,-7.049,-1.092,0,0
140085,3,0.81,-1.83,-6.579,-7.058,-1.120,0,0
140134,3,0.72,0.00,-6.618,-7.039,-1.106,0,0
140186,3,0.61,-2.20,-6.507,-7.101,-1.039,0,0
140236,3,0.57,-1.68,-6.483,-7.125,-0.982,0,0
140288,3,0.55,-0.73,-6.531,-7.149,-0.996,0,0
140339,3,0.50,0.00,-6.713,-7.187,-1.087,0,0
140391,3,0.41,-0.34,-6.565,-7.379,-0.867,0,0
140442,3,0.35,-2.18,-5.641,-7.681,-0.441,0,0
140494,3,0.30,-0.24,-5.397,-8.250,-0.091,0,0
140545,3,0.25,-2.33,-5.100,-8.619,0.546,0,0
140597,3,0.22,0.00,-5.191,-8.624,1.499,0,0
140648,3,0.14,-2.20,-4.946,-8.633,2.361,0,0
140700,3,0.12,0.00,-4.209,-8.327,2.581,0,0
140751,3,0.09,-1.56,-3.467,-7.925,2.102,0,0
140803,3,0.07,-0.84,-3.361,-7.954,1.595,0,0
140855,3,0.04,-0.34,-3.955,-8.423,1.221,0,0
140905,3,0.01,-0.91,-4.798,-8.815,1.211,0,0
140955,3,-0.01,0.00,-5.104,-8.940,1.484,0,0
141005,3,-0.03,-0.35,-4.597,-8.806,1.834,0,0
141056,3,-0.03,-0.24,-3.754,-8.614,2.112,0,0
141106,3,-0.04,-0.30,-3.290,-8.428,2.227,0,0
141157,3,-0.04,0.15,-3.558,-8.289,2.107,0,0
141209,3,-0.05,0.00,-4.271,-8.289,1.844,0,0
141259,3,-0.04,0.07,-4.803,-8.509,1.571,0,0
141311,3,-0.09,-0.89,-4.664,-8.720,1.331,0,0
141361,3,-0.09,0.00,-4.175,-8.935,1.283,0,0
141413,3,-0.08,-0.36,-3.836,-9.002,1.690,0,0
141464,3,-0.10,-0.86,-3.998,-8.897,2.236,0,0
141516,3,-0.12,0.00,-4.338,-8.629,2.490,0,0
141567,3,-0.15,-0.78,-4.439,-8.543,2.303,0,0
141619,3,-0.17,0.00,-4.276,-8.748,1.800,0,0
141670,3,-0.15,-0.88,-4.080,-8.930,1.298,0,0
141722,3,-0.12,0.00,-4.152,-8.950,1.216,0,0
141773,3,-0.16,-0.86,-4.415,-8.724,1.518,0,0
141825,3,-0.16,-0.34,-4.587,-8.581,2.030,0,0
141874,3,-0.14,0.52,-4.396,-8.528,2.370,0,0
141924,3,-0.16,0.52,-3.869,-8.523,2.298,0,0
141975,3,-0.18,-1.33,-3.587,-8.533,1.925,0,0
142025,3,-0.17,1.04,-3.874,-8.557,1.604,0,0
142077,3,-0.20,-0.82,-4.544,-8.648,1.437,0,0
142129,3,-0.19,0.00,-4.956,-8.672,1.499,0,0
142181,3,-0.19,-0.86,-4.693,-8.734,1.681,0,0
142231,3,-0.19,0.00,-3.989,-8.633,1.896,0,0
142282,3,-0.17,-0.34,-3.405,-8.274,2.049,0,0
142334,3,-0.18,0.00,-3.519,-8.064,2.097,0,0
142385,3,-0.15,0.60,-4.166,-8.207,2.045,0,0
142437,3,-0.17,-0.86,-4.664,-8.480,1.805,0,0
142489,3,-0.18,-0.82,-4.726,-8.859,1.475,0,0
142540,3,-0.20,-0.74,-4.391,-9.141,1.365,0,0
142592,3,-0.19,0.00,-3.994,-8.950,1.590,0,0
142643,3,-0.20,0.52,-4.056,-8.653,2.011,0,0
142695,3,-0.17,1.01,-4.305,-8.432,2.337,0,0
142746,3,-0.20,-0.34,-4.401,-8.466,2.332,0,0
142798,3,-0.22,-0.86,-4.142,-8.533,1.915,0,0
142849,3,-0.21,0.00,-3.917,-8.562,1.475,0,0
142902,3,-0.24,-0.36,-4.046,-8.681,1.298,0,0
142952,3,-0.26,-0.88,-4.420,-8.662,1.475,0,0
143002,3,-0.25,0.00,-4.741,-8.748,1.906,0,0
143053,3,-0.26,-0.88,-4.688,-8.978,2.289,0,0
143103,3,-0.27,-0.22,-4.391,-9.428,2.437,0,0
143154,3,-0.29,-0.86,-4.204,-9.835,2.279,0,0
143206,3,-0.26,0.00,-4.276,-9.218,1.853,0,0
143257,3,-0.29,-0.34,-4.199,-8.045,1.513,0,0
143309,3,-0.25,0.62,-4.147,-7.412,1.369,0,0
143361,3,-0.27,-0.86,-4.080,-7.652,1.480,0,0
143411,3,-0.27,0.00,-3.979,-8.380,1.724,0,0
143462,3,-0.30,-0.82,-3.788,-8.873,2.021,0,0
143514,3,-0.28,0.00,-4.022,-9.017,2.294,0,0
143566,3,-0.31,0.48,-4.511,-8.930,2.289,0,0
143617,3,-0.31,0.00,-4.745,-8.839,1.944,0,0
143669,3,-0.29,0.52,-4.487,-8.662,1.599,0,0
143720,3,-0.31,0.00,-4.041,-8.566,1.379,0,0
143772,3,-0.35,-0.86,-3.778,-8.356,1.456,0,0
143823,3,-0.34,0.52,-3.639,-7.733,1.676,0,0
143875,3,-0.35,0.00,-3.663,-7.230,1.935,0,0
143926,3,-0.32,0.56,-4.027,-7.762,2.164,0,0
143976,3,-0.34,-0.89,-4.319,-8.811,2.179,0,0
144026,3,-0.34,0.00,-4.338,-9.510,1.901,0,0
144078,3,-0.33,-0.36,-4.472,-9.744,1.638,0,0
144130,3,-0.33,0.00,-4.688,-9.275,1.614,0,0
144181,3,-0.33,1.04,-4.683,-8.629,1.820,0,0
144233,3,-0.34,-0.34,-4.353,-8.265,1.997,0,0
144285,3,-0.36,0.00,-3.840,-8.193,2.040,0,0
144335,3,-0.33,1.04,-3.572,-8.380,2.025,0,0
144386,3,-0.33,0.97,-3.788,-8.581,1.896,0,0
144438,3,-0.33,-0.30,-4.262,-8.495,1.729,0,0
144489,3,-0.34,0.00,-4.578,-8.322,1.618,0,0
144541,3,-0.32,1.04,-4.587,-8.471,1.614,0,0
144593,3,-0.33,0.00,-4.257,-8.772,1.705,0,0
144644,3,-0.33,-0.34,-3.759,-8.624,1.872,0,0
144696,3,-0.30,1.01,-3.721,-8.380,2.069,0,0
144747,3,-0.32,-0.34,-4.166,-8.423,2.145,0,0
144799,3,-0.33,-0.26,-4.654,-8.768,2.083,0,0
144850,3,-0.30,0.00,-4.774,-9.170,1.815,0,0
144900,3,-0.31,0.52,-4.353,-9.136,1.489,0,0
144951,3,-0.31,-0.32,-4.104,-9.007,1.523,0,0
145001,3,-0.29,0.00,-4.147,-8.739,1.796,0,0
145051,3,-0.27,1.09,-4.300,-8.456,2.126,0,0
145103,3,-0.26,0.52,-4.329,-8.341,2.227,0,0
145154,3,-0.26,0.56,-4.166,-8.528,2.078,0,0
145205,3,-0.26,0.00,-4.099,-9.002,1.834,0,0
145256,3,-0.27,0.48,-4.243,-9.261,1.614,0,0
145308,3,-0.30,-0.82,-4.606,-9.151,1.623,0,0
145358,3,-0.28,0.19,-4.760,-8.854,1.796,0,0
145410,3,-0.27,0.00,-4.506,-8.514,1.982,0,0
145460,3,-0.30,-1.34,-3.984,-8.404,2.030,0,0
145511,3,-0.30,0.00,-3.567,-8.274,1.982,0,0
145563,3,-0.29,0.00,-3.572,-8.107,1.829,0,0
145615,3,-0.30,0.00,-4.080,-8.255,1.753,0,0
145666,3,-0.30,-0.52,-4.693,-8.624,1.738,0,0
145718,3,-0.28,0.52,-4.860,-9.074,1.733,0,0
145769,3,-0.29,1.01,-4.424,-9.131,1.753,0,0
145821,3,-0.32,-0.86,-3.950,-8.911,1.877,0,0
145873,3,-0.30,0.00,-3.735,-8.313,1.978,0,0
145923,3,-0.30,-0.88,-3.941,-8.001,2.069,0,0
145973,3,-0.28,0.52,-4.276,-8.164,2.011,0,0
146024,3,-0.26,0.00,-4.477,-8.715,1.839,0,0
146074,3,-0.26,0.00,-4.405,-9.155,1.604,0,0
146125,3,-0.29,-0.86,-4.056,-8.878,1.518,0,0
146177,3,-0.31,0.00,-3.970,-8.375,1.695,0,0
146228,3,-0.32,-0.86,-4.137,-8.083,1.930,0,0
146280,3,-0.29,0.00,-4.281,-8.231,2.136,0,0
146332,3,-0.29,0.52,-4.223,-8.638,2.112,0,0
146382,3,-0.29,0.00,-4.171,-9.141,1.958,0,0
146433,3,-0.27,1.01,-4.262,-9.337,1.757,0,0
146485,3,-0.27,0.00,-4.439,-8.945,1.671,0,0
146537,3,-0.28,-0.86,-4.592,-8.600,1.738,0,0
146588,3,-0.28,0.19,-4.357,-8.241,1.805,0,0
146640,3,-0.26,-0.34,-3.826,-7.968,1.848,0,0
146691,3,-0.25,0.52,-3.663,-8.322,1.963,0,0
146743,3,-0.27,0.00,-3.950,-8.806,1.997,0,0
146794,3,-0.22,1.56,-4.492,-9.055,1.987,0,0
146846,3,-0.23,-1.30,-4.946,-9.208,1.906,0,0
146896,3,-0.23,-0.88,-4.827,-9.136,1.748,0,0
146946,3,-0.19,1.61,-4.324,-8.964,1.705,0,0
146996,3,-0.19,0.00,-3.816,-8.495,1.757,0,0
147047,3,-0.16,-0.36,-3.740,-8.198,1.858,0,0
147099,3,-0.17,-0.36,-4.008,-8.150,2.021,0,0
147150,3,-0.14,0.00,-4.391,-8.466,2.073,0,0
147202,3,-0.15,0.56,-4.424,-8.739,1.887,0,0
147252,3,-0.12,1.01,-4.190,-8.815,1.638,0,0
147304,3,-0.18,-0.88,-3.998,-8.677,1.537,0,0
147355,3,-0.18,0.00,-4.180,-8.686,1.695,0,0
147405,3,-0.19,-0.11,-4.405,-8.605,1.958,0,0
147457,3,-0.16,0.00,-4.477,-8.667,2.145,0,0
147509,3,-0.16,0.00,-4.199,-8.610,2.083,0,0
147559,3,-0.16,0.00,-3.869,-8.557,1.848,0,0
147610,3,-0.16,0.00,-3.855,-8.557,1.686,0,0
147662,3,-0.12,1.01,-4.199,-8.576,1.628,0,0
147713,3,-0.13,1.13,-4.472,-8.456,1.724,0,0
147765,3,-0.14,0.00,-4.396,-8.370,1.796,0,0
147817,3,-0.11,0.48,-4.113,-8.475,1.887,0,0
147868,3,-0.13,-0.82,-3.960,-8.882,1.992,0,0
147919,3,-0.09,0.52,-4.089,-9.079,2.035,0,0
147969,3,-0.11,-0.84,-4.420,-9.026,1.992,0,0
148019,3,-0.09,0.00,-4.654,-8.863,1.853,0,0
148069,3,-0.12,0.56,-4.530,-8.643,1.733,0,0
148121,3,-0.16,-1.38,-4.108,-8.442,1.580,0,0
148172,3,-0.15,0.00,-3.778,-8.332,1.652,0,0
148224,3,-0.12,0.52,-3.883,-8.437,1.834,0,0
148275,3,-0.15,-1.38,-4.223,-8.595,2.073,0,0
148327,3,-0.15,0.00,-4.477,-8.696,2.083,0,0
148379,3,-0.15,0.00,-4.472,-8.844,1.920,0,0
148429,3,-0.14,0.52,-4.281,-8.983,1.776,0,0
148480,3,-0.15,-0.52,-4.104,-8.897,1.599,0,0
148532,3,-0.16,-0.34,-4.099,-8.538,1.690,0,0
148583,3,-0.16,0.00,-4.156,-8.183,1.815,0,0
148635,3,-0.16,0.00,-4.233,-8.226,1.949,0,0
148687,3,-0.18,-0.52,-4.156,-8.552,2.006,0,0
148738,3,-0.18,0.00,-4.123,-9.026,1.939,0,0
148790,3,-0.15,-0.52,-4.209,-9.227,1.829,0,0
148841,3,-0.15,0.00,-4.420,-8.997,1.753,0,0
148893,3,-0.14,0.00,-4.482,-8.523,1.719,0,0
148944,3,-0.11,1.97,-4.271,-8.155,1.681,0,0
148994,3,-0.11,0.00,-3.922,-8.045,1.724,0,0
149045,3,-0.11,0.00,-3.668,-8.102,1.800,0,0
149096,3,-0.09,0.00,-3.850,-8.471,1.920,0,0
149148,3,-0.09,0.00,-4.324,-8.897,2.021,0,0
149199,3,-0.08,-0.48,-4.760,-9.141,1.939,0,0
149251,3,-0.08,0.00,-4.764,-9.127,1.848,0,0
149302,3,-0.10,0.00,-4.338,-8.935,1.709,0,0
149353,3,-0.10,0.00,-4.032,-8.768,1.686,0,0
149404,3,-0.10,0.78,-3.994,-8.547,1.844,0,0
149457,3,-0.13,-0.39,-4.065,-8.260,1.949,0,0
149508,3,-0.16,-1.01,-4.185,-8.274,1.973,0,0
149560,3,-0.15,0.00,-4.295,-8.610,1.915,0,0
149610,3,-0.18,-1.04,-4.219,-8.945,1.757,0,0
149661,3,-0.17,0.00,-4.195,-9.007,1.633,0,0
149713,3,-0.25,-1.49,-4.329,-8.868,1.729,0,0
149765,3,-0.23,0.00,-4.372,-8.590,1.834,0,0
149816,3,-0.29,-1.01,-4.290,-8.418,1.920,0,0
149868,3,-0.26,0.82,-4.085,-8.456,1.949,0,0
149918,3,-0.26,0.00,-3.912,-8.619,1.858,0,0
149968,3,-0.24,-0.56,-4.003,-8.763,1.791,0,0
150019,3,-0.27,-1.04,-4.295,-8.906,1.748,0,0
150069,3,-0.25,0.00,-4.544,-8.806,1.772,0,0
150120,3,-0.27,-0.48,-4.472,-8.667,1.748,0,0
150172,3,-0.25,0.00,-4.166,-8.538,1.800,0,0
150224,3,-0.26,0.30,-3.898,-8.576,1.820,0,0
150275,3,-0.27,-0.52,-3.879,-8.566,1.882,0,0
150327,3,-0.26,0.00,-4.185,-8.633,1.915,0,0
150378,3,-0.28,-1.04,-4.444,-8.696,1.867,0,0
150430,3,-0.27,0.00,-4.448,-8.772,1.705,0,0
150481,3,-0.26,-0.56,-4.238,-8.835,1.628,0,0
150532,3,-0.26,0.00,-4.037,-8.748,1.666,0,0
150583,3,-0.30,-0.97,-4.037,-8.605,1.786,0,0
150635,3,-0.27,0.00,-4.204,-8.475,1.906,0,0
150686,3,-0.28,-1.01,-4.281,-8.480,1.944,0,0
150738,3,-0.27,0.36,-4.214,-8.566,1.834,0,0
150789,3,-0.27,0.82,-4.104,-8.758,1.676,0,0
150841,3,-0.29,-0.48,-4.099,-8.878,1.604,0,0
150891,3,-0.28,0.00,-4.233,-8.792,1.705,0,0
150941,3,-0.32,-0.52,-4.357,-8.562,1.824,0,0
150991,3,-0.30,0.76,-4.329,-8.466,1.901,0,0
151042,3,-0.33,0.00,-4.185,-8.633,1.891,0,0
151091,3,-0.29,1.45,-4.037,-8.763,1.848,0,0
151143,3,-0.30,-0.48,-4.041,-8.839,1.810,0,0
151194,3,-0.30,0.00,-4.228,-8.715,1.753,0,0
151246,3,-0.30,0.00,-4.415,-8.595,1.724,0,0
151296,3,-0.32,-0.52,-4.377,-8.547,1.733,0,0
151348,3,-0.28,1.45,-4.238,-8.672,1.738,0,0
151399,3,-0.28,0.00,-4.041,-8.787,1.824,0,0
151451,3,-0.28,0.00,-4.037,-8.710,1.882,0,0
151541,3,-0.26,0.25,-4.338,-8.543,1.872,0,0
151591,3,-0.26,0.00,-4.362,-8.533,1.729,0,0
151642,3,1.06,49.15,-4.252,-8.672,1.690,0,0
151694,3,2.29,0.00,-4.113,-8.753,1.666,0,0
151746,3,4.52,39.63,-4.132,-8.753,1.796,0,0
151797,3,5.51,36.74,-4.300,-8.653,1.935,0,0
151849,3,6.41,0.00,-4.405,-8.566,1.949,0,0
151899,3,8.04,31.10,-4.314,-8.562,1.853,0,0
151949,3,7.51,0.00,-4.132,-8.648,1.724,0,0
151999,3,6.60,-17.55,-4.056,-8.691,1.633,0,0
152049,3,6.18,-16.80,-4.175,-8.686,1.676,0,0
152101,3,5.79,0.00,-4.362,-8.629,1.753,0,0
152152,3,5.02,-14.22,-4.463,-8.624,1.896,0,0
152204,3,4.74,-10.47,-4.310,-8.643,1.896,0,0
152256,3,4.40,0.00,-4.070,-8.686,1.834,0,0
152307,3,3.83,-11.83,-3.989,-8.667,1.757,0,0
152359,3,3.62,0.00,-4.156,-8.610,1.762,0,0
152410,3,3.13,-8.83,-4.420,-8.586,1.733,0,0
152462,3,2.94,-6.93,-4.468,-8.619,1.724,0,0
152512,3,2.76,-6.56,-4.314,-8.672,1.705,0,0
152564,3,2.56,0.00,-4.094,-8.705,1.776,0,0
152615,3,2.24,-6.22,-4.080,-8.691,1.867,0,0
152667,3,2.08,-6.11,-4.233,-8.614,1.896,0,0
152718,3,1.79,-6.09,-4.381,-8.566,1.896,0,0
152770,3,1.68,-4.36,-4.396,-8.595,1.800,0,0
152821,3,1.56,0.00,-4.238,-8.648,1.671,0,0
152873,3,1.37,-3.52,-4.161,-8.691,1.681,0,0
152923,3,1.28,-3.68,-4.195,-8.696,1.776,0,0
152974,3,1.22,0.00,-4.362,-8.667,1.896,0,0
153024,3,1.10,-2.61,-4.434,-8.633,1.978,0,0
153073,3,1.07,-1.17,-4.319,-8.633,1.877,0,0
153125,3,0.94,-1.69,-4.161,-8.653,1.781,0,0
153176,3,0.91,-1.04,-4.128,-8.720,1.719,0,0
153228,3,0.87,0.00,-4.266,-8.710,1.705,0,0
153280,3,0.80,-1.69,-4.458,-8.701,1.776,0,0
153330,3,0.78,-0.86,-4.511,-8.792,1.872,0,0
153381,3,0.76,-0.71,-4.391,-8.935,1.958,0,0
153433,3,0.67,0.00,-4.233,-9.050,1.930,0,0
153484,3,0.63,-0.82,-4.396,-9.376,1.968,0,0
153536,3,0.58,-1.66,-4.822,-9.706,1.978,0,0
153606,3,0.56,-0.28,-4.731,-8.959,1.781,0,0
153657,3,0.54,0.00,-4.219,-8.241,1.647,0,0
153708,3,0.51,-0.74,-3.888,-8.112,1.647,0,0
153759,3,0.50,-0.50,-3.773,-8.126,1.705,0,0
153811,3,0.44,0.00,-3.874,-8.021,1.796,0,0
153862,3,0.44,0.00,-4.137,-8.135,1.853,0,0
153913,3,0.42,0.00,-4.578,-8.801,1.915,0,0
153963,3,0.36,-1.07,-4.673,-9.290,1.858,0,0
154013,3,0.35,-0.56,-4.611,-9.644,1.829,0,0
154063,3,0.33,0.00,-4.908,-10.367,2.059,0,0
154115,3,0.30,-0.52,-5.296,-10.649,2.327,0,0
154166,3,0.28,-0.50,-5.013,-9.716,2.265,0,0
154218,3,0.28,0.00,-4.266,-8.471,1.887,0,0
154269,3,0.28,0.00,-3.931,-8.231,1.681,0,0
154321,3,0.30,0.00,-4.453,-9.452,1.844,0,0
154372,3,0.25,0.00,-5.253,-10.745,2.093,0,0
154424,3,0.27,0.88,-5.195,-10.104,2.131,0,0
154476,3,0.25,0.00,-3.778,-7.523,1.709,0,0
154526,3,0.25,0.00,-2.552,-5.440,1.235,0,0
154577,3,0.26,0.00,-2.212,-4.980,1.053,0,0
154629,3,0.27,0.52,-2.763,-6.225,1.322,0,0
154680,3,0.30,0.00,-4.003,-8.547,1.690,0,0
154732,3,0.26,-1.86,-5.176,-10.324,2.045,0,0
154784,3,0.28,0.00,-5.602,-10.879,2.174,0,0
154835,3,0.30,-0.28,-5.262,-10.568,2.179,0,0
154887,3,0.31,0.50,-4.501,-9.682,2.054,0,0
154938,3,0.34,0.00,-3.682,-8.112,1.733,0,0
154988,3,0.34,0.00,-2.844,-6.206,1.374,0,0
155038,3,0.35,0.58,-2.557,-5.334,1.192,0,0
155090,3,0.32,0.00,-3.098,-6.091,1.279,0,0
155141,3,0.32,0.00,-3.788,-7.527,1.489,0,0
155193,3,0.32,0.00,-4.147,-8.648,1.633,0,0
155244,3,0.32,-1.01,-4.305,-9.290,1.810,0,0
155296,3,0.31,0.00,-4.424,-9.323,2.011,0,0
155347,3,0.36,0.00,-4.310,-8.638,1.973,0,0
155398,3,0.36,0.00,-4.252,-8.370,1.887,0,0
155449,3,0.34,-0.52,-4.736,-9.558,1.982,0,0
155501,3,0.36,0.52,-4.990,-10.506,1.978,0,0
155552,3,0.36,0.00,-4.860,-10.281,1.949,0,0
155604,3,0.39,1.34,-5.047,-10.190,2.140,0,0
155654,3,0.43,0.56,-5.057,-9.692,2.246,0,0
155704,3,0.43,0.00,-4.492,-9.050,2.021,0,0
155756,3,0.40,-0.54,-4.171,-8.677,1.882,0,0
155807,3,0.39,0.00,-3.874,-8.370,1.623,0,0
155859,3,0.37,-0.47,-3.290,-7.168,1.274,0,0
155909,3,0.37,0.00,-3.309,-6.594,1.360,0,0
155959,3,0.39,0.00,-3.496,-6.790,1.360,0,0
156010,3,0.37,0.00,-3.424,-6.862,1.413,0,0
156059,3,0.37,0.00,-3.524,-7.336,1.566,0,0
156111,3,0.36,0.00,-4.314,-9.270,1.939,0,0
156162,3,0.32,-1.36,-4.544,-9.663,1.997,0,0
156214,3,0.32,0.00,-3.812,-7.796,1.657,0,0
156266,3,0.35,-0.52,-3.610,-7.159,1.441,0,0
156317,3,0.35,0.00,-4.764,-9.280,1.805,0,0
156369,3,0.32,-0.50,-5.138,-10.482,2.016,0,0
156420,3,0.31,-0.50,-4.664,-9.984,1.963,0,0
156472,3,0.32,0.00,-4.554,-9.567,2.045,0,0
156522,3,0.32,0.00,-4.228,-8.495,1.867,0,0
156574,3,0.32,0.00,-3.979,-7.872,1.676,0,0
156625,3,0.31,-0.50,-3.960,-8.006,1.609,0,0
156677,3,0.34,0.00,-4.032,-8.490,1.575,0,0
156728,3,0.34,-0.52,-4.190,-8.887,1.657,0,0
156780,3,0.34,0.00,-4.386,-8.959,1.800,0,0
156831,3,0.32,-1.36,-4.458,-8.777,1.887,0,0
156883,3,0.32,0.00,-4.319,-8.552,1.853,0,0
156934,3,0.33,0.00,-4.147,-8.590,1.791,0,0
156984,3,0.36,1.06,-3.989,-8.557,1.700,0,0
157034,3,0.36,0.00,-3.989,-8.485,1.618,0,0
157086,3,0.37,0.00,-4.290,-8.653,1.671,0,0
157138,3,0.41,0.50,-4.424,-8.614,1.705,0,0
157189,3,0.41,0.00,-4.420,-8.705,1.748,0,0
157241,3,0.38,-0.82,-4.228,-8.772,1.762,0,0
157292,3,0.41,0.99,-3.998,-8.557,1.748,0,0
157344,3,0.43,1.01,-4.065,-8.547,1.762,0,0
157394,3,0.43,0.00,-4.295,-8.581,1.757,0,0
157446,3,0.40,-0.34,-4.453,-8.624,1.724,0,0
157497,3,0.43,1.04,-4.420,-8.748,1.671,0,0
157549,3,0.42,0.00,-4.276,-8.815,1.666,0,0
157600,3,0.41,0.00,-4.152,-8.710,1.719,0,0
157652,3,0.44,0.00,-4.152,-8.499,1.772,0,0
157703,3,0.44,0.07,-4.262,-8.394,1.815,0,0
157755,3,0.46,0.00,-4.310,-8.475,1.791,0,0
157806,3,0.45,0.00,-4.305,-8.758,1.709,0,0
157857,3,0.42,-0.82,-4.247,-8.882,1.647,0,0
157907,3,0.42,0.00,-4.262,-8.868,1.652,0,0
157957,3,0.39,0.00,-4.343,-8.715,1.762,0,0
158007,3,0.40,0.54,-4.386,-8.538,1.820,0,0
158057,3,0.42,0.52,-4.276,-8.461,1.796,0,0
158109,3,0.43,0.00,-4.094,-8.485,1.724,0,0
158160,3,0.39,0.00,-4.061,-8.619,1.709,0,0
158212,3,0.37,-0.84,-4.190,-8.691,1.714,0,0
158264,3,0.37,0.00,-4.453,-8.768,1.729,0,0
158315,3,0.35,-0.86,-4.669,-8.988,1.781,0,0
158367,3,0.35,0.00,-4.266,-8.495,1.695,0,0
158418,3,0.40,1.86,-3.654,-7.652,1.532,0,0
158470,3,0.38,0.00,-3.596,-7.633,1.571,0,0
158521,3,0.39,0.00,-3.768,-7.848,1.633,0,0
158573,3,0.39,0.00,-4.559,-9.060,1.877,0,0
158624,3,0.39,0.00,-5.262,-10.281,2.045,0,0
158675,3,0.39,0.00,-5.219,-10.467,2.016,0,0
158726,3,0.40,0.52,-4.587,-9.529,1.848,0,0
158778,3,0.42,0.50,-3.893,-8.097,1.647,0,0
158829,3,0.43,0.52,-3.481,-7.149,1.542,0,0
158881,3,0.43,0.00,-3.606,-7.221,1.556,0,0
158932,3,0.43,0.00,-4.051,-8.059,1.652,0,0
158982,3,0.43,0.00,-4.487,-9.141,1.810,0,0
159032,3,0.44,0.54,-4.760,-9.912,1.867,0,0
159084,3,0.44,0.00,-4.827,-9.888,1.911,0,0
159136,3,0.46,0.48,-4.554,-9.031,1.867,0,0
159187,3,0.46,0.00,-4.094,-8.078,1.733,0,0
159239,3,0.44,0.00,-3.735,-7.590,1.575,0,0
159290,3,0.41,0.00,-3.711,-7.810,1.580,0,0
159342,3,0.41,0.00,-4.056,-8.509,1.681,0,0
159394,3,0.41,0.00,-4.559,-9.261,1.800,0,0
159445,3,0.40,-0.52,-4.884,-9.567,1.867,0,0
159497,3,0.40,0.00,-4.774,-9.337,1.887,0,0
159547,3,0.40,0.00,-4.266,-8.681,1.753,0,0
159598,3,0.41,0.00,-3.788,-7.963,1.590,0,0
159650,3,0.37,-1.43,-3.697,-7.805,1.590,0,0
159702,3,0.37,0.00,-4.051,-8.246,1.671,0,0
159752,3,0.39,0.19,-4.506,-8.863,1.772,0,0
159803,3,0.39,0.00,-4.726,-9.270,1.762,0,0
159855,3,0.37,-0.47,-4.597,-9.299,1.791,0,0
159905,3,0.34,0.00,-4.252,-8.849,1.772,0,0
159955,3,0.39,0.50,-4.051,-8.380,1.748,0,0
160005,3,0.39,0.00,-3.989,-8.088,1.729,0,0
160058,3,0.39,0.00,-4.113,-8.188,1.709,0,0
160108,3,0.40,0.52,-4.319,-8.590,1.671,0,0
160160,3,0.41,0.50,-4.386,-8.983,1.700,0,0
160211,3,0.39,-0.82,-4.396,-9.098,1.748,0,0
160263,3,0.39,0.00,-4.415,-8.983,1.810,0,0
160314,3,0.42,0.50,-4.305,-8.543,1.844,0,0
160366,3,0.42,0.00,-4.128,-8.222,1.762,0,0
160417,3,0.43,0.54,-4.013,-8.236,1.657,0,0
160469,3,0.45,0.48,-4.080,-8.471,1.647,0,0
160520,3,0.41,-1.36,-4.310,-8.930,1.686,0,0
160572,3,0.41,0.00,-4.482,-9.021,1.743,0,0
160624,3,0.42,0.00,-4.501,-8.806,1.762,0,0
160675,3,0.40,-1.34,-4.329,-8.543,1.772,0,0
160727,3,0.43,1.01,-4.104,-8.432,1.772,0,0
160777,3,0.43,0.00,-4.027,-8.456,1.767,0,0
160828,3,0.44,0.00,-4.175,-8.686,1.753,0,0
160880,3,0.43,-0.95,-4.511,-9.021,1.820,0,0
160931,3,0.45,0.58,-4.592,-8.964,1.776,0,0
160981,3,0.46,0.00,-4.439,-8.787,1.743,0,0
161031,3,0.49,0.54,-4.199,-8.638,1.724,0,0
161083,3,0.48,-0.36,-3.989,-8.384,1.719,0,0
161135,3,0.47,-0.80,-3.931,-8.188,1.743,0,0
161186,3,0.50,0.99,-4.175,-8.442,1.815,0,0
161238,3,0.48,0.00,-4.463,-8.830,1.848,0,0
161289,3,0.52,0.50,-4.535,-9.117,1.800,0,0
161341,3,0.53,0.52,-4.434,-9.112,1.705,0,0
161392,3,0.51,-1.21,-4.305,-8.940,1.733,0,0
161444,3,0.52,0.50,-4.113,-8.365,1.719,0,0
161496,3,0.54,0.00,-3.979,-7.939,1.719,0,0
161547,3,0.53,0.52,-4.041,-8.121,1.753,0,0
161599,3,0.53,0.00,-4.075,-8.442,1.738,0,0
161649,3,0.53,0.00,-4.128,-8.677,1.700,0,0
161700,3,0.53,0.00,-4.319,-8.954,1.743,0,0
161752,3,0.49,0.00,-4.496,-9.079,1.800,0,0
161801,3,0.49,0.00,-4.520,-8.926,1.781,0,0
161853,3,0.53,1.38,-4.343,-8.715,1.772,0,0
161903,3,0.49,0.00,-4.056,-8.428,1.714,0,0
161953,3,0.50,-0.56,-3.946,-8.351,1.676,0,0
162003,3,0.50,0.00,-4.161,-8.633,1.753,0,0
162056,3,0.49,0.00,-4.314,-8.744,1.767,0,0
162107,3,0.48,0.89,-4.453,-8.830,1.705,0,0
162158,3,0.46,-1.01,-4.468,-8.973,1.695,0,0
162209,3,0.44,-0.50,-4.310,-8.892,1.705,0,0
162261,3,0.41,0.00,-4.108,-8.586,1.714,0,0
162312,3,0.42,-0.54,-4.032,-8.284,1.748,0,0
162364,3,0.46,0.00,-4.061,-8.169,1.733,0,0
162415,3,0.45,0.80,-4.041,-8.135,1.652,0,0
162467,3,0.44,-0.47,-4.046,-8.327,1.609,0,0
162519,3,0.43,0.00,-4.228,-8.835,1.652,0,0
162570,3,0.43,0.82,-4.487,-9.199,1.753,0,0
162622,3,0.42,0.00,-4.583,-9.194,1.848,0,0
162673,3,0.42,-1.01,-4.453,-8.868,1.872,0,0
162725,3,0.42,0.34,-4.281,-8.657,1.796,0,0
162775,3,0.41,-0.54,-4.104,-8.576,1.709,0,0
162827,3,0.40,0.00,-4.147,-8.672,1.676,0,0
162878,3,0.45,0.00,-4.348,-8.825,1.686,0,0
162929,3,0.48,1.45,-4.420,-8.739,1.671,0,0
162979,3,0.47,0.00,-4.377,-8.562,1.681,0,0
163029,3,0.51,0.00,-4.195,-8.423,1.662,0,0
163081,3,0.49,-0.54,-4.075,-8.452,1.657,0,0
163133,3,0.49,0.00,-4.108,-8.562,1.690,0,0
163184,3,0.51,0.00,-4.271,-8.624,1.686,0,0
163236,3,0.52,0.00,-4.506,-8.863,1.714,0,0
163287,3,0.53,0.54,-4.827,-9.390,1.839,0,0
163339,3,0.52,-0.54,-4.903,-9.850,1.844,0,0
163390,3,0.55,0.47,-4.745,-9.759,1.877,0,0
163442,3,0.56,0.52,-4.563,-9.270,1.887,0,0
163494,3,0.52,0.00,-4.377,-8.614,1.781,0,0
163545,3,0.55,0.47,-4.535,-8.763,1.796,0,0
163597,3,0.53,0.00,-4.870,-9.562,1.810,0,0
163647,3,0.54,0.47,-4.755,-9.639,1.753,0,0
163699,3,0.54,0.00,-4.310,-8.777,1.709,0,0
163750,3,0.57,0.50,-3.926,-7.728,1.609,0,0
163802,3,0.58,0.50,-3.754,-7.254,1.532,0,0
163853,3,0.58,0.00,-3.725,-7.264,1.547,0,0
163903,3,0.60,0.00,-3.768,-7.647,1.528,0,0
163954,3,0.66,0.54,-4.070,-8.509,1.671,0,0
164004,3,0.68,0.54,-4.731,-9.692,1.935,0,0
164054,3,0.68,0.00,-5.291,-10.439,2.131,0,0
164104,3,0.70,0.99,-5.272,-10.185,2.102,0,0
164156,3,0.68,0.50,-4.429,-8.892,1.796,0,0
164207,3,0.69,0.52,-3.644,-7.609,1.523,0,0
164259,3,0.67,0.00,-3.361,-7.130,1.413,0,0
164310,3,0.73,1.02,-3.658,-7.561,1.528,0,0
164362,3,0.75,1.01,-4.199,-8.337,1.686,0,0
164413,3,0.78,0.58,-4.496,-8.844,1.810,0,0
164465,3,0.79,0.47,-4.472,-9.041,1.853,0,0
164516,3,0.78,0.00,-4.314,-8.973,1.829,0,0
164568,3,0.83,1.02,-4.156,-8.835,1.853,0,0
164620,3,0.85,0.00,-5.799,-11.847,2.466,0,0
164671,3,0.83,-1.34,-6.469,-12.704,2.614,0,0
164723,3,0.84,0.48,-5.737,-11.286,2.227,0,0
164773,3,0.81,-1.32,-4.769,-9.898,1.901,0,0
164824,3,0.82,0.00,-4.180,-8.859,1.757,0,0
164876,3,0.86,0.56,-3.898,-8.159,1.690,0,0
164927,3,0.89,1.11,-3.840,-7.690,1.662,0,0
164977,3,0.91,0.00,-4.017,-7.987,1.700,0,0
165027,3,0.92,1.09,-4.741,-9.524,1.920,0,0
165079,3,0.94,0.54,-5.526,-11.243,2.116,0,0
165131,3,0.96,0.00,-5.425,-11.439,2.212,0,0
165182,3,1.02,1.02,-4.659,-9.529,1.982,0,0
165234,3,1.06,0.00,-2.964,-6.057,1.365,0,0
165285,3,1.13,1.11,-0.953,-2.193,0.575,0,0
165337,3,1.17,1.53,-2.179,-4.372,0.924,0,0
165388,3,1.20,0.22,-6.598,-12.594,2.289,0,0
165440,3,1.24,1.49,-9.285,-19.005,3.510,0,0
165492,3,1.27,0.00,-7.585,-16.218,3.529,0,0
165543,3,1.33,1.53,-3.596,-7.882,1.968,0,0
165595,3,1.39,2.03,-1.039,-2.658,0.766,0,0
165645,3,1.41,0.65,-0.785,-1.958,0.575,0,0
165696,3,1.45,0.00,-2.121,-4.099,0.757,0,0
165748,3,1.56,2.21,-4.338,-8.040,1.010,0,0
165800,3,1.56,0.17,-5.373,-10.913,1.307,0,0
165851,3,1.61,0.19,-5.133,-11.578,2.045,0,0
165902,3,1.65,0.61,-4.879,-10.448,2.658,0,0
165953,3,1.70,1.07,-3.625,-7.211,2.164,0,0
166003,3,1.72,0.54,-3.045,-5.914,1.609,0,0
166056,3,1.73,0.00,-3.108,-6.517,1.164,0,0
166106,3,1.79,2.35,-3.151,-7.307,0.828,0,0
166157,3,1.84,1.04,-4.702,-10.693,1.034,0,0
166209,3,1.86,1.01,-6.814,-13.111,2.131,0,0
166261,3,1.93,0.00,-7.676,-13.388,3.405,0,0
166312,3,1.98,1.02,-5.531,-11.047,3.108,0,0
166364,3,2.00,0.00,-3.251,-8.246,2.045,0,0
166415,3,2.06,0.20,-2.533,-6.675,1.302,0,0
166467,3,2.10,1.51,-1.269,-6.689,1.489,0,0
166518,3,2.12,0.00,-2.207,-7.101,1.647,0,0
166570,3,2.22,2.07,-2.830,-6.517,1.724,0,0
166621,3,2.26,0.00,-3.625,-6.105,2.064,0,0
166673,3,2.32,1.51,-5.181,-7.508,2.543,0,0
166725,3,2.36,1.55,-5.535,-10.094,2.279,0,0
166775,3,2.42,2.01,-4.180,-11.540,1.561,0,0
166826,3,2.43,0.00,-3.405,-9.730,1.245,0,0
166878,3,2.52,1.55,-2.849,-5.775,1.293,0,0
166929,3,2.52,0.18,-1.508,-2.571,0.929,0,0
166979,3,2.56,0.00,-2.993,-4.099,1.834,0,0
167029,3,2.66,1.63,-6.464,-9.965,3.845,0,0
167081,3,2.66,0.18,-6.273,-16.668,3.529,0,0
167133,3,2.69,0.00,-5.310,-16.563,1.786,0,0
167212,3,2.74,1.22,-5.650,-7.896,1.935,0,0
167263,3,2.78,1.55,-5.133,-6.838,2.389,0,0
167314,3,3.57,0.00,-4.343,-8.203,2.705,0,0
167366,3,4.95,25.02,-2.452,-9.543,2.356,0,0
167417,3,5.56,24.13,-2.002,-8.413,1.523,0,0
167469,3,6.29,0.00,-2.935,-6.187,1.101,0,0
167521,3,7.93,31.12,-3.601,-5.018,1.173,0,0
167572,3,8.67,0.00,-4.602,-5.612,1.585,0,0
167624,3,9.01,-13.77,-5.171,-7.800,1.925,0,0
167675,3,8.69,-11.82,-3.218,-9.495,1.906,0,0
167727,3,8.04,-11.80,-1.666,-8.638,1.738,0,0
167779,3,7.76,-11.31,-2.207,-6.364,1.590,0,0
167830,3,7.50,0.00,-3.644,-5.986,1.935,0,0
167882,3,7.03,-8.40,-5.392,-7.092,2.500,0,0
167932,3,6.85,-6.94,-5.526,-8.768,2.318,0,0
167983,3,6.63,-4.40,-3.821,-10.597,1.494,0,0
168033,3,6.30,-7.53,-3.069,-11.847,1.441,0,0
168084,3,6.19,-4.41,-4.817,-10.740,2.145,0,0
168134,3,6.02,0.00,-6.804,-9.907,3.371,0,0
168184,3,5.78,-4.69,-7.025,-10.544,3.831,0,0
168235,3,5.66,-5.70,-4.688,-11.430,2.816,0,0
168286,3,5.57,-3.04,-2.701,-10.113,1.647,0,0
168337,3,5.49,0.00,-2.619,-6.914,1.087,0,0
168389,3,5.32,-3.02,-3.165,-5.248,1.159,0,0
168440,3,5.29,-1.16,-4.147,-5.468,1.666,0,0
168492,3,5.16,-1.79,-4.515,-6.388,2.040,0,0
168543,3,5.12,-1.66,-3.697,-7.819,2.107,0,0
168595,3,5.07,0.00,-2.586,-9.740,2.145,0,0
168647,3,4.95,-2.94,-3.179,-10.022,2.016,0,0
168698,3,4.90,0.00,-4.535,-7.824,1.997,0,0
168750,3,4.83,-1.68,-3.419,-4.669,1.556,0,0
168801,3,4.84,0.30,-5.622,-7.360,2.404,0,0
168853,3,4.77,-1.16,-8.298,-15.893,3.620,0,0
168903,3,4.74,-1.27,-5.464,-18.967,3.361,0,0
168953,3,4.74,-1.49,-5.152,-12.124,2.873,0,0
169003,3,4.79,2.13,-3.855,-5.684,2.016,0,0
169054,3,4.73,0.76,-3.610,-4.573,1.925,0,0
169104,3,4.71,-2.90,-4.544,-6.431,2.241,0,0
169155,3,4.70,-1.08,-3.883,-8.868,1.944,0,0
169207,3,4.74,1.19,-1.968,-8.514,1.216,0,0
169257,3,4.75,0.67,-1.662,-6.005,0.934,0,0
169309,3,4.76,0.20,-2.672,-5.449,1.231,0,0
169360,3,4.73,0.00,-4.937,-6.958,2.284,0,0
169412,3,4.75,0.19,-6.072,-8.696,2.916,0,0
169463,3,4.79,0.00,-3.888,-8.351,2.097,0,0
169515,3,4.80,0.30,-1.255,-5.449,1.082,0,0
169566,3,4.82,0.67,-0.876,-4.875,0.876,0,0
169618,3,4.85,-0.34,-1.662,-5.205,1.092,0,0
169669,3,4.86,0.19,-4.535,-8.030,2.126,0,0
169721,3,4.88,0.00,-9.874,-14.274,4.353,0,0
169773,3,4.92,0.76,-8.092,-16.041,3.840,0,0
169824,3,4.96,1.47,-3.792,-12.445,2.370,0,0
169876,3,4.97,0.19,-2.964,-8.030,1.753,0,0
169926,3,4.97,0.30,-4.482,-7.776,2.236,0,0
169977,3,4.98,0.00,-6.206,-8.921,2.935,0,0
170029,3,5.04,1.14,-4.726,-8.140,2.246,0,0
170081,3,5.08,1.53,-2.523,-6.862,1.403,0,0
170131,3,5.08,0.20,-1.671,-6.402,1.077,0,0
170182,3,5.09,0.17,-2.701,-7.834,1.480,0,0
170234,3,5.17,1.67,-5.775,-10.108,2.677,0,0
170286,3,5.16,-0.34,-6.584,-9.606,3.179,0,0
170337,3,5.22,0.00,-3.338,-5.986,1.887,0,0
170389,3,5.24,0.69,-0.905,-2.801,0.776,0,0
170440,3,5.30,0.00,-1.863,-8.447,1.628,0,0
170492,3,5.34,-0.22,-7.867,-20.159,4.262,0,0
170543,3,5.40,2.03,-12.464,-17.281,5.440,0,0
170595,3,5.42,0.71,-4.535,-6.790,2.198,0,0
170646,3,5.46,1.51,-1.073,-2.820,0.785,0,0
170698,3,5.50,0.00,-1.111,-5.124,1.015,0,0
170750,3,5.54,1.04,-1.508,-7.087,1.331,0,0
170800,3,5.54,0.00,-2.715,-6.445,1.595,0,0
170851,3,5.63,1.55,-4.305,-6.201,2.164,0,0
170901,3,5.62,0.00,-5.756,-7.068,2.787,0,0
170952,3,5.73,2.21,-5.875,-9.031,2.643,0,0
171002,3,5.77,1.57,-3.041,-8.629,1.772,0,0
171055,3,5.83,0.00,-1.231,-6.622,1.279,0,0
171106,3,5.87,0.19,-1.738,-5.823,1.393,0,0
171158,3,5.90,1.01,-2.643,-4.985,1.642,0,0
171209,3,5.92,-0.34,-7.412,-9.725,3.984,0,0
171261,3,5.96,1.51,-9.491,-14.969,4.688,0,0
171312,3,6.00,0.00,-4.420,-14.102,2.461,0,0
171364,3,6.09,1.51,-2.705,-9.337,1.475,0,0
171415,3,6.13,0.00,-4.559,-8.485,2.083,0,0
171467,3,6.16,1.55,-7.518,-10.046,3.601,0,0
171519,3,6.20,1.63,-5.420,-8.356,2.859,0,0
171570,3,6.24,0.00,-2.557,-6.838,1.757,0,0
171622,3,6.27,1.01,-1.470,-7.072,1.360,0,0
171672,3,6.30,1.01,-2.251,-7.666,1.413,0,0
171724,3,6.34,1.55,-4.836,-8.480,2.078,0,0
171775,3,6.38,0.00,-6.158,-7.958,2.787,0,0
171827,3,6.48,2.05,-2.394,-3.625,1.307,0,0
171878,3,6.52,0.00,-4.266,-8.720,2.461,0,0
171929,3,6.57,1.65,-5.995,-16.616,3.898,0,0
171979,3,6.61,1.65,-4.822,-10.822,2.552,0,0
172030,3,6.66,0.00,-4.041,-6.517,1.805,0,0
172087,3,6.76,1.32,-5.320,-7.408,2.188,0,0
172139,3,6.86,2.01,-4.080,-7.034,1.743,0,0
172190,3,6.87,0.69,-2.758,-7.211,1.465,0,0
172241,3,6.93,2.03,-2.437,-8.097,1.709,0,0
172292,3,7.00,2.53,-3.007,-7.499,1.958,0,0
172344,3,7.07,0.67,-4.894,-8.001,2.543,0,0
172395,3,7.13,2.03,-5.420,-7.748,2.433,0,0
172447,3,7.15,0.00,-3.519,-6.177,1.666,0,0
172498,3,7.20,0.69,-2.437,-6.258,1.465,0,0
172550,3,7.25,0.00,-2.203,-7.345,1.662,0,0
172602,3,7.28,0.65,-3.179,-8.155,2.164,0,0
172653,3,7.32,1.67,-4.860,-8.471,2.658,0,0
172705,3,7.38,0.00,-6.689,-9.965,3.050,0,0
172756,3,7.41,1.55,-5.990,-10.908,2.480,0,0
172808,3,7.44,0.00,-3.960,-10.491,1.863,0,0
172859,3,7.46,0.54,-3.318,-9.098,1.863,0,0
172912,3,7.47,0.56,-4.702,-9.151,2.581,0,0
172963,3,7.50,0.00,-6.574,-10.333,3.390,0,0
173013,3,7.51,-0.26,-6.005,-10.391,3.045,0,0
173063,3,7.53,1.09,-4.961,-11.430,2.605,0,0
173114,3,7.56,0.00,-2.854,-7.949,1.609,0,0
173165,3,7.57,0.52,-3.208,-7.436,1.638,0,0
173216,3,7.64,1.04,-5.880,-10.262,2.619,0,0
173268,3,7.63,-0.34,-5.090,-8.404,2.342,0,0
173319,3,7.66,0.00,-2.916,-5.732,1.528,0,0
173371,3,7.73,1.55,-2.878,-6.876,1.690,0,0
173422,3,7.72,0.00,-1.834,-5.047,1.250,0,0
173474,3,7.75,0.50,-1.719,-4.487,1.125,0,0
173526,3,7.78,1.01,-2.552,-5.411,1.432,0,0
173577,3,7.84,1.51,-4.080,-7.216,1.949,0,0
173629,3,7.86,0.54,-4.544,-7.872,2.093,0,0
173680,3,7.89,0.00,-3.189,-6.388,1.547,0,0
173732,3,7.89,-0.34,-4.128,-9.443,2.112,0,0
173783,3,7.93,0.00,-4.630,-10.496,2.500,0,0
173834,3,7.93,0.00,-4.166,-8.145,2.212,0,0
173886,3,7.96,0.00,-4.817,-8.341,2.476,0,0
173936,3,8.01,0.58,-4.812,-8.686,2.332,0,0
173986,3,8.04,1.09,-4.391,-9.256,2.121,0,0
174037,3,8.05,0.00,-4.544,-10.606,2.279,0,0
174088,3,8.08,0.52,-4.123,-8.768,2.160,0,0
174138,3,8.11,0.40,-4.918,-8.892,2.466,0,0
174190,3,8.12,0.50,-5.947,-10.228,2.887,0,0
174240,3,8.15,0.99,-4.717,-9.266,2.327,0,0
174292,3,8.16,0.56,-4.070,-9.376,2.088,0,0
174343,3,8.23,0.00,-3.917,-8.964,2.030,0,0
174395,3,8.22,0.50,-4.424,-8.452,2.184,0,0
174446,3,8.23,0.00,-4.506,-7.647,2.184,0,0
174498,3,8.20,-0.87,-4.391,-7.556,2.102,0,0
174549,3,8.23,0.99,-3.917,-7.858,1.987,0,0
174601,3,8.23,-0.35,-2.811,-6.694,1.628,0,0
174652,3,8.26,1.04,-2.911,-6.814,1.724,0,0
174704,3,8.29,0.00,-4.300,-8.499,2.313,0,0
174756,3,8.32,-0.34,-4.750,-8.068,2.040,0,0
174807,3,8.33,0.00,-7.302,-8.902,0.929,0,0
174859,3,8.37,-0.24,-19.652,2.251,-20.442,0,0
174909,3,8.40,1.13,-7.269,-15.974,6.172,0,0
174959,3,8.42,0.00,-3.970,-5.569,1.939,0,0
175010,3,8.46,1.05,-7.144,-9.088,2.198,0,0
175062,3,8.48,0.54,-7.336,-12.172,1.791,0,0
175113,3,8.48,0.00,-3.812,-10.860,1.872,0,0
175164,3,8.51,1.01,-2.380,-8.107,2.456,0,0
175215,3,8.55,1.01,-4.314,-9.419,4.137,0,0
175267,3,8.61,2.26,-5.329,-8.547,3.831,0,0
175318,3,8.61,0.00,-5.282,-8.662,2.485,0,0
175370,3,8.65,1.04,-4.851,-10.448,1.149,0,0
175421,3,8.66,0.00,-4.046,-10.218,0.709,0,0
175473,3,8.68,-0.22,-4.774,-9.974,1.719,0,0
175525,3,8.73,1.53,-5.545,-9.203,3.338,0,0
175576,3,8.77,0.00,-4.855,-8.255,3.893,0,0
175628,3,8.86,1.55,-3.266,-7.503,2.959,0,0
175679,3,8.87,0.00,-2.820,-8.418,2.097,0,0
175731,3,8.94,1.03,-3.256,-8.064,1.173,0,0
175781,3,8.94,0.00,-4.563,-7.891,1.053,0,0
175833,3,8.97,1.63,-4.946,-7.029,1.269,0,0
175885,3,9.01,0.00,-5.741,-8.499,2.375,0,0
175935,3,9.06,1.65,-3.591,-7.901,2.605,0,0
175985,3,9.11,2.17,-1.379,-5.076,1.839,0,0
176036,3,9.14,0.00,-1.250,-5.253,1.911,0,0
176087,3,9.16,-0.34,-2.816,-7.259,2.394,0,0
176139,3,9.18,1.04,-4.204,-6.785,1.987,0,0
176190,3,9.20,0.27,-6.388,-8.442,1.949,0,0
176242,3,9.22,0.00,-6.014,-9.371,1.499,0,0
176293,3,9.21,0.50,-3.342,-8.155,1.283,0,0
176345,3,9.24,1.03,-2.356,-8.140,2.049,0,0
176395,3,9.26,1.03,-1.949,-5.430,2.097,0,0
176446,3,9.30,1.32,-4.381,-7.738,3.725,0,0
176498,3,9.34,1.04,-4.693,-7.173,3.036,0,0
176550,3,9.34,0.00,-4.113,-7.130,1.690,0,0
176601,3,9.37,0.00,-4.568,-9.946,0.996,0,0
176653,3,9.37,0.00,-3.424,-8.399,0.781,0,0
176704,3,9.40,0.00,-4.836,-9.950,2.131,0,0
176756,3,9.42,0.00,-5.013,-8.734,3.366,0,0
176807,3,9.42,0.00,-4.166,-7.475,3.510,0,0
176859,3,9.42,0.00,-3.572,-8.250,3.179,0,0
176909,3,9.43,0.56,-3.443,-9.778,2.346,0,0
176959,3,9.43,0.00,-3.534,-8.657,1.211,0,0
177010,3,9.43,0.00,-5.071,-9.093,1.264,0,0
177060,3,9.43,0.00,-5.717,-8.863,1.925,0,0
177111,3,9.43,0.00,-4.276,-7.810,2.413,0,0
177163,3,9.43,0.00,-2.983,-9.213,3.381,0,0
177214,3,9.43,0.00,-2.054,-8.294,3.199,0,0
177265,3,9.39,-1.34,-3.759,-7.839,2.744,0,0
177316,3,9.41,0.00,-7.532,-10.300,2.701,0,0
177368,3,9.39,0.52,-5.296,-7.810,1.226,0,0
177419,3,9.40,0.52,-4.266,-8.988,0.905,0,0
177471,3,9.40,0.00,-4.290,-10.855,1.911,0,0
177522,3,9.38,0.00,-4.281,-8.624,2.705,0,0
177574,3,9.37,0.00,-4.492,-7.269,3.069,0,0
177626,3,9.38,0.00,-3.644,-5.995,2.207,0,0
177677,3,9.41,0.00,-4.290,-7.728,1.786,0,0
177729,3,9.39,0.00,-5.052,-10.118,2.069,0,0
177780,3,9.37,-0.86,-3.103,-8.772,1.470,0,0
177832,3,9.34,0.00,-3.132,-8.327,1.719,0,0
177884,3,9.32,-1.47,-5.080,-9.519,2.796,0,0
177934,3,9.34,0.56,-5.262,-8.327,3.002,0,0
177985,3,9.33,0.54,-4.621,-8.068,2.725,0,0
178035,3,9.29,-1.47,-4.185,-9.768,2.576,0,0
178085,3,9.27,-1.45,-3.055,-8.744,1.935,0,0
178135,3,9.28,0.47,-3.472,-8.289,1.882,0,0
178186,3,9.26,0.00,-5.114,-9.036,2.442,0,0
178236,3,9.24,-0.33,-4.831,-7.709,2.351,0,0
178288,3,9.28,0.48,-4.468,-8.107,2.413,0,0
178339,3,9.29,0.56,-3.859,-9.242,2.428,0,0
178390,3,9.27,-0.84,-3.026,-8.294,2.045,0,0
178441,3,9.27,0.00,-3.931,-8.782,2.284,0,0
178493,3,9.27,0.00,-5.028,-8.724,2.480,0,0
178544,3,9.25,-0.84,-5.095,-8.250,2.361,0,0
178596,3,9.25,0.00,-4.338,-8.255,2.093,0,0
178647,3,9.26,0.00,-3.701,-8.902,1.997,0,0
178699,3,9.24,-0.86,-3.548,-8.897,2.069,0,0
178751,3,9.24,-0.84,-4.286,-8.715,2.394,0,0
178802,3,9.22,-0.91,-4.918,-8.289,2.557,0,0
178854,3,9.21,0.00,-4.741,-8.045,2.327,0,0
178904,3,9.22,-0.34,-4.429,-8.935,2.102,0,0
178954,3,9.23,0.54,-3.745,-9.074,1.834,0,0
179004,3,9.22,0.00,-3.807,-8.844,1.901,0,0
179055,3,9.23,1.07,-4.630,-8.772,2.313,0,0
179106,3,9.22,-0.32,-5.104,-8.581,2.619,0,0
179158,3,9.20,-0.30,-4.362,-7.934,2.428,0,0
179209,3,9.19,-0.36,-3.797,-8.428,2.231,0,0
179260,3,9.22,1.01,-3.424,-8.586,2.035,0,0
179311,3,9.21,-0.34,-3.697,-8.169,1.901,0,0
179363,3,9.22,-0.34,-4.875,-8.830,2.270,0,0
179414,3,9.23,0.48,-4.669,-7.939,2.150,0,0
179466,3,9.21,0.00,-4.367,-8.155,2.179,0,0
179517,3,9.20,0.50,-4.065,-9.347,2.389,0,0
179569,3,9.16,-1.27,-3.701,-9.208,2.394,0,0
179621,3,9.16,-1.36,-3.333,-5.416,6.000,0,0
179672,3,9.17,0.52,-7.049,-9.290,6.483,0,0
179724,3,9.13,0.00,-4.841,-7.834,3.270,0,0
179775,3,9.12,0.48,-3.496,-7.867,2.945,0,0
179827,3,9.09,0.00,-3.084,-9.653,2.605,0,0
179879,3,9.08,0.54,-3.179,-8.226,1.695,0,0
179929,3,9.06,-0.89,-5.291,-9.088,1.829,0,0
179979,3,9.07,0.00,-5.540,-7.920,1.930,0,0
180030,3,9.05,-1.43,-4.903,-5.751,5.492,0,0
180080,3,9.08,1.11,-4.003,-8.681,4.405,0,0
180130,3,9.05,-0.84,-2.863,-7.776,3.031,0,0
180181,3,9.05,0.00,-3.630,-8.078,3.175,0,0
180233,3,9.06,0.52,-6.206,-7.566,4.827,0,0
180284,3,9.07,0.20,-8.289,-4.951,4.367,0,0
180336,3,9.05,0.00,-8.011,-4.458,3.673,0,0
180387,3,9.03,-0.82,-6.713,-6.680,4.252,0,0
180439,3,8.99,-1.34,-5.770,-7.302,2.978,0,0
180489,3,8.99,0.00,-5.837,-6.565,3.093,0,0
180541,3,8.97,0.00,-7.278,-6.565,4.017,0,0
180592,3,8.95,-0.80,-7.345,-5.918,3.711,0,0
180644,3,8.96,0.00,-8.557,-5.890,2.409,0,0
180695,3,8.97,0.00,-7.977,-5.880,3.347,0,0
180747,3,8.94,0.00,-6.800,-4.597,3.596,0,0
180798,3,8.93,0.50,-7.317,-3.941,5.784,0,0
180850,3,8.96,1.01,-6.771,-3.112,5.488,0,0
180900,3,8.95,-0.79,-6.962,-2.021,6.570,0,0
180950,3,8.95,0.00,-7.594,-1.302,7.460,0,0
181000,3,8.96,0.00,-8.207,-0.713,7.140,0,0
181051,3,8.99,0.00,-7.997,0.144,6.709,0,0
181101,3,8.99,0.00,-7.839,0.929,6.057,0,0
181153,3,8.97,0.00,-7.317,1.614,5.995,0,0
181204,3,9.00,0.50,-7.336,2.313,6.263,0,0
181256,3,9.01,0.50,-6.981,3.165,6.139,0,0
181307,3,9.01,0.00,-6.771,3.850,5.478,0,0
181359,3,9.02,0.52,-6.378,5.057,4.377,0,0
181410,3,9.05,0.00,-5.464,5.933,2.859,0,0
181461,3,9.02,-1.30,-8.590,3.989,3.002,0,0
181512,3,9.02,0.00,-8.662,4.559,4.175,0,0
181564,3,9.06,0.48,-8.485,4.468,3.017,0,0
181615,3,9.03,0.00,-8.509,4.492,2.322,0,0
181667,3,9.08,1.03,-7.700,5.306,3.668,0,0
181718,3,9.09,0.50,-6.723,5.435,3.074,0,0
181770,3,9.09,1.03,-6.594,5.119,1.963,0,0
181822,3,9.07,-0.88,-6.584,4.712,1.733,0,0
181873,3,9.10,0.00,-6.440,5.851,0.713,0,0
181924,3,9.14,1.07,-6.929,6.067,-0.412,0,0
181974,3,9.15,0.58,-7.216,5.976,1.207,0,0
182024,3,9.13,0.00,-6.857,6.369,0.211,0,0
182074,3,9.12,-0.91,-7.058,6.402,-0.690,0,0
182126,3,9.14,0.50,-7.087,6.488,-0.345,0,0
182178,3,9.15,0.00,-6.948,6.282,0.158,0,0
182229,3,9.15,-0.30,-6.833,5.349,-1.178,0,0
182281,3,9.17,0.00,-7.671,4.702,-2.021,0,0
182330,3,9.21,0.84,-6.373,5.013,-1.935,0,0
182382,3,9.22,0.50,-8.131,3.989,-1.686,0,0
182432,3,9.22,0.00,-7.977,3.802,-2.739,0,0
182483,3,9.21,-0.50,-8.887,3.496,-1.116,0,0
182535,3,9.19,-1.23,-7.015,4.587,-3.079,0,0
182587,3,9.19,0.00,-7.848,5.325,-2.179,0,0
182638,3,9.19,0.00,-7.518,7.685,-2.696,0,0
182690,3,9.22,0.00,-5.430,9.759,-2.725,0,0
182741,3,9.23,0.00,-4.784,9.993,-4.846,0,0
182793,3,9.26,0.48,-3.572,8.911,-2.279,0,0
182844,3,9.27,0.54,-5.593,8.006,-0.967,0,0
182894,3,9.25,0.00,-4.697,8.164,-1.666,0,0
182944,3,9.28,0.56,-2.911,10.257,-3.218,0,0
182995,3,9.28,0.00,-1.307,10.448,-3.840,0,0
183045,3,9.30,0.00,-1.097,10.171,-3.467,0,0
183097,3,9.28,0.50,-1.671,9.797,-2.753,0,0
183149,3,9.30,0.54,-2.193,9.902,-1.633,0,0
183200,3,9.31,0.99,-2.140,9.677,-2.150,0,0
183252,3,9.28,-1.30,-2.231,8.384,-2.188,0,0
183303,3,9.29,0.00,-3.141,8.514,-1.901,0,0
183354,3,9.31,0.52,-3.089,9.591,-1.274,0,0
183405,3,9.31,0.00,-3.658,9.060,-0.790,0,0
183457,3,9.28,-0.86,-3.156,9.108,-1.566,0,0
183508,3,9.30,0.00,-2.471,9.112,-2.437,0,0
183560,3,9.31,0.00,-1.738,8.475,-2.667,0,0
183611,3,9.29,0.00,-1.106,8.538,-3.199,0,0
183663,3,9.34,1.86,-0.771,7.987,-3.041,0,0
183715,3,9.34,0.00,-0.479,8.121,-3.203,0,0
183766,3,9.34,0.00,0.464,8.528,-3.807,0,0
183818,3,9.34,0.00,0.249,7.786,-3.682,0,0
183869,3,9.34,0.00,0.656,8.748,-4.286,0,0
183920,3,9.32,0.00,1.523,7.958,-4.554,0,0
183970,3,9.32,0.00,0.929,8.911,-4.970,0,0
184020,3,9.36,0.00,1.140,8.988,-4.827,0,0
184073,3,9.35,-0.58,1.681,8.365,-4.764,0,0
184124,3,9.35,0.00,0.967,8.083,-4.970,0,0
184176,3,9.36,0.00,0.838,7.762,-5.009,0,0
184226,3,9.36,0.00,1.173,8.078,-5.301,0,0
184277,3,9.35,0.00,1.298,8.456,-4.788,0,0
184329,3,9.37,1.09,1.705,7.652,-5.071,0,0
184380,3,9.39,0.20,1.853,7.867,-4.262,0,0
184432,3,9.40,0.00,2.174,7.863,-4.367,0,0
184482,3,9.41,0.50,3.170,8.365,-4.305,0,0
184534,3,9.43,0.00,3.610,8.442,-3.836,0,0
184585,3,9.42,0.52,3.189,8.399,-3.654,0,0
184637,3,9.43,0.00,2.600,8.777,-3.452,0,0
184688,3,9.43,0.00,2.298,9.352,-3.682,0,0
184740,3,9.43,0.00,2.466,9.883,-3.232,0,0
184791,3,9.38,-0.50,2.562,9.687,-3.342,0,0
184843,3,9.38,0.00,2.868,9.194,-3.515,0,0
184892,3,9.38,0.00,2.557,9.735,-2.787,0,0
184943,3,9.36,0.00,1.762,9.395,-2.686,0,0
184993,3,9.36,0.00,2.054,9.141,-2.638,0,0
185044,3,9.36,0.00,2.164,9.266,-2.710,0,0
185095,3,9.37,0.00,1.551,9.088,-2.480,0,0
185147,3,9.37,0.00,0.819,8.911,-2.188,0,0
185198,3,9.35,-1.34,0.575,9.127,-1.595,0,0
185250,3,9.35,0.00,0.201,9.591,-0.675,0,0
185301,3,9.35,0.00,0.383,9.448,-0.326,0,0
185352,3,9.35,0.00,-0.283,10.060,0.948,0,0
185403,3,9.38,0.52,0.010,10.147,1.417,0,0
185455,3,9.33,-0.52,-0.642,10.060,2.164,0,0
185506,3,9.35,0.00,-0.536,10.108,2.562,0,0
185558,3,9.31,0.00,-1.173,10.233,3.917,0,0
185609,3,9.31,0.00,-1.791,9.280,2.859,0,0
185661,3,9.31,-0.52,-1.288,8.404,2.667,0,0
185712,3,9.31,0.00,-2.078,9.931,3.587,0,0
185764,3,9.30,0.00,-1.556,10.127,2.595,0,0
185816,3,9.26,0.00,-1.891,10.410,3.802,0,0
185867,3,9.26,0.00,-1.867,8.633,4.520,0,0
185917,3,9.26,0.00,-2.303,8.906,3.888,0,0
185968,3,9.27,0.54,-1.987,7.982,4.630,0,0
186018,3,9.27,0.00,0.244,5.990,6.665,0,0
186070,3,9.27,0.00,1.992,8.064,8.332,0,0
186122,3,9.27,0.00,2.045,6.330,5.808,0,0
186174,3,9.22,0.00,2.203,6.407,5.468,0,0
186224,3,9.21,-0.50,0.421,7.561,7.867,0,0
186275,3,9.21,0.00,-0.421,7.345,6.867,0,0
186327,3,9.17,-1.34,0.326,7.101,6.934,0,0
186378,3,9.17,0.00,-0.005,7.374,7.250,0,0
186429,3,9.20,0.41,0.187,7.269,6.627,0,0
186481,3,9.21,0.52,0.910,7.025,7.254,0,0
186532,3,9.21,0.00,1.097,6.670,6.795,0,0
186583,3,9.19,-0.86,1.571,7.020,7.058,0,0
186634,3,9.21,0.52,1.034,6.895,7.049,0,0
186686,3,9.22,0.48,1.120,7.005,6.981,0,0
186737,3,9.22,0.00,1.288,6.962,6.996,0,0
186789,3,9.23,0.00,0.838,7.106,6.699,0,0
186841,3,9.21,0.00,0.551,7.345,7.120,0,0
186890,3,9.22,0.00,0.891,7.163,6.857,0,0
186941,3,9.19,0.00,0.532,7.479,6.728,0,0
186991,3,9.19,0.00,0.369,7.724,6.579,0,0
187041,3,9.20,0.00,0.215,7.700,6.766,0,0
187093,3,9.21,0.48,0.187,7.839,7.503,0,0
187144,3,9.21,0.00,1.326,6.766,7.317,0,0
187196,3,9.23,0.00,2.437,6.953,6.594,0,0
187248,3,9.23,0.00,2.648,7.010,5.191,0,0
187299,3,9.23,0.00,1.551,7.446,5.607,0,0
187351,3,9.24,0.00,0.412,8.131,6.311,0,0
187401,3,9.24,0.00,-0.129,8.418,6.608,0,0
187452,3,9.29,0.00,1.369,7.604,5.981,0,0
187504,3,9.31,0.54,1.384,7.728,5.622,0,0
187556,3,9.31,0.00,0.828,7.939,5.344,0,0
187607,3,9.31,0.00,-0.239,8.514,4.994,0,0
187659,3,9.31,0.00,-1.183,8.672,4.851,0,0
187710,3,9.32,0.50,-1.307,8.825,4.156,0,0
187762,3,9.32,0.00,-1.858,9.007,4.271,0,0
187813,3,9.35,0.50,-1.853,8.844,4.693,0,0
187865,3,9.31,-1.38,-0.747,8.298,4.717,0,0
187915,3,9.33,0.00,-1.255,8.600,4.362,0,0
187966,3,9.32,-0.81,-1.484,8.485,4.357,0,0
188016,3,9.33,0.58,-1.834,8.557,4.673,0,0
188066,3,9.35,0.00,-2.452,8.610,4.128,0,0
188117,3,9.40,1.06,-2.528,8.638,4.353,0,0
188169,3,9.38,0.00,-2.634,8.586,4.295,0,0
188220,3,9.39,0.00,-2.342,8.490,4.381,0,0
188271,3,9.39,0.00,-2.753,8.590,4.051,0,0
188322,3,9.38,-0.84,-2.547,8.475,4.266,0,0
188374,3,9.37,0.00,-2.739,8.557,4.223,0,0
188425,3,9.35,-0.84,-2.327,8.519,4.219,0,0
188477,3,9.36,0.22,-2.538,8.633,3.989,0,0
188529,3,9.35,-0.82,-2.591,8.701,3.821,0,0
188579,3,9.37,0.48,-2.389,8.811,3.998,0,0
188631,3,9.38,0.56,-1.460,8.988,4.683,0,0
188682,3,9.36,0.00,-0.134,8.456,4.300,0,0
188734,3,9.36,0.00,-0.407,8.600,4.401,0,0
188785,3,9.33,0.00,-1.211,8.902,4.113,0,0
188837,3,9.36,0.47,-1.144,9.045,4.142,0,0
188886,3,9.33,-1.30,-0.934,8.815,4.305,0,0
188937,3,9.34,0.00,-0.891,8.792,4.003,0,0
188987,3,9.37,0.50,-1.106,8.940,4.137,0,0
189037,3,9.34,-0.89,-0.852,8.835,4.180,0,0
189089,3,9.34,0.00,-1.049,8.954,4.199,0,0
189141,3,9.34,0.00,-0.871,8.892,4.089,0,0
189193,3,9.31,0.00,-0.972,8.940,4.099,0,0
189244,3,9.27,-1.43,-1.001,8.911,4.137,0,0
189296,3,9.29,0.50,-0.948,8.906,4.142,0,0
189347,3,9.30,0.00,-0.991,8.902,4.118,0,0
189399,3,9.33,0.48,-0.958,8.878,4.108,0,0
189449,3,9.32,-0.48,-0.843,8.811,4.314,0,0
189501,3,9.32,0.00,-1.039,8.945,4.118,0,0
189552,3,9.28,0.00,-1.178,9.007,4.075,0,0
189604,3,9.29,0.00,-1.116,8.954,3.946,0,0
189655,3,9.31,0.00,-1.144,8.959,4.142,0,0
189707,3,9.31,0.00,-0.455,8.657,4.568,0,0
189758,3,9.31,0.00,-1.049,8.777,4.228,0,0
189810,3,9.30,0.50,-1.523,9.103,3.941,0,0
189861,3,9.31,0.50,-1.039,8.758,4.190,0,0
189912,3,9.29,0.00,-1.030,8.748,4.195,0,0
189962,3,9.33,0.56,-1.571,9.189,3.931,0,0
190012,3,9.36,1.03,-0.962,8.916,4.046,0,0
190063,3,9.36,0.00,-1.001,8.906,3.879,0,0
190114,3,9.34,0.52,-0.915,8.935,4.094,0,0
190166,3,9.31,-0.86,-0.785,8.811,4.147,0,0
190217,3,9.32,-0.35,-1.413,9.127,3.903,0,0
190269,3,9.33,0.56,-1.120,8.969,4.080,0,0
190321,3,9.31,0.00,-1.053,8.921,3.812,0,0
190371,3,9.31,0.00,-1.144,8.973,4.022,0,0
190422,3,9.32,0.00,-1.140,8.993,3.859,0,0
190474,3,9.30,0.00,-1.130,9.012,3.874,0,0
190525,3,9.28,-0.33,-1.068,8.988,3.955,0,0
190576,3,9.28,0.00,-0.967,8.911,3.936,0,0
190628,3,9.28,0.00,-1.140,9.064,3.931,0,0
190678,3,9.26,-0.82,-1.125,8.954,3.912,0,0
190730,3,9.32,0.00,-1.312,9.060,3.792,0,0
190781,3,9.33,0.48,-1.211,9.026,3.946,0,0
190833,3,9.31,0.00,-0.838,8.921,3.922,0,0
190882,3,9.31,0.00,-0.761,8.868,4.041,0,0
190933,3,9.33,0.00,-0.972,8.959,3.922,0,0
190983,3,9.34,0.52,-0.943,8.969,3.979,0,0
191033,3,9.38,1.43,-0.790,8.916,4.046,0,0
191083,3,9.38,0.00,-1.140,9.103,3.778,0,0
191135,3,9.35,0.52,-0.819,8.940,4.094,0,0
191186,3,9.35,0.00,-0.991,8.978,3.840,0,0
191238,3,9.37,0.00,-1.144,9.060,3.802,0,0
191289,3,9.38,0.54,-1.226,9.079,3.797,0,0
191341,3,9.38,0.00,-0.991,8.978,3.893,0,0
191392,3,9.39,0.00,-1.039,8.969,3.840,0,0
191444,3,9.41,0.56,-1.164,8.988,3.946,0,0
191496,3,9.42,0.00,-1.020,8.935,3.922,0,0
191546,3,9.44,0.48,-1.140,8.969,3.812,0,0
191597,3,9.43,1.03,-1.053,8.983,3.855,0,0
191649,3,9.44,0.52,-1.211,9.017,3.836,0,0
191700,3,9.47,0.00,-1.427,9.117,3.778,0,0
191752,3,9.52,1.01,-1.207,8.940,3.879,0,0
191804,3,9.51,0.00,-0.967,8.906,3.931,0,0
191855,3,9.52,-0.86,-1.269,9.060,3.730,0,0
191905,3,9.53,0.56,-1.101,8.978,3.994,0,0
191956,3,9.51,0.00,-0.532,8.763,4.180,0,0
192006,3,9.51,-0.36,-0.747,8.954,4.056,0,0
192056,3,9.53,0.56,-0.824,8.945,4.046,0,0
192107,3,9.54,0.00,-0.886,8.993,4.022,0,0
192159,3,9.54,-0.86,-0.814,8.964,4.075,0,0
192210,3,9.53,0.00,-0.857,8.978,4.032,0,0
192262,3,9.59,1.01,-0.694,8.926,4.094,0,0
192313,3,9.56,-0.91,-0.728,8.902,4.123,0,0
192364,3,9.58,0.50,-0.718,8.997,4.152,0,0
192415,3,9.59,0.00,-0.718,8.950,4.142,0,0
192467,3,9.58,-0.80,-0.790,8.978,4.310,0,0
192518,3,9.60,0.48,-0.431,8.763,4.539,0,0
