Tempo,Estado,Alt,Vel,AccX,AccY,AccZ,Lat,Lon
14265,0,-0.03,0.00,10.142,0.144,0.479,0,0
14319,0,-0.04,-0.52,9.902,0.254,0.790,0,0
14369,0,-0.02,1.39,9.773,0.244,1.408,0,0
14420,0,-0.01,0.52,9.936,-0.182,1.130,0,0
14471,0,-0.01,0.00,10.151,-0.043,0.785,0,0
14523,0,-0.03,-0.52,10.262,0.096,0.632,0,0
14575,0,-0.05,-0.52,10.022,0.350,0.709,0,0
14626,0,-0.02,1.23,9.869,0.297,0.771,0,0
14678,0,-0.02,0.00,9.950,0.172,0.939,0,0
14729,0,-0.02,0.00,10.041,0.038,1.001,0,0
14781,0,-0.02,0.48,10.036,0.163,0.967,0,0
14833,0,-0.02,0.00,9.993,0.220,0.728,0,0
14884,0,-0.02,0.00,10.060,0.297,0.642,0,0
14936,0,-0.02,0.00,10.008,0.244,0.690,0,0
14987,0,-0.02,0.00,10.022,0.206,0.560,0,0
15039,0,-0.03,-1.23,10.017,0.182,0.474,0,0
15091,0,-0.03,0.00,10.051,0.201,0.522,0,0
15141,0,-0.02,0.48,10.013,0.148,0.484,0,0
15193,0,-0.02,0.00,10.022,0.124,0.493,0,0
15243,0,-0.02,0.00,10.017,0.134,0.455,0,0
15294,0,-0.02,0.00,10.032,0.105,0.340,0,0
15344,0,0.01,0.00,10.094,0.048,0.268,0,0
15394,0,0.04,1.89,10.108,-0.014,0.278,0,0
15445,0,0.01,-1.23,10.060,-0.005,0.359,0,0
15497,0,0.02,0.00,10.056,-0.024,0.407,0,0
15549,0,-0.01,-0.52,10.075,-0.019,0.354,0,0
15600,0,0.01,0.00,10.056,-0.014,0.354,0,0
15652,0,-0.03,-1.38,10.036,-0.034,0.316,0,0
15703,0,-0.04,-0.48,10.008,-0.019,0.254,0,0
15755,0,-0.03,0.00,10.051,-0.014,0.187,0,0
15807,0,-0.03,0.00,10.084,0.024,0.259,0,0
15858,0,-0.04,0.00,10.041,0.010,0.383,0,0
15910,0,-0.03,0.48,10.008,0.038,0.369,0,0
15961,0,-0.03,0.00,10.075,0.000,0.225,0,0
16013,0,-0.07,-1.30,10.046,-0.038,0.235,0,0
16065,0,-0.07,0.00,10.027,-0.043,0.239,0,0
16115,0,-0.07,0.00,9.989,0.029,0.144,0,0
16166,0,-0.07,0.00,10.041,0.072,0.163,0,0
16216,0,-0.07,0.00,10.060,0.005,0.287,0,0
16267,0,-0.07,0.00,10.056,-0.024,0.373,0,0
16317,0,-0.07,0.00,10.008,0.010,0.254,0,0
16368,0,-0.07,0.00,10.108,-0.043,0.182,0,0
16420,0,-0.07,0.00,10.056,-0.010,0.124,0,0
16472,0,-0.07,0.00,10.046,0.019,0.249,0,0
16522,0,-0.08,-0.56,10.046,0.010,0.321,0,0
16574,0,-0.08,0.00,10.075,0.048,0.196,0,0
16625,0,-0.08,0.00,10.060,0.038,0.192,0,0
16677,0,-0.09,0.00,9.974,0.029,0.263,0,0
16728,0,-0.11,0.00,10.017,-0.024,0.273,0,0
16780,0,-0.11,0.00,9.998,0.034,0.177,0,0
16832,0,-0.07,1.38,10.113,0.005,0.235,0,0
16883,0,-0.07,0.00,10.070,-0.010,0.302,0,0
16935,0,-0.07,0.00,10.084,0.029,0.273,0,0
16986,0,-0.11,0.00,10.027,0.086,0.287,0,0
17038,0,-0.11,0.00,9.984,0.053,0.235,0,0
17089,0,-0.09,0.52,9.974,0.034,0.172,0,0
17141,0,-0.09,0.00,10.060,0.000,0.244,0,0
17193,0,-0.09,0.00,10.060,0.014,0.230,0,0
17243,0,-0.09,0.00,10.113,0.034,0.215,0,0
17295,0,-0.09,0.00,10.099,0.057,0.220,0,0
17346,0,-0.09,0.00,9.993,0.067,0.306,0,0
17397,0,-0.11,-0.56,10.065,0.038,0.201,0,0
17447,0,-0.11,0.00,10.046,0.067,0.139,0,0
17498,0,-0.12,-2.01,10.041,0.038,0.091,0,0
17548,0,-0.11,0.35,10.022,0.043,0.163,0,0
17597,0,-0.12,0.00,10.032,0.086,0.158,0,0
17649,0,-0.12,0.00,10.017,0.134,0.153,0,0
17700,0,-0.14,-0.56,10.075,0.072,0.124,0,0
17752,0,-0.15,-0.45,10.046,0.086,0.120,0,0
17804,0,-0.15,0.00,10.013,0.072,0.091,0,0
17855,0,-0.14,0.00,10.041,0.086,0.134,0,0
17907,0,-0.12,0.00,10.036,0.081,0.144,0,0
17958,0,-0.12,0.00,10.075,0.120,0.067,0,0
18008,0,-0.14,0.00,9.998,0.148,0.105,0,0
18058,0,-0.13,-1.09,10.022,0.077,0.187,0,0
18109,0,-0.17,-1.59,10.022,0.086,0.081,0,0
18160,0,-0.18,-1.04,10.065,0.110,0.134,0,0
18212,0,-0.18,-0.19,10.118,0.072,0.086,0,0
18264,0,-0.19,0.00,10.060,0.105,0.129,0,0
18314,0,-0.19,-0.15,9.984,0.158,0.158,0,0
18365,0,-0.25,0.00,10.041,0.077,0.148,0,0
18418,0,-0.24,0.06,10.075,0.144,0.057,0,0
18469,0,-0.26,0.34,10.056,0.144,0.105,0,0
18521,0,-0.25,0.34,9.989,0.120,0.220,0,0
18571,0,-0.27,-0.71,9.998,0.110,0.177,0,0
18623,0,-0.33,0.00,10.013,0.139,0.067,0,0
18674,0,-0.30,-0.19,10.094,0.144,0.043,0,0
18726,0,-0.37,-2.53,10.008,0.110,0.182,0,0
18777,0,-0.39,0.00,10.041,0.057,0.187,0,0
18829,0,-0.43,-0.71,10.084,0.081,0.144,0,0
18878,0,-0.41,0.00,10.060,0.048,0.105,0,0
18931,0,-0.39,0.28,10.003,0.067,0.110,0,0
18981,0,-0.40,-0.23,10.022,0.110,0.134,0,0
19031,0,-0.39,0.00,10.003,0.067,0.139,0,0
19082,0,-0.36,1.29,10.051,0.086,0.105,0,0
19132,0,-0.40,-1.53,10.070,0.105,0.086,0,0
19183,0,-0.40,-1.13,10.032,0.091,0.158,0,0
19235,0,-0.41,-1.56,10.022,0.048,0.139,0,0
19286,0,-0.40,0.00,10.056,0.043,0.187,0,0
19338,0,-0.40,0.36,10.022,0.081,0.062,0,0
19390,0,-0.40,-0.15,10.051,0.110,0.034,0,0
19440,0,-0.41,-0.52,10.003,0.091,0.182,0,0
19491,0,-0.43,0.00,10.046,0.096,0.168,0,0
19543,0,-0.46,-1.65,10.070,0.120,0.110,0,0
19595,0,-0.44,0.86,10.089,0.081,0.110,0,0
19646,0,-0.43,0.86,10.036,0.057,0.134,0,0
19698,0,-0.44,-0.56,10.013,0.096,0.153,0,0
19749,0,-0.42,0.00,10.036,0.105,0.144,0,0
19801,0,-0.39,1.23,10.060,0.110,0.067,0,0
19853,0,-0.39,0.00,10.084,0.077,0.115,0,0
19904,0,-0.39,0.00,10.041,0.086,0.120,0,0
19955,0,-0.39,0.00,10.032,0.072,0.124,0,0
20005,0,-0.39,0.00,10.022,0.057,0.120,0,0
20056,0,-0.35,0.00,10.022,0.086,0.101,0,0
20106,0,-0.36,-0.52,10.070,0.062,0.077,0,0
20158,0,-0.36,0.00,10.051,0.081,0.062,0,0
20209,0,-0.34,0.82,10.003,0.077,0.120,0,0
20261,0,-0.35,-0.48,10.041,0.067,0.034,0,0
20312,0,-0.40,-0.56,10.060,0.101,0.024,0,0
20364,0,-0.37,0.89,10.046,0.048,0.014,0,0
20416,0,-0.40,0.00,10.080,0.105,-0.005,0,0
20466,0,-0.37,0.64,10.013,0.153,0.019,0,0
20518,0,-0.35,0.84,10.027,0.134,-0.010,0,0
20570,0,-0.37,0.00,10.046,0.134,0.010,0,0
20620,0,-0.36,0.34,10.060,0.110,-0.019,0,0
20672,0,-0.36,-0.28,10.003,0.168,0.057,0,0
20723,0,-0.37,-0.19,10.070,0.110,-0.010,0,0
20775,0,-0.37,0.00,10.084,0.081,-0.029,0,0
20826,0,-0.42,-2.09,10.046,0.120,-0.053,0,0
20878,0,-0.41,0.34,9.984,0.144,-0.005,0,0
20928,0,-0.38,0.93,9.969,0.129,0.005,0,0
20978,0,-0.33,1.69,10.075,0.105,-0.038,0,0
21029,0,-0.33,0.00,10.036,0.129,-0.014,0,0
21079,0,-0.32,0.32,10.041,0.067,0.000,0,0
21131,0,-0.30,0.97,10.051,0.124,-0.010,0,0
21183,0,-0.28,0.00,10.017,0.115,-0.019,0,0
21235,0,-0.22,0.86,10.060,0.115,0.038,0,0
21286,0,-0.20,0.88,10.060,0.139,0.019,0,0
21338,0,-0.17,-0.48,10.027,0.148,0.010,0,0
21389,0,-0.14,1.34,10.041,0.148,-0.053,0,0
21441,0,-0.09,0.00,10.056,0.139,-0.034,0,0
21493,0,-0.00,1.34,10.060,0.091,0.019,0,0
21544,0,0.03,1.32,10.056,0.115,-0.010,0,0
21596,0,0.10,2.37,10.003,0.129,0.000,0,0
21647,0,0.11,0.54,10.051,0.115,0.053,0,0
21698,0,0.16,1.84,10.008,0.139,0.010,0,0
21749,0,0.17,0.50,10.032,0.110,-0.029,0,0
21801,0,0.21,0.00,10.099,0.043,0.048,0,0
21852,0,0.24,1.33,10.032,0.038,0.129,0,0
21904,0,0.28,0.00,10.056,0.115,0.110,0,0
21955,0,0.32,1.45,10.008,0.110,0.057,0,0
22005,0,0.34,0.91,10.027,0.086,0.014,0,0
22056,0,0.35,0.00,10.032,0.048,0.010,0,0
22106,0,0.32,-0.20,10.041,0.072,0.053,0,0
22158,0,0.30,-0.72,10.056,0.043,0.034,0,0
22209,0,0.29,0.00,10.003,0.062,0.077,0,0
22261,0,0.25,-0.69,10.041,0.034,0.048,0,0
22312,0,0.25,0.00,10.046,0.038,0.043,0,0
22364,0,0.23,-0.67,10.032,0.077,-0.038,0,0
22415,0,0.21,-0.69,10.065,0.038,0.091,0,0
22467,0,0.19,-0.69,10.008,0.062,0.163,0,0
22519,0,0.19,0.03,10.027,0.062,0.057,0,0
22571,0,0.15,0.00,10.065,0.086,0.019,0,0
22621,0,0.13,-0.67,10.022,0.086,-0.005,0,0
22673,0,0.12,-1.15,10.051,0.144,-0.005,0,0
22724,0,0.15,1.14,10.022,0.158,0.024,0,0
22776,0,0.13,0.00,10.046,0.148,0.010,0,0
22827,0,0.13,-0.71,10.051,0.134,0.067,0,0
22879,0,0.11,0.00,10.070,0.139,0.014,0,0
22930,0,0.08,-1.19,10.070,0.153,0.038,0,0
22982,0,0.04,-1.29,10.041,0.148,0.010,0,0
23034,0,0.06,0.00,10.013,0.182,-0.029,0,0
23083,0,0.05,0.69,10.060,0.187,-0.077,0,0
23134,0,0.03,0.00,10.022,0.206,-0.062,0,0
23184,0,0.04,0.62,9.998,0.177,-0.062,0,0
23235,0,0.02,-0.74,10.041,0.158,-0.120,0,0
23285,0,0.00,0.00,10.065,0.168,-0.077,0,0
23336,0,-0.05,-0.67,10.065,0.172,-0.067,0,0
23388,0,-0.03,0.60,10.027,0.158,-0.034,0,0
23439,0,-0.05,0.00,10.041,0.211,-0.124,0,0
23490,0,-0.08,-1.19,10.190,0.206,0.034,0,0
23541,0,-0.11,-0.22,10.041,0.144,0.187,0,0
23593,0,-0.11,-0.11,10.036,0.144,0.206,0,0
23645,0,-0.12,0.00,10.036,0.187,0.302,0,0
23696,0,-0.13,-1.01,10.008,0.244,0.330,0,0
23748,0,-0.13,0.00,9.965,0.211,0.393,0,0
23799,0,-0.05,2.01,10.003,0.211,0.273,0,0
23851,0,-0.02,1.23,10.051,0.196,0.187,0,0
23900,0,0.03,0.34,10.060,0.172,0.249,0,0
23950,0,-0.00,-1.11,10.027,0.172,0.306,0,0
24001,0,0.01,0.00,10.070,0.168,0.283,0,0
24051,0,-0.00,-0.18,10.032,0.163,0.273,0,0
24102,0,0.01,0.36,10.070,0.086,0.230,0,0
24153,0,0.02,0.00,10.003,0.124,0.326,0,0
24205,0,0.04,-1.01,9.955,0.034,0.187,0,0
24257,0,0.05,0.32,10.185,-0.029,0.134,0,0
24314,0,0.04,-0.16,10.118,-0.206,0.144,0,0
24366,0,0.04,-0.13,10.080,-0.158,0.177,0,0
24416,0,0.02,-0.71,10.065,-0.168,0.148,0,0
24468,0,0.03,0.32,10.070,-0.053,0.230,0,0
24519,0,0.09,1.43,10.056,0.038,0.105,0,0
24571,0,0.11,0.71,10.036,0.086,0.139,0,0
24622,0,0.13,0.00,9.993,-0.019,0.359,0,0
24674,0,0.18,0.84,10.027,-0.053,0.402,0,0
24726,0,0.15,0.00,10.027,-0.067,0.407,0,0
24777,0,0.16,-0.50,10.094,-0.019,0.302,0,0
24829,0,0.17,0.32,10.036,0.038,0.254,0,0
24880,0,0.18,0.00,10.017,0.010,0.306,0,0
24930,0,0.12,-1.09,10.003,0.096,0.330,0,0
24981,0,0.16,1.39,10.008,0.072,0.388,0,0
25031,0,0.19,1.91,10.051,0.034,0.321,0,0
25082,0,0.21,0.54,10.032,0.000,0.239,0,0
25131,0,0.23,0.00,10.060,0.110,0.235,0,0
25183,0,0.28,1.36,10.008,0.057,0.330,0,0
25234,0,0.28,0.00,10.036,0.062,0.273,0,0
25286,0,0.31,0.00,10.070,0.048,0.196,0,0
25338,0,0.32,0.00,10.060,0.086,0.230,0,0
25388,0,0.32,0.00,10.008,0.062,0.239,0,0
25440,0,0.36,0.00,10.013,0.053,0.244,0,0
25491,0,0.34,0.00,10.137,0.014,0.244,0,0
25543,0,0.34,-0.52,10.051,0.072,0.259,0,0
25594,0,0.32,-0.52,10.041,0.077,0.230,0,0
25646,0,0.35,0.00,10.008,0.077,0.230,0,0
25698,0,0.33,-0.54,10.065,0.115,0.153,0,0
25749,0,0.36,0.00,10.099,0.110,0.187,0,0
25801,0,0.33,-0.52,10.032,0.086,0.168,0,0
25852,0,0.32,-0.52,10.017,0.148,0.206,0,0
25904,0,0.35,0.00,10.003,0.110,0.177,0,0
25955,0,0.35,0.00,10.051,0.201,0.072,0,0
26005,0,0.34,0.00,9.993,0.215,0.067,0,0
26055,0,0.31,-1.11,10.080,0.110,0.192,0,0
26106,0,0.28,-1.06,10.032,0.144,0.158,0,0
26157,0,0.31,0.00,10.060,0.177,0.096,0,0
26209,0,0.26,-0.54,10.051,0.177,0.072,0,0
26261,0,0.24,0.00,10.065,0.182,0.072,0,0
26311,0,0.24,0.24,10.051,0.158,0.120,0,0
26360,0,0.20,-0.57,10.080,0.201,0.139,0,0
26412,0,0.19,0.00,10.027,0.177,0.096,0,0
26462,0,0.21,0.88,9.993,0.177,0.081,0,0
26514,0,0.20,0.00,10.013,0.168,0.057,0,0
26565,0,0.18,0.84,10.036,0.168,0.057,0,0
26617,0,0.15,-1.01,10.046,0.144,0.034,0,0
26668,0,0.12,0.38,10.060,0.196,0.014,0,0
26720,0,0.11,-0.50,10.017,0.182,0.072,0,0
26772,0,0.10,0.00,9.969,0.206,0.077,0,0
26823,0,0.11,-0.19,10.051,0.163,-0.019,0,0
26875,0,0.11,0.00,10.080,0.148,0.019,0,0
26925,0,0.08,0.36,10.051,0.134,0.081,0,0
26975,0,0.09,0.26,10.056,0.139,0.110,0,0
27026,0,0.10,0.00,10.027,0.196,0.072,0,0
27076,0,0.10,-0.20,10.070,0.144,0.062,0,0
27126,0,0.11,0.34,10.027,0.139,0.091,0,0
27177,0,0.08,0.00,10.051,0.124,0.043,0,0
27229,0,0.10,0.34,10.070,0.139,0.024,0,0
27281,0,0.11,0.32,10.065,0.105,0.034,0,0
27332,0,0.10,-0.50,10.032,0.129,0.043,0,0
27384,0,0.11,0.34,10.032,0.144,0.048,0,0
27435,0,0.08,0.00,10.003,0.129,0.096,0,0
27486,0,0.11,0.84,10.046,0.168,0.081,0,0
27537,0,0.13,0.00,10.060,0.182,0.067,0,0
27589,0,0.12,-0.52,10.065,0.129,0.081,0,0
27640,0,0.10,0.00,10.056,0.110,0.072,0,0
27692,0,0.10,-0.47,10.065,0.148,0.134,0,0
27744,0,0.08,-0.52,10.041,0.153,0.105,0,0
27795,0,0.06,-1.01,10.051,0.158,0.091,0,0
27847,0,0.09,1.34,10.036,0.139,0.053,0,0
27899,0,0.08,0.00,10.041,0.187,0.086,0,0
27949,0,0.09,-0.54,10.046,0.134,0.115,0,0
27999,0,0.07,-0.52,10.013,0.115,0.110,0,0
28050,0,0.05,0.00,10.060,0.144,0.057,0,0
28100,0,0.03,-1.13,10.022,0.110,0.053,0,0
28152,0,0.04,0.36,10.008,0.134,0.120,0,0
28203,0,0.02,-0.28,10.060,0.134,0.134,0,0
28255,0,-0.01,-1.01,10.070,0.057,0.182,0,0
28307,0,0.03,0.00,10.123,0.105,0.029,0,0
28358,0,0.05,0.00,10.065,0.129,0.139,0,0
28409,0,0.10,0.94,10.008,0.072,0.144,0,0
28459,0,0.10,0.00,10.022,0.215,0.091,0,0
28511,0,0.13,0.00,10.036,0.120,0.053,0,0
28562,0,0.12,0.35,10.065,0.110,0.067,0,0
28614,0,0.09,-1.02,10.041,0.139,0.105,0,0
28665,0,0.07,-1.49,10.046,0.072,0.177,0,0
28717,0,0.07,-0.18,10.104,0.067,0.134,0,0
28768,0,0.04,0.00,10.060,0.139,0.029,0,0
28820,0,0.07,0.71,10.027,0.172,-0.038,0,0
28872,0,0.03,0.00,10.027,0.153,-0.014,0,0
28923,0,0.02,-1.04,9.974,0.163,0.024,0,0
28975,0,0.04,0.84,10.022,0.172,0.053,0,0
29026,0,0.05,0.00,10.075,0.139,0.048,0,0
29079,0,0.03,0.32,10.108,0.172,0.024,0,0
29129,0,0.01,0.00,10.065,0.177,0.120,0,0
29179,0,0.00,-0.54,10.032,0.163,0.105,0,0
29230,0,-0.00,-0.22,10.046,0.196,0.000,0,0
29280,0,0.01,0.00,10.056,0.168,-0.019,0,0
29332,0,-0.00,-1.02,10.041,0.172,0.005,0,0
29382,0,-0.00,0.00,10.041,0.153,0.057,0,0
29433,0,-0.01,-1.01,10.084,0.153,0.024,0,0
29485,0,-0.03,-1.04,10.032,0.196,-0.043,0,0
29537,0,-0.03,0.00,9.998,0.201,0.000,0,0
29588,0,-0.00,0.86,9.984,0.211,-0.019,0,0
29640,0,-0.02,0.00,10.032,0.148,0.019,0,0
29691,0,-0.02,-1.01,10.036,0.148,0.034,0,0
29743,0,0.00,0.00,10.056,0.158,0.024,0,0
29795,0,-0.02,0.34,10.036,0.158,0.053,0,0
29846,0,0.01,0.82,10.070,0.124,0.057,0,0
29898,0,-0.05,-0.97,10.041,0.182,0.048,0,0
29948,0,-0.04,0.36,10.084,0.096,0.081,0,0
29999,0,-0.02,1.33,10.036,0.110,0.057,0,0
30049,0,-0.09,-1.61,10.070,0.110,0.048,0,0
30099,0,-0.03,0.93,10.041,0.105,0.077,0,0
30151,0,-0.04,0.00,10.032,0.101,0.129,0,0
30203,0,-0.03,0.34,10.070,0.086,0.101,0,0
30255,0,-0.05,-1.01,10.070,0.105,0.081,0,0
30306,0,-0.03,0.00,10.013,0.101,0.110,0,0
30358,0,-0.05,0.34,10.046,0.105,0.081,0,0
30408,0,-0.08,-1.04,10.017,0.101,0.067,0,0
30458,0,-0.07,0.12,10.051,0.072,0.105,0,0
30508,0,-0.09,-1.04,10.084,0.077,0.096,0,0
30559,0,-0.09,-0.52,10.046,0.072,0.148,0,0
30611,0,-0.10,-0.52,10.056,0.101,0.163,0,0
30660,0,-0.06,0.00,10.080,0.077,0.101,0,0
30712,0,-0.04,0.82,10.036,0.081,0.124,0,0
30763,0,-0.07,0.00,10.017,0.101,0.139,0,0
30815,0,-0.07,-1.01,10.041,0.081,0.120,0,0
30866,0,-0.10,-1.01,10.032,0.115,0.101,0,0
30919,0,-0.11,0.00,10.070,0.120,0.091,0,0
30969,0,-0.16,-1.13,10.056,0.096,0.124,0,0
31020,0,-0.15,0.39,10.013,0.062,0.153,0,0
31070,0,-0.17,0.00,10.027,0.096,0.110,0,0
31120,0,-0.13,1.49,10.036,0.091,0.124,0,0
31172,0,-0.13,0.00,10.022,0.105,0.124,0,0
31223,0,-0.09,1.34,10.056,0.129,0.120,0,0
31275,0,-0.06,1.34,10.046,0.091,0.091,0,0
31326,0,-0.07,0.00,10.065,0.086,0.077,0,0
31378,0,-0.08,0.24,10.065,0.067,0.124,0,0
31430,0,-0.11,0.00,10.070,0.115,0.105,0,0
31480,0,-0.12,-0.52,9.989,0.105,0.139,0,0
31532,0,-0.10,0.00,10.036,0.124,0.124,0,0
31583,0,-0.11,0.34,10.060,0.072,0.081,0,0
31635,0,-0.14,-1.01,10.099,0.072,0.005,0,0
31686,0,-0.16,-1.01,10.017,0.101,0.062,0,0
31738,0,-0.17,-0.20,10.017,0.115,0.148,0,0
31789,0,-0.21,0.00,10.036,0.134,0.115,0,0
31841,0,-0.23,-1.01,10.051,0.148,0.048,0,0
31893,0,-0.24,0.00,10.075,0.101,0.053,0,0
31943,0,-0.26,0.88,9.984,0.163,0.034,0,0
31993,0,-0.30,-1.55,10.032,0.115,0.010,0,0
32044,0,-0.29,0.00,10.070,0.134,0.043,0,0
32094,0,-0.29,-0.20,10.022,0.139,0.029,0,0
32146,0,-0.32,-1.01,10.032,0.129,0.077,0,0
32198,0,-0.31,0.00,10.046,0.101,0.072,0,0
32249,0,-0.31,-0.19,10.036,0.091,0.077,0,0
32301,0,-0.31,0.00,10.075,0.134,-0.057,0,0
32353,0,-0.28,0.86,10.041,0.144,-0.091,0,0
32403,0,-0.28,0.00,9.998,0.177,-0.005,0,0
32454,0,-0.28,0.86,10.027,0.124,0.024,0,0
32507,0,-0.25,0.52,10.056,0.129,0.000,0,0
32558,0,-0.24,0.36,10.046,0.091,-0.010,0,0
32610,0,-0.22,0.34,10.065,0.129,0.014,0,0
32660,0,-0.22,0.00,10.017,0.163,0.077,0,0
32712,0,-0.24,0.36,10.027,0.115,0.086,0,0
32763,0,-0.27,-1.01,10.080,0.110,0.029,0,0
32815,0,-0.26,0.00,10.027,0.110,-0.014,0,0
32866,0,-0.28,-1.04,10.036,0.110,0.053,0,0
32919,0,-0.26,0.00,10.041,0.077,0.000,0,0
32969,0,-0.26,0.93,10.060,0.091,0.057,0,0
33020,0,-0.27,-0.56,10.056,0.096,-0.014,0,0
33070,0,-0.25,0.00,10.022,0.163,-0.019,0,0
33120,0,-0.23,0.93,10.027,0.134,0.034,0,0
33172,0,-0.24,-0.56,10.032,0.086,0.067,0,0
33223,0,-0.26,0.00,10.041,0.048,0.043,0,0
33275,0,-0.22,0.00,10.104,0.062,0.053,0,0
33326,0,-0.22,0.00,10.017,0.091,0.134,0,0
33378,0,-0.21,-0.97,10.008,0.091,0.081,0,0
33430,0,-0.21,0.00,10.046,0.101,0.067,0,0
33481,0,-0.21,0.00,10.032,0.139,0.091,0,0
33533,0,-0.19,1.34,10.027,0.077,0.105,0,0
33584,0,-0.20,0.00,10.113,0.014,0.077,0,0
33636,0,-0.19,0.00,10.190,-0.067,0.407,0,0
33688,0,-0.17,0.48,9.965,0.053,0.302,0,0
33738,0,-0.17,0.00,9.955,0.206,0.211,0,0
33789,0,-0.16,0.00,10.013,0.215,0.101,0,0
33841,0,-0.17,0.00,10.099,0.110,0.148,0,0
33893,0,-0.17,0.00,10.065,0.081,0.326,0,0
33943,0,-0.19,0.00,10.065,0.067,0.235,0,0
33993,0,-0.20,0.00,10.070,0.163,0.206,0,0
34044,0,-0.22,-0.56,10.046,0.120,0.134,0,0
34094,0,-0.23,0.00,10.094,0.220,0.081,0,0
34146,0,-0.24,-0.56,10.013,0.086,0.330,0,0
34198,0,-0.22,0.89,9.984,0.153,0.364,0,0
34250,0,-0.25,0.00,10.108,0.177,0.158,0,0
34314,0,-0.25,0.00,9.984,0.096,0.311,0,0
34364,0,-0.25,0.00,9.998,0.067,0.263,0,0
34415,0,-0.23,0.00,10.065,0.048,0.124,0,0
34467,0,-0.24,0.00,10.036,0.067,0.139,0,0
34519,0,-0.23,-0.52,10.003,0.043,0.283,0,0
34570,0,-0.25,-0.52,10.075,0.105,0.278,0,0
34622,0,-0.21,0.00,10.080,0.038,0.283,0,0
34673,0,-0.21,-1.01,10.051,-0.029,0.330,0,0
34725,0,-0.24,0.00,10.065,0.005,0.297,0,0
34774,0,-0.23,-0.52,10.070,0.096,0.192,0,0
34826,0,-0.21,0.86,10.027,0.101,0.182,0,0
34877,0,-0.21,-1.01,10.036,0.086,0.235,0,0
34929,0,-0.21,0.34,10.046,0.101,0.134,0,0
34980,0,-0.23,0.00,10.022,0.124,0.172,0,0
35031,0,-0.21,0.86,10.022,0.081,0.201,0,0
35081,0,-0.22,-1.01,10.013,0.086,0.158,0,0
35131,0,-0.21,0.35,10.070,0.081,0.120,0,0
35181,0,-0.20,0.00,10.056,0.139,0.105,0,0
35232,0,-0.23,-0.20,10.013,0.115,0.206,0,0
35282,0,-0.26,-1.13,10.084,0.120,0.215,0,0
35334,0,-0.24,0.00,10.075,0.120,0.163,0,0
35385,0,-0.26,-1.01,10.056,0.134,0.110,0,0
35437,0,-0.25,0.34,10.036,0.144,0.134,0,0
35488,0,-0.26,0.00,10.036,0.158,0.139,0,0
35540,0,-0.29,-1.53,10.046,0.177,0.134,0,0
35592,0,-0.32,0.00,10.027,0.158,0.105,0,0
35643,0,-0.34,-1.09,10.022,0.163,0.057,0,0
35695,0,-0.32,0.71,10.032,0.148,0.105,0,0
35746,0,-0.35,-1.01,10.036,0.124,0.115,0,0
35798,0,-0.34,0.36,10.070,0.153,0.038,0,0
35850,0,-0.37,0.00,10.041,0.139,0.072,0,0
35900,0,-0.36,0.34,9.993,0.134,0.115,0,0
35950,0,-0.36,-0.52,10.032,0.124,0.120,0,0
36001,0,-0.36,0.31,10.013,0.177,0.081,0,0
36051,0,-0.37,0.00,10.060,0.139,0.115,0,0
36102,0,-0.39,-1.13,10.036,0.124,0.172,0,0
36154,0,-0.39,-0.15,10.036,0.115,0.148,0,0
36205,0,-0.39,0.00,10.056,0.110,0.139,0,0
36257,0,-0.40,-0.15,10.065,0.115,0.124,0,0
36308,0,-0.43,-1.01,10.032,0.105,0.038,0,0
36366,0,-0.45,-0.26,10.013,0.129,0.163,0,0
36416,0,-0.45,-0.15,10.056,0.101,0.144,0,0
36467,0,-0.48,0.00,10.041,0.163,0.067,0,0
36519,0,-0.48,-0.16,10.017,0.129,0.091,0,0
36571,0,-0.50,-1.01,10.022,0.115,0.196,0,0
36622,0,-0.50,0.00,10.051,0.101,0.144,0,0
36674,0,-0.50,0.36,10.080,0.110,0.101,0,0
36725,0,-0.53,0.00,10.084,0.096,0.148,0,0
36777,0,-0.51,0.22,10.027,0.124,0.153,0,0
36829,0,-0.50,0.34,9.998,0.120,0.148,0,0
36880,0,-0.55,-1.53,10.075,0.062,0.153,0,0
36930,0,-0.56,-1.65,10.056,0.081,0.148,0,0
36981,0,-0.57,0.00,10.022,0.129,0.101,0,0
37031,0,-0.56,0.36,10.027,0.110,0.081,0,0
37081,0,-0.55,0.36,10.032,0.105,0.081,0,0
37131,0,-0.59,0.00,10.022,0.096,0.077,0,0
37183,0,-0.56,0.22,10.027,0.101,0.101,0,0
37235,0,-0.59,-1.04,10.070,0.081,0.048,0,0
37286,0,-0.58,0.00,10.027,0.067,0.124,0,0
37338,0,-0.56,0.34,10.051,0.067,0.110,0,0
37389,0,-0.57,0.00,10.065,0.096,0.096,0,0
37440,0,-0.55,0.82,10.046,0.057,0.091,0,0
37491,0,-0.51,0.00,10.032,0.067,0.105,0,0
37543,0,-0.48,0.34,10.027,0.062,0.062,0,0
37594,0,-0.50,0.00,10.041,0.077,0.048,0,0
37646,0,-0.50,-0.52,10.051,0.091,0.048,0,0
37698,0,-0.48,0.86,10.056,0.057,0.024,0,0
37749,0,-0.51,0.00,10.060,0.072,0.072,0,0
37801,0,-0.46,0.34,10.008,0.053,0.091,0,0
37852,0,-0.48,0.00,10.060,0.077,-0.038,0,0
37904,0,-0.48,-0.52,10.036,0.110,-0.067,0,0
37955,0,-0.47,0.36,10.008,0.096,-0.043,0,0
38005,0,-0.46,0.00,10.041,0.086,-0.014,0,0
38056,0,-0.47,0.36,10.046,0.110,0.000,0,0
38106,0,-0.48,-0.56,10.056,0.081,-0.014,0,0
38155,0,-0.47,0.00,10.041,0.115,-0.038,0,0
38207,0,-0.51,-0.30,10.070,0.115,-0.034,0,0
38259,0,-0.50,0.36,10.036,0.105,0.000,0,0
38310,0,-0.54,-0.19,10.041,0.153,-0.048,0,0
38362,0,-0.57,-1.01,10.056,0.120,-0.014,0,0
38411,0,-0.56,0.18,10.017,0.144,-0.024,0,0
38463,0,-0.59,-1.09,10.041,0.144,-0.029,0,0
38515,0,-0.60,-0.19,10.080,0.129,-0.043,0,0
38565,0,-0.60,-0.15,10.046,0.144,-0.105,0,0
38617,0,-0.63,-1.04,9.989,0.148,-0.077,0,0
38668,0,-0.61,0.34,9.993,0.134,-0.019,0,0
38720,0,-0.59,0.74,10.060,0.091,-0.024,0,0
38771,0,-0.62,0.00,10.065,0.101,-0.057,0,0
38823,0,-0.62,0.36,10.060,0.115,-0.019,0,0
38874,0,-0.63,0.00,10.041,0.139,-0.038,0,0
38924,0,-0.63,0.32,10.022,0.124,-0.010,0,0
38975,0,-0.62,0.36,10.017,0.115,-0.057,0,0
39025,0,-0.61,0.00,10.089,0.110,-0.057,0,0
39076,0,-0.63,0.36,10.027,0.134,-0.038,0,0
39126,0,-0.65,-1.09,10.051,0.096,-0.043,0,0
39177,0,-0.65,0.00,10.027,0.072,0.010,0,0
39229,0,-0.65,-0.52,10.013,0.124,-0.029,0,0
39281,0,-0.64,0.34,10.051,0.067,-0.034,0,0
39332,0,-0.62,0.00,10.041,0.062,-0.048,0,0
39384,0,-0.63,0.82,10.032,0.096,0.005,0,0
39435,0,-0.62,0.00,10.036,0.081,0.057,0,0
39487,0,-0.63,-1.09,10.051,0.077,-0.005,0,0
39539,0,-0.61,0.82,10.046,0.101,-0.057,0,0
39589,0,-0.62,-0.15,10.027,0.086,0.034,0,0
39640,0,-0.61,0.00,10.041,0.057,0.077,0,0
39692,0,-0.64,-1.09,10.089,0.101,-0.062,0,0
39744,0,-0.63,0.34,10.036,0.134,-0.010,0,0
39795,0,-0.67,-1.01,10.008,0.110,0.120,0,0
39847,0,-0.66,0.36,10.017,0.067,0.086,0,0
39899,0,-0.65,0.00,10.089,0.077,0.000,0,0
39949,0,-0.65,0.88,10.051,0.091,0.038,0,0
39999,0,-0.64,0.36,10.013,0.067,0.057,0,0
40050,0,-0.63,0.00,10.013,0.091,0.096,0,0
40100,0,-0.63,0.76,10.051,0.091,0.034,0,0
40153,0,-0.62,0.36,10.041,0.096,0.043,0,0
40204,0,-0.65,0.00,10.041,0.048,0.081,0,0
40256,0,-0.68,-1.53,10.075,0.081,0.038,0,0
40307,0,-0.67,0.34,10.027,0.086,0.081,0,0
40359,0,-0.70,0.34,10.022,0.057,0.043,0,0
40411,0,-0.71,-0.19,10.070,0.072,0.005,0,0
40462,0,-0.71,-0.07,10.060,0.062,0.062,0,0
40512,0,-0.71,0.00,10.051,0.057,0.081,0,0
40563,0,-0.74,-1.01,10.065,0.057,0.057,0,0
40615,0,-0.72,0.74,10.036,0.091,-0.014,0,0
40667,0,-0.74,-0.52,10.027,0.115,0.019,0,0
40718,0,-0.71,0.86,10.008,0.067,0.014,0,0
40770,0,-0.73,0.00,10.032,0.086,0.034,0,0
40821,0,-0.73,0.34,10.065,0.091,0.019,0,0
40873,0,-0.73,0.00,10.027,0.086,-0.005,0,0
40925,0,-0.76,-0.52,10.036,0.091,-0.034,0,0
40976,0,-0.74,0.86,10.036,0.115,0.014,0,0
41026,0,-0.74,0.00,10.036,0.105,0.043,0,0
41076,0,-0.77,-0.56,10.080,0.101,-0.067,0,0
41127,0,-0.78,-0.50,10.022,0.124,-0.038,0,0
41177,0,-0.74,0.00,10.051,0.124,-0.029,0,0
41228,0,-0.74,0.00,10.003,0.134,-0.029,0,0
41279,0,-0.74,0.00,10.075,0.101,-0.053,0,0
41331,0,-0.71,1.34,10.065,0.110,-0.053,0,0
41383,0,-0.71,0.00,10.036,0.124,0.019,0,0
41434,0,-0.72,0.00,10.017,0.129,0.010,0,0
41486,0,-0.76,-1.01,10.017,0.034,-0.057,0,0
41537,0,-0.77,-0.52,10.051,0.158,-0.077,0,0
41588,0,-0.74,1.34,10.084,0.110,-0.124,0,0
41639,0,-0.74,0.00,10.032,0.120,-0.005,0,0
41691,0,-0.70,0.48,10.027,0.091,0.034,0,0
41743,0,-0.70,0.00,10.056,0.124,-0.120,0,0
41794,0,-0.66,0.00,10.065,0.105,-0.105,0,0
41846,0,-0.66,0.00,10.022,0.129,0.014,0,0
41897,0,-0.66,0.00,9.955,0.144,0.067,0,0
41948,0,-0.64,0.00,10.070,0.144,0.005,0,0
41998,0,-0.66,-0.54,10.056,0.096,-0.053,0,0
42048,0,-0.67,0.00,10.046,0.091,0.014,0,0
42099,0,-0.66,0.00,10.008,0.134,0.062,0,0
42149,0,-0.68,-0.50,10.065,0.101,0.048,0,0
42200,0,-0.67,-0.48,10.070,0.134,-0.038,0,0
42252,0,-0.68,-0.52,10.060,0.105,0.062,0,0
42304,0,-0.70,0.00,10.027,0.115,0.067,0,0
42355,0,-0.71,-0.04,10.008,0.139,0.057,0,0
42407,0,-0.71,0.00,10.022,0.134,0.038,0,0
42458,0,-0.72,-0.56,10.075,0.096,0.086,0,0
42511,0,-0.73,-0.27,10.027,0.158,0.053,0,0
42561,0,-0.74,-0.48,10.013,0.081,0.062,0,0
42612,0,-0.72,0.82,10.065,0.101,0.077,0,0
42664,0,-0.75,0.00,10.051,0.120,0.005,0,0
42716,0,-0.75,0.00,10.041,0.134,0.005,0,0
42767,0,-0.75,0.00,10.008,0.091,0.081,0,0
42819,0,-0.73,0.00,10.032,0.129,0.062,0,0
42870,0,-0.73,0.00,10.094,0.096,0.081,0,0
42923,0,-0.74,-0.56,10.056,0.096,0.101,0,0
42973,0,-0.74,0.00,10.056,0.124,0.057,0,0
43023,0,-0.75,0.00,10.027,0.139,0.077,0,0
43074,0,-0.72,0.00,10.008,0.168,0.062,0,0
43124,0,-0.73,-0.56,10.027,0.139,0.091,0,0
43176,0,-0.74,0.00,10.070,0.081,0.134,0,0
43228,0,-0.72,0.82,10.065,0.139,0.101,0,0
43279,0,-0.73,-0.48,10.080,0.124,0.091,0,0
43331,0,-0.71,0.00,10.041,0.120,0.077,0,0
43383,0,-0.73,-0.48,10.051,0.134,0.034,0,0
43434,0,-0.74,-0.52,10.027,0.096,0.081,0,0
43486,0,-0.73,-0.48,10.036,0.129,0.105,0,0
43537,0,-0.75,-0.52,10.060,0.124,0.043,0,0
43589,0,-0.72,0.00,10.027,0.124,0.062,0,0
43641,0,-0.72,0.00,10.065,0.091,0.081,0,0
43691,0,-0.69,1.34,10.032,0.144,0.081,0,0
43742,0,-0.69,0.00,10.027,0.096,0.091,0,0
43794,0,-0.69,0.00,10.070,0.120,0.043,0,0
43846,0,-0.67,0.52,10.013,0.110,0.101,0,0
43897,0,-0.64,0.00,10.032,0.120,0.086,0,0
43948,0,-0.61,0.56,10.065,0.129,0.043,0,0
43998,0,-0.56,1.97,10.070,0.134,0.048,0,0
44048,0,-0.56,0.00,10.060,0.124,0.029,0,0
44099,0,-0.53,0.52,10.032,0.124,0.024,0,0
44149,0,-0.55,-0.52,10.032,0.144,0.067,0,0
44200,0,-0.52,0.00,10.046,0.168,0.029,0,0
44252,0,-0.55,-0.52,10.046,0.144,0.038,0,0
44314,0,-0.54,0.18,10.094,0.134,0.034,0,0
44365,0,-0.56,-0.52,10.036,0.163,0.019,0,0
44417,0,-0.57,0.00,10.051,0.158,0.010,0,0
44467,0,-0.55,0.74,10.032,0.192,0.034,0,0
44516,0,-0.59,-1.09,10.008,0.177,0.081,0,0
44568,0,-0.58,0.34,10.027,0.172,0.067,0,0
44619,0,-0.60,0.00,10.003,0.172,0.034,0,0
44671,0,-0.61,0.00,10.080,0.163,0.043,0,0
44722,0,-0.57,1.34,10.032,0.192,0.000,0,0
44774,0,-0.59,0.00,10.008,0.192,-0.029,0,0
44826,0,-0.60,-0.52,10.008,0.206,0.024,0,0
44877,0,-0.60,0.00,10.051,0.187,0.005,0,0
44930,0,-0.61,-0.93,10.080,0.182,0.091,0,0
44980,0,-0.60,0.00,10.032,0.215,0.067,0,0
45030,0,-0.60,0.00,10.070,0.215,-0.057,0,0
45081,0,-0.60,0.00,10.003,0.254,0.010,0,0
45131,0,-0.60,0.00,10.036,0.215,0.081,0,0
45183,0,-0.61,0.00,10.056,0.235,0.067,0,0
45235,0,-0.61,0.00,10.080,0.187,0.081,0,0
45286,0,-0.61,0.00,10.056,0.168,0.124,0,0
45338,0,-0.67,-0.52,10.046,0.134,0.096,0,0
45389,0,-0.66,0.52,10.065,0.168,0.091,0,0
45441,0,-0.69,-1.27,10.065,0.168,-0.005,0,0
45493,0,-0.68,0.48,10.003,0.215,0.034,0,0
45543,0,-0.68,0.00,9.993,0.148,0.067,0,0
45594,0,-0.68,0.00,10.051,0.139,0.053,0,0
45646,0,-0.69,-0.52,10.046,0.172,0.019,0,0
45698,0,-0.68,0.48,10.060,0.153,0.129,0,0
45749,0,-0.68,0.00,10.070,0.115,0.120,0,0
45801,0,-0.68,0.48,10.070,0.144,0.115,0,0
45852,0,-0.72,-1.34,10.060,0.134,0.124,0,0
45904,0,-0.72,-0.52,10.022,0.134,0.139,0,0
45954,0,-0.70,0.56,10.022,0.148,0.120,0,0
46005,0,-0.74,0.00,10.036,0.172,0.129,0,0
46055,0,-0.74,0.00,10.046,0.153,0.187,0,0
46106,0,-0.75,-0.56,10.051,0.153,0.110,0,0
46156,0,-0.75,0.00,10.036,0.153,0.077,0,0
46207,0,-0.72,0.52,10.022,0.172,0.124,0,0
46259,0,-0.72,0.00,10.027,0.187,0.134,0,0
46310,0,-0.74,0.00,10.051,0.192,0.129,0,0
46362,0,-0.74,0.00,10.065,0.153,0.134,0,0
46414,0,-0.72,0.00,10.032,0.182,0.134,0,0
46466,0,-0.71,0.00,10.051,0.235,0.168,0,0
46516,0,-0.71,0.00,10.075,0.139,0.187,0,0
46567,0,-0.71,0.00,10.075,0.139,0.110,0,0
46619,0,-0.70,0.00,10.065,0.244,0.091,0,0
46671,0,-0.68,0.00,9.936,0.187,0.158,0,0
46722,0,-0.65,1.34,9.979,0.239,0.273,0,0
46774,0,-0.67,-0.56,10.060,0.187,0.239,0,0
46825,0,-0.69,-0.52,10.118,0.196,0.192,0,0
46877,0,-0.70,0.00,10.065,0.177,0.244,0,0
46929,0,-0.72,-0.56,9.989,0.206,0.259,0,0
46980,0,-0.69,1.34,10.008,0.211,0.172,0,0
47032,0,-0.69,0.00,10.051,0.163,0.206,0,0
47082,0,-0.71,-0.56,10.070,0.163,0.244,0,0
47132,0,-0.71,0.00,10.060,0.120,0.225,0,0
47182,0,-0.71,0.00,9.993,0.172,0.287,0,0
47233,0,-0.71,0.00,9.984,0.244,0.172,0,0
47283,0,-0.71,0.00,10.065,0.177,0.129,0,0
47333,0,-0.67,1.37,10.075,0.096,0.220,0,0
47385,0,-0.69,-0.48,10.080,0.105,0.182,0,0
47436,0,-0.69,0.00,10.089,0.139,0.177,0,0
47487,0,-0.65,1.34,10.013,0.163,0.220,0,0
47538,0,-0.68,-0.52,9.993,0.158,0.163,0,0
47590,0,-0.68,0.00,10.008,0.124,0.096,0,0
47642,0,-0.69,0.00,10.041,0.163,0.086,0,0
47693,0,-0.70,-0.48,10.022,0.124,0.148,0,0
47745,0,-0.69,0.00,10.027,0.124,0.177,0,0
47796,0,-0.65,1.49,10.080,0.153,0.101,0,0
47848,0,-0.65,0.00,10.065,0.144,0.081,0,0
47900,0,-0.67,-0.52,10.017,0.144,0.148,0,0
47950,0,-0.67,0.00,10.022,0.172,0.139,0,0
48000,0,-0.63,0.00,10.080,0.182,0.062,0,0
48051,0,-0.62,1.41,10.013,0.144,0.134,0,0
48101,0,-0.62,0.00,10.046,0.177,0.120,0,0
48151,0,-0.61,0.00,10.017,0.192,0.153,0,0
48203,0,-0.59,0.56,10.065,0.192,0.081,0,0
48254,0,-0.59,0.00,10.032,0.182,0.067,0,0
48306,0,-0.59,0.00,10.046,0.192,0.120,0,0
48357,0,-0.61,0.00,10.017,0.153,0.158,0,0
48408,0,-0.61,0.00,10.022,0.196,0.144,0,0
48460,0,-0.60,0.00,10.084,0.187,0.153,0,0
48511,0,-0.60,0.00,10.084,0.134,0.168,0,0
48562,0,-0.59,0.52,10.046,0.158,0.105,0,0
48613,0,-0.59,0.00,10.027,0.182,0.177,0,0
48665,0,-0.59,0.00,10.032,0.168,0.172,0,0
48716,0,-0.59,0.00,10.084,0.134,0.124,0,0
48768,0,-0.59,0.00,10.036,0.139,0.153,0,0
48817,0,-0.59,0.00,10.046,0.139,0.120,0,0
48869,0,-0.59,0.00,10.036,0.115,0.153,0,0
48918,0,-0.59,0.00,10.060,0.124,0.211,0,0
48969,0,-0.59,0.00,10.065,0.101,0.144,0,0
49019,0,-0.59,0.00,10.056,0.134,0.110,0,0
49069,0,-0.57,0.52,10.013,0.168,0.172,0,0
49120,0,-0.57,0.00,9.993,0.124,0.187,0,0
49169,0,-0.57,0.00,10.056,0.153,0.077,0,0
49221,0,-0.59,-0.52,10.070,0.101,0.120,0,0
49273,0,-0.60,-0.52,10.056,0.120,0.163,0,0
49323,0,-0.60,0.00,10.036,0.134,0.177,0,0
49374,0,-0.60,0.00,10.056,0.134,0.153,0,0
49426,0,-0.63,-2.05,10.041,0.115,0.177,0,0
49478,0,-0.61,0.86,10.075,0.124,0.139,0,0
49529,0,-0.62,0.00,10.036,0.153,0.144,0,0
49581,0,-0.63,-0.48,10.041,0.115,0.215,0,0
49632,0,-0.62,0.00,10.056,0.124,0.144,0,0
49684,0,-0.63,0.00,10.046,0.163,0.134,0,0
49736,0,-0.63,0.00,10.027,0.144,0.139,0,0
49787,0,-0.61,0.00,10.032,0.096,0.211,0,0
49839,0,-0.62,-0.52,10.036,0.134,0.177,0,0
49890,0,-0.62,0.00,10.041,0.110,0.172,0,0
49941,0,-0.62,0.00,10.084,0.105,0.182,0,0
49991,0,-0.62,0.00,10.075,0.115,0.134,0,0
50041,0,-0.64,0.00,10.041,0.124,0.201,0,0
50092,0,-0.64,0.00,10.046,0.105,0.211,0,0
50142,0,-0.64,0.00,10.084,0.129,0.139,0,0
50194,0,-0.64,0.48,10.032,0.134,0.148,0,0
50244,0,-0.64,0.00,10.003,0.134,0.148,0,0
50296,0,-0.64,0.00,10.013,0.134,0.048,0,0
50347,0,-0.64,0.00,10.027,0.158,0.048,0,0
50399,0,-0.64,-0.52,10.056,0.129,0.148,0,0
50448,0,-0.62,0.21,10.041,0.158,0.158,0,0
50500,0,-0.61,0.00,10.046,0.124,0.139,0,0
50552,0,-0.61,0.00,10.060,0.096,0.163,0,0
50602,0,-0.61,0.00,10.032,0.153,0.148,0,0
50654,0,-0.61,0.00,10.051,0.110,0.134,0,0
50705,0,-0.62,-0.52,10.060,0.139,0.124,0,0
50757,0,-0.61,0.52,10.027,0.110,0.144,0,0
50808,0,-0.65,0.00,10.036,0.172,0.124,0,0
50860,0,-0.65,0.00,10.056,0.139,0.134,0,0
50909,0,-0.65,0.00,10.046,0.168,0.139,0,0
50960,0,-0.63,0.00,10.017,0.105,0.177,0,0
51010,0,-0.62,0.48,10.046,0.101,0.091,0,0
51060,0,-0.62,0.00,9.969,0.177,-0.077,0,0
51111,0,-0.61,0.00,10.003,0.158,0.038,0,0
51160,0,-0.61,0.00,10.003,0.144,0.158,0,0
51212,0,-0.61,0.00,10.056,0.129,0.211,0,0
51264,0,-0.62,-0.52,10.108,0.101,0.187,0,0
51315,0,-0.57,1.90,10.056,0.101,0.201,0,0
51367,0,-0.58,0.00,10.060,0.115,0.172,0,0
51418,0,-0.58,0.00,10.022,0.134,0.177,0,0
51470,0,-0.60,0.00,10.070,0.091,0.201,0,0
51522,0,-0.60,0.48,10.089,0.081,0.263,0,0
51572,0,-0.60,0.00,10.094,0.072,0.211,0,0
51623,0,-0.60,0.00,10.032,0.144,0.115,0,0
51675,0,-0.60,0.00,9.974,0.182,0.105,0,0
51727,0,-0.60,0.00,9.989,0.086,0.177,0,0
51778,0,-0.58,0.52,10.070,0.110,0.139,0,0
51830,0,-0.57,0.56,10.056,0.062,0.187,0,0
51881,0,-0.57,0.00,10.041,0.081,0.244,0,0
51931,0,-0.58,0.00,10.060,0.120,0.211,0,0
51982,0,-0.61,0.56,10.070,0.086,0.215,0,0
52032,0,-0.61,0.00,10.099,0.043,0.196,0,0
52082,0,-0.61,0.00,10.060,0.115,0.220,0,0
52133,0,-0.61,0.56,10.022,0.086,0.230,0,0
52185,0,-0.57,1.49,10.003,0.110,0.168,0,0
52236,0,-0.59,0.00,10.075,0.096,0.153,0,0
52288,0,-0.57,0.56,10.046,0.134,0.215,0,0
52339,0,-0.57,0.00,10.013,0.115,0.220,0,0
52391,0,-0.58,-0.52,10.065,0.105,0.211,0,0
52443,0,-0.60,-0.52,10.060,0.134,0.129,0,0
52496,0,-0.57,0.41,10.051,0.096,0.177,0,0
52546,0,-0.57,0.00,10.022,0.105,0.239,0,0
52597,0,-0.55,1.38,10.065,0.086,0.192,0,0
52649,0,-0.56,0.00,10.051,0.101,0.163,0,0
52698,0,-0.56,0.86,10.060,0.077,0.225,0,0
52750,0,-0.57,-0.52,10.051,0.081,0.249,0,0
52801,0,-0.60,0.00,10.041,0.096,0.225,0,0
52853,0,-0.59,-0.52,10.041,0.134,0.206,0,0
52904,0,-0.60,0.00,10.065,0.091,0.211,0,0
52956,0,-0.58,-0.48,10.060,0.120,0.259,0,0
53008,0,-0.57,0.36,10.051,0.101,0.211,0,0
53059,0,-0.60,-0.48,10.032,0.120,0.235,0,0
53111,0,-0.58,-0.56,10.022,0.091,0.158,0,0
53161,0,-0.55,0.00,10.089,0.158,0.034,0,0
53212,0,-0.56,0.88,9.998,0.148,0.096,0,0
53262,0,-0.55,0.35,10.008,0.120,0.225,0,0
53313,0,-0.56,0.00,10.070,0.134,0.129,0,0
53363,0,-0.54,0.00,10.080,0.110,0.124,0,0
53414,0,-0.53,0.34,10.051,0.096,0.144,0,0
53466,0,-0.56,0.00,10.056,0.124,0.134,0,0
53518,0,-0.56,-0.52,10.017,0.115,0.148,0,0
53568,0,-0.56,0.00,10.056,0.139,0.144,0,0
53619,0,-0.56,-0.48,10.051,0.120,0.120,0,0
53671,0,-0.57,0.00,10.032,0.153,0.158,0,0
53723,0,-0.56,-0.52,10.051,0.120,0.172,0,0
53774,0,-0.58,-0.48,10.084,0.120,0.148,0,0
53826,0,-0.57,0.00,10.008,0.153,0.091,0,0
53877,0,-0.61,-1.04,10.022,0.163,0.124,0,0
53929,0,-0.64,0.00,10.008,0.134,0.148,0,0
53980,0,-0.61,-0.52,10.104,0.105,0.124,0,0
54030,0,-0.63,-0.54,10.041,0.120,0.139,0,0
54080,0,-0.60,0.00,10.080,0.105,0.101,0,0
54131,0,-0.62,0.00,10.013,0.153,0.148,0,0
54181,0,-0.59,0.89,10.046,0.120,0.105,0,0
54233,0,-0.57,0.00,10.075,0.144,0.105,0,0
54323,0,-0.56,0.12,10.022,0.110,0.134,0,0
54375,0,-0.54,0.00,10.056,0.139,0.168,0,0
54426,0,-0.57,-0.56,10.056,0.120,0.148,0,0
54477,0,-0.55,0.86,10.084,0.163,0.081,0,0
54528,0,-0.52,0.86,10.041,0.139,0.144,0,0
54580,0,-0.55,0.00,10.022,0.163,0.182,0,0
54632,0,-0.59,-1.04,10.008,0.115,0.187,0,0
54683,0,-0.62,-1.01,10.060,0.134,0.120,0,0
54735,0,-0.64,-1.01,10.032,0.124,0.129,0,0
54786,0,-0.62,0.88,10.070,0.053,0.158,0,0
54838,0,-0.59,0.00,10.027,0.105,0.148,0,0
54889,0,-0.64,-1.04,10.013,0.134,0.187,0,0
54942,0,-0.61,0.00,10.060,0.105,0.172,0,0
54992,0,-0.62,0.36,10.070,0.096,0.168,0,0
55042,0,-0.63,-0.50,10.032,0.105,0.168,0,0
55093,0,-0.59,0.00,10.041,0.101,0.168,0,0
55143,0,-0.58,0.00,10.060,0.105,0.201,0,0
55193,0,-0.53,1.89,10.056,0.124,0.124,0,0
55245,0,-0.53,0.00,10.036,0.139,0.110,0,0
55296,0,-0.50,0.52,10.008,0.086,0.206,0,0
55348,0,-0.50,0.00,10.075,0.081,0.144,0,0
55400,0,-0.45,0.00,10.017,0.134,0.201,0,0
55450,0,-0.45,0.00,10.046,0.062,0.249,0,0
55501,0,-0.42,0.86,10.075,0.081,0.192,0,0
55553,0,-0.42,0.00,10.022,0.172,0.206,0,0
55605,0,-0.44,0.00,10.041,0.105,0.244,0,0
55656,0,-0.42,0.86,10.070,0.148,0.139,0,0
55708,0,-0.42,0.00,10.041,0.168,0.172,0,0
55759,0,-0.39,1.34,10.041,0.124,0.239,0,0
55811,0,-0.41,0.00,10.056,0.129,0.235,0,0
55863,0,-0.43,-0.48,10.065,0.134,0.187,0,0
55914,0,-0.43,0.00,10.041,0.172,0.225,0,0
55964,0,-0.45,0.00,10.046,0.072,0.225,0,0
56015,0,-0.41,1.45,10.041,0.091,0.225,0,0
56065,0,-0.42,-0.52,10.070,0.110,0.172,0,0
56116,0,-0.44,0.00,10.032,0.101,0.182,0,0
56166,0,-0.45,-0.56,10.046,0.101,0.225,0,0
56215,0,-0.43,0.86,10.036,0.144,0.187,0,0
56267,0,-0.43,0.00,10.017,0.120,0.172,0,0
56318,0,-0.39,1.45,10.056,0.144,0.153,0,0
56379,0,-0.39,0.10,10.056,0.120,0.129,0,0
56429,0,-0.39,0.00,10.046,0.081,0.215,0,0
56481,0,-0.38,0.86,10.046,0.124,0.163,0,0
56532,0,-0.36,0.82,10.051,0.124,0.158,0,0
56584,0,-0.36,0.34,10.041,0.134,0.120,0,0
56635,0,-0.39,-1.04,10.017,0.192,0.029,0,0
56687,0,-0.37,0.00,9.998,0.192,0.110,0,0
56739,0,-0.42,-1.01,9.989,0.144,0.201,0,0
56790,0,-0.43,-0.52,10.094,0.139,0.077,0,0
56842,0,-0.42,-0.56,10.094,0.168,0.110,0,0
56893,0,-0.42,0.34,10.080,0.110,0.201,0,0
56946,0,-0.43,0.00,10.032,0.177,0.105,0,0
56996,0,-0.45,-1.09,10.032,0.192,0.096,0,0
57046,0,-0.43,0.77,10.003,0.177,0.134,0,0
57097,0,-0.45,0.00,10.032,0.163,0.139,0,0
57147,0,-0.46,-0.56,10.070,0.172,0.129,0,0
57200,0,-0.45,0.36,10.013,0.177,0.153,0,0
57251,0,-0.46,0.00,10.036,0.211,0.153,0,0
57303,0,-0.45,-0.52,10.089,0.034,0.144,0,0
57354,0,-0.43,0.00,10.075,0.158,0.072,0,0
57406,0,-0.44,-1.04,9.965,0.192,0.144,0,0
57458,0,-0.45,-0.48,10.003,0.129,0.211,0,0
57509,0,-0.44,0.00,10.132,0.120,0.129,0,0
57561,0,-0.43,-0.48,10.060,0.153,0.115,0,0
57611,0,-0.40,1.30,10.080,0.124,0.172,0,0
57663,0,-0.41,-0.52,10.046,0.153,0.139,0,0
57714,0,-0.39,0.00,10.056,0.177,0.144,0,0
57766,0,-0.38,0.86,10.027,0.168,0.124,0,0
57817,0,-0.38,0.00,10.032,0.139,0.172,0,0
57869,0,-0.37,-0.52,10.046,0.158,0.168,0,0
57921,0,-0.39,-0.52,10.056,0.148,0.134,0,0
57971,0,-0.36,0.00,10.027,0.120,0.172,0,0
58021,0,-0.38,-0.52,10.051,0.144,0.110,0,0
58072,0,-0.35,0.81,10.036,0.153,0.134,0,0
58122,0,-0.37,0.00,10.022,0.144,0.148,0,0
58172,0,-0.36,0.93,10.046,0.144,0.201,0,0
58224,0,-0.37,-0.56,10.070,0.124,0.153,0,0
58276,0,-0.35,-0.45,10.056,0.144,0.124,0,0
58327,0,-0.36,-0.56,10.070,0.110,0.172,0,0
58379,0,-0.33,0.00,10.060,0.129,0.177,0,0
58432,0,-0.33,-0.05,9.993,0.124,0.196,0,0
58484,0,-0.35,0.00,10.036,0.153,0.168,0,0
58534,0,-0.33,0.74,10.051,0.129,0.129,0,0
58586,0,-0.34,0.00,10.080,0.129,0.187,0,0
58637,0,-0.33,-1.01,10.036,0.153,0.206,0,0
58689,0,-0.34,0.00,10.036,0.153,0.192,0,0
58740,0,-0.33,-0.52,10.051,0.124,0.172,0,0
58792,0,-0.31,0.82,10.065,0.158,0.163,0,0
58844,0,-0.29,1.34,10.017,0.120,0.172,0,0
58895,0,-0.32,-1.01,10.032,0.148,0.215,0,0
58947,0,-0.29,0.00,10.051,0.148,0.187,0,0
58998,0,-0.36,-1.57,10.065,0.110,0.192,0,0
59048,0,-0.34,0.88,10.075,0.101,0.201,0,0
59099,0,-0.37,0.00,10.070,0.115,0.163,0,0
59149,0,-0.37,0.89,9.993,0.153,0.192,0,0
59201,0,-0.40,-1.09,10.022,0.153,0.177,0,0
59253,0,-0.42,0.26,10.060,0.129,0.168,0,0
59302,0,-0.45,-1.01,10.065,0.115,0.196,0,0
59354,0,-0.44,0.00,9.998,0.182,0.144,0,0
59405,0,-0.46,0.37,10.022,0.148,0.168,0,0
59457,0,-0.48,-1.04,10.084,0.072,0.268,0,0
59508,0,-0.52,-1.53,10.108,0.048,0.220,0,0
59559,0,-0.52,0.00,10.056,0.086,0.182,0,0
59610,0,-0.52,-0.52,10.013,0.096,0.139,0,0
59662,0,-0.52,-0.11,9.993,0.110,0.206,0,0
59714,0,-0.58,-0.97,10.060,0.105,0.215,0,0
59765,0,-0.57,0.34,10.070,0.077,0.220,0,0
59817,0,-0.60,0.00,10.080,0.072,0.153,0,0
59868,0,-0.62,-1.13,10.094,0.101,0.158,0,0
59920,0,-0.63,-0.48,10.027,0.096,0.163,0,0
59970,0,-0.62,-0.52,10.027,0.101,0.124,0,0
60021,0,-0.64,-0.56,10.013,0.115,0.134,0,0
60071,0,-0.63,0.00,10.051,0.124,0.139,0,0
60121,0,-0.67,-1.13,10.056,0.139,0.148,0,0
60172,0,-0.66,0.36,10.036,0.124,0.134,0,0
60222,0,-0.65,0.00,10.017,0.172,0.115,0,0
60273,0,-0.64,0.82,10.027,0.115,0.110,0,0
60325,0,-0.64,0.00,10.022,0.139,0.081,0,0
60377,0,-0.62,0.00,10.036,0.105,0.072,0,0
60428,0,-0.61,1.38,10.032,0.129,0.182,0,0
60485,0,-0.61,0.00,10.084,0.081,0.144,0,0
60535,0,-0.63,-0.56,10.017,0.158,0.057,0,0
60586,0,-0.62,-0.52,10.041,0.124,0.057,0,0
60638,0,-0.59,0.88,10.032,0.182,0.158,0,0
60690,0,-0.62,0.00,10.051,0.144,0.120,0,0
60741,0,-0.59,0.26,10.032,0.153,0.096,0,0
60793,0,-0.61,0.00,10.051,0.148,0.081,0,0
60844,0,-0.62,-1.04,10.003,0.139,0.120,0,0
60896,0,-0.59,1.38,10.036,0.110,0.144,0,0
60948,0,-0.62,0.00,10.060,0.120,0.134,0,0
60999,0,-0.59,0.00,10.056,0.124,0.172,0,0
61049,0,-0.61,-0.52,10.070,0.148,0.158,0,0
61100,0,-0.57,0.00,10.032,0.168,0.153,0,0
61150,0,-0.56,0.93,10.041,0.120,0.215,0,0
61200,0,-0.56,0.00,10.036,0.139,0.163,0,0
61251,0,-0.58,0.00,10.041,0.177,0.115,0,0
61303,0,-0.54,1.38,10.065,0.134,0.163,0,0
61354,0,-0.55,0.00,10.084,0.124,0.172,0,0
61406,0,-0.57,0.00,10.036,0.139,0.196,0,0
61458,0,-0.57,0.00,10.051,0.134,0.144,0,0
61508,0,-0.55,0.52,10.046,0.105,0.168,0,0
61560,0,-0.50,0.00,10.041,0.120,0.206,0,0
61611,0,-0.49,0.52,10.046,0.091,0.172,0,0
61663,0,-0.47,0.00,10.046,0.086,0.172,0,0
61714,0,-0.47,0.00,10.041,0.144,0.148,0,0
61766,0,-0.47,0.00,10.041,0.153,0.139,0,0
61818,0,-0.44,0.00,10.032,0.120,0.129,0,0
61869,0,-0.41,0.52,10.060,0.124,0.196,0,0
61921,0,-0.41,0.00,10.027,0.158,0.244,0,0
61971,0,-0.41,-0.52,10.051,0.148,0.196,0,0
62022,0,-0.41,0.00,10.056,0.110,0.172,0,0
62072,0,-0.41,0.00,10.046,0.110,0.225,0,0
62122,0,-0.41,0.00,10.036,0.124,0.215,0,0
62173,0,-0.40,0.24,10.013,0.158,0.148,0,0
62224,0,-0.42,0.00,10.051,0.110,0.206,0,0
62276,0,-0.43,0.00,10.051,0.091,0.239,0,0
62328,0,-0.41,0.00,10.065,0.105,0.211,0,0
62379,0,-0.45,-0.52,10.017,0.129,0.163,0,0
62431,0,-0.44,0.34,10.027,0.134,0.153,0,0
62482,0,-0.45,0.00,10.051,0.134,0.172,0,0
62535,0,-0.45,0.17,10.013,0.134,0.182,0,0
62587,0,-0.42,0.82,10.003,0.120,0.225,0,0
62637,0,-0.44,-0.52,10.065,0.105,0.254,0,0
62689,0,-0.41,0.00,10.070,0.096,0.177,0,0
62740,0,-0.41,0.86,10.075,0.115,0.235,0,0
62792,0,-0.41,0.00,10.032,0.077,0.254,0,0
62843,0,-0.42,-1.09,10.036,0.144,0.153,0,0
62895,0,-0.44,-0.52,10.056,0.139,0.172,0,0
62945,0,-0.42,0.00,10.051,0.172,0.153,0,0
62995,0,-0.40,0.88,10.089,0.144,0.101,0,0
63046,0,-0.37,0.97,10.022,0.187,0.096,0,0
63096,0,-0.40,0.00,10.036,0.153,0.134,0,0
63146,0,-0.40,0.93,10.008,0.168,0.144,0,0
63196,0,-0.40,0.00,10.051,0.148,0.067,0,0
63248,0,-0.40,0.00,10.060,0.153,0.115,0,0
63299,0,-0.42,-0.48,10.032,0.163,0.192,0,0
63351,0,-0.40,0.82,10.041,0.158,0.105,0,0
63403,0,-0.44,-1.01,10.075,0.168,0.124,0,0
63454,0,-0.43,0.36,10.041,0.158,0.134,0,0
63506,0,-0.41,0.00,10.051,0.187,0.110,0,0
63557,0,-0.40,0.34,10.036,0.177,0.120,0,0
63609,0,-0.40,0.00,10.046,0.177,0.120,0,0
63661,0,-0.39,1.27,10.075,0.172,0.081,0,0
63711,0,-0.39,0.00,10.008,0.172,0.115,0,0
63762,0,-0.42,-0.45,10.022,0.182,0.091,0,0
63814,0,-0.40,0.00,10.017,0.192,0.105,0,0
63866,0,-0.43,-0.52,10.046,0.163,0.115,0,0
63917,0,-0.44,-0.52,10.017,0.177,0.096,0,0
63967,0,-0.39,0.00,10.065,0.129,0.110,0,0
64018,0,-0.42,-0.56,10.017,0.129,0.134,0,0
64068,0,-0.43,-0.56,10.065,0.134,0.124,0,0
64119,0,-0.44,0.00,10.041,0.101,0.192,0,0
64169,0,-0.43,-0.52,10.003,0.139,0.211,0,0
64218,0,-0.46,-1.04,10.041,0.124,0.172,0,0
64270,0,-0.45,-0.45,10.060,0.120,0.259,0,0
64320,0,-0.48,-0.47,10.051,0.124,0.187,0,0
64372,0,-0.47,-0.52,10.032,0.182,0.153,0,0
64424,0,-0.45,0.86,9.993,0.148,0.187,0,0
64474,0,-0.44,0.30,10.056,0.110,0.201,0,0
64525,0,-0.45,-0.48,10.065,0.110,0.211,0,0
64577,0,-0.43,0.00,10.017,0.124,0.254,0,0
64629,0,-0.42,0.74,10.051,0.139,0.192,0,0
64680,0,-0.42,0.00,10.041,0.148,0.115,0,0
64732,0,-0.44,-1.01,10.027,0.096,0.287,0,0
64783,0,-0.42,0.88,10.051,0.144,0.192,0,0
64835,0,-0.41,0.82,10.080,0.124,0.148,0,0
64887,0,-0.41,0.00,10.046,0.115,0.225,0,0
64939,0,-0.39,0.00,10.046,0.124,0.235,0,0
64989,0,-0.44,-1.09,10.080,0.129,0.192,0,0
65039,0,-0.42,0.89,10.056,0.182,0.196,0,0
65090,0,-0.42,0.00,10.070,0.124,0.187,0,0
65140,0,-0.43,-1.09,10.017,0.182,0.192,0,0
65190,0,-0.39,1.45,10.046,0.153,0.187,0,0
65242,0,-0.40,0.00,10.075,0.129,0.235,0,0
65293,0,-0.40,-0.52,10.041,0.153,0.211,0,0
65345,0,-0.41,0.00,10.036,0.182,0.201,0,0
65397,0,-0.40,0.00,10.017,0.158,0.211,0,0
65447,0,-0.40,0.00,10.022,0.153,0.306,0,0
65498,0,-0.43,-0.52,10.065,0.124,0.215,0,0
65550,0,-0.41,0.00,10.056,0.158,0.148,0,0
65602,0,-0.41,0.00,10.060,0.115,0.244,0,0
65653,0,-0.38,0.86,10.080,0.120,0.211,0,0
65705,0,-0.40,0.00,10.027,0.182,0.177,0,0
65756,0,-0.37,1.34,9.993,0.158,0.187,0,0
65808,0,-0.39,0.00,10.008,0.144,0.172,0,0
65857,0,-0.39,-1.01,10.075,0.120,0.235,0,0
65909,0,-0.39,0.00,10.065,0.115,0.201,0,0
65958,0,-0.38,-0.52,10.051,0.168,0.148,0,0
66009,0,-0.41,-1.09,10.017,0.163,0.220,0,0
66059,0,-0.42,0.00,10.056,0.163,0.124,0,0
66110,0,-0.42,-1.09,10.036,0.211,0.067,0,0
66160,0,-0.39,0.93,9.989,0.187,0.215,0,0
66210,0,-0.41,0.00,10.060,0.187,0.187,0,0
66262,0,-0.43,-0.52,10.084,0.196,0.148,0,0
66314,0,-0.41,0.74,10.056,0.187,0.182,0,0
66367,0,-0.43,-0.27,10.013,0.206,0.139,0,0
66417,0,-0.43,0.00,10.017,0.239,0.129,0,0
66469,0,-0.40,0.93,10.027,0.249,0.168,0,0
66520,0,-0.42,-0.52,10.032,0.235,0.144,0,0
66572,0,-0.42,0.00,10.075,0.249,0.086,0,0
66623,0,-0.40,0.00,10.022,0.239,0.144,0,0
66675,0,-0.40,0.00,10.027,0.225,0.196,0,0
66727,0,-0.37,1.38,10.070,0.215,0.105,0,0
66778,0,-0.36,0.45,10.036,0.263,0.072,0,0
66830,0,-0.39,0.00,9.998,0.235,0.129,0,0
66881,0,-0.38,0.34,10.036,0.182,0.239,0,0
66933,0,-0.39,0.00,10.056,0.206,0.177,0,0
66984,0,-0.45,-1.61,10.046,0.206,0.148,0,0
67034,0,-0.42,0.88,10.041,0.211,0.196,0,0
67084,0,-0.45,0.00,10.013,0.220,0.139,0,0
67135,0,-0.49,-0.54,10.051,0.230,0.215,0,0
67185,0,-0.48,0.36,10.070,0.158,0.263,0,0
67237,0,-0.52,0.00,10.084,0.192,0.211,0,0
67288,0,-0.56,-0.48,10.032,0.230,0.196,0,0
67340,0,-0.54,0.00,10.060,0.172,0.220,0,0
67390,0,-0.56,-0.45,10.060,0.182,0.215,0,0
67439,0,-0.60,0.00,10.041,0.163,0.230,0,0
67491,0,-0.58,0.22,10.041,0.168,0.244,0,0
67542,0,-0.60,-0.52,10.036,0.177,0.239,0,0
67594,0,-0.59,-0.56,10.041,0.110,0.335,0,0
67645,0,-0.61,-1.04,10.051,0.168,0.211,0,0
67697,0,-0.59,0.00,10.046,0.196,0.235,0,0
67746,0,-0.60,0.86,10.080,0.096,0.278,0,0
67798,0,-0.60,0.00,10.080,0.153,0.220,0,0
67849,0,-0.59,0.00,10.041,0.206,0.249,0,0
67901,0,-0.60,-0.52,9.993,0.182,0.292,0,0
67951,0,-0.58,0.00,10.065,0.163,0.220,0,0
68001,0,-0.58,0.88,10.051,0.153,0.220,0,0
68051,0,-0.60,-0.50,10.027,0.153,0.311,0,0
68102,0,-0.62,0.00,10.065,0.177,0.259,0,0
68152,0,-0.60,-0.56,10.051,0.168,0.230,0,0
68205,0,-0.63,-1.04,10.027,0.220,0.196,0,0
68255,0,-0.62,0.26,10.032,0.206,0.211,0,0
68306,0,-0.65,0.00,10.032,0.192,0.297,0,0
68358,0,-0.65,0.88,10.036,0.177,0.235,0,0
68412,0,-0.68,-0.37,10.089,0.225,0.192,0,0
68464,0,-0.66,0.86,10.036,0.172,0.278,0,0
68514,0,-0.66,0.00,10.046,0.172,0.254,0,0
68566,0,-0.62,1.34,10.051,0.172,0.244,0,0
68617,0,-0.64,0.00,10.051,0.192,0.263,0,0
68669,0,-0.60,1.34,10.056,0.201,0.239,0,0
68720,0,-0.60,0.00,10.032,0.192,0.230,0,0
68772,0,-0.61,0.00,10.041,0.192,0.215,0,0
68824,0,-0.60,0.00,10.051,0.201,0.206,0,0
68875,0,-0.63,-0.52,10.032,0.211,0.215,0,0
68927,0,-0.60,0.93,10.032,0.196,0.206,0,0
68977,0,-0.62,0.00,10.065,0.201,0.115,0,0
69028,0,-0.62,0.52,10.041,0.206,0.182,0,0
69078,0,-0.59,0.89,9.998,0.192,0.239,0,0
69128,0,-0.59,0.00,10.041,0.211,0.105,0,0
69179,0,-0.60,-0.56,10.032,0.220,0.110,0,0
69228,0,-0.61,-0.48,10.032,0.225,0.192,0,0
69280,0,-0.60,-0.48,10.056,0.244,0.134,0,0
69332,0,-0.62,-0.52,10.008,0.244,0.168,0,0
69383,0,-0.63,0.00,10.060,0.244,0.187,0,0
69435,0,-0.65,0.71,10.046,0.244,0.144,0,0
69486,0,-0.68,-1.01,10.032,0.235,0.172,0,0
69537,0,-0.69,-0.52,10.051,0.220,0.187,0,0
69588,0,-0.71,0.00,10.041,0.249,0.168,0,0
69640,0,-0.73,-1.01,10.060,0.225,0.134,0,0
69692,0,-0.74,-0.52,10.032,0.220,0.163,0,0
69743,0,-0.70,1.34,10.027,0.273,0.105,0,0
69795,0,-0.72,-0.48,10.013,0.235,0.115,0,0
69846,0,-0.72,0.00,10.032,0.235,0.139,0,0
69898,0,-0.73,-0.52,10.075,0.196,0.144,0,0
69948,0,-0.69,0.00,10.046,0.187,0.148,0,0
69998,0,-0.73,-1.04,10.051,0.196,0.168,0,0
70049,0,-0.71,0.88,10.032,0.230,0.153,0,0
70099,0,-0.73,0.00,10.027,0.230,0.192,0,0
70150,0,-0.74,-0.56,10.070,0.230,0.158,0,0
70202,0,-0.70,1.34,10.056,0.201,0.172,0,0
70253,0,-0.72,0.00,10.027,0.206,0.177,0,0
70305,0,-0.73,1.38,10.051,0.177,0.148,0,0
70356,0,-0.74,-0.52,10.075,0.211,0.177,0,0
70408,0,-0.77,-0.56,10.022,0.196,0.206,0,0
70463,0,-0.76,0.18,10.036,0.211,0.144,0,0
70515,0,-0.78,0.00,10.065,0.206,0.177,0,0
70566,0,-0.80,-0.52,10.013,0.211,0.177,0,0
70617,0,-0.80,0.00,10.056,0.187,0.172,0,0
70668,0,-0.83,-1.01,10.065,0.192,0.196,0,0
70720,0,-0.83,0.00,10.070,0.158,0.196,0,0
70771,0,-0.83,0.93,10.046,0.211,0.220,0,0
70823,0,-0.83,0.00,10.036,0.177,0.206,0,0
70875,0,-0.85,-0.52,10.051,0.215,0.163,0,0
70924,0,-0.83,0.56,10.041,0.220,0.153,0,0
70975,0,-0.83,0.00,10.041,0.201,0.211,0,0
71025,0,-0.83,0.93,10.060,0.239,0.172,0,0
71075,0,-0.83,0.00,10.032,0.206,0.225,0,0
71126,0,-0.84,0.00,10.046,0.177,0.230,0,0
71176,0,-0.87,-0.54,10.065,0.235,0.187,0,0
71227,0,-0.87,0.00,10.056,0.220,0.153,0,0
71279,0,-0.89,-0.48,10.003,0.211,0.230,0,0
71330,0,-0.87,0.74,10.022,0.182,0.239,0,0
71382,0,-0.90,0.00,10.060,0.211,0.163,0,0
71434,0,-0.90,0.00,10.056,0.206,0.196,0,0
71484,0,-0.93,-1.01,10.056,0.201,0.239,0,0
71536,0,-0.89,1.45,10.036,0.215,0.215,0,0
71587,0,-0.91,0.00,10.041,0.230,0.206,0,0
71639,0,-0.93,-0.52,10.060,0.201,0.211,0,0
71690,0,-0.96,0.00,10.041,0.187,0.220,0,0
71742,0,-0.94,-0.52,10.017,0.196,0.211,0,0
71794,0,-0.94,0.00,10.036,0.220,0.187,0,0
71845,0,-0.92,0.00,10.027,0.187,0.158,0,0
71897,0,-0.92,0.00,10.036,0.225,0.168,0,0
71946,0,-0.93,0.00,10.070,0.239,0.172,0,0
71997,0,-0.91,-0.52,10.017,0.230,0.148,0,0
72047,0,-0.92,-0.60,10.013,0.244,0.172,0,0
72097,0,-0.90,0.00,10.051,0.225,0.172,0,0
72148,0,-0.91,-0.54,10.075,0.192,0.187,0,0
72198,0,-0.91,0.00,10.080,0.254,0.172,0,0
72249,0,-0.89,0.00,10.056,0.249,0.182,0,0
72301,0,-0.87,0.00,10.008,0.259,0.192,0,0
72353,0,-0.89,-0.48,10.027,0.297,0.163,0,0
72403,0,-0.90,-0.52,10.046,0.263,0.177,0,0
72455,0,-0.90,0.00,10.051,0.230,0.177,0,0
72507,0,-0.93,-0.38,10.046,0.297,0.129,0,0
72559,0,-0.94,0.00,10.013,0.239,0.206,0,0
72611,0,-0.91,1.34,10.017,0.230,0.220,0,0
72661,0,-0.92,-0.52,10.056,0.259,0.115,0,0
72712,0,-0.92,0.00,10.084,0.220,0.196,0,0
72764,0,-0.92,0.48,10.041,0.244,0.177,0,0
72816,0,-0.92,0.00,10.099,0.192,0.230,0,0
72867,0,-0.92,0.00,10.056,0.230,0.259,0,0
72919,0,-0.91,0.56,10.108,0.129,0.297,0,0
72969,0,-0.89,0.00,10.046,0.091,0.292,0,0
73020,0,-0.88,0.00,10.017,0.206,0.134,0,0
73070,0,-0.85,1.29,9.907,0.220,0.081,0,0
73120,0,-0.85,0.00,10.013,0.211,0.172,0,0
73171,0,-0.87,0.46,10.036,0.153,0.335,0,0
73220,0,-0.87,0.00,10.022,0.124,0.369,0,0
73272,0,-0.85,0.00,10.075,0.081,0.244,0,0
73323,0,-0.84,0.52,10.099,0.124,0.177,0,0
73375,0,-0.82,0.52,9.993,0.144,0.263,0,0
73426,0,-0.82,0.00,10.027,0.192,0.340,0,0
73478,0,-0.82,0.00,10.123,0.158,0.153,0,0
73530,0,-0.85,0.00,10.075,0.244,0.263,0,0
73580,0,-0.86,-0.48,10.017,0.225,0.259,0,0
73632,0,-0.85,0.00,10.017,0.120,0.187,0,0
73683,0,-0.85,0.00,10.008,0.091,0.144,0,0
73735,0,-0.87,0.00,9.984,0.225,0.134,0,0
73786,0,-0.86,0.00,9.960,0.225,0.177,0,0
73838,0,-0.84,0.52,10.075,0.057,0.062,0,0
73890,0,-0.83,0.52,9.998,0.177,0.158,0,0
73942,0,-0.82,0.56,10.056,-0.038,0.115,0,0
73992,0,-0.80,0.00,10.065,-0.038,0.124,0,0
74043,0,-0.79,0.56,10.017,-0.072,0.029,0,0
74093,0,-0.79,0.00,9.969,-0.038,0.000,0,0
74143,0,-0.77,0.00,10.051,-0.120,-0.029,0,0
74193,0,-0.77,0.54,10.022,-0.144,0.019,0,0
74245,0,-0.77,0.00,10.027,-0.192,-0.019,0,0
74320,0,-0.77,0.00,10.017,-0.263,-0.034,0,0
74372,0,-0.77,-0.48,10.036,-0.273,-0.038,0,0
74423,0,-0.77,0.00,10.003,-0.306,-0.019,0,0
74474,0,-0.77,0.00,10.075,-0.397,-0.383,0,0
74525,0,-0.77,0.00,10.180,-0.321,-0.656,0,0
74577,0,-0.77,0.00,10.080,-0.460,-0.527,0,0
74628,0,-0.77,0.00,9.989,-0.474,-0.220,0,0
74680,0,-0.76,0.00,9.989,-0.460,-0.244,0,0
74732,0,-0.76,0.00,10.046,-0.417,-0.373,0,0
74783,0,-0.73,0.00,10.036,-0.354,-0.330,0,0
74835,0,-0.71,0.52,9.979,-0.393,-0.263,0,0
74886,0,-0.73,-0.52,10.051,-0.431,-0.297,0,0
74938,0,-0.70,-0.48,10.036,-0.402,-0.306,0,0
74987,0,-0.72,-0.52,10.046,-0.417,-0.244,0,0
75038,0,-0.72,0.00,10.051,-0.388,-0.235,0,0
75088,0,-0.70,1.37,9.974,-0.479,-0.235,0,0
75139,0,-0.71,-0.56,10.017,-0.292,-0.263,0,0
75189,0,-0.72,0.00,9.993,-0.345,-0.177,0,0
75239,0,-0.69,1.49,10.003,-0.378,-0.182,0,0
75289,0,-0.69,0.00,10.032,-0.235,-0.225,0,0
75341,0,-0.69,0.00,10.022,-0.278,-0.134,0,0
75391,0,-0.69,0.00,10.017,-0.369,-0.062,0,0
75443,0,-0.67,0.52,10.065,-0.345,-0.120,0,0
75494,0,-0.67,0.00,10.080,-0.311,-0.201,0,0
75546,0,-0.62,0.00,10.027,-0.292,-0.206,0,0
75597,0,-0.65,-0.48,10.008,-0.278,-0.206,0,0
75649,0,-0.61,1.34,10.017,-0.302,-0.201,0,0
75701,0,-0.64,-0.48,10.022,-0.321,-0.211,0,0
75752,0,-0.61,1.34,10.036,-0.316,-0.134,0,0
75804,0,-0.61,0.00,10.008,-0.287,-0.144,0,0
75855,0,-0.63,-0.48,10.056,-0.340,-0.163,0,0
75907,0,-0.66,0.00,10.032,-0.273,-0.110,0,0
75957,0,-0.64,0.00,10.027,-0.340,-0.096,0,0
76007,0,-0.65,-0.52,10.080,-0.373,-0.105,0,0
76058,0,-0.65,0.00,10.051,-0.364,-0.091,0,0
76108,0,-0.68,-1.13,9.998,-0.321,-0.091,0,0
76158,0,-0.69,-0.52,10.046,-0.302,-0.144,0,0
76208,0,-0.71,0.00,10.056,-0.326,-0.101,0,0
76260,0,-0.68,0.89,10.041,-0.292,-0.096,0,0
76310,0,-0.68,0.00,10.041,-0.283,-0.153,0,0
76365,0,-0.70,-0.19,10.017,-0.254,-0.048,0,0
76417,0,-0.70,0.00,10.022,-0.268,-0.062,0,0
76467,0,-0.70,0.00,10.080,-0.278,-0.129,0,0
76519,0,-0.70,0.00,9.989,-0.306,-0.053,0,0
76570,0,-0.70,0.00,10.022,-0.206,-0.144,0,0
76622,0,-0.71,-0.48,10.032,-0.297,-0.010,0,0
76673,0,-0.71,0.00,10.017,-0.244,0.043,0,0
76725,0,-0.72,-0.56,10.036,-0.302,0.077,0,0
76776,0,-0.72,0.00,10.108,-0.297,-0.048,0,0
76828,0,-0.71,0.00,10.022,-0.283,-0.110,0,0
76880,0,-0.70,0.52,10.065,-0.273,-0.034,0,0
76931,0,-0.66,0.00,10.032,-0.287,0.019,0,0
76982,0,-0.63,0.56,10.060,-0.278,-0.081,0,0
77032,0,-0.63,0.00,10.060,-0.297,-0.072,0,0
77083,0,-0.63,0.00,10.013,-0.287,-0.053,0,0
77133,0,-0.65,0.00,10.032,-0.225,-0.081,0,0
77183,0,-0.66,-0.54,10.032,-0.268,-0.101,0,0
77233,0,-0.65,0.00,10.027,-0.278,-0.072,0,0
77285,0,-0.66,0.00,10.017,-0.278,-0.062,0,0
77336,0,-0.64,0.00,10.027,-0.263,-0.072,0,0
77388,0,-0.62,0.00,10.036,-0.211,-0.091,0,0
77440,0,-0.64,-0.52,10.036,-0.278,-0.014,0,0
77490,0,-0.64,0.00,10.046,-0.268,-0.029,0,0
77542,0,-0.64,0.00,10.142,-0.321,-0.067,0,0
77593,0,-0.64,0.00,10.032,-0.172,-0.168,0,0
77645,0,-0.62,0.74,9.960,-0.139,-0.077,0,0
77696,0,-0.64,-0.48,10.003,-0.263,0.005,0,0
77748,0,-0.66,-0.52,10.032,-0.254,0.019,0,0
77800,0,-0.67,0.00,10.104,-0.441,0.134,0,0
77851,0,-0.69,0.00,10.233,-0.464,0.215,0,0
77903,0,-0.71,-1.13,10.166,-0.469,0.139,0,0
77952,0,-0.71,0.00,10.017,-0.187,-0.096,0,0
78003,0,-0.73,-0.48,9.792,-0.148,-0.350,0,0
78053,0,-0.73,0.00,9.898,-0.249,-0.196,0,0
78103,0,-0.73,0.00,10.080,-0.450,0.005,0,0
78154,0,-0.74,-0.54,10.104,-0.311,-0.043,0,0
78204,0,-0.74,0.00,9.974,-0.091,-0.206,0,0
78256,0,-0.73,0.00,9.922,-0.005,-0.206,0,0
78307,0,-0.71,0.45,10.017,-0.091,-0.077,0,0
78359,0,-0.70,0.00,10.190,-0.345,0.067,0,0
78412,0,-0.72,-0.38,10.180,-0.455,0.072,0,0
78464,0,-0.71,0.00,10.094,-0.259,-0.062,0,0
78516,0,-0.71,0.00,9.998,-0.196,-0.177,0,0
78566,0,-0.71,0.00,9.974,-0.110,-0.211,0,0
78617,0,-0.71,0.00,9.965,-0.153,-0.153,0,0
78669,0,-0.72,0.00,10.032,-0.239,-0.110,0,0
78721,0,-0.72,0.00,10.070,-0.201,-0.201,0,0
78772,0,-0.76,-1.30,10.056,-0.144,-0.139,0,0
78824,0,-0.74,0.00,10.027,-0.120,-0.163,0,0
78875,0,-0.74,0.00,10.032,-0.120,-0.220,0,0
78927,0,-0.73,0.00,10.013,-0.115,-0.177,0,0
78977,0,-0.71,0.52,10.017,-0.211,-0.120,0,0
79028,0,-0.71,0.00,10.056,-0.192,-0.177,0,0
79078,0,-0.71,0.00,10.022,-0.182,-0.148,0,0
79129,0,-0.73,-0.52,10.032,-0.211,-0.129,0,0
79179,0,-0.73,0.00,10.080,-0.235,-0.158,0,0
79231,0,-0.71,0.00,10.070,-0.211,-0.168,0,0
79283,0,-0.77,-1.38,10.046,-0.244,-0.163,0,0
79334,0,-0.77,0.00,10.017,-0.172,-0.110,0,0
79386,0,-0.75,0.52,10.003,-0.187,-0.081,0,0
79437,0,-0.75,0.00,10.051,-0.187,-0.158,0,0
79489,0,-0.71,0.00,10.041,-0.182,-0.182,0,0
79541,0,-0.71,0.00,10.017,-0.220,-0.148,0,0
79591,0,-0.71,0.00,10.003,-0.163,-0.120,0,0
79642,0,-0.71,0.00,10.017,-0.182,-0.086,0,0
79694,0,-0.71,0.00,10.041,-0.206,-0.115,0,0
79746,0,-0.68,1.82,10.056,-0.225,-0.115,0,0
79797,0,-0.68,0.00,10.046,-0.172,-0.115,0,0
79849,0,-0.68,0.00,10.013,-0.158,-0.048,0,0
79900,0,-0.68,0.00,10.051,-0.259,-0.029,0,0
79950,0,-0.68,0.00,10.075,-0.220,-0.105,0,0
80001,0,-0.69,0.00,10.041,-0.187,-0.148,0,0
80051,0,-0.69,0.00,10.008,-0.192,-0.077,0,0
80101,0,-0.69,0.00,10.017,-0.196,-0.077,0,0
80152,0,-0.66,0.60,10.017,-0.187,-0.096,0,0
80202,0,-0.64,1.05,10.051,-0.201,-0.057,0,0
80253,0,-0.62,0.00,10.065,-0.211,-0.153,0,0
80305,0,-0.60,0.48,10.094,-0.163,-0.105,0,0
80356,0,-0.60,0.00,10.036,-0.211,-0.005,0,0
80408,0,-0.57,0.48,10.027,-0.172,-0.072,0,0
80465,0,-0.59,-0.36,10.017,-0.168,-0.124,0,0
80517,0,-0.54,0.00,10.041,-0.201,-0.115,0,0
80569,0,-0.56,-0.48,10.008,-0.182,-0.091,0,0
80619,0,-0.56,0.00,10.046,-0.168,-0.067,0,0
80670,0,-0.57,0.00,10.065,-0.211,-0.077,0,0
80722,0,-0.61,-1.34,10.056,-0.187,-0.101,0,0
80774,0,-0.62,-0.52,10.060,-0.168,-0.105,0,0
80825,0,-0.63,0.00,10.013,-0.177,-0.153,0,0
80877,0,-0.66,-0.56,10.022,-0.187,-0.062,0,0
80929,0,-0.70,0.00,10.046,-0.196,-0.081,0,0
80979,0,-0.72,-0.56,10.046,-0.196,-0.062,0,0
81029,0,-0.74,-0.52,10.094,-0.225,-0.096,0,0
81080,0,-0.74,0.00,10.032,-0.148,-0.134,0,0
81130,0,-0.80,-0.52,10.008,-0.134,-0.072,0,0
81181,0,-0.80,0.00,10.008,-0.153,-0.115,0,0
81232,0,-0.78,0.00,10.118,-0.182,-0.220,0,0
81284,0,-0.78,0.52,9.993,-0.153,-0.201,0,0
81335,0,-0.79,-0.52,10.008,-0.144,-0.120,0,0
81387,0,-0.82,-0.52,10.036,-0.139,-0.201,0,0
81439,0,-0.83,-0.48,10.013,-0.144,-0.201,0,0
81490,0,-0.83,0.00,10.094,-0.168,-0.163,0,0
81542,0,-0.83,0.00,10.051,-0.081,-0.206,0,0
81593,0,-0.85,-0.52,10.032,-0.139,-0.206,0,0
81645,0,-0.82,1.41,10.022,-0.134,-0.196,0,0
81697,0,-0.84,-0.48,10.060,-0.144,-0.215,0,0
81747,0,-0.85,-0.48,10.013,-0.124,-0.153,0,0
81798,0,-0.85,0.00,10.041,-0.110,-0.158,0,0
81850,0,-0.86,0.00,10.032,-0.101,-0.321,0,0
81902,0,-0.83,1.34,10.013,-0.072,-0.144,0,0
81951,0,-0.83,0.00,9.984,-0.081,-0.105,0,0
82002,0,-0.86,-0.56,10.046,-0.101,-0.235,0,0
82052,0,-0.84,0.56,10.070,-0.091,-0.211,0,0
82103,0,-0.81,0.00,10.008,-0.096,-0.182,0,0
82153,0,-0.84,-0.56,10.032,-0.096,-0.153,0,0
82205,0,-0.84,0.00,10.017,-0.101,-0.182,0,0
82257,0,-0.85,0.00,10.032,-0.163,-0.129,0,0
82309,0,-0.88,-0.52,10.056,-0.120,-0.144,0,0
82360,0,-0.85,0.82,10.036,-0.139,-0.206,0,0
82412,0,-0.87,-0.48,10.032,-0.153,-0.101,0,0
82463,0,-0.87,0.00,10.060,-0.148,-0.110,0,0
82518,0,-0.85,0.33,10.027,-0.148,-0.153,0,0
82570,0,-0.86,-0.48,10.046,-0.187,-0.163,0,0
82620,0,-0.86,0.00,10.041,-0.120,-0.139,0,0
82671,0,-0.86,0.00,10.017,-0.148,-0.139,0,0
82723,0,-0.82,0.00,10.008,-0.120,-0.158,0,0
82775,0,-0.82,0.00,10.041,-0.144,-0.163,0,0
82826,0,-0.79,-0.48,10.032,-0.129,-0.153,0,0
82878,0,-0.79,0.00,10.032,-0.134,-0.148,0,0
82930,0,-0.80,0.00,10.017,-0.144,-0.129,0,0
82980,0,-0.76,0.00,10.065,-0.192,-0.124,0,0
83030,0,-0.76,0.00,10.060,-0.115,-0.158,0,0
83081,0,-0.76,0.00,10.022,-0.148,-0.129,0,0
83131,0,-0.76,-0.60,10.036,-0.134,-0.124,0,0
83182,0,-0.75,0.60,10.036,-0.105,-0.115,0,0
83233,0,-0.71,0.00,10.060,-0.153,-0.110,0,0
83285,0,-0.73,-0.52,10.017,-0.124,-0.105,0,0
83336,0,-0.73,0.00,10.065,-0.144,-0.129,0,0
83388,0,-0.71,0.00,10.032,-0.139,-0.139,0,0
83440,0,-0.70,0.52,10.022,-0.153,-0.120,0,0
83491,0,-0.70,0.00,10.046,-0.139,-0.148,0,0
83543,0,-0.71,-0.48,10.046,-0.144,-0.120,0,0
83594,0,-0.68,0.00,10.041,-0.124,-0.134,0,0
83646,0,-0.71,-1.38,10.036,-0.158,-0.110,0,0
83698,0,-0.68,1.38,10.036,-0.148,-0.110,0,0
83748,0,-0.68,0.00,10.036,-0.148,-0.134,0,0
83800,0,-0.69,0.00,10.051,-0.163,-0.120,0,0
83851,0,-0.70,0.00,10.013,-0.153,-0.134,0,0
83903,0,-0.70,0.00,10.022,-0.163,-0.105,0,0
83953,0,-0.70,0.00,10.051,-0.182,-0.110,0,0
84003,0,-0.75,-1.13,10.060,-0.163,-0.105,0,0
84053,0,-0.75,0.00,10.070,-0.168,-0.153,0,0
84104,0,-0.76,0.00,10.046,-0.153,-0.105,0,0
84154,0,-0.76,-0.48,10.027,-0.148,-0.144,0,0
84205,0,-0.76,0.00,10.017,-0.134,-0.163,0,0
84256,0,-0.75,0.00,10.051,-0.163,-0.153,0,0
84322,0,-0.73,0.25,10.032,-0.120,-0.172,0,0
84372,0,-0.73,0.00,10.027,-0.124,-0.115,0,0
84424,0,-0.72,0.00,10.017,-0.134,-0.158,0,0
84475,0,-0.69,0.97,10.060,-0.158,-0.201,0,0
84527,0,-0.65,0.52,10.089,-0.144,-0.129,0,0
84578,0,-0.64,0.48,9.993,-0.148,-0.115,0,0
84630,0,-0.61,0.00,10.027,-0.120,-0.177,0,0
84682,0,-0.55,1.01,10.051,-0.120,-0.201,0,0
84733,0,-0.55,0.00,10.022,-0.129,-0.158,0,0
84785,0,-0.51,0.52,10.036,-0.153,-0.158,0,0
84836,0,-0.49,1.01,10.036,-0.101,-0.244,0,0
84888,0,-0.47,0.48,10.017,-0.153,-0.177,0,0
84937,0,-0.47,0.00,10.017,-0.115,-0.158,0,0
84988,0,-0.46,0.00,10.032,-0.134,-0.225,0,0
85038,0,-0.42,0.00,10.017,-0.091,-0.235,0,0
85089,0,-0.42,0.00,10.003,-0.105,-0.187,0,0
85139,0,-0.44,0.00,10.022,-0.053,-0.211,0,0
85189,0,-0.44,0.52,10.051,-0.105,-0.215,0,0
85241,0,-0.46,-1.01,10.070,-0.057,-0.187,0,0
85293,0,-0.46,0.00,9.979,-0.062,-0.206,0,0
85343,0,-0.43,1.27,10.056,-0.124,-0.139,0,0
85394,0,-0.43,-0.48,10.060,-0.101,-0.144,0,0
85446,0,-0.43,0.00,10.041,-0.081,-0.201,0,0
85498,0,-0.43,0.00,10.022,-0.096,-0.124,0,0
85549,0,-0.46,0.00,10.027,-0.067,-0.129,0,0
85601,0,-0.46,0.00,10.075,-0.101,-0.196,0,0
85652,0,-0.42,0.52,10.027,-0.110,-0.201,0,0
85704,0,-0.42,0.00,10.051,-0.091,-0.148,0,0
85756,0,-0.42,0.00,9.979,-0.077,-0.144,0,0
85807,0,-0.40,0.82,10.051,-0.062,-0.134,0,0
85859,0,-0.40,0.00,10.041,-0.096,-0.139,0,0
85910,0,-0.38,1.34,10.056,-0.110,-0.110,0,0
85960,0,-0.38,0.00,10.070,-0.129,-0.124,0,0
86011,0,-0.40,0.00,10.041,-0.168,-0.124,-7.002535,-34.832760
86061,0,-0.41,0.32,10.032,-0.110,-0.101,-7.002535,-34.832760
86111,0,-0.43,-1.01,10.027,-0.115,-0.110,-7.002535,-34.832760
86162,0,-0.48,0.00,10.013,-0.168,-0.053,-7.002535,-34.832760
86212,0,-0.48,0.36,10.056,-0.172,-0.129,-7.002535,-34.832760
86263,0,-0.51,-1.09,10.065,-0.134,-0.215,-7.002535,-34.832760
86313,0,-0.55,0.00,10.032,-0.120,-0.172,-7.002535,-34.832760
86368,0,-0.57,-0.33,10.032,-0.124,-0.077,-7.002535,-34.832760
86420,0,-0.58,0.00,10.022,-0.081,-0.057,-7.002535,-34.832760
86470,0,-0.56,0.82,10.060,-0.110,-0.158,-7.002535,-34.832760
86522,0,-0.59,0.00,10.094,-0.120,-0.134,-7.002535,-34.832760
86573,0,-0.58,-0.45,10.003,-0.124,-0.005,-7.002535,-34.832760
86625,0,-0.59,0.00,10.027,-0.101,-0.110,-7.002535,-34.832760
86676,0,-0.58,-0.56,10.084,-0.086,-0.263,-7.002535,-34.832760
86728,0,-0.58,0.34,10.032,-0.115,-0.120,-7.002535,-34.832760
86777,0,-0.62,-0.48,10.041,-0.158,-0.053,-7.002535,-34.832760
86829,0,-0.59,0.82,10.056,-0.124,-0.144,-7.002535,-34.832760
86880,0,-0.62,0.00,10.022,-0.043,-0.196,-7.002535,-34.832760
86932,0,-0.63,-1.04,10.022,-0.115,-0.110,-7.002535,-34.832760
86982,0,-0.60,0.93,10.027,-0.124,-0.139,-7.002535,-34.832760
87033,0,-0.62,0.00,10.027,-0.115,-0.139,-7.002467,-34.832764
87083,0,-0.59,0.00,10.065,-0.196,-0.048,-7.002467,-34.832764
87134,0,-0.61,-0.56,10.036,-0.192,-0.091,-7.002467,-34.832764
87184,0,-0.63,0.00,10.056,-0.153,-0.148,-7.002467,-34.832764
87234,0,-0.61,0.00,10.022,-0.144,-0.115,-7.002467,-34.832764
87285,0,-0.63,-0.58,10.013,-0.215,-0.053,-7.002467,-34.832764
87335,0,-0.64,0.00,10.060,-0.144,-0.182,-7.002467,-34.832764
87387,0,-0.63,0.86,10.065,-0.168,-0.326,-7.002467,-34.832764
87438,0,-0.64,0.00,9.979,-0.206,-0.287,-7.002467,-34.832764
87490,0,-0.64,-0.56,10.008,-0.096,-0.393,-7.002467,-34.832764
87542,0,-0.65,-0.48,10.022,0.139,-0.455,-7.002467,-34.832764
87592,0,-0.63,0.82,9.926,0.158,-0.484,-7.002467,-34.832764
87644,0,-0.64,-0.48,10.013,-0.029,-0.488,-7.002467,-34.832764
87695,0,-0.67,-0.56,10.137,0.302,-0.326,-7.002467,-34.832764
87747,0,-0.65,0.86,9.768,0.575,-0.766,-7.002467,-34.832764
87798,0,-0.65,0.00,9.993,0.067,-0.939,-7.002467,-34.832764
87850,0,-0.65,0.00,9.438,-0.034,-0.168,-7.002467,-34.832764
87902,0,-0.64,0.00,10.252,0.081,-0.575,-7.002467,-34.832764
87951,0,-0.66,-0.48,10.185,0.249,-0.555,-7.002467,-34.832764
88002,0,-0.63,1.41,10.319,0.201,-0.479,-7.002467,-34.832764
88052,0,-0.64,0.00,10.166,0.110,-0.158,-7.002404,-34.832767
88102,0,-0.67,0.00,10.295,0.010,0.005,-7.002404,-34.832767
88153,0,-0.65,0.93,10.324,0.043,0.321,-7.002404,-34.832767
88203,0,-0.65,0.00,10.262,-0.144,0.498,-7.002404,-34.832767
88254,0,-0.62,-0.56,10.127,-0.144,0.431,-7.002404,-34.832767
88304,0,-0.59,1.09,10.108,-0.225,0.043,-7.002404,-34.832767
88356,0,-0.58,0.00,9.984,-0.139,-0.268,-7.002404,-34.832767
88422,0,-0.52,0.80,9.754,0.053,-0.153,-7.002404,-34.832767
88472,0,-0.50,0.52,9.783,0.316,-0.134,-7.002404,-34.832767
88524,0,-0.47,1.34,9.716,0.192,-0.081,-7.002404,-34.832767
88575,0,-0.48,-0.52,9.874,0.283,-0.321,-7.002404,-34.832767
88627,0,-0.48,0.00,9.936,0.407,-0.321,-7.002404,-34.832767
88678,0,-0.45,0.00,9.998,0.369,-0.297,-7.002404,-34.832767
88730,0,-0.46,-0.52,10.214,0.833,0.024,-7.002404,-34.832767
88782,0,-0.45,0.37,10.147,0.493,0.321,-7.002404,-34.832767
88833,0,-0.45,0.00,9.922,0.503,0.436,-7.002404,-34.832767
88885,0,-0.45,0.00,9.893,0.283,0.460,-7.002404,-34.832767
88934,0,-0.43,0.00,10.104,0.354,0.201,-7.002404,-34.832767
88984,0,-0.43,0.00,10.314,0.479,0.110,-7.002404,-34.832767
89035,0,-0.46,-0.54,10.616,0.651,0.148,-7.002169,-34.832764
89085,0,-0.42,0.00,10.530,0.651,0.268,-7.002169,-34.832764
89136,0,-0.42,0.00,10.534,0.393,0.124,-7.002169,-34.832764
89186,0,-0.42,0.00,10.520,0.570,0.273,-7.002169,-34.832764
89236,0,-0.43,-0.52,10.357,0.488,0.680,-7.002169,-34.832764
89287,0,-0.43,0.00,10.118,0.522,1.164,-7.002169,-34.832764
89337,0,-0.43,0.00,9.840,0.546,1.053,-7.002169,-34.832764
89386,0,-0.40,1.30,9.931,0.239,0.575,-7.002169,-34.832764
89438,0,-0.38,0.00,9.802,-0.254,0.297,-7.002169,-34.832764
89488,0,-0.38,0.00,10.046,0.397,0.441,-7.002169,-34.832764
89540,0,-0.38,0.00,9.768,0.153,0.532,-7.002169,-34.832764
89591,0,-0.38,-0.52,9.888,0.091,0.215,-7.002169,-34.832764
89643,0,-0.38,0.00,10.027,0.177,-0.010,-7.002169,-34.832764
89694,0,-0.35,1.34,10.185,0.393,-0.053,-7.002169,-34.832764
89746,0,-0.35,0.00,10.333,0.565,0.153,-7.002169,-34.832764
89798,0,-0.32,0.48,10.381,0.565,0.445,-7.002169,-34.832764
89849,0,-0.29,1.01,10.463,0.570,0.536,-7.002169,-34.832764
89901,0,-0.33,0.00,10.343,0.421,0.517,-7.002169,-34.832764
89950,0,-0.28,0.00,10.324,0.335,0.335,-7.002169,-34.832764
90001,0,-0.28,0.00,10.036,0.431,0.297,-7.002169,-34.832764
90051,0,-0.28,0.00,9.534,0.508,0.326,-7.002131,-34.832783
90102,0,-0.27,0.00,9.486,-0.029,0.101,-7.002131,-34.832783
90152,0,-0.27,-0.36,9.720,0.115,-0.057,-7.002131,-34.832783
90202,0,-0.29,0.00,9.773,-0.283,-0.067,-7.002131,-34.832783
90253,0,-0.27,0.00,9.668,-0.345,-0.010,-7.002131,-34.832783
90303,0,-0.31,-1.41,9.787,0.158,0.283,-7.002131,-34.832783
90355,0,-0.30,0.00,9.390,-0.057,0.704,-7.002131,-34.832783
90407,0,-0.27,0.52,9.701,0.283,0.919,-7.002131,-34.832783
90481,0,-0.25,0.22,9.926,0.508,1.465,-7.002131,-34.832783
90533,0,-0.24,0.00,10.127,0.838,1.609,-7.002131,-34.832783
90583,0,-0.22,0.52,9.936,1.034,1.595,-7.002131,-34.832783
90635,0,-0.23,0.00,10.185,1.226,1.556,-7.002131,-34.832783
90686,0,-0.22,0.52,9.787,0.670,1.489,-7.002131,-34.832783
90738,0,-0.22,0.00,9.878,0.560,1.350,-7.002131,-34.832783
90789,0,-0.18,1.01,9.409,0.393,1.106,-7.002131,-34.832783
90841,0,-0.18,0.00,9.878,0.848,1.159,-7.002131,-34.832783
90893,0,-0.18,0.00,9.692,0.709,1.393,-7.002131,-34.832783
90942,0,-0.19,-0.52,9.424,0.287,1.159,-7.002131,-34.832783
90992,0,-0.23,0.00,9.653,0.441,0.761,-7.002131,-34.832783
91043,0,-0.20,0.56,9.984,0.589,0.479,-7.002108,-34.832802
91093,0,-0.20,0.00,10.108,0.532,0.292,-7.002108,-34.832802
91144,0,-0.19,0.00,10.041,0.709,0.393,-7.002108,-34.832802
91194,0,-0.17,0.54,10.257,0.871,0.752,-7.002108,-34.832802
91245,0,-0.17,0.00,10.281,0.555,0.895,-7.002108,-34.832802
91295,0,-0.17,0.00,10.036,0.148,0.915,-7.002108,-34.832802
91344,0,-0.16,0.48,9.965,-0.134,1.015,-7.002108,-34.832802
91396,0,-0.16,0.00,10.104,0.014,0.838,-7.002108,-34.832802
91447,0,-0.15,0.52,10.185,-0.014,0.910,-7.002108,-34.832802
91499,0,-0.16,-0.52,10.309,0.196,0.651,-7.002108,-34.832802
91551,0,-0.16,0.00,10.319,0.450,0.675,-7.002108,-34.832802
91601,0,-0.21,-1.75,10.218,0.244,0.939,-7.002108,-34.832802
91653,0,-0.21,0.00,9.663,-0.321,1.130,-7.002108,-34.832802
91704,0,-0.15,0.52,9.467,-0.421,1.480,-7.002108,-34.832802
91756,0,-0.13,0.00,9.409,-0.498,1.360,-7.002108,-34.832802
91807,0,-0.17,-1.27,9.725,-0.182,1.398,-7.002108,-34.832802
91859,0,-0.17,0.00,10.046,0.158,1.255,-7.002108,-34.832802
91911,0,-0.14,0.52,10.180,0.373,1.068,-7.002108,-34.832802
91960,0,-0.14,0.00,9.936,0.048,0.603,-7.002108,-34.832802
92011,0,-0.12,0.00,10.218,0.690,0.747,-7.002098,-34.832806
92061,0,-0.19,-0.56,10.041,0.675,0.441,-7.002098,-34.832806
92112,0,-0.19,0.00,10.558,0.761,0.129,-7.002098,-34.832806
92162,0,-0.22,0.00,10.032,0.589,0.354,-7.002098,-34.832806
92213,0,-0.28,-1.97,10.108,0.383,0.306,-7.002098,-34.832806
92263,0,-0.29,-0.56,10.104,0.728,0.742,-7.002098,-34.832806
92313,0,-0.31,0.00,10.013,0.843,0.771,-7.002098,-34.832806
92365,0,-0.35,-1.09,10.396,0.546,0.685,-7.002098,-34.832806
92416,0,-0.38,-1.01,10.491,0.503,0.603,-7.002098,-34.832806
92468,0,-0.39,0.00,10.008,0.421,0.512,-7.002098,-34.832806
92539,0,-0.40,-0.17,10.065,0.646,0.340,-7.002098,-34.832806
92591,0,-0.43,-1.01,10.204,0.517,-0.172,-7.002098,-34.832806
92641,0,-0.44,-0.52,10.405,0.455,-1.149,-7.002098,-34.832806
92690,0,-0.44,0.00,10.214,0.283,-0.967,-7.002098,-34.832806
92742,0,-0.43,0.00,9.984,0.172,-1.044,-7.002098,-34.832806
92793,0,-0.43,-0.48,10.180,0.517,-0.436,-7.002098,-34.832806
92845,0,-0.43,0.00,9.878,0.062,-0.579,-7.002098,-34.832806
92896,0,-0.44,-0.52,9.653,-0.503,-1.264,-7.002098,-34.832806
92946,0,-0.46,-0.52,9.821,-0.991,-2.576,-7.002098,-34.832806
92997,0,-0.46,0.00,10.108,-0.096,-1.695,-7.002081,-34.832813
93047,0,-0.44,0.52,9.653,-0.311,-1.264,-7.002081,-34.832813
93097,0,-0.44,0.00,10.266,-0.522,-2.006,-7.002081,-34.832813
93148,0,-0.44,0.00,9.400,-0.718,-2.413,-7.002081,-34.832813
93198,0,-0.44,0.00,9.744,-0.522,-2.222,-7.002081,-34.832813
93249,0,-0.44,0.00,9.548,-0.038,-2.121,-7.002081,-34.832813
93299,0,-0.47,0.00,10.099,-0.417,-1.776,-7.002081,-34.832813
93350,0,-0.48,0.00,9.922,-0.393,-1.709,-7.002081,-34.832813
93402,0,-0.48,0.00,9.668,-0.345,-1.762,-7.002081,-34.832813
93453,0,-0.50,0.00,9.629,-0.120,-1.772,-7.002081,-34.832813
93505,0,-0.51,-0.48,9.697,-0.192,-1.906,-7.002081,-34.832813
93557,0,-0.52,0.00,9.716,-0.364,-2.562,-7.002081,-34.832813
93608,0,-0.55,-0.52,9.797,-0.460,-3.165,-7.002081,-34.832813
93660,0,-0.54,0.00,9.615,-0.369,-2.581,-7.002081,-34.832813
93711,0,-0.54,0.00,9.831,0.484,-2.385,-7.002081,-34.832813
93762,0,-0.54,0.00,9.874,1.211,-1.441,-7.002081,-34.832813
93813,0,-0.55,0.00,10.041,1.331,-2.059,-7.002081,-34.832813
93865,0,-0.57,0.00,9.572,1.293,-1.571,-7.002081,-34.832813
93917,0,-0.57,-0.48,9.984,1.374,-1.872,-7.002081,-34.832813
93967,0,-0.58,-0.56,9.725,0.790,-1.690,-7.002081,-34.832813
94017,0,-0.58,0.00,9.831,1.116,-2.442,-7.002083,-34.832829
94068,0,-0.59,0.00,9.294,1.599,-1.978,-7.002083,-34.832829
94118,0,-0.61,-0.52,9.155,0.977,-2.346,-7.002083,-34.832829
94169,0,-0.59,0.00,9.261,0.656,-2.097,-7.002083,-34.832829
94219,0,-0.62,0.00,9.610,1.528,-1.944,-7.002083,-34.832829
94269,0,-0.58,1.51,9.495,1.188,-2.380,-7.002083,-34.832829
94333,0,-0.62,-0.50,9.644,1.144,-2.289,-7.002083,-34.832829
94385,0,-0.63,-0.52,9.706,1.800,-2.571,-7.002083,-34.832829
94435,0,-0.63,0.00,10.008,1.800,-2.126,-7.002083,-34.832829
94487,0,-0.67,-1.45,9.840,1.757,-1.997,-7.002083,-34.832829
94538,0,-0.67,0.00,9.524,1.935,-1.911,-7.002083,-34.832829
94590,0,-0.71,-1.34,9.840,2.322,-2.179,-7.002083,-34.832829
94641,0,-0.69,0.56,9.797,2.437,-2.246,-7.002083,-34.832829
94693,0,-0.69,0.00,9.692,2.169,-2.413,-7.002083,-34.832829
94742,0,-0.70,0.52,9.390,1.642,-2.222,-7.002083,-34.832829
94794,0,-0.70,0.00,9.390,1.030,-1.968,-7.002083,-34.832829
94845,0,-0.72,0.00,9.730,1.360,-2.064,-7.002083,-34.832829
94897,0,-0.71,0.52,9.893,1.389,-2.356,-7.002083,-34.832829
94946,0,-0.70,0.00,9.946,2.088,-1.968,-7.002083,-34.832829
94997,0,-0.72,0.56,9.744,1.920,-2.035,-7.002083,-34.832829
95047,0,-0.75,-1.33,9.543,1.805,-2.294,-7.002071,-34.832836
95098,0,-0.75,0.00,9.290,1.513,-1.709,-7.002071,-34.832836
95148,0,-0.76,-0.85,9.419,1.470,-2.365,-7.002071,-34.832836
95199,0,-0.76,0.00,9.151,1.053,-2.231,-7.002071,-34.832836
95249,0,-0.75,0.00,9.462,1.140,-2.289,-7.002071,-34.832836
95299,0,-0.78,-2.01,9.294,1.480,-1.829,-7.002071,-34.832836
95349,0,-0.78,0.00,9.471,-0.263,-3.199,-7.002071,-34.832836
95401,0,-0.77,0.00,9.802,1.958,-1.896,-7.002071,-34.832836
95451,0,-0.77,0.00,9.926,1.216,-2.059,-7.002071,-34.832836
95503,0,-0.76,0.00,9.668,1.298,-1.920,-7.002071,-34.832836
95554,0,-0.78,-0.86,9.668,1.508,-2.093,-7.002071,-34.832836
95606,0,-0.77,0.00,9.309,1.255,-1.839,-7.002071,-34.832836
95657,0,-0.75,-0.52,10.123,1.839,-2.624,-7.002071,-34.832836
95709,0,-0.73,0.00,9.577,1.504,-1.800,-7.002071,-34.832836
95761,0,-0.71,1.01,9.716,0.886,-2.322,-7.002071,-34.832836
95812,0,-0.72,-0.34,9.337,0.584,-2.974,-7.002071,-34.832836
95864,0,-0.70,0.00,9.591,1.183,-2.270,-7.002071,-34.832836
95915,0,-0.69,0.48,9.529,0.666,-2.088,-7.002071,-34.832836
95966,0,-0.73,0.00,9.529,1.159,-1.652,-7.002071,-34.832836
96016,0,-0.73,0.52,9.706,1.202,-2.174,-7.002082,-34.832848
96066,0,-0.74,-0.50,9.749,0.871,-2.222,-7.002082,-34.832848
96117,0,-0.76,0.00,9.663,1.154,-2.437,-7.002082,-34.832848
96167,0,-0.73,0.00,9.835,1.566,-2.811,-7.002082,-34.832848
96218,0,-0.72,0.56,9.424,1.590,-2.533,-7.002082,-34.832848
96268,0,-0.74,0.00,9.787,1.537,-2.863,-7.002082,-34.832848
96318,0,-0.73,0.00,9.577,1.987,-2.868,-7.002082,-34.832848
96383,0,-0.74,-0.08,10.386,-0.220,-1.700,-7.002082,-34.832848
96434,0,-0.72,0.52,9.634,0.737,-2.021,-7.002082,-34.832848
96485,0,-0.74,-0.82,9.845,0.771,-2.174,-7.002082,-34.832848
96536,0,-0.72,1.01,9.725,0.670,-1.982,-7.002082,-34.832848
96588,0,-0.70,0.00,9.577,0.469,-1.834,-7.002082,-34.832848
96640,0,-0.69,0.45,9.687,0.196,-2.131,-7.002082,-34.832848
96691,0,-0.73,0.00,8.863,0.479,-1.240,-7.002082,-34.832848
96743,0,-0.70,0.45,9.668,0.747,-2.006,-7.002082,-34.832848
96794,0,-0.74,-1.30,9.505,0.766,-2.389,-7.002082,-34.832848
96846,0,-0.72,0.00,10.190,1.015,-2.538,-7.002082,-34.832848
96898,0,-0.74,-0.86,9.783,0.977,-2.016,-7.002082,-34.832848
96947,0,-0.74,0.00,9.950,0.900,-1.982,-7.002082,-34.832848
96998,0,-0.70,1.09,9.811,0.642,-2.466,-7.002082,-34.832848
97048,0,-0.74,-1.45,10.027,0.824,-2.523,-7.002068,-34.832851
97098,0,-0.73,0.00,9.831,1.039,-1.992,-7.002068,-34.832851
97149,0,-0.75,-0.85,10.118,0.781,-2.025,-7.002068,-34.832851
97199,0,-0.76,-0.56,10.314,1.307,-1.504,-7.002068,-34.832851
97250,0,-0.78,0.00,10.338,1.068,-1.489,-7.002068,-34.832851
97300,0,-0.81,-1.41,9.845,1.140,-1.350,-7.002068,-34.832851
97352,0,-0.81,0.00,9.663,0.560,-1.312,-7.002068,-34.832851
97404,0,-0.83,0.00,9.548,0.546,-1.532,-7.002068,-34.832851
97456,0,-0.81,0.52,9.069,-0.110,-1.757,-7.002068,-34.832851
97507,0,-0.81,0.00,9.203,0.192,-1.791,-7.002068,-34.832851
97559,0,-0.82,0.48,9.510,0.867,-1.815,-7.002068,-34.832851
97610,0,-0.79,1.09,9.907,0.493,-2.370,-7.002068,-34.832851
97661,0,-0.83,-1.34,9.538,0.369,-2.274,-7.002068,-34.832851
97712,0,-0.83,0.00,9.673,-0.038,-2.849,-7.002068,-34.832851
97764,0,-0.83,0.00,9.989,-0.211,-3.117,-7.002068,-34.832851
97816,0,-0.85,-0.86,9.538,-0.364,-2.442,-7.002068,-34.832851
97867,0,-0.85,0.00,9.179,-1.106,-2.356,-7.002068,-34.832851
97919,0,-0.84,0.00,9.548,-1.001,-2.375,-7.002068,-34.832851
97969,0,-0.82,0.00,9.481,-0.924,-2.490,-7.002068,-34.832851
98019,0,-0.85,0.56,9.448,-1.566,-2.567,-7.002067,-34.832859
98070,0,-0.83,0.54,9.495,-1.556,-2.452,-7.002067,-34.832859
98120,0,-0.85,0.00,9.610,-1.441,-2.576,-7.002067,-34.832859
98171,0,-0.83,0.52,9.376,-1.355,-2.466,-7.002067,-34.832859
98221,0,-0.81,0.56,9.653,-1.178,-2.552,-7.002067,-34.832859
98271,0,-0.80,0.00,9.778,-1.293,-2.547,-7.002067,-34.832859
98322,0,-0.81,0.50,9.577,-1.523,-2.025,-7.002067,-34.832859
98374,0,-0.81,0.00,9.850,-1.144,-1.911,-7.002067,-34.832859
98442,0,-0.80,0.17,9.409,-1.283,-1.489,-7.002067,-34.832859
98493,0,-0.78,0.52,9.716,-1.073,-0.977,-7.002067,-34.832859
98544,0,-0.78,0.00,9.783,-1.135,-1.188,-7.002067,-34.832859
98595,0,-0.80,-0.82,9.155,-1.116,-0.761,-7.002067,-34.832859
98647,0,-0.80,0.00,9.845,-0.891,-1.422,-7.002067,-34.832859
98699,0,-0.78,0.00,9.768,-1.073,-0.383,-7.002067,-34.832859
98750,0,-0.80,-1.34,9.625,-1.053,-0.503,-7.002067,-34.832859
98802,0,-0.79,0.00,10.324,-1.231,-0.819,-7.002067,-34.832859
98853,0,-0.80,-0.93,10.151,-0.871,-0.493,-7.002067,-34.832859
98905,0,-0.78,0.52,10.108,-1.207,-1.049,-7.002067,-34.832859
98955,0,-0.79,0.56,9.931,-0.962,-0.694,-7.002067,-34.832859
99005,0,-0.77,0.52,9.989,-1.302,-1.389,-7.002061,-34.832867
99056,0,-0.77,0.00,10.036,-1.575,-1.609,-7.002061,-34.832867
99106,0,-0.78,0.52,9.366,-2.734,-1.695,-7.002061,-34.832867
99156,0,-0.78,0.00,9.476,-2.198,-1.413,-7.002061,-34.832867
99207,0,-0.77,0.00,9.816,-1.800,-1.939,-7.002061,-34.832867
99257,0,-0.76,0.56,9.759,-3.065,-2.140,-7.002061,-34.832867
99308,0,-0.76,0.00,8.839,-3.232,-1.614,-7.002061,-34.832867
99357,0,-0.76,0.00,9.064,-3.462,-1.935,-7.002061,-34.832867
99409,0,-0.74,0.48,8.945,-2.978,-1.618,-7.002061,-34.832867
99460,0,-0.73,0.52,9.093,-2.682,-1.494,-7.002061,-34.832867
99512,0,-0.77,0.00,9.232,-3.294,-1.719,-7.002061,-34.832867
99564,0,-0.74,0.52,9.404,-3.213,-1.748,-7.002061,-34.832867
99614,0,-0.74,0.00,9.428,-3.223,-1.901,-7.002061,-34.832867
99666,0,-0.77,-1.38,9.510,-3.227,-1.767,-7.002061,-34.832867
99717,0,-0.77,0.00,10.017,-3.074,-2.160,-7.002061,-34.832867
99769,0,-0.80,-0.82,9.629,-3.165,-2.126,-7.002061,-34.832867
99820,0,-0.80,0.00,9.524,-2.921,-2.006,-7.002061,-34.832867
99872,0,-0.81,0.48,9.481,-2.978,-2.370,-7.002061,-34.832867
99924,0,-0.80,0.19,9.524,-2.816,-2.361,-7.002061,-34.832867
99974,0,-0.77,0.00,9.179,-2.998,-2.231,-7.002061,-34.832867
100024,0,-0.78,-0.89,9.175,-3.036,-2.198,-7.002047,-34.832897
100074,0,-0.76,1.13,9.002,-3.021,-2.375,-7.002047,-34.832897
100125,0,-0.78,0.00,9.697,-2.207,-2.260,-7.002047,-34.832897
100175,0,-0.77,-0.24,9.213,-2.461,-2.217,-7.002047,-34.832897
100226,0,-0.76,0.00,9.476,-2.840,-2.413,-7.002047,-34.832897
100276,0,-0.77,0.54,9.280,-2.763,-2.504,-7.002047,-34.832897
100326,0,-0.75,0.52,8.916,-2.883,-2.485,-7.002047,-34.832897
100378,0,-0.77,-1.45,9.184,-2.476,-2.461,-7.002047,-34.832897
100430,0,-0.77,-0.86,9.165,-2.418,-2.217,-7.002047,-34.832897
100496,0,-0.75,0.24,9.175,-3.065,-2.490,-7.002047,-34.832897
100546,0,-0.75,0.00,9.438,-3.299,-2.509,-7.002047,-34.832897
100597,0,-0.75,0.52,9.433,-3.314,-2.452,-7.002047,-34.832897
100649,0,-0.77,-0.86,8.940,-3.026,-2.049,-7.002047,-34.832897
100701,0,-0.77,-0.34,9.299,-3.045,-2.557,-7.002047,-34.832897
100752,0,-0.75,0.52,9.251,-3.098,-2.868,-7.002047,-34.832897
100804,0,-0.74,0.00,8.983,-3.065,-2.720,-7.002047,-34.832897
100856,0,-0.70,0.15,9.007,-2.916,-2.476,-7.002047,-34.832897
100907,0,-0.69,0.00,8.926,-3.213,-2.423,-7.002047,-34.832897
100957,0,-0.66,0.20,8.911,-2.964,-2.614,-7.002047,-34.832897
101007,0,-0.66,0.15,9.165,-3.251,-2.763,-7.002046,-34.832893
101058,0,-0.62,0.00,9.036,-3.093,-2.595,-7.002046,-34.832893
101108,0,-0.57,1.57,8.993,-3.069,-2.433,-7.002046,-34.832893
101159,0,-0.58,-0.36,9.098,-3.199,-2.547,-7.002046,-34.832893
101209,0,-0.59,0.00,9.251,-3.448,-2.796,-7.002046,-34.832893
101260,0,-0.56,0.16,9.175,-3.366,-2.595,-7.002046,-34.832893
101310,0,-0.51,1.69,8.959,-3.428,-2.686,-7.002046,-34.832893
101359,0,-0.52,0.00,9.270,-3.950,-3.227,-7.002046,-34.832893
101411,0,-0.48,1.01,9.620,-3.926,-1.867,-7.002046,-34.832893
101463,0,-0.50,-0.86,8.332,-3.682,-1.671,-7.002046,-34.832893
101514,0,-0.49,0.00,7.096,-3.395,-1.030,-7.002046,-34.832893
101566,0,-0.51,-0.86,5.143,-2.720,-0.153,-7.002046,-34.832893
101617,0,-0.51,0.00,4.329,-1.690,-0.388,-7.002046,-34.832893
101668,0,-0.51,0.00,5.444,-0.833,-1.935,-7.002046,-34.832893
101719,0,-0.52,0.52,6.024,0.546,-3.136,-7.002046,-34.832893
101771,0,-0.51,0.56,7.245,1.341,-4.530,-7.002046,-34.832893
101823,0,-0.53,0.00,9.840,0.891,-6.124,-7.002046,-34.832893
101874,0,-0.58,-0.82,11.732,-1.360,-7.542,-7.002046,-34.832893
101926,0,-0.55,1.01,10.693,-3.668,-7.101,-7.002046,-34.832893
102341,1,-0.48,0.23,-1.949,0.953,-0.680,-7.002047,-34.832863
102393,1,-0.46,0.67,1.183,-1.508,0.522,-7.002047,-34.832863
102443,1,-0.41,2.05,3.002,-3.548,0.943,-7.002047,-34.832863
102495,1,-0.28,4.99,4.310,-4.008,2.294,-7.002047,-34.832863
102546,1,-0.20,0.00,6.057,-4.750,2.552,-7.002047,-34.832863
102598,1,-0.09,2.87,7.226,-5.363,2.782,-7.002047,-34.832863
102649,1,-0.04,0.00,8.428,-5.808,3.189,-7.002047,-34.832863
102722,1,0.09,-0.48,8.480,-5.947,2.883,-7.002047,-34.832863
102773,1,0.09,0.00,9.127,-5.832,2.591,-7.002047,-34.832863
102824,1,0.14,2.89,8.739,-5.133,2.945,-7.002047,-34.832863
102876,1,0.21,0.00,8.782,-5.028,2.490,-7.002047,-34.832863
102942,1,0.32,1.30,9.175,-4.185,2.988,-7.002047,-34.832863
102992,1,0.45,2.09,9.088,-3.721,3.275,-7.002047,-34.832863
103043,1,0.49,1.65,9.194,-3.448,3.333,-7.002044,-34.832870
103093,1,0.57,0.00,9.079,-3.309,3.089,-7.002044,-34.832870
103144,1,0.45,-2.61,9.194,-3.266,3.294,-7.002044,-34.832870
103194,1,0.43,-0.72,8.988,-3.112,2.954,-7.002044,-34.832870
103245,1,0.39,0.00,9.117,-2.988,3.127,-7.002044,-34.832870
103295,1,0.32,-0.72,10.070,-2.658,3.922,-7.002044,-34.832870
103347,1,0.26,-1.99,9.213,-2.514,2.950,-7.002044,-34.832870
103397,1,0.23,-1.42,8.538,-2.878,2.859,-7.002044,-34.832870
103448,1,0.21,0.00,8.768,-2.519,2.868,-7.002044,-34.832870
103499,1,0.14,-2.68,10.338,-2.658,2.624,-7.002044,-34.832870
103550,1,0.13,-0.04,9.433,-2.045,2.634,-7.002044,-34.832870
103601,1,0.38,0.00,9.290,-2.231,2.648,-7.002044,-34.832870
103653,1,0.74,6.44,8.744,-2.274,2.097,-7.002044,-34.832870
103705,1,0.91,6.07,9.601,-2.519,2.169,-7.002044,-34.832870
103756,1,1.07,2.05,9.706,-2.480,2.212,-7.002044,-34.832870
103808,1,1.16,3.62,10.750,-2.375,1.652,-7.002044,-34.832870
103859,1,1.32,0.00,10.654,-2.667,2.164,-7.002044,-34.832870
103911,1,1.09,-3.86,10.927,-2.696,1.753,-7.002044,-34.832870
103961,1,1.00,0.00,11.210,-2.873,0.848,-7.002044,-34.832870
104012,1,0.84,-4.06,10.846,-1.891,0.589,-7.002046,-34.832863
104062,1,0.78,-2.74,11.641,-2.097,0.613,-7.002046,-34.832863
104112,1,0.71,0.00,11.578,-1.829,1.216,-7.002046,-34.832863
104163,1,0.61,-1.25,11.593,-1.408,0.828,-7.002046,-34.832863
104223,1,0.54,-1.59,11.190,-0.259,0.704,-7.002046,-34.832863
104273,1,0.84,13.00,10.851,-0.905,0.603,-7.002046,-34.832863
104325,1,2.18,53.91,10.362,-0.024,-0.019,-7.002046,-34.832863
104376,1,3.28,40.57,10.851,-1.882,0.330,-7.002046,-34.832863
104427,1,4.11,0.00,9.692,-1.901,0.450,-7.002046,-34.832863
104479,1,5.74,31.97,9.098,-1.274,0.599,-7.002046,-34.832863
104531,1,6.59,31.16,8.614,-1.221,0.464,-7.002046,-34.832863
104582,1,7.45,0.00,8.356,-1.255,0.752,-7.002046,-34.832863
104634,1,7.82,-20.95,9.117,-0.043,0.622,-7.002046,-34.832863
104685,1,7.37,0.00,8.701,0.163,1.044,-7.002046,-34.832863
104737,1,6.44,-16.88,8.954,0.733,1.025,-7.002046,-34.832863
105558,2,6.07,-13.70,8.993,-0.350,1.460,-7.002046,-34.832863
105572,2,1.58,-5.67,9.864,-0.532,1.283,-7.002045,-34.832848
107845,3,0.59,-0.61,9.692,0.225,2.102,-7.002042,-34.832848
107854,3,2.19,2.15,9.237,0.364,2.854,-7.002042,-34.832848
107905,3,2.07,-4.43,9.203,-0.675,2.562,-7.002042,-34.832848
107958,3,1.94,0.00,9.922,-0.891,1.954,-7.002042,-34.832848
108008,3,1.67,-5.13,10.606,-1.441,1.920,-7.002055,-34.832813
108059,3,1.52,-5.99,10.506,-0.804,2.629,-7.002055,-34.832813
108109,3,1.42,0.00,10.127,-1.120,2.682,-7.002055,-34.832813
108160,3,1.17,-5.89,10.324,-1.547,2.945,-7.002055,-34.832813
108210,3,1.07,-4.00,10.434,-2.045,2.662,-7.002055,-34.832813
108260,3,1.02,0.00,10.870,-2.610,2.485,-7.002055,-34.832813
108313,3,0.84,-2.37,11.061,-2.667,2.002,-7.002055,-34.832813
108364,3,0.75,-3.88,11.037,-3.610,2.485,-7.002055,-34.832813
108415,3,0.68,-2.37,10.405,-2.749,2.605,-7.002055,-34.832813
108466,3,0.58,0.00,10.156,-2.150,2.739,-7.002055,-34.832813
108518,3,0.44,-4.19,9.974,-1.963,2.447,-7.002055,-34.832813
108570,3,0.40,-1.53,10.175,-2.356,1.781,-7.002055,-34.832813
108621,3,0.32,0.00,10.247,-2.284,1.700,-7.002055,-34.832813
108673,3,0.19,-2.05,10.309,-2.461,0.934,-7.002055,-34.832813
108724,3,0.12,0.00,10.750,-2.035,0.536,-7.002055,-34.832813
108776,3,0.02,-2.01,10.783,-2.102,0.182,-7.002055,-34.832813
108828,3,-0.06,-2.87,10.573,-1.561,0.512,-7.002055,-34.832813
108879,3,-0.14,-1.61,10.046,-1.623,0.627,-7.002055,-34.832813
108931,3,-0.18,-1.56,9.768,-1.686,1.006,-7.002055,-34.832813
108981,3,-0.22,0.00,9.816,-1.786,1.034,-7.002055,-34.832813
109032,3,-0.26,-0.56,9.845,-1.609,0.910,-7.002057,-34.832809
109082,3,-0.29,-1.09,9.946,-1.762,0.886,-7.002057,-34.832809
109133,3,-0.33,0.00,9.998,-1.872,0.694,-7.002057,-34.832809
109183,3,-0.32,0.36,10.142,-1.733,0.589,-7.002057,-34.832809
109233,3,-0.33,-0.56,10.142,-1.484,0.230,-7.002057,-34.832809
109284,3,-0.36,0.00,10.238,-1.681,0.335,-7.002057,-34.832809
109335,3,-0.40,-1.01,9.984,-1.484,0.412,-7.002057,-34.832809
109387,3,-0.43,-1.01,10.056,-1.772,0.508,-7.002057,-34.832809
109439,3,-0.44,-0.52,10.017,-1.853,0.709,-7.002057,-34.832809
109489,3,-0.44,0.00,10.013,-1.973,0.996,-7.002057,-34.832809
109541,3,-0.47,-0.60,9.907,-2.030,1.192,-7.002057,-34.832809
109592,3,-0.47,0.00,9.864,-1.949,1.154,-7.002057,-34.832809
109644,3,-0.48,0.00,9.941,-1.681,0.632,-7.002057,-34.832809
109695,3,-0.50,-0.52,9.974,-1.336,0.512,-7.002057,-34.832809
109747,3,-0.48,0.00,9.979,-1.240,0.383,-7.002057,-34.832809
109799,3,-0.48,0.00,9.816,-1.164,0.330,-7.002057,-34.832809
109870,3,-0.46,0.24,9.859,-0.804,0.632,-7.002057,-34.832809
109922,3,-0.48,0.00,9.898,-1.001,0.144,-7.002057,-34.832809
109972,3,-0.52,-1.09,10.127,-0.953,-0.220,-7.002057,-34.832809
110023,3,-0.48,1.45,10.147,-0.800,-0.388,-7.002060,-34.832813
110073,3,-0.48,0.00,10.099,-0.881,-0.388,-7.002060,-34.832813
110124,3,-0.51,-0.56,9.912,-0.733,-0.196,-7.002060,-34.832813
110174,3,-0.52,-0.52,9.907,-0.627,0.278,-7.002060,-34.832813
110224,3,-0.49,0.00,9.797,-0.646,0.187,-7.002060,-34.832813
110275,3,-0.51,-0.52,9.802,-0.685,0.603,-7.002060,-34.832813
110324,3,-0.51,0.00,9.869,-0.795,0.129,-7.002060,-34.832813
110376,3,-0.53,0.00,10.166,-0.733,0.101,-7.002060,-34.832813
110427,3,-0.49,0.00,10.257,-0.584,0.000,-7.002060,-34.832813
110478,3,-0.49,0.00,10.544,-0.795,-0.124,-7.002060,-34.832813
110529,3,-0.53,-0.52,10.362,-0.345,0.000,-7.002060,-34.832813
110581,3,-0.52,0.00,10.166,-0.249,0.512,-7.002060,-34.832813
110633,3,-0.55,-1.04,10.132,-0.407,0.378,-7.002060,-34.832813
110684,3,-0.53,0.86,10.070,-0.148,0.316,-7.002060,-34.832813
110736,3,-0.56,-0.52,10.108,-0.369,-0.345,-7.002060,-34.832813
110787,3,-0.57,-0.48,10.161,-0.139,-0.757,-7.002060,-34.832813
110839,3,-0.53,0.00,9.926,0.163,-0.254,-7.002060,-34.832813
110891,3,-0.55,-0.56,9.792,0.441,0.124,-7.002060,-34.832813
110940,3,-0.55,0.00,9.682,0.421,0.172,-7.002060,-34.832813
110990,3,-0.52,0.00,9.787,0.436,0.354,-7.002060,-34.832813
111041,3,-0.52,0.00,9.955,0.158,-0.010,-7.002058,-34.832809
111091,3,-0.54,0.00,10.175,0.139,-0.062,-7.002058,-34.832809
111142,3,-0.53,-0.56,10.089,0.158,-0.306,-7.002058,-34.832809
111192,3,-0.53,0.00,10.118,0.163,-0.177,-7.002058,-34.832809
111243,3,-0.54,0.00,10.046,0.273,0.000,-7.002058,-34.832809
111293,3,-0.52,0.00,10.017,0.326,0.024,-7.002058,-34.832809
111344,3,-0.52,0.00,9.979,0.273,-0.177,-7.002058,-34.832809
111396,3,-0.49,0.00,9.926,0.306,-0.067,-7.002058,-34.832809
111448,3,-0.47,0.00,9.783,0.364,0.077,-7.002058,-34.832809
111498,3,-0.44,1.38,9.835,0.354,0.072,-7.002058,-34.832809
111550,3,-0.45,-0.52,9.740,0.321,-0.139,-7.002058,-34.832809
111601,3,-0.46,0.00,9.826,0.283,-0.340,-7.002058,-34.832809
111653,3,-0.45,0.86,9.754,0.283,-0.426,-7.002058,-34.832809
111704,3,-0.47,-0.52,9.855,0.350,-0.517,-7.002058,-34.832809
111756,3,-0.50,-0.48,10.017,0.359,-0.316,-7.002058,-34.832809
111808,3,-0.52,-1.01,9.984,0.105,-0.340,-7.002058,-34.832809
111859,3,-0.50,0.00,10.209,0.000,-0.081,-7.002058,-34.832809
111927,3,-0.54,-0.53,10.094,-0.359,-0.029,-7.002058,-34.832809
111977,3,-0.54,0.00,10.223,-0.086,-0.057,-7.002058,-34.832809
112028,3,-0.52,0.00,10.089,-0.498,-0.412,-7.002059,-34.832809
112078,3,-0.50,0.56,10.113,-0.287,-0.259,-7.002059,-34.832809
112128,3,-0.50,0.00,9.965,-0.134,-0.479,-7.002059,-34.832809
112179,3,-0.47,0.00,9.869,-0.153,-0.474,-7.002059,-34.832809
112229,3,-0.47,0.00,9.883,-0.163,-0.383,-7.002059,-34.832809
112280,3,-0.43,1.49,9.831,-0.124,-0.340,-7.002059,-34.832809
112332,3,-0.46,0.00,9.946,0.010,-0.570,-7.002059,-34.832809
112382,3,-0.46,0.00,10.171,0.014,-0.599,-7.002059,-34.832809
112433,3,-0.47,0.00,10.089,0.120,-0.728,-7.002059,-34.832809
112485,3,-0.45,0.40,10.281,-0.101,-0.991,-7.002059,-34.832809
112534,3,-0.46,-0.52,10.233,-0.335,-0.991,-7.002059,-34.832809
112586,3,-0.49,-1.53,10.276,-0.364,-0.680,-7.002059,-34.832809
112637,3,-0.50,-0.56,10.257,-0.814,-0.680,-7.002059,-34.832809
112689,3,-0.51,0.00,10.127,-1.030,-0.273,-7.002059,-34.832809
112740,3,-0.52,-0.52,10.084,-1.049,0.469,-7.002059,-34.832809
112792,3,-0.55,0.00,9.926,-1.235,0.412,-7.002059,-34.832809
112844,3,-0.54,-0.52,10.032,-1.542,0.120,-7.002059,-34.832809
112895,3,-0.51,0.86,9.979,-1.824,-0.034,-7.002059,-34.832809
112948,3,-0.55,-0.52,9.811,-1.695,0.311,-7.002059,-34.832809
112998,3,-0.53,0.88,9.826,-1.384,0.010,-7.002069,-34.832806
113048,3,-0.56,0.00,10.036,-0.584,-0.043,-7.002069,-34.832806
113099,3,-0.60,-1.09,10.242,-0.522,-0.373,-7.002069,-34.832806
113149,3,-0.59,-1.04,10.324,0.048,-0.694,-7.002069,-34.832806
113200,3,-0.58,0.00,10.525,-0.053,-1.657,-7.002069,-34.832806
113250,3,-0.62,-0.52,10.415,-0.139,-1.413,-7.002069,-34.832806
113300,3,-0.61,0.32,9.874,0.101,-0.958,-7.002069,-34.832806
113352,3,-0.64,0.00,9.668,0.144,-0.771,-7.002069,-34.832806
113402,3,-0.64,0.19,9.874,0.594,-0.536,-7.002069,-34.832806
113454,3,-0.65,0.00,10.032,0.321,-0.848,-7.002069,-34.832806
113505,3,-0.65,-1.01,10.104,0.077,-0.737,-7.002069,-34.832806
113557,3,-0.67,0.00,10.046,-0.273,-1.346,-7.002069,-34.832806
113608,3,-0.67,-0.52,10.147,-0.062,-1.709,-7.002069,-34.832806
113660,3,-0.65,0.86,10.161,0.034,-1.748,-7.002069,-34.832806
113712,3,-0.68,0.00,10.305,-0.359,-2.150,-7.002069,-34.832806
113763,3,-0.65,0.82,10.314,-1.484,-1.800,-7.002069,-34.832806
113815,3,-0.67,0.00,9.931,-0.833,-1.901,-7.002069,-34.832806
113866,3,-0.66,-0.52,9.773,-1.173,-1.326,-7.002069,-34.832806
113918,3,-0.65,0.34,9.653,-0.958,-1.695,-7.002069,-34.832806
113985,3,-0.68,-0.43,9.720,-0.843,-1.231,-7.002069,-34.832806
114036,3,-0.71,0.00,9.538,-0.570,-1.451,-7.002071,-34.832806
114086,3,-0.73,-0.32,9.448,-1.097,-0.383,-7.002071,-34.832806
114137,3,-0.74,-0.20,9.433,-0.876,1.834,-7.002071,-34.832806
114187,3,-0.78,0.00,8.892,-0.651,1.542,-7.002071,-34.832806
114237,3,-0.82,-0.70,9.629,-0.201,1.374,-7.002071,-34.832806
114288,3,-0.82,-0.16,9.893,-0.508,1.518,-7.002071,-34.832806
114339,3,-0.84,0.00,9.907,-0.996,1.810,-7.002071,-34.832806
114390,3,-0.84,-0.22,10.003,-1.336,1.714,-7.002071,-34.832806
114441,3,-0.88,-0.19,9.778,-1.489,0.795,-7.002071,-34.832806
114493,3,-0.88,-0.16,10.056,-1.532,1.326,-7.002071,-34.832806
114545,3,-0.89,0.00,9.682,-1.709,1.053,-7.002071,-34.832806
114596,3,-0.90,-0.15,9.754,-2.174,1.034,-7.002071,-34.832806
114648,3,-0.89,0.00,9.740,-2.006,1.288,-7.002071,-34.832806
114699,3,-0.91,0.34,9.692,-2.049,0.996,-7.002071,-34.832806
114751,3,-0.91,-0.19,9.965,-1.810,1.092,-7.002071,-34.832806
114803,3,-0.92,-0.22,9.998,-2.107,1.250,-7.002071,-34.832806
114854,3,-0.91,0.26,9.941,-1.652,1.010,-7.002071,-34.832806
114906,3,-0.91,0.00,10.056,-1.523,1.130,-7.002071,-34.832806
114956,3,-0.92,0.36,9.974,-1.561,1.030,-7.002071,-34.832806
115006,3,-0.91,0.35,9.725,-0.996,0.393,-7.002068,-34.832806
115057,3,-0.91,0.00,9.869,-0.828,0.613,-7.002068,-34.832806
115107,3,-0.94,0.32,10.022,-1.216,0.426,-7.002068,-34.832806
115157,3,-0.95,-0.56,9.917,-0.972,-0.369,-7.002068,-34.832806
115208,3,-0.93,0.00,10.314,-1.480,-0.800,-7.002068,-34.832806
115258,3,-0.90,0.89,10.242,-1.460,-1.240,-7.002068,-34.832806
115310,3,-0.91,-0.48,10.300,-1.211,-0.867,-7.002068,-34.832806
115362,3,-0.88,0.34,10.171,-0.723,-1.231,-7.002068,-34.832806
115414,3,-0.91,-1.01,10.199,-0.417,-1.025,-7.002068,-34.832806
115464,3,-0.89,0.86,10.104,-0.024,-0.517,-7.002068,-34.832806
115516,3,-0.88,0.32,9.974,-0.287,-0.306,-7.002068,-34.832806
115567,3,-0.90,0.00,9.955,-0.508,-0.263,-7.002068,-34.832806
115619,3,-0.91,-1.01,10.003,-0.584,0.010,-7.002068,-34.832806
115670,3,-0.90,0.00,10.142,-0.584,-0.005,-7.002068,-34.832806
115722,3,-0.88,0.34,10.199,-0.326,-0.206,-7.002068,-34.832806
115771,3,-0.91,-1.01,10.568,0.024,-0.105,-7.002068,-34.832806
115823,3,-0.87,0.80,10.300,0.316,-0.436,-7.002068,-34.832806
115874,3,-0.89,-1.01,10.238,0.364,-0.110,-7.002068,-34.832806
115926,3,-0.87,0.00,9.874,0.043,-0.067,-7.002068,-34.832806
115976,3,-0.86,0.88,9.816,-0.378,-0.144,-7.002068,-34.832806
116044,3,-0.87,-0.07,9.912,-0.565,-0.081,-7.002071,-34.832802
116094,3,-0.86,0.36,9.768,-0.642,0.211,-7.002071,-34.832802
116145,3,-0.83,0.00,10.118,-0.479,0.436,-7.002071,-34.832802
116195,3,-0.84,0.88,10.147,-0.350,0.622,-7.002071,-34.832802
116245,3,-0.82,0.93,10.084,-0.378,0.584,-7.002071,-34.832802
116296,3,-0.85,0.00,10.017,-0.599,0.460,-7.002071,-34.832802
116346,3,-0.81,1.30,9.955,-0.713,0.244,-7.002071,-34.832802
116398,3,-0.82,0.00,9.883,-0.675,0.172,-7.002071,-34.832802
116449,3,-0.81,0.34,9.898,-0.551,0.464,-7.002071,-34.832802
116501,3,-0.81,0.00,9.998,-0.345,0.972,-7.002071,-34.832802
116552,3,-0.81,-0.52,9.859,-0.560,1.082,-7.002071,-34.832802
116604,3,-0.79,0.86,9.610,-0.790,1.049,-7.002071,-34.832802
116656,3,-0.78,-0.48,9.735,-0.723,0.962,-7.002071,-34.832802
116707,3,-0.76,0.86,9.859,-0.546,1.144,-7.002071,-34.832802
116759,3,-0.76,0.00,9.969,-0.685,1.135,-7.002071,-34.832802
116810,3,-0.75,-0.52,9.974,-0.800,1.307,-7.002071,-34.832802
116862,3,-0.76,0.00,9.989,-0.632,1.288,-7.002071,-34.832802
116914,3,-0.73,0.76,10.013,-0.508,1.159,-7.002071,-34.832802
116964,3,-0.73,0.00,9.998,-0.407,1.015,-7.002071,-34.832802
117014,3,-0.71,0.00,10.003,-0.369,0.967,-7.002069,-34.832806
117065,3,-0.67,2.05,9.974,-0.187,1.058,-7.002069,-34.832806
117115,3,-0.67,0.00,10.022,0.192,1.293,-7.002069,-34.832806
117165,3,-0.69,0.00,10.089,0.350,1.379,-7.002069,-34.832806
117216,3,-0.66,0.97,10.185,0.014,1.178,-7.002069,-34.832806
117266,3,-0.66,0.00,10.223,-0.450,0.972,-7.002069,-34.832806
117318,3,-0.68,0.00,10.199,-0.824,1.197,-7.002069,-34.832806
117370,3,-0.68,0.00,9.912,-0.498,1.604,-7.002069,-34.832806
117421,3,-0.63,1.86,9.730,-0.316,1.930,-7.002069,-34.832806
117472,3,-0.64,-0.52,9.682,0.043,2.342,-7.002069,-34.832806
117523,3,-0.64,0.00,9.553,0.101,2.107,-7.002069,-34.832806
117575,3,-0.57,1.57,9.524,-0.024,2.049,-7.002069,-34.832806
117627,3,-0.55,0.48,9.692,-0.297,1.796,-7.002069,-34.832806
117678,3,-0.54,-0.56,9.969,-0.441,1.638,-7.002069,-34.832806
117730,3,-0.52,0.86,10.372,-0.546,1.302,-7.002069,-34.832806
117781,3,-0.53,0.00,10.420,-0.713,1.255,-7.002069,-34.832806
117833,3,-0.56,0.34,10.228,-0.728,1.279,-7.002069,-34.832806
117885,3,-0.57,0.00,10.070,-0.479,1.211,-7.002069,-34.832806
117937,3,-0.57,0.30,9.965,-0.306,1.264,-7.002069,-34.832806
117987,3,-0.60,-1.05,9.859,-0.038,1.518,-7.002069,-34.832806
118037,3,-0.60,0.00,9.811,0.043,1.556,-7.002059,-34.832825
118105,3,-0.62,-0.25,9.912,-0.034,1.355,-7.002059,-34.832825
118155,3,-0.64,-1.08,9.864,-0.311,1.087,-7.002059,-34.832825
118206,3,-0.63,0.36,9.898,-0.378,1.235,-7.002059,-34.832825
118256,3,-0.64,0.00,9.912,-0.393,1.504,-7.002059,-34.832825
118306,3,-0.63,0.36,9.979,-0.613,1.537,-7.002059,-34.832825
118357,3,-0.63,0.00,10.017,-0.488,1.417,-7.002059,-34.832825
118408,3,-0.67,-1.04,10.108,-0.479,1.073,-7.002059,-34.832825
118460,3,-0.66,0.00,10.218,-0.455,0.824,-7.002059,-34.832825
118512,3,-0.64,1.30,10.161,-0.388,0.986,-7.002059,-34.832825
118563,3,-0.66,-0.97,9.998,-0.426,1.231,-7.002059,-34.832825
118615,3,-0.66,0.00,9.878,-0.388,1.504,-7.002059,-34.832825
118666,3,-0.62,0.82,9.850,-0.326,1.513,-7.002059,-34.832825
118718,3,-0.63,0.00,9.859,-0.306,1.470,-7.002059,-34.832825
118767,3,-0.62,-0.48,9.960,-0.283,1.360,-7.002059,-34.832825
118819,3,-0.60,0.82,9.955,-0.206,1.322,-7.002059,-34.832825
118870,3,-0.63,-1.04,9.979,-0.091,1.317,-7.002059,-34.832825
118922,3,-0.59,1.38,10.008,-0.096,1.245,-7.002059,-34.832825
118972,3,-0.61,0.00,10.051,-0.115,1.168,-7.002059,-34.832825
119023,3,-0.59,-0.56,10.099,-0.105,1.188,-7.002057,-34.832821
119073,3,-0.59,0.00,10.127,-0.168,1.173,-7.002057,-34.832821
119123,3,-0.59,0.00,10.147,-0.201,1.039,-7.002057,-34.832821
119174,3,-0.55,-0.52,10.123,-0.072,0.986,-7.002057,-34.832821
119224,3,-0.55,0.00,10.089,-0.038,0.972,-7.002057,-34.832821
119275,3,-0.56,0.00,10.008,-0.110,1.001,-7.002057,-34.832821
119325,3,-0.56,-0.56,9.955,-0.168,1.125,-7.002057,-34.832821
119375,3,-0.56,0.00,9.960,-0.330,1.197,-7.002057,-34.832821
119426,3,-0.56,0.00,10.017,-0.426,1.197,-7.002057,-34.832821
119478,3,-0.53,0.00,10.060,-0.460,1.116,-7.002057,-34.832821
119527,3,-0.56,-0.52,10.041,-0.498,1.010,-7.002057,-34.832821
119579,3,-0.51,1.86,10.056,-0.421,1.034,-7.002057,-34.832821
119630,3,-0.50,0.00,10.013,-0.407,1.097,-7.002057,-34.832821
119682,3,-0.52,0.52,10.022,-0.350,1.097,-7.002057,-34.832821
119734,3,-0.52,0.00,10.065,-0.388,1.097,-7.002057,-34.832821
119785,3,-0.52,0.00,10.046,-0.460,1.073,-7.002057,-34.832821
119837,3,-0.51,0.52,10.036,-0.393,1.168,-7.002057,-34.832821
119888,3,-0.49,0.00,9.941,-0.378,1.355,-7.002057,-34.832821
119940,3,-0.47,1.09,9.926,-0.359,1.355,-7.002057,-34.832821
119991,3,-0.47,0.00,10.003,-0.139,1.336,-7.002057,-34.832821
120041,3,-0.43,1.01,10.080,-0.067,1.159,-7.002057,-34.832821
120092,3,-0.40,1.09,10.075,-0.192,1.135,-7.002057,-34.832821
120158,3,-0.40,0.00,9.979,-0.249,1.274,-7.002057,-34.832821
120208,3,-0.39,0.52,9.917,-0.436,1.413,-7.002057,-34.832821
120259,3,-0.42,0.00,9.898,-0.484,1.537,-7.002057,-34.832821
120309,3,-0.42,-0.56,9.902,-0.431,1.518,-7.002057,-34.832821
120361,3,-0.42,0.00,9.984,-0.350,1.417,-7.002057,-34.832821
120411,3,-0.42,0.00,9.979,-0.311,1.341,-7.002057,-34.832821
120462,3,-0.42,0.00,10.027,-0.273,1.240,-7.002057,-34.832821
120514,3,-0.43,0.00,10.032,-0.311,1.283,-7.002057,-34.832821
120566,3,-0.45,-0.52,10.013,-0.426,1.389,-7.002057,-34.832821
120617,3,-0.43,-0.48,10.027,-0.417,1.374,-7.002057,-34.832821
120669,3,-0.45,-0.97,10.051,-0.369,1.528,-7.002057,-34.832821
120720,3,-0.48,0.00,10.032,-0.330,1.494,-7.002057,-34.832821
120772,3,-0.49,-1.04,9.926,-0.517,1.504,-7.002057,-34.832821
120824,3,-0.50,0.00,9.893,-0.565,1.460,-7.002057,-34.832821
120875,3,-0.49,-0.52,9.912,-0.460,1.580,-7.002057,-34.832821
120927,3,-0.47,0.86,9.850,-0.522,1.609,-7.002057,-34.832821
120977,3,-0.48,0.00,9.864,-0.546,1.647,-7.002057,-34.832821
121028,3,-0.44,0.00,9.883,-0.555,1.647,-7.002054,-34.832825
121078,3,-0.46,-0.52,9.902,-0.551,1.585,-7.002054,-34.832825
121129,3,-0.44,0.00,10.008,-0.541,1.508,-7.002054,-34.832825
121179,3,-0.46,-0.56,9.979,-0.551,1.499,-7.002054,-34.832825
121229,3,-0.44,0.88,9.931,-0.493,1.528,-7.002054,-34.832825
121280,3,-0.45,0.00,9.931,-0.527,1.470,-7.002054,-34.832825
121329,3,-0.44,-0.97,9.878,-0.460,1.451,-7.002054,-34.832825
121381,3,-0.42,0.74,9.984,-0.302,1.403,-7.002054,-34.832825
121431,3,-0.45,-1.04,10.075,-0.287,1.250,-7.002054,-34.832825
121483,3,-0.47,0.00,10.094,-0.263,1.211,-7.002054,-34.832825
121534,3,-0.47,-1.01,10.056,-0.345,1.207,-7.002054,-34.832825
121586,3,-0.46,0.34,10.003,-0.426,1.221,-7.002054,-34.832825
121637,3,-0.47,0.34,9.974,-0.532,1.279,-7.002054,-34.832825
121689,3,-0.49,-0.97,9.902,-0.503,1.336,-7.002054,-34.832825
121741,3,-0.47,0.00,9.950,-0.450,1.293,-7.002054,-34.832825
121792,3,-0.45,1.38,9.965,-0.311,1.269,-7.002054,-34.832825
121844,3,-0.46,-0.56,9.955,-0.287,1.202,-7.002054,-34.832825
121895,3,-0.45,0.86,9.989,-0.230,1.173,-7.002054,-34.832825
121948,3,-0.47,-0.56,10.008,-0.340,1.077,-7.002054,-34.832825
121998,3,-0.46,0.00,10.132,-0.244,1.087,-7.002058,-34.832817
122048,3,-0.50,-0.54,10.233,-0.378,1.087,-7.002058,-34.832817
122099,3,-0.49,0.28,10.190,-0.488,1.092,-7.002058,-34.832817
122149,3,-0.49,0.00,10.080,-0.402,1.077,-7.002058,-34.832817
122226,3,-0.47,0.26,10.022,-0.335,0.972,-7.002058,-34.832817
122277,3,-0.48,-0.52,9.946,-0.354,1.073,-7.002058,-34.832817
122329,3,-0.48,0.00,9.917,-0.292,1.317,-7.002058,-34.832817
122379,3,-0.46,0.82,10.008,-0.182,1.475,-7.002058,-34.832817
122431,3,-0.47,0.00,10.108,-0.239,1.441,-7.002058,-34.832817
122482,3,-0.47,0.00,10.147,-0.431,1.322,-7.002058,-34.832817
122534,3,-0.44,0.00,10.036,-0.508,1.211,-7.002058,-34.832817
122585,3,-0.45,0.00,9.907,-0.431,1.245,-7.002058,-34.832817
122637,3,-0.45,0.00,9.778,-0.177,1.724,-7.002058,-34.832817
122689,3,-0.42,1.34,9.720,-0.019,1.863,-7.002058,-34.832817
122740,3,-0.43,-0.48,9.864,-0.321,1.800,-7.002058,-34.832817
122792,3,-0.44,0.00,9.754,-0.694,1.686,-7.002058,-34.832817
122843,3,-0.47,-0.52,9.931,-0.618,1.283,-7.002058,-34.832817
122895,3,-0.43,0.00,10.051,-0.460,1.331,-7.002058,-34.832817
122945,3,-0.46,-0.52,9.984,-0.488,1.475,-7.002058,-34.832817
122995,3,-0.46,0.00,9.936,-0.852,1.494,-7.002058,-34.832821
123045,3,-0.44,0.00,9.946,-0.843,1.551,-7.002058,-34.832821
123096,3,-0.44,0.00,9.898,-0.555,1.599,-7.002058,-34.832821
123146,3,-0.44,0.00,9.902,-0.239,1.523,-7.002058,-34.832821
123197,3,-0.44,0.00,10.013,-0.249,1.427,-7.002058,-34.832821
123247,3,-0.40,0.00,10.108,-0.656,1.374,-7.002058,-34.832821
123297,3,-0.40,0.00,10.027,-0.709,1.408,-7.002058,-34.832821
123349,3,-0.38,0.00,9.993,-0.373,1.398,-7.002058,-34.832821
123400,3,-0.37,0.56,10.017,-0.287,1.336,-7.002058,-34.832821
123451,3,-0.38,-0.52,9.993,-0.498,1.259,-7.002058,-34.832821
123502,3,-0.41,-1.01,9.950,-0.680,1.417,-7.002058,-34.832821
123554,3,-0.43,0.00,9.878,-0.685,1.513,-7.002058,-34.832821
123606,3,-0.44,-1.01,9.883,-0.455,1.484,-7.002058,-34.832821
123657,3,-0.45,-0.52,9.960,-0.254,1.274,-7.002058,-34.832821
123709,3,-0.50,-1.01,10.089,-0.235,1.144,-7.002058,-34.832821
123760,3,-0.50,0.00,10.123,-0.445,1.264,-7.002058,-34.832821
123812,3,-0.51,0.00,10.065,-0.532,1.489,-7.002058,-34.832821
123864,3,-0.47,1.34,10.003,-0.508,1.556,-7.002058,-34.832821
123915,3,-0.51,0.00,10.041,-0.555,1.389,-7.002058,-34.832821
123965,3,-0.47,0.00,9.989,-0.608,1.288,-7.002058,-34.832821
124016,3,-0.47,0.00,9.907,-0.622,1.374,-7.002054,-34.832829
124066,3,-0.49,0.00,9.826,-0.455,1.547,-7.002054,-34.832829
124117,3,-0.47,1.45,9.797,-0.412,1.599,-7.002054,-34.832829
124167,3,-0.46,0.52,9.931,-0.517,1.686,-7.002054,-34.832829
124217,3,-0.46,0.00,9.960,-0.560,1.528,-7.002054,-34.832829
124285,3,-0.50,-0.50,10.099,-0.201,1.475,-7.002054,-34.832829
124337,3,-0.46,0.00,10.108,-0.139,1.427,-7.002054,-34.832829
124388,3,-0.49,-1.09,10.099,-0.335,1.451,-7.002054,-34.832829
124439,3,-0.49,0.00,10.032,-0.733,1.427,-7.002054,-34.832829
124490,3,-0.50,-0.52,9.893,-1.106,1.480,-7.002054,-34.832829
124542,3,-0.51,0.00,9.735,-0.977,1.676,-7.002054,-34.832829
124594,3,-0.51,0.00,9.668,-0.508,1.887,-7.002054,-34.832829
124645,3,-0.51,0.00,9.706,-0.469,1.748,-7.002054,-34.832829
124697,3,-0.53,0.00,9.917,-0.555,1.638,-7.002054,-34.832829
124748,3,-0.53,0.00,10.099,-0.804,1.408,-7.002054,-34.832829
124800,3,-0.54,0.00,10.300,-0.833,1.456,-7.002054,-34.832829
124852,3,-0.56,-0.52,10.127,-0.848,1.551,-7.002054,-34.832829
124903,3,-0.52,0.00,9.850,-0.713,1.571,-7.002054,-34.832829
124956,3,-0.50,0.52,9.730,-0.488,1.561,-7.002054,-34.832829
125006,3,-0.50,0.00,9.697,-0.187,1.604,-7.002054,-34.832832
125056,3,-0.50,0.00,9.749,-0.192,1.662,-7.002054,-34.832832
125107,3,-0.50,0.00,10.003,-0.455,1.638,-7.002054,-34.832832
125157,3,-0.52,0.00,10.123,-0.929,1.350,-7.002054,-34.832832
125208,3,-0.53,0.00,10.295,-1.006,1.422,-7.002054,-34.832832
125258,3,-0.53,0.00,10.156,-0.804,1.460,-7.002054,-34.832832
125308,3,-0.55,0.00,9.993,-0.522,1.456,-7.002054,-34.832832
125360,3,-0.50,0.00,9.821,-0.517,1.413,-7.002054,-34.832832
125412,3,-0.51,-0.52,9.764,-0.340,1.537,-7.002054,-34.832832
125463,3,-0.51,0.00,9.778,-0.273,1.623,-7.002054,-34.832832
125515,3,-0.54,0.00,9.902,-0.373,1.796,-7.002054,-34.832832
125565,3,-0.54,0.00,9.989,-0.776,1.595,-7.002054,-34.832832
125614,3,-0.50,1.45,10.175,-0.852,1.441,-7.002054,-34.832832
125666,3,-0.50,0.00,10.132,-0.651,1.360,-7.002054,-34.832832
125717,3,-0.51,0.00,9.979,-0.345,1.441,-7.002054,-34.832832
125769,3,-0.51,0.00,9.850,-0.445,1.518,-7.002054,-34.832832
125820,3,-0.53,0.00,9.826,-0.651,1.575,-7.002054,-34.832832
125872,3,-0.53,0.00,9.840,-0.790,1.757,-7.002054,-34.832832
125924,3,-0.53,0.00,9.845,-0.895,1.686,-7.002054,-34.832832
125974,3,-0.53,0.00,9.922,-1.030,1.532,-7.002054,-34.832832
126024,3,-0.53,0.00,9.969,-0.795,1.336,-7.002055,-34.832832
126075,3,-0.54,0.00,9.950,-0.469,1.427,-7.002055,-34.832832
126125,3,-0.54,0.00,9.912,-0.311,1.604,-7.002055,-34.832832
126176,3,-0.56,0.00,9.845,-0.464,1.537,-7.002055,-34.832832
126226,3,-0.56,0.00,9.831,-0.565,1.628,-7.002055,-34.832832
126276,3,-0.52,1.43,9.955,-0.436,1.681,-7.002055,-34.832832
126343,3,-0.56,-0.50,10.266,-0.230,1.350,-7.002055,-34.832832
126395,3,-0.52,1.38,10.329,-0.192,1.049,-7.002055,-34.832832
126446,3,-0.50,0.00,10.285,-0.263,0.934,-7.002055,-34.832832
126497,3,-0.50,0.00,10.113,-0.651,1.044,-7.002055,-34.832832
126548,3,-0.50,0.00,9.831,-1.101,1.346,-7.002055,-34.832832
126600,3,-0.48,1.01,9.601,-1.192,1.930,-7.002055,-34.832832
126651,3,-0.46,0.00,9.519,-0.982,2.184,-7.002055,-34.832832
126703,3,-0.45,0.52,9.591,-0.555,1.930,-7.002055,-34.832832
126755,3,-0.46,0.00,9.902,-0.249,1.633,-7.002055,-34.832832
126806,3,-0.45,0.00,10.175,-0.206,1.293,-7.002055,-34.832832
126858,3,-0.49,-1.34,10.262,-0.493,1.116,-7.002055,-34.832832
126910,3,-0.47,0.48,10.228,-0.637,1.269,-7.002055,-34.832832
126959,3,-0.47,0.00,9.946,-0.728,1.537,-7.002055,-34.832832
127010,3,-0.47,0.00,9.797,-0.632,1.743,-7.002058,-34.832832
127060,3,-0.49,0.00,9.759,-0.785,1.666,-7.002058,-34.832832
127111,3,-0.45,1.39,9.783,-0.752,1.537,-7.002058,-34.832832
127161,3,-0.45,0.00,9.859,-0.421,1.638,-7.002058,-34.832832
127212,3,-0.44,0.93,9.874,-0.268,1.638,-7.002058,-34.832832
127262,3,-0.47,-1.09,10.051,-0.369,1.446,-7.002058,-34.832832
127312,3,-0.45,0.00,10.204,-0.790,1.211,-7.002058,-34.832832
127364,3,-0.43,0.00,10.285,-0.929,1.111,-7.002058,-34.832832
127416,3,-0.40,1.34,9.998,-0.800,1.403,-7.002058,-34.832832
127467,3,-0.36,0.00,9.826,-0.306,1.671,-7.002058,-34.832832
127519,3,-0.38,-0.52,9.787,-0.417,1.690,-7.002058,-34.832832
127571,3,-0.35,0.00,9.888,-0.613,1.374,-7.002058,-34.832832
127621,3,-0.35,0.00,9.979,-0.397,1.269,-7.002058,-34.832832
127673,3,-0.33,0.86,10.013,-0.230,1.417,-7.002058,-34.832832
127724,3,-0.33,0.00,9.946,-0.618,1.528,-7.002058,-34.832832
127776,3,-0.34,0.00,9.989,-0.675,1.623,-7.002058,-34.832832
127827,3,-0.32,0.00,10.060,-0.666,1.389,-7.002058,-34.832832
127879,3,-0.33,-0.52,10.127,-0.622,1.221,-7.002058,-34.832832
127928,3,-0.31,0.82,9.946,-0.426,1.384,-7.002058,-34.832832
127978,3,-0.33,-0.52,9.797,-0.196,1.662,-7.002058,-34.832832
128029,3,-0.33,0.00,9.759,-0.220,1.628,-7.002059,-34.832832
128079,3,-0.32,0.93,9.888,-0.594,1.417,-7.002059,-34.832832
128130,3,-0.32,0.00,9.984,-0.795,1.240,-7.002059,-34.832832
128180,3,-0.32,0.00,10.046,-0.886,1.346,-7.002059,-34.832832
128231,3,-0.31,0.93,9.969,-0.685,1.470,-7.002059,-34.832832
128281,3,-0.32,-0.58,9.941,-0.397,1.604,-7.002059,-34.832832
128331,3,-0.32,0.00,9.993,-0.508,1.475,-7.002059,-34.832832
128397,3,-0.33,-0.16,10.060,-0.666,1.365,-7.002059,-34.832832
128448,3,-0.36,-0.48,10.032,-0.814,1.207,-7.002059,-34.832832
128499,3,-0.36,0.00,10.108,-0.915,1.408,-7.002059,-34.832832
128550,3,-0.38,0.00,9.831,-0.886,1.623,-7.002059,-34.832832
128602,3,-0.36,0.00,9.744,-0.622,1.609,-7.002059,-34.832832
128654,3,-0.31,0.45,9.850,-0.594,1.480,-7.002059,-34.832832
128705,3,-0.31,0.00,9.965,-0.560,1.384,-7.002059,-34.832832
128757,3,-0.34,-0.52,9.946,-0.498,1.513,-7.002059,-34.832832
128808,3,-0.34,0.00,10.070,-0.594,1.384,-7.002059,-34.832832
128860,3,-0.35,0.00,10.089,-0.843,1.250,-7.002059,-34.832832
128912,3,-0.35,0.00,10.056,-0.713,1.460,-7.002059,-34.832832
128962,3,-0.35,0.28,9.917,-0.843,1.408,-7.002059,-34.832832
129012,3,-0.35,0.00,9.969,-0.900,1.312,-7.002059,-34.832832
129062,3,-0.36,-0.54,9.936,-0.646,1.460,-7.002059,-34.832832
129113,3,-0.38,-0.56,9.917,-0.790,1.408,-7.002059,-34.832832
129163,3,-0.38,0.00,9.917,-0.718,1.475,-7.002059,-34.832832
129214,3,-0.34,0.00,9.960,-0.757,1.518,-7.002059,-34.832832
129264,3,-0.35,-0.52,9.922,-0.814,1.518,-7.002059,-34.832832
129314,3,-0.35,0.00,9.979,-0.713,1.465,-7.002059,-34.832832
129366,3,-0.35,0.00,10.056,-0.761,1.298,-7.002059,-34.832832
129418,3,-0.37,0.00,10.017,-0.651,1.398,-7.002059,-34.832832
129469,3,-0.38,-0.48,9.864,-0.541,1.642,-7.002059,-34.832832
129521,3,-0.34,1.45,9.716,-0.723,1.599,-7.002059,-34.832832
129573,3,-0.32,0.52,9.802,-0.599,1.542,-7.002059,-34.832832
129623,3,-0.32,0.00,9.864,-0.685,1.408,-7.002059,-34.832832
129675,3,-0.35,0.00,9.960,-0.924,1.053,-7.002059,-34.832832
129726,3,-0.35,0.00,10.151,-0.967,0.814,-7.002059,-34.832832
129778,3,-0.35,0.00,10.190,-0.972,0.709,-7.002059,-34.832832
129829,3,-0.34,0.48,10.127,-0.761,0.948,-7.002059,-34.832832
129881,3,-0.32,0.00,10.013,-0.824,1.178,-7.002059,-34.832832
129933,3,-0.31,0.52,9.941,-1.015,1.322,-7.002059,-34.832832
129983,3,-0.31,0.00,9.898,-0.943,1.360,-7.002059,-34.832832
130033,3,-0.33,0.00,9.859,-0.986,1.202,-7.002061,-34.832836
130084,3,-0.32,0.00,9.984,-0.857,1.298,-7.002061,-34.832836
130134,3,-0.32,0.00,9.965,-0.886,1.389,-7.002061,-34.832836
130185,3,-0.32,0.00,9.907,-0.867,1.595,-7.002061,-34.832836
130235,3,-0.35,-1.37,9.874,-0.958,1.614,-7.002061,-34.832836
130285,3,-0.35,0.00,9.926,-0.843,1.700,-7.002061,-34.832836
130335,3,-0.35,0.00,9.912,-0.800,1.638,-7.002061,-34.832836
130387,3,-0.35,0.00,9.888,-0.862,1.585,-7.002061,-34.832836
130453,3,-0.35,0.00,9.898,-0.862,1.556,-7.002061,-34.832836
130505,3,-0.35,0.00,9.946,-0.838,1.504,-7.002061,-34.832836
130557,3,-0.37,-0.48,9.969,-0.857,1.460,-7.002061,-34.832836
130607,3,-0.37,0.00,10.032,-0.895,1.480,-7.002061,-34.832836
130659,3,-0.37,0.00,9.989,-0.953,1.460,-7.002061,-34.832836
130710,3,-0.35,0.48,9.950,-0.881,1.571,-7.002061,-34.832836
130762,3,-0.34,0.00,9.898,-0.819,1.585,-7.002061,-34.832836
130813,3,-0.34,0.00,9.922,-0.766,1.575,-7.002061,-34.832836
130865,3,-0.33,0.00,9.955,-0.848,1.628,-7.002061,-34.832836
130917,3,-0.31,0.45,9.974,-0.876,1.432,-7.002061,-34.832836
130967,3,-0.30,0.00,9.989,-0.900,1.523,-7.002061,-34.832836
131017,3,-0.27,0.00,9.917,-0.886,1.575,-7.002063,-34.832840
131068,3,-0.25,0.52,9.816,-0.795,1.681,-7.002063,-34.832840
131118,3,-0.24,0.00,9.831,-0.848,1.647,-7.002063,-34.832840
131168,3,-0.21,0.56,9.912,-0.876,1.638,-7.002063,-34.832840
131219,3,-0.18,1.05,9.955,-0.910,1.451,-7.002063,-34.832840
131269,3,-0.17,0.00,9.984,-0.895,1.460,-7.002063,-34.832840
131320,3,-0.13,0.00,9.907,-0.833,1.537,-7.002063,-34.832840
131371,3,-0.12,0.48,9.888,-0.905,1.733,-7.002063,-34.832840
131423,3,-0.12,0.00,9.864,-0.852,1.733,-7.002063,-34.832840
131474,3,-0.15,-1.01,9.946,-0.603,1.633,-7.002063,-34.832840
131526,3,-0.12,0.82,10.022,-0.642,1.341,-7.002063,-34.832840
131578,3,-0.15,-1.01,10.084,-0.747,1.250,-7.002063,-34.832840
131629,3,-0.15,0.00,10.036,-0.843,1.547,-7.002063,-34.832840
131681,3,-0.15,0.00,9.869,-0.919,1.839,-7.002063,-34.832840
131732,3,-0.15,0.00,9.773,-0.972,1.805,-7.002063,-34.832840
131783,3,-0.15,0.00,9.874,-0.852,1.618,-7.002063,-34.832840
131834,3,-0.17,-0.52,9.936,-0.709,1.413,-7.002063,-34.832840
131886,3,-0.18,0.00,9.960,-0.790,1.460,-7.002063,-34.832840
131935,3,-0.17,-0.48,9.922,-0.919,1.638,-7.002063,-34.832840
131986,3,-0.18,-0.56,9.888,-0.910,1.671,-7.002063,-34.832840
132036,3,-0.21,0.00,9.946,-0.771,1.642,-7.002065,-34.832836
132086,3,-0.24,-1.08,10.003,-0.809,1.456,-7.002065,-34.832836
132137,3,-0.27,-1.09,10.027,-0.871,1.585,-7.002065,-34.832836
132187,3,-0.27,0.00,9.984,-1.015,1.609,-7.002065,-34.832836
132238,3,-0.32,-1.45,9.979,-1.082,1.499,-7.002065,-34.832836
132288,3,-0.29,0.93,9.979,-0.838,1.681,-7.002065,-34.832836
132338,3,-0.29,0.00,9.874,-0.685,1.690,-7.002065,-34.832836
132390,3,-0.31,-0.52,9.936,-0.737,1.609,-7.002065,-34.832836
132441,3,-0.34,0.00,10.151,-0.795,1.633,-7.002065,-34.832836
132506,3,-0.36,-0.17,10.104,-0.757,1.504,-7.002065,-34.832836
132558,3,-0.38,-0.52,10.195,-0.622,1.154,-7.002065,-34.832836
132609,3,-0.38,0.00,10.592,-0.838,1.379,-7.002065,-34.832836
132660,3,-0.40,-0.48,10.075,-0.354,1.403,-7.002065,-34.832836
132711,3,-0.40,0.00,9.883,-0.292,2.045,-7.002065,-34.832836
132763,3,-0.40,0.00,9.759,-0.364,2.054,-7.002065,-34.832836
132815,3,-0.38,0.48,9.596,-0.441,2.236,-7.002065,-34.832836
132866,3,-0.38,0.00,10.022,-0.637,2.433,-7.002065,-34.832836
132918,3,-0.37,0.00,9.946,-0.694,2.212,-7.002065,-34.832836
132968,3,-0.36,0.00,10.166,-0.723,1.695,-7.002065,-34.832836
133018,3,-0.32,1.09,10.348,-0.766,1.571,-7.002065,-34.832840
133069,3,-0.34,-0.89,10.568,-0.441,1.528,-7.002065,-34.832840
133119,3,-0.32,0.00,10.554,0.072,1.968,-7.002065,-34.832840
133170,3,-0.32,0.00,10.013,-0.077,2.203,-7.002065,-34.832840
133220,3,-0.32,0.00,9.428,0.053,2.073,-7.002065,-34.832840
133270,3,-0.31,0.00,9.419,0.072,2.212,-7.002065,-34.832840
133321,3,-0.31,0.00,9.481,0.450,2.265,-7.002065,-34.832840
133372,3,-0.31,0.00,9.510,0.570,1.949,-7.002065,-34.832840
133424,3,-0.30,0.00,9.582,0.977,1.844,-7.002065,-34.832840
133476,3,-0.27,0.48,9.687,1.073,1.911,-7.002065,-34.832840
133527,3,-0.27,0.00,9.850,1.178,1.772,-7.002065,-34.832840
133579,3,-0.29,0.52,9.969,1.312,1.580,-7.002065,-34.832840
133630,3,-0.31,-0.52,10.147,0.441,1.963,-7.002065,-34.832840
133682,3,-0.29,0.00,10.204,-0.110,0.953,-7.002065,-34.832840
133734,3,-0.29,0.00,10.075,0.177,1.130,-7.002065,-34.832840
133784,3,-0.33,-1.23,10.831,0.512,1.614,-7.002065,-34.832840
133836,3,-0.31,0.45,11.133,0.723,2.011,-7.002065,-34.832840
133887,3,-0.30,0.00,11.463,0.522,2.485,-7.002065,-34.832840
133939,3,-0.27,0.00,10.017,0.982,1.695,-7.002065,-34.832840
133990,3,-0.29,-1.45,9.476,1.365,1.724,-7.002065,-34.832840
134040,3,-0.28,0.00,8.677,0.996,1.456,-7.002070,-34.832840
134090,3,-0.25,1.09,8.619,0.306,1.106,-7.002070,-34.832840
134141,3,-0.25,0.00,8.739,0.000,1.772,-7.002070,-34.832840
134191,3,-0.24,0.00,8.978,-0.297,1.547,-7.002070,-34.832840
134242,3,-0.29,-1.97,9.802,0.014,1.293,-7.002070,-34.832840
134292,3,-0.28,0.00,10.515,0.306,0.833,-7.002070,-34.832840
134342,3,-0.29,0.00,10.659,0.034,0.680,-7.002070,-34.832840
134394,3,-0.29,0.00,10.515,-0.024,0.177,-7.002070,-34.832840
134445,3,-0.30,0.00,9.926,0.057,-0.105,-7.002070,-34.832840
134497,3,-0.26,1.01,9.783,-0.263,0.373,-7.002070,-34.832840
134562,3,-0.25,0.16,9.558,-0.086,1.044,-7.002070,-34.832840
134614,3,-0.25,0.00,9.467,-0.431,0.728,-7.002070,-34.832840
134664,3,-0.25,0.00,9.869,-0.263,0.728,-7.002070,-34.832840
134716,3,-0.25,0.00,10.496,-0.460,0.881,-7.002070,-34.832840
134767,3,-0.22,0.52,10.305,0.134,2.150,-7.002070,-34.832840
134819,3,-0.21,0.48,9.347,0.062,2.351,-7.002070,-34.832840
134870,3,-0.18,0.48,9.251,-0.268,2.318,-7.002070,-34.832840
134922,3,-0.17,0.52,9.495,-1.120,0.967,-7.002070,-34.832840
134972,3,-0.17,0.00,9.984,-1.015,0.053,-7.002070,-34.832840
135023,3,-0.15,0.54,10.151,-1.130,-0.211,-7.002072,-34.832832
135073,3,-0.15,0.00,10.175,-1.240,-0.536,-7.002072,-34.832832
135123,3,-0.12,0.00,10.147,-0.886,0.091,-7.002072,-34.832832
135174,3,-0.13,-0.56,9.883,-0.843,0.622,-7.002072,-34.832832
135224,3,-0.18,-2.01,9.692,-0.924,0.273,-7.002072,-34.832832
135275,3,-0.17,0.00,9.558,-0.982,0.474,-7.002072,-34.832832
135325,3,-0.17,0.00,9.256,-0.895,0.268,-7.002072,-34.832832
135377,3,-0.17,0.00,8.973,-1.494,-0.134,-7.002072,-34.832832
135428,3,-0.20,0.00,8.792,-1.800,0.297,-7.002072,-34.832832
135480,3,-0.20,0.00,9.112,-1.753,-0.594,-7.002072,-34.832832
135531,3,-0.20,0.00,10.458,-2.088,-0.503,-7.002072,-34.832832
135583,3,-0.19,0.00,11.047,-1.556,0.000,-7.002072,-34.832832
135635,3,-0.19,0.00,11.272,-0.800,0.464,-7.002072,-34.832832
135686,3,-0.23,0.00,11.042,-0.407,0.570,-7.002072,-34.832832
135738,3,-0.24,-0.52,10.678,-0.570,0.455,-7.002072,-34.832832
135789,3,-0.29,0.00,10.539,-0.881,0.852,-7.002072,-34.832832
135840,3,-0.29,0.00,10.233,-0.771,0.388,-7.002072,-34.832832
135891,3,-0.29,0.00,10.463,-0.862,0.690,-7.002072,-34.832832
135943,3,-0.31,-0.86,10.137,-0.306,0.560,-7.002072,-34.832832
135994,3,-0.31,0.00,10.295,0.148,0.302,-7.002072,-34.832832
136044,3,-0.29,1.39,9.864,0.464,0.373,-7.002073,-34.832832
136094,3,-0.30,-0.52,9.572,-0.642,0.053,-7.002073,-34.832832
136145,3,-0.30,0.00,9.926,-0.196,0.287,-7.002073,-34.832832
136195,3,-0.28,0.88,9.807,-0.814,-0.168,-7.002073,-34.832832
136246,3,-0.29,-0.56,10.056,-0.330,0.010,-7.002073,-34.832832
136296,3,-0.31,0.00,9.979,-0.120,0.129,-7.002073,-34.832832
136348,3,-0.27,0.00,10.041,-0.086,0.292,-7.002073,-34.832832
136400,3,-0.29,-0.56,10.123,-0.187,0.359,-7.002073,-34.832832
136452,3,-0.29,0.00,10.036,-0.172,0.283,-7.002073,-34.832832
136503,3,-0.26,0.00,10.046,-0.086,0.187,-7.002073,-34.832832
136555,3,-0.28,0.00,9.965,-0.081,0.206,-7.002073,-34.832832
136627,3,-0.27,0.10,10.065,-0.034,0.268,-7.002073,-34.832832
136677,3,-0.27,0.00,9.950,-0.115,0.436,-7.002073,-34.832832
136729,3,-0.23,1.45,9.907,-0.120,0.201,-7.002073,-34.832832
136780,3,-0.22,0.52,9.969,-0.010,0.081,-7.002073,-34.832832
136832,3,-0.23,0.00,10.017,0.005,0.096,-7.002073,-34.832832
136883,3,-0.20,1.23,10.175,0.043,0.306,-7.002073,-34.832832
136935,3,-0.18,0.00,10.118,0.086,0.153,-7.002073,-34.832832
136986,3,-0.20,0.00,10.161,0.105,0.024,-7.002073,-34.832832
137036,3,-0.21,-0.48,10.151,-0.057,0.211,-7.002073,-34.832832
137086,3,-0.21,0.00,10.013,-0.062,0.287,-7.002073,-34.832832
137137,3,-0.22,0.00,9.979,-0.235,0.220,-7.002073,-34.832832
137187,3,-0.20,0.93,10.003,-0.153,0.086,-7.002073,-34.832832
137238,3,-0.22,0.00,10.036,-0.244,0.057,-7.002073,-34.832832
137288,3,-0.23,0.00,9.965,-0.105,-0.072,-7.002073,-34.832832
137341,3,-0.24,-0.58,10.171,0.019,0.072,-7.002073,-34.832832
137392,3,-0.26,0.00,10.118,-0.067,0.235,-7.002073,-34.832832
137444,3,-0.23,1.04,9.998,-0.278,0.412,-7.002073,-34.832832
137495,3,-0.23,0.00,9.931,-0.196,0.560,-7.002073,-34.832832
137547,3,-0.18,1.83,9.701,-0.144,0.694,-7.002073,-34.832832
137599,3,-0.22,-1.34,9.697,0.072,0.546,-7.002073,-34.832832
137650,3,-0.22,-1.34,9.821,0.287,0.426,-7.002073,-34.832832
137702,3,-0.17,1.83,9.955,0.412,0.627,-7.002073,-34.832832
137753,3,-0.17,0.00,10.075,0.287,0.953,-7.002073,-34.832832
137805,3,-0.22,-1.97,10.094,0.211,0.876,-7.002073,-34.832832
137857,3,-0.22,0.00,10.075,0.062,1.058,-7.002073,-34.832832
137907,3,-0.22,0.00,9.984,0.235,1.101,-7.002073,-34.832832
137957,3,-0.22,0.00,9.955,0.326,0.929,-7.002073,-34.832832
138007,3,-0.22,-0.56,9.965,0.479,0.809,-7.002072,-34.832829
138058,3,-0.22,0.00,10.166,0.532,0.680,-7.002072,-34.832829
138108,3,-0.24,0.00,10.309,0.656,0.484,-7.002072,-34.832829
138158,3,-0.21,0.00,10.271,0.824,0.479,-7.002072,-34.832829
138209,3,-0.20,0.46,10.171,0.800,0.718,-7.002072,-34.832829
138259,3,-0.18,0.00,10.065,0.843,0.857,-7.002072,-34.832829
138310,3,-0.17,0.54,9.946,0.848,0.915,-7.002072,-34.832829
138362,3,-0.18,-0.56,10.041,0.752,0.948,-7.002072,-34.832829
138413,3,-0.22,0.00,10.041,0.632,0.766,-7.002072,-34.832829
138465,3,-0.22,0.52,10.161,0.670,0.828,-7.002072,-34.832829
138516,3,-0.22,0.00,10.084,0.594,0.958,-7.002072,-34.832829
138568,3,-0.24,0.48,9.902,0.699,0.972,-7.002072,-34.832829
138617,3,-0.25,-0.48,9.888,0.713,1.044,-7.002072,-34.832829
138682,3,-0.29,-0.55,9.850,0.848,0.919,-7.002072,-34.832829
138734,3,-0.28,0.00,9.989,0.991,0.895,-7.002072,-34.832829
138786,3,-0.30,0.00,10.175,0.953,0.986,-7.002072,-34.832829
138836,3,-0.30,0.00,10.094,0.541,1.053,-7.002072,-34.832829
138887,3,-0.30,0.00,10.056,0.316,1.350,-7.002072,-34.832829
138939,3,-0.30,0.00,9.874,0.105,1.537,-7.002072,-34.832829
138990,3,-0.25,0.56,9.850,0.350,1.595,-7.002072,-34.832829
139040,3,-0.25,0.00,10.022,0.651,1.465,-7.002072,-34.832829
139091,3,-0.25,0.00,10.080,0.766,1.221,-7.002072,-34.832829
139141,3,-0.25,-0.52,10.065,1.010,0.895,-7.002072,-34.832829
139191,3,-0.24,0.52,9.984,1.336,0.670,-7.002072,-34.832829
139242,3,-0.20,0.00,10.051,1.494,0.685,-7.002072,-34.832829
139292,3,-0.22,0.00,10.051,1.513,0.752,-7.002072,-34.832829
139345,3,-0.22,0.00,9.850,1.460,0.824,-7.002072,-34.832829
139396,3,-0.22,0.52,9.701,1.484,0.915,-7.002072,-34.832829
139448,3,-0.22,0.00,9.730,1.465,0.986,-7.002072,-34.832829
139499,3,-0.24,0.00,9.807,1.480,1.211,-7.002072,-34.832829
139551,3,-0.22,0.00,9.831,1.484,1.403,-7.002072,-34.832829
139603,3,-0.22,0.00,9.926,1.523,1.590,-7.002072,-34.832829
139654,3,-0.22,0.00,9.821,1.427,1.757,-7.002072,-34.832829
139706,3,-0.23,-0.52,9.740,1.211,1.695,-7.002072,-34.832829
139757,3,-0.23,0.00,9.831,1.240,1.350,-7.002072,-34.832829
139809,3,-0.27,0.00,10.089,1.561,0.977,-7.002072,-34.832829
139858,3,-0.27,0.00,10.204,1.666,0.536,-7.002072,-34.832829
139910,3,-0.27,0.00,10.319,1.499,0.225,-7.002072,-34.832829
139962,3,-0.27,0.00,10.094,1.307,0.445,-7.002072,-34.832829
140013,3,-0.30,0.00,9.797,1.221,0.900,-7.002072,-34.832829
140063,3,-0.28,1.05,9.754,1.379,0.986,-7.002072,-34.832829
140113,3,-0.26,0.54,9.864,1.681,0.886,-7.002072,-34.832829
140164,3,-0.25,0.00,9.955,1.791,0.670,-7.002072,-34.832829
140214,3,-0.25,0.00,9.950,1.676,0.800,-7.002072,-34.832829
140265,3,-0.24,0.56,9.931,1.403,0.948,-7.002072,-34.832829
140315,3,-0.22,0.00,9.936,1.178,1.120,-7.002072,-34.832829
140367,3,-0.22,0.00,9.941,1.183,1.302,-7.002072,-34.832829
140418,3,-0.21,0.00,9.893,1.355,1.322,-7.002072,-34.832829
140469,3,-0.21,0.00,9.850,1.475,1.106,-7.002072,-34.832829
140520,3,-0.23,0.00,9.898,1.599,0.886,-7.002072,-34.832829
140572,3,-0.22,-0.82,9.950,1.585,0.733,-7.002072,-34.832829
140624,3,-0.20,0.48,9.912,1.451,0.752,-7.002072,-34.832829
140675,3,-0.18,0.52,9.931,1.379,1.015,-7.002072,-34.832829
140741,3,-0.09,1.12,9.922,1.427,1.259,-7.002072,-34.832829
140793,3,-0.12,-1.34,9.840,1.413,1.221,-7.002072,-34.832829
140844,3,-0.12,0.00,9.878,1.298,1.221,-7.002072,-34.832829
140895,3,-0.12,0.00,9.878,1.446,1.053,-7.002072,-34.832829
140944,3,-0.14,0.00,9.965,1.690,0.785,-7.002072,-34.832829
140995,3,-0.09,1.93,10.080,1.575,0.579,-7.002072,-34.832829
141045,3,-0.11,0.00,9.941,1.456,0.718,-7.002072,-34.832829
141096,3,-0.11,0.00,9.816,1.422,1.063,-7.002072,-34.832829
141146,3,-0.11,0.00,9.845,1.480,1.173,-7.002072,-34.832829
141196,3,-0.12,0.00,9.874,1.609,1.197,-7.002072,-34.832829
141247,3,-0.13,0.00,9.926,1.547,1.082,-7.002072,-34.832829
141297,3,-0.15,-0.56,9.960,1.460,1.030,-7.002072,-34.832829
141349,3,-0.16,0.00,9.859,1.403,1.173,-7.002072,-34.832829
141401,3,-0.15,0.93,9.768,1.566,1.274,-7.002072,-34.832829
141453,3,-0.17,-0.52,9.874,1.633,1.207,-7.002072,-34.832829
141504,3,-0.19,-0.48,9.902,1.489,1.077,-7.002072,-34.832829
141556,3,-0.17,0.88,9.797,1.446,1.087,-7.002072,-34.832829
141607,3,-0.19,0.00,9.826,1.446,1.207,-7.002072,-34.832829
141659,3,-0.21,-0.48,9.917,1.437,1.235,-7.002072,-34.832829
141711,3,-0.21,0.00,9.912,1.528,1.173,-7.002072,-34.832829
141762,3,-0.20,-0.48,9.922,1.504,1.140,-7.002072,-34.832829
141814,3,-0.22,-0.52,9.878,1.513,1.015,-7.002072,-34.832829
141866,3,-0.22,0.00,9.917,1.499,0.986,-7.002072,-34.832829
141917,3,-0.22,0.00,9.893,1.365,1.044,-7.002072,-34.832829
141967,3,-0.20,0.00,9.864,1.336,1.144,-7.002072,-34.832829
142018,3,-0.21,0.00,9.888,1.288,1.044,-7.002072,-34.832825
142068,3,-0.19,0.88,9.993,1.422,1.092,-7.002072,-34.832825
142118,3,-0.19,0.00,9.965,1.355,0.991,-7.002072,-34.832825
142169,3,-0.20,0.00,9.955,1.255,0.972,-7.002072,-34.832825
142219,3,-0.18,0.88,10.008,1.202,1.020,-7.002072,-34.832825
142270,3,-0.19,0.00,9.922,1.255,1.044,-7.002072,-34.832825
142320,3,-0.21,0.00,9.941,1.384,1.159,-7.002072,-34.832825
142372,3,-0.22,-0.48,9.993,1.255,1.097,-7.002072,-34.832825
142423,3,-0.22,0.00,9.950,1.149,1.049,-7.002072,-34.832825
142474,3,-0.22,0.00,9.917,1.226,1.034,-7.002072,-34.832825
142525,3,-0.17,0.00,9.941,1.264,0.986,-7.002072,-34.832825
142577,3,-0.18,-0.52,9.922,1.398,1.034,-7.002072,-34.832825
142629,3,-0.20,0.00,9.888,1.379,1.226,-7.002072,-34.832825
142680,3,-0.20,0.34,9.907,1.183,1.168,-7.002072,-34.832825
142732,3,-0.20,0.00,9.931,1.259,1.015,-7.002072,-34.832825
142797,3,-0.19,0.10,9.950,1.322,0.910,-7.002072,-34.832825
142848,3,-0.21,-0.56,9.931,1.307,1.001,-7.002072,-34.832825
142900,3,-0.22,-0.48,9.893,1.216,1.058,-7.002072,-34.832825
142952,3,-0.22,0.00,9.989,1.211,0.915,-7.002072,-34.832825
143002,3,-0.21,0.93,10.003,1.211,0.967,-7.002072,-34.832821
143053,3,-0.21,0.00,9.907,1.250,1.025,-7.002072,-34.832821
143103,3,-0.24,0.00,9.926,1.331,1.049,-7.002072,-34.832821
143154,3,-0.24,0.00,9.998,1.192,0.967,-7.002072,-34.832821
143204,3,-0.20,1.49,9.922,1.211,0.977,-7.002072,-34.832821
143254,3,-0.19,0.00,9.941,1.240,1.015,-7.002072,-34.832821
143305,3,-0.19,0.00,9.898,1.274,0.962,-7.002072,-34.832821
143354,3,-0.17,0.56,9.984,1.264,0.953,-7.002072,-34.832821
143405,3,-0.17,0.00,9.965,1.235,0.900,-7.002072,-34.832821
143456,3,-0.20,-0.86,9.922,1.207,0.991,-7.002072,-34.832821
143508,3,-0.20,0.00,9.950,1.274,0.991,-7.002072,-34.832821
143560,3,-0.16,1.34,9.960,1.231,1.015,-7.002072,-34.832821
143611,3,-0.16,0.00,9.969,1.216,1.073,-7.002072,-34.832821
143663,3,-0.17,-0.48,9.912,1.154,1.039,-7.002072,-34.832821
143714,3,-0.19,0.00,9.965,1.106,1.001,-7.002072,-34.832821
143766,3,-0.20,-0.45,9.917,1.240,1.015,-7.002072,-34.832821
143818,3,-0.20,0.00,9.926,1.307,1.030,-7.002072,-34.832821
143869,3,-0.20,0.00,9.960,1.279,1.053,-7.002072,-34.832821
143921,3,-0.22,0.00,9.969,1.322,0.967,-7.002072,-34.832821
143971,3,-0.23,0.00,9.979,1.154,0.948,-7.002072,-34.832821
144021,3,-0.26,-0.52,9.979,1.197,0.919,-7.002074,-34.832821
144072,3,-0.26,0.00,9.941,1.188,1.034,-7.002074,-34.832821
144122,3,-0.27,0.00,9.946,1.164,0.962,-7.002074,-34.832821
144173,3,-0.26,-0.56,9.979,1.274,1.077,-7.002074,-34.832821
144223,3,-0.27,-0.52,9.979,1.231,1.082,-7.002074,-34.832821
144273,3,-0.29,0.00,9.874,1.283,1.111,-7.002074,-34.832821
144324,3,-0.27,0.73,9.869,1.307,1.120,-7.002074,-34.832821
144375,3,-0.28,-0.48,9.859,1.283,1.130,-7.002074,-34.832821
144427,3,-0.30,0.00,9.874,1.164,1.106,-7.002074,-34.832821
144479,3,-0.29,0.86,9.969,1.207,1.063,-7.002074,-34.832821
144529,3,-0.30,-0.52,9.993,1.164,1.025,-7.002074,-34.832821
144580,3,-0.28,0.82,9.950,1.144,0.996,-7.002074,-34.832821
144632,3,-0.29,0.00,9.974,1.197,1.030,-7.002074,-34.832821
144681,3,-0.32,-0.52,9.989,1.216,0.996,-7.002074,-34.832821
144733,3,-0.30,0.00,9.931,1.221,1.010,-7.002074,-34.832821
144784,3,-0.31,0.36,9.926,1.168,0.929,-7.002074,-34.832821
144849,3,-0.34,-0.35,9.993,1.221,0.891,-7.002074,-34.832821
144901,3,-0.30,1.38,10.013,1.149,1.049,-7.002074,-34.832821
144953,3,-0.32,0.00,9.907,1.111,1.192,-7.002074,-34.832821
145003,3,-0.28,1.41,9.912,1.116,1.073,-7.002076,-34.832821
145054,3,-0.28,0.00,9.979,1.216,0.895,-7.002076,-34.832821
145104,3,-0.30,0.00,9.969,1.221,0.991,-7.002076,-34.832821
145154,3,-0.27,0.00,9.888,1.092,1.020,-7.002076,-34.832821
145205,3,-0.29,-0.48,9.965,1.077,1.058,-7.002076,-34.832821
145255,3,-0.29,0.00,9.974,1.101,1.087,-7.002076,-34.832821
145306,3,-0.28,1.45,9.902,1.178,1.063,-7.002076,-34.832821
145358,3,-0.29,-0.52,9.845,1.302,0.838,-7.002076,-34.832821
145409,3,-0.32,-0.60,10.003,1.197,0.991,-7.002076,-34.832821
145460,3,-0.32,0.00,9.941,1.135,1.106,-7.002076,-34.832821
145511,3,-0.32,0.00,9.969,1.068,1.192,-7.002076,-34.832821
145563,3,-0.32,0.00,10.017,1.063,1.063,-7.002076,-34.832821
145614,3,-0.29,0.00,9.941,1.120,0.900,-7.002076,-34.832821
145666,3,-0.30,-0.48,9.941,1.202,0.915,-7.002076,-34.832821
145718,3,-0.30,0.00,9.936,1.250,1.044,-7.002076,-34.832821
145769,3,-0.28,-0.52,9.946,1.245,1.097,-7.002076,-34.832821
145821,3,-0.26,0.48,9.969,1.111,1.058,-7.002076,-34.832821
145872,3,-0.29,-0.52,9.989,1.006,1.025,-7.002076,-34.832821
145924,3,-0.25,1.34,9.941,0.996,1.049,-7.002076,-34.832821
145974,3,-0.27,0.00,9.955,1.135,1.030,-7.002076,-34.832821
146025,3,-0.27,-0.50,9.941,1.279,1.049,-7.002078,-34.832821
146075,3,-0.23,1.45,9.898,1.245,1.030,-7.002078,-34.832821
146126,3,-0.23,0.00,9.955,1.101,0.982,-7.002078,-34.832821
146176,3,-0.25,0.00,10.051,1.001,0.915,-7.002078,-34.832821
146226,3,-0.22,0.93,10.065,1.068,1.044,-7.002078,-34.832821
146277,3,-0.25,0.00,9.936,1.087,1.058,-7.002078,-34.832821
146327,3,-0.28,0.00,9.878,1.245,1.135,-7.002078,-34.832821
146379,3,-0.29,-0.52,9.859,1.341,0.991,-7.002078,-34.832821
146430,3,-0.27,-0.48,9.955,1.207,1.020,-7.002078,-34.832821
146482,3,-0.28,-0.52,9.907,1.101,1.058,-7.002078,-34.832821
146533,3,-0.29,0.00,9.974,1.101,1.111,-7.002078,-34.832821
146584,3,-0.28,0.48,10.084,1.159,1.106,-7.002078,-34.832821
146635,3,-0.26,0.86,9.969,1.068,1.135,-7.002078,-34.832821
146687,3,-0.26,0.00,9.878,1.049,1.077,-7.002078,-34.832821
146739,3,-0.26,0.00,9.955,1.149,1.106,-7.002078,-34.832821
146790,3,-0.31,-1.38,9.883,1.288,1.010,-7.002078,-34.832821
146842,3,-0.29,0.89,9.898,1.379,1.063,-7.002078,-34.832821
146906,3,-0.30,-0.18,10.013,1.068,1.025,-7.002078,-34.832821
146956,3,-0.29,0.00,9.998,0.958,1.073,-7.002078,-34.832821
147006,3,-0.30,-0.56,9.912,1.164,1.063,-7.002079,-34.832821
147056,3,-0.30,0.00,9.922,1.288,1.063,-7.002079,-34.832821
147107,3,-0.30,0.00,9.917,1.245,1.020,-7.002079,-34.832821
147157,3,-0.26,1.45,9.926,1.168,1.010,-7.002079,-34.832821
147208,3,-0.28,0.00,9.917,1.188,1.058,-7.002079,-34.832821
147258,3,-0.30,-0.52,9.984,1.168,1.068,-7.002079,-34.832821
147308,3,-0.28,0.73,9.969,1.221,1.020,-7.002079,-34.832821
147360,3,-0.28,0.00,10.013,1.111,1.120,-7.002079,-34.832821
147411,3,-0.28,0.00,9.941,0.958,1.049,-7.002079,-34.832821
147462,3,-0.28,0.00,9.941,1.082,1.164,-7.002079,-34.832821
147514,3,-0.28,0.00,9.907,1.159,1.030,-7.002079,-34.832821
147565,3,-0.30,0.00,9.907,1.269,1.053,-7.002079,-34.832821
147617,3,-0.28,0.82,9.941,1.211,0.958,-7.002079,-34.832821
147669,3,-0.28,0.00,10.013,1.034,0.871,-7.002079,-34.832821
147720,3,-0.29,-0.52,10.080,1.006,0.996,-7.002079,-34.832821
147772,3,-0.30,-0.52,9.979,1.010,1.077,-7.002079,-34.832821
147824,3,-0.30,0.00,9.912,1.106,1.073,-7.002079,-34.832821
147875,3,-0.28,0.88,9.931,1.235,0.986,-7.002079,-34.832821
147927,3,-0.28,0.00,9.926,1.231,0.991,-7.002079,-34.832821
147977,3,-0.29,0.00,9.912,1.173,0.915,-7.002079,-34.832821
148027,3,-0.31,-0.56,9.998,1.192,1.044,-7.002079,-34.832821
148078,3,-0.32,0.00,9.917,1.068,1.168,-7.002079,-34.832821
148128,3,-0.33,-0.56,9.874,1.015,1.087,-7.002079,-34.832821
148179,3,-0.35,-0.52,9.998,1.030,1.044,-7.002079,-34.832821
148229,3,-0.31,0.00,10.017,1.034,1.015,-7.002079,-34.832821
148279,3,-0.31,0.00,9.946,1.087,1.053,-7.002079,-34.832821
148330,3,-0.31,0.00,9.950,1.183,0.958,-7.002079,-34.832821
148381,3,-0.31,0.00,9.993,1.125,0.876,-7.002079,-34.832821
148433,3,-0.31,0.00,9.979,1.053,0.924,-7.002079,-34.832821
148484,3,-0.30,0.56,9.979,0.962,0.972,-7.002079,-34.832821
148535,3,-0.30,0.00,10.013,1.044,1.044,-7.002079,-34.832821
148586,3,-0.33,0.00,9.993,0.986,1.125,-7.002079,-34.832821
148638,3,-0.32,0.52,9.922,0.972,1.168,-7.002079,-34.832821
148689,3,-0.32,0.00,9.888,1.154,1.135,-7.002079,-34.832821
148741,3,-0.27,0.48,9.955,1.140,1.044,-7.002079,-34.832821
148793,3,-0.31,-1.34,9.926,1.106,1.025,-7.002079,-34.832821
148844,3,-0.27,0.00,9.907,0.996,1.010,-7.002079,-34.832821
148896,3,-0.28,0.00,10.013,0.905,0.996,-7.002079,-34.832821
148971,3,-0.30,-0.15,10.060,1.006,0.972,-7.002079,-34.832821
149021,3,-0.31,0.00,10.032,1.010,0.953,-7.002079,-34.832825
149072,3,-0.33,0.00,9.984,1.025,1.039,-7.002079,-34.832825
149122,3,-0.34,-0.52,9.912,0.986,1.149,-7.002079,-34.832825
149172,3,-0.34,0.00,9.874,1.188,1.034,-7.002079,-34.832825
149223,3,-0.33,0.93,9.998,1.221,0.814,-7.002079,-34.832825
149273,3,-0.33,0.00,10.104,0.958,0.852,-7.002079,-34.832825
149324,3,-0.33,0.00,9.974,0.871,1.154,-7.002079,-34.832825
149374,3,-0.33,0.00,9.874,1.006,1.283,-7.002079,-34.832825
149426,3,-0.33,0.00,9.946,1.188,1.192,-7.002079,-34.832825
149477,3,-0.36,-0.48,9.922,1.221,0.939,-7.002079,-34.832825
149529,3,-0.33,0.00,9.917,1.168,0.867,-7.002079,-34.832825
149580,3,-0.35,-0.52,9.931,1.140,1.030,-7.002079,-34.832825
149632,3,-0.35,0.00,9.902,1.001,1.264,-7.002079,-34.832825
149681,3,-0.38,-0.52,9.969,0.996,1.255,-7.002079,-34.832825
149733,3,-0.36,0.56,10.032,0.986,1.168,-7.002079,-34.832825
149784,3,-0.38,0.00,10.003,1.049,1.073,-7.002079,-34.832825
149836,3,-0.39,-0.52,10.032,1.034,1.092,-7.002079,-34.832825
149887,3,-0.40,0.00,9.950,1.063,1.106,-7.002079,-34.832825
149939,3,-0.40,-0.86,9.907,1.106,1.231,-7.002079,-34.832825
149990,3,-0.37,1.45,9.878,1.116,1.168,-7.002079,-34.832825
150040,3,-0.37,0.00,9.864,1.140,1.164,-7.002079,-34.832825
150091,3,-0.38,0.00,9.878,1.111,1.101,-7.002079,-34.832825
150141,3,-0.38,0.00,9.955,1.092,1.106,-7.002079,-34.832825
150191,3,-0.38,0.00,9.979,0.986,1.116,-7.002079,-34.832825
150242,3,-0.36,1.45,9.922,1.049,1.250,-7.002079,-34.832825
150292,3,-0.36,0.00,9.922,0.977,1.250,-7.002079,-34.832825
150342,3,-0.37,0.00,9.931,0.929,1.226,-7.002079,-34.832825
150394,3,-0.35,-0.52,9.965,0.982,1.135,-7.002079,-34.832825
150444,3,-0.35,0.00,9.984,0.986,1.020,-7.002079,-34.832825
150496,3,-0.36,-0.52,10.036,1.073,1.025,-7.002079,-34.832825
150547,3,-0.34,0.00,10.051,1.097,0.977,-7.002079,-34.832825
150599,3,-0.38,-1.01,10.070,1.030,0.924,-7.002079,-34.832825
150650,3,-0.35,1.34,10.027,0.929,1.039,-7.002079,-34.832825
150702,3,-0.36,0.00,9.888,0.905,1.480,-7.002079,-34.832825
150754,3,-0.37,-0.48,9.759,0.867,1.494,-7.002079,-34.832825
150805,3,-0.39,0.00,9.898,0.843,1.288,-7.002079,-34.832825
150857,3,-0.40,0.00,10.008,0.867,1.245,-7.002079,-34.832825
150908,3,-0.37,1.34,9.869,0.910,1.053,-7.002079,-34.832825
150958,3,-0.40,-1.45,9.984,0.982,0.915,-7.002079,-34.832825
151031,3,-0.39,0.17,10.065,1.001,0.919,-7.002079,-34.832825
151082,3,-0.39,0.00,9.984,0.867,0.962,-7.002079,-34.832825
151132,3,-0.37,0.00,10.003,0.819,0.929,-7.002079,-34.832825
151183,3,-0.40,0.00,10.075,0.886,0.862,-7.002079,-34.832825
151233,3,-0.38,0.56,10.065,0.943,0.929,-7.002079,-34.832825
151283,3,-0.37,0.00,10.041,0.886,0.962,-7.002079,-34.832825
151333,3,-0.37,0.00,10.051,0.795,1.030,-7.002079,-34.832825
151384,3,-0.37,0.00,9.941,0.852,1.140,-7.002079,-34.832825
151435,3,-0.40,0.00,9.749,0.857,1.523,-7.002079,-34.832825
151487,3,-0.37,0.00,9.677,1.073,1.575,-7.002079,-34.832825
151539,3,-0.36,0.52,9.855,1.226,1.188,-7.002079,-34.832825
151590,3,-0.36,0.00,10.190,1.135,0.666,-7.002079,-34.832825
151642,3,-0.36,0.00,10.209,0.891,0.522,-7.002079,-34.832825
151693,3,-0.36,-0.48,10.084,0.761,0.723,-7.002079,-34.832825
151745,3,-0.36,0.00,9.960,0.809,1.053,-7.002079,-34.832825
151797,3,-0.35,-0.48,9.931,1.001,1.312,-7.002079,-34.832825
151848,3,-0.33,0.48,9.898,1.039,1.307,-7.002079,-34.832825
151900,3,-0.37,-1.01,9.946,0.986,1.221,-7.002079,-34.832825
151949,3,-0.39,-0.56,9.974,0.934,1.097,-7.002079,-34.832825
152000,3,-0.38,0.00,10.022,0.800,1.197,-7.002079,-34.832821
152050,3,-0.39,-0.52,9.974,0.781,1.355,-7.002079,-34.832821
152101,3,-0.38,0.36,9.845,0.958,1.566,-7.002079,-34.832821
152151,3,-0.40,0.00,9.859,0.996,1.556,-7.002079,-34.832821
152202,3,-0.39,0.93,9.931,1.025,1.245,-7.002079,-34.832821
152252,3,-0.39,0.00,10.051,0.848,1.183,-7.002079,-34.832821
152302,3,-0.40,0.00,9.946,0.800,1.111,-7.002079,-34.832821
152354,3,-0.38,1.34,9.922,1.015,1.279,-7.002079,-34.832821
152406,3,-0.39,-0.52,9.979,1.130,1.279,-7.002079,-34.832821
152458,3,-0.36,0.00,9.922,0.939,1.346,-7.002079,-34.832821
152508,3,-0.36,0.00,9.898,0.871,1.331,-7.002079,-34.832821
152560,3,-0.35,0.93,9.993,1.006,1.274,-7.002079,-34.832821
152611,3,-0.36,-0.52,10.041,0.924,1.298,-7.002079,-34.832821
152663,3,-0.34,0.00,9.960,0.895,1.561,-7.002079,-34.832821
152714,3,-0.37,-0.56,9.826,0.857,1.724,-7.002079,-34.832821
152766,3,-0.38,0.00,9.826,1.073,1.470,-7.002079,-34.832821
152815,3,-0.41,-0.48,9.936,1.159,1.183,-7.002079,-34.832821
152867,3,-0.40,0.22,10.003,1.044,1.039,-7.002079,-34.832821
152918,3,-0.40,0.00,9.902,0.915,1.317,-7.002079,-34.832821
152968,3,-0.44,-1.09,9.874,0.967,1.537,-7.002079,-34.832821
153019,3,-0.45,0.00,9.898,1.001,1.638,-7.002079,-34.832821
153086,3,-0.45,0.13,9.883,0.958,1.446,-7.002079,-34.832821
153136,3,-0.45,0.00,9.926,1.006,1.293,-7.002079,-34.832821
153187,3,-0.47,-0.56,9.931,0.919,1.235,-7.002079,-34.832821
153237,3,-0.47,0.00,9.950,0.939,1.149,-7.002079,-34.832821
153288,3,-0.47,0.00,10.022,0.948,1.116,-7.002079,-34.832821
153338,3,-0.44,1.45,10.017,0.943,1.164,-7.002079,-34.832821
153388,3,-0.42,0.52,9.993,1.092,1.393,-7.002079,-34.832821
153440,3,-0.44,-0.52,9.960,0.876,1.393,-7.002079,-34.832821
153491,3,-0.40,0.00,10.017,0.570,1.192,-7.002079,-34.832821
153543,3,-0.41,-0.52,10.008,0.632,1.221,-7.002079,-34.832821
153594,3,-0.43,-0.52,9.936,0.871,1.355,-7.002079,-34.832821
153646,3,-0.43,-1.01,9.926,0.982,1.374,-7.002079,-34.832821
153698,3,-0.43,0.00,9.974,0.828,1.374,-7.002079,-34.832821
153749,3,-0.40,0.00,9.974,0.704,1.288,-7.002079,-34.832821
153801,3,-0.41,-0.52,9.989,0.718,1.255,-7.002079,-34.832821
153852,3,-0.39,0.00,9.969,0.848,1.298,-7.002079,-34.832821
153904,3,-0.38,0.34,9.974,0.862,1.312,-7.002079,-34.832821
153954,3,-0.39,-0.56,9.950,0.857,1.259,-7.002079,-34.832821
154004,3,-0.41,0.00,9.998,0.776,1.231,-7.002080,-34.832821
154054,3,-0.43,0.80,9.979,0.771,1.221,-7.002080,-34.832821
154105,3,-0.44,-0.56,9.936,0.886,1.365,-7.002080,-34.832821
154155,3,-0.45,0.00,9.941,0.895,1.398,-7.002080,-34.832821
154206,3,-0.44,-0.52,9.950,0.833,1.417,-7.002080,-34.832821
154256,3,-0.46,-0.50,9.922,0.776,1.446,-7.002080,-34.832821
154307,3,-0.44,0.00,9.926,0.828,1.422,-7.002080,-34.832821
154359,3,-0.44,0.00,9.917,0.919,1.293,-7.002080,-34.832821
154410,3,-0.40,1.34,10.013,0.943,1.164,-7.002080,-34.832821
154462,3,-0.43,-0.52,10.008,0.929,1.259,-7.002080,-34.832821
154513,3,-0.44,-0.52,9.902,0.833,1.283,-7.002080,-34.832821
154564,3,-0.42,0.82,9.993,0.895,1.269,-7.002080,-34.832821
154615,3,-0.43,-0.48,9.989,0.895,1.417,-7.002080,-34.832821
154667,3,-0.46,-0.48,9.922,0.766,1.523,-7.002080,-34.832821
154719,3,-0.44,0.82,9.922,0.819,1.470,-7.002080,-34.832821
154770,3,-0.46,0.00,9.969,0.977,1.365,-7.002080,-34.832821
154822,3,-0.48,-0.48,9.936,0.958,1.240,-7.002080,-34.832821
154873,3,-0.49,-0.52,9.922,0.943,1.341,-7.002080,-34.832821
154925,3,-0.47,0.00,9.984,0.838,1.475,-7.002080,-34.832821
154975,3,-0.48,-0.56,9.912,0.881,1.494,-7.002080,-34.832821
155026,3,-0.49,0.00,9.912,0.919,1.456,-7.002080,-34.832821
155076,3,-0.51,0.00,9.931,0.991,1.432,-7.002080,-34.832821
155142,3,-0.49,0.30,9.917,0.915,1.369,-7.002080,-34.832821
155193,3,-0.49,0.00,9.912,0.905,1.403,-7.002080,-34.832821
155243,3,-0.50,0.00,9.893,0.948,1.417,-7.002080,-34.832821
155293,3,-0.50,0.35,9.936,0.934,1.470,-7.002080,-34.832821
155346,3,-0.52,-0.52,9.974,0.871,1.346,-7.002080,-34.832821
155397,3,-0.52,0.00,9.969,0.752,1.398,-7.002080,-34.832821
155448,3,-0.50,0.74,9.936,0.795,1.542,-7.002080,-34.832821
155499,3,-0.48,0.48,9.864,0.958,1.561,-7.002080,-34.832821
155551,3,-0.48,0.00,9.869,1.077,1.413,-7.002080,-34.832821
155603,3,-0.45,0.00,9.950,0.915,1.437,-7.002080,-34.832821
155654,3,-0.46,0.00,9.931,0.828,1.427,-7.002080,-34.832821
155706,3,-0.48,0.00,9.917,0.766,1.446,-7.002080,-34.832821
155757,3,-0.44,1.49,9.965,0.871,1.441,-7.002080,-34.832821
155809,3,-0.42,0.52,9.974,0.876,1.542,-7.002080,-34.832821
155861,3,-0.41,0.48,9.893,0.838,1.470,-7.002080,-34.832821
155912,3,-0.41,0.00,9.931,0.867,1.408,-7.002080,-34.832821
155965,3,-0.41,0.00,10.022,0.910,1.389,-7.002080,-34.832821
156015,3,-0.41,0.00,9.926,0.852,1.484,-7.002080,-34.832821
156065,3,-0.41,0.00,9.840,0.785,1.657,-7.002080,-34.832821
156116,3,-0.41,0.00,9.855,0.900,1.446,-7.002080,-34.832821
156166,3,-0.36,0.00,10.036,0.929,1.355,-7.002080,-34.832821
156217,3,-0.40,-1.49,9.955,0.804,1.250,-7.002080,-34.832821
156267,3,-0.38,0.00,9.922,0.800,1.259,-7.002080,-34.832821
156318,3,-0.38,0.00,9.989,0.852,1.331,-7.002080,-34.832821
156369,3,-0.37,0.52,9.984,0.828,1.384,-7.002080,-34.832821
156421,3,-0.37,0.00,9.907,0.766,1.460,-7.002080,-34.832821
156473,3,-0.34,0.48,9.922,0.790,1.446,-7.002080,-34.832821
156524,3,-0.34,0.00,9.979,0.843,1.293,-7.002080,-34.832821
156576,3,-0.34,0.00,10.036,0.828,1.274,-7.002080,-34.832821
156627,3,-0.36,-0.48,9.993,0.752,1.279,-7.002080,-34.832821
156678,3,-0.36,0.00,9.955,0.733,1.417,-7.002080,-34.832821
156729,3,-0.37,0.00,9.917,0.809,1.465,-7.002080,-34.832821
156781,3,-0.38,0.00,9.902,0.848,1.465,-7.002080,-34.832821
156833,3,-0.38,0.00,9.917,0.809,1.307,-7.002080,-34.832821
156884,3,-0.40,0.00,9.984,0.713,1.173,-7.002080,-34.832821
156936,3,-0.41,-0.48,9.974,0.814,1.250,-7.002080,-34.832821
156986,3,-0.41,0.00,9.917,0.871,1.360,-7.002080,-34.832821
157037,3,-0.38,1.45,10.013,0.733,1.398,-7.002080,-34.832817
157087,3,-0.39,-0.56,9.998,0.666,1.355,-7.002080,-34.832817
157138,3,-0.42,0.00,9.941,0.766,1.322,-7.002080,-34.832817
157205,3,-0.38,0.62,9.931,0.857,1.279,-7.002080,-34.832817
157256,3,-0.39,1.35,9.974,0.814,1.326,-7.002080,-34.832817
157306,3,-0.41,-0.88,9.974,0.728,1.365,-7.002080,-34.832817
157355,3,-0.42,0.00,9.965,0.790,1.403,-7.002080,-34.832817
157406,3,-0.42,0.00,9.974,0.795,1.365,-7.002080,-34.832817
157457,3,-0.42,0.00,9.926,0.828,1.302,-7.002080,-34.832817
157509,3,-0.42,0.00,9.950,0.781,1.331,-7.002080,-34.832817
157561,3,-0.42,0.00,9.931,0.742,1.393,-7.002080,-34.832817
157612,3,-0.42,0.52,9.998,0.737,1.374,-7.002080,-34.832817
157664,3,-0.44,-0.52,10.003,0.761,1.326,-7.002080,-34.832817
157715,3,-0.44,0.00,9.993,0.819,1.317,-7.002080,-34.832817
157767,3,-0.44,0.00,10.008,0.752,1.298,-7.002080,-34.832817
157819,3,-0.44,0.00,9.979,0.733,1.288,-7.002080,-34.832817
157870,3,-0.42,0.00,9.946,0.814,1.322,-7.002080,-34.832817
157922,3,-0.41,0.00,9.936,0.838,1.307,-7.002080,-34.832817
157972,3,-0.36,0.00,9.960,0.862,1.341,-7.002080,-34.832817
158022,3,-0.36,0.00,9.946,0.838,1.427,-7.002080,-34.832817
158073,3,-0.35,0.00,9.917,0.776,1.470,-7.002080,-34.832817
158123,3,-0.32,0.52,9.960,0.824,1.298,-7.002080,-34.832817
158174,3,-0.32,0.00,9.926,0.814,1.140,-7.002080,-34.832817
158224,3,-0.32,0.00,10.013,0.737,1.183,-7.002080,-34.832817
158274,3,-0.32,0.00,9.960,0.881,1.480,-7.002080,-34.832817
158325,3,-0.28,1.39,9.893,0.910,1.652,-7.002080,-34.832817
158376,3,-0.31,0.00,9.912,0.824,1.499,-7.002080,-34.832817
158428,3,-0.27,0.00,9.941,0.867,1.322,-7.002080,-34.832817
158480,3,-0.27,0.00,9.946,0.795,1.279,-7.002080,-34.832817
158530,3,-0.27,0.00,10.013,0.776,1.389,-7.002080,-34.832817
158582,3,-0.28,0.00,9.941,0.733,1.504,-7.002080,-34.832817
158633,3,-0.23,0.00,9.969,0.781,1.441,-7.002080,-34.832817
158685,3,-0.23,0.00,10.008,0.814,1.350,-7.002080,-34.832817
158736,3,-0.23,0.82,9.946,0.795,1.336,-7.002080,-34.832817
158788,3,-0.24,-0.52,9.878,0.824,1.460,-7.002080,-34.832817
158840,3,-0.24,0.00,9.917,0.800,1.475,-7.002080,-34.832817
158891,3,-0.24,0.34,9.941,0.838,1.465,-7.002080,-34.832817
158943,3,-0.26,0.00,9.941,0.733,1.456,-7.002080,-34.832817
158994,3,-0.23,0.00,9.960,0.690,1.398,-7.002080,-34.832817
159044,3,-0.25,-0.50,9.950,0.742,1.393,-7.002080,-34.832817
159094,3,-0.26,0.00,9.989,0.852,1.326,-7.002080,-34.832817
159145,3,-0.26,-0.52,9.936,0.838,1.326,-7.002080,-34.832817
159195,3,-0.23,0.88,9.955,0.833,1.288,-7.002080,-34.832817
159265,3,-0.26,-0.34,9.931,0.752,1.302,-7.002080,-34.832817
159315,3,-0.29,0.00,9.931,0.809,1.336,-7.002080,-34.832817
159367,3,-0.28,-0.52,9.989,0.833,1.317,-7.002080,-34.832817
159418,3,-0.30,-0.97,9.998,0.757,1.360,-7.002080,-34.832817
159469,3,-0.30,0.34,10.003,0.718,1.293,-7.002080,-34.832817
159520,3,-0.31,0.00,9.950,0.761,1.259,-7.002080,-34.832817
159572,3,-0.35,-1.09,9.931,0.862,1.255,-7.002080,-34.832817
159624,3,-0.34,0.34,9.912,0.843,1.312,-7.002080,-34.832817
159675,3,-0.36,0.00,9.907,0.728,1.350,-7.002080,-34.832817
159727,3,-0.36,0.00,10.008,0.666,1.379,-7.002080,-34.832817
159778,3,-0.33,0.00,10.008,0.723,1.422,-7.002080,-34.832817
159830,3,-0.33,0.00,9.936,0.800,1.307,-7.002080,-34.832817
159879,3,-0.33,0.00,9.946,0.852,1.279,-7.002080,-34.832817
159931,3,-0.38,-0.52,9.993,0.848,1.235,-7.002080,-34.832817
159981,3,-0.38,0.00,9.984,0.752,1.245,-7.002080,-34.832817
160031,3,-0.36,0.00,9.946,0.713,1.288,-7.002080,-34.832813
160082,3,-0.34,1.04,9.955,0.876,1.341,-7.002080,-34.832813
160132,3,-0.34,0.00,9.955,0.895,1.346,-7.002080,-34.832813
160183,3,-0.34,0.00,9.955,0.742,1.365,-7.002080,-34.832813
160233,3,-0.33,0.00,9.941,0.709,1.365,-7.002080,-34.832813
160284,3,-0.33,0.00,9.960,0.771,1.336,-7.002080,-34.832813
160334,3,-0.33,0.00,10.008,0.814,1.274,-7.002080,-34.832813
160385,3,-0.34,0.00,9.979,0.824,1.293,-7.002080,-34.832813
160437,3,-0.34,0.00,9.969,0.819,1.226,-7.002080,-34.832813
160489,3,-0.33,0.00,9.960,0.737,1.255,-7.002080,-34.832813
160539,3,-0.33,0.00,9.950,0.747,1.465,-7.002080,-34.832813
160591,3,-0.35,-1.34,9.984,0.699,1.561,-7.002080,-34.832813
160642,3,-0.34,0.48,9.993,0.646,1.508,-7.002080,-34.832813
160694,3,-0.34,0.00,9.974,0.613,1.460,-7.002080,-34.832813
160745,3,-0.32,0.00,9.917,0.737,1.317,-7.002080,-34.832813
160797,3,-0.31,0.00,9.931,0.910,1.269,-7.002080,-34.832813
160849,3,-0.31,0.00,9.965,0.953,1.231,-7.002080,-34.832813
160900,3,-0.31,0.00,10.013,0.852,1.197,-7.002080,-34.832813
160952,3,-0.31,0.00,9.993,0.838,1.398,-7.002080,-34.832813
161003,3,-0.30,0.56,9.955,0.713,1.494,-7.002079,-34.832813
161053,3,-0.28,0.48,10.008,0.646,1.604,-7.002079,-34.832813
161104,3,-0.28,0.00,9.950,0.565,1.753,-7.002079,-34.832813
161154,3,-0.28,-1.43,9.878,0.651,1.748,-7.002079,-34.832813
161205,3,-0.28,0.00,9.816,0.852,1.705,-7.002079,-34.832813
161255,3,-0.28,0.00,9.864,0.996,1.537,-7.002079,-34.832813
161321,3,-0.27,0.18,9.926,1.034,1.341,-7.002079,-34.832813
161373,3,-0.27,0.00,9.936,0.895,1.350,-7.002079,-34.832813
161425,3,-0.29,0.00,9.883,0.848,1.547,-7.002079,-34.832813
161475,3,-0.26,1.38,9.907,0.804,1.686,-7.002079,-34.832813
161524,3,-0.24,0.00,9.912,0.804,1.748,-7.002079,-34.832813
161576,3,-0.24,0.00,9.965,0.771,1.714,-7.002079,-34.832813
161627,3,-0.26,0.00,9.941,0.761,1.571,-7.002079,-34.832813
161679,3,-0.24,0.00,9.878,0.895,1.532,-7.002079,-34.832813
161730,3,-0.24,0.00,9.917,0.929,1.614,-7.002079,-34.832813
161782,3,-0.26,-0.48,9.946,0.785,1.618,-7.002079,-34.832813
161834,3,-0.26,0.00,9.965,0.685,1.614,-7.002079,-34.832813
161885,3,-0.21,0.00,9.936,0.651,1.604,-7.002079,-34.832813
161937,3,-0.21,0.00,9.922,0.757,1.719,-7.002079,-34.832813
161988,3,-0.21,0.00,9.888,0.895,1.676,-7.002079,-34.832813
162038,3,-0.22,0.00,9.912,0.804,1.504,-7.002082,-34.832813
162088,3,-0.22,0.00,9.917,0.747,1.432,-7.002082,-34.832813
162139,3,-0.22,0.00,9.917,0.766,1.484,-7.002082,-34.832813
162189,3,-0.22,0.00,9.955,0.814,1.528,-7.002082,-34.832813
162240,3,-0.22,0.00,9.989,0.737,1.575,-7.002082,-34.832813
162290,3,-0.22,0.00,9.926,0.690,1.585,-7.002082,-34.832813
162343,3,-0.23,0.00,9.974,0.737,1.561,-7.002082,-34.832813
162394,3,-0.20,1.49,9.941,0.795,1.542,-7.002082,-34.832813
162446,3,-0.20,0.00,9.912,0.627,1.532,-7.002082,-34.832813
162497,3,-0.21,-0.52,9.946,0.594,1.427,-7.002082,-34.832813
162549,3,-0.20,0.56,9.984,0.718,1.508,-7.002082,-34.832813
162601,3,-0.20,0.00,9.979,0.733,1.408,-7.002082,-34.832813
162651,3,-0.20,0.00,9.922,0.867,1.460,-7.002082,-34.832813
162703,3,-0.22,0.52,9.993,0.781,1.437,-7.002082,-34.832813
162754,3,-0.22,0.00,9.960,0.613,1.413,-7.002082,-34.832813
162806,3,-0.17,0.00,9.974,0.618,1.417,-7.002082,-34.832813
162857,3,-0.18,-0.48,9.969,0.699,1.403,-7.002082,-34.832813
162909,3,-0.17,0.00,9.955,0.785,1.427,-7.002082,-34.832813
162959,3,-0.18,0.00,9.936,0.742,1.446,-7.002082,-34.832813
163009,3,-0.20,-0.56,9.931,0.694,1.441,-7.002080,-34.832809
163060,3,-0.20,0.00,9.926,0.694,1.446,-7.002080,-34.832809
163110,3,-0.21,0.00,9.931,0.685,1.523,-7.002080,-34.832809
163161,3,-0.22,-0.52,9.912,0.632,1.470,-7.002080,-34.832809
163211,3,-0.22,0.00,9.993,0.642,1.465,-7.002080,-34.832809
163261,3,-0.26,-1.09,9.965,0.699,1.460,-7.002080,-34.832809
163312,3,-0.26,0.00,9.922,0.713,1.460,-7.002080,-34.832809
163376,3,-0.29,-0.37,10.013,0.661,1.369,-7.002080,-34.832809
163426,3,-0.30,-0.45,10.003,0.632,1.379,-7.002080,-34.832809
163475,3,-0.30,0.00,9.922,0.666,1.499,-7.002080,-34.832809
163527,3,-0.32,-0.56,9.926,0.704,1.523,-7.002080,-34.832809
163578,3,-0.28,1.34,9.979,0.675,1.604,-7.002080,-34.832809
163630,3,-0.30,0.00,9.950,0.570,1.571,-7.002080,-34.832809
163681,3,-0.30,0.00,9.998,0.522,1.585,-7.002080,-34.832809
163733,3,-0.31,0.00,9.998,0.666,1.647,-7.002080,-34.832809
163785,3,-0.31,0.00,9.912,0.704,1.705,-7.002080,-34.832809
163836,3,-0.32,-0.48,9.874,0.608,1.528,-7.002080,-34.832809
163888,3,-0.32,0.00,9.960,0.713,1.360,-7.002080,-34.832809
163937,3,-0.34,0.00,9.941,0.800,1.465,-7.002080,-34.832809
163988,3,-0.35,0.00,9.950,0.680,1.556,-7.002080,-34.832809
164038,3,-0.33,0.88,9.941,0.589,1.724,-7.002079,-34.832809
164088,3,-0.36,-1.09,9.946,0.508,1.848,-7.002079,-34.832809
164139,3,-0.38,0.00,9.902,0.613,1.762,-7.002079,-34.832809
164189,3,-0.41,-0.52,9.893,0.785,1.566,-7.002079,-34.832809
164240,3,-0.42,-0.56,9.936,0.833,1.389,-7.002079,-34.832809
164290,3,-0.44,0.00,9.974,0.704,1.432,-7.002079,-34.832809
164343,3,-0.46,-1.09,9.893,0.608,1.628,-7.002079,-34.832809
164394,3,-0.47,-0.52,9.912,0.690,1.705,-7.002079,-34.832809
164446,3,-0.48,0.00,9.893,0.761,1.805,-7.002079,-34.832809
164497,3,-0.52,-0.52,9.898,0.622,1.671,-7.002079,-34.832809
164548,3,-0.55,-1.04,9.869,0.589,1.566,-7.002079,-34.832809
164599,3,-0.55,0.00,9.955,0.713,1.642,-7.002079,-34.832809
164651,3,-0.58,0.00,9.917,0.666,1.666,-7.002079,-34.832809
164703,3,-0.57,0.19,9.984,0.599,1.647,-7.002079,-34.832809
164754,3,-0.60,-0.97,9.989,0.565,1.614,-7.002079,-34.832809
164806,3,-0.62,0.34,9.965,0.603,1.571,-7.002079,-34.832809
164857,3,-0.65,-1.04,9.869,0.675,1.571,-7.002079,-34.832809
164909,3,-0.66,0.00,9.898,0.747,1.561,-7.002079,-34.832809
164959,3,-0.68,0.36,9.946,0.685,1.633,-7.002079,-34.832809
165009,3,-0.70,-1.13,9.922,0.594,1.595,-7.002079,-34.832809
165060,3,-0.73,0.00,9.955,0.613,1.647,-7.002079,-34.832809
165110,3,-0.70,1.45,9.979,0.661,1.657,-7.002079,-34.832809
165161,3,-0.70,0.00,9.898,0.613,1.647,-7.002079,-34.832809
165211,3,-0.71,0.00,9.917,0.584,1.599,-7.002079,-34.832809
165261,3,-0.70,0.85,9.960,0.555,1.537,-7.002079,-34.832809
165312,3,-0.74,-1.61,9.946,0.661,1.547,-7.002079,-34.832809
165361,3,-0.78,-1.01,9.907,0.737,1.638,-7.002079,-34.832809
165426,3,-0.80,-0.19,9.998,0.527,1.551,-7.002079,-34.832809
165478,3,-0.79,-0.52,10.013,0.460,1.484,-7.002079,-34.832809
165530,3,-0.81,-1.04,9.965,0.555,1.518,-7.002079,-34.832809
165580,3,-0.81,0.00,9.922,0.670,1.499,-7.002079,-34.832809
165632,3,-0.83,0.00,9.931,0.704,1.561,-7.002079,-34.832809
165683,3,-0.82,0.00,9.979,0.589,1.566,-7.002079,-34.832809
165735,3,-0.81,0.48,9.922,0.570,1.561,-7.002079,-34.832809
165786,3,-0.78,0.86,9.917,0.637,1.542,-7.002079,-34.832809
165838,3,-0.78,0.00,9.931,0.570,1.614,-7.002079,-34.832809
165890,3,-0.80,0.00,9.941,0.527,1.638,-7.002079,-34.832809
165942,3,-0.85,-1.01,10.017,0.464,1.638,-7.002079,-34.832809
165992,3,-0.85,0.00,9.979,0.508,1.580,-7.002079,-34.832809
166042,3,-0.86,0.00,9.989,0.608,1.590,-7.002079,-34.832809
166093,3,-0.84,1.33,9.969,0.584,1.494,-7.002079,-34.832809
166143,3,-0.86,-0.50,9.941,0.541,1.508,-7.002079,-34.832809
166194,3,-0.87,0.00,9.874,0.584,1.614,-7.002079,-34.832809
166244,3,-0.90,-0.56,9.907,0.666,1.623,-7.002079,-34.832809
166294,3,-0.91,-0.56,9.979,0.613,1.556,-7.002079,-34.832809
166344,3,-0.93,0.00,10.051,0.450,1.614,-7.002079,-34.832809
166396,3,-0.90,-0.52,9.950,0.479,1.628,-7.002079,-34.832809
166447,3,-0.92,0.00,9.902,0.584,1.657,-7.002079,-34.832809
166499,3,-0.94,-1.01,9.912,0.675,1.585,-7.002079,-34.832809
166551,3,-0.92,0.88,9.926,0.642,1.599,-7.002079,-34.832809
166602,3,-0.98,-1.01,9.946,0.527,1.566,-7.002079,-34.832809
166654,3,-0.95,0.86,9.941,0.565,1.652,-7.002079,-34.832809
166704,3,-0.97,-0.52,9.960,0.565,1.633,-7.002079,-34.832809
166756,3,-0.98,-0.52,9.998,0.579,1.662,-7.002079,-34.832809
166807,3,-0.96,0.00,9.926,0.546,1.686,-7.002079,-34.832809
166859,3,-0.97,0.00,9.869,0.632,1.724,-7.002079,-34.832809
166910,3,-0.95,0.00,9.859,0.622,1.686,-7.002079,-34.832809
166960,3,-0.99,-0.56,9.902,0.670,1.671,-7.002079,-34.832809
167011,3,-0.97,0.93,9.941,0.646,1.709,-7.002079,-34.832806
167061,3,-0.99,0.00,9.965,0.532,1.686,-7.002079,-34.832806
167112,3,-1.00,0.36,9.960,0.498,1.657,-7.002079,-34.832806
167162,3,-1.01,-0.52,9.979,0.651,1.676,-7.002079,-34.832806
167212,3,-1.01,0.00,9.926,0.642,1.690,-7.002079,-34.832806
167263,3,-1.02,0.88,9.874,0.565,1.671,-7.002079,-34.832806
167313,3,-1.03,-0.52,9.912,0.603,1.647,-7.002079,-34.832806
167365,3,-1.04,0.00,9.950,0.613,1.757,-7.002079,-34.832806
167414,3,-1.04,0.22,9.902,0.642,1.796,-7.002079,-34.832806
167479,3,-1.07,-0.36,9.950,0.584,1.671,-7.002079,-34.832806
167531,3,-1.08,0.00,9.950,0.555,1.652,-7.002079,-34.832806
167582,3,-1.07,-0.52,9.888,0.603,1.681,-7.002079,-34.832806
167633,3,-1.07,0.00,9.878,0.670,1.681,-7.002079,-34.832806
167684,3,-1.08,-0.48,9.946,0.694,1.700,-7.002079,-34.832806
167736,3,-1.10,-0.52,9.946,0.608,1.652,-7.002079,-34.832806
167788,3,-1.07,-0.52,9.969,0.474,1.729,-7.002079,-34.832806
167839,3,-1.09,-0.52,9.888,0.599,1.820,-7.002079,-34.832806
167891,3,-1.07,0.00,9.835,0.766,1.738,-7.002079,-34.832806
167940,3,-1.04,0.00,9.969,0.599,1.652,-7.002079,-34.832806
167991,3,-1.04,0.00,9.960,0.402,1.695,-7.002079,-34.832806
168041,3,-1.05,0.00,9.859,0.464,1.800,-7.002078,-34.832806
168091,3,-1.07,0.00,9.893,0.613,1.800,-7.002078,-34.832806
168142,3,-1.03,1.45,9.955,0.680,1.748,-7.002078,-34.832806
168192,3,-1.03,0.00,9.941,0.551,1.623,-7.002078,-34.832806
168243,3,-1.04,0.00,10.013,0.436,1.633,-7.002078,-34.832806
168293,3,-1.04,0.00,9.979,0.436,1.681,-7.002078,-34.832806
168345,3,-1.06,0.00,9.946,0.508,1.724,-7.002078,-34.832806
168397,3,-1.02,0.00,9.917,0.589,1.781,-7.002078,-34.832806
168446,3,-1.02,0.00,9.931,0.575,1.791,-7.002078,-34.832806
168498,3,-1.05,0.00,9.917,0.517,1.700,-7.002078,-34.832806
168549,3,-1.01,1.34,9.969,0.594,1.585,-7.002078,-34.832806
168601,3,-1.02,0.00,9.984,0.613,1.484,-7.002078,-34.832806
168652,3,-1.01,0.48,9.969,0.551,1.657,-7.002078,-34.832806
168703,3,-1.01,0.00,9.878,0.498,1.820,-7.002078,-34.832806
168754,3,-0.99,0.86,9.869,0.594,1.863,-7.002078,-34.832806
168806,3,-0.98,0.48,9.907,0.632,1.753,-7.002078,-34.832806
168858,3,-0.98,0.00,9.888,0.608,1.561,-7.002078,-34.832806
168909,3,-0.98,0.00,9.950,0.646,1.451,-7.002078,-34.832806
168959,3,-0.96,0.56,10.013,0.589,1.566,-7.002078,-34.832806
169010,3,-0.98,-0.56,9.922,0.555,1.705,-7.002079,-34.832806
169060,3,-0.96,0.00,9.888,0.565,1.652,-7.002079,-34.832806
169110,3,-0.96,0.00,9.989,0.599,1.604,-7.002079,-34.832806
169161,3,-0.94,0.85,9.969,0.589,1.518,-7.002079,-34.832806
169211,3,-0.95,0.00,9.950,0.527,1.575,-7.002079,-34.832806
169262,3,-0.95,0.00,9.941,0.584,1.662,-7.002079,-34.832806
169312,3,-0.97,-0.56,9.941,0.579,1.618,-7.002079,-34.832806
169361,3,-0.97,0.00,9.912,0.603,1.532,-7.002079,-34.832806
169413,3,-0.97,0.00,9.965,0.488,1.618,-7.002079,-34.832806
169464,3,-0.98,0.00,9.922,0.498,1.647,-7.002079,-34.832806
169531,3,-0.97,0.19,9.984,0.503,1.681,-7.002079,-34.832806
169582,3,-0.97,0.00,9.941,0.555,1.676,-7.002079,-34.832806
169633,3,-0.97,0.00,9.969,0.570,1.647,-7.002079,-34.832806
169684,3,-0.93,0.00,9.998,0.503,1.571,-7.002079,-34.832806
169736,3,-0.92,0.00,9.936,0.541,1.628,-7.002079,-34.832806
169788,3,-0.91,0.52,9.883,0.622,1.638,-7.002079,-34.832806
169839,3,-0.91,0.00,9.922,0.642,1.662,-7.002079,-34.832806
169891,3,-0.89,0.00,9.950,0.560,1.652,-7.002079,-34.832806
169940,3,-0.88,0.52,9.946,0.498,1.695,-7.002079,-34.832806
169991,3,-0.86,0.00,9.907,0.565,1.705,-7.002079,-34.832806
170041,3,-0.85,0.00,9.950,0.627,1.709,-7.002078,-34.832802
170091,3,-0.86,-0.28,9.926,0.599,1.753,-7.002078,-34.832802
170142,3,-0.86,0.00,9.898,0.503,1.705,-7.002078,-34.832802
170192,3,-0.88,-0.84,9.926,0.460,1.748,-7.002078,-34.832802
170243,3,-0.87,0.48,9.893,0.560,1.863,-7.002078,-34.832802
170293,3,-0.85,0.00,9.807,0.656,1.834,-7.002078,-34.832802
170343,3,-0.85,0.00,9.902,0.575,1.810,-7.002078,-34.832802
170394,3,-0.82,1.38,9.989,0.445,1.762,-7.002078,-34.832802
170446,3,-0.82,0.00,9.969,0.445,1.695,-7.002078,-34.832802
170498,3,-0.83,0.86,9.907,0.551,1.738,-7.002078,-34.832802
170549,3,-0.84,-0.52,9.941,0.555,1.719,-7.002078,-34.832802
170601,3,-0.84,0.00,9.917,0.560,1.748,-7.002078,-34.832802
170652,3,-0.86,-0.56,9.855,0.551,1.829,-7.002078,-34.832802
170703,3,-0.82,1.27,9.864,0.498,1.791,-7.002078,-34.832802
170754,3,-0.84,-0.48,9.859,0.575,1.848,-7.002078,-34.832802
170806,3,-0.83,0.86,9.883,0.512,1.872,-7.002078,-34.832802
170858,3,-0.84,-0.52,9.946,0.464,1.810,-7.002078,-34.832802
170909,3,-0.86,0.00,10.008,0.335,1.647,-7.002078,-34.832802
170959,3,-0.90,-0.52,9.989,0.364,1.686,-7.002078,-34.832802
171009,3,-0.91,-0.56,9.965,0.464,1.695,-7.002077,-34.832802
171060,3,-0.92,0.00,9.989,0.445,1.686,-7.002077,-34.832802
171110,3,-0.89,0.00,9.960,0.426,1.647,-7.002077,-34.832802
171161,3,-0.90,-0.54,9.936,0.469,1.647,-7.002077,-34.832802
171211,3,-0.86,0.00,9.946,0.426,1.642,-7.002077,-34.832802
171261,3,-0.88,0.00,9.922,0.464,1.700,-7.002077,-34.832802
171312,3,-0.86,0.88,9.950,0.464,1.662,-7.002077,-34.832802
171361,3,-0.88,-0.52,9.946,0.445,1.738,-7.002077,-34.832802
171413,3,-0.91,-1.09,9.926,0.488,1.695,-7.002077,-34.832802
171464,3,-0.90,0.00,9.965,0.464,1.714,-7.002077,-34.832802
171516,3,-0.94,-0.45,9.907,0.426,1.676,-7.002077,-34.832802
171581,3,-0.94,0.00,9.893,0.345,1.700,-7.002077,-34.832802
171633,3,-0.91,1.34,9.950,0.393,1.743,-7.002077,-34.832802
171683,3,-0.92,-0.56,9.965,0.412,1.796,-7.002077,-34.832802
171734,3,-0.97,-1.79,9.898,0.364,1.829,-7.002077,-34.832802
171786,3,-0.95,-0.52,9.950,0.407,1.733,-7.002077,-34.832802
171838,3,-0.96,-0.52,10.008,0.383,1.709,-7.002077,-34.832802
171889,3,-0.97,0.00,9.907,0.402,1.748,-7.002077,-34.832802
171941,3,-0.99,-0.52,9.888,0.484,1.700,-7.002077,-34.832802
171992,3,-0.99,0.00,9.955,0.532,1.614,-7.002077,-34.832802
172042,3,-0.99,0.00,9.965,0.388,1.628,-7.002076,-34.832802
172092,3,-1.03,-0.54,9.898,0.321,1.791,-7.002076,-34.832802
172143,3,-1.04,-0.52,9.946,0.383,1.915,-7.002076,-34.832802
172193,3,-1.04,0.00,9.946,0.412,1.973,-7.002076,-34.832802
172244,3,-1.06,0.00,9.931,0.306,1.815,-7.002076,-34.832802
172294,3,-1.02,1.45,9.950,0.316,1.551,-7.002076,-34.832802
172344,3,-1.03,0.00,10.008,0.503,1.532,-7.002076,-34.832802
172395,3,-1.07,0.00,9.931,0.603,1.647,-7.002076,-34.832802
172447,3,-1.02,0.00,9.898,0.522,1.738,-7.002076,-34.832802
172499,3,-1.01,0.00,9.979,0.402,1.796,-7.002076,-34.832802
172550,3,-0.99,0.52,9.974,0.311,1.714,-7.002076,-34.832802
172602,3,-0.98,0.00,9.936,0.407,1.753,-7.002076,-34.832802
172653,3,-0.98,0.00,9.883,0.532,1.829,-7.002076,-34.832802
172705,3,-0.98,0.00,9.864,0.532,1.834,-7.002076,-34.832802
172757,3,-0.97,0.74,9.883,0.460,1.839,-7.002076,-34.832802
172807,3,-0.97,0.00,9.893,0.431,1.800,-7.002076,-34.832802
172859,3,-1.00,-1.13,9.926,0.508,1.772,-7.002076,-34.832802
172910,3,-0.99,0.00,9.917,0.484,1.877,-7.002076,-34.832802
172960,3,-1.00,-0.56,9.874,0.412,1.906,-7.002076,-34.832802
173011,3,-1.01,-0.52,9.869,0.388,1.891,-7.002075,-34.832802
173061,3,-1.01,0.00,9.965,0.508,1.925,-7.002075,-34.832802
173111,3,-0.99,0.00,9.946,0.450,1.882,-7.002075,-34.832802
173162,3,-1.00,-0.52,9.898,0.407,1.805,-7.002075,-34.832802
173212,3,-0.99,0.00,9.936,0.464,1.815,-7.002075,-34.832802
173263,3,-1.02,-0.56,9.888,0.532,1.834,-7.002075,-34.832802
173313,3,-0.98,1.39,9.831,0.532,1.963,-7.002075,-34.832802
173362,3,-0.98,0.00,9.859,0.484,1.978,-7.002075,-34.832802
173414,3,-0.98,0.00,9.859,0.493,1.992,-7.002075,-34.832802
173465,3,-0.98,0.00,9.888,0.484,1.839,-7.002075,-34.832802
173517,3,-0.96,0.00,9.898,0.460,1.762,-7.002075,-34.832802
173566,3,-0.96,0.00,9.902,0.469,1.848,-7.002075,-34.832802
173631,3,-0.96,0.00,9.874,0.488,1.915,-7.002075,-34.832802
173683,3,-0.97,0.00,9.960,0.369,1.863,-7.002075,-34.832802
173733,3,-0.99,-0.48,10.032,0.273,1.820,-7.002075,-34.832802
173784,3,-0.96,1.34,9.946,0.354,1.805,-7.002075,-34.832802
173836,3,-0.96,0.00,9.922,0.455,1.810,-7.002075,-34.832802
173888,3,-0.99,0.00,9.950,0.383,1.810,-7.002075,-34.832802
173940,3,-1.00,-0.48,9.931,0.302,1.753,-7.002075,-34.832802
173990,3,-1.02,-0.56,9.960,0.354,1.700,-7.002075,-34.832802
174040,3,-1.01,0.00,9.955,0.373,1.719,-7.002075,-34.832802
174091,3,-1.02,-0.56,9.912,0.335,1.748,-7.002075,-34.832802
174141,3,-1.04,-0.52,9.931,0.345,1.762,-7.002075,-34.832802
174192,3,-1.05,0.00,9.965,0.354,1.753,-7.002075,-34.832802
174242,3,-1.03,-0.52,9.950,0.397,1.652,-7.002075,-34.832802
174292,3,-1.04,-0.52,9.950,0.455,1.738,-7.002075,-34.832802
174342,3,-1.05,0.00,9.907,0.340,1.695,-7.002075,-34.832802
174394,3,-1.05,0.00,9.965,0.321,1.676,-7.002075,-34.832802
174445,3,-1.05,0.00,9.969,0.335,1.781,-7.002075,-34.832802
174497,3,-1.00,1.86,9.902,0.407,1.776,-7.002075,-34.832802
174549,3,-1.00,0.00,9.922,0.455,1.681,-7.002075,-34.832802
174600,3,-1.00,0.00,9.984,0.393,1.628,-7.002075,-34.832802
174652,3,-1.00,0.00,9.941,0.373,1.705,-7.002075,-34.832802
174704,3,-1.02,0.00,9.917,0.354,1.738,-7.002075,-34.832802
174755,3,-0.99,0.00,9.950,0.412,1.762,-7.002075,-34.832802
174807,3,-0.99,0.00,9.965,0.359,1.762,-7.002075,-34.832802
174857,3,-1.01,-0.52,9.936,0.335,1.757,-7.002075,-34.832802
174909,3,-1.01,0.00,9.936,0.441,1.786,-7.002075,-34.832802
174959,3,-0.99,-0.48,9.907,0.460,1.786,-7.002075,-34.832802
175009,3,-1.00,-0.56,9.907,0.421,1.805,-7.002075,-34.832802
175059,3,-1.02,0.00,9.941,0.292,1.638,-7.002075,-34.832802
175110,3,-0.99,-0.52,9.989,0.359,1.638,-7.002075,-34.832802
175160,3,-0.99,0.00,9.917,0.436,1.844,-7.002075,-34.832802
175211,3,-1.01,0.00,9.874,0.455,1.954,-7.002075,-34.832802
175261,3,-1.00,-1.13,9.993,0.311,1.887,-7.002075,-34.832802
175311,3,-1.00,0.00,9.984,0.278,1.772,-7.002075,-34.832802
175363,3,-1.00,0.00,9.907,0.393,1.872,-7.002075,-34.832802
175415,3,-0.99,0.86,9.883,0.517,1.800,-7.002075,-34.832802
175466,3,-1.02,0.00,9.888,0.532,1.743,-7.002075,-34.832802
175518,3,-1.02,0.00,9.931,0.412,1.796,-7.002075,-34.832802
175569,3,-1.02,0.00,9.878,0.326,1.939,-7.002075,-34.832802
175621,3,-1.02,0.00,9.864,0.479,1.911,-7.002075,-34.832802
175686,3,-0.99,0.31,9.969,0.460,1.887,-7.002075,-34.832802
175737,3,-0.97,0.82,9.888,0.316,1.695,-7.002075,-34.832802
175788,3,-0.97,0.00,9.926,0.393,1.709,-7.002075,-34.832802
175839,3,-0.98,-0.48,9.926,0.508,1.820,-7.002075,-34.832802
175891,3,-0.98,0.00,9.835,0.565,1.992,-7.002075,-34.832802
175940,3,-0.96,-0.52,9.878,0.407,1.997,-7.002075,-34.832802
175991,3,-0.95,0.40,9.960,0.230,1.920,-7.002075,-34.832802
176041,3,-0.99,-1.09,9.893,0.393,1.982,-7.002074,-34.832798
176092,3,-1.02,-1.09,9.850,0.498,1.915,-7.002074,-34.832798
176142,3,-1.00,1.45,9.883,0.512,1.800,-7.002074,-34.832798
176193,3,-1.01,-0.54,9.902,0.484,1.891,-7.002074,-34.832798
176243,3,-1.03,-0.52,9.835,0.431,1.954,-7.002074,-34.832798
176293,3,-1.01,0.00,9.831,0.436,1.982,-7.002074,-34.832798
176346,3,-1.03,-0.52,9.850,0.527,1.920,-7.002074,-34.832798
176397,3,-1.05,-0.52,9.922,0.431,1.767,-7.002074,-34.832798
176449,3,-1.05,0.00,9.965,0.407,1.599,-7.002074,-34.832798
176500,3,-1.01,0.00,10.051,0.436,1.719,-7.002074,-34.832798
176552,3,-1.04,-1.01,9.955,0.402,1.805,-7.002074,-34.832798
176601,3,-1.01,0.86,9.917,0.421,1.829,-7.002074,-34.832798
176653,3,-1.03,-0.52,9.974,0.364,1.820,-7.002074,-34.832798
176704,3,-1.04,0.00,9.950,0.388,1.748,-7.002074,-34.832798
176756,3,-1.01,0.52,9.898,0.436,1.743,-7.002074,-34.832798
176807,3,-1.01,0.00,9.893,0.441,1.810,-7.002074,-34.832798
176858,3,-0.98,0.86,9.907,0.484,1.810,-7.002074,-34.832798
176909,3,-0.98,0.00,9.931,0.393,1.748,-7.002074,-34.832798
176959,3,-1.00,-0.56,9.960,0.369,1.700,-7.002074,-34.832798
177010,3,-0.98,0.56,9.989,0.407,1.690,-7.002073,-34.832798
177060,3,-0.93,0.00,9.960,0.441,1.709,-7.002073,-34.832798
177111,3,-0.93,0.00,9.946,0.350,1.724,-7.002073,-34.832798
177161,3,-0.92,0.46,9.969,0.350,1.647,-7.002073,-34.832798
177211,3,-0.92,0.00,9.984,0.354,1.709,-7.002073,-34.832798
177262,3,-0.91,0.00,9.907,0.441,1.762,-7.002073,-34.832798
177312,3,-0.91,0.00,9.888,0.460,1.748,-7.002073,-34.832798
177364,3,-0.91,0.00,9.993,0.388,1.690,-7.002073,-34.832798
177416,3,-0.89,0.48,9.984,0.330,1.738,-7.002073,-34.832798
177467,3,-0.84,0.00,9.864,0.407,1.762,-7.002073,-34.832798
177519,3,-0.86,0.00,9.907,0.479,1.805,-7.002073,-34.832798
177570,3,-0.87,-0.48,9.950,0.493,1.738,-7.002073,-34.832798
177622,3,-0.88,0.00,9.917,0.407,1.724,-7.002073,-34.832798
177674,3,-0.88,0.00,9.926,0.407,1.767,-7.002073,-34.832798
177756,3,-0.88,0.00,9.912,0.479,1.743,-7.002073,-34.832798
177808,3,-0.87,0.00,9.931,0.450,1.733,-7.002073,-34.832798
177860,3,-0.87,0.00,9.946,0.412,1.757,-7.002073,-34.832798
177910,3,-0.87,0.00,9.955,0.383,1.743,-7.002073,-34.832798
177960,3,-0.87,0.00,9.955,0.426,1.796,-7.002073,-34.832798
178010,3,-0.83,1.45,9.912,0.493,1.887,-7.002073,-34.832794
178061,3,-0.83,0.00,9.922,0.441,1.729,-7.002073,-34.832794
178111,3,-0.83,0.00,9.998,0.373,1.709,-7.002073,-34.832794
178161,3,-0.82,0.00,9.917,0.397,1.853,-7.002073,-34.832794
178212,3,-0.82,0.00,9.850,0.460,1.891,-7.002073,-34.832794
178262,3,-0.82,0.00,9.926,0.536,1.839,-7.002073,-34.832794
178313,3,-0.79,0.00,9.965,0.455,1.791,-7.002073,-34.832794
178364,3,-0.79,0.00,9.917,0.335,1.762,-7.002073,-34.832794
178416,3,-0.79,0.00,9.907,0.383,1.805,-7.002073,-34.832794
178468,3,-0.77,0.52,9.926,0.498,1.824,-7.002073,-34.832794
178519,3,-0.77,0.00,9.902,0.488,1.877,-7.002073,-34.832794
178571,3,-0.79,-0.52,9.874,0.364,1.858,-7.002073,-34.832794
178622,3,-0.79,0.00,9.902,0.350,1.834,-7.002073,-34.832794
178674,3,-0.80,0.00,9.936,0.417,1.911,-7.002073,-34.832794
178726,3,-0.83,-0.45,9.917,0.479,1.915,-7.002073,-34.832794
178777,3,-0.83,0.00,9.926,0.431,1.915,-7.002073,-34.832794
178829,3,-0.84,0.00,9.950,0.364,1.834,-7.002073,-34.832794
178880,3,-0.83,0.56,9.926,0.412,1.796,-7.002073,-34.832794
178932,3,-0.84,0.00,9.893,0.508,1.781,-7.002073,-34.832794
178983,3,-0.84,0.00,9.859,0.565,1.757,-7.002073,-34.832794
179033,3,-0.80,0.00,9.874,0.575,1.714,-7.002071,-34.832794
179083,3,-0.79,0.00,9.874,0.517,1.743,-7.002071,-34.832794
179134,3,-0.79,0.00,9.888,0.479,1.709,-7.002071,-34.832794
179184,3,-0.79,0.00,9.898,0.512,1.671,-7.002071,-34.832794
179235,3,-0.78,0.00,9.874,0.450,1.724,-7.002071,-34.832794
179285,3,-0.73,2.05,9.773,0.508,1.891,-7.002071,-34.832794
179335,3,-0.71,0.00,9.845,0.450,1.844,-7.002071,-34.832794
179387,3,-0.70,0.48,10.075,0.335,1.695,-7.002071,-34.832794
179437,3,-0.70,0.00,10.156,0.182,1.575,-7.002071,-34.832794
179489,3,-0.70,0.00,10.075,0.124,1.580,-7.002071,-34.832794
179540,3,-0.70,0.00,9.998,0.244,1.666,-7.002071,-34.832794
179592,3,-0.68,0.56,9.907,0.340,1.666,-7.002071,-34.832794
179643,3,-0.68,0.00,9.859,0.297,1.633,-7.002071,-34.832794
179695,3,-0.70,0.00,9.893,0.441,1.647,-7.002071,-34.832794
179747,3,-0.71,-0.48,9.950,0.436,1.657,-7.002071,-34.832794
179812,3,-0.71,0.00,9.936,0.287,1.657,-7.002071,-34.832794
179863,3,-0.71,0.00,9.965,0.206,1.537,-7.002071,-34.832794
179915,3,-0.73,-0.48,9.893,0.163,1.566,-7.002071,-34.832794
179965,3,-0.73,0.00,9.855,0.192,1.595,-7.002071,-34.832794
180015,3,-0.73,0.00,9.730,0.263,1.542,-7.002070,-34.832794
180066,3,-0.69,1.97,9.491,0.512,1.298,-7.002070,-34.832794
180116,3,-0.68,0.60,9.131,0.359,1.369,-7.002070,-34.832794
180166,3,-0.69,0.00,8.820,0.239,1.499,-7.002070,-34.832794
180217,3,-0.69,0.00,8.997,0.407,1.939,-7.002070,-34.832794
180267,3,-0.70,-0.52,9.433,0.043,2.763,-7.002070,-34.832794
180318,3,-0.70,0.00,9.821,0.417,1.911,-7.002070,-34.832794
180369,3,-0.72,-0.48,10.582,0.584,1.508,-7.002070,-34.832794
180420,3,-0.72,0.00,10.214,0.364,1.595,-7.002070,-34.832794
180471,3,-0.73,0.00,10.625,-0.915,1.403,-7.002070,-34.832794
180523,3,-0.74,0.00,10.113,-0.110,3.203,-7.002070,-34.832794
180575,3,-0.76,-0.52,9.744,0.388,2.950,-7.002070,-34.832794
180626,3,-0.76,0.00,10.171,0.397,2.284,-7.002070,-34.832794
180678,3,-0.79,-0.52,10.266,-0.206,0.871,-7.002070,-34.832794
180729,3,-0.79,0.00,10.616,-0.096,0.953,-7.002070,-34.832794
180781,3,-0.80,0.00,10.424,0.608,1.427,-7.002070,-34.832794
180833,3,-0.76,1.38,10.013,0.618,1.259,-7.002070,-34.832794
180884,3,-0.76,0.00,10.118,0.790,1.197,-7.002070,-34.832794
180936,3,-0.76,0.00,9.946,1.049,1.279,-7.002070,-34.832794
180987,3,-0.78,-0.60,9.974,1.346,1.355,-7.002070,-34.832794
181037,3,-0.78,0.00,9.797,1.202,1.489,-7.002070,-34.832794
181087,3,-0.79,-0.52,9.984,0.747,1.614,-7.002070,-34.832794
181138,3,-0.80,-0.54,10.013,0.642,1.820,-7.002070,-34.832794
181188,3,-0.77,0.00,10.003,0.718,1.695,-7.002070,-34.832794
181240,3,-0.77,0.00,9.941,0.694,1.733,-7.002070,-34.832794
181292,3,-0.77,0.00,9.950,0.862,1.571,-7.002070,-34.832794
181344,3,-0.78,0.00,9.936,0.972,1.753,-7.002070,-34.832794
181395,3,-0.81,-0.48,9.797,0.929,1.786,-7.002070,-34.832794
181447,3,-0.79,0.00,9.768,0.924,1.877,-7.002070,-34.832794
181498,3,-0.79,0.00,9.783,1.144,1.944,-7.002070,-34.832794
181549,3,-0.79,0.00,9.835,1.302,1.887,-7.002070,-34.832794
181600,3,-0.79,-0.52,9.969,1.087,1.686,-7.002070,-34.832794
181652,3,-0.79,0.00,10.046,0.991,1.532,-7.002070,-34.832794
181704,3,-0.80,-0.48,10.032,0.943,1.484,-7.002070,-34.832794
181755,3,-0.80,0.00,9.946,0.972,1.609,-7.002070,-34.832794
181807,3,-0.80,0.00,9.869,0.943,1.815,-7.002070,-34.832794
181871,3,-0.81,-0.18,9.735,0.958,1.987,-7.002070,-34.832794
181923,3,-0.81,0.00,9.811,0.939,1.963,-7.002070,-34.832794
181973,3,-0.81,0.00,9.878,0.848,1.815,-7.002070,-34.832794
182024,3,-0.84,-0.56,9.960,0.871,1.829,-7.002070,-34.832794
182074,3,-0.84,0.00,9.874,0.862,1.776,-7.002070,-34.832794
182125,3,-0.85,0.00,9.850,0.690,1.666,-7.002070,-34.832794
182175,3,-0.88,-0.50,9.840,0.824,1.772,-7.002070,-34.832794
182225,3,-0.88,0.00,9.811,0.915,1.949,-7.002070,-34.832794
182277,3,-0.89,0.00,9.816,0.895,1.906,-7.002070,-34.832794
182329,3,-0.89,0.00,9.926,0.867,1.848,-7.002070,-34.832794
182379,3,-0.89,0.00,9.950,0.848,1.618,-7.002070,-34.832794
182431,3,-0.89,-0.52,9.960,0.939,1.609,-7.002070,-34.832794
182482,3,-0.89,0.00,9.926,0.967,1.609,-7.002070,-34.832794
182534,3,-0.89,-0.52,9.955,0.958,1.714,-7.002070,-34.832794
182585,3,-0.89,0.00,9.912,0.819,1.714,-7.002070,-34.832794
182637,3,-0.89,0.00,9.965,0.800,1.815,-7.002070,-34.832794
182689,3,-0.91,-0.48,9.898,0.737,1.872,-7.002070,-34.832794
182740,3,-0.90,0.00,9.888,0.737,1.824,-7.002070,-34.832794
182792,3,-0.91,0.00,9.893,0.728,1.824,-7.002070,-34.832794
182843,3,-0.91,0.00,9.912,0.694,1.748,-7.002070,-34.832794
182895,3,-0.94,-0.48,9.931,0.752,1.753,-7.002070,-34.832794
182945,3,-0.94,0.00,9.883,0.704,1.748,-7.002070,-34.832794
182995,3,-0.94,0.00,9.855,0.867,1.824,-7.002070,-34.832794
183045,3,-0.94,-0.52,9.855,1.077,1.968,-7.002070,-34.832794
183096,3,-0.94,0.00,9.931,0.857,1.781,-7.002070,-34.832794
183146,3,-0.94,0.00,9.974,0.737,1.700,-7.002070,-34.832794
183197,3,-0.93,0.93,9.969,0.747,1.676,-7.002070,-34.832794
183246,3,-0.93,0.00,9.993,0.723,1.757,-7.002070,-34.832794
183298,3,-0.93,0.00,9.960,0.713,1.891,-7.002070,-34.832794
183349,3,-0.93,0.00,9.888,0.690,1.844,-7.002070,-34.832794
183400,3,-0.93,0.00,9.826,0.699,1.872,-7.002070,-34.832794
183451,3,-0.95,-0.52,9.740,0.900,2.040,-7.002070,-34.832794
183503,3,-0.95,0.00,9.730,0.943,2.116,-7.002070,-34.832794
183555,3,-0.92,0.48,9.912,0.570,1.887,-7.002070,-34.832794
183606,3,-0.92,0.00,9.998,0.383,1.676,-7.002070,-34.832794
183658,3,-0.92,0.00,9.969,0.474,1.800,-7.002070,-34.832794
183709,3,-0.92,0.00,9.883,0.579,2.025,-7.002070,-34.832794
183761,3,-0.92,0.00,9.821,0.694,2.093,-7.002070,-34.832794
183813,3,-0.90,0.52,9.826,0.747,2.006,-7.002070,-34.832794
183864,3,-0.89,0.00,9.859,0.713,1.944,-7.002070,-34.832794
183928,3,-0.90,-0.18,9.926,0.603,1.901,-7.002070,-34.832794
183979,3,-0.90,0.00,9.955,0.632,1.978,-7.002070,-34.832794
184029,3,-0.89,0.52,9.936,0.565,1.968,-7.002064,-34.832764
184080,3,-0.88,0.54,9.893,0.603,1.949,-7.002064,-34.832764
184130,3,-0.86,0.00,9.902,0.651,1.992,-7.002064,-34.832764
184180,3,-0.85,0.52,9.869,0.594,1.997,-7.002064,-34.832764
184231,3,-0.85,0.00,9.859,0.555,1.997,-7.002064,-34.832764
184281,3,-0.85,0.00,9.869,0.613,2.011,-7.002064,-34.832764
184331,3,-0.84,0.56,9.869,0.627,2.078,-7.002064,-34.832764
184383,3,-0.84,0.00,9.831,0.551,2.069,-7.002064,-34.832764
184435,3,-0.85,-0.52,9.883,0.464,2.030,-7.002064,-34.832764
184485,3,-0.85,0.00,9.931,0.464,2.016,-7.002064,-34.832764
184536,3,-0.84,0.52,9.912,0.479,2.002,-7.002064,-34.832764
184588,3,-0.84,0.00,9.893,0.522,2.016,-7.002064,-34.832764
184637,3,-0.84,0.00,9.845,0.599,2.093,-7.002064,-34.832764
184689,3,-0.82,0.48,9.845,0.642,2.136,-7.002064,-34.832764
184740,3,-0.82,0.00,9.835,0.541,2.107,-7.002064,-34.832764
184792,3,-0.85,0.48,9.902,0.488,2.155,-7.002064,-34.832764
184843,3,-0.83,0.52,9.840,0.402,2.088,-7.002064,-34.832764
184895,3,-0.82,0.00,9.840,0.402,2.145,-7.002064,-34.832764
184947,3,-0.82,0.00,9.840,0.407,2.121,-7.002064,-34.832764
184998,3,-0.80,0.00,9.821,0.469,2.136,-7.002069,-34.832760
185048,3,-0.81,0.52,9.787,0.469,2.222,-7.002069,-34.832760
185098,3,-0.81,0.00,9.797,0.464,2.217,-7.002069,-34.832760
185149,3,-0.79,0.00,9.859,0.431,2.188,-7.002069,-34.832760
185199,3,-0.79,0.00,9.874,0.417,2.093,-7.002069,-34.832760
185250,3,-0.76,1.13,9.874,0.431,2.131,-7.002069,-34.832760
185300,3,-0.76,0.00,9.902,0.421,2.112,-7.002069,-34.832760
185352,3,-0.77,-0.97,9.893,0.388,2.150,-7.002069,-34.832760
185404,3,-0.77,0.00,9.922,0.369,2.102,-7.002069,-34.832760
185456,3,-0.75,0.00,9.898,0.431,2.073,-7.002069,-34.832760
185507,3,-0.75,0.00,9.792,0.469,2.112,-7.002069,-34.832760
185559,3,-0.74,0.00,9.807,0.493,2.107,-7.002069,-34.832760
185609,3,-0.74,0.00,9.869,0.460,2.021,-7.002069,-34.832760
185658,3,-0.78,0.00,9.912,0.498,2.035,-7.002069,-34.832760
185710,3,-0.76,-0.82,9.898,0.484,2.064,-7.002069,-34.832760
185761,3,-0.76,0.00,9.917,0.421,1.997,-7.002069,-34.832760
185813,3,-0.75,0.52,9.917,0.512,2.073,-7.002069,-34.832760
185864,3,-0.75,0.00,9.898,0.441,2.069,-7.002069,-34.832760
185916,3,-0.76,-1.30,9.898,0.450,1.987,-7.002069,-34.832760
185983,3,-0.74,0.18,9.878,0.512,2.049,-7.002069,-34.832760
186033,3,-0.73,0.48,9.816,0.575,2.040,-7.002073,-34.832760
186084,3,-0.73,0.00,9.855,0.493,2.025,-7.002073,-34.832760
186134,3,-0.72,0.60,9.898,0.503,2.097,-7.002073,-34.832760
186184,3,-0.72,0.00,9.898,0.469,2.083,-7.002073,-34.832760
186235,3,-0.72,0.00,9.907,0.417,2.035,-7.002073,-34.832760
186285,3,-0.70,0.52,9.864,0.455,1.978,-7.002073,-34.832760
186336,3,-0.70,0.00,9.869,0.488,1.997,-7.002073,-34.832760
186387,3,-0.70,0.00,9.878,0.397,2.030,-7.002073,-34.832760
186438,3,-0.69,0.48,9.850,0.397,2.040,-7.002073,-34.832760
186489,3,-0.68,0.56,9.917,0.345,2.059,-7.002073,-34.832760
186541,3,-0.70,-0.89,9.936,0.431,2.054,-7.002073,-34.832760
186593,3,-0.68,0.00,9.922,0.493,2.035,-7.002073,-34.832760
186644,3,-0.66,0.48,9.883,0.512,1.968,-7.002073,-34.832760
186696,3,-0.66,0.00,9.859,0.594,1.963,-7.002073,-34.832760
186747,3,-0.66,0.00,9.869,0.575,2.049,-7.002073,-34.832760
186799,3,-0.66,0.00,9.912,0.445,2.093,-7.002073,-34.832760
186851,3,-0.66,0.00,9.859,0.397,2.078,-7.002073,-34.832760
186902,3,-0.69,-1.45,9.874,0.431,2.021,-7.002073,-34.832760
186955,3,-0.69,0.00,9.874,0.484,2.049,-7.002073,-34.832760
187005,3,-0.68,0.56,9.845,0.460,2.021,-7.002079,-34.832752
187055,3,-0.72,-1.39,9.912,0.479,2.049,-7.002079,-34.832752
187106,3,-0.72,0.00,9.907,0.393,2.040,-7.002079,-34.832752
187156,3,-0.75,0.00,9.874,0.450,2.088,-7.002079,-34.832752
187207,3,-0.75,0.00,9.902,0.445,2.059,-7.002079,-34.832752
187257,3,-0.75,0.00,9.955,0.436,2.040,-7.002079,-34.832752
187307,3,-0.76,0.54,9.893,0.445,2.040,-7.002079,-34.832752
187357,3,-0.75,0.56,9.831,0.426,2.088,-7.002079,-34.832752
187409,3,-0.77,0.00,9.835,0.445,2.140,-7.002079,-34.832752
187460,3,-0.76,0.52,9.869,0.388,2.150,-7.002079,-34.832752
187512,3,-0.76,0.00,9.898,0.340,2.150,-7.002079,-34.832752
187564,3,-0.73,1.86,9.874,0.345,2.131,-7.002079,-34.832752
187614,3,-0.73,0.00,9.845,0.426,2.217,-7.002079,-34.832752
187666,3,-0.75,0.00,9.811,0.402,2.160,-7.002079,-34.832752
187717,3,-0.74,0.52,9.816,0.383,2.073,-7.002079,-34.832752
187769,3,-0.74,-0.48,9.855,0.321,2.116,-7.002079,-34.832752
187820,3,-0.74,0.00,9.907,0.273,2.227,-7.002079,-34.832752
187872,3,-0.77,0.00,9.850,0.287,2.236,-7.002079,-34.832752
187924,3,-0.79,0.00,9.859,0.354,2.289,-7.002079,-34.832752
187974,3,-0.79,0.00,9.850,0.287,2.184,-7.002079,-34.832752
188043,3,-0.80,-0.16,9.864,0.311,2.203,-7.002085,-34.832748
188094,3,-0.81,-0.56,9.764,0.350,2.298,-7.002085,-34.832748
188144,3,-0.83,-0.52,9.749,0.297,2.327,-7.002085,-34.832748
188195,3,-0.83,0.00,9.802,0.249,2.284,-7.002085,-34.832748
188245,3,-0.84,0.00,9.835,0.230,2.227,-7.002085,-34.832748
188296,3,-0.84,0.00,9.859,0.211,2.236,-7.002085,-34.832748
188346,3,-0.83,0.00,9.807,0.287,2.217,-7.002085,-34.832748
188396,3,-0.80,1.01,9.845,0.311,2.294,-7.002085,-34.832748
188448,3,-0.79,0.00,9.855,0.225,2.160,-7.002085,-34.832748
188499,3,-0.77,0.00,9.902,0.283,2.131,-7.002085,-34.832748
188551,3,-0.77,0.00,9.888,0.412,2.140,-7.002085,-34.832748
188602,3,-0.75,0.00,9.907,0.321,2.155,-7.002085,-34.832748
188654,3,-0.73,0.48,9.955,0.306,2.150,-7.002085,-34.832748
188706,3,-0.71,0.00,9.859,0.335,2.131,-7.002085,-34.832748
188757,3,-0.69,0.00,9.835,0.498,2.140,-7.002085,-34.832748
188809,3,-0.64,0.00,9.869,0.527,2.203,-7.002085,-34.832748
188860,3,-0.63,0.00,9.859,0.498,2.140,-7.002085,-34.832748
188912,3,-0.63,0.00,9.878,0.321,2.116,-7.002085,-34.832748
188962,3,-0.63,0.00,9.941,0.220,2.073,-7.002085,-34.832748
189012,3,-0.64,0.00,9.888,0.220,2.116,-7.002090,-34.832752
189063,3,-0.64,0.00,9.835,0.330,2.121,-7.002090,-34.832752
189113,3,-0.65,0.52,9.826,0.493,2.140,-7.002090,-34.832752
189164,3,-0.64,0.50,9.883,0.498,1.997,-7.002090,-34.832752
189214,3,-0.61,0.00,9.888,0.412,2.002,-7.002090,-34.832752
189265,3,-0.52,1.09,9.969,0.211,1.997,-7.002090,-34.832752
189315,3,-0.54,-0.93,9.874,0.220,2.064,-7.002090,-34.832752
189365,3,-0.54,0.00,9.816,0.532,2.131,-7.002090,-34.832752
189416,3,-0.53,0.52,9.898,0.503,2.097,-7.002090,-34.832752
189468,3,-0.48,1.86,9.979,0.158,1.867,-7.002090,-34.832752
189518,3,-0.49,-0.52,9.960,0.211,1.911,-7.002090,-34.832752
189567,3,-0.49,0.00,9.902,0.278,2.174,-7.002090,-34.832752
189619,3,-0.48,0.52,9.787,0.306,2.236,-7.002090,-34.832752
189670,3,-0.48,0.00,9.807,0.302,2.097,-7.002090,-34.832752
189722,3,-0.48,0.00,9.864,0.421,1.958,-7.002090,-34.832752
189773,3,-0.48,0.00,9.917,0.388,2.069,-7.002090,-34.832752
189825,3,-0.46,0.00,9.845,0.172,2.179,-7.002090,-34.832752
189877,3,-0.48,-0.52,9.922,0.215,2.059,-7.002090,-34.832752
189928,3,-0.44,1.34,9.993,0.144,1.963,-7.002090,-34.832752
189979,3,-0.45,0.00,9.950,0.182,1.968,-7.002090,-34.832752
190029,3,-0.45,-0.52,9.845,0.340,2.150,-7.002091,-34.832748
190094,3,-0.47,-0.19,9.783,0.373,2.246,-7.002091,-34.832748
190145,3,-0.47,0.00,9.845,0.330,2.203,-7.002091,-34.832748
190195,3,-0.47,0.00,9.902,0.359,2.064,-7.002091,-34.832748
190246,3,-0.44,0.52,9.946,0.306,2.045,-7.002091,-34.832748
190296,3,-0.44,0.00,9.950,0.220,2.069,-7.002091,-34.832748
190346,3,-0.43,0.00,9.907,0.220,2.160,-7.002091,-34.832748
190398,3,-0.41,0.00,9.835,0.115,2.274,-7.002091,-34.832748
190450,3,-0.43,-0.48,9.797,0.081,2.179,-7.002091,-34.832748
190500,3,-0.44,-0.52,9.821,0.168,2.255,-7.002091,-34.832748
190551,3,-0.44,0.00,9.802,0.215,2.265,-7.002091,-34.832748
190603,3,-0.45,-0.52,9.807,0.259,2.251,-7.002091,-34.832748
190655,3,-0.46,-0.52,9.826,0.316,2.294,-7.002091,-34.832748
190706,3,-0.47,0.00,9.883,0.196,2.236,-7.002091,-34.832748
190758,3,-0.50,-0.52,9.931,0.053,2.179,-7.002091,-34.832748
190809,3,-0.46,0.00,9.864,0.115,2.270,-7.002091,-34.832748
190861,3,-0.48,-0.48,9.778,0.187,2.318,-7.002091,-34.832748
190910,3,-0.48,0.00,9.764,0.244,2.332,-7.002091,-34.832748
190960,3,-0.49,0.00,9.783,0.235,2.351,-7.002091,-34.832748
191010,3,-0.53,-1.45,9.797,0.192,2.284,-7.002096,-34.832748
191061,3,-0.54,-0.54,9.888,0.081,2.251,-7.002096,-34.832748
191111,3,-0.56,0.00,9.893,0.096,2.246,-7.002096,-34.832748
191162,3,-0.58,-0.56,9.835,0.168,2.265,-7.002096,-34.832748
191212,3,-0.58,0.00,9.811,0.220,2.332,-7.002096,-34.832748
191263,3,-0.58,-0.56,9.816,0.192,2.270,-7.002096,-34.832748
191313,3,-0.58,0.00,9.821,0.172,2.174,-7.002096,-34.832748
191362,3,-0.58,0.00,9.845,0.230,2.169,-7.002096,-34.832748
191414,3,-0.61,-0.48,9.931,0.278,2.179,-7.002096,-34.832748
191466,3,-0.57,1.34,9.859,0.235,2.140,-7.002096,-34.832748
191516,3,-0.59,-0.52,9.926,0.177,2.188,-7.002096,-34.832748
191568,3,-0.60,-0.52,9.912,0.148,2.179,-7.002096,-34.832748
191619,3,-0.65,0.00,9.931,0.182,2.150,-7.002096,-34.832748
191671,3,-0.65,0.00,9.864,0.254,2.049,-7.002096,-34.832748
191722,3,-0.65,0.00,9.888,0.273,2.097,-7.002096,-34.832748
191774,3,-0.68,-0.56,9.840,0.249,2.145,-7.002096,-34.832748
191826,3,-0.68,0.00,9.850,0.129,2.174,-7.002096,-34.832748
191877,3,-0.73,0.00,9.883,0.196,2.093,-7.002096,-34.832748
191929,3,-0.73,0.00,9.878,0.244,2.136,-7.002096,-34.832748
191979,3,-0.73,0.00,9.850,0.211,2.093,-7.002096,-34.832748
192029,3,-0.71,0.00,9.821,0.225,2.059,-7.002095,-34.832752
192080,3,-0.71,0.00,9.883,0.211,2.102,-7.002095,-34.832752
192168,3,-0.73,-0.14,9.965,0.134,2.054,-7.002095,-34.832752
192218,3,-0.74,-0.56,9.984,0.182,1.992,-7.002095,-34.832752
192269,3,-0.74,0.00,9.907,0.230,1.973,-7.002095,-34.832752
192319,3,-0.74,0.52,9.912,0.163,2.011,-7.002095,-34.832752
192369,3,-0.74,0.00,9.845,0.158,2.093,-7.002095,-34.832752
192419,3,-0.74,0.00,9.811,0.201,2.126,-7.002095,-34.832752
192471,3,-0.73,0.56,9.859,0.225,2.083,-7.002095,-34.832752
192522,3,-0.73,0.00,9.902,0.120,2.097,-7.002095,-34.832752
192574,3,-0.73,0.00,9.941,0.115,2.116,-7.002095,-34.832752
192625,3,-0.71,0.00,9.888,0.134,2.131,-7.002095,-34.832752
192677,3,-0.74,-0.82,9.855,0.168,2.131,-7.002095,-34.832752
192726,3,-0.74,0.00,9.859,0.182,2.136,-7.002095,-34.832752
192778,3,-0.72,0.00,9.898,0.144,2.069,-7.002095,-34.832752
192829,3,-0.72,0.00,9.912,0.148,2.083,-7.002095,-34.832752
192881,3,-0.72,0.00,9.917,0.187,2.116,-7.002095,-34.832752
192933,3,-0.70,0.52,9.893,0.168,2.160,-7.002095,-34.832752
192983,3,-0.68,0.00,9.912,0.134,2.160,-7.002095,-34.832752
193033,3,-0.69,-0.88,9.888,0.081,2.155,-7.002095,-34.832752
193084,3,-0.68,0.52,9.831,0.053,2.150,-7.002095,-34.832752
193134,3,-0.69,0.00,9.845,0.129,2.260,-7.002095,-34.832752
193185,3,-0.68,0.00,9.816,0.129,2.260,-7.002095,-34.832752
193235,3,-0.68,0.00,9.869,0.110,2.217,-7.002095,-34.832752
193287,3,-0.68,0.00,9.912,0.043,2.184,-7.002095,-34.832752
193338,3,-0.68,-0.56,9.859,0.077,2.188,-7.002095,-34.832752
193390,3,-0.70,-0.82,9.831,0.115,2.246,-7.002095,-34.832752
193441,3,-0.70,0.00,9.821,0.057,2.265,-7.002095,-34.832752
193492,3,-0.69,0.52,9.855,0.034,2.222,-7.002095,-34.832752
193543,3,-0.69,0.00,9.859,0.057,2.236,-7.002095,-34.832752
193595,3,-0.67,0.52,9.811,0.072,2.274,-7.002095,-34.832752
193646,3,-0.66,0.00,9.811,0.101,2.241,-7.002095,-34.832752
193698,3,-0.67,-0.86,9.802,0.010,2.231,-7.002095,-34.832752
193750,3,-0.68,0.00,9.902,-0.086,2.207,-7.002095,-34.832752
193801,3,-0.68,0.00,9.878,0.067,2.222,-7.002095,-34.832752
193853,3,-0.68,0.00,9.811,0.077,2.184,-7.002095,-34.832752
193905,3,-0.67,0.45,9.816,0.124,2.184,-7.002095,-34.832752
193954,3,-0.67,0.00,9.845,0.038,2.227,-7.002095,-34.832752
194005,3,-0.68,0.00,9.850,-0.005,2.246,-7.002095,-34.832752
194055,3,-0.71,-0.56,9.883,0.024,2.246,-7.002095,-34.832752
194105,3,-0.70,0.56,9.855,0.062,2.212,-7.002095,-34.832752
194156,3,-0.70,0.00,9.840,0.072,2.198,-7.002095,-34.832752
194223,3,-0.68,0.20,9.826,0.115,2.126,-7.002095,-34.832752
194275,3,-0.70,0.00,9.893,0.091,2.140,-7.002095,-34.832752
194325,3,-0.70,0.00,9.883,0.096,2.136,-7.002095,-34.832752
194377,3,-0.71,0.00,9.874,0.230,2.227,-7.002095,-34.832752
194428,3,-0.71,0.00,9.883,0.144,2.126,-7.002095,-34.832752
194480,3,-0.70,0.00,9.883,0.120,2.025,-7.002095,-34.832752
194531,3,-0.70,-0.86,9.907,0.139,1.920,-7.002095,-34.832752
194583,3,-0.69,0.00,9.917,0.235,1.944,-7.002095,-34.832752
194635,3,-0.68,0.48,9.946,0.187,1.939,-7.002095,-34.832752
194686,3,-0.68,0.00,9.941,0.096,1.930,-7.002095,-34.832752
194738,3,-0.68,0.00,9.950,0.158,1.949,-7.002095,-34.832752
194789,3,-0.71,-1.23,9.917,0.201,1.978,-7.002095,-34.832752
194841,3,-0.70,0.00,9.878,0.168,1.906,-7.002095,-34.832752
194893,3,-0.71,0.00,9.874,0.206,1.954,-7.002095,-34.832752
194942,3,-0.71,0.00,9.893,0.177,1.987,-7.002095,-34.832752
194993,3,-0.73,0.00,9.893,0.139,1.958,-7.002095,-34.832752
195043,3,-0.74,-0.56,9.912,0.139,2.016,-7.002095,-34.832752
195093,3,-0.74,0.00,9.917,0.192,1.935,-7.002095,-34.832752
195144,3,-0.77,-0.56,9.965,0.182,1.882,-7.002095,-34.832752
195194,3,-0.77,0.00,9.950,0.144,1.872,-7.002095,-34.832752
195244,3,-0.77,0.00,9.912,0.163,1.968,-7.002095,-34.832752
195296,3,-0.73,1.23,9.874,0.201,1.992,-7.002095,-34.832752
195347,3,-0.73,0.00,9.883,0.192,1.978,-7.002095,-34.832752
195398,3,-0.72,0.52,9.902,0.192,1.944,-7.002095,-34.832752
195449,3,-0.72,0.00,9.893,0.177,1.982,-7.002095,-34.832752
195501,3,-0.73,0.00,9.907,0.196,1.997,-7.002095,-34.832752
195553,3,-0.73,0.00,9.878,0.177,1.939,-7.002095,-34.832752
195604,3,-0.75,0.00,9.859,0.158,1.915,-7.002095,-34.832752
200877,3,-0.77,-0.00,10.013,0.163,1.791,-7.002095,-34.832752
200928,3,-0.77,0.00,10.051,0.096,1.700,-7.002095,-34.832752
200978,3,-0.75,0.00,9.974,0.077,1.839,-7.002095,-34.832752
201029,3,-0.75,0.00,9.869,0.153,1.930,-7.002095,-34.832752
201079,3,-0.75,0.00,9.826,0.263,1.968,-7.002095,-34.832752
201130,3,-0.73,0.56,9.859,0.287,1.848,-7.002095,-34.832752
201180,3,-0.70,0.80,9.960,0.244,1.800,-7.002095,-34.832752
201230,3,-0.70,0.00,9.960,0.268,1.815,-7.002095,-34.832752
201282,3,-0.72,-0.56,9.946,0.302,1.867,-7.002095,-34.832752
201334,3,-0.72,0.00,9.946,0.096,1.839,-7.002095,-34.832752
201385,3,-0.73,0.00,9.902,0.043,1.848,-7.002095,-34.832752
201437,3,-0.75,-0.48,9.936,0.134,1.896,-7.002095,-34.832752
201502,3,-0.73,0.16,9.974,0.144,1.829,-7.002095,-34.832752
201553,3,-0.76,-0.56,9.902,0.254,1.834,-7.002095,-34.832752
201604,3,-0.76,0.00,9.950,0.397,1.901,-7.002095,-34.832752
201655,3,-0.79,-0.52,10.027,0.201,1.815,-7.002095,-34.832752
201707,3,-0.79,0.00,9.969,0.019,1.786,-7.002095,-34.832752
201759,3,-0.77,0.52,9.869,0.024,1.891,-7.002095,-34.832752
201810,3,-0.77,0.00,9.845,0.163,1.968,-7.002095,-34.832752
201862,3,-0.77,0.00,9.850,0.244,2.025,-7.002095,-34.832752
201913,3,-0.76,0.00,9.931,0.292,1.906,-7.002095,-34.832752
201963,3,-0.75,0.56,10.003,0.249,1.781,-7.002095,-34.832752
202014,3,-0.72,0.00,9.984,0.086,1.858,-7.002097,-34.832748
202064,3,-0.69,0.50,9.888,0.110,1.978,-7.002097,-34.832748
202115,3,-0.69,0.00,9.883,0.072,2.002,-7.002097,-34.832748
202165,3,-0.65,0.00,9.912,0.124,1.973,-7.002097,-34.832748
202215,3,-0.69,0.00,9.883,0.263,1.906,-7.002097,-34.832748
202266,3,-0.68,0.00,9.874,0.259,1.920,-7.002097,-34.832748
202316,3,-0.68,0.00,9.893,0.215,1.978,-7.002097,-34.832748
202368,3,-0.68,0.00,9.912,0.091,1.925,-7.002097,-34.832748
202420,3,-0.68,0.00,9.965,-0.010,1.901,-7.002097,-34.832748
202469,3,-0.69,-0.48,9.917,0.029,1.930,-7.002097,-34.832748
202521,3,-0.69,0.00,9.835,0.139,2.021,-7.002097,-34.832748
202572,3,-0.68,0.48,9.816,0.211,2.040,-7.002097,-34.832748
202624,3,-0.69,-0.48,9.821,0.244,1.987,-7.002097,-34.832748
202675,3,-0.69,0.00,9.883,0.230,1.906,-7.002097,-34.832748
202726,3,-0.69,0.00,9.922,0.096,1.920,-7.002097,-34.832748
202777,3,-0.70,0.00,9.893,-0.029,1.939,-7.002097,-34.832748
202829,3,-0.69,0.52,9.821,0.192,2.059,-7.002097,-34.832748
202881,3,-0.69,0.00,9.845,0.206,1.930,-7.002097,-34.832748
202932,3,-0.69,0.00,9.993,-0.019,1.786,-7.002097,-34.832748
202983,3,-0.69,0.00,9.931,-0.043,1.815,-7.002097,-34.832748
203033,3,-0.69,0.00,9.946,0.168,2.011,-7.002095,-34.832752
203084,3,-0.69,0.00,9.922,0.091,1.915,-7.002095,-34.832752
203134,3,-0.70,-0.52,9.969,0.254,1.810,-7.002095,-34.832752
203184,3,-0.70,0.00,9.931,0.249,1.748,-7.002095,-34.832752
203235,3,-0.69,0.52,9.936,0.177,1.824,-7.002095,-34.832752
203285,3,-0.69,0.00,9.907,0.177,1.863,-7.002095,-34.832752
203336,3,-0.73,0.00,9.965,0.134,1.834,-7.002095,-34.832752
203387,3,-0.69,1.23,9.984,0.182,1.738,-7.002095,-34.832752
203439,3,-0.69,0.00,9.926,0.153,1.791,-7.002095,-34.832752
203490,3,-0.70,0.00,9.917,0.192,1.820,-7.002095,-34.832752
203557,3,-0.69,0.17,9.912,0.134,1.824,-7.002095,-34.832752
203607,3,-0.69,0.00,9.931,0.196,1.776,-7.002095,-34.832752
203659,3,-0.67,0.82,10.008,0.148,1.800,-7.002095,-34.832752
203710,3,-0.67,0.00,9.974,0.148,1.705,-7.002095,-34.832752
203762,3,-0.67,0.00,9.989,0.201,1.729,-7.002095,-34.832752
203813,3,-0.67,0.00,9.946,0.182,1.839,-7.002095,-34.832752
203865,3,-0.67,0.00,9.883,0.158,1.805,-7.002095,-34.832752
203917,3,-0.68,0.00,9.869,0.239,1.796,-7.002095,-34.832752
203966,3,-0.65,0.00,9.907,0.215,1.800,-7.002095,-34.832752
204017,3,-0.67,-0.52,9.955,0.177,1.800,-7.002093,-34.832748
204067,3,-0.67,0.00,9.993,0.148,1.848,-7.002093,-34.832748
204118,3,-0.69,0.00,9.941,0.192,1.762,-7.002093,-34.832748
204168,3,-0.68,-0.58,9.888,0.254,1.781,-7.002093,-34.832748
204219,3,-0.69,-0.52,9.902,0.206,1.800,-7.002093,-34.832748
204269,3,-0.67,0.00,9.955,0.134,1.724,-7.002093,-34.832748
204319,3,-0.71,-0.56,9.965,0.158,1.748,-7.002093,-34.832748
204369,3,-0.74,-1.09,9.965,0.091,1.762,-7.002093,-34.832748
204421,3,-0.70,0.00,9.931,0.144,1.772,-7.002093,-34.832748
204472,3,-0.76,-1.01,9.936,0.182,1.772,-7.002093,-34.832748
204524,3,-0.72,0.00,10.003,0.124,1.714,-7.002093,-34.832748
204576,3,-0.73,0.00,9.960,0.129,1.686,-7.002093,-34.832748
204627,3,-0.76,-1.01,9.936,0.148,1.753,-7.002093,-34.832748
204679,3,-0.72,0.00,9.926,0.187,1.767,-7.002093,-34.832748
204730,3,-0.74,0.00,9.955,0.158,1.767,-7.002093,-34.832748
204781,3,-0.74,0.00,9.974,0.091,1.733,-7.002093,-34.832748
204832,3,-0.72,0.48,9.965,0.182,1.729,-7.002093,-34.832748
204884,3,-0.69,0.00,9.946,0.206,1.824,-7.002093,-34.832748
204933,3,-0.69,0.00,9.888,0.129,1.834,-7.002093,-34.832748
204984,3,-0.70,-0.52,9.950,0.096,1.815,-7.002093,-34.832748
205034,3,-0.70,0.00,9.960,0.148,1.772,-7.002090,-34.832748
205084,3,-0.70,-0.50,9.946,0.129,1.791,-7.002090,-34.832748
205135,3,-0.67,1.45,9.931,0.163,1.858,-7.002090,-34.832748
205185,3,-0.68,0.00,9.926,0.124,1.858,-7.002090,-34.832748
205236,3,-0.68,0.00,9.965,0.081,1.858,-7.002090,-34.832748
205286,3,-0.69,-0.56,9.941,0.134,1.844,-7.002090,-34.832748
205336,3,-0.71,-0.50,9.883,0.101,1.863,-7.002090,-34.832748
205388,3,-0.72,-0.52,9.912,0.144,1.954,-7.002090,-34.832748
205440,3,-0.72,0.00,9.912,0.077,1.925,-7.002090,-34.832748
205491,3,-0.72,-0.52,9.936,0.086,1.872,-7.002090,-34.832748
205543,3,-0.72,0.00,9.883,0.120,1.891,-7.002090,-34.832748
205607,3,-0.71,0.19,9.840,0.129,1.944,-7.002090,-34.832748
205659,3,-0.69,0.00,9.902,0.024,1.963,-7.002090,-34.832748
205711,3,-0.69,0.00,9.907,0.038,1.901,-7.002090,-34.832748
205761,3,-0.69,0.00,9.912,0.072,1.911,-7.002090,-34.832748
205813,3,-0.69,0.00,9.907,0.139,1.987,-7.002090,-34.832748
205864,3,-0.69,0.00,9.902,0.062,1.939,-7.002090,-34.832748
205916,3,-0.73,-1.38,9.936,0.053,1.920,-7.002090,-34.832748
205966,3,-0.72,0.00,9.946,0.043,1.935,-7.002090,-34.832748
206016,3,-0.72,0.00,9.893,0.072,1.882,-7.002089,-34.832745
206067,3,-0.72,0.00,9.907,0.120,1.925,-7.002089,-34.832745
206117,3,-0.74,0.00,9.931,0.057,1.911,-7.002089,-34.832745
206167,3,-0.75,0.00,9.950,0.000,1.949,-7.002089,-34.832745
206218,3,-0.75,0.00,9.941,0.057,1.930,-7.002089,-34.832745
206268,3,-0.80,0.00,9.936,0.077,1.935,-7.002089,-34.832745
206319,3,-0.77,0.52,9.874,0.101,1.887,-7.002089,-34.832745
206368,3,-0.77,0.00,9.869,0.139,1.925,-7.002089,-34.832745
206420,3,-0.80,0.00,9.912,0.153,1.853,-7.002089,-34.832745
206471,3,-0.78,0.00,9.931,0.129,1.896,-7.002089,-34.832745
206523,3,-0.78,0.00,9.955,0.072,1.853,-7.002089,-34.832745
206575,3,-0.77,0.00,9.974,0.134,1.882,-7.002089,-34.832745
206626,3,-0.76,0.52,9.955,0.153,1.853,-7.002089,-34.832745
206678,3,-0.76,0.00,9.960,0.148,1.772,-7.002089,-34.832745
206729,3,-0.78,0.00,9.926,0.177,1.815,-7.002089,-34.832745
206781,3,-0.77,0.48,9.883,0.182,1.867,-7.002089,-34.832745
206833,3,-0.79,0.48,9.878,0.105,1.925,-7.002089,-34.832745
206883,3,-0.79,0.00,9.931,0.038,1.853,-7.002089,-34.832745
206932,3,-0.80,0.52,9.955,0.091,1.815,-7.002089,-34.832745
206983,3,-0.78,0.52,9.974,0.177,1.829,-7.002089,-34.832745
207033,3,-0.77,0.00,9.917,0.139,1.820,-7.002087,-34.832745
207083,3,-0.79,0.00,9.917,0.139,1.844,-7.002087,-34.832745
207134,3,-0.79,0.00,9.941,0.172,1.858,-7.002087,-34.832745
207184,3,-0.81,0.00,9.917,0.081,1.820,-7.002087,-34.832745
207235,3,-0.81,0.52,9.912,0.196,1.848,-7.002087,-34.832745
207285,3,-0.81,0.00,9.931,0.177,1.887,-7.002087,-34.832745
207335,3,-0.80,0.00,9.941,0.091,1.839,-7.002087,-34.832745
207387,3,-0.79,0.00,9.979,0.077,1.844,-7.002087,-34.832745
207439,3,-0.82,-1.23,9.902,0.105,1.796,-7.002087,-34.832745
207490,3,-0.83,0.00,9.926,0.249,1.839,-7.002087,-34.832745
207542,3,-0.83,0.00,9.859,0.235,1.901,-7.002087,-34.832745
207594,3,-0.83,0.00,9.898,0.144,1.863,-7.002087,-34.832745
207658,3,-0.84,-0.12,9.965,0.120,1.805,-7.002087,-34.832745
207710,3,-0.84,0.00,9.950,0.134,1.781,-7.002087,-34.832745
207762,3,-0.83,0.00,9.931,0.168,1.839,-7.002087,-34.832745
207812,3,-0.85,-0.86,9.922,0.182,1.820,-7.002087,-34.832745
207864,3,-0.85,0.00,9.931,0.220,1.796,-7.002087,-34.832745
207915,3,-0.84,0.00,9.941,0.201,1.815,-7.002087,-34.832745
207965,3,-0.84,0.00,9.922,0.225,1.839,-7.002087,-34.832745
208016,3,-0.82,0.00,9.950,0.215,1.824,-7.002089,-34.832737
208066,3,-0.82,0.00,9.965,0.168,1.844,-7.002089,-34.832737
208116,3,-0.82,0.00,9.993,0.081,1.872,-7.002089,-34.832737
208167,3,-0.85,-0.56,9.946,0.129,1.839,-7.002089,-34.832737
208217,3,-0.89,-1.45,9.912,0.134,1.863,-7.002089,-34.832737
208268,3,-0.88,0.00,9.883,0.192,1.925,-7.002089,-34.832737
208318,3,-0.89,-0.52,9.888,0.091,1.963,-7.002089,-34.832737
208370,3,-0.89,0.00,9.869,0.081,1.920,-7.002089,-34.832737
208422,3,-0.90,0.00,9.893,0.105,2.011,-7.002089,-34.832737
208473,3,-0.93,-0.60,9.855,0.029,1.906,-7.002089,-34.832737
208525,3,-0.93,0.00,9.902,0.014,1.901,-7.002089,-34.832737
208577,3,-0.92,0.00,9.917,0.053,1.863,-7.002089,-34.832737
208628,3,-0.89,1.05,9.902,0.081,1.891,-7.002089,-34.832737
208680,3,-0.89,0.00,9.845,0.067,1.987,-7.002089,-34.832737
208731,3,-0.85,1.34,9.917,0.115,2.059,-7.002089,-34.832737
208783,3,-0.89,-1.34,9.969,0.029,1.915,-7.002089,-34.832737
208835,3,-0.89,0.00,9.969,0.005,1.820,-7.002089,-34.832737
208886,3,-0.88,0.48,9.883,0.062,1.896,-7.002089,-34.832737
208938,3,-0.88,0.00,9.802,0.134,2.049,-7.002089,-34.832737
208989,3,-0.86,0.00,9.821,0.105,2.049,-7.002089,-34.832737
209039,3,-0.85,0.50,9.907,-0.029,1.925,-7.002090,-34.832733
209089,3,-0.81,0.00,9.950,0.014,1.805,-7.002090,-34.832733
209140,3,-0.85,0.00,9.955,0.072,1.911,-7.002090,-34.832733
209190,3,-0.85,0.00,9.912,0.000,1.906,-7.002090,-34.832733
209241,3,-0.85,0.00,9.912,0.014,1.872,-7.002090,-34.832733
209291,3,-0.83,0.58,9.912,0.077,1.867,-7.002090,-34.832733
209341,3,-0.83,0.00,9.950,0.086,1.877,-7.002090,-34.832733
209393,3,-0.82,0.00,9.907,0.096,1.863,-7.002090,-34.832733
209445,3,-0.82,0.00,9.969,0.168,1.844,-7.002090,-34.832733
209495,3,-0.83,-0.48,9.998,0.096,1.800,-7.002090,-34.832733
209546,3,-0.80,1.34,9.993,0.096,1.743,-7.002090,-34.832733
209598,3,-0.80,0.00,9.917,0.124,1.839,-7.002090,-34.832733
209650,3,-0.81,0.00,9.907,0.153,1.877,-7.002090,-34.832733
209719,3,-0.85,-0.47,9.922,0.053,1.853,-7.002090,-34.832733
209771,3,-0.85,0.00,9.950,0.038,1.800,-7.002090,-34.832733
209823,3,-0.82,0.00,9.936,0.086,1.781,-7.002090,-34.832733
209873,3,-0.83,-0.52,9.893,0.158,1.810,-7.002090,-34.832733
209925,3,-0.83,0.00,9.907,0.086,1.829,-7.002090,-34.832733
209975,3,-0.84,0.00,9.912,0.062,1.776,-7.002090,-34.832733
210025,3,-0.86,-0.56,9.969,0.057,1.767,-7.002089,-34.832737
210076,3,-0.87,-0.46,9.960,0.062,1.834,-7.002089,-34.832737
210126,3,-0.87,0.00,9.917,0.115,1.858,-7.002089,-34.832737
210177,3,-0.90,-0.52,9.941,0.172,1.757,-7.002089,-34.832737
210227,3,-0.90,0.00,10.017,0.091,1.700,-7.002089,-34.832737
210277,3,-0.91,0.00,9.989,0.091,1.767,-7.002089,-34.832737
210328,3,-0.91,0.00,9.850,0.115,1.829,-7.002089,-34.832737
210377,3,-0.88,1.41,9.883,0.201,1.877,-7.002089,-34.832737
210429,3,-0.94,-0.52,9.931,0.187,1.829,-7.002089,-34.832737
210480,3,-0.95,-0.48,9.969,0.014,1.786,-7.002089,-34.832737
210532,3,-0.97,0.00,9.917,0.086,1.820,-7.002089,-34.832737
210584,3,-0.94,0.00,9.926,0.148,1.930,-7.002089,-34.832737
210635,3,-0.99,-1.86,9.883,0.139,1.834,-7.002089,-34.832737
210687,3,-1.01,-0.56,9.974,0.110,1.757,-7.002089,-34.832737
210738,3,-1.01,0.00,10.027,0.081,1.681,-7.002089,-34.832737
210790,3,-0.97,0.00,9.979,0.120,1.781,-7.002089,-34.832737
210842,3,-0.97,-0.56,9.936,0.134,1.858,-7.002089,-34.832737
210893,3,-0.97,0.00,10.008,0.144,1.839,-7.002089,-34.832737
210945,3,-0.97,0.00,9.969,0.086,1.853,-7.002089,-34.832737
210996,3,-0.96,0.56,9.859,0.101,1.963,-7.002086,-34.832737
211046,3,-0.96,0.00,9.821,0.148,2.002,-7.002086,-34.832737
211097,3,-0.94,0.56,9.850,0.129,1.968,-7.002086,-34.832737
211147,3,-0.96,-0.56,9.874,0.105,1.949,-7.002086,-34.832737
211197,3,-0.96,0.00,9.946,0.024,1.877,-7.002086,-34.832737
211248,3,-0.97,-0.56,9.960,0.067,1.887,-7.002086,-34.832737
211298,3,-0.96,0.56,9.931,0.096,1.930,-7.002086,-34.832737
211348,3,-0.92,0.00,9.864,0.168,1.973,-7.002086,-34.832737
211400,3,-0.96,0.00,9.888,0.062,1.992,-7.002086,-34.832737
211452,3,-0.94,0.52,9.893,0.024,1.930,-7.002086,-34.832737
211502,3,-0.94,0.00,9.917,0.048,1.949,-7.002086,-34.832737
211553,3,-0.93,0.00,9.941,0.077,1.997,-7.002086,-34.832737
211605,3,-0.92,0.00,9.912,0.034,2.002,-7.002086,-34.832737
211654,3,-0.90,0.52,9.874,0.010,2.083,-7.002086,-34.832737
211706,3,-0.90,0.00,9.874,0.019,2.049,-7.002086,-34.832737
211773,3,-0.90,0.00,9.845,0.101,2.011,-7.002086,-34.832737
211825,3,-0.90,0.00,9.902,0.172,2.078,-7.002086,-34.832737
211875,3,-0.90,0.00,10.051,0.153,2.021,-7.002086,-34.832737
211927,3,-0.90,0.00,10.185,0.230,2.006,-7.002086,-34.832737
211977,3,-0.86,0.52,10.410,0.096,1.810,-7.002086,-34.832737
212027,3,-0.86,0.00,10.453,0.110,1.738,-7.002084,-34.832741
212078,3,-0.84,0.00,10.429,0.201,1.829,-7.002084,-34.832741
212128,3,-0.84,0.00,10.242,0.393,2.002,-7.002084,-34.832741
212179,3,-0.84,0.00,10.089,0.077,1.820,-7.002084,-34.832741
212229,3,-0.84,0.00,9.859,0.091,1.714,-7.002084,-34.832741
212280,3,-0.83,0.56,9.907,-0.215,1.571,-7.002084,-34.832741
212330,3,-0.83,0.00,9.912,-0.359,1.681,-7.002084,-34.832741
212379,3,-0.84,0.00,9.965,-0.536,1.700,-7.002084,-34.832741
212431,3,-0.86,-0.52,10.060,-0.532,1.628,-7.002084,-34.832741
212482,3,-0.86,0.00,9.859,-0.948,0.919,-7.002084,-34.832741
212534,3,-0.86,0.00,9.993,-0.919,1.235,-7.002084,-34.832741
212586,3,-0.84,0.52,10.070,-1.092,1.053,-7.002084,-34.832741
212637,3,-0.84,0.00,9.979,-1.010,1.451,-7.002084,-34.832741
212689,3,-0.84,0.00,9.864,-0.642,1.738,-7.002084,-34.832741
212740,3,-0.86,-0.52,10.060,-0.642,1.671,-7.002084,-34.832741
212792,3,-0.86,0.00,10.137,-0.666,1.930,-7.002084,-34.832741
212844,3,-0.86,0.00,10.036,-1.240,1.930,-7.002084,-34.832741
212895,3,-0.86,0.00,10.060,-1.413,1.906,-7.002084,-34.832741
212947,3,-0.86,0.00,10.831,-1.288,1.714,-7.002084,-34.832741
212998,3,-0.86,0.00,10.381,-1.087,1.245,-7.002081,-34.832748
213048,3,-0.87,0.00,10.036,-0.091,1.120,-7.002081,-34.832748
213099,3,-0.82,0.00,10.003,0.014,1.537,-7.002081,-34.832748
213149,3,-0.82,0.00,9.294,0.843,2.093,-7.002081,-34.832748
213200,3,-0.82,0.00,9.218,0.733,1.949,-7.002081,-34.832748
213250,3,-0.79,1.97,9.342,-0.101,1.350,-7.002081,-34.832748
213300,3,-0.79,0.00,9.457,-0.627,1.154,-7.002081,-34.832748
213350,3,-0.79,0.00,9.606,-0.685,0.881,-7.002081,-34.832748
213402,3,-0.80,-0.82,9.898,0.029,1.537,-7.002081,-34.832748
213454,3,-0.80,0.00,9.898,0.488,1.753,-7.002081,-34.832748
213504,3,-0.80,0.00,10.166,0.599,2.126,-7.002081,-34.832748
213555,3,-0.80,0.00,10.444,0.733,2.485,-7.002081,-34.832748
213607,3,-0.74,0.56,10.290,1.178,2.308,-7.002081,-34.832748
213656,3,-0.74,0.00,10.180,1.446,1.844,-7.002081,-34.832748
213708,3,-0.74,0.00,9.668,1.279,1.389,-7.002081,-34.832748
213759,3,-0.72,0.52,9.452,0.455,0.910,-7.002081,-34.832748
213824,3,-0.71,0.18,9.534,0.115,0.622,-7.002081,-34.832748
213876,3,-0.73,0.00,9.706,0.383,0.124,-7.002081,-34.832748
213927,3,-0.68,2.05,9.888,0.230,0.192,-7.002081,-34.832748
213978,3,-0.72,-1.49,9.878,0.417,0.072,-7.002081,-34.832748
214028,3,-0.68,0.00,10.027,0.493,0.230,-7.002077,-34.832756
214079,3,-0.68,0.00,10.108,0.713,0.599,-7.002077,-34.832756
214129,3,-0.68,0.00,10.036,0.642,0.570,-7.002077,-34.832756
214179,3,-0.67,0.00,10.094,0.680,0.680,-7.002077,-34.832756
214230,3,-0.67,0.00,9.998,1.006,0.464,-7.002077,-34.832756
214280,3,-0.65,0.60,10.075,0.656,0.843,-7.002077,-34.832756
214331,3,-0.65,0.00,9.759,0.326,0.704,-7.002077,-34.832756
214382,3,-0.63,0.48,9.438,-0.177,0.230,-7.002077,-34.832756
214433,3,-0.61,0.52,9.797,-0.148,-0.182,-7.002077,-34.832756
214484,3,-0.61,0.00,9.969,0.220,-0.354,-7.002077,-34.832756
214536,3,-0.60,0.00,10.017,0.891,-0.215,-7.002077,-34.832756
214588,3,-0.59,0.52,10.166,1.255,-0.479,-7.002077,-34.832756
214639,3,-0.57,0.00,10.108,1.638,-1.288,-7.002077,-34.832756
214691,3,-0.56,0.52,10.252,0.661,-1.657,-7.002077,-34.832756
214742,3,-0.55,0.48,9.955,0.417,-1.767,-7.002077,-34.832756
214794,3,-0.53,0.00,9.993,0.225,-1.255,-7.002077,-34.832756
214843,3,-0.52,0.52,9.692,0.225,-1.111,-7.002077,-34.832756
214895,3,-0.52,0.00,9.912,0.402,-0.728,-7.002077,-34.832756
214947,3,-0.49,0.97,9.941,0.340,-0.771,-7.002077,-34.832756
214997,3,-0.48,0.54,10.084,0.330,-0.704,-7.002077,-34.832756
215047,3,-0.48,0.00,9.989,0.464,-0.694,-7.002076,-34.832760
215098,3,-0.49,0.56,9.840,0.335,-0.642,-7.002076,-34.832760
215148,3,-0.49,0.00,9.926,0.761,-0.656,-7.002076,-34.832760
215199,3,-0.46,0.00,9.773,2.069,-0.919,-7.002076,-34.832760
215249,3,-0.43,0.50,9.902,1.844,-1.920,-7.002076,-34.832760
215300,3,-0.45,-0.76,9.864,-0.091,-2.782,-7.002076,-34.832760
215350,3,-0.44,0.00,9.692,-1.556,-0.958,-7.002076,-34.832760
215401,3,-0.42,0.00,9.261,-2.093,0.019,-7.002076,-34.832760
215453,3,-0.41,0.00,9.256,-3.476,1.092,-7.002076,-34.832760
215505,3,-0.45,0.00,9.558,-3.218,1.283,-7.002076,-34.832760
215555,3,-0.45,0.00,10.036,-2.892,0.661,-7.002076,-34.832760
215606,3,-0.43,0.00,10.199,-2.624,-0.378,-7.002076,-34.832760
215658,3,-0.47,-1.45,10.008,-2.078,-0.800,-7.002076,-34.832760
215710,3,-0.51,-1.34,9.821,-1.853,-0.929,-7.002076,-34.832760
215761,3,-0.49,0.48,9.697,-1.618,-0.929,-7.002076,-34.832760
215813,3,-0.49,0.00,9.744,-1.767,-1.097,-7.002076,-34.832760
215878,3,-0.53,-0.45,9.692,-2.016,-0.867,-7.002076,-34.832760
215929,3,-0.54,-0.52,9.749,-2.136,-0.685,-7.002076,-34.832760
215980,3,-0.56,0.00,9.922,-2.198,-0.690,-7.002076,-34.832760
216030,3,-0.57,0.00,9.907,-2.346,-0.670,-7.002074,-34.832764
216081,3,-0.56,0.52,9.874,-2.164,-0.704,-7.002074,-34.832764
216131,3,-0.61,0.00,9.792,-1.954,-0.599,-7.002074,-34.832764
216181,3,-0.61,-1.39,9.610,-1.877,-0.417,-7.002074,-34.832764
216232,3,-0.59,0.52,9.457,-1.705,-0.704,-7.002074,-34.832764
216282,3,-0.61,0.00,9.586,-1.671,-0.637,-7.002074,-34.832764
216333,3,-0.61,0.00,9.759,-1.551,-0.172,-7.002074,-34.832764
216385,3,-0.61,0.00,9.687,-1.384,0.239,-7.002074,-34.832764
216435,3,-0.61,0.00,9.926,-1.456,0.067,-7.002074,-34.832764
216486,3,-0.64,-1.34,9.802,-1.111,-0.105,-7.002074,-34.832764
216538,3,-0.58,0.00,9.950,-0.910,0.182,-7.002074,-34.832764
216587,3,-0.62,0.00,10.008,-0.694,0.618,-7.002074,-34.832764
216639,3,-0.60,0.00,9.859,-0.632,0.776,-7.002074,-34.832764
216690,3,-0.58,0.00,9.998,-0.517,0.929,-7.002074,-34.832764
216742,3,-0.56,0.52,10.218,-0.565,0.761,-7.002074,-34.832764
216793,3,-0.55,0.48,10.372,-0.608,0.570,-7.002074,-34.832764
216845,3,-0.56,-0.36,10.333,-0.417,0.263,-7.002074,-34.832764
216897,3,-0.56,0.00,10.444,-0.560,0.287,-7.002074,-34.832764
216946,3,-0.58,-1.41,10.238,-0.527,0.057,-7.002074,-34.832764
216997,3,-0.58,0.00,10.285,-0.369,0.110,-7.002074,-34.832767
217047,3,-0.58,0.00,10.314,-0.436,0.225,-7.002074,-34.832767
217098,3,-0.61,-1.37,10.309,-0.555,0.110,-7.002074,-34.832767
217148,3,-0.61,0.00,10.343,-0.694,0.043,-7.002074,-34.832767
217198,3,-0.61,0.00,10.204,-0.795,0.421,-7.002074,-34.832767
217249,3,-0.65,0.00,9.936,-0.895,0.627,-7.002074,-34.832767
217299,3,-0.65,0.00,9.922,-0.900,0.675,-7.002074,-34.832767
217349,3,-0.65,0.00,9.941,-0.704,0.584,-7.002074,-34.832767
217401,3,-0.68,-0.48,9.941,-0.450,0.579,-7.002074,-34.832767
217452,3,-0.68,0.00,9.917,-0.373,0.498,-7.002074,-34.832767
217503,3,-0.74,-1.86,9.998,-0.594,0.469,-7.002074,-34.832767
217554,3,-0.72,0.00,10.084,-0.742,0.335,-7.002074,-34.832767
217606,3,-0.72,0.00,10.118,-0.766,0.340,-7.002074,-34.832767
217658,3,-0.72,0.00,10.084,-0.781,0.345,-7.002074,-34.832767
217709,3,-0.76,0.00,10.051,-0.761,0.306,-7.002074,-34.832767
217761,3,-0.76,0.00,10.041,-0.718,0.335,-7.002074,-34.832767
217812,3,-0.76,0.00,10.032,-0.622,0.297,-7.002074,-34.832767
217864,3,-0.77,0.52,10.041,-0.608,0.335,-7.002074,-34.832767
217929,3,-0.77,0.00,9.984,-0.637,0.517,-7.002074,-34.832767
217980,3,-0.77,0.00,9.931,-0.608,0.551,-7.002074,-34.832767
218030,3,-0.78,-0.93,10.041,-0.570,0.445,-7.002073,-34.832767
218081,3,-0.74,1.45,10.080,-0.551,0.306,-7.002073,-34.832767
218131,3,-0.76,0.00,10.118,-0.527,0.259,-7.002073,-34.832767
218182,3,-0.76,0.00,10.099,-0.474,0.115,-7.002073,-34.832767
218232,3,-0.75,0.52,10.051,-0.464,0.139,-7.002073,-34.832767
218282,3,-0.75,0.00,10.046,-0.445,0.115,-7.002073,-34.832767
218333,3,-0.75,0.00,10.003,-0.570,0.206,-7.002073,-34.832767
218385,3,-0.75,0.00,9.984,-0.613,0.321,-7.002073,-34.832767
218435,3,-0.74,0.52,10.003,-0.622,0.426,-7.002073,-34.832767
218487,3,-0.72,0.48,10.046,-0.551,0.407,-7.002073,-34.832767
218538,3,-0.69,1.04,10.056,-0.675,0.354,-7.002073,-34.832767
218590,3,-0.73,-1.38,10.041,-0.704,0.330,-7.002073,-34.832767
218641,3,-0.68,0.00,10.013,-0.532,0.369,-7.002073,-34.832767
218693,3,-0.68,0.00,10.036,-0.426,0.278,-7.002073,-34.832767
218745,3,-0.68,0.00,10.080,-0.335,0.187,-7.002073,-34.832767
218796,3,-0.71,-0.52,10.041,-0.330,0.148,-7.002073,-34.832767
218848,3,-0.71,0.00,10.003,-0.445,0.115,-7.002073,-34.832767
218899,3,-0.71,0.00,10.027,-0.436,0.244,-7.002073,-34.832767
218952,3,-0.72,0.00,10.027,-0.527,0.278,-7.002073,-34.832767
219002,3,-0.72,0.00,10.080,-0.508,0.364,-7.002075,-34.832767
219052,3,-0.72,0.00,10.046,-0.637,0.311,-7.002075,-34.832767
219103,3,-0.74,-0.52,10.008,-0.694,0.330,-7.002075,-34.832767
219153,3,-0.75,0.00,10.089,-0.560,0.115,-7.002075,-34.832767
219204,3,-0.75,-0.56,10.118,-0.560,0.000,-7.002075,-34.832767
219254,3,-0.75,0.00,10.065,-0.579,0.144,-7.002075,-34.832767
219305,3,-0.71,0.00,10.003,-0.508,0.393,-7.002075,-34.832767
219354,3,-0.75,-1.45,10.027,-0.546,0.345,-7.002075,-34.832767
219406,3,-0.75,0.00,10.127,-0.584,0.158,-7.002075,-34.832767
219458,3,-0.74,0.00,10.104,-0.690,0.110,-7.002075,-34.832767
219509,3,-0.74,0.00,10.017,-0.627,0.101,-7.002075,-34.832767
219561,3,-0.74,0.00,10.022,-0.493,0.278,-7.002075,-34.832767
219612,3,-0.75,-0.56,10.013,-0.594,0.311,-7.002075,-34.832767
219663,3,-0.75,0.00,10.070,-0.445,0.345,-7.002075,-34.832767
219714,3,-0.74,0.52,10.008,-0.575,0.268,-7.002075,-34.832767
219766,3,-0.75,-0.52,10.027,-0.579,0.287,-7.002075,-34.832767
219818,3,-0.77,-0.86,10.041,-0.646,0.292,-7.002075,-34.832767
219869,3,-0.77,0.00,10.046,-0.618,0.273,-7.002075,-34.832767
219921,3,-0.77,0.00,10.027,-0.508,0.278,-7.002075,-34.832767
219987,3,-0.76,0.18,9.998,-0.589,0.244,-7.002075,-34.832767
220037,3,-0.76,0.00,10.084,-0.536,0.335,-7.002074,-34.832767
220088,3,-0.74,0.00,10.051,-0.618,0.326,-7.002074,-34.832767
220138,3,-0.72,1.45,10.075,-0.704,0.225,-7.002074,-34.832767
220188,3,-0.72,0.00,10.118,-0.666,0.182,-7.002074,-34.832767
220239,3,-0.69,0.00,10.056,-0.646,0.249,-7.002074,-34.832767
220289,3,-0.69,0.00,9.965,-0.512,0.340,-7.002074,-34.832767
220340,3,-0.69,0.00,10.017,-0.488,0.441,-7.002074,-34.832767
220390,3,-0.71,-0.52,9.979,-0.618,0.426,-7.002074,-34.832767
220442,3,-0.71,0.00,9.989,-0.608,0.321,-7.002074,-34.832767
220493,3,-0.69,0.00,10.041,-0.627,0.292,-7.002074,-34.832767
220545,3,-0.68,0.48,10.027,-0.752,0.369,-7.002074,-34.832767
220596,3,-0.68,0.00,10.051,-0.867,0.397,-7.002074,-34.832767
220648,3,-0.67,0.00,10.118,-0.733,0.292,-7.002074,-34.832767
220697,3,-0.67,0.00,10.041,-0.622,0.278,-7.002074,-34.832767
220749,3,-0.68,0.00,10.017,-0.618,0.340,-7.002074,-34.832767
220800,3,-0.67,0.00,9.960,-0.685,0.383,-7.002074,-34.832767
220852,3,-0.67,0.00,9.993,-0.733,0.388,-7.002074,-34.832767
220903,3,-0.69,0.00,10.060,-0.656,0.378,-7.002074,-34.832767
220953,3,-0.68,0.60,10.080,-0.670,0.297,-7.002074,-34.832767
221004,3,-0.68,0.00,10.041,-0.627,0.192,-7.002072,-34.832771
221054,3,-0.68,0.00,10.060,-0.632,0.139,-7.002072,-34.832771
221104,3,-0.68,0.00,10.060,-0.594,0.206,-7.002072,-34.832771
221155,3,-0.68,0.00,10.046,-0.517,0.287,-7.002072,-34.832771
221205,3,-0.66,0.00,10.008,-0.541,0.321,-7.002072,-34.832771
221256,3,-0.65,0.56,10.013,-0.551,0.254,-7.002072,-34.832771
221306,3,-0.64,0.00,10.027,-0.637,0.192,-7.002072,-34.832771
221359,3,-0.65,0.00,10.027,-0.632,0.163,-7.002072,-34.832771
221410,3,-0.65,0.00,10.046,-0.680,0.206,-7.002072,-34.832771
221462,3,-0.64,0.00,10.017,-0.555,0.268,-7.002072,-34.832771
221513,3,-0.62,0.56,9.998,-0.565,0.172,-7.002072,-34.832771
221564,3,-0.61,0.48,10.080,-0.651,0.153,-7.002072,-34.832771
221615,3,-0.64,-1.34,10.041,-0.737,0.201,-7.002072,-34.832771
221667,3,-0.62,0.48,10.065,-0.704,0.273,-7.002072,-34.832771
221718,3,-0.63,-0.52,10.084,-0.709,0.273,-7.002072,-34.832771
221770,3,-0.63,0.00,10.051,-0.790,0.316,-7.002072,-34.832771
221822,3,-0.66,-1.23,10.051,-0.781,0.306,-7.002072,-34.832771
221873,3,-0.65,0.00,10.065,-0.690,0.378,-7.002072,-34.832771
221925,3,-0.65,0.00,9.888,-0.613,0.259,-7.002072,-34.832771
221975,3,-0.65,0.00,9.955,-0.733,0.283,-7.002072,-34.832771
222045,3,-0.67,-0.28,10.032,-0.675,0.225,-7.002069,-34.832767
222095,3,-0.66,0.00,10.142,-0.670,0.187,-7.002069,-34.832767
222146,3,-0.63,0.60,10.142,-0.852,0.220,-7.002069,-34.832767
222196,3,-0.65,-0.93,10.099,-0.761,0.378,-7.002069,-34.832767
222247,3,-0.64,0.00,10.060,-0.737,0.546,-7.002069,-34.832767
222297,3,-0.63,0.52,10.127,-0.670,1.111,-7.002069,-34.832767
222347,3,-0.65,-0.88,10.075,-0.474,1.068,-7.002069,-34.832767
222399,3,-0.62,0.56,10.491,-0.239,1.676,-7.002069,-34.832767
222450,3,-0.66,-1.38,10.228,0.254,1.020,-7.002069,-34.832767
222501,3,-0.66,0.00,10.127,0.661,0.172,-7.002069,-34.832767
222552,3,-0.68,-0.82,10.281,-0.225,-0.373,-7.002069,-34.832767
222604,3,-0.70,0.00,10.343,-0.804,-0.402,-7.002069,-34.832767
222656,3,-0.72,0.48,10.242,0.000,-0.761,-7.002069,-34.832767
222707,3,-0.70,0.00,10.410,-0.570,-1.264,-7.002069,-34.832767
222759,3,-0.73,-0.86,10.137,-0.532,0.101,-7.002069,-34.832767
222810,3,-0.71,0.52,9.649,-0.474,0.809,-7.002069,-34.832767
222862,3,-0.69,0.56,9.510,-0.646,0.962,-7.002069,-34.832767
222914,3,-0.69,0.00,9.524,-0.441,0.541,-7.002069,-34.832767
222964,3,-0.69,0.00,9.835,-0.718,0.292,-7.002069,-34.832767
223014,3,-0.69,0.56,9.620,-0.943,-0.666,-7.002068,-34.832771
223064,3,-0.69,0.00,9.787,-1.034,-0.828,-7.002068,-34.832771
223115,3,-0.68,0.00,10.161,-1.053,-0.512,-7.002068,-34.832771
223165,3,-0.72,-1.45,10.472,-1.111,0.345,-7.002068,-34.832771
223216,3,-0.72,0.00,10.496,-0.986,0.790,-7.002068,-34.832771
223266,3,-0.72,0.00,10.783,-1.001,1.034,-7.002068,-34.832771
223316,3,-0.69,0.50,11.214,-1.015,1.245,-7.002068,-34.832771
223369,3,-0.69,0.00,10.439,-1.049,1.001,-7.002068,-34.832771
223420,3,-0.73,0.00,9.960,-0.661,1.393,-7.002068,-34.832771
223472,3,-0.71,0.52,9.376,-0.493,1.575,-7.002068,-34.832771
223523,3,-0.70,0.00,9.165,-0.589,1.523,-7.002068,-34.832771
223575,3,-0.70,0.00,9.371,-0.364,1.082,-7.002068,-34.832771
223627,3,-0.68,0.52,9.869,-0.158,0.517,-7.002068,-34.832771
223677,3,-0.67,0.48,10.429,-0.148,0.350,-7.002068,-34.832771
223729,3,-0.66,0.00,10.420,-0.019,0.407,-7.002068,-34.832771
223780,3,-0.68,0.00,10.142,-0.158,0.694,-7.002068,-34.832771
223832,3,-0.67,0.52,9.773,0.038,0.733,-7.002068,-34.832771
223883,3,-0.64,0.00,9.471,0.302,0.283,-7.002068,-34.832771
223935,3,-0.62,0.52,9.510,0.536,0.124,-7.002068,-34.832771
223986,3,-0.62,0.00,9.922,0.177,-0.565,-7.002068,-34.832771
224036,3,-0.65,0.00,10.520,0.259,-0.230,-7.002069,-34.832771
224123,3,-0.62,0.26,9.811,-0.158,-1.197,-7.002069,-34.832771
224173,3,-0.63,-0.52,9.352,-2.155,-1.686,-7.002069,-34.832771
224224,3,-0.63,0.00,9.562,-1.719,-1.226,-7.002069,-34.832771
224274,3,-0.62,0.00,9.591,-1.077,-1.130,-7.002069,-34.832771
224324,3,-0.66,-0.89,10.041,-0.627,-0.886,-7.002069,-34.832771
224376,3,-0.64,0.56,10.252,-1.010,-1.053,-7.002069,-34.832771
224427,3,-0.64,0.00,9.965,-1.149,-0.795,-7.002069,-34.832771
224478,3,-0.63,0.48,9.931,-1.748,-0.034,-7.002069,-34.832771
224530,3,-0.62,0.00,9.917,-2.040,0.034,-7.002069,-34.832771
224582,3,-0.62,0.00,9.831,-2.121,-0.177,-7.002069,-34.832771
224633,3,-0.59,0.00,9.950,-1.949,-0.220,-7.002069,-34.832771
224685,3,-0.58,0.45,9.850,-1.776,-0.230,-7.002069,-34.832771
224736,3,-0.52,1.49,9.859,-1.690,-0.086,-7.002069,-34.832771
224788,3,-0.56,0.00,9.878,-1.695,0.091,-7.002069,-34.832771
224840,3,-0.56,0.00,9.859,-1.657,0.182,-7.002069,-34.832771
224891,3,-0.55,0.00,9.907,-1.657,0.043,-7.002069,-34.832771
224943,3,-0.52,0.48,9.888,-1.542,0.043,-7.002069,-34.832771
224994,3,-0.49,0.00,9.840,-1.618,-0.302,-7.002067,-34.832771
225044,3,-0.51,-1.45,9.941,-1.480,-0.436,-7.002067,-34.832771
225094,3,-0.51,0.00,9.989,-1.336,-0.316,-7.002067,-34.832771
225145,3,-0.49,0.00,9.859,-1.264,-0.230,-7.002067,-34.832771
225195,3,-0.52,0.00,9.898,-1.499,-0.072,-7.002067,-34.832771
225246,3,-0.51,0.52,9.974,-1.532,-0.115,-7.002067,-34.832771
225296,3,-0.52,0.00,10.036,-1.906,-0.096,-7.002067,-34.832771
225346,3,-0.56,0.00,10.027,-2.112,-0.115,-7.002067,-34.832771
225398,3,-0.56,0.00,9.859,-2.155,-0.412,-7.002067,-34.832771
225449,3,-0.55,0.00,9.946,-1.963,0.048,-7.002067,-34.832771
225501,3,-0.57,-1.27,9.773,-0.699,0.809,-7.002067,-34.832771
225552,3,-0.55,0.00,9.811,0.570,1.211,-7.002067,-34.832771
225603,3,-0.54,0.52,9.984,0.354,1.034,-7.002067,-34.832771
225654,3,-0.52,0.00,10.238,0.795,0.072,-7.002067,-34.832771
225706,3,-0.47,1.01,10.156,-0.110,-0.608,-7.002067,-34.832771
225758,3,-0.49,-0.86,10.017,0.474,-0.354,-7.002067,-34.832771
225809,3,-0.47,0.52,9.802,0.857,0.043,-7.002067,-34.832771
225861,3,-0.45,0.52,9.735,0.824,-0.096,-7.002067,-34.832771
225912,3,-0.48,0.00,9.941,0.369,-0.172,-7.002067,-34.832771
225962,3,-0.45,1.09,9.998,0.943,-0.263,-7.002067,-34.832771
226013,3,-0.42,1.09,10.290,0.728,-0.029,-7.002066,-34.832771
226063,3,-0.46,0.00,10.041,0.704,-0.393,-7.002066,-34.832771
226113,3,-0.44,0.00,10.041,1.235,-0.642,-7.002066,-34.832771
226181,3,-0.44,0.00,10.027,1.307,-0.733,-7.002066,-34.832771
226232,3,-0.46,0.00,9.869,1.106,-0.919,-7.002066,-34.832771
226282,3,-0.48,-0.52,9.969,0.962,-0.642,-7.002066,-34.832771
226332,3,-0.47,0.50,9.969,1.140,-0.493,-7.002066,-34.832771
226383,3,-0.47,0.19,10.185,2.203,-0.819,-7.002066,-34.832771
226435,3,-0.40,2.57,10.453,2.638,-0.192,-7.002066,-34.832771
226486,3,-0.40,0.00,9.883,1.255,-0.594,-7.002066,-34.832771
226538,3,-0.32,1.49,9.864,-0.675,-1.101,-7.002066,-34.832771
226589,3,-0.29,0.00,9.165,-0.244,0.407,-7.002066,-34.832771
226641,3,-0.30,-0.52,8.897,-2.332,-2.552,-7.002066,-34.832771
226690,3,-0.30,0.00,10.228,-2.720,-0.962,-7.002066,-34.832771
226742,3,-0.29,0.00,10.156,-1.848,0.038,-7.002066,-34.832771
226793,3,-0.29,0.00,9.855,-1.341,0.029,-7.002066,-34.832771
226845,3,-0.29,0.00,10.108,-0.982,0.192,-7.002066,-34.832771
226896,3,-0.28,0.00,9.984,-0.584,0.038,-7.002066,-34.832771
226949,3,-0.26,0.48,9.946,-1.269,-0.670,-7.002066,-34.832771
226999,3,-0.26,0.00,9.922,-1.135,-0.757,-7.002065,-34.832771
227049,3,-0.23,0.56,9.802,-0.891,-1.197,-7.002065,-34.832771
227100,3,-0.25,-0.56,9.989,-1.336,-1.451,-7.002065,-34.832771
227150,3,-0.23,0.00,9.524,-1.714,-1.633,-7.002065,-34.832771
227201,3,-0.27,0.56,9.917,-2.265,-0.886,-7.002065,-34.832771
227251,3,-0.28,-0.54,9.792,-1.820,-0.038,-7.002065,-34.832771
227301,3,-0.30,0.00,9.883,-1.695,-0.852,-7.002065,-34.832771
227352,3,-0.28,0.52,10.060,-1.427,-1.125,-7.002065,-34.832771
227403,3,-0.32,-1.34,9.807,-0.857,-1.092,-7.002065,-34.832771
227455,3,-0.29,0.52,9.893,-1.073,-1.010,-7.002065,-34.832771
227505,3,-0.29,0.00,9.740,-1.168,-1.264,-7.002065,-34.832771
227554,3,-0.32,-1.49,10.022,-1.211,-1.149,-7.002065,-34.832771
227606,3,-0.33,-0.48,9.697,-1.528,-1.460,-7.002065,-34.832771
227657,3,-0.33,-0.48,9.831,-0.814,-1.729,-7.002065,-34.832771
227709,3,-0.32,0.52,9.946,-1.255,-2.533,-7.002065,-34.832771
227760,3,-0.35,0.00,9.730,-1.384,-1.939,-7.002065,-34.832771
227812,3,-0.31,0.52,9.711,-1.446,-1.513,-7.002065,-34.832771
227864,3,-0.35,0.00,9.821,-0.704,-1.030,-7.002065,-34.832771
227915,3,-0.35,-0.56,10.089,-0.469,-0.661,-7.002065,-34.832771
227965,3,-0.33,0.60,10.080,-0.766,-0.718,-7.002065,-34.832771
228016,3,-0.35,0.00,10.065,-1.092,-0.939,-7.002069,-34.832775
228066,3,-0.34,0.60,10.195,-1.173,-0.814,-7.002069,-34.832775
228117,3,-0.39,-2.05,10.094,-1.058,-0.843,-7.002069,-34.832775
228167,3,-0.38,0.00,10.276,-1.460,-1.245,-7.002069,-34.832775
228235,3,-0.41,-0.50,10.171,-0.843,-1.221,-7.002069,-34.832775
228285,3,-0.41,0.00,9.797,-0.532,-0.464,-7.002069,-34.832775
228336,3,-0.41,0.00,9.304,-0.067,0.215,-7.002069,-34.832775
228388,3,-0.45,0.00,9.898,-0.096,0.646,-7.002069,-34.832775
228438,3,-0.44,0.48,10.089,-0.067,0.924,-7.002069,-34.832775
228489,3,-0.44,0.00,9.783,-0.005,1.010,-7.002069,-34.832775
228541,3,-0.44,0.00,9.859,0.081,1.164,-7.002069,-34.832775
228593,3,-0.46,0.00,9.898,-0.139,0.761,-7.002069,-34.832775
228644,3,-0.42,0.00,10.405,-0.072,0.412,-7.002069,-34.832775
228696,3,-0.46,-1.49,10.242,0.120,-0.077,-7.002069,-34.832775
228748,3,-0.43,0.52,10.003,0.101,-0.115,-7.002069,-34.832775
228799,3,-0.43,0.00,9.965,0.048,0.187,-7.002069,-34.832775
228851,3,-0.43,0.00,10.017,0.120,0.120,-7.002069,-34.832775
228902,3,-0.48,-1.86,10.123,0.062,0.115,-7.002069,-34.832775
228952,3,-0.48,0.00,10.104,0.196,-0.057,-7.002069,-34.832775
229003,3,-0.48,0.00,10.142,0.311,-0.024,-7.002063,-34.832775
229053,3,-0.45,1.09,10.156,0.345,-0.306,-7.002063,-34.832775
229103,3,-0.45,0.00,10.156,0.340,-0.048,-7.002063,-34.832775
229154,3,-0.49,-0.85,9.965,0.532,0.057,-7.002063,-34.832775
229204,3,-0.49,0.00,9.984,0.709,0.211,-7.002063,-34.832775
229255,3,-0.49,0.00,10.132,0.996,0.057,-7.002063,-34.832775
229305,3,-0.49,0.00,10.046,1.733,0.412,-7.002063,-34.832775
229355,3,-0.50,-0.52,9.878,1.901,-0.014,-7.002063,-34.832775
229406,3,-0.48,0.00,9.989,1.063,-0.283,-7.002063,-34.832775
229458,3,-0.48,0.00,9.783,0.359,-0.397,-7.002063,-34.832775
229510,3,-0.48,0.00,9.922,-0.934,-1.140,-7.002063,-34.832775
229560,3,-0.50,-0.82,10.185,-0.273,-1.484,-7.002063,-34.832775
229612,3,-0.52,0.00,10.036,-0.804,-1.159,-7.002063,-34.832775
229663,3,-0.49,0.48,10.051,-0.565,-0.800,-7.002063,-34.832775
229715,3,-0.49,0.00,9.969,-0.632,-0.843,-7.002063,-34.832775
229766,3,-0.49,0.00,9.902,-0.699,-0.915,-7.002063,-34.832775
229818,3,-0.49,0.00,10.156,-0.512,-0.972,-7.002063,-34.832775
229870,3,-0.54,0.00,9.883,-0.579,-1.178,-7.002063,-34.832775
229921,3,-0.52,0.00,10.003,-0.627,-0.977,-7.002063,-34.832775
229971,3,-0.51,0.52,10.008,-0.589,-1.365,-7.002063,-34.832775
230022,3,-0.55,0.00,9.984,-0.421,-1.130,-7.002062,-34.832775
230072,3,-0.52,0.56,9.783,-0.546,-1.547,-7.002062,-34.832775
230123,3,-0.52,0.00,9.998,-0.498,-1.504,-7.002062,-34.832775
230173,3,-0.52,0.00,9.735,-0.244,-1.690,-7.002062,-34.832775
230224,3,-0.49,0.52,9.725,-0.450,-1.915,-7.002062,-34.832775
230291,3,-0.50,-0.12,9.831,-0.599,-2.188,-7.002062,-34.832775
230341,3,-0.49,0.00,9.826,-0.704,-1.944,-7.002062,-34.832775
230393,3,-0.47,0.00,9.443,-0.646,-2.093,-7.002062,-34.832775
230445,3,-0.50,0.52,9.859,-0.584,-2.337,-7.002062,-34.832775
230495,3,-0.53,-1.34,9.668,-0.402,-2.413,-7.002062,-34.832775
230546,3,-0.53,0.00,9.629,-0.407,-2.428,-7.002062,-34.832775
230598,3,-0.53,0.00,9.687,-0.579,-2.456,-7.002062,-34.832775
230647,3,-0.57,-1.38,9.720,-0.618,-2.557,-7.002062,-34.832775
230699,3,-0.56,0.00,9.692,-0.680,-2.533,-7.002062,-34.832775
230750,3,-0.53,0.60,9.562,-0.761,-2.619,-7.002062,-34.832775
230802,3,-0.55,-0.89,9.543,-0.891,-2.806,-7.002062,-34.832775
230853,3,-0.55,0.00,9.615,-0.670,-2.500,-7.002062,-34.832775
230905,3,-0.54,0.52,9.553,-0.833,-2.461,-7.002062,-34.832775
230957,3,-0.54,0.00,9.787,-0.828,-2.825,-7.002062,-34.832775
231008,3,-0.56,0.00,9.720,-0.776,-2.500,-7.002062,-34.832775
231058,3,-0.56,0.00,9.438,-0.369,-2.227,-7.002062,-34.832775
231109,3,-0.56,0.00,9.907,-0.694,-2.035,-7.002062,-34.832775
231159,3,-0.58,0.52,9.960,-0.551,-1.580,-7.002062,-34.832775
231210,3,-0.57,0.50,9.711,-0.555,-1.269,-7.002062,-34.832775
231260,3,-0.56,0.00,10.075,-0.910,-1.302,-7.002062,-34.832775
231310,3,-0.51,1.08,10.032,-0.833,-1.264,-7.002062,-34.832775
231360,3,-0.52,-0.24,9.898,-0.838,-1.346,-7.002062,-34.832775
231412,3,-0.53,0.00,9.764,-0.488,-0.656,-7.002062,-34.832775
231463,3,-0.51,0.48,10.013,-0.752,-0.675,-7.002062,-34.832775
231515,3,-0.49,0.00,9.917,-0.306,-0.359,-7.002062,-34.832775
231567,3,-0.53,0.00,9.993,-0.148,-0.306,-7.002062,-34.832775
231617,3,-0.53,0.00,10.027,-0.187,-0.287,-7.002062,-34.832775
231668,3,-0.50,0.52,9.969,-0.397,-0.527,-7.002062,-34.832775
231720,3,-0.49,0.48,9.965,-0.373,-0.460,-7.002062,-34.832775
231772,3,-0.48,0.00,9.869,-0.393,-0.565,-7.002062,-34.832775
231823,3,-0.46,0.48,9.835,-0.464,-0.675,-7.002062,-34.832775
231875,3,-0.48,0.00,9.907,-0.421,-0.771,-7.002062,-34.832775
231926,3,-0.48,0.00,10.175,-0.431,-0.838,-7.002062,-34.832775
231977,3,-0.48,0.00,10.247,-0.388,-0.737,-7.002062,-34.832775
232027,3,-0.48,0.00,9.874,-0.536,-0.709,-7.002061,-34.832775
232078,3,-0.48,0.00,9.711,-0.704,-0.541,-7.002061,-34.832775
232128,3,-0.50,0.00,9.175,-0.541,-0.551,-7.002061,-34.832775
232178,3,-0.50,-0.56,8.605,-0.340,-0.302,-7.002061,-34.832775
232229,3,-0.48,0.56,8.399,-0.158,-0.321,-7.002061,-34.832775
232279,3,-0.52,0.00,8.586,-0.072,0.373,-7.002061,-34.832775
232348,3,-0.49,0.36,8.911,0.187,0.235,-7.002061,-34.832775
232399,3,-0.54,-1.45,9.826,-0.436,-0.192,-7.002061,-34.832775
232450,3,-0.54,0.00,10.391,-0.728,-0.168,-7.002061,-34.832775
232501,3,-0.54,0.00,10.467,-0.436,-0.230,-7.002061,-34.832775
232553,3,-0.56,0.00,11.061,-1.025,0.187,-7.002061,-34.832775
232604,3,-0.54,0.00,11.080,-0.785,-0.613,-7.002061,-34.832775
232656,3,-0.57,-0.82,11.301,-0.996,-0.378,-7.002061,-34.832775
232708,3,-0.55,0.48,11.157,-1.566,-1.063,-7.002061,-34.832775
232759,3,-0.55,0.00,11.104,-1.513,-0.297,-7.002061,-34.832775
232811,3,-0.55,0.00,10.285,-1.130,-0.005,-7.002061,-34.832775
232862,3,-0.54,0.52,10.032,-0.733,0.584,-7.002061,-34.832775
232914,3,-0.52,0.00,9.907,-0.283,0.915,-7.002061,-34.832775
232964,3,-0.52,0.00,9.926,-0.359,1.207,-7.002061,-34.832775
233015,3,-0.52,0.00,9.898,-0.709,1.235,-7.002061,-34.832779
233065,3,-0.52,0.00,9.955,-1.374,1.049,-7.002061,-34.832779
233115,3,-0.52,0.00,10.171,-1.087,1.331,-7.002061,-34.832779
233166,3,-0.52,0.00,9.835,-0.757,1.073,-7.002061,-34.832779
233216,3,-0.51,0.00,10.013,-0.493,1.389,-7.002061,-34.832779
233267,3,-0.55,-1.49,9.869,-0.383,1.369,-7.002061,-34.832779
233317,3,-0.55,0.00,9.941,-0.124,1.413,-7.002061,-34.832779
233369,3,-0.55,0.00,10.036,-0.115,1.489,-7.002061,-34.832779
233421,3,-0.56,-0.52,9.807,-0.086,1.063,-7.002061,-34.832779
233472,3,-0.55,0.52,10.003,-0.259,1.106,-7.002061,-34.832779
233524,3,-0.53,0.52,9.586,-0.407,0.723,-7.002061,-34.832779
233576,3,-0.53,0.00,9.759,-0.239,0.900,-7.002061,-34.832779
233626,3,-0.53,0.00,9.371,0.067,1.197,-7.002061,-34.832779
233678,3,-0.53,0.00,9.175,0.283,1.642,-7.002061,-34.832779
233729,3,-0.53,0.00,9.017,0.752,1.623,-7.002061,-34.832779
233781,3,-0.52,0.00,9.625,-0.105,1.341,-7.002061,-34.832779
233832,3,-0.53,0.00,10.357,-0.005,1.207,-7.002061,-34.832779
233884,3,-0.55,0.00,10.094,-0.579,1.566,-7.002061,-34.832779
233933,3,-0.53,0.52,10.391,-0.402,1.963,-7.002061,-34.832779
233984,3,-0.50,0.00,10.448,-0.038,2.140,-7.002061,-34.832779
234034,3,-0.52,-0.56,10.161,0.599,1.671,-7.002063,-34.832783
234084,3,-0.52,0.00,10.353,0.843,0.704,-7.002063,-34.832783
234135,3,-0.54,0.00,10.530,0.982,0.335,-7.002063,-34.832783
234185,3,-0.55,-0.56,10.731,0.670,0.603,-7.002063,-34.832783
234236,3,-0.52,1.45,10.453,0.838,0.048,-7.002063,-34.832783
234286,3,-0.52,0.00,10.491,0.862,0.728,-7.002063,-34.832783
234336,3,-0.53,-0.48,10.362,0.977,0.445,-7.002063,-34.832783
234402,3,-0.53,0.00,10.563,0.599,0.302,-7.002063,-34.832783
234453,3,-0.54,0.00,10.113,0.584,-0.163,-7.002063,-34.832783
234504,3,-0.57,-1.01,10.242,1.144,0.460,-7.002063,-34.832783
234555,3,-0.58,0.00,10.099,1.039,-0.014,-7.002063,-34.832783
234607,3,-0.55,0.00,10.209,0.771,0.263,-7.002063,-34.832783
234659,3,-0.60,-1.86,10.080,0.661,0.311,-7.002063,-34.832783
234710,3,-0.59,-0.52,10.142,0.383,0.335,-7.002063,-34.832783
234762,3,-0.60,-0.52,10.008,0.024,-0.024,-7.002063,-34.832783
234813,3,-0.62,0.00,9.989,0.096,0.057,-7.002063,-34.832783
234865,3,-0.63,0.00,9.969,0.278,0.278,-7.002063,-34.832783
234914,3,-0.63,0.00,10.104,0.292,0.579,-7.002063,-34.832783
234964,3,-0.63,0.00,10.247,0.124,0.584,-7.002063,-34.832783
235015,3,-0.63,0.00,10.285,0.172,0.278,-7.002059,-34.832783
235065,3,-0.63,0.00,10.309,0.038,0.105,-7.002059,-34.832783
235115,3,-0.64,-0.52,10.190,-0.038,0.101,-7.002059,-34.832783
235166,3,-0.63,0.50,10.013,-0.048,0.632,-7.002059,-34.832783
235216,3,-0.62,0.00,9.821,0.115,0.929,-7.002059,-34.832783
235267,3,-0.64,-0.93,9.807,0.177,1.149,-7.002059,-34.832783
235317,3,-0.64,0.00,9.802,0.062,1.269,-7.002059,-34.832783
235367,3,-0.63,0.00,9.797,0.067,1.374,-7.002059,-34.832783
235418,3,-0.61,0.48,9.768,0.024,1.441,-7.002059,-34.832783
235470,3,-0.63,-0.48,9.874,-0.014,1.542,-7.002059,-34.832783
235520,3,-0.63,0.00,9.864,0.005,1.580,-7.002059,-34.832783
235572,3,-0.63,0.00,9.965,0.120,1.446,-7.002059,-34.832783
235623,3,-0.63,0.00,10.127,0.168,1.082,-7.002059,-34.832783
235675,3,-0.63,0.00,10.247,0.067,0.852,-7.002059,-34.832783
235726,3,-0.64,-0.56,10.271,-0.120,0.785,-7.002059,-34.832783
235778,3,-0.64,0.00,10.113,-0.211,0.910,-7.002059,-34.832783
235830,3,-0.64,0.00,9.998,-0.206,1.159,-7.002059,-34.832783
235881,3,-0.67,-0.56,9.907,-0.215,1.293,-7.002059,-34.832783
235933,3,-0.68,-0.48,9.922,-0.402,1.135,-7.002059,-34.832783
235984,3,-0.68,0.00,9.902,-0.508,1.053,-7.002059,-34.832783
236034,3,-0.69,-0.56,9.797,-0.431,1.073,-7.002056,-34.832787
236084,3,-0.69,0.00,9.831,-0.239,1.255,-7.002056,-34.832787
236135,3,-0.67,0.00,9.883,-0.144,1.326,-7.002056,-34.832787
236185,3,-0.67,0.00,10.075,-0.239,1.255,-7.002056,-34.832787
236236,3,-0.67,0.00,10.204,-0.388,1.044,-7.002056,-34.832787
236286,3,-0.67,0.00,10.353,-0.579,0.747,-7.002056,-34.832787
236336,3,-0.67,0.00,10.295,-0.704,0.699,-7.002056,-34.832787
236388,3,-0.68,0.00,10.104,-0.632,0.838,-7.002056,-34.832787
236453,3,-0.63,0.67,9.840,-0.469,1.077,-7.002056,-34.832787
236505,3,-0.63,0.00,9.811,-0.302,1.403,-7.002056,-34.832787
236555,3,-0.63,0.00,9.893,-0.407,1.389,-7.002056,-34.832787
236606,3,-0.66,-0.48,10.080,-0.589,1.049,-7.002056,-34.832787
236658,3,-0.68,-0.56,10.175,-0.713,0.747,-7.002056,-34.832787
236707,3,-0.64,0.00,10.156,-0.757,0.532,-7.002056,-34.832787
236759,3,-0.64,0.00,10.104,-0.752,0.613,-7.002056,-34.832787
236810,3,-0.65,0.00,9.883,-0.781,0.867,-7.002056,-34.832787
236862,3,-0.67,-0.52,9.811,-0.795,1.140,-7.002056,-34.832787
236913,3,-0.69,0.00,9.778,-0.905,1.197,-7.002056,-34.832787
236964,3,-0.67,-0.52,9.831,-0.867,1.020,-7.002056,-34.832787
237014,3,-0.67,0.00,9.950,-0.833,0.814,-7.002053,-34.832783
237064,3,-0.67,0.00,10.060,-0.804,0.685,-7.002053,-34.832783
237115,3,-0.68,-0.56,10.104,-0.766,0.646,-7.002053,-34.832783
237165,3,-0.70,-0.56,10.099,-0.685,0.603,-7.002053,-34.832783
237216,3,-0.66,0.00,10.089,-0.642,0.690,-7.002053,-34.832783
237266,3,-0.68,0.00,10.080,-0.627,0.618,-7.002053,-34.832783
237317,3,-0.69,-0.54,10.156,-0.771,0.613,-7.002053,-34.832783
237368,3,-0.71,0.00,10.137,-0.915,0.618,-7.002053,-34.832783
237420,3,-0.72,-0.56,10.051,-0.919,0.661,-7.002053,-34.832783
237472,3,-0.71,0.52,9.993,-0.867,0.709,-7.002053,-34.832783
237523,3,-0.72,0.00,9.984,-0.804,0.728,-7.002053,-34.832783
237575,3,-0.73,-0.48,9.960,-0.857,0.685,-7.002053,-34.832783
237627,3,-0.73,0.00,10.003,-0.881,0.656,-7.002053,-34.832783
237677,3,-0.73,0.00,9.979,-0.943,0.699,-7.002053,-34.832783
237728,3,-0.76,-0.48,9.965,-0.881,0.848,-7.002053,-34.832783
237780,3,-0.76,0.00,9.965,-0.795,0.824,-7.002053,-34.832783
237829,3,-0.77,0.00,10.065,-0.771,0.728,-7.002053,-34.832783
237881,3,-0.74,0.82,10.036,-0.680,0.728,-7.002053,-34.832783
237933,3,-0.79,-2.01,9.965,-0.599,0.685,-7.002053,-34.832783
237983,3,-0.77,0.00,10.041,-0.685,0.637,-7.002053,-34.832783
238033,3,-0.78,0.00,10.032,-0.819,0.527,-7.002051,-34.832790
238084,3,-0.79,-0.54,10.032,-0.833,0.555,-7.002051,-34.832790
238134,3,-0.81,0.00,9.984,-0.967,0.575,-7.002051,-34.832790
238185,3,-0.83,-0.56,9.941,-0.991,0.737,-7.002051,-34.832790
238235,3,-0.86,-1.13,9.974,-0.857,0.814,-7.002051,-34.832790
238285,3,-0.86,0.00,10.041,-0.838,0.670,-7.002051,-34.832790
238336,3,-0.87,-0.46,10.156,-0.761,0.498,-7.002051,-34.832790
238387,3,-0.89,0.00,10.147,-0.824,0.464,-7.002051,-34.832790
238439,3,-0.90,0.00,10.027,-0.757,0.517,-7.002051,-34.832790
238520,3,-0.90,0.00,9.917,-0.747,0.766,-7.002051,-34.832790
238572,3,-0.93,0.00,9.946,-0.867,0.852,-7.002051,-34.832790
238624,3,-0.92,-0.52,9.993,-0.948,0.690,-7.002051,-34.832790
238674,3,-0.92,0.00,10.084,-0.939,0.484,-7.002051,-34.832790
238726,3,-0.92,0.00,10.108,-0.771,0.469,-7.002051,-34.832790
238777,3,-0.91,0.00,10.027,-0.685,0.508,-7.002051,-34.832790
238829,3,-0.93,-0.52,9.989,-0.819,0.646,-7.002051,-34.832790
238880,3,-0.93,0.00,9.936,-0.867,0.771,-7.002051,-34.832790
238932,3,-0.95,0.00,10.008,-0.895,0.699,-7.002051,-34.832790
238983,3,-0.96,-0.60,10.046,-0.915,0.584,-7.002051,-34.832790
239033,3,-0.96,0.00,10.065,-0.733,0.522,-7.002051,-34.832783
239083,3,-0.95,0.00,10.060,-0.814,0.541,-7.002051,-34.832783
239134,3,-0.94,0.32,10.080,-0.867,0.646,-7.002051,-34.832783
239184,3,-0.95,0.00,10.027,-0.876,0.680,-7.002051,-34.832783
239235,3,-0.97,0.00,10.013,-0.900,0.656,-7.002051,-34.832783
239285,3,-1.02,-2.01,10.027,-0.915,0.690,-7.002051,-34.832783
239335,3,-1.02,0.00,10.017,-0.924,0.565,-7.002051,-34.832783
239387,3,-1.00,0.48,10.027,-0.905,0.603,-7.002051,-34.832783
239439,3,-1.00,0.00,10.027,-0.900,0.694,-7.002051,-34.832783
239490,3,-0.99,0.00,9.965,-1.039,0.603,-7.002051,-34.832783
239542,3,-0.97,0.48,9.979,-0.886,0.728,-7.002051,-34.832783
239593,3,-0.96,0.00,9.969,-0.781,0.905,-7.002051,-34.832783
239645,3,-0.96,-0.56,10.056,-0.900,0.747,-7.002051,-34.832783
239697,3,-0.93,1.09,10.142,-0.977,0.618,-7.002051,-34.832783
239748,3,-0.93,0.00,10.051,-0.977,0.685,-7.002051,-34.832783
239800,3,-0.92,0.52,9.874,-0.809,0.814,-7.002051,-34.832783
239851,3,-0.92,0.00,9.874,-0.900,0.819,-7.002051,-34.832783
239902,3,-0.91,0.52,9.902,-1.140,0.833,-7.002051,-34.832783
239951,3,-0.91,0.00,9.931,-1.211,0.871,-7.002051,-34.832783
240002,3,-0.89,0.56,9.936,-1.087,0.804,-7.002048,-34.832794
240052,3,-0.92,0.00,10.036,-0.996,0.718,-7.002048,-34.832794
240103,3,-0.89,0.52,10.027,-0.948,0.694,-7.002048,-34.832794
240153,3,-0.87,0.54,9.984,-0.819,0.814,-7.002048,-34.832794
240203,3,-0.87,0.00,9.969,-0.838,0.809,-7.002048,-34.832794
240254,3,-0.86,-1.49,10.032,-0.895,0.800,-7.002048,-34.832794
240304,3,-0.86,0.00,10.161,-0.958,0.651,-7.002048,-34.832794
240357,3,-0.86,0.00,10.113,-1.001,0.608,-7.002048,-34.832794
240408,3,-0.86,0.00,9.965,-0.910,0.685,-7.002048,-34.832794
240460,3,-0.81,1.90,9.922,-0.881,0.867,-7.002048,-34.832794
240511,3,-0.85,0.00,9.974,-0.867,0.776,-7.002048,-34.832794
240579,3,-0.86,-0.18,10.113,-1.097,0.627,-7.002048,-34.832794
240631,3,-0.85,0.56,9.946,-1.125,0.723,-7.002048,-34.832794
240681,3,-0.87,-1.01,9.773,-0.996,1.001,-7.002048,-34.832794
240733,3,-0.90,-1.01,9.821,-0.694,1.188,-7.002048,-34.832794
240784,3,-0.90,0.00,10.223,-0.498,0.881,-7.002048,-34.832794
240836,3,-0.90,0.00,10.429,-0.594,0.508,-7.002048,-34.832794
240887,3,-0.90,0.00,10.300,-0.857,0.206,-7.002048,-34.832794
240939,3,-0.89,0.48,10.017,-0.795,0.541,-7.002048,-34.832794
240990,3,-0.86,0.93,9.673,-0.785,0.891,-7.002048,-34.832794
241040,3,-0.89,0.00,9.649,-0.857,1.068,-7.002046,-34.832794
241091,3,-0.86,0.36,9.764,-1.034,0.809,-7.002046,-34.832794
241141,3,-0.88,-0.56,9.936,-1.374,0.599,-7.002046,-34.832794
241191,3,-0.91,0.00,10.065,-1.379,0.766,-7.002046,-34.832794
241242,3,-0.92,-0.56,9.946,-0.972,1.087,-7.002046,-34.832794
241292,3,-0.93,-0.56,10.147,-0.661,0.905,-7.002046,-34.832794
241342,3,-0.93,0.00,10.285,-0.757,0.857,-7.002046,-34.832794
241394,3,-0.95,0.00,10.156,-0.790,0.555,-7.002046,-34.832794
241445,3,-0.96,0.00,10.003,-0.603,0.565,-7.002046,-34.832794
241497,3,-0.93,0.45,9.922,-0.503,0.589,-7.002046,-34.832794
241549,3,-0.92,0.56,9.922,-0.522,0.747,-7.002046,-34.832794
241600,3,-0.91,0.00,10.017,-0.819,0.757,-7.002046,-34.832794
241652,3,-0.89,0.52,10.075,-1.030,0.833,-7.002046,-34.832794
241704,3,-0.89,0.00,10.104,-0.948,0.915,-7.002046,-34.832794
241755,3,-0.93,-0.52,10.094,-0.589,0.891,-7.002046,-34.832794
241807,3,-0.93,0.00,10.247,-0.354,0.555,-7.002046,-34.832794
241857,3,-0.92,0.52,10.247,-0.546,0.393,-7.002046,-34.832794
241906,3,-0.90,0.00,10.204,-0.618,0.445,-7.002046,-34.832794
241959,3,-0.90,-0.48,10.070,-0.508,0.709,-7.002046,-34.832794
242009,3,-0.90,0.00,10.099,-0.124,0.996,-7.002046,-34.832787
242059,3,-0.90,0.00,9.855,-0.010,0.637,-7.002046,-34.832787
242110,3,-0.90,0.56,10.238,0.115,0.388,-7.002046,-34.832787
242160,3,-0.89,0.50,10.262,-0.484,0.350,-7.002046,-34.832787
242210,3,-0.89,0.00,10.046,-1.034,0.249,-7.002046,-34.832787
242261,3,-0.88,1.09,10.333,-0.943,0.512,-7.002046,-34.832787
242311,3,-0.87,0.52,10.448,-1.207,0.302,-7.002046,-34.832787
242363,3,-0.86,0.00,10.300,-0.790,0.512,-7.002046,-34.832787
242415,3,-0.82,1.09,10.108,-0.742,0.838,-7.002046,-34.832787
242467,3,-0.80,0.00,9.922,-0.709,1.350,-7.002046,-34.832787
242518,3,-0.76,0.52,9.998,-0.589,1.695,-7.002046,-34.832787
242570,3,-0.75,0.48,10.075,-0.436,1.456,-7.002046,-34.832787
242635,3,-0.73,0.27,10.309,-0.034,1.355,-7.002046,-34.832787
242686,3,-0.71,0.00,10.204,0.287,1.140,-7.002046,-34.832787
242737,3,-0.71,0.00,10.290,0.283,1.355,-7.002046,-34.832787
242788,3,-0.67,0.52,10.051,-0.129,1.480,-7.002046,-34.832787
242840,3,-0.67,0.00,9.668,-0.211,2.222,-7.002046,-34.832787
242891,3,-0.63,1.01,9.184,0.139,2.629,-7.002046,-34.832787
242944,3,-0.62,0.52,9.543,0.000,3.481,-7.002046,-34.832787
242994,3,-0.60,0.00,9.170,-0.311,3.261,-7.002046,-34.832779
243044,3,-0.56,1.04,9.543,-0.038,3.194,-7.002046,-34.832779
243095,3,-0.53,1.13,9.764,0.283,3.117,-7.002046,-34.832779
243145,3,-0.54,0.00,9.562,0.057,2.667,-7.002046,-34.832779
243196,3,-0.48,1.93,9.668,0.072,2.844,-7.002046,-34.832779
243246,3,-0.48,0.00,9.232,-0.254,2.614,-7.002046,-34.832779
243296,3,-0.47,0.00,9.299,-0.781,2.753,-7.002046,-34.832779
243346,3,-0.44,0.56,9.313,-1.197,3.055,-7.002046,-34.832779
243398,3,-0.46,-0.89,9.342,-1.116,3.089,-7.002046,-34.832779
243450,3,-0.46,0.00,9.558,-0.737,3.864,-7.002046,-34.832779
243501,3,-0.46,0.00,9.400,-0.259,3.816,-7.002046,-34.832779
243553,3,-0.45,0.00,9.859,0.024,4.195,-7.002046,-34.832779
243604,3,-0.43,1.04,9.658,-0.096,3.783,-7.002046,-34.832779
243656,3,-0.43,0.00,10.697,-0.871,3.821,-7.002046,-34.832779
243705,3,-0.41,0.45,10.855,-0.637,3.926,-7.002046,-34.832779
243757,3,-0.41,0.00,9.998,-1.681,1.216,-7.002046,-34.832779
243807,3,-0.41,0.00,10.022,-0.962,2.734,-7.002046,-34.832779
243859,3,-0.41,0.00,8.135,-2.409,0.484,-7.002046,-34.832779
243910,3,-0.41,0.00,8.657,-1.686,2.322,-7.002046,-34.832779
243960,3,-0.42,0.00,8.356,-1.623,1.259,-7.002046,-34.832779
244011,3,-0.46,0.00,9.610,-2.782,0.757,-7.002047,-34.832775
244061,3,-0.44,0.00,10.238,-1.858,0.622,-7.002047,-34.832775
244111,3,-0.44,0.00,10.410,-2.155,-0.752,-7.002047,-34.832775
244162,3,-0.47,0.00,11.028,-1.207,0.359,-7.002047,-34.832775
244212,3,-0.45,0.00,10.779,-1.642,-0.153,-7.002047,-34.832775
244263,3,-0.43,1.09,11.478,-1.633,0.455,-7.002047,-34.832775
244313,3,-0.43,0.00,10.822,-1.279,0.460,-7.002047,-34.832775
244363,3,-0.43,-1.45,9.424,-0.225,0.589,-7.002047,-34.832775
244414,3,-0.42,0.52,8.959,0.268,0.584,-7.002047,-34.832775
244466,3,-0.41,0.00,8.322,-1.662,0.479,-7.002047,-34.832775
244517,3,-0.39,0.52,8.950,-1.221,0.608,-7.002047,-34.832775
244569,3,-0.38,0.00,9.409,-0.484,0.455,-7.002047,-34.832775
244621,3,-0.40,0.52,9.974,-0.345,1.006,-7.002047,-34.832775
244685,3,-0.44,-0.50,10.367,-0.062,1.355,-7.002047,-34.832775
244735,3,-0.44,0.00,10.750,-0.632,1.858,-7.002047,-34.832775
244787,3,-0.42,0.52,10.913,-1.369,1.992,-7.002047,-34.832775
244838,3,-0.40,0.97,11.535,-0.508,3.405,-7.002047,-34.832775
244890,3,-0.37,0.52,10.439,-0.733,1.714,-7.002047,-34.832775
244939,3,-0.39,-0.86,9.926,-1.269,0.699,-7.002047,-34.832775
244990,3,-0.39,0.00,10.410,-0.977,0.215,-7.002047,-34.832775
245040,3,-0.37,0.52,9.922,-2.337,-0.646,-7.002049,-34.832771
245090,3,-0.35,0.56,9.893,-1.034,0.445,-7.002049,-34.832771
245141,3,-0.34,0.00,8.988,-1.144,0.503,-7.002049,-34.832771
245191,3,-0.36,0.00,9.088,-0.967,0.900,-7.002049,-34.832771
245242,3,-0.35,0.50,9.294,-1.355,1.374,-7.002049,-34.832771
245292,3,-0.33,0.00,9.481,-1.192,1.652,-7.002049,-34.832771
245342,3,-0.33,0.00,9.697,-1.097,1.628,-7.002049,-34.832771
245394,3,-0.35,-0.52,11.028,-0.891,1.422,-7.002049,-34.832771
245445,3,-0.30,0.00,10.937,-1.614,1.432,-7.002049,-34.832771
245497,3,-0.31,0.00,9.878,-0.996,0.397,-7.002049,-34.832771
245549,3,-0.32,0.00,9.917,-0.833,-0.488,-7.002049,-34.832771
245600,3,-0.30,0.82,8.978,-2.509,-0.709,-7.002049,-34.832771
245652,3,-0.32,-0.48,9.036,-1.025,1.709,-7.002049,-34.832771
245703,3,-0.32,-0.48,8.997,-0.828,0.881,-7.002049,-34.832771
245755,3,-0.33,-0.56,9.960,-0.967,1.484,-7.002049,-34.832771
245807,3,-0.34,0.00,10.017,-0.919,1.144,-7.002049,-34.832771
245857,3,-0.32,0.86,10.242,-0.828,1.513,-7.002049,-34.832771
245909,3,-0.33,0.00,10.750,-0.757,1.633,-7.002049,-34.832771
245958,3,-0.35,-0.52,11.435,0.062,2.409,-7.002049,-34.832771
246009,3,-0.35,0.00,11.090,0.340,1.858,-7.002054,-34.832767
246059,3,-0.39,-0.56,9.754,-0.852,0.263,-7.002054,-34.832767
246110,3,-0.37,0.93,10.108,-0.565,0.776,-7.002054,-34.832767
246160,3,-0.37,0.00,9.088,-0.943,-0.326,-7.002054,-34.832767
246210,3,-0.41,-0.56,9.290,-0.766,0.354,-7.002054,-34.832767
246261,3,-0.40,0.36,8.911,-0.077,0.302,-7.002054,-34.832767
246311,3,-0.41,0.00,9.510,-0.306,0.436,-7.002054,-34.832767
246363,3,-0.45,-0.56,9.946,-0.632,0.709,-7.002054,-34.832767
246415,3,-0.48,-1.13,10.309,-0.828,1.465,-7.002054,-34.832767
246467,3,-0.49,0.00,10.424,-0.469,1.403,-7.002054,-34.832767
246518,3,-0.51,-0.56,11.698,-0.675,1.757,-7.002054,-34.832767
246570,3,-0.52,0.00,10.803,-0.728,1.106,-7.002054,-34.832767
246621,3,-0.53,-0.48,9.787,-0.412,0.019,-7.002054,-34.832767
246673,3,-0.55,-0.52,10.305,0.311,-0.383,-7.002054,-34.832767
246739,3,-0.55,0.00,9.720,-1.211,-0.345,-7.002054,-34.832767
246789,3,-0.55,0.00,9.337,0.666,-0.072,-7.002054,-34.832767
246841,3,-0.55,0.00,9.409,0.790,-0.062,-7.002054,-34.832767
246892,3,-0.50,0.00,9.797,-0.124,1.350,-7.002054,-34.832767
246944,3,-0.50,0.00,9.888,-0.302,0.603,-7.002054,-34.832767
246995,3,-0.50,0.00,10.458,0.359,1.508,-7.002060,-34.832760
247045,3,-0.50,1.90,10.975,0.053,0.814,-7.002060,-34.832760
247095,3,-0.48,0.56,11.286,0.283,1.997,-7.002060,-34.832760
247146,3,-0.50,0.00,10.123,0.867,1.116,-7.002060,-34.832760
247196,3,-0.50,0.00,10.099,0.675,1.106,-7.002060,-34.832760
247247,3,-0.51,-0.52,10.276,0.268,-0.124,-7.002060,-34.832760
247297,3,-0.51,0.00,9.946,-0.852,-1.125,-7.002060,-34.832760
247347,3,-0.52,0.00,9.538,-0.417,-0.101,-7.002060,-34.832760
247399,3,-0.52,0.00,9.290,0.225,0.000,-7.002060,-34.832760
247450,3,-0.54,0.00,9.845,-0.350,0.211,-7.002060,-34.832760
247502,3,-0.52,0.56,9.960,-0.383,0.220,-7.002060,-34.832760
247554,3,-0.52,0.00,9.582,-0.153,0.484,-7.002060,-34.832760
247605,3,-0.49,1.30,9.931,0.077,0.546,-7.002060,-34.832760
247657,3,-0.49,0.00,11.157,-0.464,1.269,-7.002060,-34.832760
247708,3,-0.49,0.00,9.318,-0.694,-1.111,-7.002060,-34.832760
247760,3,-0.50,-0.48,10.151,0.809,0.014,-7.002060,-34.832760
247812,3,-0.52,0.00,9.740,-1.082,-1.767,-7.002060,-34.832760
247863,3,-0.52,0.00,9.993,-1.528,-0.335,-7.002060,-34.832760
247915,3,-0.52,0.00,9.567,-0.397,-1.101,-7.002060,-34.832760
247965,3,-0.53,0.00,9.438,-0.014,0.287,-7.002060,-34.832760
248015,3,-0.54,-0.60,9.697,-0.124,1.618,-7.002066,-34.832741
248066,3,-0.58,0.00,10.444,0.067,0.651,-7.002066,-34.832741
248116,3,-0.59,-0.56,10.980,-0.359,0.986,-7.002066,-34.832741
248166,3,-0.61,-0.50,11.248,-0.101,1.279,-7.002066,-34.832741
248217,3,-0.61,0.00,11.516,0.651,2.174,-7.002066,-34.832741
248267,3,-0.62,0.00,10.195,-0.867,0.311,-7.002066,-34.832741
248318,3,-0.61,0.56,9.802,-0.397,1.393,-7.002066,-34.832741
248370,3,-0.61,0.00,9.735,-0.263,0.306,-7.002066,-34.832741
248420,3,-0.61,0.00,9.510,-0.900,0.402,-7.002066,-34.832741
248472,3,-0.64,0.00,9.553,-0.330,0.455,-7.002066,-34.832741
248523,3,-0.66,0.00,9.414,0.019,0.206,-7.002066,-34.832741
248575,3,-0.69,0.00,9.366,-0.972,0.876,-7.002066,-34.832741
248626,3,-0.69,0.00,9.701,-0.948,1.245,-7.002066,-34.832741
248678,3,-0.69,0.00,9.926,-0.709,0.934,-7.002066,-34.832741
248730,3,-0.68,0.00,11.732,-0.316,2.184,-7.002066,-34.832741
248795,3,-0.70,-0.30,9.840,-1.422,0.043,-7.002066,-34.832741
248847,3,-0.69,0.52,10.156,-0.259,0.393,-7.002066,-34.832741
248899,3,-0.68,0.00,9.361,-0.996,-0.503,-7.002066,-34.832741
248951,3,-0.66,0.56,8.394,-1.178,0.560,-7.002066,-34.832741
249001,3,-0.70,-1.49,8.341,-0.484,1.207,-7.002079,-34.832733
249052,3,-0.71,0.00,9.304,-0.163,0.713,-7.002079,-34.832733
249102,3,-0.71,0.00,10.760,-0.378,0.939,-7.002079,-34.832733
249152,3,-0.73,-0.85,10.812,-0.924,0.546,-7.002079,-34.832733
249203,3,-0.73,0.00,11.574,-0.584,1.499,-7.002079,-34.832733
249253,3,-0.73,0.00,11.669,-0.704,1.073,-7.002079,-34.832733
249304,3,-0.77,-1.49,12.067,0.115,2.231,-7.002079,-34.832733
249353,3,-0.77,0.00,10.266,-1.063,-0.330,-7.002079,-34.832733
249404,3,-0.73,1.38,10.252,-0.316,0.273,-7.002079,-34.832733
249455,3,-0.74,0.52,9.261,-0.306,-0.704,-7.002079,-34.832733
249507,3,-0.73,0.52,9.404,-0.800,0.594,-7.002079,-34.832733
249559,3,-0.73,0.00,9.021,-0.134,1.101,-7.002079,-34.832733
249610,3,-0.70,0.48,9.098,0.254,0.891,-7.002079,-34.832733
249662,3,-0.69,0.00,9.515,-0.364,1.494,-7.002079,-34.832733
249713,3,-0.66,0.48,9.242,0.105,1.480,-7.002079,-34.832733
249765,3,-0.65,0.52,9.807,-0.110,1.834,-7.002079,-34.832733
249817,3,-0.65,0.00,10.870,0.373,1.915,-7.002079,-34.832733
249868,3,-0.65,0.00,11.516,-0.460,3.065,-7.002079,-34.832733
249920,3,-0.65,0.00,9.663,-1.288,0.666,-7.002079,-34.832733
249970,3,-0.63,0.00,10.621,-1.001,0.991,-7.002079,-34.832733
250021,3,-0.63,0.00,9.591,-1.432,-0.517,-7.002079,-34.832733
250071,3,-0.62,0.00,9.242,-1.346,0.168,-7.002079,-34.832733
250122,3,-0.62,0.00,8.384,0.627,0.493,-7.002079,-34.832733
250172,3,-0.64,-0.76,9.007,0.283,1.403,-7.002079,-34.832733
250222,3,-0.63,0.00,9.720,-0.110,2.485,-7.002079,-34.832733
250274,3,-0.61,0.00,10.080,-0.646,2.136,-7.002079,-34.832733
250325,3,-0.61,0.00,11.071,-0.402,2.016,-7.002079,-34.832733
250377,3,-0.60,0.00,12.153,1.820,0.192,-7.002079,-34.832733
250429,3,-0.61,-0.56,12.675,0.996,0.785,-7.002079,-34.832733
250479,3,-0.61,0.00,10.223,-0.579,-1.733,-7.002079,-34.832733
250531,3,-0.64,-0.82,9.725,-0.263,-2.519,-7.002079,-34.832733
250582,3,-0.62,0.00,7.580,-0.148,-3.156,-7.002079,-34.832733
250634,3,-0.61,0.00,8.131,-0.929,-3.199,-7.002079,-34.832733
250685,3,-0.61,0.00,8.571,0.297,-2.634,-7.002079,-34.832733
250737,3,-0.62,-0.82,8.543,-1.130,-2.825,-7.002079,-34.832733
250789,3,-0.60,0.48,8.662,-1.030,-2.136,-7.002079,-34.832733
250856,3,-0.58,0.34,8.959,-1.398,-2.658,-7.002079,-34.832733
250908,3,-0.59,-0.34,10.051,-1.757,-3.074,-7.002079,-34.832733
250958,3,-0.59,0.00,10.769,-2.452,-2.983,-7.002079,-34.832733
251008,3,-0.57,0.00,10.563,-1.973,-2.974,-7.002079,-34.832733
251059,3,-0.60,0.52,10.156,-1.772,-1.982,-7.002079,-34.832733
251109,3,-0.60,0.00,9.462,-2.002,-1.393,-7.002079,-34.832733
251160,3,-0.63,0.00,8.662,-2.284,-1.494,-7.002079,-34.832733
251210,3,-0.62,0.00,8.959,-1.216,-0.345,-7.002079,-34.832733
251262,3,-0.65,-1.34,9.194,-0.862,-0.905,-7.002079,-34.832733
251313,3,-0.64,0.00,10.132,-1.279,-0.139,-7.002079,-34.832733
251364,3,-0.66,-0.82,10.075,-1.326,-0.421,-7.002079,-34.832733
251415,3,-0.64,0.52,10.874,-0.800,-0.038,-7.002079,-34.832733
251467,3,-0.66,-0.86,11.387,-0.177,0.230,-7.002079,-34.832733
251519,3,-0.64,0.00,11.363,-0.704,-0.752,-7.002079,-34.832733
251570,3,-0.63,0.48,9.917,-1.796,-1.585,-7.002079,-34.832733
251622,3,-0.65,-1.27,10.472,-0.953,-1.417,-7.002079,-34.832733
251673,3,-0.61,1.13,9.500,-1.279,-2.107,-7.002079,-34.832733
251725,3,-0.65,-1.38,9.275,-1.283,-0.934,-7.002079,-34.832733
251777,3,-0.63,0.00,8.581,-0.508,-0.599,-7.002079,-34.832733
251828,3,-0.64,-0.93,9.280,-0.723,0.148,-7.002079,-34.832733
251880,3,-0.63,0.00,9.586,-1.068,-0.081,-7.002079,-34.832733
251929,3,-0.62,0.52,10.558,-1.470,-0.316,-7.002079,-34.832733
251980,3,-0.65,-1.45,10.587,-1.504,-1.135,-7.002079,-34.832733
252030,3,-0.65,0.00,11.856,-1.231,0.105,-7.002079,-34.832733
252080,3,-0.69,-0.60,10.841,-1.681,-1.058,-7.002079,-34.832733
252131,3,-0.69,0.00,10.214,-1.269,-1.015,-7.002079,-34.832733
252181,3,-0.72,0.00,10.654,-1.168,-0.718,-7.002079,-34.832733
252231,3,-0.70,0.52,10.343,-2.270,-1.106,-7.002079,-34.832733
252283,3,-0.71,-0.34,11.387,-3.089,0.436,-7.002079,-34.832733
252333,3,-0.69,0.52,11.756,-2.207,0.192,-7.002079,-34.832733
252385,3,-0.66,0.00,11.109,1.365,1.020,-7.002079,-34.832733
252436,3,-0.66,-0.37,8.552,0.857,0.776,-7.002079,-34.832733
252488,3,-0.65,0.52,7.901,2.926,1.240,-7.002079,-34.832733
252539,3,-0.62,0.48,8.097,4.123,1.322,-7.002079,-34.832733
252591,3,-0.64,-0.71,9.199,3.136,2.083,-7.002079,-34.832733
252643,3,-0.60,0.00,9.064,3.409,1.575,-7.002079,-34.832733
252694,3,-0.56,1.01,9.055,2.504,-0.187,-7.002079,-34.832733
252746,3,-0.57,-0.34,9.859,2.389,0.632,-7.002079,-34.832733
252797,3,-0.52,0.52,9.108,1.523,-1.302,-7.002079,-34.832733
252849,3,-0.53,-0.34,9.888,0.177,-0.532,-7.002079,-34.832733
252915,3,-0.52,0.20,9.366,-0.220,-0.268,-7.002079,-34.832733
252965,3,-0.51,0.00,9.505,-0.527,0.378,-7.002079,-34.832733
253016,3,-0.54,0.00,10.099,-0.201,0.110,-7.002079,-34.832733
253066,3,-0.53,0.56,9.984,-1.010,0.948,-7.002079,-34.832733
253116,3,-0.57,0.00,10.625,-0.484,0.824,-7.002079,-34.832733
253167,3,-0.52,0.56,11.899,-0.053,2.064,-7.002079,-34.832733
253217,3,-0.52,0.00,10.918,-0.685,0.235,-7.002079,-34.832733
253269,3,-0.51,0.00,9.907,-0.038,0.326,-7.002079,-34.832733
253319,3,-0.53,-0.86,9.050,-0.383,-0.986,-7.002079,-34.832733
253371,3,-0.53,0.00,8.973,-0.776,0.029,-7.002079,-34.832733
253422,3,-0.51,0.52,8.820,-0.215,1.097,-7.002079,-34.832733
253474,3,-0.53,-0.86,8.964,0.249,1.815,-7.002079,-34.832733
253525,3,-0.53,-0.56,9.601,0.795,2.145,-7.002079,-34.832733
253577,3,-0.51,0.52,10.209,1.125,1.863,-7.002079,-34.832733
253629,3,-0.55,0.00,11.550,1.192,1.595,-7.002079,-34.832733
253680,3,-0.55,0.00,12.651,0.929,1.034,-7.002079,-34.832733
253732,3,-0.55,0.00,13.053,0.086,1.944,-7.002079,-34.832733
253783,3,-0.59,-1.34,10.511,0.000,0.225,-7.002079,-34.832733
253835,3,-0.59,0.00,10.841,0.005,1.049,-7.002079,-34.832733
253887,3,-0.59,0.00,9.333,-0.532,-0.838,-7.002079,-34.832733
253936,3,-0.61,0.52,8.911,-0.871,0.555,-7.002079,-34.832733
253987,3,-0.61,0.00,8.384,-1.221,0.642,-7.002079,-34.832733
254037,3,-0.63,-0.88,8.586,-1.135,1.068,-7.002079,-34.832733
254087,3,-0.62,0.52,8.863,-1.255,0.972,-7.002079,-34.832733
254138,3,-0.60,0.00,9.428,-0.852,0.603,-7.002079,-34.832733
254188,3,-0.56,0.50,9.926,-0.977,-0.163,-7.002079,-34.832733
254241,3,-0.55,0.56,11.507,-1.001,0.939,-7.002079,-34.832733
254292,3,-0.52,0.00,11.363,-1.350,1.159,-7.002079,-34.832733
254344,3,-0.55,0.00,10.367,-1.403,0.441,-7.002079,-34.832733
254394,3,-0.55,0.00,10.726,-0.249,0.709,-7.002079,-34.832733
254446,3,-0.54,-0.93,9.021,-0.718,-1.092,-7.002079,-34.832733
254497,3,-0.52,0.00,9.218,-0.651,0.163,-7.002079,-34.832733
254549,3,-0.47,1.01,8.734,-0.244,0.939,-7.002079,-34.832733
254600,3,-0.49,-0.93,9.304,-0.292,1.772,-7.002079,-34.832733
254652,3,-0.45,1.04,9.912,-0.742,1.666,-7.002079,-34.832733
254704,3,-0.48,-0.86,10.597,-0.862,1.508,-7.002079,-34.832733
254755,3,-0.46,0.00,10.975,-0.939,0.575,-7.002079,-34.832733
254807,3,-0.50,0.00,11.899,-0.608,1.049,-7.002079,-34.832733
254859,3,-0.48,0.52,11.540,-0.369,1.767,-7.002079,-34.832733
254910,3,-0.49,-0.88,9.898,-0.900,0.297,-7.002079,-34.832733
254976,3,-0.47,0.37,10.640,-0.857,-0.177,-7.002079,-34.832733
255026,3,-0.44,1.04,10.013,-2.375,-0.814,-7.002079,-34.832733
255077,3,-0.46,0.00,9.955,-2.327,0.532,-7.002079,-34.832733
255127,3,-0.43,0.00,8.897,-2.193,0.862,-7.002079,-34.832733
255178,3,-0.41,1.05,8.906,-2.212,1.235,-7.002079,-34.832733
255228,3,-0.41,0.00,8.997,-1.930,1.293,-7.002079,-34.832733
255278,3,-0.44,-1.23,9.074,-1.935,1.365,-7.002079,-34.832733
255330,3,-0.44,0.00,9.634,-1.465,1.302,-7.002079,-34.832733
255381,3,-0.41,0.52,11.258,-1.494,2.456,-7.002079,-34.832733
255433,3,-0.44,-0.86,11.023,-1.982,2.049,-7.002079,-34.832733
255484,3,-0.45,-0.86,11.320,-2.547,0.766,-7.002079,-34.832733
255536,3,-0.45,0.00,10.846,-2.025,0.555,-7.002079,-34.832733
255588,3,-0.43,0.00,9.467,-1.528,1.049,-7.002079,-34.832733
255639,3,-0.42,0.00,9.127,-0.752,1.968,-7.002079,-34.832733
255691,3,-0.47,0.00,8.859,-1.001,2.069,-7.002079,-34.832733
255742,3,-0.45,0.00,9.026,-1.341,2.308,-7.002079,-34.832733
255794,3,-0.49,-1.34,8.873,-1.140,2.586,-7.002079,-34.832733
255846,3,-0.50,0.00,9.122,-0.953,3.055,-7.002079,-34.832733
255897,3,-0.53,0.00,9.495,-1.149,2.715,-7.002079,-34.832733
255950,3,-0.50,0.00,10.209,-0.967,2.844,-7.002079,-34.832733
256000,3,-0.54,-1.39,10.329,-1.398,2.739,-7.002079,-34.832733
256050,3,-0.52,0.52,10.137,-0.939,2.054,-7.002079,-34.832733
256101,3,-0.52,0.00,10.252,-1.063,1.882,-7.002079,-34.832733
256151,3,-0.49,0.56,9.596,-1.465,1.844,-7.002079,-34.832733
256202,3,-0.53,-1.49,9.266,-2.131,2.260,-7.002079,-34.832733
256251,3,-0.52,0.00,9.294,-2.054,2.619,-7.002079,-34.832733
256303,3,-0.54,-1.27,9.424,-1.561,2.509,-7.002079,-34.832733
256354,3,-0.54,0.00,9.859,-1.164,2.586,-7.002079,-34.832733
256405,3,-0.54,0.00,10.309,-1.178,1.911,-7.002079,-34.832733
256456,3,-0.55,0.00,11.272,-0.752,3.467,-7.002079,-34.832733
256508,3,-0.59,0.00,11.971,-0.833,3.596,-7.002079,-34.832733
256560,3,-0.58,0.45,10.788,-1.786,1.513,-7.002079,-34.832733
256611,3,-0.56,0.00,10.242,-1.623,1.470,-7.002079,-34.832733
256663,3,-0.53,0.52,9.443,-0.268,1.269,-7.002079,-34.832733
256714,3,-0.52,0.00,9.759,0.273,2.902,-7.002079,-34.832733
256766,3,-0.54,-1.38,9.246,0.278,3.108,-7.002079,-34.832733
256818,3,-0.54,0.00,9.007,0.455,2.682,-7.002079,-34.832733
256869,3,-0.51,0.52,9.117,0.690,2.423,-7.002079,-34.832733
256921,3,-0.54,-0.86,8.250,1.408,1.844,-7.002079,-34.832733
256971,3,-0.51,0.00,8.121,0.915,1.326,-7.002079,-34.832733
257039,3,-0.48,0.39,7.566,0.967,0.421,-7.002079,-34.832733
257090,3,-0.46,0.54,7.140,-0.594,-0.345,-7.002079,-34.832733
257140,3,-0.44,0.56,6.838,-0.948,-1.144,-7.002079,-34.832733
257190,3,-0.41,0.00,7.374,-2.610,0.781,-7.002079,-34.832733
257243,3,-0.44,-0.86,8.380,-2.380,2.945,-7.002079,-34.832733
257293,3,-0.44,0.00,9.347,-3.060,1.719,-7.002079,-34.832733
257345,3,-0.45,-0.36,10.755,-2.054,2.327,-7.002079,-34.832733
257396,3,-0.45,0.00,10.678,-1.709,1.188,-7.002079,-34.832733
257448,3,-0.48,-1.34,11.392,-2.772,2.389,-7.002079,-34.832733
257499,3,-0.47,0.52,11.061,-2.519,3.903,-7.002079,-34.832733
257551,3,-0.46,0.00,10.769,-1.547,3.156,-7.002079,-34.832733
257600,3,-0.49,-0.48,10.247,-0.287,1.791,-7.002079,-34.832733
257652,3,-0.48,0.00,11.296,-1.135,1.705,-7.002079,-34.832733
257703,3,-0.51,0.00,11.641,-2.203,0.589,-7.002079,-34.832733
257755,3,-0.50,0.52,11.961,-2.461,0.713,-7.002079,-34.832733
257806,3,-0.55,-0.52,10.937,-2.557,0.182,-7.002079,-34.832733
257858,3,-0.58,-1.34,10.429,-1.566,0.575,-7.002079,-34.832733
257910,3,-0.58,0.00,10.534,-1.211,0.747,-7.002079,-34.832733
257960,3,-0.63,-0.52,10.233,-1.293,0.618,-7.002079,-34.832733
258010,3,-0.62,0.50,10.195,-1.369,0.096,-7.002079,-34.832733
258061,3,-0.62,0.00,10.333,-0.915,0.412,-7.002079,-34.832733
258111,3,-0.64,0.56,10.056,-0.943,0.752,-7.002079,-34.832733
258162,3,-0.63,0.52,9.931,-1.077,1.030,-7.002079,-34.832733
258212,3,-0.62,0.00,9.840,-0.915,1.633,-7.002079,-34.832733
258264,3,-0.64,0.52,9.878,-1.087,1.925,-7.002079,-34.832733
258315,3,-0.64,0.00,10.108,-1.164,2.093,-7.002079,-34.832733
258366,3,-0.67,-1.34,10.171,-1.283,1.848,-7.002079,-34.832733
258417,3,-0.66,0.00,10.257,-1.686,1.901,-7.002079,-34.832733
258469,3,-0.68,-1.34,10.127,-1.671,1.772,-7.002079,-34.832733
258521,3,-0.68,0.00,10.118,-1.298,1.911,-7.002079,-34.832733
258572,3,-0.68,0.00,9.735,-0.862,2.021,-7.002079,-34.832733
258624,3,-0.71,-0.86,9.682,-0.412,1.935,-7.002079,-34.832733
258675,3,-0.71,0.00,9.663,-0.168,1.882,-7.002079,-34.832733
258727,3,-0.69,0.48,9.802,-0.196,1.776,-7.002079,-34.832733
258779,3,-0.73,-1.34,9.912,-0.479,1.724,-7.002079,-34.832733
258830,3,-0.73,0.00,9.922,-0.431,1.465,-7.002079,-34.832733
258882,3,-0.78,-1.75,10.036,-0.910,1.551,-7.002079,-34.832733
258934,3,-0.78,0.00,10.099,-1.221,1.422,-7.002079,-34.832733
258984,3,-0.83,-1.49,10.041,-1.279,1.484,-7.002079,-34.832733
259034,3,-0.81,0.56,9.893,-1.628,1.858,-7.002210,-34.832634
259102,3,-0.85,-0.52,9.864,-1.532,2.049,-7.002210,-34.832634
259153,3,-0.84,0.00,9.845,-1.547,2.203,-7.002210,-34.832634
259203,3,-0.84,0.00,9.792,-1.599,2.303,-7.002210,-34.832634
259253,3,-0.82,0.54,9.764,-1.647,2.351,-7.002210,-34.832634
259304,3,-0.86,0.00,9.653,-1.250,2.428,-7.002210,-34.832634
259354,3,-0.87,-0.88,9.615,-1.207,2.361,-7.002210,-34.832634
259404,3,-0.87,0.00,9.682,-1.077,2.361,-7.002210,-34.832634
259456,3,-0.85,0.52,9.735,-1.283,2.356,-7.002210,-34.832634
259507,3,-0.88,-0.86,9.759,-1.283,2.591,-7.002210,-34.832634
259559,3,-0.85,0.48,9.706,-1.350,2.648,-7.002210,-34.832634
259610,3,-0.89,-1.34,9.610,-1.465,2.710,-7.002210,-34.832634
259662,3,-0.87,0.00,9.553,-1.331,2.672,-7.002210,-34.832634
259714,3,-0.88,-0.82,9.476,-1.283,2.591,-7.002210,-34.832634
259765,3,-0.87,0.00,9.519,-1.432,2.576,-7.002210,-34.832634
259817,3,-0.89,0.00,9.586,-1.662,2.576,-7.002210,-34.832634
259868,3,-0.87,0.52,9.692,-1.867,2.567,-7.002210,-34.832634
259920,3,-0.88,0.52,9.764,-1.944,2.591,-7.002210,-34.832634
259970,3,-0.91,-0.88,9.716,-1.954,2.562,-7.002210,-34.832634
260021,3,-0.89,0.00,9.634,-1.791,2.562,-7.002267,-34.832561
260071,3,-0.89,0.56,9.553,-1.571,2.495,-7.002267,-34.832561
260121,3,-0.90,-0.36,9.610,-1.451,2.303,-7.002267,-34.832561
260172,3,-0.88,0.00,9.673,-1.245,2.365,-7.002267,-34.832561
260222,3,-0.88,-0.36,9.706,-1.101,2.413,-7.002267,-34.832561
260273,3,-0.86,0.50,9.740,-1.106,2.399,-7.002267,-34.832561
260323,3,-0.89,0.00,9.730,-1.173,2.265,-7.002267,-34.832561
260375,3,-0.90,-1.34,9.778,-1.288,2.207,-7.002267,-34.832561
260427,3,-0.88,0.48,9.620,-0.977,2.160,-7.002267,-34.832561
260478,3,-0.87,0.00,9.586,-0.742,2.179,-7.002267,-34.832561
260530,3,-0.91,0.00,9.462,-0.632,2.255,-7.002267,-34.832561
260581,3,-0.91,0.00,9.452,-0.589,2.227,-7.002267,-34.832561
260632,3,-0.93,-0.74,9.519,-0.694,2.365,-7.002267,-34.832561
260683,3,-0.93,0.00,9.380,-0.699,2.179,-7.002267,-34.832561
260735,3,-0.93,-0.86,9.515,-1.101,2.073,-7.002267,-34.832561
260787,3,-0.93,0.00,9.232,-0.977,1.772,-7.002267,-34.832561
260838,3,-0.92,0.48,9.352,-1.101,1.571,-7.002267,-34.832561
260890,3,-0.92,0.00,9.175,-1.125,1.513,-7.002267,-34.832561
260939,3,-0.96,0.00,9.457,-1.513,1.403,-7.002267,-34.832561
260990,3,-0.98,-0.56,9.677,-1.800,1.796,-7.002267,-34.832561
261040,3,-0.98,0.00,9.965,-1.958,1.317,-7.002370,-34.832581
261090,3,-1.00,0.00,10.563,-1.839,1.082,-7.002370,-34.832581
261160,3,-1.06,-0.78,10.855,-2.150,0.268,-7.002370,-34.832581
261211,3,-1.06,0.00,11.090,-3.328,0.302,-7.002370,-34.832581
261261,3,-1.06,0.00,10.774,-3.821,0.737,-7.002370,-34.832581
261311,3,-1.09,-0.54,10.573,-3.749,0.833,-7.002370,-34.832581
261362,3,-1.09,0.00,10.137,-3.740,0.637,-7.002370,-34.832581
261412,3,-1.09,0.00,9.395,-3.165,0.469,-7.002370,-34.832581
261463,3,-1.09,0.00,8.653,-2.389,0.541,-7.002370,-34.832581
261515,3,-1.07,0.00,8.179,-1.872,0.340,-7.002370,-34.832581
261567,3,-1.07,1.34,8.677,-2.480,0.311,-7.002370,-34.832581
261618,3,-1.07,0.00,9.189,-2.265,0.393,-7.002370,-34.832581
261670,3,-1.10,-1.34,9.754,-1.944,0.713,-7.002370,-34.832581
261721,3,-1.10,0.00,10.271,-2.222,1.240,-7.002370,-34.832581
261773,3,-1.12,0.00,10.913,-2.988,1.379,-7.002370,-34.832581
261822,3,-1.13,-0.52,11.583,-3.548,1.460,-7.002370,-34.832581
261874,3,-1.13,0.00,11.507,-3.994,0.986,-7.002370,-34.832581
261925,3,-1.14,-0.86,10.319,-2.830,0.891,-7.002370,-34.832581
261976,3,-1.14,0.00,9.376,-1.978,0.364,-7.002370,-34.832581
262026,3,-1.13,0.00,9.294,-1.877,0.081,-7.002471,-34.832584
262077,3,-1.13,0.00,9.357,-1.935,0.618,-7.002471,-34.832584
262127,3,-1.15,-0.93,9.606,-2.169,1.183,-7.002471,-34.832584
262177,3,-1.12,0.00,9.998,-2.385,1.451,-7.002471,-34.832584
262228,3,-1.08,0.52,9.993,-3.021,1.010,-7.002471,-34.832584
262278,3,-1.05,1.08,9.874,-3.041,0.632,-7.002471,-34.832584
262329,3,-1.04,0.00,9.074,-2.763,0.373,-7.002471,-34.832584
262378,3,-1.03,1.09,9.452,-2.744,0.239,-7.002471,-34.832584
262430,3,-1.02,0.00,9.548,-3.745,0.785,-7.002471,-34.832584
262481,3,-1.01,0.52,8.610,-3.160,0.757,-7.002471,-34.832584
262532,3,-1.01,0.00,8.950,-2.538,0.642,-7.002471,-34.832584
262583,3,-1.03,0.00,9.859,-2.222,-0.215,-7.002471,-34.832584
262635,3,-1.03,0.00,9.859,-2.212,0.527,-7.002471,-34.832584
262687,3,-1.02,0.52,9.108,-2.198,1.365,-7.002471,-34.832584
262738,3,-1.07,-1.86,9.342,-3.309,1.322,-7.002471,-34.832584
262790,3,-1.07,0.00,9.017,-3.213,2.097,-7.002471,-34.832584
262841,3,-1.07,0.00,9.146,-2.993,1.705,-7.002471,-34.832584
262893,3,-1.07,0.00,9.658,-3.017,0.919,-7.002471,-34.832584
262943,3,-1.05,0.56,10.386,-2.911,-0.029,-7.002471,-34.832584
262993,3,-1.09,-1.33,10.625,-3.548,1.245,-7.002471,-34.832584
263044,3,-1.06,0.00,9.969,-3.898,1.231,-7.002471,-34.832584
263094,3,-1.04,0.00,9.960,-3.567,1.379,-7.002471,-34.832584
263145,3,-1.03,0.56,9.859,-3.505,0.479,-7.002471,-34.832584
263212,3,-1.00,0.36,9.524,-2.772,1.159,-7.002471,-34.832584
263263,3,-1.01,0.00,9.328,-2.658,2.279,-7.002471,-34.832584
263314,3,-1.00,0.52,9.131,-2.983,2.150,-7.002471,-34.832584
263365,3,-0.99,0.00,8.815,-3.582,1.542,-7.002471,-34.832584
263417,3,-0.97,0.52,9.017,-2.155,1.772,-7.002471,-34.832584
263469,3,-0.97,0.00,9.060,-2.576,1.494,-7.002471,-34.832584
263520,3,-0.99,0.00,9.208,-3.060,1.628,-7.002471,-34.832584
263572,3,-0.98,0.52,9.175,-2.298,2.073,-7.002471,-34.832584
263623,3,-0.94,0.52,9.644,-2.356,1.772,-7.002471,-34.832584
263675,3,-0.98,-1.34,10.266,-2.552,0.977,-7.002471,-34.832584
263727,3,-0.98,0.00,10.453,-3.136,0.220,-7.002471,-34.832584
263778,3,-0.95,0.52,9.993,-3.117,0.201,-7.002471,-34.832584
263830,3,-0.94,0.00,9.409,-2.782,0.828,-7.002471,-34.832584
263881,3,-0.96,0.52,9.323,-1.949,1.164,-7.002471,-34.832584
263933,3,-0.94,0.52,9.783,-2.480,0.766,-7.002471,-34.832584
263984,3,-0.93,0.00,9.706,-2.677,0.464,-7.002471,-34.832584
264034,3,-0.95,0.00,9.601,-2.576,0.637,-7.002471,-34.832584
264085,3,-0.93,1.09,9.615,-2.523,0.608,-7.002471,-34.832584
264135,3,-0.96,0.00,9.610,-2.303,0.527,-7.002471,-34.832584
264185,3,-0.95,0.00,9.850,-2.078,0.618,-7.002471,-34.832584
264236,3,-0.94,0.56,10.175,-1.901,0.728,-7.002471,-34.832584
264287,3,-0.94,0.00,10.386,-2.509,0.474,-7.002471,-34.832584
264339,3,-0.97,-1.34,10.056,-3.112,0.460,-7.002471,-34.832584
264390,3,-0.98,0.00,9.328,-3.184,0.670,-7.002471,-34.832584
264441,3,-0.97,0.48,9.792,-2.796,2.480,-7.002471,-34.832584
264492,3,-0.97,0.00,8.950,-2.772,2.586,-7.002471,-34.832584
264544,3,-1.01,0.00,9.194,-3.539,2.801,-7.002471,-34.832584
264596,3,-0.99,0.52,9.108,-4.046,2.476,-7.002471,-34.832584
264647,3,-1.00,0.56,8.878,-3.510,3.045,-7.002471,-34.832584
264699,3,-1.00,0.00,8.902,-3.251,3.223,-7.002471,-34.832584
264750,3,-0.99,0.00,9.131,-3.179,2.983,-7.002471,-34.832584
264802,3,-1.00,-0.89,9.352,-3.242,2.456,-7.002471,-34.832584
264854,3,-0.98,0.00,9.486,-3.151,1.935,-7.002471,-34.832584
264905,3,-0.97,0.00,9.658,-3.084,1.618,-7.002471,-34.832584
264958,3,-0.99,-0.88,9.692,-2.849,1.398,-7.002471,-34.832584
265008,3,-0.98,0.00,9.534,-2.686,1.374,-7.002714,-34.832584
265058,3,-0.99,-0.89,9.433,-2.423,1.571,-7.002714,-34.832584
265109,3,-0.97,0.56,9.414,-2.270,1.575,-7.002714,-34.832584
265159,3,-1.01,0.00,9.462,-2.404,1.446,-7.002714,-34.832584
265210,3,-0.98,0.58,9.395,-2.380,1.547,-7.002714,-34.832584
265292,3,-0.97,0.15,9.505,-2.658,1.312,-7.002714,-34.832584
265343,3,-1.01,0.00,9.572,-2.619,1.101,-7.002714,-34.832584
265394,3,-0.99,0.56,9.462,-2.782,0.953,-7.002714,-34.832584
265445,3,-0.98,0.48,9.500,-3.089,1.101,-7.002714,-34.832584
265496,3,-0.96,0.52,9.567,-3.658,0.934,-7.002714,-34.832584
265548,3,-0.95,0.00,9.639,-3.768,0.900,-7.002714,-34.832584
265600,3,-0.97,0.52,9.596,-3.917,0.699,-7.002714,-34.832584
265651,3,-0.97,0.00,9.486,-3.893,0.824,-7.002714,-34.832584
265703,3,-1.00,-0.86,9.361,-4.003,0.900,-7.002714,-34.832584
265754,3,-1.00,0.00,9.299,-3.821,0.948,-7.002714,-34.832584
265806,3,-0.98,0.00,9.299,-3.883,1.015,-7.002714,-34.832584
265858,3,-1.00,-0.52,9.309,-3.831,0.939,-7.002714,-34.832584
265909,3,-1.00,0.00,9.304,-3.874,0.943,-7.002714,-34.832584
265959,3,-1.00,-0.56,9.309,-3.845,0.910,-7.002714,-34.832584
266010,3,-1.01,-0.52,9.337,-3.788,0.824,-7.002875,-34.832634
266060,3,-1.01,0.00,9.352,-3.634,0.728,-7.002875,-34.832634
266110,3,-1.01,0.00,9.347,-3.663,0.661,-7.002875,-34.832634
266161,3,-1.04,-1.31,9.280,-3.481,0.675,-7.002875,-34.832634
266211,3,-1.04,0.00,9.318,-3.577,0.608,-7.002875,-34.832634
266262,3,-1.04,0.00,9.361,-3.371,0.570,-7.002875,-34.832634
266312,3,-1.04,0.00,9.385,-3.687,0.579,-7.002875,-34.832634
266362,3,-1.04,0.00,9.376,-3.888,0.795,-7.002875,-34.832634
266414,3,-1.08,0.48,9.333,-3.898,0.900,-7.002875,-34.832634
266465,3,-1.08,0.00,9.333,-3.907,0.943,-7.002875,-34.832634
266517,3,-1.08,0.00,9.246,-3.903,1.044,-7.002875,-34.832634
266569,3,-1.09,-0.48,9.165,-3.855,1.144,-7.002875,-34.832634
266619,3,-1.13,-1.38,9.184,-3.831,1.235,-7.002875,-34.832634
266670,3,-1.12,0.52,9.136,-3.864,1.211,-7.002875,-34.832634
266722,3,-1.12,-0.34,9.179,-4.008,1.255,-7.002875,-34.832634
266774,3,-1.12,0.00,9.184,-3.979,1.360,-7.002875,-34.832634
266825,3,-1.12,0.00,9.242,-4.085,1.298,-7.002875,-34.832634
266877,3,-1.16,0.56,9.304,-4.166,1.087,-7.002875,-34.832634
266926,3,-1.16,0.00,9.199,-4.142,1.101,-7.002875,-34.832634
266977,3,-1.20,0.00,9.218,-3.903,1.111,-7.002875,-34.832634
267027,3,-1.20,0.00,9.098,-3.697,1.097,-7.002875,-34.832634
267078,3,-1.22,0.00,9.184,-3.922,1.130,-7.002875,-34.832634
267128,3,-1.22,0.00,9.232,-3.912,1.020,-7.002875,-34.832634
267178,3,-1.22,0.00,9.213,-3.907,1.168,-7.002875,-34.832634
267228,3,-1.24,0.00,9.227,-3.979,1.293,-7.002875,-34.832634
267280,3,-1.26,0.00,9.179,-4.094,1.250,-7.002875,-34.832634
267346,3,-1.24,0.19,9.232,-4.180,1.283,-7.002875,-34.832634
267398,3,-1.24,0.00,9.266,-3.946,1.207,-7.002875,-34.832634
267450,3,-1.28,0.00,9.203,-3.989,1.149,-7.002875,-34.832634
267500,3,-1.27,0.48,9.160,-3.745,1.211,-7.002875,-34.832634
267552,3,-1.27,0.00,9.122,-3.472,1.245,-7.002875,-34.832634
267603,3,-1.25,0.52,9.160,-3.716,1.168,-7.002875,-34.832634
267655,3,-1.25,0.00,9.222,-3.850,1.168,-7.002875,-34.832634
267706,3,-1.24,0.00,9.246,-3.936,1.120,-7.002875,-34.832634
267758,3,-1.27,-1.29,9.208,-3.869,1.001,-7.002875,-34.832634
267810,3,-1.24,0.52,9.304,-3.749,0.924,-7.002875,-34.832634
267861,3,-1.28,-1.34,9.199,-3.941,0.670,-7.002875,-34.832634
267913,3,-1.27,0.00,9.457,-3.965,0.666,-7.002875,-34.832634
267963,3,-1.29,-0.88,9.318,-3.807,0.589,-7.002875,-34.832634
268014,3,-1.28,0.52,9.294,-3.879,0.594,-7.002875,-34.832634
268064,3,-1.31,0.00,9.218,-3.735,0.723,-7.002875,-34.832634
268114,3,-1.29,0.56,9.266,-3.960,0.646,-7.002875,-34.832634
268165,3,-1.32,-1.45,9.347,-3.859,0.622,-7.002875,-34.832634
268215,3,-1.29,0.00,9.256,-3.859,0.608,-7.002875,-34.832634
268267,3,-1.32,-0.82,9.194,-3.773,0.919,-7.002875,-34.832634
268318,3,-1.30,0.00,9.141,-4.003,0.924,-7.002875,-34.832634
268370,3,-1.32,0.00,9.242,-4.022,1.073,-7.002875,-34.832634
268421,3,-1.35,-1.34,9.246,-4.166,1.245,-7.002875,-34.832634
268473,3,-1.34,0.00,9.189,-4.515,1.269,-7.002875,-34.832634
268525,3,-1.38,-1.34,9.199,-4.190,0.982,-7.002875,-34.832634
268575,3,-1.38,0.00,9.175,-4.166,0.862,-7.002875,-34.832634
268627,3,-1.38,0.00,9.093,-3.634,0.804,-7.002875,-34.832634
268678,3,-1.38,0.00,9.251,-3.462,0.728,-7.002875,-34.832634
268730,3,-1.41,-0.52,9.318,-3.759,0.560,-7.002875,-34.832634
268781,3,-1.39,0.00,9.323,-3.883,0.330,-7.002875,-34.832634
268833,3,-1.39,0.00,9.495,-3.677,0.139,-7.002875,-34.832634
268885,3,-1.43,-1.38,9.519,-3.342,-0.067,-7.002875,-34.832634
268934,3,-1.43,0.00,9.428,-3.290,-0.067,-7.002875,-34.832634
268985,3,-1.42,0.00,9.424,-3.347,0.139,-7.002875,-34.832634
269035,3,-1.43,-0.56,9.337,-3.409,0.244,-7.002875,-34.832634
269085,3,-1.47,0.00,9.385,-3.524,0.201,-7.002875,-34.832634
269136,3,-1.47,0.00,9.457,-3.539,0.067,-7.002875,-34.832634
269186,3,-1.46,0.50,9.500,-3.601,-0.057,-7.002875,-34.832634
269238,3,-1.48,0.00,9.419,-3.658,-0.101,-7.002875,-34.832634
269290,3,-1.47,0.00,9.404,-3.505,0.105,-7.002875,-34.832634
269341,3,-1.45,0.00,9.409,-3.601,0.158,-7.002875,-34.832634
269406,3,-1.48,-0.31,9.366,-3.534,0.215,-7.002875,-34.832634
269458,3,-1.46,0.00,9.385,-3.788,0.153,-7.002875,-34.832634
269510,3,-1.46,0.00,9.481,-3.582,0.067,-7.002875,-34.832634
269560,3,-1.46,0.00,9.380,-3.558,0.105,-7.002875,-34.832634
269612,3,-1.50,-1.45,9.256,-3.294,0.182,-7.002875,-34.832634
269663,3,-1.48,0.52,9.309,-3.433,0.148,-7.002875,-34.832634
269715,3,-1.48,0.00,9.471,-3.625,0.101,-7.002875,-34.832634
269766,3,-1.48,0.00,9.495,-3.639,-0.019,-7.002875,-34.832634
269818,3,-1.51,0.48,9.486,-3.663,-0.081,-7.002875,-34.832634
269870,3,-1.49,0.52,9.419,-3.457,0.081,-7.002875,-34.832634
269921,3,-1.48,0.52,9.323,-3.409,0.048,-7.002875,-34.832634
269972,3,-1.48,0.00,9.395,-3.409,0.081,-7.002875,-34.832634
270022,3,-1.48,0.00,9.457,-3.529,-0.096,-7.002875,-34.832634
270073,3,-1.50,-1.45,9.462,-3.505,0.005,-7.002875,-34.832634
270123,3,-1.50,0.00,9.409,-3.467,-0.043,-7.002875,-34.832634
270173,3,-1.52,0.00,9.404,-3.347,0.029,-7.002875,-34.832634
270223,3,-1.52,0.00,9.400,-3.567,0.144,-7.002875,-34.832634
270275,3,-1.50,0.52,9.462,-3.615,0.072,-7.002875,-34.832634
270327,3,-1.49,0.00,9.519,-3.716,0.038,-7.002875,-34.832634
270378,3,-1.53,0.00,9.476,-3.812,0.148,-7.002875,-34.832634
270430,3,-1.53,0.00,9.270,-3.572,0.431,-7.002875,-34.832634
270481,3,-1.51,0.52,9.266,-3.615,0.613,-7.002875,-34.832634
270533,3,-1.55,-1.27,9.352,-3.481,0.436,-7.002875,-34.832634
270585,3,-1.52,0.52,9.404,-3.548,0.014,-7.002875,-34.832634
270635,3,-1.52,0.00,9.495,-3.366,-0.105,-7.002875,-34.832634
270686,3,-1.49,0.48,9.486,-3.505,-0.273,-7.002875,-34.832634
270738,3,-1.49,0.00,9.524,-3.414,-0.407,-7.002875,-34.832634
270790,3,-1.49,0.00,9.481,-3.112,-0.326,-7.002875,-34.832634
270841,3,-1.46,0.52,9.419,-3.179,-0.192,-7.002875,-34.832634
270893,3,-1.50,0.00,9.419,-3.270,-0.081,-7.002875,-34.832634
270943,3,-1.49,0.00,9.424,-3.338,-0.024,-7.002875,-34.832634
270993,3,-1.49,0.00,9.409,-3.433,0.029,-7.002875,-34.832634
271044,3,-1.49,0.00,9.438,-3.462,0.124,-7.002875,-34.832634
271094,3,-1.47,0.52,9.457,-3.596,0.029,-7.002875,-34.832634
271144,3,-1.49,-0.88,9.438,-3.610,0.096,-7.002875,-34.832634
271195,3,-1.48,0.00,9.481,-3.711,0.101,-7.002875,-34.832634
271244,3,-1.45,0.52,9.443,-3.529,0.153,-7.002875,-34.832634
271296,3,-1.44,0.56,9.385,-3.515,0.263,-7.002875,-34.832634
271347,3,-1.40,1.01,9.299,-3.433,0.335,-7.002875,-34.832634
271399,3,-1.40,0.00,9.385,-3.620,0.254,-7.002875,-34.832634
271464,3,-1.39,0.06,9.500,-3.539,0.086,-7.002875,-34.832634
271516,3,-1.38,0.52,9.400,-3.673,0.019,-7.002875,-34.832634
271568,3,-1.35,0.52,9.390,-3.294,0.139,-7.002875,-34.832634
271618,3,-1.35,0.00,9.438,-3.481,-0.010,-7.002875,-34.832634
271669,3,-1.33,0.48,9.481,-3.448,-0.038,-7.002875,-34.832634
271721,3,-1.35,-0.88,9.433,-3.338,-0.053,-7.002875,-34.832634
271770,3,-1.32,0.52,9.313,-3.290,0.110,-7.002875,-34.832634
271822,3,-1.31,0.48,9.256,-3.735,0.038,-7.002875,-34.832634
271873,3,-1.29,0.00,9.629,-3.333,-0.053,-7.002875,-34.832634
271925,3,-1.30,1.01,9.677,-3.481,-0.455,-7.002875,-34.832634
271976,3,-1.30,0.00,9.529,-3.251,-0.484,-7.002875,-34.832634
272026,3,-1.29,0.00,9.428,-3.170,-0.326,-7.002875,-34.832634
272077,3,-1.30,-0.93,9.438,-3.141,-0.321,-7.002875,-34.832634
272127,3,-1.29,0.54,9.443,-3.189,-0.436,-7.002875,-34.832634
272177,3,-1.32,0.00,9.467,-3.314,-0.283,-7.002875,-34.832634
272227,3,-1.31,0.56,9.471,-3.433,-0.268,-7.002875,-34.832634
272279,3,-1.29,0.48,9.582,-3.395,-0.139,-7.002875,-34.832634
272330,3,-1.31,-0.48,9.543,-3.610,-0.096,-7.002875,-34.832634
272382,3,-1.31,0.00,9.428,-3.208,0.115,-7.002875,-34.832634
272431,3,-1.29,0.00,9.309,-3.577,0.144,-7.002875,-34.832634
272483,3,-1.33,-1.34,9.424,-3.251,0.158,-7.002875,-34.832634
272533,3,-1.33,0.00,9.476,-3.448,-0.034,-7.002875,-34.832634
272585,3,-1.34,-0.52,9.486,-3.424,-0.129,-7.002875,-34.832634
272636,3,-1.34,0.00,9.443,-3.342,-0.321,-7.002875,-34.832634
272688,3,-1.34,0.00,9.625,-2.998,-0.522,-7.002875,-34.832634
272739,3,-1.33,0.00,9.744,-3.117,-0.532,-7.002875,-34.832634
272791,3,-1.35,0.00,9.644,-3.141,-0.733,-7.002875,-34.832634
272840,3,-1.34,0.52,9.486,-2.844,-0.752,-7.002875,-34.832634
272892,3,-1.34,0.00,9.409,-2.887,-0.704,-7.002875,-34.832634
272941,3,-1.34,0.00,9.462,-2.801,-0.618,-7.002875,-34.832634
272992,3,-1.34,0.00,9.629,-3.026,-0.551,-7.002875,-34.832634
273042,3,-1.34,0.00,9.606,-3.237,-0.527,-7.002875,-34.832634
273093,3,-1.36,-0.93,9.414,-3.045,-0.129,-7.002875,-34.832634
273143,3,-1.37,-0.52,9.438,-2.964,-0.038,-7.002875,-34.832634
273193,3,-1.37,0.00,9.448,-3.309,-0.474,-7.002875,-34.832634
273245,3,-1.36,0.00,9.562,-2.892,-0.560,-7.002875,-34.832634
273297,3,-1.35,0.00,9.716,-2.567,-0.857,-7.002875,-34.832634
273346,3,-1.33,0.52,10.190,-2.911,-1.322,-7.002875,-34.832634
273398,3,-1.35,-0.86,10.104,-2.978,-1.188,-7.002875,-34.832634
273448,3,-1.35,0.00,9.366,-2.318,-0.522,-7.002875,-34.832634
273514,3,-1.33,0.31,9.208,-3.112,0.182,-7.002875,-34.832634
273564,3,-1.36,-1.34,9.194,-3.701,0.627,-7.002875,-34.832634
273616,3,-1.35,0.00,9.409,-3.807,1.030,-7.002875,-34.832634
273667,3,-1.32,0.52,10.118,-3.433,1.164,-7.002875,-34.832634
273719,3,-1.31,0.48,10.051,-4.156,1.556,-7.002875,-34.832634
273770,3,-1.32,0.52,9.586,-4.334,1.547,-7.002875,-34.832634
273822,3,-1.32,0.00,9.151,-3.610,1.398,-7.002875,-34.832634
273874,3,-1.30,0.00,9.103,-3.840,0.857,-7.002875,-34.832634
273926,3,-1.33,-1.49,9.266,-3.917,0.742,-7.002875,-34.832634
273976,3,-1.31,0.56,9.050,-3.644,1.097,-7.002875,-34.832634
274026,3,-1.30,0.00,8.983,-3.347,1.451,-7.002875,-34.832634
274077,3,-1.29,0.00,9.251,-3.385,1.020,-7.002875,-34.832634
274127,3,-1.32,-1.45,9.385,-3.184,0.929,-7.002875,-34.832634
274178,3,-1.31,0.00,9.553,-3.170,0.800,-7.002875,-34.832634
274228,3,-1.27,1.09,9.859,-3.261,0.517,-7.002875,-34.832634
274279,3,-1.25,0.00,9.893,-3.405,-0.096,-7.002875,-34.832634
274331,3,-1.29,0.00,9.735,-3.232,-0.230,-7.002875,-34.832634
274382,3,-1.28,0.48,9.467,-2.638,0.144,-7.002875,-34.832634
274434,3,-1.30,0.00,9.448,-2.490,0.326,-7.002875,-34.832634
274486,3,-1.27,0.52,9.457,-2.198,0.809,-7.002875,-34.832634
274537,3,-1.24,0.00,9.203,-1.829,0.690,-7.002875,-34.832634
274589,3,-1.22,-0.34,9.725,-1.532,0.881,-7.002875,-34.832634
274640,3,-1.21,0.52,9.850,-1.484,0.321,-7.002875,-34.832634
274691,3,-1.22,-0.34,10.070,-1.733,-0.541,-7.002875,-34.832634
274742,3,-1.21,0.00,9.859,-1.322,-0.378,-7.002875,-34.832634
274794,3,-1.20,-0.82,9.840,-1.216,-0.627,-7.002875,-34.832634
274846,3,-1.19,0.52,9.941,-1.336,-0.402,-7.002875,-34.832634
274897,3,-1.17,0.00,10.036,-1.638,-1.168,-7.002875,-34.832634
274947,3,-1.17,0.52,10.228,-2.193,-2.514,-7.002875,-34.832634
274998,3,-1.14,0.00,9.878,-2.174,-3.036,-7.002875,-34.832634
275048,3,-1.15,0.52,9.548,-1.695,-3.912,-7.002875,-34.832634
275098,3,-1.14,0.56,8.782,-1.451,-3.955,-7.002875,-34.832634
275149,3,-1.12,0.00,8.643,-1.235,-4.137,-7.002875,-34.832634
275199,3,-1.13,-0.88,8.557,-1.451,-4.214,-7.002875,-34.832634
275251,3,-1.13,0.00,8.648,-1.920,-4.439,-7.002875,-34.832634
275303,3,-1.12,0.00,8.600,-2.389,-4.726,-7.002875,-34.832634
275354,3,-1.09,0.56,8.475,-2.504,-4.654,-7.002875,-34.832634
275406,3,-1.08,0.48,8.475,-2.409,-3.970,-7.002875,-34.832634
275458,3,-1.05,0.52,8.456,-2.351,-3.237,-7.002875,-34.832634
275509,3,-1.07,-0.93,8.600,-2.289,-2.514,-7.002875,-34.832634
275575,3,-1.06,0.19,8.988,-2.428,-1.733,-7.002875,-34.832634
275626,3,-1.06,0.00,9.313,-3.002,-2.298,-7.002875,-34.832634
275677,3,-1.06,0.00,9.591,-2.528,-2.701,-7.002875,-34.832634
275728,3,-1.05,0.00,10.056,-2.389,-2.849,-7.002875,-34.832634
275780,3,-1.03,0.00,10.161,-2.648,-2.337,-7.002875,-34.832634
275832,3,-1.02,0.52,9.644,-3.371,-1.738,-7.002875,-34.832634
275883,3,-1.04,0.00,9.419,-3.381,-0.718,-7.002875,-34.832634
275935,3,-1.04,0.00,8.892,-3.792,0.292,-7.002875,-34.832634
275986,3,-1.04,0.00,9.222,-4.257,0.182,-7.002875,-34.832634
276036,3,-1.03,0.56,9.649,-4.606,-0.589,-7.002875,-34.832634
276087,3,-1.01,0.48,9.749,-3.960,-1.025,-7.002875,-34.832634
276137,3,-1.03,0.00,9.558,-3.294,-0.508,-7.002875,-34.832634
276187,3,-1.01,0.46,9.558,-3.031,-0.584,-7.002875,-34.832634
276237,3,-1.05,-1.29,9.376,-2.351,-0.297,-7.002875,-34.832634
276289,3,-1.05,0.00,9.601,-1.781,-0.871,-7.002875,-34.832634
276340,3,-1.06,-0.52,9.974,-1.451,-1.044,-7.002875,-34.832634
276392,3,-1.06,0.00,10.204,-2.241,-1.930,-7.002875,-34.832634
276444,3,-1.07,0.52,10.113,-2.998,-1.695,-7.002875,-34.832634
276495,3,-1.06,0.52,10.199,-3.716,-1.470,-7.002875,-34.832634
276547,3,-1.02,0.48,9.467,-3.716,-2.212,-7.002875,-34.832634
276598,3,-1.02,0.00,9.103,-4.482,-2.097,-7.002875,-34.832634
276650,3,-1.02,0.00,8.480,-4.535,-1.264,-7.002875,-34.832634
276702,3,-1.02,0.48,8.389,-4.463,0.230,-7.002875,-34.832634
276752,3,-1.02,0.00,7.925,-4.559,1.427,-7.002875,-34.832634
276804,3,-1.01,0.52,8.155,-4.808,1.877,-7.002875,-34.832634
276855,3,-1.02,0.00,8.523,-4.702,2.116,-7.002875,-34.832634
276907,3,-1.06,0.00,8.543,-4.922,1.848,-7.002875,-34.832634
276957,3,-1.06,0.00,8.384,-5.210,1.288,-7.002875,-34.832634
277007,3,-1.06,0.00,8.758,-5.066,1.623,-7.002875,-34.832634
277058,3,-1.05,0.56,8.835,-5.339,1.504,-7.002875,-34.832634
277108,3,-1.03,0.52,8.715,-5.109,1.480,-7.002875,-34.832634
277159,3,-1.07,0.00,8.739,-4.745,1.590,-7.002875,-34.832634
277209,3,-1.06,0.00,8.902,-4.238,1.293,-7.002875,-34.832634
277261,3,-1.04,0.52,9.218,-3.989,1.729,-7.002875,-34.832634
277312,3,-1.03,0.00,9.318,-3.304,1.925,-7.002875,-34.832634
277364,3,-1.02,0.48,8.777,-2.749,2.619,-7.002875,-34.832634
277415,3,-1.05,0.00,9.433,-2.691,2.619,-7.002875,-34.832634
277467,3,-1.01,0.52,8.916,-2.796,2.361,-7.002875,-34.832634
277516,3,-1.01,0.00,9.443,-2.998,2.878,-7.002875,-34.832634
277568,3,-1.00,0.52,9.060,-2.878,2.279,-7.002875,-34.832634
277641,3,-1.02,-0.30,9.524,-2.638,2.456,-7.002875,-34.832634
277693,3,-1.01,0.52,9.821,-2.466,2.547,-7.002875,-34.832634
277743,3,-1.04,-1.34,9.620,-2.466,2.557,-7.002875,-34.832634
277795,3,-1.01,1.45,9.572,-1.695,2.744,-7.002875,-34.832634
277846,3,-1.03,0.00,9.462,-0.943,2.940,-7.002875,-34.832634
277898,3,-1.03,0.00,9.419,-0.728,2.380,-7.002875,-34.832634
277948,3,-1.03,0.00,9.682,-0.819,2.452,-7.002875,-34.832634
277998,3,-1.05,-1.45,9.653,-1.034,2.351,-7.002875,-34.832634
278049,3,-1.04,0.52,9.840,-0.771,2.409,-7.002875,-34.832634
278099,3,-1.04,0.00,9.740,-0.158,2.241,-7.002875,-34.832634
278149,3,-1.07,-1.28,9.898,-0.062,2.696,-7.002875,-34.832634
278200,3,-1.06,0.56,10.008,-0.239,2.959,-7.002875,-34.832634
278249,3,-1.06,0.00,9.993,-0.292,3.132,-7.002875,-34.832634
278301,3,-1.05,1.01,10.372,-0.661,3.323,-7.002875,-34.832634
278352,3,-1.04,0.52,10.281,-0.924,2.591,-7.002875,-34.832634
278404,3,-1.05,0.52,9.768,-1.437,1.542,-7.002875,-34.832634
278456,3,-1.09,-1.38,9.831,-1.470,0.311,-7.002875,-34.832634
278507,3,-1.07,0.00,9.553,-1.259,-0.464,-7.002875,-34.832634
278559,3,-1.09,0.00,9.596,-1.753,-0.685,-7.002875,-34.832634
278610,3,-1.08,0.00,9.625,-1.844,-0.670,-7.002875,-34.832634
278662,3,-1.09,0.52,9.577,-1.954,-0.675,-7.002875,-34.832634
278714,3,-1.07,0.52,9.620,-2.116,-1.719,-7.002875,-34.832634
278764,3,-1.11,-1.34,9.634,-1.111,-1.456,-7.002875,-34.832634
278816,3,-1.10,0.00,10.022,-1.590,-1.159,-7.002875,-34.832634
278867,3,-1.13,-1.30,9.735,-1.274,-1.216,-7.002875,-34.832634
278919,3,-1.12,0.48,10.027,-2.629,-0.675,-7.002875,-34.832634
278969,3,-1.12,0.00,9.941,-2.342,-1.245,-7.002875,-34.832634
279020,3,-1.13,-0.76,9.821,-1.978,-0.991,-7.002875,-34.832634
279070,3,-1.13,0.00,9.634,-0.781,-1.058,-7.002875,-34.832634
279120,3,-1.11,0.00,10.147,-1.417,-1.614,-7.002875,-34.832634
279171,3,-1.15,0.00,10.300,-1.786,-1.690,-7.002875,-34.832634
279221,3,-1.14,0.56,10.760,-1.427,-1.628,-7.002875,-34.832634
279273,3,-1.12,0.00,10.324,-1.192,-1.341,-7.002875,-34.832634
279324,3,-1.16,0.00,9.529,-1.264,-0.421,-7.002875,-34.832634
279376,3,-1.16,0.00,9.246,-1.326,-0.196,-7.002875,-34.832634
279427,3,-1.15,-0.37,9.395,-2.112,0.330,-7.002875,-34.832634
279479,3,-1.11,1.56,9.965,-1.604,0.177,-7.002875,-34.832634
279528,3,-1.11,1.01,10.228,-1.887,-0.225,-7.002875,-34.832634
279580,3,-1.09,0.52,10.104,-1.092,0.407,-7.002875,-34.832634
279631,3,-1.12,0.00,9.835,-1.207,0.675,-7.002875,-34.832634
