Tempo,Estado,Alt,Vel,AccX,AccY,AccZ,Lat,Lon
14147,0,-0.08,0.00,3.658,4.731,8.337,0,0
14200,0,-0.09,-0.35,3.577,5.018,7.748,0,0
14251,0,-0.10,0.00,3.342,4.075,8.902,0,0
14301,0,-0.09,-0.36,3.725,4.290,8.279,0,0
14351,0,-0.11,-0.88,3.625,4.875,8.179,0,0
14402,0,-0.09,1.01,3.443,5.210,7.848,0,0
14453,0,-0.06,0.00,3.156,5.334,8.025,0,0
14505,0,-0.09,-0.34,3.266,4.990,8.159,0,0
14556,0,-0.08,0.48,3.625,4.583,8.294,0,0
14608,0,-0.11,0.00,3.539,4.875,8.092,0,0
14660,0,-0.11,0.19,3.213,5.104,8.064,0,0
14711,0,-0.10,0.00,3.347,4.903,8.174,0,0
14763,0,-0.07,1.01,3.500,4.712,8.164,0,0
14814,0,-0.08,-0.34,3.414,4.831,8.150,0,0
14866,0,-0.04,0.19,3.318,5.009,8.131,0,0
14917,0,-0.02,1.01,3.385,4.918,8.155,0,0
14969,0,0.01,0.00,3.342,5.004,8.150,0,0
15020,0,-0.01,-0.34,3.419,4.937,8.203,0,0
15071,0,-0.03,-0.82,3.395,4.927,8.126,0,0
15120,0,-0.02,0.48,3.352,4.956,8.164,0,0
15171,0,-0.04,0.00,3.424,4.884,8.193,0,0
15221,0,-0.04,0.56,3.395,4.908,8.131,0,0
15272,0,-0.07,-0.93,3.385,4.884,8.198,0,0
15322,0,-0.05,0.00,3.390,4.884,8.198,0,0
15371,0,-0.10,-0.82,3.405,4.913,8.140,0,0
15423,0,-0.09,0.48,3.419,4.860,8.174,0,0
15474,0,-0.12,0.00,3.385,4.913,8.107,0,0
15526,0,-0.10,0.52,3.366,4.918,8.183,0,0
15578,0,-0.12,0.00,3.476,4.846,8.159,0,0
15629,0,-0.13,-1.34,3.414,4.879,8.183,0,0
15681,0,-0.12,0.52,3.342,4.980,8.150,0,0
15732,0,-0.14,0.52,3.419,4.817,8.212,0,0
15784,0,-0.13,0.52,3.414,4.875,8.188,0,0
15834,0,-0.15,-0.86,3.395,4.946,8.140,0,0
15886,0,-0.16,-0.36,3.371,4.918,8.193,0,0
15937,0,-0.12,0.52,3.424,4.851,8.150,0,0
15989,0,-0.12,-0.34,3.371,4.913,8.150,0,0
16040,0,-0.10,0.00,3.371,4.884,8.131,0,0
16092,0,-0.14,-1.49,3.409,4.908,8.284,0,0
16142,0,-0.11,0.00,3.424,4.942,8.102,0,0
16193,0,-0.11,1.04,3.395,4.879,8.179,0,0
16246,0,-0.08,0.43,3.376,4.956,8.159,0,0
16296,0,-0.09,0.50,3.361,4.908,8.164,0,0
16347,0,-0.08,0.52,3.381,4.956,8.126,0,0
16397,0,-0.06,0.52,3.419,4.889,8.250,0,0
16448,0,-0.08,-0.71,3.424,4.903,8.183,0,0
16500,0,-0.07,0.00,3.366,4.951,8.179,0,0
16552,0,-0.09,-0.82,3.390,4.899,8.155,0,0
16603,0,-0.11,0.00,3.409,4.875,8.193,0,0
16655,0,-0.07,0.48,3.419,4.927,8.150,0,0
16706,0,-0.05,1.04,3.376,4.956,8.188,0,0
16758,0,-0.04,0.52,3.424,4.903,8.188,0,0
16809,0,-0.05,-0.34,3.381,4.927,8.121,0,0
16861,0,-0.04,0.00,3.385,4.875,8.207,0,0
16912,0,-0.05,0.48,3.409,4.889,8.150,0,0
16964,0,-0.05,-0.26,3.371,4.956,8.135,0,0
17016,0,-0.06,-0.78,3.428,4.841,8.112,0,0
17066,0,-0.06,0.00,3.352,4.970,8.169,0,0
17116,0,-0.04,-0.36,3.381,4.932,8.107,0,0
17166,0,-0.02,1.05,3.462,4.769,8.198,0,0
17216,0,0.01,0.00,3.390,4.913,8.217,0,0
17267,0,0.00,-0.76,3.376,4.908,8.140,0,0
17317,0,0.00,0.00,3.381,4.894,8.179,0,0
17369,0,0.00,0.00,3.433,4.875,8.174,0,0
17421,0,-0.02,-0.91,3.400,4.903,8.179,0,0
17472,0,-0.01,0.48,3.390,4.889,8.164,0,0
17524,0,-0.03,-0.82,3.381,4.903,8.174,0,0
17575,0,0.00,1.02,3.376,4.894,8.155,0,0
17627,0,-0.02,0.00,3.409,4.903,8.164,0,0
17678,0,0.02,1.04,3.376,4.956,8.188,0,0
17730,0,0.01,0.00,3.409,4.899,8.131,0,0
17782,0,0.03,-0.32,3.414,4.875,8.135,0,0
17833,0,0.04,0.54,3.352,4.860,8.188,0,0
17885,0,0.06,0.54,3.385,4.879,8.140,0,0
17936,0,0.05,-0.34,3.371,4.908,8.150,0,0
17988,0,0.08,0.00,3.409,4.889,8.217,0,0
18038,0,0.06,-0.80,3.424,4.875,8.126,0,0
18090,0,0.08,0.00,3.361,4.908,8.135,0,0
18140,0,0.09,0.56,3.357,4.899,8.207,0,0
18190,0,0.11,0.00,3.419,4.841,8.179,0,0
18241,0,0.11,0.54,3.405,4.870,8.174,0,0
18292,0,0.10,-0.12,3.366,4.942,8.174,0,0
18341,0,0.13,0.00,3.371,4.937,8.174,0,0
18393,0,0.16,1.01,3.385,4.870,8.159,0,0
18443,0,0.17,0.52,3.385,4.855,8.179,0,0
18494,0,0.13,0.00,3.371,4.922,8.135,0,0
18546,0,0.13,-0.86,3.357,4.889,8.174,0,0
18598,0,0.14,0.47,3.390,4.894,8.193,0,0
18649,0,0.09,0.00,3.419,4.870,8.183,0,0
18701,0,0.10,0.00,3.390,4.903,8.159,0,0
18752,0,0.07,0.00,3.366,4.903,8.140,0,0
18804,0,0.08,0.52,3.395,4.889,8.188,0,0
18855,0,0.11,1.02,3.405,4.865,8.174,0,0
18907,0,0.07,-1.21,3.395,4.913,8.193,0,0
18959,0,0.07,0.00,3.385,4.951,8.164,0,0
19010,0,0.03,0.00,3.352,4.937,8.226,0,0
19062,0,0.04,0.50,3.405,4.855,8.150,0,0
19114,0,0.02,0.00,3.371,4.903,8.150,0,0
19164,0,0.05,0.56,3.400,4.841,8.164,0,0
19215,0,0.03,-0.93,3.371,4.870,8.164,0,0
19265,0,0.03,0.00,3.400,4.913,8.188,0,0
19317,0,0.05,0.52,3.428,4.908,8.135,0,0
19367,0,0.05,0.00,3.381,4.894,8.231,0,0
19419,0,0.03,-0.56,3.400,4.908,8.150,0,0
19470,0,0.06,1.02,3.395,4.875,8.179,0,0
19522,0,0.04,0.48,3.366,4.946,8.164,0,0
19573,0,0.05,0.54,3.414,4.913,8.188,0,0
19625,0,0.03,0.00,3.414,4.913,8.193,0,0
19676,0,0.05,0.48,3.385,4.913,8.193,0,0
19728,0,0.03,-0.84,3.381,4.865,8.207,0,0
19779,0,0.02,0.50,3.405,4.879,8.188,0,0
19831,0,0.04,0.52,3.400,4.879,8.179,0,0
19883,0,0.03,0.00,3.381,4.922,8.107,0,0
19934,0,0.04,-0.34,3.414,4.851,8.217,0,0
19986,0,0.05,0.00,3.376,4.908,8.155,0,0
20036,0,0.03,-0.86,3.385,4.870,8.179,0,0
20087,0,0.04,0.00,3.419,4.889,8.174,0,0
20138,0,0.05,1.13,3.357,4.913,8.140,0,0
20188,0,0.07,1.09,3.385,4.899,8.188,0,0
20239,0,0.09,0.00,3.419,4.899,8.159,0,0
20288,0,0.08,0.56,3.381,4.937,8.169,0,0
20338,0,0.09,0.21,3.419,4.865,8.140,0,0
20390,0,0.09,0.00,3.390,4.889,8.203,0,0
20441,0,0.07,0.00,3.366,4.942,8.183,0,0
20493,0,0.06,-0.84,3.414,4.879,8.159,0,0
20545,0,0.07,0.52,3.409,4.884,8.169,0,0
20595,0,0.10,1.02,3.409,4.932,8.155,0,0
20646,0,0.09,0.00,3.366,4.908,8.207,0,0
20698,0,0.12,1.02,3.486,4.894,8.088,0,0
20749,0,0.10,-0.84,3.390,4.851,8.207,0,0
20801,0,0.09,0.00,3.385,4.841,8.207,0,0
20853,0,0.11,0.56,3.424,4.865,8.212,0,0
20904,0,0.13,0.00,3.390,4.903,8.169,0,0
20956,0,0.12,0.52,3.338,4.812,8.212,0,0
21007,0,0.09,-1.34,3.376,4.726,8.298,0,0
21059,0,0.08,-0.86,3.385,4.774,8.236,0,0
21108,0,0.09,0.54,3.371,4.855,8.236,0,0
21159,0,0.07,0.00,3.395,4.793,8.198,0,0
21209,0,0.10,0.56,3.385,4.827,8.164,0,0
21259,0,0.11,0.54,3.338,4.808,8.241,0,0
21311,0,0.09,0.00,3.376,4.817,8.164,0,0
21363,0,0.10,0.00,3.376,4.798,8.246,0,0
21413,0,0.10,0.00,3.381,4.827,8.207,0,0
21465,0,0.12,0.00,3.385,4.812,8.207,0,0
21516,0,0.12,0.00,3.419,4.760,8.207,0,0
21568,0,0.09,0.00,3.361,4.908,8.250,0,0
21619,0,0.09,0.00,3.366,4.841,8.236,0,0
21671,0,0.12,0.54,3.400,4.779,8.246,0,0
21722,0,0.14,0.52,3.376,4.860,8.250,0,0
21774,0,0.11,0.00,3.371,4.817,8.226,0,0
21826,0,0.13,0.54,3.409,4.836,8.246,0,0
21877,0,0.14,0.00,3.342,4.793,8.260,0,0
21929,0,0.15,-0.20,3.381,4.803,8.193,0,0
21980,0,0.16,0.50,3.371,4.831,8.236,0,0
22032,0,0.18,0.00,3.385,4.784,8.188,0,0
22082,0,0.14,-1.36,3.357,4.812,8.241,0,0
22132,0,0.15,0.54,3.395,4.784,8.222,0,0
22183,0,0.20,2.03,3.405,4.812,8.217,0,0
22233,0,0.22,0.00,3.390,4.803,8.236,0,0
22283,0,0.18,0.00,3.381,4.793,8.222,0,0
22334,0,0.18,0.00,3.409,4.798,8.226,0,0
22386,0,0.22,0.53,3.381,4.760,8.212,0,0
22437,0,0.22,0.00,3.419,4.822,8.174,0,0
22489,0,0.22,0.00,3.366,4.798,8.284,0,0
22540,0,0.18,-1.30,3.419,4.788,8.217,0,0
22592,0,0.18,0.00,3.376,4.808,8.270,0,0
22643,0,0.18,0.00,3.385,4.827,8.217,0,0
22694,0,0.18,0.00,3.409,4.760,8.222,0,0
22745,0,0.19,0.50,3.376,4.812,8.284,0,0
22797,0,0.21,0.00,3.409,4.798,8.207,0,0
22848,0,0.24,0.56,3.371,4.793,8.270,0,0
22900,0,0.20,-1.36,3.366,4.846,8.207,0,0
22951,0,0.21,0.00,3.385,4.812,8.217,0,0
23003,0,0.19,-0.82,3.376,4.803,8.217,0,0
23055,0,0.19,0.00,3.342,4.851,8.246,0,0
23107,0,0.17,0.58,3.371,4.846,8.226,0,0
23157,0,0.17,0.00,3.371,4.788,8.203,0,0
23207,0,0.18,0.00,3.371,4.841,8.270,0,0
23258,0,0.20,0.56,3.318,4.860,8.212,0,0
23307,0,0.21,0.50,3.376,4.831,8.212,0,0
23359,0,0.22,0.00,3.376,4.788,8.250,0,0
23410,0,0.21,1.01,3.333,4.860,8.212,0,0
23462,0,0.18,0.00,3.342,4.836,8.289,0,0
23512,0,0.18,0.00,3.357,4.827,8.174,0,0
23564,0,0.19,0.00,3.371,4.846,8.231,0,0
23615,0,0.17,0.52,3.405,4.784,8.246,0,0
23667,0,0.18,0.00,3.338,4.812,8.198,0,0
23718,0,0.16,-1.34,3.361,4.851,8.255,0,0
23770,0,0.17,0.54,3.357,4.846,8.250,0,0
23821,0,0.20,0.50,3.371,4.822,8.260,0,0
23873,0,0.20,-0.22,3.338,4.899,8.226,0,0
23925,0,0.17,0.00,3.371,4.788,8.236,0,0
23976,0,0.18,-0.84,3.361,4.846,8.231,0,0
24028,0,0.15,-0.82,3.338,4.865,8.222,0,0
24079,0,0.18,0.50,3.352,4.812,8.236,0,0
24129,0,0.15,-1.47,3.366,4.817,8.217,0,0
24190,0,0.15,0.00,3.342,4.817,8.255,0,0
24240,0,0.16,0.54,3.385,4.836,8.207,0,0
24292,0,0.19,0.00,3.357,4.817,8.246,0,0
24344,0,0.18,0.54,3.390,4.788,8.212,0,0
24395,0,0.16,-0.91,3.357,4.808,8.241,0,0
24446,0,0.17,0.50,3.366,4.822,8.222,0,0
24497,0,0.15,-0.82,3.371,4.812,8.236,0,0
24549,0,0.17,0.00,3.366,4.803,8.231,0,0
24600,0,0.19,0.52,3.366,4.760,8.217,0,0
24652,0,0.16,0.00,3.366,4.846,8.226,0,0
24704,0,0.17,-0.24,3.371,4.827,8.217,0,0
24755,0,0.19,0.00,3.361,4.812,8.236,0,0
24807,0,0.23,0.52,3.428,4.745,8.250,0,0
24858,0,0.23,0.00,3.361,4.865,8.217,0,0
24910,0,0.22,0.00,3.347,4.836,8.284,0,0
24961,0,0.23,0.48,3.405,4.774,8.255,0,0
25013,0,0.20,0.00,3.366,4.836,8.241,0,0
25064,0,0.17,-1.34,3.390,4.808,8.260,0,0
25117,0,0.17,0.00,3.385,4.803,8.212,0,0
25167,0,0.17,0.00,3.366,4.803,8.255,0,0
25218,0,0.15,-1.49,3.376,4.827,8.222,0,0
25268,0,0.14,-0.52,3.218,5.095,8.174,0,0
25318,0,0.15,0.48,3.448,4.745,8.265,0,0
25370,0,0.12,0.00,3.615,4.922,7.906,0,0
25421,0,0.11,-0.82,3.266,4.659,8.499,0,0
25473,0,0.07,-1.36,3.534,4.147,8.562,0,0
25524,0,0.08,0.00,3.677,4.209,8.365,0,0
25576,0,0.06,-0.73,3.122,5.138,8.289,0,0
25627,0,0.08,0.00,3.093,5.540,7.891,0,0
25679,0,0.06,0.00,3.314,5.013,8.064,0,0
25730,0,0.06,0.00,3.424,4.559,8.341,0,0
25782,0,0.06,0.50,3.424,4.645,8.351,0,0
25834,0,0.04,-0.91,3.304,4.980,8.150,0,0
25885,0,0.07,0.00,3.270,5.057,8.183,0,0
25937,0,0.09,0.50,3.385,4.741,8.226,0,0
25987,0,0.08,-0.34,3.381,4.712,8.274,0,0
26038,0,0.10,0.50,3.342,4.774,8.317,0,0
26090,0,0.08,0.00,3.376,4.808,8.217,0,0
26140,0,0.10,0.58,3.323,4.808,8.250,0,0
26191,0,0.08,-0.91,3.371,4.812,8.241,0,0
26240,0,0.09,0.22,3.381,4.784,8.226,0,0
26292,0,0.12,1.09,3.371,4.812,8.231,0,0
26344,0,0.14,0.52,3.371,4.822,8.226,0,0
26395,0,0.11,-0.80,3.371,4.812,8.217,0,0
26447,0,0.11,0.00,3.371,4.798,8.217,0,0
26498,0,0.09,-1.36,3.371,4.798,8.193,0,0
26549,0,0.09,0.00,3.361,4.798,8.265,0,0
26600,0,0.10,0.54,3.390,4.841,8.193,0,0
26652,0,0.10,0.00,3.381,4.817,8.231,0,0
26703,0,0.14,0.00,3.400,4.793,8.241,0,0
26755,0,0.10,-1.34,3.385,4.788,8.260,0,0
26807,0,0.10,0.00,3.419,4.745,8.250,0,0
26858,0,0.12,0.48,3.428,4.760,8.236,0,0
26910,0,0.12,0.00,3.433,4.755,8.255,0,0
26961,0,0.12,0.48,3.409,4.760,8.198,0,0
27013,0,0.12,0.00,3.424,4.750,8.274,0,0
27064,0,0.13,0.52,3.405,4.788,8.222,0,0
27117,0,0.15,0.56,3.438,4.745,8.270,0,0
27167,0,0.15,0.00,3.433,4.769,8.241,0,0
27218,0,0.16,0.00,3.419,4.760,8.260,0,0
27268,0,0.17,0.58,3.400,4.784,8.236,0,0
27319,0,0.17,0.00,3.424,4.755,8.231,0,0
27371,0,0.16,-0.54,3.428,4.788,8.193,0,0
27421,0,0.16,0.00,3.414,4.755,8.212,0,0
27473,0,0.15,-0.52,3.400,4.803,8.250,0,0
27524,0,0.15,0.00,3.419,4.764,8.260,0,0
27576,0,0.17,0.54,3.448,4.750,8.241,0,0
27627,0,0.16,0.00,3.400,4.764,8.203,0,0
27679,0,0.15,-0.52,3.419,4.745,8.217,0,0
27730,0,0.15,0.00,3.448,4.736,8.289,0,0
27782,0,0.15,0.00,3.409,4.817,8.236,0,0
27834,0,0.12,-0.52,3.428,4.750,8.246,0,0
27885,0,0.13,0.00,3.438,4.712,8.236,0,0
27937,0,0.12,-0.52,3.424,4.764,8.270,0,0
27988,0,0.10,-0.48,3.424,4.764,8.203,0,0
28040,0,0.09,0.00,3.385,4.774,8.279,0,0
28091,0,0.08,-0.54,3.462,4.731,8.265,0,0
28142,0,0.08,0.00,3.414,4.750,8.217,0,0
28192,0,0.08,0.00,3.414,4.774,8.241,0,0
28243,0,0.08,0.00,3.419,4.779,8.203,0,0
28293,0,0.08,0.00,3.409,4.736,8.246,0,0
28344,0,0.06,0.00,3.462,4.707,8.265,0,0
28396,0,0.09,0.84,3.371,4.831,8.193,0,0
28447,0,0.09,0.00,3.428,4.721,8.226,0,0
28498,0,0.09,0.00,3.405,4.769,8.260,0,0
28549,0,0.07,0.00,3.405,4.793,8.241,0,0
28601,0,0.06,-0.52,3.419,4.779,8.198,0,0
28652,0,0.08,0.00,3.376,4.784,8.226,0,0
28704,0,0.07,-0.50,3.405,4.760,8.270,0,0
28756,0,0.09,0.80,3.376,4.798,8.222,0,0
28807,0,0.09,0.00,3.405,4.736,8.241,0,0
28859,0,0.09,0.00,3.443,4.721,8.236,0,0
28910,0,0.11,0.00,3.333,4.875,8.231,0,0
28962,0,0.08,-1.02,3.414,4.755,8.241,0,0
29013,0,0.08,0.00,3.414,4.755,8.246,0,0
29065,0,0.08,0.00,3.357,4.817,8.212,0,0
29115,0,0.12,1.47,3.381,4.798,8.246,0,0
29165,0,0.12,0.00,3.409,4.750,8.241,0,0
29215,0,0.11,0.00,3.395,4.803,8.217,0,0
29266,0,0.12,0.54,3.342,4.812,8.217,0,0
29317,0,0.12,0.00,3.414,4.755,8.236,0,0
29368,0,0.12,0.00,3.381,4.812,8.217,0,0
29419,0,0.12,0.00,3.357,4.808,8.236,0,0
29471,0,0.12,0.00,3.400,4.798,8.188,0,0
29522,0,0.13,0.00,3.376,4.755,8.274,0,0
29574,0,0.13,-0.86,3.361,4.798,8.188,0,0
29626,0,0.13,0.00,3.376,4.774,8.246,0,0
29677,0,0.13,0.00,3.395,4.779,8.255,0,0
29729,0,0.13,0.00,3.371,4.803,8.241,0,0
29780,0,0.13,0.00,3.405,4.803,8.207,0,0
29832,0,0.10,0.00,3.438,4.731,8.241,0,0
29883,0,0.10,0.00,3.357,4.836,8.236,0,0
29935,0,0.12,0.00,3.381,4.779,8.250,0,0
29986,0,0.09,-0.84,3.443,4.750,8.207,0,0
30037,0,0.09,0.00,3.366,4.803,8.241,0,0
30088,0,0.11,0.00,3.400,4.793,8.193,0,0
30139,0,0.11,-0.86,3.390,4.750,8.279,0,0
30189,0,0.13,0.50,3.381,4.779,8.222,0,0
30239,0,0.13,0.00,3.371,4.769,8.198,0,0
30292,0,0.13,0.00,3.381,4.769,8.226,0,0
30342,0,0.14,0.22,3.376,4.764,8.260,0,0
30393,0,0.17,0.58,3.381,4.774,8.274,0,0
30445,0,0.17,0.00,3.376,4.784,8.265,0,0
30496,0,0.17,0.00,3.395,4.779,8.217,0,0
30548,0,0.18,0.54,3.342,4.798,8.255,0,0
30600,0,0.18,0.00,3.419,4.750,8.207,0,0
30650,0,0.20,0.84,3.395,4.784,8.212,0,0
30701,0,0.19,0.00,3.395,4.784,8.260,0,0
30753,0,0.15,-1.04,3.395,4.774,8.217,0,0
30804,0,0.14,0.00,3.419,4.774,8.226,0,0
30856,0,0.12,0.00,3.390,4.798,8.260,0,0
30908,0,0.14,0.86,3.414,4.774,8.236,0,0
30959,0,0.13,0.00,3.409,4.774,8.246,0,0
31011,0,0.12,-0.54,3.424,4.745,8.222,0,0
31062,0,0.07,0.00,3.395,4.774,8.250,0,0
31114,0,0.07,0.00,3.443,4.736,8.270,0,0
31165,0,0.07,0.00,3.395,4.784,8.246,0,0
31215,0,0.10,0.00,3.433,4.745,8.231,0,0
31265,0,0.09,-0.58,3.400,4.764,8.236,0,0
31317,0,0.09,0.00,3.395,4.755,8.246,0,0
31369,0,0.09,0.00,3.400,4.793,8.198,0,0
31420,0,0.08,-0.47,3.419,4.717,8.231,0,0
31472,0,0.08,0.00,3.400,4.788,8.274,0,0
31522,0,0.09,0.47,3.433,4.731,8.241,0,0
31573,0,0.05,0.00,3.395,4.779,8.260,0,0
31625,0,0.04,-0.54,3.400,4.788,8.241,0,0
31677,0,0.08,0.00,3.428,4.750,8.260,0,0
31728,0,0.09,0.47,3.457,4.760,8.231,0,0
31780,0,0.09,0.00,3.395,4.798,8.270,0,0
31831,0,0.10,0.58,3.424,4.745,8.226,0,0
31883,0,0.10,0.00,3.385,4.784,8.250,0,0
31934,0,0.10,0.00,3.438,4.721,8.246,0,0
31986,0,0.09,-1.36,3.419,4.769,8.203,0,0
32038,0,0.10,0.00,3.419,4.784,8.246,0,0
32089,0,0.12,0.50,3.395,4.736,8.284,0,0
32139,0,0.12,0.00,3.347,4.836,8.294,0,0
32190,0,0.12,0.00,3.462,4.683,8.250,0,0
32240,0,0.13,0.00,3.519,4.664,8.241,0,0
32290,0,0.14,0.52,3.381,4.784,8.241,0,0
32340,0,0.16,0.48,3.357,4.846,8.217,0,0
32390,0,0.19,0.41,3.452,4.654,8.270,0,0
32441,0,0.19,0.00,3.395,4.774,8.212,0,0
32493,0,0.16,0.00,3.309,4.980,8.131,0,0
32544,0,0.19,0.52,3.299,4.899,8.183,0,0
32595,0,0.19,0.00,3.347,4.721,8.313,0,0
32646,0,0.17,0.00,3.304,4.922,8.212,0,0
32698,0,0.15,0.00,3.256,4.908,8.183,0,0
32749,0,0.16,0.48,3.352,4.812,8.222,0,0
32801,0,0.14,-0.73,3.318,4.860,8.212,0,0
32852,0,0.14,-0.84,3.280,4.908,8.174,0,0
32904,0,0.16,0.48,3.242,4.980,8.188,0,0
32956,0,0.17,0.00,3.304,4.875,8.203,0,0
33007,0,0.18,0.54,3.280,4.956,8.188,0,0
33059,0,0.17,0.00,3.237,4.918,8.226,0,0
33108,0,0.16,-0.36,3.275,4.884,8.222,0,0
33159,0,0.17,0.58,3.323,4.899,8.198,0,0
33209,0,0.16,0.00,3.266,4.913,8.222,0,0
33259,0,0.20,1.07,3.242,4.966,8.183,0,0
33311,0,0.18,-0.82,3.299,4.831,8.222,0,0
33362,0,0.20,0.00,3.251,4.908,8.203,0,0
33413,0,0.21,0.50,3.318,4.860,8.193,0,0
33464,0,0.15,-0.86,3.266,4.903,8.241,0,0
33516,0,0.16,0.52,3.256,4.908,8.179,0,0
33567,0,0.18,0.00,3.247,4.908,8.198,0,0
33619,0,0.17,-0.20,3.251,4.970,8.255,0,0
33671,0,0.17,0.00,3.213,5.009,8.164,0,0
33730,0,0.15,-0.81,3.280,4.922,8.179,0,0
33781,0,0.16,0.52,3.251,4.918,8.193,0,0
33832,0,1.26,0.00,3.270,4.922,8.179,0,0
33884,0,3.25,34.13,3.247,4.970,8.198,0,0
33935,0,4.13,35.37,3.146,5.023,8.169,0,0
33987,0,5.73,28.64,3.290,4.951,8.140,0,0
34036,0,6.47,27.39,3.338,4.798,8.183,0,0
34088,0,7.14,0.00,3.203,4.913,8.250,0,0
34138,0,7.29,-20.13,3.108,4.994,8.246,0,0
34193,0,6.87,-6.64,3.294,4.784,8.322,0,0
34243,0,6.01,-17.21,3.203,4.908,8.394,0,0
34295,0,5.66,-13.85,3.103,4.788,9.290,0,0
34347,0,5.28,0.00,2.614,5.665,8.849,0,0
34398,0,4.61,-12.98,3.323,4.994,9.064,0,0
34449,0,4.34,-10.12,2.811,6.311,9.816,0,0
34500,0,4.05,-10.66,1.901,6.570,8.811,0,0
34552,0,3.78,0.00,2.337,6.761,8.059,0,0
34603,0,3.32,-8.79,1.638,6.239,6.900,0,0
34655,0,3.12,-7.54,2.418,6.124,6.756,0,0
34706,0,2.77,-6.65,2.504,6.302,6.924,0,0
34758,0,2.64,-4.84,1.753,6.646,5.473,0,0
34810,0,2.46,0.00,2.193,7.810,5.823,0,0
34861,0,2.21,-4.02,1.149,7.010,5.464,0,0
34913,0,2.08,0.00,1.786,6.900,4.779,0,0
34964,0,1.86,-4.41,1.025,7.374,5.138,0,0
35016,0,1.76,-4.02,0.302,7.657,5.751,0,0
35067,0,1.59,-4.00,-0.373,9.620,6.771,0,0
35120,0,1.50,-3.68,0.402,7.628,6.062,0,0
35170,0,1.39,0.00,0.555,8.389,5.013,0,0
35221,0,1.26,-2.27,-0.034,8.605,5.339,0,0
35271,0,1.20,-2.35,1.403,7.604,4.578,0,0
35321,0,1.13,-2.66,1.633,7.412,5.315,0,0
35373,0,1.08,-1.69,0.546,8.384,4.831,0,0
35424,0,1.01,0.00,0.283,6.867,3.759,0,0
35476,0,0.94,-1.66,-0.110,7.010,3.778,0,0
35527,0,0.89,0.00,-0.747,7.111,2.998,0,0
35579,0,0.83,-0.86,1.293,8.059,4.032,0,0
35630,0,0.79,-1.45,2.160,8.724,3.462,0,0
35682,0,0.73,0.00,2.375,9.701,5.119,0,0
35733,0,0.63,-2.72,1.561,7.987,5.847,0,0
35785,0,0.59,0.00,0.871,8.586,6.345,0,0
35837,0,0.52,-1.45,0.043,8.720,7.154,0,0
35888,0,0.48,-1.32,0.187,8.428,6.488,0,0
35940,0,0.42,-0.88,-0.086,8.289,5.957,0,0
35990,0,0.42,0.00,0.848,8.246,7.815,0,0
36041,0,0.35,-1.88,0.666,8.126,7.269,0,0
36093,0,0.35,0.00,-1.398,7.149,8.533,0,0
36143,0,0.32,0.50,-1.532,5.986,7.499,0,0
36194,0,0.24,-1.45,-2.097,6.665,9.452,0,0
36243,0,0.21,-0.54,-0.972,7.015,8.906,0,0
36294,0,0.17,-1.35,-0.388,6.790,8.571,0,0
36343,0,0.17,0.00,-1.317,7.973,10.702,0,0
36395,0,0.15,0.00,-1.006,8.327,10.036,0,0
36446,0,0.13,-0.80,0.101,7.719,8.198,0,0
36497,0,0.09,-1.36,0.919,7.781,7.642,0,0
36548,0,0.09,0.00,1.834,8.083,7.724,0,0
36600,0,0.11,-0.34,1.652,7.901,7.116,0,0
36651,0,0.13,0.52,0.781,8.466,6.996,0,0
36703,0,0.10,0.00,-0.278,8.140,5.516,0,0
36754,0,0.13,1.51,1.149,8.543,4.559,0,0
36806,0,0.11,0.00,1.355,10.602,4.175,0,0
36858,0,0.13,-0.30,1.001,10.405,3.840,0,0
36909,0,0.14,0.48,0.795,9.251,1.887,0,0
36961,0,0.14,0.00,0.077,9.007,1.341,0,0
37012,0,0.14,0.00,-1.010,8.188,0.867,0,0
37064,0,0.17,0.00,-1.437,7.403,0.105,0,0
37113,0,0.14,-1.47,-1.451,7.523,-0.215,0,0
37164,0,0.16,0.56,-1.738,7.772,-0.522,0,0
37214,0,0.17,0.00,-2.136,7.216,-0.187,0,0
37265,0,0.16,-0.91,-2.289,6.627,-0.244,0,0
37315,0,0.18,0.56,-1.949,7.398,-1.058,0,0
37367,0,0.20,0.00,-1.729,8.586,-1.441,0,0
37419,0,0.23,0.52,-1.106,8.088,-0.919,0,0
37469,0,0.23,0.00,-2.093,8.265,-1.839,0,0
37520,0,0.22,0.50,-2.705,9.462,0.038,0,0
37572,0,0.22,0.00,-2.447,10.333,-0.148,0,0
37624,0,0.24,0.52,-1.791,10.511,-0.120,0,0
37675,0,0.24,0.00,-1.547,9.859,1.499,0,0
37727,0,0.26,0.52,-0.120,9.481,0.757,0,0
37778,0,0.24,-0.93,0.067,9.404,0.886,0,0
37830,0,0.25,0.00,0.464,9.467,0.771,0,0
37881,0,0.27,0.00,-0.546,9.510,1.633,0,0
37933,0,0.27,0.00,0.795,10.185,2.514,0,0
37985,0,0.28,0.56,0.129,10.477,2.605,0,0
38036,0,0.28,0.00,0.081,10.707,3.467,0,0
38088,0,0.27,0.00,-0.086,11.066,3.644,0,0
38138,0,0.25,0.00,0.608,10.649,3.582,0,0
38188,0,0.25,0.00,0.809,9.950,2.792,0,0
38239,0,0.25,0.00,0.929,9.567,2.480,0,0
38289,0,0.23,-0.47,0.943,9.759,3.357,0,0
38339,0,0.25,0.54,0.924,9.275,3.089,0,0
38391,0,0.30,0.00,0.795,8.844,2.624,0,0
38442,0,0.27,0.48,-0.417,8.418,2.576,0,0
38493,0,0.27,0.00,0.283,8.619,2.935,0,0
38544,0,0.29,0.52,0.536,8.499,2.433,0,0
38596,0,0.30,0.00,-0.062,8.993,2.624,0,0
38647,0,0.30,0.00,-0.383,8.768,4.051,0,0
38699,0,0.26,0.00,0.120,9.457,4.305,0,0
38751,0,0.24,-1.34,0.259,9.840,4.391,0,0
38802,0,0.24,0.00,0.958,9.859,4.204,0,0
38854,0,0.24,0.00,0.886,8.796,4.980,0,0
38905,0,0.26,0.54,0.661,8.653,5.033,0,0
38957,0,0.23,0.00,1.312,8.413,4.630,0,0
39008,0,0.26,0.52,1.786,7.523,2.552,0,0
39060,0,0.27,0.50,1.092,9.577,3.610,0,0
39110,0,0.29,0.00,3.438,10.740,3.385,0,0
39160,0,0.25,-1.35,2.931,10.855,4.961,0,0
39210,0,0.25,0.00,2.116,10.487,4.621,0,0
39261,0,0.24,-0.54,2.174,9.998,3.496,0,0
39311,0,0.27,1.31,1.944,9.313,3.280,0,0
39363,0,0.26,0.00,1.240,8.413,3.553,0,0
39415,0,0.23,0.73,1.140,8.006,2.998,0,0
39465,0,0.23,0.00,1.944,8.629,3.395,0,0
39516,0,0.26,0.52,2.308,8.432,3.558,0,0
39568,0,0.27,0.50,-0.321,6.215,1.504,0,0
39620,0,0.30,0.50,-0.177,8.921,1.901,0,0
39671,0,0.30,0.00,4.736,11.123,5.267,0,0
39723,0,0.32,0.00,3.223,9.687,4.032,0,0
39774,0,0.32,-0.54,2.734,8.859,2.662,0,0
39826,0,0.32,0.00,3.074,9.290,3.711,0,0
39877,0,0.28,-1.25,3.093,9.634,4.252,0,0
39929,0,0.28,0.00,2.179,9.304,3.888,0,0
39981,0,0.27,0.00,2.916,10.218,3.764,0,0
40032,0,0.28,0.50,3.112,9.577,2.634,0,0
40084,0,0.30,0.00,3.050,8.643,2.337,0,0
40134,0,0.30,0.00,3.323,9.448,3.036,0,0
40184,0,0.26,-1.45,3.060,9.160,2.940,0,0
40235,0,0.25,0.00,2.950,9.237,2.921,0,0
40285,0,0.30,0.00,2.605,9.012,1.891,0,0
40336,0,0.30,0.00,2.140,9.400,2.030,0,0
40387,0,0.31,0.00,2.571,10.094,3.007,0,0
40439,0,0.31,0.00,2.792,10.343,2.705,0,0
40491,0,0.34,1.23,1.772,8.729,2.150,0,0
40541,0,0.34,0.00,1.250,8.437,1.925,0,0
40592,0,0.33,-0.50,1.504,8.801,2.073,0,0
40644,0,0.33,0.00,1.666,9.026,2.045,0,0
40696,0,0.33,0.00,1.671,8.921,1.987,0,0
40747,0,0.33,0.00,1.379,8.796,1.403,0,0
40799,0,0.34,0.50,0.781,9.088,1.484,0,0
40850,0,0.34,0.00,1.298,8.346,1.839,0,0
40902,0,0.39,0.00,-0.364,8.945,2.222,0,0
40953,0,0.34,-1.86,0.254,8.629,3.519,0,0
41005,0,0.36,0.00,1.192,9.045,2.792,0,0
41056,0,0.36,0.00,1.355,9.093,2.456,0,0
41109,0,0.37,0.00,1.609,8.993,2.591,0,0
41159,0,0.34,0.00,2.198,9.017,2.260,0,0
41209,0,0.34,0.00,2.533,9.026,1.398,0,0
41260,0,0.32,0.00,3.256,9.811,1.513,0,0
41309,0,0.35,0.52,3.361,10.190,1.882,0,0
41361,0,0.35,0.00,3.888,10.065,2.002,0,0
41411,0,0.34,-0.48,4.022,9.697,1.896,0,0
41463,0,0.32,0.00,2.576,9.572,3.510,0,0
41514,0,0.31,-0.52,4.022,9.213,4.262,0,0
41566,0,0.30,-0.50,4.118,9.146,3.989,0,0
41617,0,0.30,0.00,3.400,8.590,3.836,0,0
41669,0,0.30,0.80,5.095,8.777,4.233,0,0
41720,0,0.27,0.00,5.435,8.523,3.730,0,0
41772,0,0.23,-1.06,4.113,7.915,2.514,0,0
41824,0,0.21,-1.01,3.764,8.107,3.031,0,0
41875,0,0.23,-0.52,4.300,7.551,2.892,0,0
41927,0,0.25,0.82,4.597,7.848,4.932,0,0
41978,0,0.24,0.00,4.870,8.250,3.989,0,0
42030,0,0.25,-0.52,4.741,6.646,2.672,0,0
42081,0,0.22,0.00,4.396,9.093,5.282,0,0
42134,0,0.20,0.00,4.755,8.839,5.167,0,0
42185,0,0.20,0.00,4.559,9.079,5.382,0,0
42235,0,0.23,0.00,4.664,8.030,5.938,0,0
42285,0,0.21,0.00,4.539,6.800,5.104,0,0
42337,0,0.20,-0.50,4.688,6.962,4.554,0,0
42387,0,0.24,0.82,5.655,6.742,4.741,0,0
42438,0,0.22,-0.52,6.493,5.152,5.042,0,0
42490,0,0.22,0.00,5.521,4.803,5.195,0,0
42542,0,0.22,0.00,5.430,4.846,5.028,0,0
42592,0,0.22,0.00,5.526,5.636,5.162,0,0
42643,0,0.24,0.52,5.535,5.468,5.794,0,0
42695,0,0.24,0.00,5.502,5.143,6.594,0,0
42747,0,0.24,0.00,6.340,5.009,7.053,0,0
42798,0,0.27,1.34,7.058,4.587,7.020,0,0
42850,0,0.24,-1.34,6.445,4.118,7.728,0,0
42901,0,0.24,0.00,5.507,4.793,7.163,0,0
42953,0,0.24,0.00,4.774,5.353,6.436,0,0
43004,0,0.24,0.00,4.415,4.894,7.700,0,0
43056,0,0.19,-1.86,4.583,4.046,7.685,0,0
43106,0,0.19,0.00,3.941,4.290,6.249,0,0
43156,0,0.21,0.54,3.778,4.334,6.780,0,0
43206,0,0.21,0.00,3.500,4.583,7.681,0,0
43257,0,0.21,0.00,2.844,3.328,8.485,0,0
43308,0,0.26,1.38,3.328,3.893,10.070,0,0
43360,0,0.28,0.52,2.188,3.500,9.620,0,0
43412,0,0.23,0.00,2.883,3.132,9.864,0,0
43462,0,0.23,0.00,1.776,2.658,9.237,0,0
43513,0,0.19,-1.83,0.939,2.456,8.796,0,0
43565,0,0.20,0.47,2.184,3.706,10.673,0,0
43617,0,0.20,0.00,2.820,0.187,10.094,0,0
43668,0,0.20,-0.82,2.466,-0.781,9.026,0,0
43720,0,0.21,0.48,1.432,0.512,9.261,0,0
43771,0,0.19,-0.80,2.672,-1.686,9.376,0,0
43823,0,0.15,-1.36,2.696,-2.921,9.950,0,0
43874,0,0.16,0.00,1.106,-1.331,9.754,0,0
43926,0,0.16,-0.73,0.613,-2.471,9.443,0,0
43977,0,0.17,0.00,1.202,-2.476,10.357,0,0
44029,0,0.15,0.00,-0.417,-2.777,8.456,0,0
44081,0,0.11,-1.34,0.474,-3.314,9.041,0,0
44131,0,0.13,0.00,1.073,-0.785,7.915,0,0
44193,0,0.09,-0.60,-3.587,-6.536,5.468,0,0
44244,0,0.09,0.00,-4.803,-8.921,2.662,0,0
44296,0,0.06,0.00,-4.410,-8.097,-1.566,0,0
44347,0,0.06,0.00,-4.554,-7.791,-2.064,0,0
44398,0,0.06,0.00,-6.402,-10.506,-1.231,0,0
44449,0,0.00,0.00,-6.038,-10.616,2.787,0,0
44501,0,-0.07,-1.83,-2.849,-7.647,5.253,0,0
44552,0,-0.09,-0.52,-1.456,-7.111,5.248,0,0
44604,0,-0.16,-2.01,-2.246,-7.503,2.729,0,0
44655,0,-0.18,-0.52,-5.435,-9.562,0.503,0,0
44707,0,-0.21,0.00,-6.531,-8.332,-0.814,0,0
44759,0,-0.22,-1.04,-6.555,-8.380,-0.891,0,0
44810,0,-0.25,0.00,-4.764,-8.361,-0.005,0,0
44862,0,-0.25,-0.22,-2.552,-7.963,1.958,0,0
44913,0,-0.28,-1.04,-1.403,-6.402,3.414,0,0
44965,0,-0.32,-1.53,-2.040,-6.100,4.013,0,0
45016,0,-0.34,-2.21,-3.567,-6.570,3.361,0,0
45067,0,-0.34,-0.19,-4.731,-7.192,1.642,0,0
45116,0,-0.30,1.56,-6.536,-10.501,0.225,0,0
45167,0,-0.31,0.00,-5.497,-11.262,-0.637,0,0
45217,0,-0.32,-0.19,-4.563,-10.515,0.953,0,0
45267,0,-0.32,-0.20,-4.444,-9.543,3.768,0,0
45319,0,-0.33,0.00,-3.630,-7.657,4.745,0,0
45370,0,-0.34,-0.22,-2.816,-7.111,3.400,0,0
45422,0,-0.37,-1.19,-3.371,-8.504,2.059,0,0
45474,0,-0.40,-0.19,-4.855,-10.649,0.340,0,0
45525,0,-0.44,-1.71,-6.268,-10.812,0.034,0,0
45577,0,-0.46,0.00,-4.937,-7.752,0.790,0,0
45628,0,-0.48,-0.71,-4.420,-7.810,2.121,0,0
45714,0,-0.51,-0.08,-2.950,-9.558,4.027,0,0
45765,0,-0.51,-0.19,-3.496,-9.720,3.242,0,0
45816,0,0.17,0.00,-4.683,-8.562,1.762,0,0
45868,0,2.39,41.35,-5.497,-8.222,1.120,0,0
45919,0,3.55,0.00,-5.732,-9.122,1.077,0,0
45971,0,5.80,40.53,-4.650,-9.874,1.528,0,0
46020,0,6.81,37.44,-2.983,-8.361,2.021,0,0
46072,0,8.63,32.26,-3.984,-9.936,3.630,0,0
46122,0,8.03,-24.09,-2.964,-5.717,2.533,0,0
46172,0,7.51,0.00,-0.919,-1.599,0.771,0,0
46222,0,6.50,-19.76,-11.770,-20.025,7.140,0,0
46274,0,6.04,-8.08,-2.294,-5.401,0.666,0,0
46325,0,5.62,0.00,-3.979,-10.760,0.124,0,0
46377,0,4.82,-14.97,-4.171,-8.064,0.594,0,0
46429,0,4.50,-11.96,-2.916,-4.439,1.207,0,0
46479,0,4.16,-12.61,-5.813,-7.226,4.549,0,0
46530,0,3.86,0.00,-5.971,-11.578,5.986,0,0
46582,0,3.28,-10.34,-1.030,-6.263,1.250,0,0
46633,0,3.03,-9.07,-1.915,-8.878,0.412,0,0
46685,0,2.56,-8.44,-3.309,-5.612,0.321,0,0
46737,0,2.35,-7.73,-10.831,-12.072,2.605,0,0
46788,0,2.16,0.00,-5.200,-7.221,2.490,0,0
46840,0,1.81,-5.92,-2.720,-9.529,3.764,0,0
46891,0,1.64,0.00,-0.977,-7.805,2.868,0,0
46943,0,1.34,-5.90,-2.495,-7.240,2.011,0,0
46994,0,1.18,-5.76,-7.676,-11.363,2.873,0,0
47046,0,1.07,0.00,-4.635,-5.578,1.561,0,0
47098,0,0.86,-4.00,-2.859,-4.391,0.881,0,0
47148,0,0.76,0.00,-8.121,-15.443,2.729,0,0
47199,0,0.57,-4.20,-3.055,-8.566,1.887,0,0
47249,0,0.50,-2.94,-1.767,-5.574,1.896,0,0
47301,0,0.42,0.00,0.077,-0.694,0.139,0,0
47352,0,0.29,-2.94,-5.239,-12.043,4.477,0,0
47403,0,0.29,0.00,-9.510,-17.664,5.665,0,0
47454,0,0.16,-2.70,-1.020,-2.236,0.474,0,0
47506,0,0.09,0.00,-3.486,-6.488,0.321,0,0
47557,0,-0.02,-1.34,-8.121,-14.068,0.881,0,0
47609,0,-0.05,-1.45,-1.992,-4.252,0.781,0,0
47660,0,-0.09,0.00,-3.414,-8.466,3.323,0,0
47712,0,-0.15,-1.30,-3.443,-9.443,4.654,0,0
47782,0,-0.21,-0.69,-2.480,-5.679,2.049,0,0
47833,0,-0.24,-1.19,-6.378,-11.502,2.667,0,0
47884,0,0.79,38.01,-5.085,-8.322,1.336,0,0
47936,0,2.58,31.41,-3.098,-5.818,0.713,0,0
47987,0,3.36,31.16,-2.988,-6.273,0.814,0,0
48039,0,4.05,0.00,-2.571,-6.139,1.398,0,0
48088,0,5.29,21.63,-2.169,-5.727,1.805,0,0
48138,0,5.90,24.23,-2.437,-5.775,2.562,0,0
48189,0,6.49,0.00,-2.978,-6.522,2.758,0,0
48239,0,5.56,-17.85,-4.784,-9.175,3.127,0,0
48291,0,5.17,-15.52,-4.587,-9.084,1.537,0,0
48342,0,4.38,-13.55,-6.718,-12.407,1.470,0,0
48394,0,4.04,-12.48,-4.966,-10.032,1.475,0,0
48445,0,3.73,0.00,-4.161,-8.758,2.346,0,0
48497,0,3.13,-10.45,-4.199,-8.954,3.462,0,0
48548,0,2.87,0.00,-3.764,-8.270,3.433,0,0
48599,0,2.62,-8.94,-3.879,-8.471,2.926,0,0
48650,0,2.38,0.00,-4.094,-8.289,1.978,0,0
48702,0,1.95,-8.16,-4.554,-8.686,1.369,0,0
48753,0,1.77,0.00,-4.410,-7.997,1.144,0,0
48805,0,1.40,-7.39,-4.343,-7.958,1.705,0,0
48857,0,1.25,-5.57,-3.247,-6.823,2.006,0,0
48908,0,0.96,-5.05,-3.065,-7.288,2.605,0,0
48960,0,0.81,-5.59,-3.103,-7.321,2.921,0,0
49011,0,0.70,0.00,-3.428,-7.470,2.523,0,0
49063,0,0.44,-4.21,-4.578,-8.495,2.179,0,0
49112,0,0.30,-5.35,-5.210,-8.892,1.681,0,0
49163,0,0.19,0.00,-4.908,-8.815,1.312,0,0
49213,0,-0.02,-3.85,-4.257,-8.595,1.604,0,0
49263,0,-0.12,-3.86,-3.582,-7.987,2.188,0,0
49315,0,-0.22,0.00,-3.084,-7.345,2.452,0,0
49367,0,-0.37,-3.69,-3.381,-7.494,2.825,0,0
49417,0,-0.47,-3.72,-4.104,-8.045,2.796,0,0
49468,0,-0.57,-3.58,-4.530,-8.423,2.174,0,0
49520,0,-0.66,-1.01,-4.908,-9.127,1.556,0,0
49572,0,-0.78,-3.20,-4.257,-8.566,1.331,0,0
49623,0,-0.83,0.00,-4.602,-9.395,1.973,0,0
49675,0,-0.99,-3.58,-4.563,-9.481,2.672,0,0
49726,0,-1.04,-1.86,-4.017,-8.466,3.045,0,0
49778,0,-1.16,-2.68,-3.558,-7.700,2.758,0,0
49829,0,-1.21,-1.86,-3.706,-7.848,2.365,0,0
49881,0,-1.29,0.00,-3.792,-7.843,1.652,0,0
49932,0,-1.38,-1.79,-4.884,-9.462,1.575,0,0
49984,0,-1.47,0.00,-4.314,-8.543,1.374,0,0
50036,0,-1.61,-3.20,-4.712,-8.892,2.260,0,0
50086,0,-1.61,0.00,-4.075,-8.906,2.634,0,0
50136,0,-1.72,-2.01,-3.649,-8.107,2.897,0,0
50186,0,-1.78,-2.53,-3.845,-8.691,2.921,0,0
50237,0,-1.83,0.00,-4.401,-9.136,2.547,0,0
50286,0,-1.92,-1.09,-5.282,-9.802,2.112,0,0
50338,0,-1.99,-2.35,-5.540,-10.578,1.724,0,0
50388,0,-2.10,-1.76,-4.870,-9.495,1.896,0,0
50439,0,-2.13,0.00,-5.301,-11.100,2.830,0,0
50491,0,-2.21,-0.56,-3.994,-9.146,2.887,0,0
50543,0,-2.28,-2.87,-4.405,-9.692,3.328,0,0
50593,0,-2.31,-1.01,-4.147,-8.490,2.619,0,0
50644,0,-2.34,0.00,-4.367,-8.140,1.997,0,0
50696,0,-2.43,-1.01,-4.262,-8.088,1.523,0,0
50747,0,-2.49,-2.45,-3.888,-8.016,1.341,0,0
50799,0,-2.52,0.00,-3.998,-7.987,1.762,0,0
50851,0,-2.59,-1.82,-3.768,-8.164,2.298,0,0
50902,0,-2.61,0.00,-3.850,-8.222,2.806,0,0
50954,0,-2.67,-0.56,-3.950,-8.279,2.964,0,0
51005,0,-2.72,-1.82,-4.108,-8.447,2.571,0,0
51057,0,-2.75,-0.48,-3.524,-7.398,1.614,0,0
51106,0,-2.81,-2.57,-3.821,-7.609,1.422,0,0
51157,0,-2.81,0.00,-4.089,-7.968,1.523,0,0
51207,0,-2.88,-1.93,-3.950,-7.963,1.662,0,0
51257,0,-2.90,-1.09,-3.797,-7.700,2.064,0,0
51309,0,-2.95,0.00,-3.950,-8.413,2.945,0,0
51361,0,-3.03,-2.35,-3.021,-7.001,2.514,0,0
51411,0,-3.03,0.00,-3.232,-7.264,2.169,0,0
51462,0,-3.09,-1.82,-3.792,-7.728,1.805,0,0
51514,0,-3.11,0.00,-5.578,-10.410,2.069,0,0
51566,0,-3.18,-1.79,-7.657,-14.432,2.978,0,0
51617,0,-3.20,-0.48,-6.426,-13.321,3.462,0,0
51669,0,-3.27,-1.82,-6.364,-13.968,4.357,0,0
51720,0,-3.29,-0.52,-6.340,-13.542,4.324,0,0
51772,0,-3.34,0.00,-5.488,-10.965,3.041,0,0
51823,0,-3.40,-0.52,-3.256,-6.412,1.480,0,0
51875,0,-3.44,-1.34,-2.749,-5.459,1.030,0,0
51927,0,-3.49,-0.52,-3.917,-7.685,1.413,0,0
51978,0,-3.54,-1.86,-5.133,-10.300,2.198,0,0
52030,0,-3.56,0.00,-3.318,-7.417,2.179,0,0
52080,0,-3.59,-1.34,-4.381,-9.376,3.400,0,0
52130,0,-3.62,-0.56,-4.736,-10.089,3.596,0,0
52180,0,-3.62,0.00,-4.563,-9.562,2.806,0,0
52231,0,-3.69,0.00,-3.457,-6.996,1.532,0,0
52280,0,-3.74,-1.49,-3.294,-6.412,1.116,0,0
52332,0,-3.75,-0.52,-3.725,-6.934,1.235,0,0
52384,0,-3.76,0.00,-4.520,-8.854,1.776,0,0
52435,0,-3.82,-0.96,-4.788,-9.946,2.854,0,0
52487,0,-3.85,0.00,-4.175,-9.347,3.299,0,0
52538,0,-3.90,-1.82,-3.036,-6.914,2.591,0,0
52590,0,-3.90,0.00,-2.274,-5.061,1.666,0,0
52640,0,-3.89,0.30,-2.562,-5.339,1.389,0,0
52692,0,-3.94,0.00,-3.256,-6.479,1.178,0,0
52743,0,-3.96,-0.52,-2.140,-4.209,0.804,0,0
52795,0,-3.97,-0.52,-2.021,-4.458,0.709,0,0
52846,0,-4.03,-1.82,-6.584,-12.948,2.571,0,0
52898,0,-4.05,-0.52,-9.438,-19.407,5.320,0,0
52949,0,-4.07,0.00,-6.268,-13.623,4.707,0,0
53001,0,-4.15,-1.01,-4.429,-9.740,3.357,0,0
53053,0,-4.17,0.00,-4.396,-9.194,2.643,0,0
53105,0,-4.23,-0.52,-3.936,-7.910,1.786,0,0
53155,0,-4.23,0.00,-3.534,-7.005,1.331,0,0
53205,0,-4.27,0.00,-3.850,-7.130,1.690,0,0
53256,0,-4.28,-0.52,-2.476,-5.583,1.092,0,0
53307,0,-4.28,0.00,-2.356,-5.176,1.537,0,0
53359,0,-4.29,0.00,-2.054,-4.899,1.700,0,0
53411,0,-4.32,-0.48,-2.255,-5.339,1.939,0,0
53462,0,-4.35,0.00,-3.347,-7.254,2.418,0,0
53514,0,-4.37,-1.01,-3.558,-7.484,2.145,0,0
53564,0,-4.37,0.00,-3.610,-7.389,1.657,0,0
53615,0,-4.42,-0.97,-3.955,-7.891,1.484,0,0
53667,0,-4.45,0.00,-3.687,-7.446,1.384,0,0
53719,0,-4.50,-1.53,-4.118,-8.361,2.064,0,0
53770,0,-4.53,-1.01,-3.855,-8.456,2.528,0,0
53822,0,-4.59,-1.01,-4.707,-10.104,3.309,0,0
53873,0,-4.61,-1.13,-4.539,-9.730,3.084,0,0
53925,0,-4.64,0.00,-3.821,-7.719,2.121,0,0
53976,0,-4.71,-1.53,-3.587,-7.618,1.590,0,0
54028,0,-4.77,-2.35,-3.534,-6.900,1.508,0,0
54080,0,-4.87,-2.57,-4.108,-8.159,1.901,0,0
54130,0,-4.91,-1.65,-3.826,-8.021,2.136,0,0
54209,0,-4.94,-0.48,-6.776,-14.432,4.343,0,0
54260,0,-4.98,0.00,-11.574,-24.157,7.154,0,0
54311,0,-5.04,-1.04,-9.902,-20.461,4.860,0,0
54362,0,-5.06,-1.01,-4.199,-8.734,2.011,0,0
54413,0,-5.13,-2.35,-0.958,-2.361,0.642,0,0
54465,0,-5.17,0.00,-0.761,-1.882,0.603,0,0
54516,0,-5.21,-1.61,-2.318,-4.731,1.475,0,0
54568,0,-5.24,-1.04,-3.175,-6.445,2.006,0,0
54620,0,-5.30,-2.05,-5.066,-10.716,3.036,0,0
54671,0,-5.34,-1.53,-6.464,-14.016,3.591,0,0
54723,0,-5.41,-2.01,-6.043,-12.598,3.136,0,0
54774,0,-5.46,-1.56,-4.362,-8.667,2.298,0,0
54826,0,-5.45,0.00,-3.481,-6.905,1.911,0,0
54877,0,-5.44,0.34,-3.347,-6.914,1.987,0,0
54929,0,-5.47,-1.04,-3.802,-8.265,2.337,0,0
54980,0,-5.54,-1.01,-4.357,-9.730,2.658,0,0
55031,0,-5.54,0.00,-4.391,-9.400,2.538,0,0
55082,0,-5.57,-1.53,-3.725,-7.585,2.002,0,0
55132,0,-5.59,-0.52,-3.462,-6.823,1.786,0,0
55183,0,-5.62,0.00,-3.984,-7.906,1.997,0,0
55233,0,-5.61,-0.52,-4.434,-9.285,2.356,0,0
55285,0,-5.62,-0.52,-4.539,-9.821,2.935,0,0
55337,0,-5.65,0.00,-4.549,-9.448,3.716,0,0
55389,0,-5.70,-1.04,-4.075,-8.466,2.648,0,0
55440,0,-5.68,0.00,-3.749,-7.542,2.361,0,0
55492,0,-5.69,0.34,-3.433,-7.116,2.016,0,0
55543,0,-5.70,-0.52,-3.740,-7.958,1.963,0,0
55595,0,-5.68,-0.48,-4.243,-9.146,2.088,0,0
55646,0,-5.70,-1.01,-4.803,-9.922,2.471,0,0
55698,0,-5.70,0.00,-4.937,-9.840,2.796,0,0
55750,0,-5.76,-1.49,-4.276,-8.610,2.638,0,0
55801,0,-5.78,-0.52,-3.443,-7.389,2.284,0,0
55853,0,-5.78,-1.01,-3.376,-7.556,2.140,0,0
55903,0,-5.78,0.00,-3.745,-8.341,2.126,0,0
55955,0,-5.82,-1.09,-4.209,-8.753,2.126,0,0
56006,0,-5.80,0.82,-4.290,-8.442,2.097,0,0
56058,0,-5.83,-0.52,-3.970,-7.762,2.088,0,0
56107,0,-5.81,0.86,-3.783,-7.810,2.212,0,0
56158,0,-5.82,0.00,-3.883,-8.504,2.485,0,0
56208,0,-5.85,-0.56,-4.166,-9.299,2.691,0,0
56266,0,-5.85,0.00,-4.444,-9.333,2.581,0,0
56318,0,-5.85,0.00,-4.626,-9.064,2.365,0,0
56370,0,-5.86,0.00,-4.645,-9.055,2.236,0,0
56420,0,-5.84,0.74,-4.525,-9.232,2.322,0,0
56471,0,-5.85,0.00,-4.080,-8.911,2.346,0,0
56523,0,-5.87,0.00,-3.840,-8.528,2.442,0,0
56575,0,-5.85,0.00,-4.118,-8.720,2.643,0,0
56626,0,-5.87,-0.56,-4.429,-8.935,2.672,0,0
56678,0,-5.87,0.00,-4.463,-9.021,2.399,0,0
56729,0,-5.87,0.00,-4.089,-8.547,2.069,0,0
56781,0,-5.87,0.52,-3.759,-8.164,1.925,0,0
56832,0,-5.86,0.00,-3.836,-8.203,2.064,0,0
56884,0,-5.87,0.00,-4.065,-8.332,2.346,0,0
56936,0,-5.87,0.00,-4.329,-8.724,2.662,0,0
56987,0,-5.91,-0.52,-4.276,-8.859,2.672,0,0
57039,0,-5.91,0.00,-3.591,-8.763,1.906,0,0
57089,0,-5.92,-0.48,-2.107,-4.875,1.269,0,0
57139,0,-5.94,-0.56,-2.164,-4.860,1.168,0,0
57190,0,-5.97,0.00,-3.218,-6.795,1.547,0,0
57240,0,-5.99,-0.56,-4.453,-8.696,2.131,0,0
57294,0,-6.00,-0.88,-5.875,-11.310,3.093,0,0
57344,0,-6.00,0.00,-5.344,-11.061,3.227,0,0
57395,0,-6.00,0.00,-3.706,-8.423,2.552,0,0
57447,0,-5.98,0.00,-3.294,-7.527,2.198,0,0
57499,0,-6.03,0.00,-3.797,-7.992,2.198,0,0
57550,0,-6.03,0.00,-4.008,-7.805,2.016,0,0
57602,0,-6.03,0.00,-3.898,-7.523,1.863,0,0
57653,0,-6.07,-1.45,-3.467,-7.010,1.762,0,0
57705,0,-6.07,0.00,-3.759,-8.107,2.126,0,0
57756,0,-6.11,-1.34,-4.793,-10.458,2.993,0,0
57808,0,-6.12,0.00,-6.373,-13.149,3.912,0,0
57860,0,-6.13,-0.52,-6.426,-12.637,3.634,0,0
57911,0,-6.13,0.00,-4.511,-9.098,2.413,0,0
57963,0,-6.17,0.00,-2.974,-6.378,1.547,0,0
58013,0,-6.18,-0.45,-2.825,-6.196,1.513,0,0
58065,0,-6.21,-1.41,-3.907,-8.250,2.102,0,0
58114,0,-6.22,-0.48,-5.176,-10.324,2.897,0,0
58165,0,-6.23,0.00,-5.488,-10.707,3.223,0,0
58215,0,-6.25,0.00,-2.935,-6.024,1.882,0,0
58265,0,-6.26,-0.56,-1.791,-4.061,1.235,0,0
58317,0,-6.24,0.35,-2.705,-6.148,1.738,0,0
58368,0,-6.23,0.30,-5.430,-11.439,2.945,0,0
58420,0,-6.24,0.30,-7.393,-14.073,3.663,0,0
58472,0,-6.25,-0.48,-5.986,-11.238,3.112,0,0
58522,0,-6.28,-1.01,-3.342,-6.847,2.035,0,0
58573,0,-6.30,-1.04,-2.169,-5.004,1.551,0,0
58625,0,-6.33,0.00,-2.715,-6.517,1.925,0,0
58677,0,-6.35,-0.52,-4.673,-10.223,2.844,0,0
58728,0,-6.34,0.00,-6.852,-13.077,3.673,0,0
58780,0,-6.39,-1.01,-6.699,-12.349,3.294,0,0
58831,0,-6.41,-0.56,-4.353,-8.839,2.318,0,0
58883,0,-6.45,-0.52,-2.624,-5.976,1.599,0,0
58934,0,-6.45,0.00,-2.389,-5.737,1.642,0,0
58986,0,-6.46,0.00,-5.047,-8.241,1.374,0,0
59037,0,-6.48,-0.48,-4.554,-9.730,3.673,0,0
59089,0,-6.48,0.00,-5.353,-10.597,4.166,0,0
59139,0,-6.51,-0.56,-5.104,-10.027,3.448,0,0
59190,0,-6.51,0.00,-4.458,-8.610,1.944,0,0
59240,0,-6.49,0.00,-4.865,-7.211,0.283,0,0
59292,0,-6.51,0.00,-4.252,-8.538,1.906,0,0
59344,0,-6.47,1.38,-4.932,-10.113,2.772,0,0
59395,0,-6.48,0.00,-5.483,-10.458,3.074,0,0
59446,0,-6.50,-0.52,-4.927,-9.495,2.749,0,0
59497,0,-6.52,-0.48,-3.912,-8.212,2.179,0,0
59549,0,-6.54,-0.48,-3.371,-7.690,1.906,0,0
59600,0,-6.54,0.00,-3.548,-7.954,1.925,0,0
59652,0,-6.55,0.00,-4.266,-8.825,2.289,0,0
59704,0,-6.55,0.00,-4.990,-9.653,2.739,0,0
59755,0,-6.55,0.00,-4.472,-8.969,2.634,0,0
59807,0,-6.50,1.97,-3.414,-7.484,2.102,0,0
59858,0,-6.50,0.00,-3.376,-7.800,2.021,0,0
59910,0,-6.50,0.00,-4.343,-9.491,2.370,0,0
59961,0,-6.49,0.00,-4.994,-9.931,2.600,0,0
60013,0,-6.46,0.48,-4.496,-8.648,2.404,0,0
60064,0,-6.45,0.52,-3.759,-7.580,2.188,0,0
60117,0,-6.43,0.52,-3.438,-7.590,2.140,0,0
60167,0,-6.43,0.00,-3.381,-7.963,2.136,0,0
60218,0,-6.43,0.00,-3.433,-7.858,2.025,0,0
60268,0,-6.41,0.00,-3.587,-7.417,1.987,0,0
60318,0,-6.38,1.01,-3.864,-7.594,2.073,0,0
60369,0,-6.36,0.20,-4.204,-8.437,2.298,0,0
60421,0,-6.35,0.00,-4.329,-9.428,2.456,0,0
60473,0,-6.36,-0.34,-4.281,-9.773,2.523,0,0
60523,0,-6.36,0.00,-4.152,-9.093,2.461,0,0
60574,0,-6.31,1.86,-4.046,-8.150,2.365,0,0
60626,0,-6.31,0.00,-4.108,-8.006,2.361,0,0
60678,0,-6.30,0.52,-4.137,-8.356,2.289,0,0
60729,0,-6.30,0.00,-3.874,-8.514,2.169,0,0
60781,0,-6.26,0.00,-3.649,-8.332,2.064,0,0
60832,0,-6.25,0.52,-3.754,-8.226,2.193,0,0
60884,0,-6.25,0.48,-4.108,-8.418,2.380,0,0
60935,0,-6.24,0.52,-4.314,-8.590,2.528,0,0
60987,0,-6.23,0.00,-4.156,-8.586,2.399,0,0
61038,0,-6.20,0.52,-3.735,-8.384,2.198,0,0
61090,0,-6.17,1.01,-3.697,-8.519,2.155,0,0
61140,0,-6.14,0.52,-4.065,-8.801,2.260,0,0
61191,0,-6.18,-1.45,-4.381,-8.830,2.423,0,0
61241,0,-6.14,0.00,-4.266,-8.428,2.394,0,0
61293,0,-6.13,0.00,-3.783,-7.930,2.279,0,0
61345,0,-6.13,0.00,-3.251,-7.389,2.016,0,0
61395,0,-6.12,0.48,-3.285,-7.695,2.016,0,0
61447,0,-6.10,0.56,-3.328,-7.427,1.949,0,0
61498,0,-6.08,1.38,-3.318,-6.900,1.848,0,0
61550,0,-6.08,0.00,-3.821,-7.561,2.035,0,0
61601,0,-6.08,0.00,-5.334,-10.640,2.820,0,0
61653,0,-6.05,0.00,-5.564,-12.091,3.237,0,0
61704,0,-6.05,0.00,-4.243,-9.658,2.634,0,0
61756,0,-6.03,0.00,-3.084,-6.819,1.968,0,0
61808,0,-6.03,0.00,-3.026,-6.201,1.820,0,0
61859,0,-6.05,0.00,-4.310,-8.389,2.342,0,0
61911,0,-6.05,0.00,-5.080,-10.190,2.696,0,0
61962,0,-6.06,0.00,-4.640,-10.185,2.581,0,0
62014,0,-6.03,0.00,-3.926,-8.830,2.342,0,0
62065,0,-6.03,0.00,-3.587,-7.709,2.169,0,0
62118,0,-6.03,0.00,-3.917,-7.724,2.332,0,0
62168,0,-6.03,0.00,-6.905,-6.479,5.262,0,0
62218,0,-6.05,-0.88,-6.416,-8.313,3.151,0,0
62268,0,-6.03,0.00,-3.462,-7.594,2.107,0,0
62319,0,-6.02,0.48,-2.916,-7.503,1.858,0,0
62370,0,-6.01,0.52,-3.395,-8.298,1.997,0,0
62420,0,-6.01,0.00,-4.602,-9.357,2.490,0,0
62472,0,-5.98,0.56,-5.401,-9.697,2.854,0,0
62524,0,-5.95,0.00,-4.855,-9.160,2.753,0,0
62574,0,-5.95,0.00,-3.725,-8.346,2.294,0,0
62625,0,-5.94,0.00,-3.050,-7.906,1.982,0,0
62677,0,-5.92,0.52,-3.438,-8.241,2.040,0,0
62729,0,-5.92,0.00,-4.611,-9.055,2.370,0,0
62780,0,-5.90,0.48,-5.033,-8.973,2.634,0,0
62832,0,-5.88,0.52,-4.319,-8.294,2.428,0,0
62883,0,-5.90,0.00,-3.496,-8.025,2.246,0,0
62935,0,-5.90,-0.52,-3.232,-8.294,2.160,0,0
62986,0,-5.92,0.00,-3.898,-9.160,2.356,0,0
63038,0,-5.90,0.00,-4.812,-9.548,2.610,0,0
63089,0,-5.90,0.00,-4.793,-8.835,2.538,0,0
63140,0,-5.90,0.00,-4.228,-8.432,2.370,0,0
63190,0,-5.89,0.54,-3.534,-8.250,2.155,0,0
63240,0,-5.89,0.00,-3.448,-8.777,2.217,0,0
63293,0,-5.87,0.00,-4.013,-9.184,2.428,0,0
63344,0,-5.87,0.00,-4.420,-8.672,2.485,0,0
63396,0,-5.87,0.00,-4.568,-8.428,2.461,0,0
63446,0,-5.87,0.00,-4.338,-8.624,2.389,0,0
63497,0,-5.87,0.00,-3.510,-8.217,2.116,0,0
63549,0,-5.89,-0.56,-3.065,-7.829,1.997,0,0
63601,0,-5.89,0.00,-3.577,-8.107,2.193,0,0
63652,0,-5.97,-0.48,-4.472,-8.758,2.528,0,0
63704,0,-5.99,-1.01,-5.109,-9.419,2.768,0,0
63755,0,-5.99,0.00,-4.764,-9.625,2.715,0,0
63807,0,-5.99,0.00,-3.936,-9.112,2.418,0,0
63858,0,-5.98,0.00,-3.266,-7.977,2.136,0,0
63910,0,-5.95,0.00,-3.381,-7.580,2.102,0,0
63961,0,-5.95,0.00,-4.037,-8.021,2.284,0,0
64013,0,-5.96,-0.92,-4.784,-9.127,2.682,0,0
64064,0,-5.97,-0.48,-4.650,-9.658,2.624,0,0
64117,0,-5.97,0.00,-3.864,-9.131,2.337,0,0
64200,0,-6.01,-0.62,-8.408,-6.273,2.116,0,0
64251,0,-6.03,-0.56,-4.252,-7.422,2.112,0,0
64301,0,-6.04,-0.48,-4.391,-8.054,2.523,0,0
64353,0,-6.04,0.00,-4.520,-9.136,2.514,0,0
64404,0,-6.04,0.00,-4.099,-9.634,2.437,0,0
64456,0,-6.03,0.48,-3.620,-9.098,2.265,0,0
64507,0,-6.04,0.00,-3.663,-8.016,2.188,0,0
64559,0,-6.05,0.00,-4.190,-7.614,2.265,0,0
64610,0,-6.03,0.52,-4.621,-8.112,2.361,0,0
64662,0,-6.02,0.00,-4.520,-9.017,2.356,0,0
64714,0,-6.02,0.00,-3.955,-9.476,2.337,0,0
64765,0,-6.01,0.00,-3.658,-8.926,2.361,0,0
64817,0,-6.01,0.00,-3.888,-8.131,2.418,0,0
64868,0,-6.01,0.00,-4.243,-7.638,2.413,0,0
64920,0,-6.01,0.00,-4.343,-7.824,2.270,0,0
64971,0,-6.01,0.00,-4.180,-8.610,2.193,0,0
65022,0,-6.01,0.00,-4.017,-9.543,2.260,0,0
65073,0,-6.02,-0.52,-4.228,-9.864,2.576,0,0
65123,0,-6.02,0.00,-4.626,-9.136,2.749,0,0
65173,0,-6.01,0.56,-4.760,-8.207,2.385,0,0
65224,0,-6.02,0.00,-3.146,-7.599,2.380,0,0
65274,0,-6.03,0.00,-2.887,-7.997,2.164,0,0
65325,0,-6.03,0.00,-3.792,-8.744,2.222,0,0
65377,0,-6.02,0.00,-4.908,-9.246,2.404,0,0
65429,0,-6.03,-0.48,-4.827,-8.701,2.605,0,0
65480,0,-6.02,0.48,-4.252,-8.188,2.591,0,0
65532,0,-6.06,0.00,-3.610,-8.021,2.437,0,0
65583,0,-6.06,0.00,-3.625,-8.341,2.375,0,0
65635,0,-6.08,0.00,-4.152,-8.782,2.399,0,0
65686,0,-6.09,0.00,-4.659,-8.897,2.456,0,0
65738,0,-6.06,0.00,-4.702,-8.748,2.471,0,0
65789,0,-6.07,-0.48,-4.123,-8.284,2.351,0,0
65840,0,-6.07,0.00,-3.591,-8.131,2.303,0,0
65891,0,-6.07,0.00,-3.539,-8.332,2.322,0,0
65943,0,-6.11,0.00,-3.965,-8.605,2.413,0,0
65994,0,-6.09,0.00,-4.717,-9.103,2.634,0,0
66046,0,-6.09,0.00,-4.946,-9.256,2.600,0,0
66095,0,-6.08,0.00,-4.463,-8.552,2.246,0,0
66145,0,-6.06,0.56,-4.262,-7.417,1.791,0,0
66196,0,-6.09,-0.92,-4.353,-7.915,2.294,0,0
66246,0,-6.06,0.44,-4.515,-8.308,2.380,0,0
66298,0,-6.05,0.56,-4.420,-8.887,2.562,0,0
66350,0,-6.03,0.52,-3.984,-9.127,2.581,0,0
66400,0,-6.03,0.00,-3.749,-8.796,2.456,0,0
66452,0,-6.01,1.09,-3.869,-8.226,2.365,0,0
66503,0,-6.03,-0.74,-4.209,-8.001,2.327,0,0
66555,0,-6.03,0.00,-4.496,-8.370,2.346,0,0
66606,0,-6.06,0.00,-3.960,-9.328,1.255,0,0
66658,0,-6.08,0.00,-3.874,-8.317,2.083,0,0
66709,0,-6.10,-0.86,-4.372,-9.754,2.533,0,0
66761,0,-6.10,0.00,-4.606,-9.979,2.801,0,0
66813,0,-6.11,0.48,-4.511,-8.835,2.648,0,0
66864,0,-6.12,-0.36,-3.965,-7.556,2.260,0,0
66916,0,-6.15,0.00,-3.620,-7.336,2.049,0,0
66967,0,-6.16,-0.82,-3.922,-8.365,2.193,0,0
67019,0,-6.14,1.01,-4.381,-9.562,2.413,0,0
67070,0,-6.11,1.65,-4.448,-9.620,2.591,0,0
67123,0,-6.12,-0.36,-4.334,-8.605,2.586,0,0
67173,0,-6.13,0.00,-4.003,-7.690,2.476,0,0
67224,0,-6.11,0.24,-3.821,-7.551,2.361,0,0
67274,0,-6.09,1.09,-4.123,-8.418,2.413,0,0
67324,0,-6.05,1.49,-4.290,-9.380,2.370,0,0
67375,0,-6.05,-0.26,-4.276,-9.385,2.370,0,0
67427,0,-6.03,0.00,-4.247,-8.590,2.389,0,0
67479,0,-6.06,-0.30,-4.132,-7.867,2.380,0,0
67530,0,-6.03,0.00,-4.022,-7.824,2.423,0,0
67582,0,-6.01,1.01,-4.065,-8.499,2.461,0,0
67633,0,-6.04,-0.86,-4.152,-9.194,2.447,0,0
67685,0,-6.03,-0.26,-4.209,-9.189,2.385,0,0
67736,0,-6.01,0.52,-4.319,-8.452,2.279,0,0
67788,0,-6.02,0.00,-4.420,-7.805,2.236,0,0
67839,0,-6.03,-0.82,-4.219,-8.145,2.351,0,0
67891,0,-6.02,0.00,-4.070,-8.744,2.495,0,0
67943,0,-6.03,0.48,-3.979,-9.136,2.576,0,0
67993,0,-6.03,0.00,-4.104,-8.878,2.490,0,0
68044,0,-6.05,0.52,-4.266,-8.308,2.327,0,0
68096,0,-6.08,0.00,-4.228,-8.045,2.222,0,0
68147,0,-6.06,0.52,-4.094,-8.341,2.356,0,0
68197,0,-6.06,0.00,-4.008,-8.839,2.433,0,0
68247,0,-6.09,0.00,-4.070,-9.069,2.480,0,0
68298,0,-6.08,0.22,-4.228,-8.768,2.418,0,0
68350,0,-6.08,0.00,-4.286,-8.222,2.318,0,0
68400,0,-6.12,-1.34,-4.214,-8.145,2.279,0,0
68451,0,-6.10,0.00,-4.061,-8.495,2.346,0,0
68503,0,-6.12,-0.88,-4.032,-8.849,2.456,0,0
68555,0,-6.11,0.00,-4.113,-8.906,2.437,0,0
68606,0,-6.12,-0.74,-4.257,-8.562,2.394,0,0
68658,0,-6.10,0.00,-4.238,-8.212,2.342,0,0
68709,0,-6.11,-0.86,-4.171,-8.322,2.342,0,0
68761,0,-6.10,0.48,-4.075,-8.624,2.394,0,0
68812,0,-6.08,0.00,-4.061,-8.825,2.394,0,0
68864,0,-6.11,0.52,-4.147,-8.792,2.375,0,0
68915,0,-6.13,0.00,-4.214,-8.428,2.356,0,0
68967,0,-6.12,0.52,-4.199,-8.270,2.365,0,0
69019,0,-6.14,-0.86,-4.152,-8.471,2.389,0,0
69069,0,-6.17,-1.34,-4.085,-8.696,2.380,0,0
69119,0,-6.17,0.00,-4.094,-8.801,2.365,0,0
69169,0,-6.20,-1.45,-4.271,-8.600,2.346,0,0
69219,0,-6.20,0.00,-4.338,-8.351,2.394,0,0
69270,0,-6.18,0.00,-4.262,-8.337,2.404,0,0
69321,0,-6.21,-0.86,-4.204,-8.456,2.365,0,0
69373,0,-6.21,0.00,-4.180,-8.624,2.418,0,0
69424,0,-6.19,0.00,-4.142,-8.729,2.370,0,0
69476,0,-6.18,0.00,-4.118,-8.677,2.370,0,0
69527,0,-6.17,0.00,-4.137,-8.495,2.375,0,0
69579,0,-6.15,0.00,-4.180,-8.380,2.418,0,0
69630,0,-6.17,-0.74,-4.262,-8.437,2.433,0,0
69682,0,-6.16,0.00,-4.271,-8.557,2.380,0,0
69734,0,-6.14,0.52,-4.199,-8.677,2.385,0,0
69785,0,-6.13,0.00,-4.147,-8.633,2.346,0,0
69837,0,-6.15,0.00,-4.132,-8.519,2.351,0,0
69887,0,-6.15,0.00,-4.152,-8.456,2.370,0,0
69939,0,-6.14,0.48,-4.195,-8.514,2.399,0,0
69990,0,-6.11,0.00,-4.252,-8.581,2.404,0,0
70042,0,-6.12,0.52,-4.238,-8.619,2.399,0,0
70093,0,-6.11,0.48,-4.166,-8.590,2.365,0,0
70144,0,-6.11,0.00,-4.161,-8.504,2.380,0,0
70194,0,-6.06,1.09,-4.161,-8.499,2.389,0,0
70245,0,-6.07,-0.36,-4.214,-8.509,2.404,0,0
70296,0,-6.08,0.00,-4.223,-8.571,2.413,0,0
70348,0,-6.07,0.07,-4.185,-8.605,2.380,0,0
70400,0,-6.05,-0.78,-4.128,-8.576,2.337,0,0
70451,0,-6.03,1.05,-4.142,-8.514,2.365,0,0
70502,0,-6.00,1.04,-4.185,-8.499,2.375,0,0
70553,0,-6.01,-0.34,-4.185,-8.552,2.428,0,0
70605,0,-5.99,1.04,-4.180,-8.562,2.413,0,0
70656,0,-5.99,-0.34,-4.156,-8.590,2.413,0,0
70708,0,-5.95,0.00,-4.142,-8.566,2.375,0,0
70759,0,-5.97,-0.34,-4.152,-8.514,2.356,0,0
70811,0,-5.93,0.00,-4.214,-8.533,2.375,0,0
70863,0,-5.96,-0.86,-4.190,-8.533,2.356,0,0
70914,0,-5.92,1.65,-4.137,-8.586,2.380,0,0
70966,0,-5.94,-0.34,-4.075,-8.605,2.418,0,0
71017,0,-5.91,1.01,-4.180,-8.552,2.437,0,0
71069,0,-5.93,0.00,-4.238,-8.485,2.418,0,0
71121,0,-5.91,0.56,-4.238,-8.480,2.394,0,0
71172,0,-5.91,0.00,-4.238,-8.519,2.385,0,0
71222,0,-5.91,0.00,-4.195,-8.562,2.399,0,0
71272,0,-5.89,0.00,-4.152,-8.571,2.409,0,0
71324,0,-5.93,-1.23,-4.156,-8.571,2.433,0,0
71374,0,-5.94,-0.52,-4.185,-8.523,2.413,0,0
71426,0,-5.93,0.00,-4.195,-8.461,2.428,0,0
71477,0,-5.95,-1.34,-4.214,-8.509,2.423,0,0
71529,0,-5.95,0.00,-4.199,-8.533,2.375,0,0
71580,0,-5.93,0.00,-4.204,-8.590,2.409,0,0
71632,0,-5.94,-0.34,-4.190,-8.581,2.380,0,0
71683,0,-5.93,0.00,-4.180,-8.514,2.418,0,0
71735,0,-5.90,0.52,-4.195,-8.490,2.404,0,0
71786,0,-5.92,-0.82,-4.195,-8.490,2.418,0,0
71838,0,-5.93,-0.82,-4.204,-8.557,2.428,0,0
71890,0,-5.92,0.52,-4.171,-8.586,2.361,0,0
71941,0,-5.91,0.00,-4.156,-8.586,2.365,0,0
71993,0,-5.93,-1.34,-4.180,-8.557,2.356,0,0
72043,0,-5.93,0.00,-4.195,-8.528,2.380,0,0
72095,0,-5.91,0.52,-4.199,-8.499,2.442,0,0
72145,0,-5.91,0.00,-4.204,-8.514,2.423,0,0
72195,0,-5.92,-0.88,-4.175,-8.562,2.370,0,0
72246,0,-5.90,1.09,-4.171,-8.581,2.385,0,0
72295,0,-5.88,0.00,-4.137,-8.571,2.365,0,0
72347,0,-5.90,-0.82,-4.166,-8.552,2.380,0,0
72397,0,-5.89,0.19,-4.195,-8.523,2.399,0,0
72449,0,-5.88,0.52,-4.195,-8.543,2.404,0,0
72499,0,-5.88,0.00,-4.209,-8.538,2.418,0,0
72550,0,-5.84,1.34,-4.204,-8.547,2.409,0,0
72602,0,-5.83,0.00,-4.190,-8.590,2.428,0,0
72654,0,-5.85,0.48,-4.175,-8.552,2.399,0,0
72705,0,-5.81,0.00,-4.147,-8.523,2.365,0,0
72757,0,-5.82,-0.86,-4.199,-8.499,2.342,0,0
72808,0,-5.82,0.00,-4.238,-8.547,2.365,0,0
72860,0,-5.81,0.00,-4.195,-8.552,2.361,0,0
72911,0,-5.77,1.34,-4.286,-8.394,2.365,0,0
72963,0,-5.80,0.00,-4.338,-8.452,2.346,0,0
73015,0,-5.80,0.00,-4.305,-8.653,2.308,0,0
73066,0,-5.80,0.00,-4.166,-8.686,2.409,0,0
73118,0,-5.78,0.00,-4.108,-8.562,2.409,0,0
73169,0,-5.78,0.00,-4.147,-8.504,2.447,0,0
73219,0,-5.78,0.00,-4.161,-8.514,2.418,0,0
73269,0,-5.82,-1.33,-4.132,-8.538,2.418,0,0
73321,0,-5.82,0.00,-4.094,-8.595,2.370,0,0
73372,0,-5.83,0.00,-4.156,-8.701,2.370,0,0
73423,0,-5.82,0.52,-4.195,-8.638,2.413,0,0
73474,0,-5.82,0.00,-4.180,-8.442,2.409,0,0
73526,0,-5.80,0.52,-4.166,-8.480,2.418,0,0
73577,0,-5.80,0.00,-4.243,-8.787,2.480,0,0
73629,0,-5.79,0.52,-4.697,-9.787,2.686,0,0
73680,0,-5.79,0.00,-4.774,-9.783,2.677,0,0
73732,0,-5.77,0.52,-3.984,-8.049,2.241,0,0
73784,0,-5.77,0.00,-3.505,-7.029,1.982,0,0
73835,0,-5.77,0.00,-3.687,-7.527,2.088,0,0
73887,0,-5.76,0.00,-4.305,-8.882,2.447,0,0
73938,0,-5.73,0.00,-4.549,-9.538,2.658,0,0
73990,0,-5.76,-1.23,-4.233,-8.945,2.528,0,0
74041,0,-5.76,0.00,-3.634,-7.599,2.174,0,0
74092,0,-5.76,0.00,-3.486,-7.183,2.054,0,0
74142,0,-5.75,0.00,-4.027,-8.274,2.342,0,0
74228,0,-5.70,0.42,-4.630,-9.639,2.634,0,0
74277,0,-5.69,0.00,-4.252,-8.945,2.476,0,0
74328,0,-5.69,0.00,-3.797,-7.982,2.284,0,0
74379,0,-5.69,0.00,-3.610,-7.475,2.150,0,0
74431,0,-5.70,0.00,-3.888,-7.709,2.270,0,0
74482,0,-5.70,0.00,-4.434,-8.499,2.562,0,0
74534,0,-5.71,0.00,-4.223,-9.218,2.538,0,0
74585,0,-5.71,0.00,-4.161,-9.208,2.456,0,0
74637,0,-5.75,-0.74,-4.362,-8.930,2.471,0,0
74689,0,-5.75,0.00,-4.597,-8.758,2.480,0,0
74740,0,-5.75,0.00,-4.396,-8.600,2.452,0,0
74792,0,-5.75,0.00,-3.773,-8.083,2.236,0,0
74843,0,-5.77,0.00,-3.318,-7.958,2.040,0,0
74895,0,-5.77,0.00,-4.008,-8.959,2.437,0,0
74946,0,-5.76,0.52,-4.750,-9.682,2.729,0,0
74997,0,-5.76,0.00,-4.803,-9.227,2.662,0,0
75048,0,-5.76,0.00,-4.104,-8.226,2.332,0,0
75100,0,-5.79,0.00,-3.529,-7.661,2.064,0,0
75150,0,-5.81,-0.92,-3.486,-7.958,2.093,0,0
75201,0,-5.81,0.00,-4.003,-8.801,2.318,0,0
75251,0,-5.81,0.00,-4.578,-9.208,2.624,0,0
75303,0,-5.81,0.00,-4.707,-9.103,2.720,0,0
75354,0,-5.81,0.00,-4.209,-8.528,2.452,0,0
75406,0,-5.86,0.00,-3.821,-7.709,2.509,0,0
75458,0,-5.88,0.00,-4.142,-8.169,2.279,0,0
75509,0,-5.86,0.00,-4.319,-8.681,2.375,0,0
75561,0,-5.86,0.00,-4.559,-9.036,2.480,0,0
75612,0,-5.86,0.00,-4.286,-8.902,2.452,0,0
75664,0,-5.89,0.52,-3.898,-8.413,2.370,0,0
75715,0,-5.87,0.00,-3.745,-8.126,2.241,0,0
75767,0,-5.90,0.00,-3.965,-8.226,2.313,0,0
75818,0,-5.88,0.52,-4.381,-8.777,2.471,0,0
75869,0,-5.88,0.00,-4.578,-9.069,2.533,0,0
75920,0,-5.88,0.00,-4.401,-8.724,2.519,0,0
75972,0,-5.87,0.00,-4.156,-8.346,2.380,0,0
76023,0,-5.87,0.00,-3.998,-8.068,2.313,0,0
76075,0,-5.85,0.00,-4.080,-8.255,2.399,0,0
76125,0,-5.89,-1.45,-4.247,-8.724,2.519,0,0
76175,0,-5.89,0.00,-4.171,-8.973,2.423,0,0
76226,0,-5.88,0.54,-4.123,-8.806,2.351,0,0
76276,0,-5.86,0.21,-4.152,-8.442,2.365,0,0
76326,0,-5.86,0.00,-4.104,-8.265,2.351,0,0
76378,0,-5.91,0.00,-4.219,-8.303,2.423,0,0
76429,0,-5.90,0.00,-4.468,-8.581,2.600,0,0
76481,0,-5.89,0.52,-4.219,-8.715,2.480,0,0
76532,0,-5.90,0.52,-4.132,-8.629,2.365,0,0
76584,0,-5.89,0.52,-4.075,-8.466,2.313,0,0
76635,0,-5.88,0.00,-4.085,-8.442,2.356,0,0
76687,0,-5.90,0.00,-4.199,-8.538,2.399,0,0
76739,0,-5.92,0.00,-4.281,-8.638,2.471,0,0
76790,0,-5.91,0.00,-4.228,-8.605,2.461,0,0
76842,0,-5.90,0.52,-4.132,-8.519,2.375,0,0
76893,0,-5.93,0.00,-4.152,-8.442,2.370,0,0
76945,0,-5.94,-0.86,-4.233,-8.456,2.394,0,0
76995,0,-5.93,0.52,-4.286,-8.600,2.399,0,0
77046,0,-5.95,-0.82,-4.180,-8.629,2.370,0,0
77098,0,-5.94,0.00,-4.118,-8.595,2.394,0,0
77149,0,-5.89,0.52,-4.118,-8.523,2.413,0,0
77199,0,-5.93,-1.39,-4.137,-8.499,2.423,0,0
77249,0,-5.90,0.00,-4.185,-8.490,2.433,0,0
77301,0,-5.94,-1.41,-4.233,-8.590,2.413,0,0
77353,0,-5.93,0.00,-4.180,-8.595,2.365,0,0
77404,0,-5.91,0.00,-4.156,-8.590,2.342,0,0
77456,0,-5.95,-1.45,-4.171,-8.571,2.356,0,0
77507,0,-5.93,0.00,-4.166,-8.519,2.409,0,0
77559,0,-5.89,1.04,-4.199,-8.519,2.399,0,0
77611,0,-5.89,0.00,-4.214,-8.538,2.428,0,0
77662,0,-5.87,-0.34,-4.199,-8.557,2.409,0,0
77714,0,-5.83,1.56,-4.180,-8.533,2.351,0,0
77765,0,-5.77,1.01,-4.180,-8.571,2.346,0,0
77817,0,-5.77,0.19,-4.190,-8.552,2.361,0,0
77867,0,-5.74,1.04,-4.175,-8.552,2.380,0,0
77918,0,-5.75,-0.34,-4.171,-8.533,2.409,0,0
77970,0,-5.68,1.56,-4.156,-8.538,2.433,0,0
78022,0,-5.69,1.04,-4.190,-8.543,2.399,0,0
78073,0,-5.70,0.00,-4.219,-8.303,2.270,0,0
78126,0,-5.64,1.09,-4.075,-8.006,2.160,0,0
78176,0,-5.68,-1.45,-3.883,-8.303,2.274,0,0
78226,0,-5.67,0.00,-4.219,-9.380,2.715,0,0
78276,0,-5.69,0.00,-4.554,-9.620,2.801,0,0
78327,0,-5.71,-0.35,-4.420,-8.715,2.557,0,0
78377,0,-5.71,0.00,-4.032,-7.958,2.222,0,0
78428,0,-5.68,0.48,-4.142,-8.432,2.231,0,0
78480,0,-5.72,-1.23,-4.386,-9.275,2.289,0,0
78532,0,-5.72,0.00,-4.511,-9.610,2.418,0,0
78583,0,-5.72,0.00,-4.156,-8.523,2.365,0,0
78635,0,-5.72,0.00,-3.663,-7.460,2.274,0,0
78686,0,-5.74,0.56,-3.630,-7.494,2.289,0,0
78738,0,-5.74,0.00,-3.917,-8.375,2.418,0,0
78789,0,-5.76,0.00,-4.262,-9.199,2.447,0,0
78841,0,-5.75,0.52,-4.367,-9.232,2.356,0,0
78893,0,-5.78,0.00,-4.334,-8.662,2.246,0,0
78944,0,-5.80,0.00,-4.238,-8.346,2.289,0,0
78996,0,-5.80,0.00,-4.223,-8.595,2.428,0,0
79046,0,-5.80,0.00,-4.075,-8.715,2.552,0,0
79095,0,-5.84,0.00,-3.855,-8.514,2.466,0,0
79145,0,-5.82,0.00,-3.831,-8.322,2.365,0,0
79196,0,-5.81,0.56,-4.118,-8.499,2.298,0,0
79246,0,-5.84,0.00,-4.252,-8.442,2.251,0,0
79298,0,-5.83,0.56,-4.334,-8.629,2.322,0,0
79350,0,-5.87,-1.30,-4.156,-8.859,2.322,0,0
79401,0,-5.85,0.45,-3.759,-8.399,2.356,0,0
79453,0,-5.85,0.00,-3.553,-7.819,2.265,0,0
79504,0,-5.90,0.00,-3.893,-8.121,2.394,0,0
79556,0,-5.94,-1.23,-4.563,-9.064,2.552,0,0
79608,0,-5.92,0.48,-4.717,-9.433,2.490,0,0
79659,0,-5.90,-0.32,-4.372,-9.203,2.322,0,0
79711,0,-5.90,0.00,-3.836,-8.408,2.150,0,0
79762,0,-5.94,0.00,-3.697,-7.992,2.203,0,0
79814,0,-5.93,0.00,-4.037,-8.274,2.423,0,0
79865,0,-5.96,0.00,-4.310,-8.638,2.614,0,0
79916,0,-5.96,0.00,-4.233,-8.619,2.509,0,0
79967,0,-6.00,0.00,-3.845,-8.298,2.222,0,0
80019,0,-5.96,1.01,-3.797,-8.265,2.121,0,0
80070,0,-5.94,0.00,-4.037,-8.485,2.236,0,0
80120,0,-5.97,0.48,-4.262,-8.533,2.342,0,0
80171,0,-5.95,0.56,-4.190,-8.337,2.452,0,0
80221,0,-5.99,0.00,-3.994,-8.289,2.466,0,0
80271,0,-6.00,-0.88,-4.008,-8.734,2.509,0,0
80323,0,-6.01,-0.30,-4.314,-9.414,2.586,0,0
80374,0,-5.98,0.44,-4.463,-9.328,2.466,0,0
80426,0,-5.97,0.48,-4.276,-8.466,2.251,0,0
80476,0,-6.00,-1.23,-3.955,-7.824,2.164,0,0
80528,0,-5.98,0.56,-3.840,-7.915,2.184,0,0
80579,0,-5.99,-0.82,-3.845,-8.413,2.356,0,0
80631,0,-5.99,0.00,-4.003,-8.921,2.538,0,0
80682,0,-5.98,0.00,-4.228,-8.969,2.552,0,0
80734,0,-6.04,-1.45,-4.290,-8.638,2.447,0,0
80785,0,-6.04,0.00,-4.262,-8.418,2.298,0,0
80837,0,-6.05,-0.82,-4.252,-8.696,2.265,0,0
80889,0,-6.05,0.00,-4.152,-8.973,2.294,0,0
80940,0,-6.07,0.00,-4.118,-9.012,2.456,0,0
80992,0,-6.06,0.52,-4.180,-8.796,2.509,0,0
81043,0,-6.07,0.00,-4.175,-8.432,2.562,0,0
81095,0,-6.02,1.01,-4.123,-8.356,2.437,0,0
81145,0,-6.05,-0.88,-4.061,-8.499,2.308,0,0
81196,0,-6.07,0.00,-4.027,-8.672,2.207,0,0
81246,0,-6.06,-0.80,-4.070,-8.710,2.217,0,0
81295,0,-6.07,-0.36,-4.180,-8.605,2.365,0,0
81346,0,-6.09,-0.82,-4.247,-8.519,2.456,0,0
81397,0,-6.07,1.01,-4.228,-8.566,2.543,0,0
81449,0,-6.05,1.53,-4.056,-8.624,2.485,0,0
81500,0,-6.02,1.13,-3.931,-8.610,2.313,0,0
81552,0,-6.03,0.00,-4.003,-8.610,2.222,0,0
81604,0,-6.05,-0.34,-4.070,-8.337,2.174,0,0
81655,0,-6.02,0.00,-4.175,-8.317,2.260,0,0
81707,0,-6.00,0.19,-4.228,-8.552,2.389,0,0
81758,0,-5.99,0.48,-4.161,-8.878,2.490,0,0
81810,0,-5.99,0.52,-4.080,-8.993,2.514,0,0
81861,0,-6.01,-0.82,-3.950,-8.552,2.375,0,0
81913,0,-6.00,0.00,-3.950,-8.145,2.227,0,0
81964,0,-6.01,0.48,-4.171,-8.265,2.227,0,0
82015,0,-6.01,0.00,-4.381,-8.744,2.337,0,0
82066,0,-6.02,0.52,-4.310,-9.069,2.404,0,0
82119,0,-6.00,0.00,-4.152,-9.079,2.433,0,0
82169,0,-6.06,-1.41,-3.974,-8.571,2.433,0,0
82219,0,-6.06,0.00,-3.994,-8.217,2.404,0,0
82269,0,-6.09,0.00,-4.085,-8.155,2.337,0,0
82321,0,-6.12,0.00,-4.099,-8.346,2.270,0,0
82373,0,-6.14,-0.86,-4.152,-8.782,2.260,0,0
82423,0,-6.16,-0.28,-4.152,-8.954,2.303,0,0
82474,0,-6.16,0.00,-4.156,-8.753,2.361,0,0
82525,0,-6.20,-1.34,-4.166,-8.471,2.447,0,0
82576,0,-6.19,0.00,-4.142,-8.327,2.490,0,0
82628,0,-6.18,1.01,-4.022,-8.341,2.399,0,0
82679,0,-6.20,0.00,-3.974,-8.547,2.308,0,0
82731,0,-6.21,1.09,-4.022,-8.643,2.274,0,0
82782,0,-6.18,1.34,-4.214,-8.720,2.289,0,0
82834,0,-6.20,0.00,-4.367,-8.653,2.380,0,0
82886,0,-6.21,-0.86,-4.290,-8.499,2.442,0,0
82937,0,-6.19,0.00,-4.152,-8.533,2.456,0,0
82989,0,-6.22,-0.86,-3.994,-8.662,2.437,0,0
83040,0,-6.20,0.52,-4.027,-8.705,2.399,0,0
83092,0,-6.23,0.48,-4.123,-8.547,2.365,0,0
83142,0,-6.21,0.56,-4.262,-8.418,2.327,0,0
83193,0,-6.24,0.00,-4.329,-8.557,2.342,0,0
83243,0,-6.22,0.56,-4.496,-9.179,2.543,0,0
83293,0,-6.21,0.60,-4.343,-9.294,2.552,0,0
83343,0,-6.23,-0.74,-3.826,-8.308,2.365,0,0
83394,0,-6.23,0.00,-3.663,-7.647,2.255,0,0
83446,0,-6.21,0.00,-4.008,-8.011,2.356,0,0
83498,0,-6.17,0.48,-4.262,-8.466,2.409,0,0
83549,0,-6.19,0.00,-4.195,-8.581,2.342,0,0
83601,0,-6.18,-0.34,-4.132,-8.672,2.346,0,0
83652,0,-6.16,0.52,-4.032,-8.384,2.332,0,0
83704,0,-6.12,1.01,-4.362,-8.490,2.471,0,0
83755,0,-6.11,0.52,-4.492,-8.547,2.705,0,0
83807,0,-6.08,0.00,-4.429,-8.562,2.638,0,0
83858,0,-6.05,0.48,-4.223,-8.571,2.480,0,0
83910,0,-6.04,0.52,-4.108,-8.619,2.361,0,0
83962,0,-6.02,0.52,-4.324,-8.715,2.409,0,0
84012,0,-6.02,0.00,-4.573,-8.653,2.480,0,0
84063,0,-5.96,0.52,-4.262,-8.212,2.576,0,0
84113,0,-5.95,0.56,-4.132,-8.226,2.552,0,0
84202,0,-5.89,0.37,-4.175,-8.672,2.452,0,0
84253,0,-5.89,0.00,-4.377,-8.993,2.528,0,0
84304,0,-5.84,0.00,-4.468,-8.940,2.461,0,0
84355,0,-5.84,0.00,-4.391,-8.523,2.351,0,0
84406,0,-5.87,-0.52,-4.065,-8.255,2.370,0,0
84458,0,-5.88,0.00,-3.855,-8.322,2.380,0,0
84509,0,-5.88,0.00,-3.922,-8.667,2.504,0,0
84561,0,-5.90,-0.48,-4.214,-8.926,2.624,0,0
84613,0,-5.93,0.00,-4.458,-8.806,2.653,0,0
84664,0,-5.93,0.00,-4.199,-8.270,2.385,0,0
84716,0,-5.90,0.00,-3.797,-8.035,2.303,0,0
84767,0,-5.90,0.97,-3.773,-8.260,2.241,0,0
84819,0,-5.88,0.52,-3.773,-8.763,2.332,0,0
84870,0,-5.83,1.01,-4.003,-9.002,2.523,0,0
84922,0,-5.85,-0.86,-4.338,-9.084,2.581,0,0
84974,0,-5.84,0.00,-4.314,-8.926,2.629,0,0
85024,0,-5.85,-0.34,-3.960,-8.638,2.557,0,0
85075,0,-5.84,-0.86,-3.821,-8.523,2.241,0,0
85125,0,-5.81,1.13,-3.697,-8.279,2.011,0,0
85176,0,-5.84,0.00,-3.802,-8.179,2.025,0,0
85226,0,-5.79,1.09,-4.003,-8.317,2.241,0,0
85276,0,-5.83,-1.49,-4.281,-8.825,2.552,0,0
85328,0,-5.87,0.00,-4.314,-9.203,2.658,0,0
85379,0,-5.89,-1.38,-4.027,-9.064,2.547,0,0
85431,0,-5.89,0.00,-3.745,-8.514,2.327,0,0
85482,0,-5.91,0.00,-3.941,-8.375,2.265,0,0
85534,0,-5.88,1.04,-4.262,-8.528,2.217,0,0
85586,0,-5.92,0.00,-4.305,-8.672,2.260,0,0
85637,0,-5.88,1.13,-3.826,-8.370,2.236,0,0
85689,0,-5.91,-1.38,-3.601,-8.313,2.409,0,0
85740,0,-5.91,1.01,-3.931,-9.064,2.672,0,0
85792,0,-5.93,-0.82,-4.281,-9.299,2.658,0,0
85842,0,-5.92,0.52,-4.161,-8.576,2.322,0,0
85894,0,-5.95,-1.49,-4.003,-8.159,2.140,0,0
85945,0,-5.94,0.00,-3.955,-8.284,2.064,0,0
85997,0,-5.95,-0.34,-3.874,-8.614,2.241,0,0
86048,0,-5.93,0.00,-4.070,-9.026,2.538,0,0
86100,0,-5.94,-0.82,-4.573,-9.644,2.868,0,0
86150,0,-5.93,0.00,-4.487,-9.112,2.720,0,0
86201,0,-5.97,0.00,-3.989,-8.188,2.318,0,0
86253,0,-5.99,-0.29,-3.563,-7.618,1.987,0,0
86304,0,-5.97,0.56,-3.496,-7.618,1.887,0,0
86355,0,-5.97,0.00,-3.955,-8.456,2.207,0,0
86406,0,-5.99,-0.86,-4.439,-9.069,2.605,0,0
86458,0,-5.98,0.52,-4.415,-9.007,2.768,0,0
86509,0,-5.99,-0.34,-4.209,-8.868,2.777,0,0
86561,0,-5.95,1.65,-3.836,-8.289,2.500,0,0
86612,0,-5.96,0.00,-3.472,-8.016,2.169,0,0
86664,0,-5.93,0.52,-3.864,-8.279,2.121,0,0
86716,0,-5.94,0.00,-4.401,-8.782,2.231,0,0
86767,0,-5.96,-1.38,-4.788,-9.337,2.466,0,0
86819,0,-5.95,0.56,-4.281,-8.854,2.538,0,0
86870,0,-5.92,0.45,-3.510,-7.743,2.385,0,0
86922,0,-5.92,0.00,-3.247,-7.336,2.342,0,0
86972,0,-5.93,-0.26,-3.792,-7.997,2.485,0,0
87024,0,-5.91,0.48,-4.405,-8.978,2.619,0,0
87075,0,-5.89,0.00,-4.616,-8.973,2.471,0,0
87128,0,-5.87,0.00,-4.343,-8.586,2.385,0,0
87178,0,-5.87,0.00,-4.070,-8.432,2.423,0,0
87228,0,-5.87,0.00,-4.137,-8.557,2.638,0,0
87278,0,-5.86,0.52,-4.401,-8.763,2.892,0,0
87330,0,-5.86,0.00,-4.501,-8.734,2.892,0,0
87381,0,-5.83,0.56,-4.463,-8.332,2.782,0,0
87433,0,-5.82,0.48,-4.113,-8.270,2.476,0,0
87485,0,-5.78,0.00,-4.137,-8.356,2.294,0,0
87536,0,-5.79,-0.15,-4.137,-8.466,2.284,0,0
87588,0,-5.78,0.00,-4.262,-8.681,2.413,0,0
87639,0,-5.85,-1.04,-4.343,-8.638,2.619,0,0
87691,0,-5.87,-0.67,-4.128,-8.361,2.696,0,0
87742,0,-5.90,0.34,-4.037,-8.260,2.562,0,0
87794,0,-5.93,-1.09,-3.888,-8.164,2.385,0,0
87846,0,-5.94,0.00,-4.233,-8.571,2.289,0,0
87896,0,-5.93,0.34,-4.650,-9.203,2.423,0,0
87947,0,-5.97,-1.01,-4.707,-9.213,2.504,0,0
87999,0,-5.99,-0.52,-4.334,-8.638,2.447,0,0
88050,0,-5.98,0.00,-3.768,-7.829,2.428,0,0
88102,0,-6.00,0.86,-3.701,-8.011,2.533,0,0
88153,0,-6.04,-1.65,-4.056,-8.734,2.614,0,0
88203,0,-6.03,0.00,-4.544,-9.213,2.614,0,0
88253,0,-6.06,0.36,-4.621,-8.959,2.456,0,0
88305,0,-6.12,-0.87,-4.147,-8.370,2.279,0,0
88357,0,-6.11,-1.09,-3.792,-8.102,2.217,0,0
88409,0,-6.10,0.00,-3.725,-8.236,2.342,0,0
88459,0,-6.13,-1.04,-3.998,-8.586,2.552,0,0
88510,0,-6.15,0.00,-4.185,-8.763,2.643,0,0
88562,0,-6.17,0.92,-4.185,-8.633,2.519,0,0
88614,0,-6.20,0.00,-4.070,-8.490,2.246,0,0
88665,0,-6.26,-0.52,-3.950,-8.543,2.169,0,0
88717,0,-6.29,-1.34,-4.003,-8.792,2.303,0,0
88768,0,-6.29,0.00,-4.276,-8.792,2.686,0,0
88820,0,-6.28,0.00,-4.343,-8.715,2.902,0,0
88871,0,-6.32,0.00,-3.998,-8.485,2.744,0,0
88923,0,-6.33,0.00,-3.773,-8.255,2.485,0,0
88975,0,-6.38,-1.45,-3.649,-8.193,2.274,0,0
89026,0,-6.42,-1.34,-4.094,-8.614,2.097,0,0
89078,0,-6.42,0.00,-4.185,-8.844,2.356,0,0
89128,0,-6.44,0.00,-4.381,-8.849,2.595,0,0
89178,0,-6.40,0.56,-4.171,-8.863,2.696,0,0
89228,0,-6.41,-0.31,-3.984,-8.428,2.806,0,0
89281,0,-6.38,0.00,-3.682,-8.509,2.648,0,0
89332,0,-6.38,0.19,-3.701,-8.346,2.485,0,0
89383,0,-6.38,0.00,-4.056,-8.653,2.380,0,0
89434,0,-6.33,0.19,-4.525,-8.983,2.471,0,0
89486,0,-6.29,0.00,-4.597,-9.203,2.519,0,0
89537,0,-6.28,-0.36,-3.998,-8.787,2.413,0,0
89589,0,-6.25,1.01,-3.582,-8.270,2.346,0,0
89641,0,-6.25,0.52,-3.582,-8.193,2.303,0,0
89692,0,-6.26,-0.34,-4.089,-8.471,2.399,0,0
89744,0,-6.24,0.00,-4.463,-8.835,2.437,0,0
89795,0,-6.28,0.00,-4.353,-8.878,2.318,0,0
89847,0,-6.30,0.00,-3.941,-8.629,2.198,0,0
89898,0,-6.32,0.45,-3.735,-8.499,2.236,0,0
89950,0,-6.31,0.52,-3.888,-8.365,2.476,0,0
90002,0,-6.33,0.00,-4.410,-8.241,2.916,0,0
90052,0,-6.27,2.35,-3.931,-8.222,2.974,0,0
90101,0,-6.21,1.53,-4.266,-8.954,2.840,0,0
90152,0,-6.16,2.01,-4.180,-9.103,2.509,0,0
90202,0,-6.14,0.00,-3.903,-8.768,2.155,0,0
90252,0,-6.16,0.00,-4.606,-7.633,2.907,0,0
90304,0,-6.12,1.33,-5.224,-7.848,3.122,0,0
90354,0,-6.15,-0.39,-4.381,-7.843,2.892,0,0
90406,0,-6.17,-0.56,-3.970,-8.380,2.686,0,0
90458,0,-6.19,-0.52,-3.745,-8.945,2.461,0,0
90508,0,-6.19,0.00,-3.855,-9.088,2.193,0,0
90559,0,-6.24,-1.08,-4.233,-8.739,2.121,0,0
90611,0,-6.25,-0.48,-4.520,-8.365,2.160,0,0
90663,0,-6.26,0.00,-4.381,-8.212,2.356,0,0
90714,0,-6.30,-1.04,-4.003,-8.514,2.523,0,0
90766,0,-6.30,0.00,-3.677,-8.897,2.571,0,0
90817,0,-6.33,-0.56,-3.740,-8.892,2.476,0,0
90869,0,-6.33,0.00,-4.113,-8.576,2.389,0,0
90920,0,-6.31,0.00,-4.410,-8.375,2.303,0,0
90972,0,-6.32,-0.48,-4.247,-8.332,2.327,0,0
91024,0,-6.32,0.00,-3.864,-8.715,2.313,0,0
91075,0,-6.29,1.34,-3.496,-9.007,2.509,0,0
91125,0,-6.27,0.00,-3.486,-9.160,2.605,0,0
91175,0,-6.26,0.50,-3.759,-8.787,2.600,0,0
91226,0,-6.22,1.45,-4.104,-8.509,2.442,0,0
91276,0,-6.27,0.00,-4.085,-8.361,2.207,0,0
91326,0,-6.27,0.00,-3.773,-8.495,2.116,0,0
91378,0,-6.29,0.00,-3.601,-8.744,2.241,0,0
91429,0,-6.29,0.00,-3.802,-8.811,2.490,0,0
91481,0,-6.30,-0.52,-4.247,-8.633,2.725,0,0
91532,0,-6.30,0.00,-4.391,-8.423,2.634,0,0
91584,0,-6.30,0.00,-4.228,-8.408,2.413,0,0
91635,0,-6.30,0.00,-3.893,-8.629,2.155,0,0
91687,0,-6.29,0.00,-3.745,-8.796,2.155,0,0
91739,0,-6.29,0.00,-4.080,-8.792,2.428,0,0
91790,0,-6.32,0.00,-4.367,-8.528,2.739,0,0
91842,0,-6.30,0.97,-4.515,-8.413,2.772,0,0
91893,0,-6.28,0.00,-4.152,-8.389,2.619,0,0
91945,0,-6.26,-0.34,-3.740,-8.504,2.380,0,0
91996,0,-6.22,0.00,-3.706,-8.571,2.251,0,0
92047,0,-6.19,1.01,-4.185,-8.643,2.365,0,0
92098,0,-6.18,0.00,-4.664,-8.595,2.591,0,0
92149,0,-6.15,1.13,-4.640,-8.499,2.619,0,0
92199,0,-6.14,0.52,-4.175,-8.322,2.514,0,0
92250,0,-6.12,0.00,-3.836,-8.447,2.404,0,0
92301,0,-6.10,0.48,-3.711,-8.528,2.322,0,0
92353,0,-6.08,0.00,-4.247,-8.586,2.413,0,0
92410,0,-6.07,0.19,-4.693,-8.638,2.567,0,0
92461,0,-6.06,0.48,-4.563,-8.557,2.552,0,0
92512,0,-6.06,0.00,-4.046,-8.461,2.452,0,0
92563,0,-6.03,-0.48,-3.610,-8.399,2.356,0,0
92615,0,-6.03,0.00,-3.668,-8.466,2.380,0,0
92666,0,-5.98,0.52,-4.185,-8.586,2.452,0,0
92718,0,-5.95,1.38,-4.654,-8.715,2.519,0,0
92770,0,-5.93,0.00,-4.568,-8.734,2.461,0,0
92821,0,-5.96,-0.56,-4.051,-8.657,2.308,0,0
92873,0,-5.96,0.00,-3.634,-8.499,2.184,0,0
92924,0,-5.92,0.52,-3.711,-8.442,2.289,0,0
92976,0,-5.92,0.00,-4.166,-8.452,2.442,0,0
93027,0,-5.89,0.00,-4.506,-8.519,2.576,0,0
93079,0,-5.92,-0.52,-4.420,-8.614,2.528,0,0
93129,0,-5.88,0.00,-4.085,-8.696,2.327,0,0
93179,0,-5.89,-0.54,-3.788,-8.653,2.184,0,0
93230,0,-5.87,0.92,-3.926,-8.543,2.274,0,0
93280,0,-5.87,0.00,-4.247,-8.466,2.466,0,0
93330,0,-5.85,0.78,-4.434,-8.475,2.648,0,0
93381,0,-5.83,0.00,-4.357,-8.514,2.658,0,0
93433,0,-5.83,0.36,-4.017,-8.610,2.509,0,0
93485,0,-5.82,0.34,-3.840,-8.619,2.322,0,0
93536,0,-5.82,0.82,-3.994,-8.547,2.298,0,0
93588,0,-5.83,-0.52,-4.329,-8.389,2.456,0,0
93639,0,-5.81,0.00,-4.554,-8.418,2.581,0,0
93691,0,-5.80,0.86,-4.420,-8.586,2.672,0,0
93742,0,-5.83,0.00,-4.017,-8.825,2.591,0,0
93794,0,-5.78,0.82,-3.816,-8.739,2.413,0,0
93845,0,-5.79,-0.48,-3.941,-8.284,2.423,0,0
93897,0,-5.78,0.00,-4.410,-8.274,2.528,0,0
93949,0,-5.74,0.00,-4.640,-8.399,2.658,0,0
93999,0,-5.71,1.23,-4.362,-8.543,2.677,0,0
94050,0,-5.71,0.00,-3.711,-8.643,2.538,0,0
94102,0,-5.68,0.00,-3.543,-8.830,2.389,0,0
94153,0,-5.68,0.00,-3.912,-8.691,2.342,0,0
94204,0,-5.68,-0.07,-4.453,-8.557,2.447,0,0
94254,0,-5.71,-1.09,-4.525,-8.423,2.490,0,0
94306,0,-5.70,0.00,-4.156,-8.384,2.380,0,0
94358,0,-5.70,0.82,-3.730,-8.657,2.346,0,0
94408,0,-5.70,0.00,-3.663,-8.815,2.413,0,0
94459,0,-5.74,-1.01,-3.984,-8.648,2.480,0,0
94511,0,-5.76,0.00,-4.338,-8.380,2.476,0,0
94563,0,-5.79,-0.48,-4.439,-8.289,2.418,0,0
94614,0,-5.79,0.00,-4.152,-8.437,2.322,0,0
94666,0,-5.80,0.00,-3.840,-8.782,2.260,0,0
94717,0,-5.79,0.56,-3.816,-8.902,2.313,0,0
94769,0,-5.77,0.00,-4.118,-8.739,2.485,0,0
94820,0,-5.76,0.00,-4.391,-8.480,2.614,0,0
94872,0,-5.79,0.00,-4.286,-8.313,2.576,0,0
94924,0,-5.79,-0.88,-3.955,-8.380,2.370,0,0
94975,0,-5.78,0.48,-3.697,-8.600,2.184,0,0
95027,0,-5.75,0.00,-3.845,-8.772,2.174,0,0
95077,0,-5.72,1.01,-4.262,-8.739,2.318,0,0
95127,0,-5.72,1.09,-4.525,-8.576,2.504,0,0
95177,0,-5.75,-1.45,-4.372,-8.461,2.528,0,0
95228,0,-5.75,0.00,-3.955,-8.490,2.471,0,0
95278,0,-5.79,-1.33,-3.620,-8.600,2.346,0,0
95329,0,-5.77,0.48,-3.759,-8.715,2.313,0,0
95381,0,-5.76,0.00,-4.219,-8.653,2.351,0,0
95432,0,-5.73,0.52,-4.539,-8.595,2.394,0,0
95484,0,-5.70,1.01,-4.420,-8.533,2.413,0,0
95535,0,-5.71,0.48,-3.946,-8.538,2.346,0,0
95587,0,-5.70,0.52,-3.625,-8.605,2.342,0,0
95639,0,-5.72,0.00,-3.749,-8.586,2.409,0,0
95690,0,-5.67,1.01,-4.171,-8.504,2.471,0,0
95742,0,-5.70,0.00,-4.492,-8.490,2.428,0,0
95793,0,-5.66,0.52,-4.381,-8.629,2.389,0,0
95845,0,-5.70,-1.34,-3.998,-8.715,2.279,0,0
95896,0,-5.68,0.00,-3.682,-8.705,2.231,0,0
95947,0,-5.67,0.48,-3.783,-8.490,2.337,0,0
95998,0,-5.68,0.48,-4.152,-8.375,2.480,0,0
96050,0,-5.70,-0.82,-4.563,-8.346,2.777,0,0
96099,0,-5.67,0.52,-5.229,-7.877,3.692,0,0
96149,0,-5.70,0.56,-4.855,-8.466,2.744,0,0
96200,0,-5.71,-0.35,-4.175,-8.471,2.490,0,0
96251,0,-5.70,0.13,-3.735,-8.653,2.322,0,0
96303,0,-5.66,0.00,-3.567,-8.633,2.332,0,0
96355,0,-5.64,-0.34,-3.836,-8.815,2.303,0,0
96405,0,-5.64,0.00,-4.247,-8.758,2.394,0,0
96457,0,-5.64,0.00,-4.243,-8.610,2.361,0,0
96508,0,-5.69,-1.79,-3.998,-8.538,2.313,0,0
96560,0,-5.72,-1.38,-3.821,-8.586,2.251,0,0
96611,0,-5.71,0.48,-3.836,-8.686,2.255,0,0
96663,0,-5.73,0.00,-4.128,-8.729,2.356,0,0
96714,0,-5.72,0.00,-4.367,-8.643,2.389,0,0
96766,0,-5.73,0.00,-4.252,-8.557,2.327,0,0
96818,0,-5.73,-0.52,-3.965,-8.509,2.274,0,0
96869,0,-5.75,-0.52,-3.816,-8.614,2.236,0,0
96921,0,-5.72,0.00,-3.917,-8.739,2.279,0,0
96972,0,-5.72,0.00,-4.175,-8.672,2.356,0,0
97024,0,-5.74,0.00,-4.314,-8.566,2.447,0,0
97074,0,-5.72,0.82,-4.276,-8.562,2.418,0,0
97124,0,-5.72,0.00,-4.037,-8.571,2.332,0,0
97174,0,-5.74,-0.56,-4.046,-8.514,2.557,0,0
97225,0,-5.72,0.92,-3.936,-8.519,2.447,0,0
97275,0,-5.73,0.00,-4.085,-8.432,2.399,0,0
97326,0,-5.74,0.82,-4.223,-8.504,2.433,0,0
97378,0,-5.74,0.00,-4.252,-8.648,2.365,0,0
97429,0,-5.71,1.33,-4.051,-8.753,2.265,0,0
97481,0,-5.72,-0.48,-3.965,-8.772,2.227,0,0
97533,0,-5.73,0.00,-4.027,-8.653,2.274,0,0
97584,0,-5.71,-0.52,-4.190,-8.490,2.394,0,0
97636,0,-5.72,0.00,-4.214,-8.428,2.433,0,0
97687,0,-5.73,0.34,-4.075,-8.557,2.394,0,0
97739,0,-5.72,0.34,-3.965,-8.763,2.351,0,0
97790,0,-5.74,0.82,-3.931,-8.748,2.308,0,0
97842,0,-5.77,-1.01,-4.061,-8.638,2.308,0,0
97894,0,-5.76,0.00,-4.219,-8.495,2.365,0,0
97944,0,-5.75,0.30,-4.214,-8.456,2.552,0,0
97995,0,-5.78,0.00,-4.123,-8.519,2.725,0,0
98047,0,-5.77,0.84,-3.907,-8.533,2.610,0,0
98096,0,-5.79,0.00,-3.888,-8.633,2.634,0,0
98147,0,-5.77,1.45,-3.960,-8.662,2.490,0,0
98197,0,-5.79,-0.52,-4.037,-8.595,2.351,0,0
98247,0,-5.77,0.00,-4.161,-8.643,2.203,0,0
98299,0,-5.79,-0.43,-4.108,-8.701,2.169,0,0
98351,0,-5.81,0.00,-4.027,-8.720,2.294,0,0
98403,0,-5.80,-0.48,-3.989,-8.681,2.447,0,0
98453,0,-5.78,0.78,-3.946,-8.538,2.557,0,0
98504,0,-5.79,-0.48,-3.946,-8.423,2.514,0,0
98556,0,-5.80,0.00,-4.022,-8.466,2.404,0,0
98608,0,-5.82,-0.52,-4.085,-8.629,2.270,0,0
98659,0,-5.82,0.00,-4.401,-8.720,2.251,0,0
98711,0,-5.78,1.34,-4.472,-8.653,2.318,0,0
98762,0,-5.78,0.00,-4.314,-8.519,2.423,0,0
98814,0,-5.77,0.00,-4.113,-8.351,2.504,0,0
98865,0,-5.74,-0.82,-3.974,-8.322,2.538,0,0
98917,0,-5.69,0.00,-3.960,-8.533,2.442,0,0
98969,0,-5.68,0.48,-4.037,-8.744,2.342,0,0
99020,0,-5.71,-1.34,-4.199,-8.811,2.217,0,0
99072,0,-5.70,0.52,-4.324,-8.720,2.236,0,0
99124,0,-5.70,0.00,-4.281,-8.499,2.308,0,0
99175,0,-5.65,0.00,-4.099,-8.365,2.394,0,0
99225,0,-5.64,0.52,-3.931,-8.394,2.500,0,0
99275,0,-5.62,0.60,-3.898,-8.581,2.523,0,0
99326,0,-5.64,0.00,-4.080,-8.724,2.509,0,0
99377,0,-5.64,0.00,-4.310,-8.720,2.413,0,0
99428,0,-5.66,0.00,-4.329,-8.590,2.260,0,0
99480,0,-5.61,1.34,-4.238,-8.466,2.188,0,0
99531,0,-5.64,-1.34,-4.075,-8.480,2.318,0,0
99583,0,-5.64,0.48,-4.046,-8.533,2.447,0,0
99635,0,-5.64,0.00,-4.099,-8.552,2.662,0,0
99686,0,-5.63,0.00,-4.204,-8.557,2.653,0,0
99738,0,-5.67,-1.45,-4.290,-8.528,2.461,0,0
99789,0,-5.67,0.00,-4.247,-8.485,2.298,0,0
99841,0,-5.67,0.00,-4.195,-8.466,2.217,0,0
99892,0,-5.65,0.52,-4.214,-8.533,2.313,0,0
99944,0,-5.62,0.60,-4.300,-8.571,2.480,0,0
99995,0,-5.64,-0.56,-4.262,-8.523,2.624,0,0
100046,0,-5.68,-1.34,-4.171,-8.495,2.624,0,0
100098,0,-5.68,0.00,-4.156,-8.413,2.509,0,0
100148,0,-5.68,0.00,-3.917,-8.418,2.629,0,0
100198,0,-5.67,0.84,-4.166,-8.466,2.567,0,0
100249,0,-5.68,-0.54,-4.338,-8.581,2.562,0,0
100301,0,-5.68,0.00,-4.247,-8.485,2.701,0,0
100351,0,-5.66,0.25,-4.209,-8.590,2.461,0,0
100401,0,-5.67,-0.19,-4.161,-8.643,2.260,0,0
100452,0,-5.71,-1.53,-4.123,-8.562,2.236,0,0
100504,0,-5.71,-1.04,-4.118,-8.495,2.303,0,0
100556,0,-5.70,0.00,-4.195,-8.523,2.461,0,0
100607,0,-5.74,-0.19,-4.180,-8.610,2.571,0,0
100659,0,-5.74,0.34,-4.051,-8.648,2.538,0,0
100710,0,-5.74,-1.01,-3.974,-8.590,2.394,0,0
100762,0,-5.73,0.30,-4.065,-8.504,2.260,0,0
100813,0,-5.72,0.00,-4.252,-8.432,2.289,0,0
100865,0,-5.73,0.34,-4.286,-8.499,2.365,0,0
100916,0,-5.74,0.00,-4.243,-8.543,2.519,0,0
100968,0,-5.76,0.34,-4.080,-8.624,2.586,0,0
101020,0,-5.77,-0.52,-4.022,-8.662,2.562,0,0
101070,0,-5.80,-1.01,-4.041,-8.586,2.423,0,0
101120,0,-5.78,0.88,-4.123,-8.495,2.274,0,0
101170,0,-5.81,0.00,-4.257,-8.461,2.241,0,0
101221,0,-5.76,0.88,-4.295,-8.586,2.241,0,0
101271,0,-5.78,-0.52,-4.156,-8.705,2.332,0,0
101322,0,-5.77,-1.01,-4.013,-8.715,2.433,0,0
101374,0,-5.80,-1.01,-4.003,-8.590,2.500,0,0
101425,0,-5.76,0.00,-4.075,-8.432,2.485,0,0
101477,0,-5.82,-1.13,-4.190,-8.418,2.380,0,0
101528,0,-5.79,0.86,-4.233,-8.543,2.251,0,0
101580,0,-5.84,-1.04,-4.209,-8.734,2.222,0,0
101632,0,-5.85,-0.48,-4.726,-8.313,2.591,0,0
101683,0,-5.86,0.00,-4.889,-8.394,2.662,0,0
101735,0,-5.88,-0.48,-4.286,-8.231,2.557,0,0
101786,0,-5.84,0.00,-4.032,-8.255,2.519,0,0
101838,0,-5.82,0.89,-3.888,-8.509,2.437,0,0
101888,0,-5.82,0.00,-3.950,-8.811,2.322,0,0
101940,0,-5.83,0.00,-4.166,-8.892,2.294,0,0
101991,0,-5.82,0.00,-4.353,-8.629,2.351,0,0
102043,0,-5.80,-1.30,-4.223,-8.423,2.399,0,0
102094,0,-5.80,0.00,-3.917,-8.432,2.399,0,0
102145,0,-5.80,0.00,-3.788,-8.543,2.485,0,0
102195,0,-5.78,1.09,-3.874,-8.748,2.509,0,0
102246,0,-5.74,1.45,-4.180,-8.873,2.394,0,0
102297,0,-5.73,0.00,-4.396,-8.715,2.346,0,0
102349,0,-5.71,0.00,-4.310,-8.442,2.289,0,0
102401,0,-5.70,0.22,-4.032,-8.413,2.265,0,0
102452,0,-5.70,0.00,-3.816,-8.509,2.274,0,0
102504,0,-5.70,0.00,-3.859,-8.629,2.423,0,0
102554,0,-5.71,-0.52,-4.089,-8.724,2.552,0,0
102606,0,-5.73,0.00,-4.300,-8.686,2.576,0,0
102657,0,-5.69,0.86,-4.243,-8.657,2.370,0,0
102709,0,-5.70,0.00,-4.113,-8.566,2.294,0,0
102760,0,-5.72,0.00,-3.836,-8.557,2.284,0,0
102812,0,-5.73,-0.56,-3.735,-8.648,2.255,0,0
102863,0,-5.71,0.00,-3.845,-8.538,2.452,0,0
102915,0,-5.71,0.00,-4.147,-8.581,2.614,0,0
102967,0,-5.71,0.00,-4.262,-8.657,2.533,0,0
103018,0,-5.71,0.00,-4.118,-8.691,2.409,0,0
103070,0,-5.71,0.00,-3.907,-8.672,2.303,0,0
103120,0,-5.68,0.60,-4.525,-8.294,2.552,0,0
103170,0,-5.68,0.00,-4.477,-8.361,2.576,0,0
103220,0,-5.70,0.00,-4.271,-8.332,2.523,0,0
103270,0,-5.70,0.00,-4.142,-8.437,2.562,0,0
103322,0,-5.68,0.56,-3.998,-8.705,2.552,0,0
103373,0,-5.67,0.00,-3.898,-8.825,2.433,0,0
103424,0,-5.67,0.00,-3.989,-8.586,2.385,0,0
103475,0,-5.67,0.00,-4.128,-8.480,2.385,0,0
103527,0,-5.68,-0.45,-4.252,-8.485,2.418,0,0
103578,0,-5.68,0.00,-4.113,-8.600,2.394,0,0
103630,0,-5.71,-0.52,-3.979,-8.720,2.404,0,0
103682,0,-5.76,-1.71,-3.874,-8.720,2.490,0,0
103733,0,-5.77,-0.52,-3.965,-8.581,2.504,0,0
103785,0,-5.77,0.00,-4.137,-8.418,2.504,0,0
103836,0,-5.76,0.00,-4.243,-8.447,2.413,0,0
103888,0,-5.81,-1.86,-4.219,-8.610,2.361,0,0
103939,0,-5.79,0.00,-4.094,-8.777,2.318,0,0
103991,0,-5.83,-1.49,-4.065,-8.681,2.265,0,0
104043,0,-5.82,0.56,-4.424,-8.365,2.303,0,0
104093,0,-5.85,-1.38,-4.429,-8.279,2.308,0,0
104143,0,-5.88,-0.88,-4.190,-8.581,2.394,0,0
104203,0,-5.90,-0.65,-4.056,-8.633,2.452,0,0
104254,0,-5.91,-0.96,-4.094,-8.600,2.461,0,0
104305,0,-5.94,-1.45,-4.195,-8.480,2.433,0,0
104356,0,-5.92,1.04,-4.252,-8.418,2.418,0,0
104407,0,-5.95,-1.38,-4.228,-8.466,2.389,0,0
104459,0,-5.96,-0.71,-4.132,-8.638,2.466,0,0
104510,0,-5.96,0.00,-4.085,-8.715,2.480,0,0
104562,0,-5.97,0.00,-4.123,-8.662,2.466,0,0
104613,0,-5.98,-0.34,-4.166,-8.466,2.480,0,0
104665,0,-5.98,0.00,-4.209,-8.308,2.394,0,0
104716,0,-5.99,-0.34,-4.223,-8.303,2.437,0,0
104768,0,-5.95,1.53,-4.310,-8.552,2.471,0,0
104820,0,-5.96,0.00,-4.281,-8.715,2.523,0,0
104871,0,-5.91,0.97,-4.257,-8.614,2.557,0,0
104923,0,-5.89,0.00,-4.247,-8.380,2.643,0,0
104973,0,-5.86,1.01,-4.252,-8.250,2.662,0,0
105024,0,-5.84,0.00,-4.233,-8.365,2.538,0,0
105076,0,-5.81,0.00,-4.195,-8.547,2.413,0,0
105126,0,-5.82,0.00,-4.190,-8.681,2.327,0,0
105176,0,-5.80,-0.56,-4.266,-8.610,2.346,0,0
105227,0,-5.76,1.45,-4.276,-8.562,2.466,0,0
105277,0,-5.78,0.00,-4.223,-8.413,2.509,0,0
105328,0,-5.81,-1.04,-4.171,-8.375,2.547,0,0
105380,0,-5.81,0.00,-4.041,-8.480,2.552,0,0
105431,0,-5.79,0.00,-4.070,-8.595,2.519,0,0
105483,0,-5.74,0.48,-4.204,-8.643,2.461,0,0
105534,0,-5.78,0.00,-4.271,-8.610,2.409,0,0
105586,0,-5.79,0.00,-4.247,-8.557,2.356,0,0
105638,0,-5.81,-0.52,-4.137,-8.509,2.346,0,0
105689,0,-5.81,0.00,-4.027,-8.538,2.404,0,0
105741,0,-5.82,-0.48,-4.027,-8.633,2.485,0,0
105791,0,-5.82,0.00,-4.209,-8.734,2.571,0,0
105843,0,-5.81,0.52,-4.247,-8.643,2.619,0,0
105894,0,-5.78,0.52,-4.085,-8.418,2.509,0,0
105946,0,-5.78,1.38,-3.898,-8.193,2.308,0,0
105997,0,-5.82,0.00,-3.898,-8.394,2.270,0,0
106049,0,-5.82,0.00,-4.099,-8.739,2.313,0,0
106098,0,-5.80,0.52,-4.314,-8.964,2.461,0,0
106148,0,-5.79,0.00,-4.334,-8.839,2.466,0,0
106199,0,-5.82,0.00,-4.147,-8.576,2.452,0,0
106251,0,-5.82,0.00,-3.946,-8.370,2.318,0,0
106302,0,-5.81,0.00,-3.840,-8.337,2.246,0,0
106353,0,-5.83,-0.82,-4.013,-8.533,2.294,0,0
106404,0,-5.83,0.00,-4.262,-8.758,2.356,0,0
106456,0,-5.82,0.00,-4.357,-8.782,2.394,0,0
106507,0,-5.81,1.13,-4.779,-8.025,3.108,0,0
106559,0,-5.84,0.00,-5.401,-8.088,2.911,0,0
106611,0,-5.79,0.52,-4.444,-8.035,2.562,0,0
106662,0,-5.77,1.01,-4.118,-8.270,2.318,0,0
106714,0,-5.77,0.00,-3.826,-8.748,2.054,0,0
106765,0,-5.75,0.48,-3.768,-9.012,2.021,0,0
106817,0,-5.77,0.00,-4.147,-8.820,2.188,0,0
106868,0,-5.74,0.48,-4.453,-8.495,2.456,0,0
106920,0,-5.74,0.20,-4.386,-8.207,2.533,0,0
106972,0,-5.69,1.04,-3.931,-8.241,2.433,0,0
107022,0,-5.69,0.00,-3.682,-8.686,2.279,0,0
107073,0,-5.71,0.00,-3.836,-9.036,2.246,0,0
107123,0,-5.69,0.56,-4.348,-9.012,2.207,0,0
107174,0,-5.73,0.00,-4.650,-8.610,2.356,0,0
107224,0,-5.72,0.00,-4.429,-8.250,2.385,0,0
107274,0,-5.70,0.56,-3.926,-8.236,2.346,0,0
107326,0,-5.70,0.00,-3.548,-8.543,2.361,0,0
107377,0,-5.69,0.00,-3.673,-8.878,2.346,0,0
107429,0,-5.70,0.00,-4.257,-8.806,2.351,0,0
107480,0,-5.70,-1.34,-4.621,-8.562,2.303,0,0
107532,0,-5.70,0.00,-4.482,-8.384,2.274,0,0
107584,0,-5.69,0.52,-3.994,-8.423,2.217,0,0
107635,0,-5.69,0.00,-3.457,-8.830,3.366,0,0
107687,0,-5.65,0.00,-3.543,-8.552,2.500,0,0
107738,0,-5.65,0.00,-3.907,-8.475,2.456,0,0
107790,0,-5.65,0.00,-4.281,-8.667,2.677,0,0
107840,0,-5.65,0.00,-4.233,-8.686,2.691,0,0
107892,0,-5.70,0.00,-3.888,-8.595,2.519,0,0
107943,0,-5.73,-0.48,-3.553,-8.576,2.337,0,0
107995,0,-5.73,0.00,-3.687,-8.667,2.274,0,0
108046,0,-5.76,-0.48,-4.252,-8.657,2.313,0,0
108098,0,-5.77,-0.60,-4.640,-8.586,2.342,0,0
108149,0,-5.79,0.00,-4.463,-8.562,2.241,0,0
108199,0,-5.79,-1.09,-3.989,-8.610,2.174,0,0
108249,0,-5.81,-0.54,-3.601,-8.657,2.289,0,0
108301,0,-5.80,0.14,-3.711,-8.638,2.413,0,0
108353,0,-5.77,0.88,-4.142,-8.538,2.538,0,0
108404,0,-5.77,0.00,-4.477,-8.504,2.543,0,0
108456,0,-5.79,-1.04,-4.396,-8.557,2.337,0,0
108507,0,-5.78,0.00,-4.056,-8.672,2.121,0,0
108558,0,-5.77,0.34,-3.768,-8.772,2.088,0,0
108609,0,-5.78,0.00,-3.855,-8.662,2.241,0,0
108661,0,-5.78,-1.04,-4.175,-8.475,2.490,0,0
108712,0,-5.78,0.00,-4.386,-8.442,2.638,0,0
108764,0,-5.75,1.04,-4.209,-8.509,2.543,0,0
108815,0,-5.77,-1.01,-3.869,-8.677,2.265,0,0
108867,0,-5.78,0.00,-3.759,-8.854,2.121,0,0
108919,0,-5.76,0.34,-3.965,-8.801,2.236,0,0
108970,0,-5.75,0.00,-4.257,-8.557,2.523,0,0
109022,0,-5.76,0.86,-4.319,-8.361,2.744,0,0
109073,0,-5.75,0.34,-4.080,-8.404,2.653,0,0
109123,0,-5.77,-0.60,-3.773,-8.571,2.375,0,0
109174,0,-5.76,0.39,-3.778,-8.777,2.140,0,0
109224,0,-5.77,0.00,-4.070,-8.772,2.097,0,0
109274,0,-5.78,0.00,-4.429,-8.653,2.274,0,0
109325,0,-5.72,1.34,-4.472,-8.480,2.442,0,0
109376,0,-5.74,-1.01,-4.228,-8.432,2.629,0,0
109427,0,-5.72,0.82,-3.950,-8.475,3.132,0,0
109479,0,-5.73,0.00,-3.677,-8.418,2.672,0,0
109530,0,-5.76,-0.56,-3.879,-8.375,2.466,0,0
109582,0,-5.78,0.00,-4.290,-8.514,2.313,0,0
109634,0,-5.77,0.78,-4.506,-8.753,2.116,0,0
109685,0,-5.78,-0.45,-4.391,-8.839,2.035,0,0
109737,0,-5.81,0.00,-4.085,-8.724,2.121,0,0
109788,0,-5.81,0.00,-3.912,-8.490,2.385,0,0
109840,0,-5.81,0.00,-3.979,-8.356,2.634,0,0
109891,0,-5.82,0.00,-4.099,-8.337,2.619,0,0
109943,0,-5.82,0.00,-4.185,-8.547,2.500,0,0
109994,0,-5.82,0.00,-4.128,-8.701,2.131,0,0
110045,0,-5.82,0.00,-4.089,-8.806,1.968,0,0
110096,0,-5.81,0.48,-4.190,-8.777,2.011,0,0
110147,0,-5.86,-2.01,-4.357,-8.519,2.476,0,0
110197,0,-5.84,0.00,-4.458,-8.159,2.950,0,0
110248,0,-5.85,-0.52,-4.295,-8.131,2.983,0,0
110299,0,-5.85,0.00,-4.137,-8.322,2.725,0,0
110349,0,-5.86,-0.20,-4.061,-8.605,2.389,0,0
110401,0,-5.84,0.00,-4.051,-8.844,2.121,0,0
110453,0,-5.83,0.82,-4.175,-8.820,2.054,0,0
110503,0,-5.83,0.00,-4.271,-8.586,2.169,0,0
110554,0,-5.85,0.00,-4.295,-8.437,2.380,0,0
110606,0,-5.87,0.00,-4.075,-8.394,2.557,0,0
110658,0,-5.86,-1.01,-3.869,-8.509,2.653,0,0
110709,0,-5.84,0.86,-3.840,-8.667,2.509,0,0
110761,0,-5.85,0.22,-4.070,-8.748,2.351,0,0
110812,0,-5.86,-0.56,-4.343,-8.686,2.184,0,0
110864,0,-5.88,0.00,-4.420,-8.499,2.136,0,0
110915,0,-5.87,-0.52,-4.252,-8.456,2.207,0,0
110967,0,-5.88,-0.48,-3.998,-8.600,2.394,0,0
111019,0,-5.87,0.00,-3.831,-8.653,2.571,0,0
111070,0,-5.87,0.00,-3.941,-8.595,2.576,0,0
111123,0,-5.85,0.00,-4.223,-8.428,2.562,0,0
111173,0,-5.84,0.00,-4.511,-8.432,2.346,0,0
111223,0,-5.84,0.00,-4.539,-8.337,2.169,0,0
111273,0,-5.85,0.00,-4.175,-8.610,1.935,0,0
111325,0,-5.87,-0.52,-4.013,-8.744,2.155,0,0
111376,0,-5.90,-1.45,-4.056,-8.705,2.538,0,0
111427,0,-5.88,0.86,-4.070,-8.595,2.739,0,0
111478,0,-5.90,0.00,-4.061,-8.437,2.677,0,0
111530,0,-5.94,-0.52,-4.008,-8.432,2.418,0,0
111581,0,-5.94,0.00,-4.046,-8.571,2.083,0,0
111633,0,-5.96,-0.52,-4.214,-8.748,1.958,0,0
111685,0,-5.94,0.86,-4.305,-8.720,2.121,0,0
111736,0,-5.93,0.00,-4.329,-8.643,2.476,0,0
111788,0,-5.92,0.88,-4.214,-8.533,2.749,0,0
111839,0,-5.95,-1.01,-3.936,-8.394,2.820,0,0
111891,0,-5.92,0.82,-3.773,-8.341,2.634,0,0
111942,0,-5.95,-0.97,-3.970,-8.495,2.346,0,0
111994,0,-5.94,0.00,-4.319,-8.715,2.126,0,0
112046,0,-5.98,-1.01,-4.544,-8.811,2.131,0,0
112096,0,-5.97,0.30,-4.396,-8.638,2.346,0,0
112146,0,-5.94,1.37,-4.008,-8.418,2.605,0,0
112197,0,-5.95,0.00,-3.836,-8.337,2.816,0,0
112247,0,-5.93,0.84,-3.950,-8.351,2.883,0,0
112299,0,-5.94,-0.52,-4.156,-8.471,2.701,0,0
112351,0,-5.94,0.00,-4.386,-8.619,2.399,0,0
112419,0,-5.95,-0.05,-4.281,-8.662,2.073,0,0
112470,0,-5.96,-0.56,-4.137,-8.586,2.040,0,0
112521,0,-5.94,0.86,-4.080,-8.543,2.274,0,0
112572,0,-5.95,0.00,-4.037,-8.538,2.538,0,0
112624,0,-5.98,-0.48,-4.032,-8.557,2.739,0,0
112675,0,-5.99,-0.52,-4.037,-8.538,2.619,0,0
112727,0,-5.99,0.00,-4.104,-8.538,2.356,0,0
112779,0,-6.01,-0.52,-4.175,-8.581,2.088,0,0
112830,0,-5.99,0.00,-4.276,-8.638,2.035,0,0
112882,0,-6.03,-1.34,-4.290,-8.657,2.231,0,0
112933,0,-6.02,0.52,-4.204,-8.633,2.495,0,0
112985,0,-6.00,0.48,-4.085,-8.519,2.667,0,0
113036,0,-5.99,0.52,-3.998,-8.452,2.638,0,0
113088,0,-6.01,0.00,-4.056,-8.475,2.423,0,0
113138,0,-6.01,0.00,-4.199,-8.576,2.184,0,0
113188,0,-6.03,-0.89,-4.266,-8.648,2.054,0,0
113239,0,-6.02,0.00,-4.180,-8.667,2.188,0,0
113289,0,-6.01,0.56,-4.161,-8.633,2.447,0,0
113339,0,-6.01,0.00,-4.161,-8.552,2.653,0,0
113390,0,-6.01,-0.48,-4.118,-8.428,2.624,0,0
113442,0,-6.01,0.00,-4.041,-8.399,2.504,0,0
113494,0,-6.03,0.00,-4.046,-8.523,2.284,0,0
113545,0,-6.03,0.00,-4.142,-8.701,2.116,0,0
113597,0,-6.01,0.00,-4.247,-8.768,2.179,0,0
113648,0,-6.00,0.48,-4.257,-8.657,2.294,0,0
113700,0,-6.00,0.00,-4.104,-8.437,2.500,0,0
113751,0,-6.04,-0.82,-4.065,-8.437,2.653,0,0
113803,0,-6.02,0.00,-4.094,-8.571,2.591,0,0
113854,0,-6.01,0.52,-4.099,-8.562,2.423,0,0
113906,0,-6.02,-0.36,-4.204,-8.586,2.188,0,0
113958,0,-6.01,0.00,-4.204,-8.610,2.097,0,0
114008,0,-6.03,-0.86,-4.132,-8.566,2.088,0,0
114059,0,-6.04,-0.86,-4.113,-8.648,2.284,0,0
114111,0,-6.01,1.04,-4.027,-8.653,2.485,0,0
114204,0,-6.03,0.08,-3.994,-8.466,2.543,0,0
114255,0,-6.05,0.00,-4.094,-8.461,2.356,0,0
114307,0,-6.05,-0.48,-4.266,-8.576,2.188,0,0
114357,0,-6.05,0.00,-4.295,-8.710,2.155,0,0
114408,0,-6.10,0.00,-4.247,-8.715,2.241,0,0
114460,0,-6.10,0.00,-4.113,-8.629,2.409,0,0
114511,0,-6.12,0.00,-4.022,-8.485,2.533,0,0
114563,0,-6.12,0.00,-4.051,-8.456,2.523,0,0
114615,0,-6.12,0.00,-4.113,-8.519,2.409,0,0
114666,0,-6.14,0.48,-4.166,-8.590,2.356,0,0
114718,0,-6.13,0.00,-4.099,-8.605,2.375,0,0
114769,0,-6.10,0.48,-4.128,-8.581,2.456,0,0
114821,0,-6.09,0.52,-4.305,-8.590,2.543,0,0
114872,0,-6.05,1.01,-4.252,-8.466,2.662,0,0
114924,0,-6.05,0.00,-4.142,-8.380,2.658,0,0
114976,0,-6.03,0.00,-4.051,-8.437,2.614,0,0
115026,0,-6.03,0.00,-4.046,-8.610,2.437,0,0
115077,0,-6.01,0.86,-4.199,-8.662,2.318,0,0
115127,0,-6.02,-0.56,-4.233,-8.643,2.380,0,0
115178,0,-6.02,0.00,-4.266,-8.581,2.466,0,0
115228,0,-6.00,1.49,-4.128,-8.504,2.528,0,0
115278,0,-6.00,0.00,-3.955,-8.452,2.528,0,0
115330,0,-6.02,0.00,-3.931,-8.514,2.490,0,0
115381,0,-6.03,0.00,-4.094,-8.595,2.409,0,0
115433,0,-6.01,0.86,-4.223,-8.619,2.361,0,0
115484,0,-6.02,0.52,-4.271,-8.562,2.413,0,0
115536,0,-6.01,0.52,-4.137,-8.566,2.447,0,0
115588,0,-6.02,0.00,-4.051,-8.600,2.514,0,0
115639,0,-5.96,1.71,-3.888,-8.610,2.557,0,0
115691,0,-5.99,-1.23,-3.888,-8.509,2.519,0,0
115742,0,-5.99,0.48,-4.190,-8.466,2.466,0,0
115794,0,-5.99,0.00,-4.616,-8.461,1.992,0,0
115844,0,-5.99,0.00,-4.492,-8.471,2.471,0,0
115896,0,-5.98,0.56,-4.310,-8.648,2.265,0,0
115947,0,-6.00,-0.82,-4.108,-8.562,2.270,0,0
115999,0,-5.97,1.01,-3.960,-8.461,2.332,0,0
116050,0,-5.97,0.00,-3.931,-8.552,2.375,0,0
116102,0,-5.97,-0.30,-3.931,-8.581,2.409,0,0
116153,0,-5.97,0.00,-4.214,-8.590,2.547,0,0
116203,0,-5.94,0.00,-4.223,-8.648,2.538,0,0
116255,0,-5.94,0.07,-4.271,-8.562,2.495,0,0
116307,0,-5.92,0.00,-4.290,-8.456,2.442,0,0
116357,0,-5.92,0.00,-4.271,-8.461,2.514,0,0
116408,0,-5.88,1.04,-4.089,-8.471,2.672,0,0
116460,0,-5.85,1.01,-4.041,-8.413,2.634,0,0
116512,0,-5.85,0.00,-4.051,-8.499,2.576,0,0
116563,0,-5.87,-0.52,-4.132,-8.581,2.442,0,0
116615,0,-5.88,0.00,-4.233,-8.614,2.385,0,0
116666,0,-5.92,-0.48,-4.228,-8.681,2.351,0,0
116718,0,-5.92,0.00,-4.156,-8.504,2.380,0,0
116769,0,-5.91,0.00,-4.142,-8.471,2.471,0,0
116821,0,-5.94,-1.01,-4.214,-8.452,2.648,0,0
116873,0,-5.95,0.00,-4.142,-8.428,2.715,0,0
116924,0,-5.96,-0.52,-4.118,-8.523,2.600,0,0
116976,0,-5.98,0.00,-4.247,-8.633,2.447,0,0
117026,0,-5.99,-0.52,-4.180,-8.509,2.409,0,0
117078,0,-5.97,0.00,-4.204,-8.504,2.428,0,0
117128,0,-5.97,-0.52,-4.228,-8.514,2.490,0,0
117178,0,-5.96,0.00,-4.195,-8.595,2.538,0,0
117228,0,-5.99,-0.56,-4.132,-8.533,2.523,0,0
117278,0,-5.97,0.88,-4.037,-8.365,2.495,0,0
117330,0,-5.97,0.00,-3.989,-8.384,2.456,0,0
117381,0,-5.97,0.19,-4.128,-8.581,2.428,0,0
117433,0,-5.99,-0.45,-4.271,-8.715,2.409,0,0
117484,0,-5.98,0.00,-4.281,-8.787,2.423,0,0
117536,0,-5.95,1.38,-4.171,-8.672,2.437,0,0
117588,0,-5.95,0.00,-3.960,-8.423,2.442,0,0
117639,0,-5.97,-0.48,-3.917,-8.250,2.409,0,0
117691,0,-5.97,0.00,-4.027,-8.413,2.447,0,0
117742,0,-5.95,1.38,-4.271,-8.796,2.437,0,0
117794,0,-6.00,-1.86,-4.290,-8.859,2.342,0,0
117845,0,-6.00,0.00,-4.190,-8.691,2.198,0,0
117896,0,-5.97,1.30,-4.673,-8.045,2.370,0,0
117947,0,-5.97,0.00,-4.511,-8.217,2.480,0,0
117999,0,-5.94,1.04,-4.257,-8.255,2.509,0,0
118050,0,-5.90,0.00,-4.104,-8.466,2.552,0,0
118102,0,-5.91,0.00,-4.003,-8.825,2.538,0,0
118153,0,-5.94,-1.13,-4.061,-8.983,2.471,0,0
118203,0,-5.91,0.00,-4.171,-8.758,2.356,0,0
118254,0,-5.91,0.00,-4.204,-8.413,2.274,0,0
118304,0,-5.89,0.21,-4.099,-8.140,2.284,0,0
118356,0,-5.86,0.00,-4.061,-8.461,2.342,0,0
118406,0,-5.86,0.00,-4.080,-9.007,2.485,0,0
118457,0,-5.83,0.86,-4.085,-9.055,2.533,0,0
118509,0,-5.83,0.00,-4.075,-8.557,2.428,0,0
118561,0,-5.85,-0.52,-4.075,-8.126,2.327,0,0
118612,0,-5.81,0.00,-4.137,-8.203,2.260,0,0
118664,0,-5.81,0.52,-4.171,-8.624,2.332,0,0
118715,0,-5.81,0.00,-4.089,-8.945,2.375,0,0
118767,0,-5.81,0.00,-4.147,-8.610,2.672,0,0
118818,0,-5.83,-1.23,-4.386,-8.317,2.796,0,0
118870,0,-5.83,0.00,-4.286,-8.150,2.696,0,0
118922,0,-5.82,0.00,-4.204,-8.222,2.682,0,0
118973,0,-5.82,0.00,-4.089,-8.557,2.509,0,0
119025,0,-5.81,0.00,-4.118,-9.026,2.380,0,0
119075,0,-5.81,0.00,-4.147,-9.175,2.409,0,0
119125,0,-5.77,1.09,-3.994,-8.657,2.399,0,0
119175,0,-5.74,1.13,-3.816,-8.341,2.442,0,0
119226,0,-5.71,0.00,-3.859,-8.317,2.456,0,0
119276,0,-5.72,0.52,-3.821,-8.437,2.380,0,0
119327,0,-5.71,0.52,-4.137,-8.629,2.591,0,0
119379,0,-5.68,0.00,-4.525,-8.777,2.777,0,0
119430,0,-5.65,0.52,-4.257,-8.485,2.490,0,0
119482,0,-5.67,0.00,-4.310,-8.274,2.552,0,0
119533,0,-5.66,0.48,-4.429,-8.605,2.653,0,0
119585,0,-5.65,0.52,-4.506,-9.199,2.792,0,0
119637,0,-5.62,0.52,-4.056,-8.734,2.667,0,0
119688,0,-5.59,1.09,-3.314,-7.537,2.207,0,0
119740,0,-5.63,0.00,-3.361,-7.499,2.088,0,0
119791,0,-5.63,0.00,-3.213,-7.743,1.523,0,0
119843,0,-5.65,-0.82,-4.008,-8.437,2.150,0,0
119894,0,-5.65,-0.52,-5.631,-11.013,2.993,0,0
119945,0,-5.65,0.00,-5.617,-10.530,3.031,0,0
119996,0,-5.66,-0.52,-4.587,-8.863,2.772,0,0
120048,0,-5.66,0.00,-3.749,-6.900,2.409,0,0
120100,0,-5.66,1.01,-3.361,-6.819,2.217,0,0
120150,0,-5.66,0.00,-3.543,-7.839,2.241,0,0
120200,0,-5.63,0.00,-3.917,-9.294,2.399,0,0
120251,0,-5.63,0.00,-3.960,-9.160,2.356,0,0
120302,0,-5.64,-0.52,-4.573,-9.131,2.619,0,0
120354,0,-5.63,0.20,-4.817,-8.854,2.792,0,0
120406,0,-5.63,0.00,-4.243,-8.361,2.552,0,0
120456,0,-5.63,0.00,-3.606,-8.045,2.274,0,0
120508,0,-5.67,0.00,-3.400,-8.246,2.179,0,0
120559,0,-5.68,0.00,-4.233,-8.825,2.260,0,0
120611,0,-5.68,0.00,-5.028,-8.983,2.437,0,0
120662,0,-5.68,0.00,-4.204,-8.030,2.500,0,0
120714,0,-5.70,-1.49,-3.500,-7.527,2.466,0,0
120765,0,-5.69,0.00,-3.558,-7.939,2.528,0,0
120817,0,-5.69,0.00,-4.482,-9.649,2.696,0,0
120869,0,-5.71,-0.86,-5.133,-10.333,2.504,0,0
120920,0,-5.73,0.00,-4.693,-9.136,2.164,0,0
120972,0,-5.73,0.00,-3.792,-7.599,1.896,0,0
121023,0,-5.76,0.00,-3.376,-7.173,1.930,0,0
121075,0,-5.76,0.00,-3.697,-8.203,2.399,0,0
121125,0,-5.78,-0.92,-4.319,-9.414,2.902,0,0
121175,0,-5.77,0.00,-4.721,-9.706,2.959,0,0
121225,0,-5.74,1.08,-4.482,-8.844,2.471,0,0
121275,0,-5.74,0.00,-4.003,-7.767,1.978,0,0
121326,0,-5.74,0.00,-3.812,-7.427,1.867,0,0
121377,0,-5.78,0.00,-4.070,-8.317,2.078,0,0
121429,0,-5.75,1.38,-4.410,-9.337,2.638,0,0
121480,0,-5.79,-1.49,-4.573,-9.462,2.969,0,0
121532,0,-5.79,0.00,-4.243,-8.566,2.772,0,0
121584,0,-5.79,0.00,-3.840,-7.671,2.365,0,0
121635,0,-5.79,0.00,-3.831,-7.681,2.126,0,0
121687,0,-5.81,-0.78,-4.276,-8.519,2.145,0,0
121738,0,-5.81,0.00,-4.726,-9.261,2.519,0,0
121790,0,-5.82,-1.34,-4.808,-9.203,2.749,0,0
121841,0,-5.79,1.01,-4.367,-8.203,2.907,0,0
121893,0,-5.79,0.00,-3.874,-7.527,2.835,0,0
121944,0,-5.74,0.00,-3.764,-7.772,2.662,0,0
121995,0,-5.76,-0.48,-4.166,-8.686,2.413,0,0
122046,0,-5.72,1.34,-4.606,-9.357,2.260,0,0
122098,0,-5.75,0.00,-4.645,-9.151,2.212,0,0
122148,0,-5.77,-1.13,-4.290,-8.399,2.294,0,0
122199,0,-5.80,-1.13,-3.826,-7.863,2.466,0,0
122249,0,-5.77,0.00,-3.644,-8.040,2.624,0,0
122301,0,-5.79,0.24,-3.845,-8.720,2.744,0,0
122353,0,-5.81,-0.52,-4.219,-9.074,2.643,0,0
122403,0,-5.80,0.12,-4.362,-8.935,2.342,0,0
122454,0,-5.81,0.00,-4.300,-8.447,2.054,0,0
122505,0,-5.79,0.78,-4.080,-8.231,2.030,0,0
122556,0,-5.78,0.00,-4.329,-8.112,2.136,0,0
122608,0,-5.79,0.00,-4.970,-8.672,2.806,0,0
122659,0,-5.81,0.00,-4.266,-8.744,2.988,0,0
122711,0,-5.81,0.00,-3.821,-8.428,2.538,0,0
122763,0,-5.81,0.00,-3.864,-8.193,2.284,0,0
122814,0,-5.82,-0.78,-4.089,-8.418,2.126,0,0
122866,0,-5.82,0.00,-4.343,-8.849,2.116,0,0
122917,0,-5.81,0.00,-4.362,-9.021,2.241,0,0
122969,0,-5.79,0.52,-4.137,-8.772,2.428,0,0
123020,0,-5.78,0.00,-3.883,-8.389,2.500,0,0
123072,0,-5.79,0.52,-3.802,-8.193,2.547,0,0
123122,0,-5.81,-0.88,-3.946,-8.389,2.485,0,0
123172,0,-5.81,0.00,-4.386,-8.648,2.729,0,0
123223,0,-5.82,-0.84,-4.659,-8.787,2.619,0,0
123273,0,-5.81,0.48,-4.444,-8.638,2.227,0,0
123323,0,-5.79,0.52,-4.175,-8.337,2.169,0,0
123374,0,-5.81,-0.78,-3.989,-8.332,2.322,0,0
123426,0,-5.80,0.00,-3.917,-8.562,2.413,0,0
123478,0,-5.80,0.00,-4.075,-8.763,2.715,0,0
123529,0,-5.80,0.00,-4.286,-8.677,2.974,0,0
123581,0,-5.85,-1.38,-4.434,-8.327,2.787,0,0
123632,0,-5.84,0.00,-4.128,-8.112,2.638,0,0
123684,0,-5.82,0.00,-4.233,-8.255,2.801,0,0
123735,0,-5.84,-0.56,-4.037,-8.705,2.705,0,0
123787,0,-5.84,0.00,-3.874,-8.887,2.528,0,0
123839,0,-5.89,-0.56,-3.946,-8.691,2.399,0,0
123890,0,-5.88,0.00,-4.051,-8.404,2.495,0,0
123942,0,-5.91,0.00,-4.190,-8.413,2.547,0,0
123992,0,-5.91,0.00,-4.185,-8.538,2.538,0,0
124043,0,-5.90,0.82,-4.027,-8.657,2.447,0,0
124095,0,-5.91,-0.48,-3.926,-8.715,2.389,0,0
124146,0,-5.93,-0.56,-3.960,-8.686,2.346,0,0
124206,0,-5.91,0.41,-4.161,-8.533,2.370,0,0
124256,0,-5.88,0.92,-4.209,-8.475,2.514,0,0
124308,0,-5.90,0.00,-4.180,-8.543,2.495,0,0
124360,0,-5.92,-0.48,-3.984,-8.614,2.523,0,0
124410,0,-5.92,0.00,-3.907,-8.638,2.399,0,0
124461,0,-5.92,-0.48,-4.032,-8.600,2.365,0,0
124513,0,-5.93,0.00,-4.209,-8.543,2.399,0,0
124564,0,-5.92,0.00,-4.247,-8.533,2.423,0,0
124616,0,-5.92,0.00,-4.175,-8.629,2.519,0,0
124668,0,-5.93,0.34,-3.965,-8.672,2.519,0,0
124719,0,-5.94,-0.52,-3.840,-8.552,2.480,0,0
124771,0,-5.97,0.00,-3.931,-8.523,2.519,0,0
124822,0,-5.95,-0.48,-4.070,-8.576,2.533,0,0
124874,0,-5.96,0.00,-4.161,-8.633,2.490,0,0
124925,0,-5.95,-0.48,-4.075,-8.648,2.399,0,0
124977,0,-5.93,0.78,-3.950,-8.614,2.447,0,0
125029,0,-5.94,0.00,-4.041,-8.619,2.404,0,0
125079,0,-5.96,-0.48,-4.118,-8.509,2.456,0,0
125129,0,-5.95,-0.52,-4.190,-8.504,2.500,0,0
125179,0,-5.91,1.41,-4.161,-8.547,2.519,0,0
125230,0,-5.91,0.00,-4.080,-8.624,2.461,0,0
125279,0,-5.87,-0.48,-4.022,-8.629,2.437,0,0
125331,0,-5.87,0.00,-4.008,-8.595,2.404,0,0
125383,0,-5.86,0.00,-4.094,-8.523,2.437,0,0
125434,0,-5.84,1.19,-4.171,-8.523,2.500,0,0
125486,0,-5.86,-0.48,-4.166,-8.571,2.490,0,0
125537,0,-5.86,1.33,-4.089,-8.605,2.442,0,0
125589,0,-5.86,0.00,-4.032,-8.624,2.399,0,0
125640,0,-5.87,0.00,-4.022,-8.576,2.394,0,0
125692,0,-5.88,-0.48,-4.128,-8.538,2.404,0,0
125744,0,-5.88,0.00,-4.190,-8.557,2.456,0,0
125795,0,-5.86,-0.52,-4.156,-8.557,2.428,0,0
125847,0,-5.87,-0.48,-4.099,-8.590,2.423,0,0
125897,0,-5.89,-0.52,-4.032,-8.610,2.413,0,0
125949,0,-5.90,0.00,-4.017,-8.576,2.418,0,0
126000,0,-5.91,0.00,-4.128,-8.557,2.452,0,0
126052,0,-5.93,-0.56,-4.214,-8.557,2.485,0,0
126104,0,-5.94,0.00,-4.214,-8.519,2.495,0,0
126154,0,-5.96,-0.52,-4.152,-8.538,2.519,0,0
126204,0,-5.92,1.35,-4.070,-8.533,2.523,0,0
126257,0,-5.96,-0.61,-4.056,-8.533,2.500,0,0
126309,0,-5.96,0.00,-4.128,-8.543,2.500,0,0
126361,0,-5.99,-0.48,-4.180,-8.566,2.394,0,0
126411,0,-5.99,0.00,-4.185,-8.566,2.370,0,0
126462,0,-5.95,0.86,-4.195,-8.586,2.389,0,0
126514,0,-5.94,0.00,-4.156,-8.571,2.428,0,0
126566,0,-5.98,0.00,-4.099,-8.552,2.480,0,0
126617,0,-5.98,0.00,-4.070,-8.528,2.490,0,0
126669,0,-5.99,0.00,-4.377,-8.327,2.696,0,0
126720,0,-6.00,-0.56,-4.415,-8.452,2.456,0,0
126772,0,-5.99,0.00,-4.286,-8.423,2.409,0,0
126823,0,-5.98,0.48,-4.185,-8.586,2.337,0,0
126875,0,-5.96,0.52,-4.132,-8.672,2.308,0,0
126927,0,-5.95,0.60,-4.051,-8.638,2.365,0,0
126978,0,-5.98,-1.38,-4.051,-8.566,2.418,0,0
127030,0,-5.97,0.00,-4.075,-8.504,2.418,0,0
127080,0,-5.97,0.00,-4.137,-8.523,2.394,0,0
127130,0,-5.99,0.00,-4.233,-8.480,2.528,0,0
127180,0,-5.98,0.56,-4.305,-8.633,2.428,0,0
127231,0,-5.93,1.89,-4.219,-8.538,2.318,0,0
127280,0,-5.93,0.00,-4.171,-8.519,2.418,0,0
127332,0,-5.95,0.56,-4.166,-8.514,2.495,0,0
127384,0,-5.97,0.00,-4.156,-8.490,2.471,0,0
127435,0,-5.97,0.00,-4.161,-8.543,2.442,0,0
127487,0,-5.97,0.00,-4.204,-8.586,2.447,0,0
127538,0,-5.95,0.00,-4.195,-8.552,2.385,0,0
127590,0,-5.94,0.48,-4.190,-8.547,2.380,0,0
127641,0,-5.94,0.00,-4.214,-8.509,2.413,0,0
127693,0,-5.97,-1.27,-4.175,-8.538,2.442,0,0
127744,0,-5.96,0.00,-4.152,-8.538,2.480,0,0
127796,0,-5.94,0.00,-4.128,-8.543,2.490,0,0
127848,0,-5.94,0.00,-4.166,-8.543,2.456,0,0
127898,0,-5.94,0.00,-4.199,-8.519,2.399,0,0
127949,0,-5.94,0.00,-4.190,-8.533,2.389,0,0
128001,0,-5.94,0.00,-4.185,-8.566,2.389,0,0
128052,0,-5.94,0.00,-4.175,-8.581,2.437,0,0
128104,0,-5.94,0.00,-4.123,-8.576,2.423,0,0
128155,0,-5.94,0.00,-4.123,-8.543,2.452,0,0
128205,0,-5.96,-0.56,-4.171,-8.533,2.418,0,0
128255,0,-5.96,0.00,-4.142,-8.519,2.433,0,0
128305,0,-5.96,0.00,-4.161,-8.566,2.385,0,0
128357,0,-5.96,0.00,-4.252,-8.566,2.533,0,0
128409,0,-5.96,0.00,-4.319,-8.528,2.586,0,0
128459,0,-5.92,1.27,-4.137,-8.351,2.528,0,0
128510,0,-5.92,0.00,-4.104,-8.389,2.547,0,0
128562,0,-5.94,0.00,-4.099,-8.538,2.562,0,0
128614,0,-5.95,0.00,-4.104,-8.648,2.490,0,0
128665,0,-5.91,0.00,-4.175,-8.686,2.365,0,0
128717,0,-5.91,0.00,-4.204,-8.595,2.303,0,0
128768,0,-5.93,-0.60,-4.142,-8.495,2.289,0,0
128820,0,-5.91,0.00,-4.099,-8.509,2.337,0,0
128871,0,-5.92,-0.52,-4.089,-8.590,2.471,0,0
128923,0,-5.92,0.00,-4.104,-8.610,2.552,0,0
128975,0,-5.92,0.00,-4.108,-8.528,2.600,0,0
129026,0,-5.90,0.86,-4.171,-8.452,2.576,0,0
129078,0,-5.91,1.30,-4.175,-8.456,2.605,0,0
129128,0,-5.93,-0.56,-4.132,-8.528,2.495,0,0
129178,0,-5.94,0.00,-4.070,-8.619,2.428,0,0
129228,0,-5.94,0.89,-4.046,-8.648,2.389,0,0
129279,0,-5.94,0.00,-4.094,-8.600,2.385,0,0
129330,0,-5.94,0.00,-4.152,-8.528,2.394,0,0
129381,0,-5.94,0.00,-4.156,-8.523,2.428,0,0
129432,0,-5.96,0.00,-4.123,-8.543,2.480,0,0
129484,0,-5.93,0.86,-4.061,-8.600,2.466,0,0
129535,0,-5.95,0.00,-4.008,-8.595,2.413,0,0
129587,0,-5.95,0.00,-4.085,-8.576,2.399,0,0
129639,0,-5.96,-0.52,-4.147,-8.566,2.418,0,0
129690,0,-5.95,0.52,-4.156,-8.566,2.456,0,0
129742,0,-5.93,0.56,-4.128,-8.590,2.466,0,0
129793,0,-5.93,0.00,-4.041,-8.600,2.437,0,0
129845,0,-5.93,0.00,-4.013,-8.600,2.404,0,0
129896,0,-5.95,-0.52,-4.061,-8.576,2.418,0,0
129948,0,-5.95,-0.56,-4.156,-8.566,2.442,0,0
130000,0,-5.95,0.00,-4.161,-8.562,2.452,0,0
130050,0,-5.95,0.00,-4.113,-8.586,2.437,0,0
130102,0,-5.93,0.52,-4.046,-8.600,2.437,0,0
130152,0,-5.92,0.00,-4.017,-8.581,2.456,0,0
130202,0,-5.89,1.45,-4.080,-8.566,2.433,0,0
130253,0,-5.89,0.00,-4.123,-8.562,2.428,0,0
130302,0,-5.89,0.00,-4.161,-8.586,2.442,0,0
130358,0,-5.90,-0.17,-4.118,-8.610,2.452,0,0
130408,0,-5.90,0.00,-4.051,-8.605,2.399,0,0
130459,0,-5.88,0.82,-4.051,-8.562,2.452,0,0
130511,0,-5.88,0.00,-4.089,-8.571,2.466,0,0
130563,0,-5.84,0.00,-4.108,-8.547,2.461,0,0
130614,0,-5.84,-0.52,-4.147,-8.576,2.404,0,0
130666,0,-5.84,0.00,-4.104,-8.600,2.404,0,0
130717,0,-5.81,0.52,-4.070,-8.624,2.385,0,0
130769,0,-5.80,0.52,-4.037,-8.600,2.409,0,0
130820,0,-5.80,0.52,-4.080,-8.571,2.409,0,0
130872,0,-5.80,0.00,-4.175,-8.552,2.500,0,0
130924,0,-5.80,0.00,-4.190,-8.547,2.495,0,0
130975,0,-5.81,-0.52,-4.152,-8.523,2.490,0,0
131027,0,-5.83,-0.52,-4.075,-8.528,2.466,0,0
131078,0,-5.81,0.00,-4.046,-8.557,2.495,0,0
131131,0,-5.81,0.00,-4.104,-8.586,2.471,0,0
131181,0,-5.81,0.00,-4.161,-8.590,2.413,0,0
131232,0,-5.81,0.00,-4.204,-8.590,2.375,0,0
131282,0,-5.81,0.00,-4.209,-8.590,2.332,0,0
131334,0,-5.81,0.00,-4.180,-8.595,2.404,0,0
131385,0,-5.83,-0.56,-4.377,-8.260,2.801,0,0
131436,0,-5.83,0.00,-4.429,-8.456,2.538,0,0
131487,0,-5.85,-1.38,-4.334,-8.294,2.538,0,0
131539,0,-5.86,0.00,-4.204,-8.514,2.418,0,0
131590,0,-5.85,0.52,-4.113,-8.657,2.361,0,0
131642,0,-5.89,-1.34,-4.065,-8.686,2.342,0,0
131694,0,-5.89,0.00,-4.051,-8.614,2.399,0,0
131745,0,-5.87,0.56,-4.108,-8.538,2.476,0,0
131797,0,-5.87,0.00,-4.152,-8.475,2.452,0,0
131848,0,-5.89,0.00,-4.118,-8.533,2.461,0,0
131900,0,-5.88,0.52,-4.056,-8.633,2.385,0,0
131951,0,-5.87,0.00,-3.998,-8.686,2.346,0,0
132003,0,-5.89,-0.86,-4.089,-8.662,2.370,0,0
132055,0,-5.87,0.00,-4.152,-8.581,2.394,0,0
132107,0,-5.88,0.00,-4.142,-8.523,2.437,0,0
132157,0,-5.87,0.52,-4.065,-8.562,2.485,0,0
132207,0,-5.89,0.00,-4.085,-8.509,2.423,0,0
132258,0,-5.85,1.09,-4.329,-8.528,2.437,0,0
132308,0,-5.87,-0.88,-4.295,-8.566,2.418,0,0
132358,0,-5.86,0.48,-4.190,-8.452,2.342,0,0
132414,0,-5.87,-0.11,-4.147,-8.461,2.332,0,0
132466,0,-5.86,0.00,-4.152,-8.566,2.385,0,0
132518,0,-5.85,-0.19,-4.266,-8.557,2.490,0,0
132568,0,-5.85,0.00,-4.338,-8.552,2.385,0,0
132619,0,-5.79,0.48,-4.238,-8.557,2.346,0,0
132671,0,-5.80,-0.30,-4.108,-8.509,2.342,0,0
132723,0,-5.80,-0.82,-4.099,-8.552,2.356,0,0
132774,0,-5.83,-1.34,-4.118,-8.557,2.433,0,0
132826,0,-5.82,0.00,-4.152,-8.566,2.480,0,0
132877,0,-5.83,0.56,-4.171,-8.590,2.428,0,0
132929,0,-5.81,0.00,-4.142,-8.586,2.418,0,0
132980,0,-5.84,0.00,-4.156,-8.519,2.365,0,0
133032,0,-5.82,0.52,-4.161,-8.509,2.375,0,0
133084,0,-5.83,0.00,-4.195,-8.557,2.433,0,0
133134,0,-5.79,1.05,-4.209,-8.590,2.471,0,0
133184,0,-5.78,0.00,-4.219,-8.571,2.533,0,0
133235,0,-5.81,0.00,-4.128,-8.485,2.504,0,0
133285,0,-5.80,0.48,-4.108,-8.490,2.385,0,0
133336,0,-5.81,0.00,-4.056,-8.495,2.351,0,0
133388,0,-5.78,1.41,-4.147,-8.562,2.337,0,0
133440,0,-5.78,0.00,-4.228,-8.686,2.389,0,0
133490,0,-5.78,0.00,-4.238,-8.633,2.409,0,0
133541,0,-5.78,0.00,-4.166,-8.533,2.399,0,0
133593,0,-5.79,0.00,-4.089,-8.499,2.365,0,0
133645,0,-5.81,-0.52,-4.080,-8.514,2.375,0,0
133696,0,-5.82,0.00,-4.142,-8.566,2.365,0,0
133748,0,-5.88,-0.48,-4.252,-8.610,2.389,0,0
133799,0,-5.87,0.00,-4.252,-8.581,2.394,0,0
133851,0,-5.90,-1.86,-4.348,-8.432,2.346,0,0
133902,0,-5.89,0.52,-4.472,-8.337,2.485,0,0
133954,0,-5.89,0.00,-4.348,-8.418,2.466,0,0
134006,0,-5.86,0.52,-4.137,-8.452,2.370,0,0
134057,0,-5.90,0.00,-4.104,-8.614,2.346,0,0
134109,0,-5.88,0.60,-4.132,-8.696,2.375,0,0
134160,0,-5.87,0.52,-4.147,-8.643,2.394,0,0
134210,0,-5.91,-0.71,-4.142,-8.523,2.365,0,0
134261,0,-5.88,0.52,-4.104,-8.466,2.361,0,0
134313,0,-5.86,0.52,-4.070,-8.543,2.346,0,0
134364,0,-5.86,0.00,-4.022,-8.677,2.418,0,0
134416,0,-5.91,-0.48,-4.061,-8.720,2.389,0,0
134466,0,-5.91,0.00,-4.085,-8.648,2.356,0,0
134517,0,-5.95,-1.38,-4.108,-8.547,2.356,0,0
134569,0,-5.95,0.00,-4.085,-8.514,2.322,0,0
134621,0,-5.96,-0.52,-4.046,-8.595,2.346,0,0
134672,0,-5.96,0.00,-4.204,-8.586,2.763,0,0
134724,0,-5.97,-0.34,-4.324,-8.499,2.998,0,0
134775,0,-5.96,0.52,-4.022,-8.159,2.696,0,0
134827,0,-5.96,0.00,-4.056,-8.203,2.610,0,0
134879,0,-5.97,0.00,-4.238,-8.600,2.595,0,0
134930,0,-6.02,0.00,-4.228,-8.878,2.380,0,0
134982,0,-5.99,0.00,-4.180,-8.844,2.327,0,0
135033,0,-5.99,0.00,-4.085,-8.533,2.255,0,0
135085,0,-6.00,-0.52,-3.946,-8.337,2.246,0,0
135135,0,-6.00,0.00,-3.931,-8.432,2.303,0,0
135185,0,-6.03,0.00,-4.056,-8.734,2.399,0,0
135236,0,-6.02,1.49,-4.286,-8.921,2.658,0,0
135286,0,-6.03,-0.60,-4.118,-8.720,2.591,0,0
135336,0,-6.01,0.86,-4.056,-8.370,2.480,0,0
135387,0,-6.02,-0.52,-3.989,-8.203,2.658,0,0
135439,0,-6.00,0.00,-4.089,-8.418,2.950,0,0
135491,0,-6.02,0.34,-3.946,-8.586,2.581,0,0
135542,0,-6.03,0.00,-4.056,-8.777,2.399,0,0
135594,0,-6.04,-1.01,-4.147,-8.806,2.289,0,0
135645,0,-6.05,-0.19,-4.190,-8.629,2.169,0,0
135697,0,-6.02,0.00,-4.166,-8.485,2.227,0,0
135749,0,-6.04,0.30,-4.166,-8.480,2.418,0,0
135800,0,-6.04,0.00,-4.089,-8.538,2.576,0,0
135852,0,-6.03,0.82,-4.051,-8.605,2.734,0,0
135903,0,-6.05,-0.48,-4.075,-8.485,2.643,0,0
135955,0,-6.06,0.00,-4.132,-8.485,2.547,0,0
136006,0,-6.03,1.45,-4.228,-8.475,2.509,0,0
136057,0,-6.00,1.01,-4.199,-8.605,2.476,0,0
136106,0,-5.98,0.52,-4.142,-8.753,2.380,0,0
136156,0,-5.97,0.00,-3.994,-8.686,2.428,0,0
136207,0,-5.93,0.52,-3.893,-8.571,2.423,0,0
136257,0,-5.90,0.39,-3.931,-8.461,2.356,0,0
136309,0,-5.84,2.57,-4.056,-8.528,2.452,0,0
136361,0,-5.82,0.00,-4.180,-8.753,2.356,0,0
136411,0,-5.84,-0.52,-4.276,-8.590,2.504,0,0
136462,0,-5.84,0.00,-4.295,-8.490,2.648,0,0
136514,0,-5.80,0.48,-4.511,-8.260,2.571,0,0
136566,0,-5.83,0.00,-4.386,-8.183,2.500,0,0
136617,0,-5.87,-1.01,-4.257,-8.437,2.528,0,0
136669,0,-5.86,0.48,-4.156,-8.748,2.433,0,0
136720,0,-5.87,0.00,-4.041,-8.801,2.380,0,0
136772,0,-5.89,-0.52,-3.994,-8.643,2.270,0,0
136823,0,-5.90,0.00,-4.080,-8.466,2.241,0,0
136875,0,-5.90,0.00,-4.199,-8.428,2.294,0,0
136927,0,-5.91,0.00,-4.271,-8.581,2.380,0,0
136978,0,-5.93,-0.56,-4.123,-8.710,2.322,0,0
137030,0,-5.93,0.00,-4.017,-8.715,2.370,0,0
137080,0,-5.91,0.56,-4.022,-8.562,2.380,0,0
137130,0,-5.91,0.00,-4.152,-8.466,2.389,0,0
137180,0,-5.91,0.00,-4.238,-8.408,2.375,0,0
137231,0,-5.90,0.46,-4.276,-8.509,2.409,0,0
137281,0,-5.90,0.00,-4.276,-8.547,2.557,0,0
137332,0,-5.89,0.00,-4.223,-8.595,2.677,0,0
137384,0,-5.89,0.00,-4.295,-8.332,2.782,0,0
137435,0,-5.89,0.00,-4.372,-8.351,2.571,0,0
137487,0,-5.82,0.52,-4.247,-8.413,2.547,0,0
137538,0,-5.81,0.52,-4.156,-8.619,2.500,0,0
137590,0,-5.84,-0.52,-4.013,-8.614,2.538,0,0
137642,0,-5.85,-0.48,-4.118,-8.480,2.538,0,0
137693,0,-5.88,0.00,-4.266,-8.452,2.533,0,0
137745,0,-5.85,0.86,-4.266,-8.466,2.471,0,0
137796,0,-5.87,0.00,-4.180,-8.514,2.418,0,0
137848,0,-5.88,-0.48,-4.185,-8.648,2.394,0,0
137899,0,-5.87,0.36,-4.180,-8.715,2.380,0,0
137950,0,-5.90,-1.08,-4.147,-8.499,2.437,0,0
138001,0,-5.89,0.37,-4.128,-8.428,2.495,0,0
138053,0,-5.91,0.34,-4.113,-8.404,2.500,0,0
138102,0,-5.89,0.86,-4.113,-8.504,2.466,0,0
138152,0,-5.92,0.00,-4.161,-8.614,2.394,0,0
138203,0,-5.92,-1.08,-4.185,-8.610,2.409,0,0
138253,0,-5.90,0.92,-4.228,-8.595,2.500,0,0
138303,0,-5.89,0.13,-4.310,-8.595,2.528,0,0
138355,0,-5.87,0.92,-4.171,-8.509,2.519,0,0
138407,0,-5.88,0.00,-3.903,-8.408,2.471,0,0
138457,0,-5.87,0.26,-3.879,-8.490,2.447,0,0
138508,0,-5.83,0.86,-4.161,-8.619,2.428,0,0
138560,0,-5.86,-1.13,-4.434,-8.715,2.437,0,0
138612,0,-5.82,0.00,-4.353,-8.576,2.370,0,0
138663,0,-5.78,1.34,-4.152,-8.519,2.198,0,0
138715,0,-5.78,0.00,-3.883,-8.480,2.184,0,0
138766,0,-5.73,0.00,-4.137,-8.523,2.126,0,0
138818,0,-5.70,1.34,-4.602,-8.509,2.562,0,0
138869,0,-5.70,0.00,-4.247,-8.528,2.456,0,0
138921,0,-5.68,0.00,-4.075,-8.437,2.495,0,0
138973,0,-5.68,0.00,-4.128,-8.499,2.456,0,0
139024,0,-5.68,0.00,-4.195,-8.595,2.337,0,0
139076,0,-5.72,-1.38,-4.219,-8.614,2.313,0,0
139126,0,-5.72,0.00,-4.118,-8.681,2.313,0,0
139176,0,-5.74,-1.45,-4.089,-8.633,2.365,0,0
139226,0,-5.73,0.54,-4.104,-8.514,2.423,0,0
139276,0,-5.72,0.00,-4.099,-8.408,2.547,0,0
139327,0,-5.70,0.52,-4.070,-8.428,2.552,0,0
139378,0,-5.71,0.48,-4.195,-8.720,2.500,0,0
139430,0,-5.70,0.52,-4.166,-8.748,2.361,0,0
139481,0,-5.70,0.00,-4.085,-8.490,2.389,0,0
139533,0,-5.70,0.00,-4.219,-8.337,2.428,0,0
139585,0,-5.70,0.00,-4.367,-8.322,2.701,0,0
139636,0,-5.71,-0.52,-4.544,-8.361,2.705,0,0
139688,0,-5.72,-0.48,-4.266,-8.432,2.547,0,0
139739,0,-5.70,-0.52,-4.080,-8.629,2.437,0,0
139791,0,-5.72,-0.52,-4.123,-8.662,2.289,0,0
139842,0,-5.74,0.00,-4.175,-8.586,2.241,0,0
139894,0,-5.71,1.34,-4.152,-8.547,2.236,0,0
139945,0,-5.72,-0.52,-4.152,-8.562,2.313,0,0
139996,0,-5.73,-0.48,-4.104,-8.619,2.380,0,0
140047,0,-5.75,0.00,-4.041,-8.629,2.423,0,0
140099,0,-5.76,0.00,-4.041,-8.586,2.418,0,0
140150,0,-5.78,-0.56,-4.075,-8.552,2.313,0,0
140200,0,-5.79,0.00,-4.156,-8.543,2.270,0,0
140250,0,-5.78,-0.56,-4.271,-8.576,2.409,0,0
140302,0,-5.78,0.00,-4.525,-8.566,3.036,0,0
140352,0,-5.76,0.34,-4.166,-8.317,2.744,0,0
140404,0,-5.76,0.00,-3.955,-8.198,2.725,0,0
140455,0,-5.76,0.00,-3.922,-8.375,2.782,0,0
140506,0,-5.76,0.00,-4.128,-8.662,2.720,0,0
140557,0,-5.74,0.48,-4.319,-8.796,2.461,0,0
140609,0,-5.72,0.00,-4.295,-8.677,2.227,0,0
140660,0,-5.72,0.00,-4.108,-8.495,2.140,0,0
140712,0,-5.72,0.00,-3.879,-8.428,2.136,0,0
140763,0,-5.73,0.00,-3.874,-8.610,2.246,0,0
140815,0,-5.68,1.71,-4.037,-8.825,2.413,0,0
140867,0,-5.72,0.00,-4.228,-8.844,2.480,0,0
140918,0,-5.72,0.00,-4.080,-8.758,2.442,0,0
140970,0,-5.70,0.52,-3.768,-8.576,2.461,0,0
141021,0,-5.72,0.00,-3.577,-8.423,2.442,0,0
141073,0,-5.70,0.74,-3.682,-8.432,2.504,0,0
141123,0,-5.70,0.00,-4.003,-8.720,2.595,0,0
141173,0,-5.72,-0.52,-4.305,-8.859,2.610,0,0
141223,0,-5.70,0.85,-4.281,-8.820,2.394,0,0
141274,0,-5.68,0.00,-3.989,-8.562,2.164,0,0
141324,0,-5.71,-1.01,-3.850,-8.428,2.088,0,0
141376,0,-5.71,0.00,-3.950,-8.528,2.184,0,0
141427,0,-5.71,-1.04,-4.152,-8.720,2.437,0,0
141479,0,-5.71,0.00,-4.319,-8.796,2.653,0,0
141530,0,-5.72,-1.01,-4.142,-8.643,2.495,0,0
141582,0,-5.68,1.68,-3.879,-8.452,2.279,0,0
141633,0,-5.71,0.00,-3.812,-8.423,2.093,0,0
141685,0,-5.69,0.37,-4.113,-8.605,2.179,0,0
141736,0,-5.71,0.00,-4.463,-8.911,3.151,0,0
141788,0,-5.70,-0.56,-4.243,-8.490,2.629,0,0
141840,0,-5.71,-0.48,-3.917,-8.207,2.418,0,0
141891,0,-5.70,-0.56,-3.816,-8.332,2.471,0,0
141943,0,-5.67,1.34,-3.946,-8.710,2.519,0,0
141993,0,-5.68,-0.48,-4.190,-8.902,2.418,0,0
142045,0,-5.64,1.45,-4.348,-8.792,2.260,0,0
142096,0,-5.64,0.00,-4.271,-8.490,2.164,0,0
142147,0,-5.63,0.52,-4.118,-8.337,2.174,0,0
142197,0,-5.63,0.00,-3.989,-8.428,2.346,0,0
142247,0,-5.60,0.52,-3.994,-8.696,2.605,0,0
142297,0,-5.59,0.56,-4.104,-8.758,2.840,0,0
142349,0,-5.56,0.00,-4.195,-8.519,2.686,0,0
142400,0,-5.52,0.62,-4.238,-8.284,2.624,0,0
142452,0,-5.52,0.00,-4.238,-8.260,2.643,0,0
142502,0,-5.52,0.00,-4.252,-8.490,2.658,0,0
142554,0,-5.51,0.00,-4.113,-8.624,2.567,0,0
142605,0,-5.51,0.00,-4.099,-8.691,2.500,0,0
142657,0,-5.54,0.00,-4.085,-8.571,2.409,0,0
142708,0,-5.54,0.00,-4.123,-8.471,2.289,0,0
142760,0,-5.56,0.00,-4.166,-8.485,2.246,0,0
142811,0,-5.55,-0.48,-4.190,-8.624,2.380,0,0
142863,0,-5.52,0.82,-4.166,-8.677,2.523,0,0
142915,0,-5.58,-1.01,-4.099,-8.600,2.595,0,0
142966,0,-5.59,-0.56,-4.056,-8.432,2.648,0,0
143018,0,-5.58,0.00,-4.113,-8.346,2.638,0,0
143069,0,-5.59,0.34,-4.199,-8.423,2.629,0,0
143119,0,-5.60,-0.52,-4.276,-8.538,2.600,0,0
143169,0,-5.60,0.00,-4.204,-8.590,2.480,0,0
143220,0,-5.58,0.36,-4.175,-8.629,2.476,0,0
143270,0,-5.62,-1.65,-4.113,-8.547,2.404,0,0
143322,0,-5.65,-1.56,-4.104,-8.499,2.380,0,0
143372,0,-5.62,1.34,-4.118,-8.528,2.380,0,0
143424,0,-5.62,-0.56,-4.190,-8.547,2.466,0,0
143475,0,-5.61,0.34,-4.223,-8.576,2.538,0,0
143527,0,-5.60,0.00,-4.180,-8.523,2.538,0,0
143578,0,-5.59,0.19,-4.128,-8.471,2.562,0,0
143630,0,-5.59,0.00,-4.094,-8.456,2.600,0,0
143681,0,-5.61,0.34,-4.132,-8.499,2.586,0,0
143733,0,-5.60,0.34,-4.175,-8.509,2.500,0,0
143785,0,-5.60,1.15,-4.195,-8.533,2.461,0,0
143836,0,-5.64,-1.53,-4.209,-8.581,2.433,0,0
143888,0,-5.63,0.00,-4.180,-8.562,2.428,0,0
143939,0,-5.64,-0.56,-4.137,-8.552,2.456,0,0
143991,0,-5.63,1.23,-4.080,-8.538,2.476,0,0
144042,0,-5.65,-1.04,-4.075,-8.571,2.461,0,0
144093,0,-5.65,0.00,-4.132,-8.562,2.476,0,0
144143,0,-5.62,0.88,-4.185,-8.533,2.538,0,0
144209,0,-5.62,-0.06,-4.132,-8.543,2.471,0,0
144259,0,-5.60,0.00,-4.089,-8.538,2.485,0,0
144311,0,-5.64,-0.52,-4.065,-8.566,2.504,0,0
144362,0,-5.66,-0.45,-4.046,-8.562,2.485,0,0
144413,0,-5.62,1.30,-4.099,-8.557,2.456,0,0
144464,0,-5.63,-0.52,-4.128,-8.571,2.456,0,0
144516,0,-5.62,0.52,-4.142,-8.576,2.461,0,0
144567,0,-5.62,0.00,-4.094,-8.566,2.452,0,0
144619,0,-5.62,0.00,-4.085,-8.562,2.485,0,0
144671,0,-5.59,0.52,-4.080,-8.571,2.476,0,0
144722,0,-5.61,0.00,-4.094,-8.557,2.471,0,0
144774,0,-5.59,0.52,-4.099,-8.562,2.480,0,0
144825,0,-5.63,-1.38,-4.108,-8.581,2.471,0,0
144877,0,-5.57,1.01,-4.094,-8.571,2.452,0,0
144929,0,-5.56,0.52,-4.056,-8.576,2.485,0,0
144980,0,-5.55,0.00,-4.065,-8.586,2.447,0,0
145032,0,-5.57,0.52,-4.085,-8.557,2.480,0,0
145082,0,-5.57,0.00,-4.118,-8.557,2.504,0,0
145132,0,-5.55,0.00,-4.108,-8.571,2.490,0,0
145182,0,-5.54,0.00,-4.089,-8.581,2.466,0,0
145233,0,-5.55,-0.52,-4.080,-8.586,2.461,0,0
145283,0,-5.55,0.00,-4.080,-8.586,2.461,0,0
145334,0,-5.57,0.00,-4.094,-8.562,2.480,0,0
145386,0,-5.60,-1.34,-4.070,-8.557,2.471,0,0
145437,0,-5.60,0.00,-4.065,-8.557,2.480,0,0
145489,0,-5.59,0.52,-4.065,-8.590,2.461,0,0
145540,0,-5.59,0.00,-4.032,-8.633,2.442,0,0
145592,0,-5.58,0.00,-4.075,-8.633,2.471,0,0
145644,0,-5.56,0.00,-4.041,-8.600,2.480,0,0
145695,0,-5.60,-1.34,-4.032,-8.557,2.533,0,0
145747,0,-5.60,0.00,-4.051,-8.523,2.533,0,0
145798,0,-5.60,0.00,-4.051,-8.586,2.490,0,0
145850,0,-5.61,0.00,-4.089,-8.610,2.456,0,0
145900,0,-5.63,-0.48,-4.123,-8.629,2.399,0,0
145952,0,-5.62,-1.13,-4.099,-8.605,2.423,0,0
146003,0,-5.65,-1.01,-4.041,-8.547,2.476,0,0
146055,0,-5.66,0.00,-4.037,-8.571,2.495,0,0
146107,0,-5.66,-0.48,-4.046,-8.552,2.514,0,0
146157,0,-5.66,0.36,-4.089,-8.619,2.447,0,0
146207,0,-5.66,0.00,-4.113,-8.648,2.399,0,0
146259,0,-5.66,0.06,-4.132,-8.624,2.361,0,0
146311,0,-5.68,-0.71,-4.123,-8.595,2.375,0,0
146361,0,-5.68,0.00,-4.094,-8.566,2.466,0,0
146413,0,-5.66,-0.20,-4.108,-8.547,2.547,0,0
146464,0,-5.68,-0.67,-4.123,-8.504,2.552,0,0
146516,0,-5.65,1.15,-4.137,-8.504,2.471,0,0
146567,0,-5.66,-0.30,-4.156,-8.504,2.456,0,0
146619,0,-5.65,0.00,-4.171,-8.610,2.375,0,0
146670,0,-5.64,-0.19,-4.152,-8.619,2.385,0,0
146722,0,-5.64,0.00,-4.137,-8.610,2.356,0,0
146774,0,-5.64,-0.48,-4.089,-8.562,2.375,0,0
146825,0,-5.63,0.32,-4.391,-8.260,2.763,0,0
146877,0,-5.59,0.00,-4.520,-8.466,2.495,0,0
146928,0,-5.59,-0.19,-4.367,-8.294,2.500,0,0
146980,0,-5.60,0.00,-4.195,-8.495,2.418,0,0
147031,0,-5.58,0.88,-4.113,-8.638,2.375,0,0
147082,0,-5.58,0.00,-4.037,-8.672,2.337,0,0
147132,0,-5.61,-1.09,-4.061,-8.629,2.342,0,0
147182,0,-5.59,0.88,-4.108,-8.552,2.380,0,0
147232,0,-5.59,0.00,-4.161,-8.509,2.409,0,0
147282,0,-5.57,0.92,-4.147,-8.543,2.394,0,0
147334,0,-5.57,0.00,-4.080,-8.610,2.361,0,0
147385,0,-5.52,0.00,-4.041,-8.667,2.365,0,0
147437,0,-5.53,-0.52,-4.051,-8.605,2.399,0,0
147489,0,-5.53,0.00,-4.199,-8.538,2.480,0,0
147540,0,-5.52,0.52,-4.410,-8.365,2.614,0,0
147592,0,-5.52,0.00,-4.353,-8.370,2.466,0,0
147643,0,-5.51,0.48,-4.223,-8.495,2.452,0,0
147695,0,-5.52,-0.48,-4.166,-8.610,2.389,0,0
147746,0,-5.52,0.00,-4.104,-8.667,2.385,0,0
147798,0,-5.53,-0.56,-4.104,-8.605,2.337,0,0
147850,0,-5.53,0.00,-4.156,-8.509,2.303,0,0
147900,0,-5.52,0.52,-4.195,-8.504,2.351,0,0
147951,0,-5.53,0.00,-4.228,-8.475,2.409,0,0
148003,0,-5.53,0.00,-4.334,-8.495,2.504,0,0
148054,0,-5.52,0.00,-4.276,-8.557,2.399,0,0
148106,0,-5.51,0.48,-4.166,-8.485,2.413,0,0
148157,0,-5.51,0.00,-4.161,-8.490,2.404,0,0
148207,0,-5.54,0.00,-4.214,-8.533,2.442,0,0
148258,0,-5.53,0.00,-4.243,-8.571,2.404,0,0
148309,0,-5.51,0.20,-4.219,-8.576,2.394,0,0
148361,0,-5.50,0.52,-4.156,-8.528,2.394,0,0
148412,0,-5.50,0.00,-4.180,-8.528,2.404,0,0
148463,0,-5.54,-1.34,-4.233,-8.480,2.442,0,0
148514,0,-5.54,0.00,-4.228,-8.504,2.452,0,0
148566,0,-5.54,0.00,-4.180,-8.543,2.409,0,0
148617,0,-5.52,0.00,-4.171,-8.557,2.385,0,0
148669,0,-5.52,0.00,-4.152,-8.571,2.385,0,0
148721,0,-5.54,-0.52,-4.190,-8.533,2.361,0,0
148772,0,-5.54,0.00,-4.190,-8.519,2.433,0,0
148824,0,-5.54,0.00,-4.195,-8.528,2.428,0,0
148875,0,-5.54,0.00,-4.185,-8.538,2.442,0,0
148927,0,-5.55,0.48,-4.171,-8.543,2.423,0,0
148978,0,-5.53,0.52,-4.147,-8.562,2.409,0,0
149030,0,-5.52,0.00,-4.147,-8.557,2.380,0,0
149082,0,-5.53,-0.48,-4.161,-8.586,2.389,0,0
149132,0,-5.52,0.00,-4.171,-8.557,2.413,0,0
149182,0,-5.53,-0.52,-4.161,-8.571,2.413,0,0
149232,0,-5.55,-0.54,-4.142,-8.547,2.389,0,0
149282,0,-5.55,0.00,-4.166,-8.557,2.404,0,0
149333,0,-5.55,0.00,-4.381,-8.514,2.715,0,0
149384,0,-5.55,0.00,-4.329,-8.418,2.682,0,0
149436,0,-5.55,-0.52,-4.152,-8.270,2.610,0,0
149488,0,-5.55,0.00,-4.113,-8.404,2.643,0,0
149539,0,-5.56,0.00,-4.051,-8.624,2.586,0,0
149591,0,-5.57,-0.52,-4.118,-8.772,2.428,0,0
149642,0,-5.57,0.00,-4.195,-8.681,2.298,0,0
149694,0,-5.58,-0.48,-4.195,-8.528,2.231,0,0
149745,0,-5.59,0.00,-4.128,-8.437,2.227,0,0
149797,0,-5.58,-0.52,-4.128,-8.552,2.456,0,0
149848,0,-5.60,-0.48,-4.070,-8.657,2.634,0,0
149900,0,-5.60,0.82,-4.022,-8.571,2.538,0,0
149952,0,-5.62,-0.52,-4.061,-8.466,2.514,0,0
150002,0,-5.63,-0.52,-4.142,-8.495,2.509,0,0
150053,0,-5.62,0.26,-4.175,-8.571,2.485,0,0
150105,0,-5.68,-1.09,-4.156,-8.643,2.437,0,0
150156,0,-5.63,0.36,-4.085,-8.653,2.452,0,0
150206,0,-5.66,0.00,-4.032,-8.581,2.389,0,0
150256,0,-5.68,-1.13,-4.065,-8.523,2.413,0,0
150308,0,-5.68,0.00,-4.128,-8.543,2.476,0,0
150359,0,-5.67,0.13,-4.152,-8.571,2.485,0,0
150411,0,-5.65,0.88,-4.132,-8.586,2.433,0,0
150463,0,-5.64,-0.56,-4.070,-8.614,2.428,0,0
150513,0,-5.60,1.34,-4.056,-8.586,2.413,0,0
150564,0,-5.59,0.82,-4.070,-8.547,2.437,0,0
150617,0,-5.60,-0.15,-4.142,-8.552,2.504,0,0
150668,0,-5.60,0.00,-4.152,-8.557,2.514,0,0
150719,0,-4.41,45.12,-4.108,-8.581,2.456,0,0
150771,0,-3.26,42.48,-4.046,-8.586,2.442,0,0
150822,0,-1.18,40.10,-4.065,-8.595,2.442,0,0
150874,0,-0.21,35.79,-4.089,-8.566,2.456,0,0
150923,0,0.70,0.00,-4.123,-8.547,2.456,0,0
150975,0,2.35,30.06,-4.137,-8.543,2.504,0,0
151026,0,1.85,-18.57,-4.104,-8.557,2.447,0,0
151078,0,0.90,-16.43,-4.070,-8.586,2.471,0,0
151128,0,0.46,-17.34,-4.085,-8.605,2.437,0,0
151178,0,0.10,0.00,-4.099,-8.595,2.456,0,0
151228,0,-0.62,-14.48,-4.147,-8.562,2.471,0,0
151278,0,-0.96,-13.51,-4.156,-8.533,2.456,0,0
151330,0,-1.23,0.00,-4.099,-8.571,2.452,0,0
151380,0,-1.49,-9.61,-4.061,-8.590,2.442,0,0
151432,0,-1.99,-9.27,-4.065,-8.576,2.466,0,0
151483,0,-2.24,-9.31,-4.099,-8.571,2.452,0,0
151535,0,-2.46,0.00,-4.137,-8.562,2.452,0,0
151586,0,-2.83,-6.59,-4.147,-8.557,2.471,0,0
151638,0,-3.03,-6.74,-4.118,-8.576,2.447,0,0
151689,0,-3.42,-7.71,-4.065,-8.600,2.433,0,0
151741,0,-3.55,-4.95,-4.080,-8.581,2.433,0,0
151793,0,-3.71,0.00,-4.094,-8.562,2.447,0,0
151844,0,-3.97,-4.47,-4.123,-8.552,2.418,0,0
151896,0,-4.09,0.00,-4.147,-8.576,2.428,0,0
151947,0,-4.33,-4.43,-4.118,-8.571,2.442,0,0
151999,0,-4.40,-2.68,-4.080,-8.586,2.442,0,0
152050,0,-4.53,0.00,-4.075,-8.590,2.418,0,0
152101,0,-4.60,-2.57,-4.128,-8.576,2.433,0,0
152151,0,-4.76,-3.46,-4.147,-8.552,2.466,0,0
152201,0,-4.81,-2.33,-4.166,-8.519,2.485,0,0
152252,0,-4.84,0.00,-4.161,-8.504,2.509,0,0
152303,0,-4.97,-2.16,-4.128,-8.523,2.504,0,0
152355,0,-5.04,-2.68,-4.089,-8.547,2.442,0,0
152408,0,-5.12,-1.12,-4.108,-8.566,2.466,0,0
152458,0,-5.14,-0.74,-4.108,-8.590,2.428,0,0
152509,0,-5.15,-0.30,-4.142,-8.605,2.365,0,0
152561,0,-5.18,0.00,-4.147,-8.581,2.375,0,0
152613,0,-5.27,-0.82,-4.108,-8.576,2.409,0,0
152664,0,-5.30,0.00,-4.439,-8.279,2.758,0,0
152716,0,-5.36,-1.30,-4.535,-8.461,2.538,0,0
152767,0,-5.38,-0.80,-4.276,-8.337,2.504,0,0
152819,0,-5.45,-0.34,-4.175,-8.557,2.389,0,0
152870,0,-5.47,-0.86,-4.037,-8.624,2.375,0,0
152922,0,-5.48,0.00,-3.965,-8.677,2.399,0,0
152974,0,-5.52,-0.82,-4.027,-8.696,2.370,0,0
153025,0,-5.53,-1.34,-4.094,-8.557,2.389,0,0
153077,0,-5.58,-1.38,-4.108,-8.538,2.380,0,0
153127,0,-5.58,-0.36,-4.085,-8.528,2.375,0,0
153177,0,-5.61,0.00,-4.046,-8.653,2.361,0,0
153227,0,-5.65,-0.85,-4.094,-8.691,2.404,0,0
153278,0,-5.67,-0.88,-4.132,-8.590,2.433,0,0
153328,0,-5.68,-0.34,-4.161,-8.514,2.461,0,0
153379,0,-5.70,-0.74,-4.199,-8.514,2.418,0,0
153431,0,-5.71,0.48,-4.123,-8.475,2.327,0,0
153483,0,-5.72,-0.34,-4.515,-8.370,2.270,0,0
153534,0,-5.72,0.00,-4.549,-8.452,2.212,0,0
153586,0,-5.78,-0.86,-4.199,-8.715,2.370,0,0
153637,0,-5.78,0.00,-4.142,-8.638,2.471,0,0
153689,0,-5.81,-0.34,-4.128,-8.442,2.447,0,0
153740,0,-5.83,-0.82,-4.128,-8.351,2.471,0,0
153792,0,-5.83,0.00,-4.080,-8.447,2.356,0,0
153844,0,-5.86,0.48,-4.089,-8.705,2.351,0,0
153895,0,-5.89,0.00,-4.128,-8.811,2.342,0,0
153947,0,-5.88,-0.82,-4.185,-8.677,2.370,0,0
153997,0,-5.88,0.00,-4.209,-8.461,2.361,0,0
154049,0,-5.89,0.52,-4.161,-8.341,2.413,0,0
154100,0,-5.89,0.00,-4.128,-8.423,2.423,0,0
154151,0,-5.90,0.56,-4.094,-8.677,2.500,0,0
154211,0,-5.94,-0.67,-4.113,-8.734,2.480,0,0
154262,0,-5.94,0.00,-4.180,-8.571,2.437,0,0
154313,0,-5.94,0.00,-4.243,-8.346,2.380,0,0
154364,0,-5.94,0.00,-4.204,-8.337,2.380,0,0
154415,0,-5.94,0.00,-4.166,-8.614,2.361,0,0
154467,0,-5.96,-0.86,-4.132,-8.748,2.442,0,0
154518,0,-5.91,0.00,-4.152,-8.686,2.447,0,0
154570,0,-5.90,0.00,-4.190,-8.471,2.413,0,0
154622,0,-5.88,0.52,-4.175,-8.380,2.327,0,0
154673,0,-5.88,0.00,-4.152,-8.475,2.370,0,0
154725,0,-5.88,0.00,-4.094,-8.662,2.380,0,0
154776,0,-5.87,0.00,-4.104,-8.729,2.418,0,0
154828,0,-5.86,0.48,-4.180,-8.643,2.409,0,0
154879,0,-5.86,0.00,-4.228,-8.418,2.442,0,0
154931,0,-5.83,0.52,-4.180,-8.389,2.361,0,0
154983,0,-5.82,0.52,-4.405,-8.384,2.385,0,0
155033,0,-5.84,-0.82,-4.678,-8.442,2.519,0,0
155084,0,-5.79,0.00,-4.338,-8.590,2.466,0,0
155135,0,-5.78,1.09,-4.094,-8.447,2.399,0,0
155185,0,-5.77,0.56,-4.046,-8.485,2.452,0,0
155235,0,-5.74,0.00,-4.008,-8.566,2.471,0,0
155288,0,-5.74,1.13,-4.056,-8.633,2.480,0,0
155339,0,-5.71,1.01,-4.108,-8.629,2.485,0,0
155391,0,-5.73,0.00,-4.108,-8.605,2.409,0,0
155442,0,-5.73,-0.34,-4.013,-8.562,2.375,0,0
155494,0,-5.73,0.00,-3.936,-8.566,2.370,0,0
155545,0,-5.69,0.71,-3.984,-8.662,2.404,0,0
155597,0,-5.66,1.01,-4.405,-8.552,2.538,0,0
155649,0,-5.68,-0.34,-4.530,-8.471,2.720,0,0
155700,0,-5.69,-0.36,-4.190,-8.317,2.480,0,0
155752,0,-5.67,0.00,-4.056,-8.389,2.447,0,0
155803,0,-5.65,1.01,-4.008,-8.624,2.409,0,0
155855,0,-5.66,-0.34,-4.041,-8.825,2.409,0,0
155906,0,-5.64,-0.36,-4.089,-8.796,2.442,0,0
155957,0,-5.64,0.00,-4.099,-8.543,2.471,0,0
156008,0,-5.64,-0.74,-4.142,-8.298,2.538,0,0
156060,0,-5.62,0.52,-4.233,-8.294,2.528,0,0
156109,0,-5.59,-0.34,-4.252,-8.528,2.586,0,0
156160,0,-5.58,0.56,-4.094,-8.739,2.523,0,0
156210,0,-5.57,0.00,-4.003,-8.748,2.490,0,0
156262,0,-5.55,0.29,-4.003,-8.629,2.389,0,0
156314,0,-5.54,0.00,-4.099,-8.490,2.442,0,0
156366,0,-5.50,1.01,-4.180,-8.442,2.423,0,0
156416,0,-5.50,0.00,-4.305,-8.452,2.418,0,0
156467,0,-5.50,0.00,-4.286,-8.624,2.509,0,0
156519,0,-5.48,0.00,-4.171,-8.657,2.461,0,0
156571,0,-5.46,0.52,-4.099,-8.504,2.413,0,0
156622,0,-5.44,0.52,-4.037,-8.389,2.404,0,0
156674,0,-5.45,-0.86,-4.104,-8.514,2.385,0,0
156725,0,-5.45,0.00,-4.233,-8.653,2.428,0,0
156777,0,-5.49,0.00,-4.310,-8.686,2.509,0,0
156828,0,-5.47,-0.52,-4.209,-8.475,2.500,0,0
156880,0,-5.49,-0.82,-4.266,-8.365,2.404,0,0
156932,0,-5.47,0.00,-4.319,-8.437,2.294,0,0
156983,0,-5.47,0.00,-4.199,-8.586,2.399,0,0
157035,0,-5.44,0.00,-4.108,-8.648,2.533,0,0
157085,0,-5.49,-1.86,-4.104,-8.576,2.543,0,0
157135,0,-5.47,0.88,-4.147,-8.480,2.471,0,0
157186,0,-5.48,-0.50,-4.152,-8.432,2.404,0,0
157236,0,-5.49,0.00,-4.113,-8.509,2.361,0,0
157286,0,-5.49,0.00,-4.118,-8.648,2.337,0,0
157337,0,-5.47,0.82,-4.166,-8.715,2.351,0,0
157389,0,-5.47,0.00,-4.195,-8.605,2.456,0,0
157440,0,-5.47,0.52,-4.195,-8.456,2.466,0,0
157492,0,-5.48,-0.48,-4.132,-8.428,2.447,0,0
157544,0,-5.45,0.00,-4.070,-8.552,2.385,0,0
157595,0,-5.46,-0.52,-4.152,-8.686,2.409,0,0
157647,0,-5.46,0.00,-3.941,-8.619,2.394,0,0
157698,0,-5.49,-0.52,-4.132,-8.610,2.409,0,0
157750,0,-5.48,1.34,-4.085,-8.552,2.437,0,0
157801,0,-5.48,0.00,-4.185,-8.514,2.389,0,0
157853,0,-5.49,-0.56,-4.161,-8.528,2.370,0,0
157905,0,-5.49,0.00,-4.147,-8.547,2.385,0,0
157955,0,-5.49,0.00,-4.185,-8.595,2.342,0,0
158006,0,-5.47,0.82,-4.180,-8.586,2.361,0,0
158058,0,-5.48,-0.52,-4.195,-8.514,2.346,0,0
158107,0,-5.50,0.00,-4.180,-8.538,2.356,0,0
158158,0,-5.49,-0.56,-4.161,-8.547,2.399,0,0
158208,0,-5.47,0.88,-4.108,-8.586,2.327,0,0
158259,0,-5.43,0.00,-4.099,-8.629,2.298,0,0
158310,0,-5.46,-0.42,-4.171,-8.581,2.313,0,0
158360,0,-5.44,0.82,-4.190,-8.595,2.332,0,0
158411,0,-5.45,0.00,-4.377,-8.384,2.538,0,0
158463,0,-5.44,0.88,-5.191,-8.045,2.715,0,0
158515,0,-5.47,-1.04,-4.463,-8.337,2.576,0,0
158566,0,-5.50,-0.52,-4.070,-8.317,2.279,0,0
158618,0,-5.53,-1.01,-3.974,-8.590,2.241,0,0
158669,0,-5.50,0.00,-4.075,-8.811,2.241,0,0
158721,0,-5.53,-0.48,-4.247,-8.811,2.303,0,0
158772,0,-5.53,0.00,-4.319,-8.571,2.342,0,0
158824,0,-5.52,-0.52,-4.180,-8.361,2.342,0,0
158876,0,-5.49,1.49,-4.008,-8.389,2.342,0,0
158927,0,-5.50,0.00,-3.941,-8.643,2.260,0,0
158979,0,-5.51,0.74,-4.061,-8.811,2.255,0,0
159029,0,-5.53,-1.04,-4.281,-8.772,2.265,0,0
159081,0,-5.55,-0.52,-4.324,-8.538,2.313,0,0
159131,0,-5.58,0.00,-4.180,-8.384,2.337,0,0
159181,0,-5.55,0.92,-3.970,-8.471,2.313,0,0
159232,0,-5.58,-1.13,-3.922,-8.667,2.322,0,0
159282,0,-5.59,0.00,-4.056,-8.820,2.342,0,0
159333,0,-5.61,0.00,-4.199,-8.715,2.772,0,0
159385,0,-5.62,-0.52,-4.362,-8.519,3.065,0,0
159436,0,-5.64,-0.48,-4.013,-8.092,2.485,0,0
159488,0,-5.64,0.00,-3.850,-8.284,2.423,0,0
159539,0,-5.66,0.00,-3.730,-9.045,2.586,0,0
159591,0,-5.64,0.52,-3.855,-9.155,2.591,0,0
159643,0,-5.64,0.00,-3.998,-8.552,2.437,0,0
159694,0,-5.66,0.00,-3.922,-8.241,2.576,0,0
159746,0,-5.67,-0.48,-3.859,-8.356,2.701,0,0
159797,0,-5.69,0.00,-3.903,-8.672,2.605,0,0
159849,0,-5.68,0.86,-4.070,-8.887,2.346,0,0
159900,0,-5.69,0.00,-4.204,-8.825,2.160,0,0
159951,0,-5.69,0.00,-4.161,-8.576,2.198,0,0
160002,0,-5.69,0.00,-4.056,-8.428,2.327,0,0
160054,0,-5.68,-0.52,-3.970,-8.461,2.509,0,0
160103,0,-5.68,0.00,-3.960,-8.595,2.576,0,0
160154,0,-5.65,1.45,-4.037,-8.691,2.500,0,0
160204,0,-5.62,0.92,-4.123,-8.686,2.337,0,0
160254,0,-5.62,0.00,-4.185,-8.638,2.169,0,0
160306,0,-5.60,0.82,-4.065,-8.672,2.337,0,0
160359,0,-5.59,0.12,-3.970,-8.514,2.423,0,0
160410,0,-5.60,0.34,-3.946,-8.523,2.562,0,0
160462,0,-5.61,-0.52,-3.989,-8.633,2.624,0,0
160512,0,-5.62,-0.19,-4.070,-8.662,2.509,0,0
160564,0,-5.64,0.00,-4.051,-8.629,2.375,0,0
160615,0,-5.60,0.82,-3.960,-8.653,2.365,0,0
160667,0,-5.58,0.82,-3.936,-8.610,2.447,0,0
160718,0,-5.62,-1.04,-4.027,-8.576,2.490,0,0
160770,0,-5.60,0.86,-4.152,-8.557,2.480,0,0
160822,0,-5.60,0.00,-4.195,-8.600,2.385,0,0
160873,0,-5.58,0.48,-4.094,-8.624,2.284,0,0
160925,0,-5.58,0.00,-4.027,-8.657,2.356,0,0
160976,0,-5.55,0.52,-4.161,-8.739,3.467,0,0
161028,0,-5.60,-1.86,-3.989,-8.203,2.476,0,0
161079,0,-5.58,0.00,-4.008,-8.179,2.418,0,0
161129,0,-5.56,0.00,-4.089,-8.543,2.409,0,0
161180,0,-5.56,0.00,-4.195,-8.959,2.375,0,0
161230,0,-5.59,0.00,-4.175,-8.988,2.270,0,0
161283,0,-5.59,-1.49,-4.142,-8.629,2.169,0,0
161334,0,-5.57,0.52,-4.080,-8.284,2.193,0,0
161386,0,-5.57,0.52,-4.108,-8.294,2.337,0,0
161436,0,-5.57,0.00,-4.118,-8.619,2.461,0,0
161488,0,-5.59,-0.56,-4.089,-8.892,2.485,0,0
161539,0,-5.62,-1.30,-4.027,-8.801,2.447,0,0
161591,0,-5.59,1.30,-4.180,-8.432,2.361,0,0
161642,0,-5.60,-0.48,-4.362,-8.279,2.365,0,0
161694,0,-5.60,0.00,-4.951,-7.800,3.021,0,0
161746,0,-5.64,-1.01,-4.616,-8.633,2.327,0,0
161797,0,-5.64,0.00,-4.243,-8.705,2.500,0,0
161849,0,-5.66,-0.52,-3.979,-8.748,2.490,0,0
161900,0,-5.62,1.34,-3.926,-8.576,2.394,0,0
161952,0,-5.62,0.00,-4.013,-8.389,2.318,0,0
162003,0,-5.65,-0.56,-4.219,-8.404,2.241,0,0
162055,0,-5.64,0.00,-4.367,-8.633,2.260,0,0
162107,0,-5.64,-0.52,-4.276,-8.820,2.318,0,0
162157,0,-5.67,-1.09,-4.041,-8.753,2.380,0,0
162208,0,-5.65,0.00,-3.903,-8.523,2.399,0,0
162258,0,-5.62,0.00,-3.979,-8.337,2.471,0,0
162310,0,-5.61,0.48,-4.152,-8.384,2.433,0,0
162360,0,-5.58,1.30,-4.305,-8.605,2.394,0,0
162413,0,-5.56,0.20,-4.262,-8.792,2.322,0,0
162465,0,-5.55,0.48,-4.175,-8.724,2.342,0,0
162515,0,-5.53,0.52,-4.319,-8.308,2.528,0,0
162567,0,-5.52,0.00,-4.444,-8.188,2.332,0,0
162618,0,-5.51,0.00,-4.353,-8.610,2.433,0,0
162670,0,-5.49,0.52,-4.075,-8.691,2.576,0,0
162721,0,-5.48,0.00,-3.979,-8.629,2.514,0,0
162773,0,-5.48,0.00,-4.065,-8.452,2.389,0,0
162825,0,-5.49,0.00,-4.209,-8.394,2.279,0,0
162876,0,-5.49,0.00,-4.266,-8.528,2.289,0,0
162928,0,-5.53,-1.45,-4.238,-8.710,2.356,0,0
162979,0,-5.53,0.00,-4.123,-8.758,2.480,0,0
163031,0,-5.52,0.48,-4.027,-8.586,2.547,0,0
163082,0,-5.50,0.00,-4.017,-8.351,2.514,0,0
163133,0,-5.50,0.00,-4.113,-8.351,2.456,0,0
163183,0,-5.50,0.00,-4.228,-8.509,2.409,0,0
163233,0,-5.52,0.00,-4.286,-8.715,2.370,0,0
163283,0,-5.54,-0.56,-4.195,-8.744,2.409,0,0
163335,0,-5.52,0.52,-4.118,-8.562,2.437,0,0
163386,0,-5.55,0.48,-4.094,-8.413,2.485,0,0
163437,0,-5.55,0.00,-4.104,-8.370,2.514,0,0
163488,0,-5.58,-1.34,-4.128,-8.495,2.547,0,0
163540,0,-5.57,0.52,-4.142,-8.653,2.461,0,0
163592,0,-5.58,-0.52,-4.190,-8.691,2.375,0,0
163643,0,-5.57,0.52,-4.195,-8.557,2.318,0,0
163695,0,-5.57,0.00,-4.180,-8.452,2.332,0,0
163746,0,-5.57,0.00,-4.113,-8.456,2.370,0,0
163798,0,-5.57,0.00,-4.142,-8.495,2.528,0,0
163849,0,-5.60,-1.34,-4.219,-8.610,2.514,0,0
163901,0,-5.60,0.00,-4.243,-8.619,2.437,0,0
163953,0,-5.64,0.00,-4.204,-8.485,2.365,0,0
164004,0,-5.63,0.00,-4.233,-8.475,2.351,0,0
164056,0,-5.61,0.00,-4.209,-8.514,2.423,0,0
164108,0,-5.62,-0.88,-4.214,-8.562,2.485,0,0
164158,0,-5.59,1.09,-4.132,-8.600,2.490,0,0
164212,0,-5.62,-0.37,-4.108,-8.543,2.461,0,0
164262,0,-5.65,-1.43,-4.132,-8.504,2.423,0,0
164313,0,-5.65,0.00,-4.209,-8.504,2.385,0,0
164364,0,-5.67,-0.78,-4.247,-8.538,2.394,0,0
164416,0,-5.66,0.00,-4.233,-8.590,2.389,0,0
164467,0,-5.65,0.00,-4.147,-8.576,2.389,0,0
164519,0,-5.67,-0.78,-4.075,-8.552,2.404,0,0
164571,0,-5.69,-1.34,-4.070,-8.547,2.404,0,0
164622,0,-5.68,0.52,-4.080,-8.543,2.389,0,0
164674,0,-5.70,0.00,-4.190,-8.595,2.409,0,0
164725,0,-5.67,0.52,-4.185,-8.600,2.337,0,0
164777,0,-5.66,0.00,-4.171,-8.600,2.327,0,0
164828,0,-5.68,-0.82,-4.132,-8.552,2.370,0,0
164880,0,-5.68,0.00,-4.420,-8.504,2.926,0,0
164932,0,-5.68,0.00,-4.247,-8.308,2.772,0,0
164982,0,-5.67,0.52,-4.085,-8.179,2.605,0,0
165033,0,-5.70,0.48,-4.070,-8.394,2.619,0,0
165085,0,-5.70,0.00,-4.147,-8.748,2.480,0,0
165135,0,-5.69,0.00,-4.233,-8.882,2.313,0,0
165201,0,-5.73,-0.60,-4.190,-8.605,2.207,0,0
165253,0,-5.74,-0.52,-4.113,-8.380,2.294,0,0
165302,0,-4.60,0.00,-4.051,-8.365,2.389,0,0
165353,0,-3.54,39.39,-4.022,-8.571,2.538,0,0
165404,0,-2.58,0.00,-4.017,-8.744,2.629,0,0
165456,0,-0.80,31.95,-4.051,-8.696,2.471,0,0
165507,0,-0.02,0.00,-4.142,-8.581,2.394,0,0
165559,0,1.52,27.51,-4.161,-8.471,2.294,0,0
165611,0,1.07,-16.84,-4.104,-8.514,2.270,0,0
165662,0,0.65,0.00,-3.998,-8.811,2.437,0,0
165714,0,-0.18,-14.66,-3.864,-8.835,2.586,0,0
165765,0,-0.52,0.00,-3.773,-8.590,2.629,0,0
165817,0,-1.18,-12.48,-3.797,-8.361,2.634,0,0
165869,0,-1.45,-9.91,-3.888,-8.466,2.638,0,0
165920,0,-1.99,-9.79,-4.022,-8.705,2.466,0,0
165972,0,-2.22,-8.45,-4.061,-8.897,2.303,0,0
166022,0,-2.46,-9.01,-4.070,-8.839,2.155,0,0
166074,0,-2.68,-8.04,-4.065,-8.566,2.217,0,0
166123,0,-2.86,0.00,-4.065,-8.423,2.327,0,0
166174,0,-3.23,-7.16,-4.041,-8.480,2.466,0,0
166224,0,-3.37,-5.79,-4.003,-8.662,2.519,0,0
166275,0,-3.71,-4.90,-3.931,-8.801,2.437,0,0
166327,0,-3.80,0.00,-3.946,-8.739,2.308,0,0
166377,0,-3.94,-4.88,-4.065,-8.600,2.207,0,0
166429,0,-4.15,-4.02,-4.228,-8.514,2.342,0,0
166480,0,-4.26,-4.02,-4.295,-8.600,2.892,0,0
166532,0,-4.33,0.00,-4.013,-8.452,2.500,0,0
166583,0,-4.51,-3.20,-3.826,-8.485,2.476,0,0
166635,0,-4.57,-2.33,-3.874,-8.610,2.447,0,0
166686,0,-4.70,-2.68,-4.089,-8.710,2.370,0,0
166738,0,-4.76,-2.16,-4.271,-8.710,2.236,0,0
166790,0,-4.83,0.00,-4.271,-8.614,2.140,0,0
166841,0,-4.93,-2.21,-4.099,-8.552,2.140,0,0
166893,0,-4.97,-1.38,-3.965,-8.547,2.298,0,0
166944,0,-5.03,-0.86,-3.931,-8.595,2.466,0,0
166996,0,-5.07,-1.38,-4.209,-8.638,2.705,0,0
167047,0,-5.13,0.00,-4.295,-8.408,2.686,0,0
167098,0,-5.13,0.00,-5.737,-7.422,3.457,0,0
167148,0,-5.18,-1.37,-4.535,-8.107,2.763,0,0
167199,0,-5.22,-1.35,-4.405,-8.504,2.409,0,0
167249,0,-5.28,0.00,-4.190,-8.744,2.327,0,0
167303,0,-5.30,0.00,-3.931,-8.744,2.337,0,0
167353,0,-5.34,-1.34,-3.907,-8.571,2.337,0,0
167405,0,-5.36,0.00,-4.065,-8.442,2.351,0,0
167456,0,-5.38,0.48,-4.257,-8.456,2.365,0,0
167508,0,-5.40,-0.82,-4.334,-8.633,2.308,0,0
167559,0,-5.47,-1.34,-4.171,-8.758,2.265,0,0
167611,0,-5.49,-0.84,-3.974,-8.715,2.279,0,0
167662,0,-5.49,0.00,-3.950,-8.519,2.318,0,0
167714,0,-5.55,-1.34,-4.123,-8.399,2.413,0,0
167766,0,-5.56,0.00,-4.290,-8.466,2.428,0,0
167817,0,-5.57,-0.88,-4.290,-8.643,2.370,0,0
167869,0,-5.59,-0.82,-4.204,-8.681,2.303,0,0
167920,0,-5.62,0.00,-4.329,-8.456,2.385,0,0
167972,0,-5.64,-0.71,-4.381,-8.399,2.207,0,0
168023,0,-5.66,0.00,-4.286,-8.552,2.251,0,0
168074,0,-5.63,1.01,-4.185,-8.547,2.523,0,0
168124,0,-5.64,0.00,-4.137,-8.547,2.605,0,0
168174,0,-5.65,0.56,-4.094,-8.523,2.500,0,0
168224,0,-5.69,-1.45,-4.027,-8.528,2.327,0,0
168275,0,-5.71,0.00,-4.051,-8.600,2.217,0,0
168348,0,-5.70,0.04,-4.238,-8.643,2.255,0,0
168400,0,-5.69,0.00,-4.271,-8.619,2.385,0,0
168451,0,-5.70,0.00,-4.190,-8.581,2.523,0,0
168502,0,-5.70,0.00,-4.003,-8.485,2.514,0,0
168553,0,-5.73,0.45,-3.917,-8.480,2.452,0,0
168605,0,-5.75,-0.78,-4.065,-8.576,2.351,0,0
168656,0,-5.76,0.52,-4.319,-8.624,2.332,0,0
168708,0,-5.80,-1.34,-4.372,-8.523,2.385,0,0
168760,0,-5.78,0.00,-4.219,-8.562,2.327,0,0
168811,0,-5.77,0.00,-4.108,-8.571,2.370,0,0
168863,0,-5.78,0.00,-4.108,-8.581,2.423,0,0
168914,0,-5.80,-1.30,-4.190,-8.538,2.433,0,0
168966,0,-5.79,0.52,-4.338,-8.413,2.433,0,0
169017,0,-5.76,1.01,-4.736,-8.236,2.552,0,0
169069,0,-5.80,-1.45,-4.472,-8.485,2.447,0,0
169119,0,-5.77,0.00,-4.147,-8.447,2.279,0,0
169169,0,-5.77,0.56,-4.085,-8.566,2.298,0,0
169220,0,-5.74,1.04,-4.085,-8.672,2.356,0,0
169270,0,-5.72,0.00,-4.113,-8.681,2.394,0,0
169321,0,-5.72,0.52,-4.161,-8.581,2.428,0,0
169372,0,-5.72,0.00,-4.123,-8.466,2.418,0,0
169423,0,-5.68,1.01,-4.094,-8.480,2.370,0,0
169475,0,-5.68,0.00,-4.099,-8.600,2.337,0,0
169526,0,-5.65,0.00,-4.108,-8.710,2.332,0,0
172146,0,-0.05,2.17,-4.195,-8.480,2.356,0,0
172197,0,-0.06,0.00,-4.180,-8.471,2.342,0,0
172247,0,-0.08,-0.60,-4.113,-8.538,2.404,0,0
172296,0,-0.06,0.00,-4.085,-8.633,2.380,0,0
172347,0,-0.08,-0.56,-4.118,-8.643,2.394,0,0
172398,0,-0.05,0.48,-4.190,-8.538,2.370,0,0
172450,0,-0.05,0.00,-4.190,-8.466,2.361,0,0
172501,0,-0.05,0.00,-4.128,-8.519,2.318,0,0
172553,0,-0.09,-1.34,-4.128,-8.633,2.370,0,0
172604,0,-0.07,0.48,-4.132,-8.648,2.380,0,0
172656,0,-0.07,0.00,-4.137,-8.624,2.361,0,0
172708,0,-0.07,0.00,-4.300,-8.461,2.423,0,0
172759,0,-0.07,0.00,-4.578,-8.236,2.380,0,0
172811,0,-0.11,-1.34,-4.511,-8.480,2.452,0,0
172862,0,-0.10,0.00,-4.185,-8.471,2.337,0,0
172914,0,-0.10,0.00,-4.099,-8.595,2.294,0,0
172966,0,-0.10,0.00,-4.094,-8.681,2.365,0,0
173018,0,-0.10,0.00,-4.108,-8.672,2.385,0,0
173068,0,-0.11,-0.52,-4.156,-8.566,2.375,0,0
173118,0,-0.06,0.00,-4.128,-8.480,2.394,0,0
173168,0,-0.06,0.00,-4.113,-8.514,2.332,0,0
173219,0,-0.06,0.00,-4.061,-8.629,2.327,0,0
173269,0,-0.06,0.00,-4.094,-8.729,2.322,0,0
173320,0,-0.07,-0.56,-4.118,-8.667,2.308,0,0
173372,0,-0.07,0.00,-4.099,-8.547,2.375,0,0
173423,0,-0.07,-1.45,-4.065,-8.504,2.375,0,0
173475,0,-0.07,0.00,-4.276,-8.437,2.682,0,0
173527,0,-0.05,0.45,-4.338,-8.490,2.581,0,0
173578,0,-0.05,0.00,-4.439,-8.341,2.859,0,0
173630,0,-0.03,0.00,-4.214,-8.255,2.576,0,0
173681,0,-0.01,0.48,-4.070,-8.370,2.514,0,0
173733,0,-0.01,0.00,-4.051,-8.590,2.500,0,0
173784,0,0.01,0.00,-4.132,-8.792,2.409,0,0
173836,0,0.01,0.00,-4.166,-8.724,2.313,0,0
173888,0,-0.01,0.00,-4.180,-8.528,2.246,0,0
173938,0,-0.01,0.00,-4.152,-8.413,2.308,0,0
173989,0,-0.01,0.00,-4.175,-8.528,2.629,0,0
174041,0,-0.01,0.00,-4.022,-8.576,2.437,0,0
174093,0,-0.01,0.00,-3.998,-8.605,2.433,0,0
174143,0,0.01,0.00,-4.070,-8.629,2.428,0,0
174208,0,0.01,0.00,-4.166,-8.557,2.452,0,0
174258,0,0.02,0.00,-4.180,-8.552,2.519,0,0
174310,0,0.02,0.00,-4.099,-8.533,2.490,0,0
174361,0,0.02,0.00,-4.046,-8.562,2.452,0,0
174412,0,0.02,0.00,-4.013,-8.576,2.471,0,0
174464,0,0.04,0.00,-4.070,-8.605,2.471,0,0
174515,0,0.00,0.00,-4.128,-8.571,2.490,0,0
174567,0,0.00,0.00,-4.147,-8.566,2.456,0,0
174618,0,0.00,0.00,-4.075,-8.566,2.528,0,0
174670,0,0.00,0.00,-4.037,-8.557,2.547,0,0
174721,0,0.00,0.00,-3.998,-8.571,2.485,0,0
174773,0,-0.05,-0.52,-4.041,-8.557,2.433,0,0
174825,0,-0.04,0.52,-4.147,-8.586,2.456,0,0
174876,0,-0.04,0.00,-4.185,-8.566,2.485,0,0
174928,0,-0.02,0.48,-4.123,-8.581,2.471,0,0
174979,0,-0.01,0.00,-4.051,-8.566,2.437,0,0
175030,0,0.01,0.52,-4.008,-8.562,2.495,0,0
175081,0,0.01,0.52,-4.061,-8.552,2.480,0,0
175131,0,-0.01,-0.56,-4.128,-8.566,2.485,0,0
175182,0,-0.01,0.00,-4.175,-8.552,2.466,0,0
175232,0,0.03,1.43,-4.137,-8.605,2.452,0,0
175282,0,0.04,0.58,-4.070,-8.595,2.452,0,0
175334,0,0.04,0.00,-4.022,-8.595,2.452,0,0
175386,0,0.03,-0.54,-4.051,-8.571,2.456,0,0
175437,0,0.03,0.00,-4.118,-8.543,2.504,0,0
175489,0,0.03,0.00,-4.171,-8.566,2.461,0,0
175540,0,0.05,1.11,-4.137,-8.605,2.442,0,0
175592,0,0.09,0.00,-4.085,-8.624,2.433,0,0
175643,0,0.09,1.83,-4.032,-8.595,2.389,0,0
175695,0,0.05,-1.34,-4.065,-8.581,2.423,0,0
175747,0,0.05,0.00,-4.132,-8.557,2.480,0,0
175798,0,0.07,0.52,-4.190,-8.547,2.476,0,0
175850,0,0.08,0.00,-4.156,-8.571,2.466,0,0
175900,0,0.06,-0.82,-4.142,-8.557,2.466,0,0
175952,0,0.09,0.52,-4.108,-8.562,2.500,0,0
176003,0,0.11,1.04,-4.104,-8.533,2.500,0,0
176055,0,0.13,0.00,-4.132,-8.504,2.471,0,0
176104,0,0.12,1.02,-4.175,-8.523,2.447,0,0
176155,0,0.12,0.00,-4.190,-8.562,2.428,0,0
176205,0,0.10,0.00,-4.195,-8.595,2.423,0,0
176257,0,0.11,0.21,-4.142,-8.571,2.409,0,0
176309,0,0.09,-0.84,-4.128,-8.533,2.404,0,0
176360,0,0.12,1.09,-4.152,-8.456,2.538,0,0
176411,0,0.12,0.00,-4.482,-8.399,2.547,0,0
176462,0,0.13,0.54,-4.487,-8.384,2.495,0,0
176514,0,0.12,0.52,-4.252,-8.456,2.433,0,0
176565,0,0.13,0.54,-4.142,-8.610,2.342,0,0
176617,0,0.15,0.00,-4.070,-8.662,2.327,0,0
176669,0,0.14,1.02,-4.051,-8.643,2.365,0,0
176720,0,0.15,0.00,-4.070,-8.576,2.394,0,0
176772,0,0.15,-0.80,-4.175,-8.519,2.409,0,0
176823,0,0.16,0.50,-4.156,-8.533,2.370,0,0
176875,0,0.14,0.00,-4.113,-8.610,2.337,0,0
176926,0,0.16,0.19,-4.046,-8.653,2.308,0,0
176978,0,0.17,0.00,-4.046,-8.619,2.308,0,0
177030,0,0.15,-0.84,-4.257,-8.519,2.523,0,0
177080,0,0.15,0.00,-4.372,-8.404,2.485,0,0
177130,0,0.17,0.50,-4.286,-8.346,2.452,0,0
177180,0,0.15,-0.86,-4.161,-8.495,2.418,0,0
177231,0,0.17,0.00,-4.152,-8.619,2.380,0,0
177281,0,0.17,1.11,-4.147,-8.705,2.385,0,0
177332,0,0.16,-0.34,-4.152,-8.600,2.365,0,0
177384,0,0.15,-0.88,-4.137,-8.504,2.327,0,0
177436,0,0.17,0.50,-4.156,-8.461,2.389,0,0
177487,0,0.18,0.00,-4.190,-8.485,2.476,0,0
177539,0,0.14,0.00,-4.247,-8.571,2.490,0,0
177590,0,0.13,-0.71,-4.243,-8.576,2.423,0,0
177642,0,0.15,0.00,-4.185,-8.523,2.356,0,0
177694,0,0.13,-0.84,-4.199,-8.514,2.356,0,0
177745,0,0.14,0.00,-4.190,-8.514,2.399,0,0
177797,0,0.09,-0.80,-4.219,-8.552,2.404,0,0
177848,0,0.11,0.00,-4.199,-8.581,2.418,0,0
177900,0,0.10,-0.84,-4.185,-8.547,2.447,0,0
177951,0,0.13,1.09,-4.219,-8.509,2.433,0,0
178002,0,0.11,-0.95,-4.204,-8.490,2.399,0,0
178053,0,0.12,0.00,-4.199,-8.523,2.380,0,0
178105,0,0.11,0.54,-4.195,-8.581,2.399,0,0
178156,0,0.10,-0.38,-4.180,-8.595,2.418,0,0
178206,0,0.13,0.00,-4.175,-8.552,2.413,0,0
178256,0,0.16,1.65,-4.190,-8.509,2.413,0,0
178308,0,0.16,-0.08,-4.219,-8.475,2.404,0,0
178360,0,0.20,1.11,-4.238,-8.514,2.385,0,0
178412,0,0.19,0.00,-4.257,-8.552,2.361,0,0
178462,0,0.19,0.00,-4.209,-8.557,2.394,0,0
178513,0,0.14,0.00,-4.180,-8.566,2.409,0,0
178565,0,0.13,-0.82,-4.166,-8.528,2.423,0,0
178617,0,0.14,0.52,-4.185,-8.509,2.428,0,0
178668,0,0.13,0.00,-4.214,-8.519,2.413,0,0
178720,0,0.11,-0.84,-4.209,-8.543,2.385,0,0
178771,0,0.12,0.50,-4.223,-8.571,2.385,0,0
178823,0,0.10,0.50,-4.195,-8.547,2.413,0,0
178874,0,0.06,0.00,-4.180,-8.538,2.399,0,0
178926,0,0.05,-0.86,-4.175,-8.514,2.437,0,0
178977,0,0.08,0.99,-4.190,-8.504,2.437,0,0
179029,0,0.11,0.50,-4.195,-8.543,2.437,0,0
179081,0,0.12,0.52,-4.185,-8.557,2.413,0,0
179131,0,0.09,0.00,-4.185,-8.557,2.394,0,0
179181,0,0.10,0.56,-4.185,-8.528,2.413,0,0
179231,0,0.09,-0.35,-4.190,-8.538,2.394,0,0
179284,0,0.12,0.00,-4.195,-8.519,2.404,0,0
179334,0,0.11,-0.32,-4.185,-8.562,2.471,0,0
179386,0,0.13,0.00,-4.166,-8.543,2.423,0,0
179437,0,0.17,0.52,-4.180,-8.538,2.418,0,0
179489,0,0.13,0.00,-4.180,-8.519,2.399,0,0
179540,0,0.13,0.00,-4.166,-8.557,2.389,0,0
179592,0,0.11,-0.86,-4.171,-8.566,2.380,0,0
179644,0,0.14,0.00,-4.166,-8.590,2.413,0,0
179695,0,0.11,-0.86,-4.171,-8.566,2.423,0,0
179747,0,0.14,0.00,-4.137,-8.543,2.423,0,0
179798,0,0.15,-0.82,-4.171,-8.538,2.423,0,0
179850,0,0.16,0.48,-4.185,-8.552,2.394,0,0
179901,0,0.11,-0.84,-4.180,-8.576,2.370,0,0
179953,0,0.13,0.54,-4.190,-8.571,2.375,0,0
180005,0,0.14,0.00,-4.175,-8.571,2.389,0,0
180055,0,0.14,-0.22,-4.276,-8.543,2.662,0,0
180104,0,0.18,0.52,-4.243,-8.442,2.629,0,0
180155,0,0.15,-0.93,-4.108,-8.332,2.567,0,0
180205,0,0.17,0.00,-4.070,-8.437,2.533,0,0
180255,0,0.16,0.52,-4.094,-8.648,2.466,0,0
180307,0,0.17,0.54,-4.118,-8.748,2.413,0,0
180358,0,0.18,0.08,-4.118,-8.705,2.370,0,0
180409,0,0.18,0.00,-4.070,-8.562,2.303,0,0
180460,0,0.19,0.50,-4.065,-8.475,2.318,0,0
180511,0,0.16,0.00,-4.123,-8.523,2.456,0,0
180563,0,0.16,0.00,-4.118,-8.610,2.610,0,0
180614,0,0.17,0.56,-4.075,-8.595,2.523,0,0
180666,0,0.18,0.50,-4.056,-8.538,2.442,0,0
180718,0,0.17,1.01,-4.094,-8.581,2.452,0,0
180769,0,0.19,0.00,-4.142,-8.590,2.394,0,0
180821,0,0.22,0.48,-4.137,-8.633,2.389,0,0
180872,0,0.20,-0.48,-4.123,-8.552,2.447,0,0
180924,0,0.16,-1.38,-4.094,-8.528,2.437,0,0
180976,0,0.16,0.00,-4.118,-8.519,2.509,0,0
181027,0,0.18,0.00,-4.353,-8.384,2.691,0,0
181079,0,0.18,0.00,-4.353,-8.485,2.471,0,0
181129,0,0.19,0.58,-4.266,-8.432,2.471,0,0
181179,0,0.21,0.00,-4.166,-8.581,2.375,0,0
181229,0,0.20,-1.39,-4.056,-8.681,2.346,0,0
181279,0,0.21,0.52,-3.998,-8.643,2.351,0,0
181330,0,0.23,0.52,-4.022,-8.595,2.389,0,0
181381,0,0.23,0.00,-4.128,-8.562,2.433,0,0
181433,0,0.24,0.00,-4.214,-8.437,2.480,0,0
181484,0,0.20,-1.43,-4.238,-8.490,2.423,0,0
181536,0,0.22,0.50,-4.238,-8.557,2.418,0,0
181588,0,0.23,0.52,-4.190,-8.619,2.385,0,0
181639,0,0.23,0.00,-4.132,-8.619,2.380,0,0
181691,0,0.24,0.48,-4.061,-8.552,2.385,0,0
181742,0,0.21,-1.21,-3.984,-8.365,2.389,0,0
181794,0,0.21,0.00,-2.830,-5.995,1.781,0,0
181845,0,0.22,0.48,-2.840,-5.684,1.662,0,0
181897,0,0.19,0.00,-5.104,-10.764,2.873,0,0
181949,0,0.19,0.00,-9.400,-19.302,5.114,0,0
181999,0,0.15,-1.36,-9.639,-18.900,5.167,0,0
182050,0,0.14,-0.50,-6.522,-12.732,3.754,0,0
182102,0,0.14,0.00,-4.008,-8.001,2.437,0,0
182153,0,0.16,0.54,-1.561,-3.103,0.986,0,0
182203,0,0.14,-0.87,-2.600,-5.435,1.432,0,0
182253,0,0.14,0.00,-5.880,-11.794,2.787,0,0
182305,0,0.18,1.47,-7.566,-15.227,3.850,0,0
182357,0,0.18,0.00,-6.416,-13.312,3.936,0,0
182409,0,0.18,0.00,-4.946,-10.755,3.357,0,0
182459,0,0.18,0.00,-5.181,-11.722,3.390,0,0
182511,0,0.18,0.00,-4.290,-8.988,2.361,0,0
182562,0,0.19,0.52,-3.309,-6.440,1.571,0,0
182614,0,0.21,0.50,-0.977,-2.318,0.622,0,0
182665,0,0.27,0.00,0.239,-0.124,0.182,0,0
182717,0,0.31,0.52,-1.111,-2.591,0.599,0,0
182768,0,0.34,1.04,-6.565,-12.771,2.538,0,0
182820,0,0.39,0.50,-8.835,-18.086,4.846,0,0
182872,0,0.42,1.02,-4.420,-9.931,3.452,0,0
182923,0,0.45,0.00,-0.723,-2.260,0.934,0,0
182975,0,0.53,0.48,-0.733,-2.107,0.929,0,0
183026,0,0.55,0.00,-4.214,-9.194,3.223,0,0
183078,0,0.63,1.75,-7.163,-14.892,4.032,0,0
183128,0,0.66,1.09,-6.608,-12.981,2.729,0,0
183178,0,0.68,0.00,-6.460,-12.790,2.528,0,0
183228,0,0.72,0.52,-5.875,-11.832,2.950,0,0
183278,0,0.77,2.01,-4.190,-8.839,2.873,0,0
183329,0,0.77,0.00,-2.327,-5.272,1.963,0,0
183380,0,0.82,1.83,-1.508,-3.792,1.470,0,0
183432,0,0.86,1.34,-2.811,-6.555,2.231,0,0
183483,0,0.91,2.03,-4.741,-10.305,2.840,0,0
183535,0,0.92,0.00,-4.621,-8.973,1.939,0,0
183587,0,0.97,0.50,-1.446,-2.940,0.589,0,0
183638,0,1.02,0.00,-3.251,-5.895,0.986,0,0
183690,0,1.12,3.12,-8.308,-15.208,3.036,0,0
183741,0,1.13,0.52,-6.886,-15.074,4.525,0,0
183793,0,1.25,2.89,-2.265,-5.851,2.365,0,0
183844,0,1.29,1.55,-0.594,-1.973,0.977,0,0
183896,0,1.36,0.00,-1.973,-4.760,2.121,0,0
183948,0,1.43,1.01,-5.315,-11.363,4.209,0,0
183998,0,1.43,0.00,-4.128,-8.045,2.040,0,0
184049,0,1.52,1.55,-3.036,-5.698,0.747,0,0
184101,0,1.56,0.00,-10.530,-18.426,1.681,0,0
184152,0,1.67,1.67,-9.610,-18.857,4.453,0,0
184214,0,1.76,1.48,-1.504,-4.195,2.112,0,0
184265,0,1.83,3.06,-0.158,-0.991,0.752,0,0
184316,0,1.94,2.19,-0.929,-3.438,2.796,0,0
184367,0,1.94,0.00,-3.194,-9.199,6.163,0,0
184418,0,2.04,1.51,-5.334,-11.847,3.405,0,0
184470,0,2.08,1.55,-2.184,-3.759,-0.306,0,0
184521,0,2.19,2.05,0.407,-0.340,-0.278,0,0
184573,0,2.23,1.51,-7.317,-9.452,-4.271,0,0
184625,0,2.26,0.00,-15.807,-19.762,-5.737,0,0
184676,0,2.34,1.53,-5.387,-9.586,3.419,0,0
184728,0,2.37,1.11,0.000,-1.944,4.420,0,0
184779,0,2.47,2.07,0.862,-0.306,3.242,0,0
184831,0,2.52,2.03,1.369,-0.144,4.266,0,0
184882,0,2.60,0.00,2.207,-1.815,7.829,0,0
184934,0,2.69,1.65,-2.729,-7.245,2.591,0,0
184986,0,2.74,0.00,-13.613,-11.803,-5.502,0,0
185036,0,2.78,1.49,-21.347,-15.232,-9.567,0,0
185087,0,2.79,0.00,-6.258,-6.349,-3.582,0,0
185138,0,2.87,1.67,-2.270,-6.469,1.389,0,0
185188,0,2.90,1.04,-0.402,-6.287,8.906,0,0
185238,0,2.94,0.00,-0.096,-1.528,3.572,0,0
185288,0,3.06,1.63,-0.733,-1.504,3.108,0,0
185340,0,3.09,0.99,-3.792,-5.406,5.986,0,0
185391,0,3.13,1.01,-4.602,-9.084,1.197,0,0
185443,0,3.16,1.01,-1.465,-3.677,-1.274,0,0
185494,0,3.20,0.00,-3.184,-9.002,-5.741,0,0
185546,0,3.27,1.55,-12.617,-16.032,-7.321,0,0
185598,0,3.31,1.55,-13.106,-8.744,4.228,0,0
185649,0,3.44,0.72,-2.772,-3.831,6.579,0,0
185701,0,3.51,2.89,1.662,-1.130,3.361,0,0
185752,0,3.56,0.00,3.189,-1.413,2.653,0,0
185804,0,3.67,2.91,2.155,-2.227,0.757,0,0
185855,0,3.70,0.00,-0.728,-5.708,0.019,0,0
185906,0,3.74,1.53,-11.248,-9.534,1.130,0,0
185957,0,3.77,0.00,-15.821,-5.995,5.540,0,0
186009,0,3.84,1.53,-12.953,-9.448,6.153,0,0
186060,0,3.93,0.00,0.273,-16.022,8.447,0,0
186113,0,4.01,1.51,1.422,-3.213,2.136,0,0
186163,0,4.08,2.74,0.565,-3.864,2.648,0,0
186213,0,4.14,0.00,-3.606,-8.231,5.191,0,0
186265,0,4.30,2.40,-6.043,-4.951,2.868,0,0
186317,0,4.35,0.00,-7.269,-4.559,1.729,0,0
186367,0,4.41,2.05,-3.213,-2.567,0.306,0,0
186418,0,4.52,1.51,-2.705,-3.428,-0.306,0,0
186470,0,4.57,2.05,-1.523,-4.108,-0.967,0,0
186522,0,4.61,0.00,-3.898,-15.380,-0.852,0,0
186573,0,4.68,1.01,-9.807,-13.604,8.054,0,0
186625,0,4.72,0.00,-5.727,-4.994,7.920,0,0
186676,0,4.80,2.05,-3.165,-3.792,5.535,0,0
186728,0,4.86,2.03,-2.485,-6.086,4.635,0,0
186780,0,4.91,0.00,-0.761,-5.555,1.542,0,0
186831,0,5.01,1.65,-1.140,-7.072,0.048,0,0
186883,0,5.03,0.00,-3.936,-7.714,-0.273,0,0
186934,0,5.10,0.99,-7.843,-8.231,1.705,0,0
186986,0,5.15,2.05,-7.456,-6.517,4.559,0,0
187037,0,5.24,1.67,-3.117,-3.730,3.591,0,0
187088,0,5.24,0.00,-6.120,-13.594,9.658,0,0
187138,0,5.28,1.65,-4.037,-13.738,5.057,0,0
187188,0,5.34,2.19,-3.290,-6.364,0.603,0,0
187239,0,5.38,0.00,-5.899,-6.938,0.685,0,0
187288,0,5.45,0.72,-4.798,-4.539,0.939,0,0
187340,0,5.51,2.07,-5.325,-5.306,1.867,0,0
187392,0,5.56,0.00,-4.271,-6.603,3.021,0,0
187443,0,5.62,1.99,-1.504,-5.296,2.816,0,0
187495,0,5.66,0.00,-0.268,-3.539,2.093,0,0
187546,0,5.77,2.19,-0.503,-4.286,2.361,0,0
187598,0,5.83,2.01,-2.523,-6.728,2.940,0,0
187649,0,5.89,1.51,-5.320,-7.001,2.471,0,0
187701,0,5.94,2.05,-7.130,-6.828,1.930,0,0
187753,0,5.95,0.00,-6.551,-6.895,1.302,0,0
187804,0,5.99,-0.35,-6.421,-10.396,1.896,0,0
187856,0,6.03,1.55,-2.222,-6.929,2.452,0,0
187906,0,6.04,0.28,-1.810,-7.211,4.630,0,0
187958,0,6.05,0.00,-2.998,-6.536,5.224,0,0
188009,0,6.08,-0.32,-4.530,-5.990,4.132,0,0
188061,0,6.11,1.01,-5.382,-6.436,2.428,0,0
188110,0,6.14,0.19,-5.497,-7.695,0.857,0,0
188161,0,6.12,-0.87,-3.836,-7.125,0.120,0,0
188211,0,6.13,0.00,-3.994,-8.825,0.929,0,0
188261,0,6.11,0.54,-4.717,-8.906,3.644,0,0
188313,0,6.11,0.00,-3.879,-5.756,4.812,0,0
188365,0,6.14,1.34,-3.989,-5.631,5.531,0,0
188415,0,6.14,0.00,-4.228,-7.398,4.702,0,0
188467,0,6.18,1.34,-3.994,-9.342,2.112,0,0
188518,0,6.17,-0.52,-3.534,-7.767,0.235,0,0
188570,0,6.13,-0.50,-5.397,-8.279,0.503,0,0
188621,0,6.11,-0.50,-7.575,-8.863,2.365,0,0
188673,0,6.12,0.00,-5.282,-6.412,3.654,0,0
188724,0,6.13,-0.58,-3.965,-7.341,5.243,0,0
188776,0,6.14,0.00,-2.179,-7.537,4.592,0,0
188827,0,6.13,-0.71,-2.859,-9.045,3.582,0,0
188879,0,6.10,-1.02,-4.899,-8.135,2.107,0,0
188931,0,6.08,0.00,-6.996,-7.518,1.853,0,0
188982,0,6.07,-0.19,-6.163,-6.086,1.690,0,0
189034,0,6.06,0.00,-7.159,-9.290,2.887,0,0
189084,0,6.06,-0.20,-4.113,-9.783,3.845,0,0
189134,0,6.04,0.00,-2.059,-8.389,4.568,0,0
189184,0,5.99,-1.17,-3.179,-8.294,5.095,0,0
189235,0,5.99,-0.30,-5.866,-8.499,4.645,0,0
189285,0,5.98,0.00,-6.622,-7.719,2.715,0,0
189336,0,5.94,-0.19,-6.627,-8.557,1.317,0,0
189388,0,5.94,1.36,-4.803,-8.317,0.824,0,0
189439,0,5.90,0.34,-4.099,-9.041,1.920,0,0
189491,0,5.89,-0.19,-4.022,-8.313,4.123,0,0
189542,0,5.84,0.00,-4.271,-7.053,5.425,0,0
189594,0,5.86,0.34,-4.429,-6.790,4.975,0,0
189646,0,5.81,0.00,-4.994,-8.480,3.601,0,0
189697,0,5.84,0.32,-4.755,-9.060,1.561,0,0
189749,0,5.83,-0.52,-4.568,-8.188,0.699,0,0
189800,0,5.82,0.80,-5.847,-8.624,1.523,0,0
189852,0,5.82,0.00,-6.258,-8.116,3.371,0,0
189903,0,5.85,0.00,-5.076,-7.441,4.812,0,0
189954,0,5.86,0.45,-3.563,-7.518,5.018,0,0
190005,0,5.83,-0.52,-2.658,-7.614,3.764,0,0
190057,0,5.88,0.32,-3.304,-7.719,2.370,0,0
190106,0,5.86,0.00,-5.215,-8.035,1.719,0,0
190157,0,5.87,-0.56,-6.790,-7.968,1.891,0,0
190207,0,5.87,-0.18,-6.895,-8.054,2.643,0,0
190257,0,5.84,0.00,-5.349,-8.557,3.625,0,0
190309,0,5.83,0.78,-2.854,-8.068,4.128,0,0
190366,0,5.80,-0.38,-2.174,-7.336,3.979,0,0
190418,0,5.83,0.84,-4.017,-7.949,3.812,0,0
190468,0,5.81,-0.50,-6.000,-7.867,3.021,0,0
190520,0,5.83,0.89,-6.555,-7.638,2.054,0,0
190571,0,5.82,0.00,-6.239,-8.490,1.614,0,0
190623,0,5.84,1.32,-4.583,-8.705,1.968,0,0
190674,0,5.83,0.00,-3.424,-8.394,3.261,0,0
190726,0,5.84,0.00,-3.472,-7.633,4.539,0,0
190777,0,5.81,-1.01,-4.180,-6.886,4.664,0,0
190829,0,5.78,-1.01,-5.042,-7.250,3.845,0,0
190881,0,5.77,-0.20,-5.483,-8.298,2.375,0,0
190932,0,5.75,0.00,-5.186,-8.892,1.202,0,0
190984,0,5.76,0.32,-4.712,-8.452,1.240,0,0
191035,0,5.77,0.00,-5.195,-8.519,2.667,0,0
191087,0,5.75,0.91,-4.932,-7.494,4.195,0,0
191137,0,5.77,0.87,-4.128,-6.732,4.640,0,0
191188,0,5.75,0.00,-3.836,-7.441,4.429,0,0
191238,0,5.73,0.32,-3.874,-8.413,3.227,0,0
191288,0,5.71,-0.50,-4.377,-8.490,1.954,0,0
191338,0,5.72,0.34,-5.492,-8.384,1.657,0,0
191389,0,5.71,-0.52,-6.254,-8.088,2.274,0,0
191441,0,5.71,0.00,-5.464,-7.422,3.122,0,0
191493,0,5.74,1.34,-4.243,-7.709,4.085,0,0
191544,0,5.72,0.00,-2.868,-7.542,4.094,0,0
191596,0,5.74,0.00,-3.002,-7.910,3.735,0,0
191647,0,5.74,0.00,-4.611,-8.389,3.165,0,0
191699,0,5.79,1.02,-6.091,-8.107,2.490,0,0
191750,0,5.82,1.34,-6.182,-7.661,2.102,0,0
191802,0,5.82,0.00,-5.540,-8.126,2.193,0,0
191854,0,5.77,-1.04,-4.166,-8.298,2.792,0,0
191905,0,5.78,0.00,-3.218,-8.021,3.634,0,0
191957,0,5.80,1.36,-3.558,-7.652,4.223,0,0
192007,0,5.80,0.00,-4.645,-7.518,4.085,0,0
192059,0,5.79,0.00,-5.511,-7.657,3.208,0,0
192111,0,5.78,-0.56,-5.698,-8.274,2.203,0,0
192161,0,5.73,-1.11,-5.057,-8.504,1.599,0,0
192211,0,5.72,-0.50,-4.539,-8.490,1.963,0,0
192262,0,5.74,0.00,-4.583,-8.303,3.242,0,0
192313,0,5.70,-1.04,-4.477,-7.432,4.252,0,0
192365,0,5.71,0.26,-4.424,-7.159,4.420,0,0
192417,0,5.68,-0.40,-4.496,-7.824,3.802,0,0
192467,0,5.69,0.32,-4.429,-8.303,2.591,0,0
192518,0,5.68,-0.50,-4.755,-8.504,1.820,0,0
192570,0,5.68,0.00,-5.430,-8.437,2.030,0,0
192622,0,5.65,-0.48,-5.722,-8.092,2.959,0,0
192673,0,5.63,0.00,-5.171,-7.839,3.970,0,0
192725,0,5.66,1.36,-3.883,-7.427,4.075,0,0
192776,0,5.66,0.00,-3.160,-7.432,3.606,0,0
192828,0,5.66,0.00,-3.529,-7.719,2.940,0,0
192879,0,5.69,0.00,-5.052,-8.322,2.581,0,0
192931,0,5.69,0.00,-6.096,-8.169,2.466,0,0
192983,0,5.70,-0.56,-6.014,-8.054,2.648,0,0
193034,0,5.71,0.35,-4.922,-8.159,2.959,0,0
193086,0,5.67,-1.02,-3.663,-8.102,3.390,0,0
193136,0,5.69,0.91,-3.247,-7.786,3.615,0,0
193215,0,5.67,0.16,-4.760,-7.767,3.548,0,0
193267,0,5.65,0.00,-5.650,-7.748,3.041,0,0
193318,0,8.04,42.47,-5.693,-7.968,2.433,0,0
193369,0,8.04,0.00,-5.138,-8.509,2.188,0,0
193420,0,10.11,37.63,-4.252,-8.394,2.409,0,0
193472,0,11.04,0.00,-4.137,-8.217,3.294,0,0
193524,0,12.72,29.65,-4.381,-7.594,3.989,0,0
193575,0,13.52,29.37,-4.650,-7.269,4.022,0,0
193627,0,14.08,0.00,-4.879,-7.685,3.428,0,0
193678,0,13.08,-19.07,-4.822,-8.370,2.581,0,0
193730,0,12.60,0.00,-4.621,-8.466,1.987,0,0
193781,0,11.78,-15.40,-4.951,-8.485,2.303,0,0
193833,0,11.40,-14.15,-5.133,-7.982,3.146,0,0
193885,0,11.07,0.52,-4.817,-7.456,3.855,0,0
193936,0,10.40,-11.48,-4.357,-7.614,4.085,0,0
193988,0,10.09,0.00,-3.912,-8.006,3.572,0,0
194038,0,9.81,-10.12,-4.046,-8.265,2.768,0,0
194090,0,9.53,0.00,-4.903,-8.423,2.356,0,0
194140,0,9.08,-8.96,-5.665,-8.188,2.428,0,0
194217,0,8.65,-4.94,-5.602,-8.159,3.194,0,0
194267,0,8.33,-6.45,-4.755,-8.657,3.807,0,0
194318,0,8.33,0.00,-3.807,-8.552,3.850,0,0
194369,0,8.00,-6.63,-4.185,-8.868,3.826,0,0
194421,0,7.86,0.00,-5.497,-9.012,3.543,0,0
194473,0,7.58,-5.27,-6.838,-9.428,3.328,0,0
194524,0,7.49,-3.52,-6.570,-9.376,2.926,0,0
194576,0,7.28,-3.00,-5.176,-9.041,2.734,0,0
194627,0,7.18,-3.75,-4.061,-8.495,3.031,0,0
194679,0,7.08,0.00,-3.802,-7.752,3.476,0,0
194730,0,6.97,-1.66,-4.515,-7.709,3.974,0,0
194782,0,6.87,0.00,-4.855,-7.389,3.668,0,0
194834,0,6.77,-1.81,-5.334,-8.183,3.141,0,0
194885,0,6.73,-1.66,-4.779,-8.298,2.342,0,0
194937,0,6.72,0.00,-4.855,-9.179,2.370,0,0
194987,0,6.67,-1.64,-4.424,-8.054,2.619,0,0
195039,0,6.61,-2.20,-4.808,-7.786,3.400,0,0
195090,0,6.61,0.17,-4.128,-6.402,3.189,0,0
195140,0,6.59,0.00,-4.334,-7.077,3.385,0,0
195191,0,6.50,-2.78,-4.137,-7.652,3.108,0,0
195241,0,6.47,-0.91,-3.936,-7.920,2.634,0,0
195294,0,6.45,0.00,-4.118,-7.853,2.509,0,0
195345,0,6.47,1.02,-4.429,-7.360,2.725,0,0
195397,0,6.45,-0.84,-5.018,-7.527,3.227,0,0
195448,0,6.47,1.01,-4.496,-7.029,3.141,0,0
195500,0,6.46,-0.34,-4.396,-7.944,3.342,0,0
195551,0,6.44,0.00,-3.912,-7.944,3.065,0,0
195603,0,6.42,0.00,-4.233,-8.073,2.998,0,0
195655,0,6.39,0.00,-4.717,-8.782,4.319,0,0
195706,0,6.37,0.52,-3.903,-7.829,5.464,0,0
195758,0,6.36,-0.34,-5.392,-7.939,3.089,0,0
195809,0,6.39,0.00,-7.135,-5.827,2.394,0,0
195861,0,6.37,0.50,-5.349,-7.604,4.171,0,0
195912,0,6.34,0.00,-5.109,-6.416,4.630,0,0
195963,0,6.36,0.52,-6.273,-5.703,4.635,0,0
196014,0,6.34,0.00,-7.781,-4.472,5.052,0,0
196066,0,6.35,-0.34,-7.532,-3.974,5.564,0,0
196116,0,6.35,0.00,-6.962,-3.764,5.794,0,0
196166,0,6.38,0.54,-6.546,-2.777,7.034,0,0
196216,0,6.39,0.52,-4.645,-2.873,7.551,0,0
196268,0,6.40,0.20,-4.429,-2.682,7.843,0,0
196320,0,6.40,0.00,-3.165,-2.418,8.681,0,0
196370,0,6.37,-1.30,-2.327,-2.030,9.194,0,0
196422,0,6.37,0.00,-1.863,-1.642,9.251,0,0
196473,0,6.38,0.00,-1.125,-1.652,9.486,0,0
196525,0,6.39,0.52,-1.317,-0.469,9.610,0,0
196576,0,6.39,0.00,-1.523,0.546,10.448,0,0
196628,0,6.44,1.11,0.680,-2.667,8.959,0,0
196679,0,6.41,0.00,0.943,-1.523,9.155,0,0
196731,0,6.44,1.04,1.614,0.704,10.209,0,0
196783,0,6.47,1.01,1.269,0.072,9.538,0,0
196834,0,6.46,0.52,0.929,1.786,9.768,0,0
196886,0,6.49,1.01,1.700,2.500,9.380,0,0
196937,0,6.46,0.00,2.509,1.580,9.400,0,0
196989,0,6.52,1.02,2.169,2.121,9.974,0,0
197040,0,6.50,-0.86,1.413,1.058,9.515,0,0
197091,0,6.50,0.00,2.504,2.265,9.285,0,0
197141,0,6.51,0.00,1.432,1.489,9.926,0,0
197191,0,6.55,1.09,2.284,1.537,9.620,0,0
197242,0,6.57,0.56,2.509,1.604,9.462,0,0
197291,0,6.57,0.00,1.997,2.294,9.203,0,0
197343,0,6.57,0.00,1.192,2.327,9.098,0,0
197395,0,6.58,0.50,0.656,2.270,9.419,0,0
197446,0,6.58,0.00,0.273,2.279,9.079,0,0
197498,0,6.57,0.00,-1.216,3.400,8.418,0,0
197549,0,6.57,0.00,-3.419,4.405,7.973,0,0
197601,0,6.54,0.50,-2.911,3.773,7.063,0,0
197652,0,6.59,1.88,-1.949,2.605,7.647,0,0
197704,0,6.62,0.50,-2.916,2.327,7.939,0,0
197756,0,6.60,-0.82,-3.836,-0.153,8.605,0,0
197807,0,6.58,0.00,-4.511,-2.533,9.744,0,0
197859,0,6.60,0.00,-5.124,-2.217,10.563,0,0
197909,0,6.61,0.48,-4.329,-1.700,8.820,0,0
197961,0,6.61,0.00,-4.851,-0.029,8.030,0,0
198012,0,6.57,0.00,-5.037,-0.426,7.288,0,0
198064,0,6.54,0.00,-5.794,-0.728,6.900,0,0
198113,0,6.54,0.00,-5.732,-1.154,6.302,0,0
198164,0,6.52,0.00,-6.924,-1.073,6.129,0,0
198214,0,6.52,0.00,-7.796,-1.331,6.167,0,0
198264,0,6.52,0.00,-9.131,-1.915,5.914,0,0
198316,0,6.52,0.00,-9.146,-1.757,5.440,0,0
198367,0,6.49,-1.02,-8.844,-1.561,5.578,0,0
198419,0,6.48,-0.52,-9.807,-0.685,4.942,0,0
198470,0,6.46,-0.47,-10.204,-0.235,3.749,0,0
198521,0,6.45,-0.52,-8.677,-1.178,3.285,0,0
198572,0,6.44,-0.50,-8.619,-2.184,3.194,0,0
198624,0,6.40,-1.02,-8.724,-2.998,2.859,0,0
198676,0,6.38,-0.50,-8.763,-2.849,2.552,0,0
198727,0,6.37,0.00,-8.064,-2.485,2.337,0,0
198779,0,6.34,-0.52,-9.357,-1.781,2.466,0,0
198830,0,6.33,0.00,-9.414,-1.800,2.562,0,0
198882,0,6.29,-1.02,-8.997,-2.485,2.705,0,0
198933,0,6.27,-0.48,-9.668,-2.298,2.236,0,0
198985,0,6.24,0.00,-9.189,-2.624,1.700,0,0
199037,0,6.17,-2.03,-9.237,-4.027,1.729,0,0
199088,0,6.19,0.00,-10.736,-5.061,2.691,0,0
199138,0,6.19,0.00,-22.448,-9.591,12.009,0,0
199547,1,6.33,0.37,-51.973,-16.410,16.142,0,0
199599,1,6.27,-0.71,-22.855,-7.240,12.340,0,0
199649,1,6.74,17.42,-7.432,-6.991,5.942,0,0
199701,1,7.26,19.23,-6.431,-4.573,2.255,0,0
199752,1,7.73,0.00,-8.049,-4.199,1.063,0,0
199804,1,8.62,16.57,-8.768,-3.223,1.101,0,0
199855,1,8.99,16.03,-8.490,-3.625,1.298,0,0
199907,1,9.69,12.32,-8.116,-4.046,1.580,0,0
199959,1,9.45,-5.51,-8.212,-4.424,1.781,0,0
200010,1,9.21,-8.97,-8.552,-4.793,2.002,0,0
200062,1,9.80,10.94,-8.969,-5.013,2.145,0,0
200111,1,10.01,8.40,-8.792,-4.697,2.116,0,0
200162,1,10.22,0.00,-8.533,-4.621,2.121,0,0
200212,1,10.65,9.60,-8.236,-4.592,2.045,0,0
200262,1,10.83,7.15,-8.193,-4.721,1.997,0,0
200314,1,11.01,0.00,-8.375,-4.741,1.997,0,0
200366,1,10.40,-11.48,-8.428,-4.760,2.006,0,0
200417,1,10.13,-10.91,-8.543,-4.750,2.073,0,0
200469,1,9.58,-10.14,-8.600,-4.822,2.174,0,0
201296,2,6.73,-3.40,-4.496,-8.021,0.536,0,0
203552,3,6.73,0.00,-3.122,-8.499,-2.964,0,0
203561,3,9.41,3.58,-2.164,-7.781,5.071,0,0
203611,3,9.41,0.00,-2.878,-7.930,5.128,0,0
203662,3,8.96,-7.96,-3.208,-8.222,5.205,0,0
203714,3,8.76,-7.42,-2.892,-8.375,5.258,0,0
203766,3,8.60,0.50,-1.968,-8.384,5.531,0,0
203817,3,8.26,-4.72,-2.274,-8.413,5.191,0,0
203869,3,8.08,0.00,-2.629,-8.370,4.697,0,0
203920,3,7.83,-5.25,-2.409,-8.284,4.956,0,0
203972,3,7.70,-4.85,-2.624,-8.384,4.956,0,0
204023,3,7.46,-5.39,-2.543,-8.250,4.793,0,0
204075,3,7.37,-3.41,-2.136,-8.212,5.095,0,0
204125,3,7.24,0.00,-2.389,-8.179,4.846,0,0
204175,3,7.09,-2.21,-2.586,-8.135,4.439,0,0
204226,3,6.98,-4.39,-2.490,-8.222,4.530,0,0
204276,3,6.88,0.00,-2.322,-8.126,5.037,0,0
204327,3,6.76,-2.20,-3.203,-8.509,4.568,0,0
204379,3,6.70,-2.66,-3.055,-8.389,4.061,0,0
204430,3,6.58,-2.80,-2.653,-8.452,4.673,0,0
204481,3,6.58,0.00,-2.859,-8.576,4.774,0,0
204532,3,6.50,-2.18,-3.007,-8.571,4.697,0,0
204584,3,6.43,-2.68,-2.993,-8.619,4.410,0,0
204635,3,6.35,-1.45,-2.954,-8.552,3.984,0,0
204687,3,6.34,-0.24,-2.662,-8.571,3.821,0,0
204739,3,6.32,0.00,-2.643,-8.854,3.965,0,0
204790,3,6.27,-1.68,-2.739,-8.758,3.773,0,0
204842,3,6.26,-0.32,-2.466,-8.748,3.797,0,0
204893,3,6.27,-0.34,-2.643,-8.801,3.639,0,0
204945,3,6.26,-0.28,-2.543,-8.878,3.610,0,0
204997,3,6.25,0.00,-2.844,-8.835,3.333,0,0
205048,3,6.22,-0.71,-2.480,-8.538,2.734,0,0
205100,3,6.24,0.00,-2.935,-8.657,2.523,0,0
205150,3,6.19,-0.91,-2.873,-8.734,2.298,0,0
205201,3,6.21,0.52,-3.476,-9.012,1.690,0,0
205251,3,6.18,0.00,-3.534,-9.031,1.269,0,0
205303,3,6.15,-1.83,-3.663,-9.103,0.723,0,0
205354,3,6.15,0.00,-3.668,-9.227,0.330,0,0
205405,3,6.16,0.48,-3.491,-9.007,0.105,0,0
205456,3,6.13,-0.95,-3.543,-8.825,-0.321,0,0
205508,3,6.12,0.00,-3.347,-8.806,-0.570,0,0
205561,3,6.09,-0.51,-3.548,-8.911,-1.077,0,0
205613,3,6.09,0.00,-4.022,-9.270,-1.346,0,0
205663,3,6.05,-1.36,-4.204,-8.930,-1.748,0,0
205715,3,6.02,-1.09,-4.085,-8.696,-1.772,0,0
205766,3,6.01,0.00,-3.424,-8.260,-1.867,0,0
205818,3,6.01,0.00,-3.802,-8.212,-2.634,0,0
205869,3,6.02,0.00,-3.864,-8.921,-2.389,0,0
205921,3,5.99,-0.60,-3.831,-9.385,-1.676,0,0
205972,3,5.98,-0.47,-4.693,-9.208,-2.308,0,0
206024,3,5.97,0.00,-5.646,-8.547,-3.697,0,0
206076,3,5.92,-0.52,-4.453,-8.097,-3.256,0,0
206126,3,5.92,0.00,-3.836,-8.035,-2.404,0,0
206176,3,5.92,0.54,-3.745,-8.073,-2.121,0,0
206226,3,5.92,0.00,-3.812,-8.073,-1.949,0,0
206276,3,5.92,0.00,-4.530,-8.150,-2.428,0,0
206328,3,5.90,0.48,-4.563,-8.284,-2.945,0,0
206379,3,5.90,0.00,-4.348,-8.437,-2.954,0,0
206431,3,5.87,0.00,-4.262,-8.442,-2.935,0,0
206483,3,5.90,0.50,-4.118,-7.958,-3.342,0,0
206533,3,5.88,-0.82,-3.658,-7.264,-4.247,0,0
206584,3,5.87,-0.34,-3.563,-6.732,-5.521,0,0
206636,3,5.90,0.00,-4.142,-6.546,-6.603,0,0
206688,3,5.89,0.48,-4.899,-6.383,-7.254,0,0
206739,3,5.90,0.00,-4.875,-6.483,-6.393,0,0
206791,3,5.91,1.02,-4.664,-6.651,-5.191,0,0
206842,3,5.92,0.52,-4.468,-6.871,-4.396,0,0
206894,3,5.91,0.48,-5.009,-7.130,-4.161,0,0
206945,3,5.88,-1.30,-5.310,-7.465,-3.740,0,0
206997,3,5.88,0.00,-5.363,-7.250,-3.907,0,0
207049,3,5.88,0.56,-5.109,-6.962,-4.166,0,0
207100,3,5.88,0.00,-5.152,-7.077,-4.046,0,0
207151,3,5.90,-0.54,-5.248,-7.331,-3.821,0,0
207201,3,5.87,-1.35,-5.239,-7.614,-3.491,0,0
207251,3,5.86,0.00,-5.262,-7.479,-3.912,0,0
207301,3,5.87,0.00,-5.373,-7.432,-4.214,0,0
207353,3,5.86,0.00,-4.932,-7.149,-4.630,0,0
207403,3,5.86,0.00,-4.975,-6.977,-4.985,0,0
207454,3,5.86,0.00,-4.865,-7.111,-4.908,0,0
207506,3,5.86,0.00,-5.258,-6.914,-5.124,0,0
207558,3,5.86,0.00,-4.721,-6.622,-4.736,0,0
207607,3,5.86,0.00,-4.506,-6.206,-4.841,0,0
207659,3,5.86,0.00,-4.075,-5.588,-5.387,0,0
207709,3,5.86,0.00,-3.548,-5.406,-6.163,0,0
207760,3,5.86,0.00,-3.768,-5.291,-7.211,0,0
207812,3,5.86,0.00,-3.735,-5.286,-7.728,0,0
207864,3,5.86,0.00,-3.859,-5.109,-7.977,0,0
207915,3,5.82,0.00,-3.543,-5.052,-7.781,0,0
207967,3,5.82,0.00,-3.251,-5.100,-7.470,0,0
208018,3,5.82,0.00,-3.218,-5.052,-7.503,0,0
208070,3,5.79,-0.52,-3.304,-4.937,-7.432,0,0
208120,3,5.78,-0.52,-3.261,-4.956,-7.379,0,0
208170,3,5.78,0.00,-3.687,-5.009,-7.604,0,0
208220,3,5.78,0.00,-3.879,-4.999,-7.877,0,0
208271,3,5.77,-0.58,-4.032,-4.855,-8.155,0,0
208322,3,5.73,0.00,-3.893,-4.683,-7.973,0,0
208374,3,5.74,0.52,-3.764,-4.683,-7.556,0,0
208425,3,5.74,0.00,-4.128,-5.104,-6.967,0,0
208477,3,5.74,0.00,-4.779,-5.598,-6.345,0,0
208528,3,5.74,0.00,-5.698,-6.335,-5.104,0,0
208579,3,5.74,0.00,-5.847,-6.536,-4.118,0,0
208630,3,5.76,0.48,-6.522,-7.130,-2.543,0,0
208682,3,5.77,0.00,-6.297,-7.384,-0.972,0,0
208733,3,5.78,0.56,-6.292,-6.416,-1.911,0,0
208785,3,5.80,0.00,-6.833,-6.507,-2.318,0,0
208837,3,5.80,0.50,-6.627,-6.570,-2.418,0,0
208888,3,5.82,0.00,-6.416,-6.689,-2.270,0,0
208940,3,5.87,1.11,-6.421,-6.656,-2.595,0,0
208991,3,5.88,0.19,-7.020,-6.943,-2.849,0,0
209043,3,5.92,1.02,-6.943,-7.005,-3.179,0,0
209095,3,5.90,-0.84,-6.488,-7.005,-2.638,0,0
209145,3,5.91,0.00,-6.431,-7.312,-2.571,0,0
209195,3,5.88,-0.87,-6.340,-7.537,-2.160,0,0
209246,3,5.89,0.50,-6.689,-7.863,-1.532,0,0
209295,3,5.92,0.00,-7.307,-7.853,-2.102,0,0
209347,3,5.89,-0.20,-5.353,-9.634,-0.239,0,0
209398,3,5.92,1.11,-4.640,-8.475,0.761,0,0
209449,3,5.90,-0.84,-5.617,-8.686,0.919,0,0
209500,3,5.92,1.01,-4.616,-7.824,1.259,0,0
209552,3,5.91,-0.32,-3.778,-7.752,2.389,0,0
209603,3,5.93,1.11,-3.874,-7.910,2.682,0,0
209654,3,5.94,0.07,-3.529,-8.131,3.323,0,0
209706,3,5.92,-0.82,-3.112,-7.968,4.065,0,0
209756,3,5.93,0.48,-2.907,-8.169,4.760,0,0
209807,3,5.91,0.00,-2.806,-7.752,5.301,0,0
209859,3,5.94,-0.36,-1.135,-7.039,5.885,0,0
209911,3,5.94,0.17,-1.729,-7.116,6.393,0,0
209962,3,5.98,-0.22,-1.791,-6.273,5.296,0,0
210014,3,5.97,-0.34,-4.061,-6.675,3.021,0,0
210065,3,6.00,0.00,-6.546,-6.330,0.962,0,0
210118,3,5.97,-0.82,-8.543,-5.253,-2.116,0,0
210168,3,5.99,1.07,-8.533,-3.606,-3.869,0,0
210218,3,5.97,0.00,-8.126,-1.911,-5.468,0,0
210269,3,5.98,-0.91,-8.116,-1.518,-5.895,0,0
210320,3,5.99,0.54,-7.839,-1.322,-5.866,0,0
210372,3,5.98,-0.84,-7.341,-1.274,-5.871,0,0
210423,3,5.99,0.48,-7.159,-0.694,-6.613,0,0
210475,3,5.99,0.00,-7.154,-0.450,-6.416,0,0
210527,3,5.98,-0.73,-7.135,-0.096,-7.082,0,0
210578,3,6.01,1.02,-7.197,0.000,-6.847,0,0
210630,3,6.04,0.47,-7.130,0.124,-7.259,0,0
210681,3,6.05,0.58,-6.742,-0.148,-7.417,0,0
210732,3,6.08,1.01,-6.474,-0.010,-7.503,0,0
210783,3,6.08,0.00,-6.531,0.350,-6.967,0,0
210835,3,6.08,1.02,-6.670,1.365,-7.168,0,0
210886,3,6.10,0.48,-7.087,2.562,-6.737,0,0
210938,3,6.12,0.00,-6.924,3.639,-5.861,0,0
210990,3,6.15,0.54,-6.828,3.644,-5.253,0,0
211041,3,6.13,0.00,-6.953,3.342,-4.966,0,0
211093,3,6.13,-0.34,-7.154,3.409,-5.013,0,0
211143,3,6.16,1.13,-7.269,3.869,-4.851,0,0
211193,3,6.19,0.00,-7.312,3.606,-4.774,0,0
211244,3,6.18,0.58,-7.470,3.840,-4.879,0,0
211293,3,6.21,1.07,-7.503,4.132,-4.463,0,0
211345,3,6.22,0.00,-7.570,3.859,-4.238,0,0
211396,3,6.24,1.01,-7.532,4.281,-3.515,0,0
211448,3,6.23,0.00,-7.690,4.573,-2.734,0,0
211500,3,6.22,0.54,-7.633,4.913,-2.107,0,0
211550,3,6.22,0.00,-7.666,4.942,-1.882,0,0
211601,3,6.20,0.00,-7.700,5.368,-1.484,0,0
211653,3,6.21,0.00,-7.700,5.420,-1.484,0,0
211708,3,6.22,0.11,-7.604,5.306,-1.403,0,0
211760,3,6.25,1.01,-7.791,4.980,-1.762,0,0
211810,3,6.25,0.00,-8.174,4.664,-2.198,0,0
211862,3,6.28,0.00,-7.906,4.942,-2.356,0,0
211913,3,6.28,0.00,-8.102,5.358,-2.203,0,0
211965,3,6.32,1.01,-8.365,4.894,-2.725,0,0
212016,3,6.33,0.50,-8.466,3.179,-2.605,0,0
212068,3,6.34,0.00,-8.432,2.868,-2.777,0,0
212118,3,6.37,0.48,-8.289,3.457,-2.514,0,0
212168,3,6.37,0.00,-8.772,4.118,-2.207,0,0
212218,3,6.39,0.00,-8.566,4.688,-1.743,0,0
212268,3,6.39,0.00,-7.867,4.712,-1.499,0,0
212320,3,6.42,1.23,-8.035,4.468,-1.671,0,0
212372,3,6.39,-0.50,-7.867,5.004,-1.437,0,0
212423,3,6.38,-0.50,-7.977,5.085,-1.623,0,0
212475,3,6.35,0.00,-7.997,5.382,-1.743,0,0
212526,3,6.32,-0.47,-7.628,5.425,-1.456,0,0
212578,3,6.31,-0.52,-7.283,4.922,-2.040,0,0
212629,3,6.30,0.00,-9.376,2.859,-4.741,0,0
212680,3,6.30,0.00,-7.317,2.217,-4.927,0,0
212731,3,6.30,0.82,-7.125,2.246,-6.316,0,0
212783,3,6.25,-1.83,-6.737,1.216,-7.029,0,0
212834,3,6.21,-0.54,-6.359,0.608,-8.356,0,0
212886,3,6.20,-0.52,-4.875,0.158,-8.389,0,0
212938,3,6.20,0.00,-3.692,0.038,-8.533,0,0
212989,3,6.19,0.00,-1.015,-1.168,-9.371,0,0
213041,3,6.19,0.00,-0.934,-0.105,-9.668,0,0
213092,3,6.14,-0.54,-0.579,0.378,-10.199,0,0
213143,3,6.16,0.80,1.053,0.776,-9.246,0,0
213193,3,6.16,0.00,0.991,0.335,-9.596,0,0
213244,3,6.14,0.00,2.131,1.106,-9.366,0,0
213296,3,6.17,0.82,3.874,1.192,-9.256,0,0
213347,3,6.12,0.00,3.922,2.624,-7.671,0,0
213399,3,6.15,1.32,4.793,1.575,-8.341,0,0
213450,3,6.17,0.00,6.397,2.543,-7.020,0,0
213502,3,6.14,0.00,7.623,2.337,-6.565,0,0
213553,3,6.14,0.00,8.576,2.083,-5.181,0,0
213604,3,6.14,-0.24,7.628,3.644,-5.210,0,0
213655,3,6.19,1.75,8.748,2.691,-6.096,0,0
213707,3,6.18,0.50,8.662,3.706,-5.507,0,0
