Tempo,Estado,Alt,Vel,AccX,AccY,AccZ,Lat,Lon
14119,0,-0.05,0.00,9.917,0.158,-1.618,0,0
14168,0,-0.01,0.91,9.888,0.182,-1.618,0,0
14220,0,-0.05,-1.34,9.907,0.144,-1.623,0,0
14272,0,-0.04,0.00,9.907,0.153,-1.609,0,0
14323,0,-0.02,0.48,9.912,0.158,-1.604,0,0
14375,0,0.00,0.88,9.917,0.163,-1.633,0,0
14426,0,-0.04,0.00,9.907,0.153,-1.628,0,0
14478,0,-0.04,0.00,9.912,0.172,-1.595,0,0
14530,0,-0.04,0.00,9.917,0.168,-1.623,0,0
14580,0,0.01,1.84,9.902,0.144,-1.623,0,0
14630,0,-0.02,0.00,9.902,0.177,-1.638,0,0
14680,0,-0.01,-1.47,9.907,0.148,-1.585,0,0
14731,0,0.01,0.52,9.907,0.158,-1.614,0,0
14781,0,0.01,0.00,9.902,0.172,-1.633,0,0
14832,0,0.02,0.52,9.902,0.134,-1.599,0,0
14884,0,0.02,0.00,9.922,0.163,-1.623,0,0
14935,0,0.02,0.00,9.893,0.153,-1.609,0,0
14987,0,0.01,-0.52,9.912,0.168,-1.633,0,0
15039,0,0.01,0.50,9.888,0.148,-1.614,0,0
15090,0,0.01,0.00,9.907,0.163,-1.599,0,0
15142,0,0.01,0.00,9.907,0.148,-1.609,0,0
15193,0,0.02,0.52,9.912,0.168,-1.628,0,0
15245,0,0.01,-0.52,9.917,0.172,-1.614,0,0
15297,0,0.01,0.00,9.907,0.139,-1.618,0,0
15348,0,0.02,0.52,9.917,0.163,-1.609,0,0
15400,0,0.03,0.00,9.907,0.158,-1.618,0,0
15451,0,0.03,0.54,9.902,0.148,-1.638,0,0
15502,0,0.02,-0.50,9.902,0.163,-1.609,0,0
15553,0,-0.02,-1.36,9.893,0.172,-1.618,0,0
15605,0,0.02,0.00,9.902,0.158,-1.628,0,0
15655,0,0.03,0.54,9.893,0.168,-1.609,0,0
15706,0,0.06,1.13,9.922,0.148,-1.609,0,0
15756,0,0.07,0.00,9.917,0.168,-1.628,0,0
15808,0,0.04,0.00,9.902,0.144,-1.580,0,0
15860,0,0.02,-0.50,9.907,0.153,-1.618,0,0
15911,0,0.02,0.00,9.907,0.153,-1.662,0,0
15963,0,0.02,0.00,9.898,0.177,-1.618,0,0
16015,0,0.01,0.00,9.912,0.163,-1.642,0,0
16066,0,0.02,0.00,9.931,0.163,-1.614,0,0
16118,0,0.02,0.00,9.917,0.148,-1.638,0,0
16169,0,0.02,0.00,9.922,0.144,-1.609,0,0
16226,0,0.02,0.00,9.898,0.158,-1.638,0,0
16278,0,-0.01,0.00,9.907,0.148,-1.614,0,0
16328,0,-0.01,0.00,9.902,0.153,-1.604,0,0
16379,0,0.00,0.50,9.902,0.163,-1.609,0,0
16431,0,-0.01,0.00,9.907,0.153,-1.618,0,0
16483,0,-0.01,0.00,9.902,0.158,-1.647,0,0
16534,0,-0.03,-0.52,9.902,0.163,-1.618,0,0
16586,0,-0.03,0.00,9.907,0.168,-1.633,0,0
16636,0,-0.03,0.00,9.907,0.168,-1.595,0,0
16686,0,-0.03,0.00,9.902,0.168,-1.642,0,0
16737,0,-0.04,-0.54,9.902,0.158,-1.628,0,0
16787,0,-0.03,0.56,9.898,0.144,-1.618,0,0
16838,0,-0.03,0.00,9.917,0.153,-1.599,0,0
16890,0,-0.03,0.00,9.907,0.153,-1.561,0,0
16941,0,-0.03,0.00,9.917,0.187,-1.590,0,0
16993,0,-0.01,0.52,9.902,0.168,-1.647,0,0
17045,0,0.00,0.54,9.917,0.148,-1.614,0,0
17096,0,-0.01,0.00,9.888,0.153,-1.614,0,0
17148,0,0.00,0.00,9.912,0.172,-1.614,0,0
17198,0,-0.01,-0.50,9.912,0.158,-1.618,0,0
17250,0,-0.01,0.00,9.893,0.153,-1.647,0,0
17301,0,-0.03,0.00,9.912,0.148,-1.604,0,0
17353,0,-0.03,0.52,9.893,0.153,-1.638,0,0
17404,0,-0.03,0.00,9.917,0.144,-1.604,0,0
17456,0,-0.04,0.00,9.898,0.168,-1.599,0,0
17508,0,-0.05,-0.45,9.936,0.172,-1.609,0,0
17559,0,-0.05,0.00,9.907,0.148,-1.604,0,0
17611,0,-0.05,0.00,9.898,0.158,-1.614,0,0
17662,0,-0.05,0.00,9.922,0.172,-1.609,0,0
17712,0,-0.04,0.00,9.893,0.153,-1.633,0,0
17762,0,-0.05,-0.48,9.926,0.168,-1.604,0,0
17814,0,-0.04,0.45,9.917,0.148,-1.604,0,0
17866,0,-0.03,0.52,9.907,0.144,-1.618,0,0
17917,0,-0.01,0.52,9.917,0.153,-1.599,0,0
17969,0,-0.01,0.00,9.893,0.153,-1.618,0,0
18020,0,-0.05,-1.38,9.883,0.148,-1.623,0,0
18072,0,-0.05,0.00,9.907,0.148,-1.604,0,0
18124,0,-0.04,0.52,9.922,0.172,-1.585,0,0
18174,0,-0.04,0.00,9.917,0.158,-1.647,0,0
18226,0,-0.04,0.00,9.936,0.163,-1.618,0,0
18277,0,-0.02,0.20,9.912,0.148,-1.604,0,0
18329,0,-0.02,0.00,9.907,0.172,-1.609,0,0
18380,0,-0.02,0.00,9.912,0.172,-1.614,0,0
18431,0,-0.02,0.00,9.907,0.168,-1.623,0,0
18482,0,-0.04,-0.52,9.902,0.153,-1.638,0,0
18534,0,-0.04,0.00,9.907,0.134,-1.618,0,0
18586,0,-0.02,0.00,9.912,0.144,-1.604,0,0
18636,0,-0.02,-0.52,9.917,0.172,-1.623,0,0
18686,0,-0.02,0.00,9.926,0.158,-1.633,0,0
18736,0,-0.04,-0.56,9.907,0.153,-1.642,0,0
18786,0,-0.05,-0.56,9.912,0.163,-1.614,0,0
18838,0,-0.05,0.00,9.907,0.158,-1.618,0,0
18889,0,-0.06,0.00,9.922,0.168,-1.623,0,0
18941,0,-0.06,0.00,9.898,0.153,-1.609,0,0
18993,0,-0.10,0.00,9.912,0.153,-1.609,0,0
19044,0,-0.11,0.00,9.912,0.158,-1.638,0,0
19096,0,-0.11,0.00,9.912,0.148,-1.623,0,0
19147,0,-0.14,-0.52,9.922,0.163,-1.618,0,0
19199,0,-0.13,0.52,9.888,0.153,-1.614,0,0
19251,0,-0.13,0.00,9.912,0.163,-1.614,0,0
19301,0,-0.13,0.00,9.917,0.153,-1.585,0,0
19353,0,-0.14,0.00,9.936,0.158,-1.614,0,0
19404,0,-0.15,-0.48,9.893,0.158,-1.623,0,0
19456,0,-0.15,0.00,9.912,0.148,-1.623,0,0
19507,0,-0.15,0.00,9.912,0.158,-1.623,0,0
19559,0,-0.14,0.00,9.912,0.163,-1.633,0,0
19608,0,-0.10,1.34,9.893,0.139,-1.633,0,0
19659,0,-0.10,0.00,9.922,0.168,-1.638,0,0
19709,0,-0.13,0.00,9.907,0.153,-1.604,0,0
19760,0,-0.10,1.45,9.907,0.168,-1.599,0,0
19811,0,-0.12,-0.52,9.898,0.148,-1.618,0,0
19863,0,-0.12,0.00,9.912,0.168,-1.618,0,0
19914,0,-0.13,-0.52,9.912,0.153,-1.604,0,0
19966,0,-0.12,0.00,9.922,0.163,-1.609,0,0
20018,0,-0.10,0.00,9.902,0.168,-1.642,0,0
20069,0,-0.10,0.00,9.902,0.153,-1.633,0,0
20121,0,-0.10,0.00,9.917,0.158,-1.609,0,0
20172,0,-0.10,0.00,9.912,0.144,-1.599,0,0
20223,0,-0.09,0.52,9.907,0.148,-1.614,0,0
20274,0,-0.09,0.00,9.912,0.168,-1.628,0,0
20325,0,-0.08,0.20,9.902,0.134,-1.599,0,0
20375,0,-0.06,0.52,9.926,0.182,-1.633,0,0
20426,0,-0.08,0.00,9.902,0.144,-1.595,0,0
20478,0,-0.06,0.56,9.912,0.182,-1.609,0,0
20527,0,-0.06,0.00,9.917,0.139,-1.633,0,0
20579,0,-0.08,0.00,9.912,0.153,-1.642,0,0
20629,0,-0.06,0.56,9.926,0.168,-1.614,0,0
20679,0,-0.06,0.00,9.893,0.177,-1.614,0,0
20729,0,-0.06,0.00,9.893,0.177,-1.585,0,0
20779,0,-0.09,-1.13,9.888,0.148,-1.595,0,0
20831,0,-0.09,0.00,9.907,0.144,-1.618,0,0
20883,0,-0.10,0.00,9.902,0.168,-1.614,0,0
20934,0,-0.07,1.34,9.922,0.158,-1.604,0,0
20986,0,-0.07,0.00,9.912,0.163,-1.609,0,0
21037,0,-0.10,0.00,9.912,0.158,-1.638,0,0
21089,0,-0.10,0.00,9.917,0.148,-1.614,0,0
21141,0,-0.08,-0.45,9.907,0.163,-1.599,0,0
21191,0,-0.08,0.00,9.902,0.139,-1.623,0,0
21243,0,-0.09,-0.82,9.907,0.144,-1.614,0,0
21294,0,-0.10,0.00,9.912,0.172,-1.595,0,0
21346,0,-0.10,0.00,9.898,0.163,-1.618,0,0
21397,0,-0.10,0.00,9.912,0.153,-1.623,0,0
21449,0,-0.10,0.00,9.907,0.172,-1.638,0,0
21500,0,-0.10,0.00,9.907,0.129,-1.580,0,0
21552,0,-0.12,0.00,9.917,0.158,-1.614,0,0
21604,0,-0.09,0.56,9.902,0.182,-1.638,0,0
21654,0,-0.09,0.00,9.907,0.148,-1.590,0,0
21705,0,-0.09,0.00,9.898,0.153,-1.618,0,0
21755,0,-0.08,0.00,9.893,0.139,-1.595,0,0
21804,0,-0.08,0.00,9.917,0.148,-1.599,0,0
21856,0,-0.10,0.52,9.907,0.187,-1.628,0,0
21908,0,-0.10,0.00,9.907,0.163,-1.618,0,0
21959,0,-0.10,0.00,9.902,0.144,-1.599,0,0
22011,0,-0.08,0.00,9.907,0.177,-1.595,0,0
22062,0,-0.08,0.00,9.917,0.158,-1.604,0,0
22113,0,-0.08,0.00,9.907,0.148,-1.638,0,0
22164,0,-0.08,0.00,9.912,0.144,-1.590,0,0
22216,0,-0.08,-0.52,9.917,0.144,-1.614,0,0
22267,0,-0.07,0.56,9.912,0.148,-1.618,0,0
22319,0,-0.07,0.00,9.912,0.172,-1.609,0,0
22390,0,-0.08,-0.16,9.922,0.163,-1.642,0,0
22441,0,-0.08,0.00,9.907,0.153,-1.623,0,0
22492,0,-0.08,0.00,9.912,0.163,-1.614,0,0
22543,0,-0.10,0.00,9.917,0.148,-1.590,0,0
22595,0,-0.08,0.00,9.888,0.158,-1.604,0,0
22645,0,-0.08,0.00,9.917,0.144,-1.599,0,0
22696,0,-0.08,0.00,9.907,0.163,-1.623,0,0
22746,0,-0.10,0.00,9.907,0.163,-1.623,0,0
22796,0,-0.10,0.00,9.912,0.158,-1.638,0,0
22847,0,-0.11,0.00,9.898,0.177,-1.633,0,0
22899,0,-0.11,0.00,9.902,0.153,-1.604,0,0
22950,0,-0.11,0.00,9.912,0.158,-1.580,0,0
23002,0,-0.11,0.48,9.917,0.148,-1.614,0,0
23054,0,-0.11,0.00,9.917,0.148,-1.642,0,0
23105,0,-0.09,-0.56,9.902,0.177,-1.604,0,0
23157,0,-0.09,0.00,9.902,0.148,-1.609,0,0
23208,0,-0.10,0.00,9.912,0.168,-1.638,0,0
23260,0,-0.10,0.00,9.902,0.144,-1.599,0,0
23312,0,-0.12,0.00,9.922,0.148,-1.633,0,0
23362,0,-0.10,0.48,9.902,0.158,-1.633,0,0
23413,0,-0.09,0.00,9.931,0.139,-1.623,0,0
23465,0,-0.14,-0.56,9.888,0.206,-1.618,0,0
23517,0,-0.14,0.00,9.902,0.158,-1.590,0,0
23568,0,-0.14,0.00,9.898,0.144,-1.599,0,0
23620,0,-0.13,0.56,9.922,0.163,-1.618,0,0
23671,0,-0.13,0.00,9.912,0.148,-1.623,0,0
23721,0,-0.13,0.56,9.907,0.163,-1.599,0,0
23771,0,-0.11,0.52,9.917,0.158,-1.609,0,0
23823,0,-0.10,0.00,9.902,0.153,-1.614,0,0
23872,0,-0.08,0.00,9.917,0.168,-1.638,0,0
23924,0,-0.08,0.00,9.922,0.139,-1.599,0,0
23975,0,-0.08,0.00,9.926,0.163,-1.623,0,0
24027,0,-0.12,-1.27,9.917,0.158,-1.618,0,0
24078,0,-0.13,-1.75,9.907,0.158,-1.623,0,0
24165,0,-0.12,0.20,9.912,0.163,-1.585,0,0
24217,0,-0.10,0.00,9.912,0.163,-1.604,0,0
24267,0,-0.10,0.00,9.907,0.168,-1.623,0,0
24319,0,-0.09,0.00,9.917,0.153,-1.590,0,0
24370,0,-0.10,0.00,9.902,0.153,-1.628,0,0
24422,0,-0.12,0.00,9.917,0.163,-1.623,0,0
24473,0,-0.12,0.00,9.912,0.163,-1.638,0,0
24525,0,-0.10,0.74,9.907,0.163,-1.628,0,0
24577,0,-0.10,0.00,9.922,0.158,-1.623,0,0
24626,0,-0.11,-0.56,9.912,0.158,-1.628,0,0
24677,0,-0.11,0.00,9.907,0.172,-1.604,0,0
24727,0,-0.11,0.00,9.912,0.158,-1.609,0,0
24777,0,-0.10,0.56,9.926,0.158,-1.623,0,0
24829,0,-0.11,0.00,9.898,0.148,-1.604,0,0
24880,0,-0.10,0.00,9.922,0.129,-1.609,0,0
24932,0,-0.10,0.00,9.907,0.177,-1.604,0,0
24984,0,-0.12,-0.74,9.907,0.153,-1.595,0,0
25035,0,-0.10,0.52,9.936,0.153,-1.623,0,0
25087,0,-0.10,0.00,9.907,0.172,-1.628,0,0
25138,0,-0.08,0.56,9.893,0.139,-1.585,0,0
25189,0,-0.08,0.00,9.917,0.163,-1.623,0,0
25240,0,-0.05,0.48,9.912,0.158,-1.614,0,0
25292,0,-0.04,0.00,9.912,0.168,-1.628,0,0
25344,0,-0.04,0.00,9.912,0.172,-1.623,0,0
25395,0,-0.02,0.52,9.912,0.134,-1.595,0,0
25447,0,-0.01,0.00,9.926,0.158,-1.614,0,0
25498,0,-0.01,0.00,9.898,0.168,-1.599,0,0
25550,0,0.00,0.00,9.912,0.134,-1.642,0,0
25602,0,0.00,0.48,9.907,0.172,-1.647,0,0
25652,0,-0.02,-1.45,9.922,0.153,-1.623,0,0
25702,0,-0.02,0.00,9.917,0.168,-1.604,0,0
25753,0,-0.03,-0.52,9.926,0.148,-1.647,0,0
25802,0,-0.05,0.00,9.917,0.153,-1.633,0,0
25854,0,-0.06,0.00,9.922,0.144,-1.638,0,0
25906,0,-0.07,-0.48,9.898,0.177,-1.595,0,0
25957,0,-0.07,0.00,9.912,0.153,-1.623,0,0
26009,0,-0.06,0.00,9.926,0.163,-1.595,0,0
26060,0,-0.06,0.00,9.917,0.153,-1.614,0,0
26111,0,-0.05,0.52,9.926,0.168,-1.633,0,0
26162,0,-0.05,0.00,9.912,0.172,-1.599,0,0
26214,0,-0.05,0.00,9.912,0.139,-1.628,0,0
26266,0,-0.05,0.00,9.922,0.168,-1.614,0,0
26317,0,-0.05,0.00,9.931,0.158,-1.623,0,0
26369,0,-0.05,0.00,9.912,0.172,-1.633,0,0
26420,0,-0.01,0.00,9.902,0.139,-1.604,0,0
26471,0,-0.01,0.00,9.907,0.153,-1.599,0,0
26522,0,-0.05,-1.83,9.922,0.158,-1.623,0,0
26574,0,-0.05,0.00,9.912,0.168,-1.609,0,0
26624,0,-0.07,-1.34,9.917,0.139,-1.604,0,0
26674,0,-0.07,0.00,9.912,0.153,-1.585,0,0
26725,0,-0.09,0.00,9.917,0.148,-1.618,0,0
26775,0,-0.09,0.00,9.912,0.153,-1.599,0,0
26826,0,-0.09,0.00,9.907,0.139,-1.599,0,0
26878,0,-0.09,0.00,9.912,0.158,-1.609,0,0
26929,0,-0.10,0.00,9.931,0.158,-1.609,0,0
26981,0,-0.09,0.00,9.902,0.153,-1.609,0,0
27033,0,-0.12,0.00,9.902,0.153,-1.604,0,0
27084,0,-0.11,0.48,9.926,0.148,-1.599,0,0
27136,0,-0.10,0.00,9.888,0.144,-1.623,0,0
27187,0,-0.11,-0.52,9.917,0.163,-1.604,0,0
27239,0,-0.10,0.00,9.912,0.158,-1.642,0,0
27291,0,-0.08,0.00,9.922,0.144,-1.609,0,0
27341,0,-0.08,0.00,9.907,0.139,-1.618,0,0
27393,0,-0.07,0.48,9.926,0.139,-1.609,0,0
27444,0,-0.05,0.00,9.878,0.158,-1.599,0,0
27496,0,-0.08,0.48,9.922,0.153,-1.595,0,0
27547,0,0.07,0.00,9.926,0.163,-1.585,0,0
27599,0,0.28,4.04,9.907,0.163,-1.604,0,0
27649,0,0.40,4.79,9.898,0.134,-1.642,0,0
27732,0,0.61,1.87,9.893,0.163,-1.628,0,0
27783,0,0.56,-1.97,9.917,0.177,-1.590,0,0
27834,0,2.10,56.83,9.898,0.139,-1.642,0,0
27885,0,3.51,52.31,9.902,0.158,-1.633,0,0
27937,0,4.78,0.00,9.922,0.158,-1.609,0,0
27988,0,7.14,41.74,9.907,0.148,-1.614,0,0
28040,0,8.25,0.00,9.922,0.158,-1.633,0,0
28092,0,10.23,37.30,9.931,0.172,-1.614,0,0
28143,0,9.56,-24.77,9.931,0.153,-1.609,0,0
28195,0,8.98,0.00,9.902,0.163,-1.657,0,0
28246,0,7.89,-19.09,9.907,0.168,-1.618,0,0
28296,0,7.40,-8.58,9.902,0.148,-1.633,0,0
28348,0,6.47,-18.66,9.917,0.168,-1.609,0,0
28400,0,6.08,-14.70,9.936,0.148,-1.618,0,0
28450,0,5.69,-14.18,9.893,0.158,-1.604,0,0
28501,0,5.35,0.00,9.907,0.163,-1.599,0,0
28553,0,4.70,-11.53,9.907,0.168,-1.614,0,0
28605,0,4.43,-10.14,9.902,0.168,-1.623,0,0
28655,0,4.14,0.00,9.893,0.172,-1.614,0,0
28706,0,3.68,-7.52,9.912,0.158,-1.642,0,0
28756,0,3.44,-9.13,9.902,0.158,-1.609,0,0
28805,0,3.06,-6.24,9.912,0.163,-1.609,0,0
28857,0,2.85,-7.47,9.898,0.148,-1.604,0,0
28909,0,2.67,0.00,9.917,0.158,-1.623,0,0
28960,0,2.35,-5.27,9.893,0.158,-1.609,0,0
29012,0,2.19,-5.79,9.912,0.168,-1.633,0,0
29063,0,1.89,-5.27,9.922,0.163,-1.623,0,0
29115,0,1.78,-4.04,9.898,0.153,-1.599,0,0
29166,0,1.68,0.00,9.912,0.158,-1.618,0,0
29218,0,1.47,-3.54,9.907,0.158,-1.609,0,0
29270,0,1.40,0.00,9.926,0.163,-1.585,0,0
29320,0,1.29,-4.04,9.917,0.187,-1.633,0,0
29372,0,1.22,0.00,9.922,0.153,-1.633,0,0
29423,0,1.06,-3.09,9.898,0.168,-1.642,0,0
29475,0,1.01,-2.68,9.912,0.144,-1.599,0,0
29526,0,0.86,-2.72,9.917,0.172,-1.609,0,0
29578,0,0.81,-1.83,9.926,0.153,-1.614,0,0
29628,0,0.75,0.00,9.926,0.139,-1.614,0,0
29678,0,0.64,-2.37,9.907,0.172,-1.623,0,0
29729,0,0.61,-1.47,9.888,0.177,-1.604,0,0
29779,0,0.56,0.00,9.931,0.163,-1.609,0,0
29830,0,0.50,-1.45,9.912,0.163,-1.638,0,0
29882,0,0.47,0.00,9.898,0.158,-1.633,0,0
29933,0,0.38,-1.36,9.917,0.168,-1.628,0,0
29985,0,0.33,-1.84,9.912,0.148,-1.595,0,0
30037,0,0.29,0.00,9.902,0.163,-1.609,0,0
30088,0,0.26,-1.86,9.907,0.163,-1.609,0,0
30140,0,0.22,0.00,9.917,0.163,-1.614,0,0
30191,0,0.17,0.00,9.907,0.139,-1.585,0,0
30242,0,0.17,0.00,9.931,0.153,-1.628,0,0
30293,0,0.13,0.00,9.902,0.158,-1.614,0,0
30345,0,0.09,-0.66,9.922,0.153,-1.609,0,0
30396,0,0.04,-2.03,9.912,0.172,-1.599,0,0
30448,0,0.05,0.00,9.917,0.153,-1.618,0,0
30498,0,0.05,0.00,9.907,0.158,-1.604,0,0
30547,0,0.01,0.00,9.912,0.182,-1.628,0,0
30599,0,0.01,0.00,9.912,0.158,-1.614,0,0
30649,0,-0.04,0.00,9.898,0.158,-1.609,0,0
30699,0,-0.04,0.00,9.902,0.168,-1.638,0,0
30750,0,-0.07,-1.45,9.917,0.148,-1.618,0,0
30799,0,-0.07,0.00,9.917,0.163,-1.633,0,0
30851,0,-0.06,0.52,9.907,0.163,-1.623,0,0
30903,0,-0.05,0.00,9.917,0.148,-1.618,0,0
30954,0,-0.08,-1.34,9.907,0.158,-1.599,0,0
31006,0,-0.08,0.00,9.902,0.153,-1.623,0,0
31057,0,-0.08,0.00,9.893,0.177,-1.628,0,0
31109,0,-0.08,0.00,9.917,0.158,-1.618,0,0
31161,0,-0.08,0.00,9.912,0.153,-1.585,0,0
31212,0,-0.12,-1.34,9.888,0.177,-1.642,0,0
31264,0,-0.12,0.00,9.912,0.153,-1.623,0,0
31314,0,-0.13,-0.52,9.912,0.144,-1.599,0,0
31363,0,-0.13,0.00,9.917,0.153,-1.652,0,0
31415,0,-0.11,-0.48,9.893,0.153,-1.618,0,0
31466,0,-0.10,0.48,9.893,0.163,-1.633,0,0
31518,0,-0.13,0.00,9.917,0.153,-1.599,0,0
31569,0,-0.10,0.48,9.931,0.148,-1.604,0,0
31619,0,-0.10,0.00,9.902,0.148,-1.618,0,0
31669,0,-0.09,0.56,9.917,0.168,-1.614,0,0
31720,0,-0.09,0.00,9.912,0.158,-1.628,0,0
31770,0,-0.08,0.00,9.898,0.158,-1.647,0,0
31822,0,-0.09,-0.52,9.907,0.158,-1.609,0,0
31874,0,-0.10,-0.52,9.898,0.158,-1.618,0,0
31925,0,-0.12,0.00,9.907,0.144,-1.599,0,0
31977,0,-0.10,0.48,9.917,0.168,-1.618,0,0
32028,0,-0.09,0.00,9.931,0.158,-1.614,0,0
32080,0,-0.06,0.52,9.907,0.153,-1.604,0,0
32132,0,-0.05,0.52,9.912,0.158,-1.633,0,0
32182,0,-0.05,0.00,9.922,0.163,-1.599,0,0
32233,0,-0.05,0.00,9.917,0.144,-1.633,0,0
32285,0,-0.05,-0.52,9.907,0.144,-1.614,0,0
32337,0,-0.05,0.00,9.907,0.153,-1.609,0,0
32388,0,-0.09,-0.54,9.917,0.148,-1.642,0,0
32440,0,-0.09,0.00,9.917,0.148,-1.604,0,0
32490,0,-0.06,1.01,9.898,0.158,-1.609,0,0
32539,0,-0.01,0.00,9.902,0.139,-1.599,0,0
32591,0,-0.03,-0.86,9.912,0.158,-1.614,0,0
32641,0,-0.05,0.00,9.922,0.172,-1.642,0,0
32691,0,-0.03,0.54,9.922,0.148,-1.623,0,0
32742,0,-0.03,0.00,9.912,0.168,-1.595,0,0
32791,0,-0.03,0.00,9.922,0.172,-1.618,0,0
32843,0,-0.06,-0.48,9.912,0.139,-1.599,0,0
32892,0,-0.02,1.34,9.926,0.153,-1.604,0,0
32944,0,-0.05,0.48,9.917,0.144,-1.614,0,0
32995,0,-0.01,0.00,9.902,0.134,-1.609,0,0
33047,0,-0.02,0.00,9.912,0.168,-1.633,0,0
33098,0,-0.06,0.00,9.926,0.158,-1.633,0,0
33150,0,-0.06,0.00,9.898,0.153,-1.614,0,0
33202,0,-0.07,0.00,9.926,0.148,-1.614,0,0
33252,0,-0.07,0.00,9.912,0.148,-1.623,0,0
33304,0,-0.07,0.00,9.898,0.139,-1.609,0,0
33355,0,-0.09,-0.48,9.917,0.172,-1.623,0,0
33407,0,-0.11,-0.48,9.931,0.153,-1.614,0,0
33458,0,-0.11,0.00,9.922,0.153,-1.628,0,0
33510,0,-0.11,0.00,9.912,0.163,-1.628,0,0
33562,0,-0.13,0.00,9.898,0.153,-1.614,0,0
33614,0,-0.14,-0.52,9.917,0.163,-1.628,0,0
33664,0,-0.14,0.00,9.907,0.148,-1.628,0,0
33714,0,-0.15,-0.52,9.883,0.163,-1.628,0,0
33765,0,-0.15,0.00,9.893,0.172,-1.623,0,0
33816,0,-0.03,6.36,9.907,0.153,-1.623,0,0
33868,0,0.08,4.04,9.907,0.172,-1.618,0,0
33920,0,0.18,0.00,9.902,0.144,-1.647,0,0
33971,0,0.43,4.53,9.907,0.144,-1.642,0,0
34034,0,0.47,0.83,9.926,0.144,-1.609,0,0
34085,0,0.47,0.00,9.907,0.153,-1.609,0,0
34164,0,3.31,29.70,9.926,0.163,-1.623,0,0
34216,0,4.56,0.00,9.898,0.144,-1.628,0,0
34267,0,7.03,44.33,9.917,0.148,-1.633,0,0
34318,0,7.01,-0.52,9.898,0.158,-1.623,0,0
34369,0,9.14,37.26,9.922,0.158,-1.618,0,0
34421,0,10.11,0.00,9.902,0.158,-1.642,0,0
34473,0,8.89,-21.72,9.912,0.139,-1.628,0,0
34524,0,8.33,-20.78,9.917,0.168,-1.623,0,0
34576,0,7.31,-18.23,9.902,0.144,-1.633,0,0
34626,0,6.86,-16.79,9.912,0.153,-1.628,0,0
34676,0,6.44,0.00,9.902,0.148,-1.590,0,0
34726,0,5.65,-14.45,9.898,0.153,-1.599,0,0
34777,0,5.30,-13.85,9.912,0.139,-1.628,0,0
34828,0,4.94,0.00,9.931,0.139,-1.614,0,0
34880,0,4.38,-10.66,9.902,0.134,-1.628,0,0
34932,0,4.09,-10.68,9.907,0.158,-1.633,0,0
34983,0,3.61,-9.52,9.912,0.158,-1.623,0,0
35035,0,3.40,-8.05,9.917,0.168,-1.590,0,0
35086,0,3.19,0.00,9.922,0.177,-1.633,0,0
35138,0,2.80,-6.76,9.898,0.153,-1.595,0,0
35190,0,2.62,-6.63,9.917,0.168,-1.595,0,0
35240,0,2.49,-4.84,9.922,0.163,-1.609,0,0
35291,0,2.34,0.00,9.893,0.139,-1.614,0,0
35343,0,2.06,-5.67,9.893,0.163,-1.604,0,0
35395,0,1.91,-5.40,9.912,0.182,-1.623,0,0
35446,0,1.71,-3.45,9.912,0.148,-1.604,0,0
35498,0,1.60,-4.02,9.922,0.158,-1.623,0,0
35549,0,1.49,0.00,9.912,0.177,-1.604,0,0
35601,0,1.33,-2.72,9.922,0.148,-1.590,0,0
35651,0,1.21,0.00,9.902,0.148,-1.618,0,0
35702,0,1.10,-1.37,9.926,0.139,-1.618,0,0
35752,0,1.03,-2.90,9.907,0.172,-1.604,0,0
35804,0,0.96,0.00,9.926,0.153,-1.604,0,0
35856,0,0.85,-2.72,9.922,0.158,-1.609,0,0
35908,0,0.79,-2.35,9.898,0.163,-1.609,0,0
35959,0,0.75,0.00,9.917,0.158,-1.599,0,0
36011,0,0.66,-0.84,9.907,0.153,-1.599,0,0
36062,0,0.62,0.00,9.907,0.163,-1.614,0,0
36114,0,0.55,-1.34,9.898,0.153,-1.614,0,0
36166,0,0.55,0.00,9.907,0.163,-1.618,0,0
36245,0,0.49,-0.72,9.922,0.158,-1.647,0,0
36296,0,0.48,0.00,9.912,0.153,-1.609,0,0
36348,0,0.42,-0.86,9.912,0.139,-1.614,0,0
36398,0,0.41,-0.48,9.917,0.144,-1.590,0,0
36450,0,0.37,-1.45,9.907,0.172,-1.633,0,0
36501,0,0.37,0.00,9.912,0.172,-1.638,0,0
36553,0,0.32,-1.34,9.936,0.148,-1.652,0,0
36605,0,0.31,0.00,9.898,0.158,-1.662,0,0
36655,0,0.26,-1.47,9.907,0.148,-1.628,0,0
36705,0,0.23,-1.03,9.902,0.148,-1.604,0,0
36756,0,0.22,0.00,9.931,0.163,-1.618,0,0
36805,0,0.15,-2.01,9.912,0.158,-1.633,0,0
36857,0,0.15,0.00,9.902,0.148,-1.633,0,0
36908,0,0.15,0.00,9.902,0.158,-1.618,0,0
36960,0,0.14,0.00,9.902,0.172,-1.609,0,0
37012,0,0.12,0.00,9.898,0.163,-1.614,0,0
37063,0,0.12,0.00,9.917,0.158,-1.633,0,0
37115,0,0.11,-0.52,9.931,0.158,-1.609,0,0
37166,0,0.10,0.00,9.917,0.172,-1.599,0,0
37218,0,0.10,0.00,9.898,0.153,-1.604,0,0
37270,0,0.08,0.00,9.922,0.172,-1.599,0,0
37320,0,0.08,0.00,9.922,0.153,-1.614,0,0
37372,0,0.07,0.00,9.902,0.144,-1.614,0,0
37423,0,0.06,-0.52,9.926,0.144,-1.628,0,0
37475,0,0.04,0.00,9.912,0.153,-1.623,0,0
37526,0,0.08,0.00,9.917,0.163,-1.623,0,0
37578,0,0.07,-0.52,9.912,0.158,-1.623,0,0
37628,0,0.05,0.00,9.898,0.153,-1.614,0,0
37678,0,0.04,-0.58,9.917,0.153,-1.628,0,0
37729,0,0.07,0.00,9.926,0.158,-1.609,0,0
37779,0,0.07,0.00,9.912,0.144,-1.604,0,0
37830,0,0.07,0.00,9.912,0.187,-1.657,0,0
37882,0,0.06,0.00,9.898,0.129,-1.614,0,0
37934,0,0.07,0.84,9.926,0.187,-1.633,0,0
37985,0,0.06,-0.50,9.902,0.110,-1.599,0,0
38037,0,0.04,0.00,9.946,0.168,-1.609,0,0
38088,0,0.04,0.00,9.917,0.172,-1.614,0,0
38140,0,0.03,0.00,9.912,0.139,-1.618,0,0
38192,0,0.05,0.86,9.917,0.182,-1.618,0,0
38242,0,0.04,-0.52,9.902,0.153,-1.595,0,0
38293,0,0.04,0.00,9.893,0.148,-1.604,0,0
38345,0,0.01,-0.52,9.922,0.168,-1.604,0,0
38397,0,-0.00,0.00,9.902,0.148,-1.638,0,0
38447,0,-0.00,0.00,9.922,0.158,-1.618,0,0
38498,0,-0.02,0.00,9.898,0.148,-1.599,0,0
38550,0,0.01,0.91,9.898,0.144,-1.599,0,0
38602,0,0.01,0.00,9.907,0.163,-1.614,0,0
38652,0,0.01,0.54,9.902,0.168,-1.580,0,0
38703,0,0.01,0.00,9.907,0.148,-1.628,0,0
38753,0,-0.01,0.00,9.898,0.163,-1.595,0,0
38802,0,-0.02,-0.56,9.912,0.129,-1.590,0,0
38854,0,-0.02,0.00,9.907,0.163,-1.618,0,0
38906,0,0.01,0.00,9.912,0.148,-1.604,0,0
38957,0,0.00,1.38,9.898,0.153,-1.599,0,0
39009,0,0.00,0.00,9.926,0.148,-1.614,0,0
39060,0,0.00,0.00,9.902,0.158,-1.614,0,0
39112,0,0.01,0.50,9.898,0.153,-1.628,0,0
39164,0,0.00,-1.23,9.893,0.163,-1.585,0,0
39215,0,-0.01,-0.52,9.912,0.158,-1.623,0,0
39267,0,-0.03,0.00,9.902,0.124,-1.614,0,0
39317,0,0.01,1.25,9.907,0.192,-1.623,0,0
39369,0,0.01,0.00,9.893,0.139,-1.590,0,0
39420,0,0.01,0.00,9.902,0.172,-1.609,0,0
39472,0,-0.01,0.00,9.907,0.153,-1.609,0,0
39523,0,-0.05,-0.48,9.912,0.139,-1.647,0,0
39575,0,-0.06,-0.52,9.898,0.139,-1.604,0,0
39625,0,-0.07,0.00,9.912,0.182,-1.623,0,0
39675,0,-0.07,0.00,9.917,0.144,-1.666,0,0
39725,0,-0.05,0.88,9.907,0.163,-1.618,0,0
39776,0,-0.05,0.00,9.902,0.148,-1.604,0,0
39827,0,-0.08,-0.52,9.907,0.153,-1.628,0,0
39879,0,-0.09,0.00,9.912,0.153,-1.609,0,0
39931,0,-0.11,0.00,9.902,0.153,-1.599,0,0
39982,0,-0.12,-0.48,9.912,0.148,-1.604,0,0
40034,0,-0.13,-0.52,9.907,0.163,-1.628,0,0
40085,0,-0.11,0.86,9.931,0.168,-1.595,0,0
40137,0,-0.13,0.00,9.926,0.177,-1.609,0,0
40189,0,-0.14,-0.48,9.893,0.134,-1.618,0,0
40239,0,-0.15,-0.52,9.922,0.158,-1.633,0,0
40290,0,-0.17,-0.48,9.893,0.163,-1.633,0,0
40342,0,-0.18,-0.20,9.917,0.153,-1.585,0,0
40394,0,-0.16,1.38,9.922,0.153,-1.614,0,0
40445,0,-0.17,0.00,9.917,0.196,-1.618,0,0
40496,0,-0.17,0.00,9.912,0.129,-1.614,0,0
40547,0,-0.19,0.00,9.888,0.163,-1.614,0,0
40599,0,-0.15,1.38,9.926,0.196,-1.614,0,0
40649,0,-0.16,0.00,9.907,0.124,-1.590,0,0
40700,0,-0.16,0.00,9.898,0.177,-1.628,0,0
40750,0,-0.14,1.39,9.902,0.187,-1.623,0,0
40802,0,-0.14,0.00,9.898,0.144,-1.599,0,0
40854,0,-0.14,0.00,9.902,0.153,-1.609,0,0
40905,0,-0.13,0.00,9.907,0.182,-1.628,0,0
40957,0,-0.10,0.00,9.907,0.144,-1.614,0,0
41009,0,-0.10,0.00,9.902,0.153,-1.604,0,0
41060,0,-0.13,-0.52,9.922,0.187,-1.628,0,0
41112,0,-0.12,0.52,9.912,0.158,-1.633,0,0
41163,0,-0.12,0.00,9.907,0.148,-1.618,0,0
41215,0,-0.08,0.00,9.907,0.168,-1.623,0,0
41267,0,-0.08,0.00,9.907,0.134,-1.604,0,0
41318,0,-0.08,0.00,9.917,0.163,-1.628,0,0
41370,0,-0.08,0.00,9.912,0.148,-1.595,0,0
41421,0,-0.08,0.00,9.893,0.148,-1.599,0,0
41472,0,-0.09,-0.52,9.931,0.148,-1.604,0,0
41523,0,-0.07,-0.48,9.912,0.144,-1.618,0,0
41575,0,-0.04,1.34,9.907,0.172,-1.604,0,0
41625,0,-0.05,0.00,9.922,0.139,-1.595,0,0
41675,0,-0.07,0.00,9.917,0.163,-1.628,0,0
41725,0,-0.08,-0.50,9.907,0.177,-1.633,0,0
41776,0,-0.08,0.00,9.917,0.129,-1.633,0,0
41827,0,-0.08,0.00,9.907,0.182,-1.657,0,0
41879,0,-0.04,0.00,9.907,0.139,-1.638,0,0
41930,0,-0.06,-0.56,9.917,0.129,-1.618,0,0
41982,0,-0.06,0.00,9.922,0.172,-1.628,0,0
42034,0,-0.06,0.48,9.902,0.158,-1.590,0,0
42085,0,-0.03,-0.56,9.893,0.158,-1.609,0,0
42137,0,-0.02,0.00,9.912,0.182,-1.642,0,0
42188,0,-0.01,0.48,9.917,0.120,-1.604,0,0
42240,0,0.03,1.32,9.917,0.168,-1.618,0,0
42292,0,0.06,0.47,9.922,0.144,-1.590,0,0
42342,0,0.06,0.00,9.912,0.148,-1.604,0,0
42392,0,0.03,-0.38,9.888,0.153,-1.595,0,0
42444,0,0.02,-0.48,9.907,0.177,-1.609,0,0
42494,0,0.02,0.00,9.893,0.148,-1.595,0,0
42545,0,0.05,0.00,9.912,0.163,-1.647,0,0
42597,0,0.05,0.00,9.907,0.168,-1.618,0,0
42647,0,0.04,0.00,9.917,0.139,-1.614,0,0
42698,0,0.03,-0.54,9.922,0.139,-1.633,0,0
42748,0,0.03,0.00,9.907,0.168,-1.599,0,0
42800,0,0.06,0.00,9.907,0.144,-1.590,0,0
42852,0,0.08,0.48,9.931,0.148,-1.609,0,0
42903,0,0.08,0.00,9.917,0.172,-1.599,0,0
42955,0,0.06,0.00,9.893,0.139,-1.595,0,0
43004,0,0.10,1.34,9.917,0.168,-1.580,0,0
43056,0,0.11,0.00,9.926,0.172,-1.623,0,0
43107,0,0.11,0.00,9.917,0.134,-1.604,0,0
43159,0,0.14,0.00,9.917,0.153,-1.628,0,0
43210,0,0.14,0.00,9.902,0.177,-1.609,0,0
43262,0,0.14,0.00,9.907,0.129,-1.575,0,0
43314,0,0.12,0.00,9.902,0.177,-1.633,0,0
43364,0,0.12,0.00,9.893,0.148,-1.633,0,0
43416,0,0.11,-0.48,9.883,0.144,-1.595,0,0
43467,0,0.09,-0.52,9.917,0.144,-1.599,0,0
43519,0,0.11,0.00,9.902,0.153,-1.595,0,0
43570,0,0.11,0.00,9.902,0.153,-1.642,0,0
43623,0,0.11,0.00,9.898,0.158,-1.614,0,0
43673,0,0.10,-0.54,9.907,0.110,-1.618,0,0
43723,0,0.09,-0.52,9.893,0.177,-1.604,0,0
43774,0,0.11,0.00,9.917,0.129,-1.575,0,0
43825,0,0.11,0.00,9.917,0.153,-1.599,0,0
43877,0,0.10,0.00,9.912,0.158,-1.638,0,0
43928,0,0.07,-0.52,9.922,0.153,-1.590,0,0
43980,0,0.07,0.00,9.902,0.163,-1.638,0,0
44032,0,0.12,0.00,9.907,0.144,-1.599,0,0
44083,0,0.12,0.00,9.912,0.144,-1.628,0,0
44167,0,0.12,0.00,9.922,0.158,-1.633,0,0
44218,0,0.12,0.00,9.907,0.168,-1.595,0,0
44269,0,0.12,0.00,9.898,0.148,-1.638,0,0
44320,0,0.14,0.00,9.917,0.172,-1.604,0,0
44372,0,0.13,0.00,9.907,0.158,-1.633,0,0
44423,0,0.11,-0.54,9.893,0.158,-1.657,0,0
44475,0,0.10,-0.50,9.907,0.172,-1.609,0,0
44527,0,0.09,0.00,9.917,0.158,-1.628,0,0
44578,0,0.09,0.00,9.912,0.158,-1.623,0,0
44628,0,0.09,0.00,9.912,0.177,-1.614,0,0
44679,0,0.10,0.00,9.902,0.134,-1.623,0,0
44729,0,0.09,-0.56,9.902,0.172,-1.618,0,0
44779,0,0.10,0.00,9.907,0.163,-1.604,0,0
44831,0,0.10,0.00,9.898,0.158,-1.604,0,0
44882,0,0.10,0.00,9.907,0.153,-1.590,0,0
44934,0,0.10,0.00,9.912,0.158,-1.623,0,0
44985,0,0.12,0.80,9.902,0.148,-1.609,0,0
45037,0,0.11,0.00,9.902,0.148,-1.614,0,0
45089,0,0.08,-0.48,9.917,0.163,-1.599,0,0
45139,0,0.08,0.00,9.912,0.158,-1.614,0,0
45190,0,0.07,0.00,9.898,0.163,-1.614,0,0
45242,0,0.07,0.00,9.917,0.148,-1.633,0,0
45294,0,0.10,1.32,9.922,0.148,-1.614,0,0
45345,0,0.09,-0.50,9.893,0.148,-1.623,0,0
45397,0,0.08,0.00,9.907,0.144,-1.595,0,0
45448,0,0.05,0.00,9.898,0.148,-1.575,0,0
45500,0,0.05,0.00,9.907,0.168,-1.604,0,0
45552,0,0.04,0.00,9.907,0.144,-1.614,0,0
45603,0,0.02,-0.48,9.922,0.148,-1.599,0,0
45654,0,0.01,-0.56,9.907,0.144,-1.609,0,0
45704,0,0.04,1.47,9.907,0.153,-1.628,0,0
45754,0,-0.01,-1.43,9.917,0.139,-1.618,0,0
45806,0,0.02,1.34,9.912,0.124,-1.609,0,0
45858,0,0.02,0.00,9.926,0.148,-1.618,0,0
45910,0,0.00,0.00,9.907,0.158,-1.618,0,0
45961,0,-0.02,-0.52,9.902,0.153,-1.628,0,0
46013,0,-0.02,0.00,9.936,0.153,-1.590,0,0
46063,0,-0.04,-0.48,9.907,0.158,-1.628,0,0
46115,0,-0.04,0.00,9.922,0.153,-1.604,0,0
46166,0,-0.04,0.52,9.893,0.153,-1.633,0,0
46219,0,-0.05,-0.20,9.912,0.163,-1.628,0,0
46270,0,-0.06,-0.48,9.888,0.153,-1.604,0,0
46322,0,-0.09,0.00,9.917,0.163,-1.614,0,0
46373,0,-0.07,0.00,9.912,0.168,-1.609,0,0
46424,0,-0.09,-0.82,9.912,0.158,-1.590,0,0
46475,0,-0.08,0.34,9.936,0.148,-1.599,0,0
46527,0,-0.12,0.00,9.912,0.144,-1.623,0,0
46579,0,-0.11,-1.34,9.902,0.168,-1.609,0,0
46628,0,-0.11,0.00,9.912,0.158,-1.638,0,0
46679,0,-0.09,0.00,9.902,0.148,-1.618,0,0
46729,0,-0.09,0.00,9.898,0.163,-1.609,0,0
46779,0,-0.09,0.00,9.917,0.168,-1.618,0,0
46831,0,-0.09,0.00,9.917,0.144,-1.628,0,0
46882,0,-0.09,0.00,9.922,0.158,-1.623,0,0
46934,0,-0.09,0.00,9.902,0.172,-1.618,0,0
46986,0,-0.09,0.00,9.912,0.158,-1.609,0,0
47037,0,-0.09,0.00,9.907,0.158,-1.599,0,0
47089,0,-0.09,0.00,9.926,0.158,-1.614,0,0
47140,0,-0.09,0.00,9.922,0.144,-1.604,0,0
47192,0,-0.09,0.00,9.912,0.163,-1.604,0,0
47244,0,-0.08,0.86,9.888,0.153,-1.595,0,0
47294,0,-0.08,0.00,9.912,0.163,-1.614,0,0
47346,0,-0.07,0.48,9.917,0.177,-1.609,0,0
47397,0,-0.06,0.00,9.902,0.168,-1.604,0,0
47449,0,-0.06,0.00,9.907,0.177,-1.628,0,0
47500,0,-0.07,0.00,9.902,0.168,-1.633,0,0
47552,0,-0.07,0.00,9.917,0.158,-1.614,0,0
47604,0,-0.07,0.00,9.936,0.158,-1.599,0,0
47654,0,-0.07,0.00,9.936,0.158,-1.609,0,0
47704,0,-0.03,1.09,9.907,0.158,-1.618,0,0
47755,0,-0.03,0.00,9.917,0.153,-1.609,0,0
47804,0,-0.05,0.00,9.917,0.153,-1.642,0,0
47856,0,-0.05,-1.34,9.902,0.148,-1.590,0,0
47908,0,-0.05,0.00,9.893,0.168,-1.628,0,0
47959,0,-0.04,0.56,9.922,0.153,-1.623,0,0
48011,0,-0.05,-0.52,9.907,0.158,-1.614,0,0
48062,0,-0.06,0.00,9.922,0.148,-1.614,0,0
48114,0,-0.06,0.00,9.926,0.158,-1.623,0,0
48165,0,-0.05,0.00,9.902,0.158,-1.595,0,0
48216,0,-0.05,0.00,9.917,0.163,-1.599,0,0
48265,0,-0.04,0.20,9.907,0.158,-1.623,0,0
48317,0,-0.02,0.00,9.907,0.158,-1.599,0,0
48368,0,-0.01,0.56,9.922,0.153,-1.642,0,0
48419,0,-0.01,0.00,9.922,0.163,-1.638,0,0
48470,0,-0.02,-0.52,9.912,0.158,-1.614,0,0
48522,0,-0.01,0.00,9.926,0.153,-1.618,0,0
48573,0,-0.01,0.00,9.926,0.153,-1.618,0,0
48623,0,-0.02,-0.52,9.922,0.153,-1.628,0,0
48674,0,-0.02,0.00,9.912,0.163,-1.595,0,0
48724,0,-0.02,0.00,9.941,0.172,-1.614,0,0
48774,0,-0.02,0.00,9.907,0.158,-1.628,0,0
48826,0,-0.01,0.00,9.917,0.148,-1.609,0,0
48877,0,-0.02,-0.52,9.902,0.153,-1.585,0,0
48929,0,-0.02,0.00,9.912,0.158,-1.595,0,0
48981,0,-0.01,0.52,9.907,0.163,-1.609,0,0
49032,0,-0.02,-0.56,9.893,0.144,-1.604,0,0
49084,0,-0.05,-0.52,9.926,0.148,-1.618,0,0
49135,0,-0.06,-0.48,9.922,0.172,-1.599,0,0
49187,0,-0.06,0.00,9.893,0.172,-1.623,0,0
49239,0,-0.06,0.52,9.907,0.148,-1.618,0,0
49289,0,-0.06,0.00,9.926,0.172,-1.628,0,0
49340,0,-0.11,0.86,9.893,0.124,-1.618,0,0
49392,0,-0.11,0.00,9.912,0.153,-1.647,0,0
49441,0,-0.14,-1.34,9.917,0.158,-1.599,0,0
49493,0,-0.14,0.00,9.912,0.139,-1.595,0,0
49544,0,-0.14,0.00,9.902,0.148,-1.628,0,0
49596,0,-0.13,0.48,9.893,0.168,-1.604,0,0
49646,0,-0.13,0.00,9.902,0.134,-1.604,0,0
49697,0,-0.08,2.01,9.922,0.163,-1.614,0,0
49747,0,-0.08,0.00,9.926,0.153,-1.628,0,0
49796,0,-0.11,0.00,9.917,0.158,-1.599,0,0
49848,0,-0.10,0.52,9.936,0.168,-1.628,0,0
49900,0,-0.09,0.45,9.907,0.139,-1.595,0,0
49951,0,-0.07,0.56,9.922,0.148,-1.623,0,0
50003,0,-0.07,0.00,9.907,0.153,-1.609,0,0
50054,0,-0.07,0.00,9.898,0.148,-1.609,0,0
50105,0,-0.09,-0.56,9.922,0.163,-1.618,0,0
50156,0,-0.10,-0.45,9.898,0.168,-1.599,0,0
50208,0,-0.09,0.45,9.893,0.163,-1.595,0,0
50260,0,-0.09,0.00,9.922,0.139,-1.623,0,0
50311,0,-0.07,0.23,9.907,0.168,-1.623,0,0
50363,0,-0.07,0.00,9.907,0.168,-1.614,0,0
50415,0,-0.07,0.00,9.898,0.158,-1.599,0,0
50465,0,-0.07,0.00,9.902,0.158,-1.633,0,0
50517,0,-0.10,-1.01,9.926,0.153,-1.633,0,0
50568,0,-0.10,0.00,9.878,0.163,-1.618,0,0
50620,0,-0.09,0.00,9.912,0.153,-1.618,0,0
50671,0,-0.09,0.00,9.912,0.158,-1.618,0,0
50721,0,-0.07,0.00,9.902,0.129,-1.633,0,0
50771,0,-0.06,0.56,9.907,0.187,-1.604,0,0
50823,0,-0.06,0.00,9.902,0.153,-1.633,0,0
50875,0,-0.07,0.00,9.917,0.153,-1.614,0,0
50926,0,-0.09,-0.56,9.912,0.158,-1.618,0,0
50978,0,-0.09,0.00,9.917,0.158,-1.633,0,0
51029,0,-0.09,0.00,9.912,0.153,-1.604,0,0
51081,0,-0.05,0.00,9.912,0.163,-1.614,0,0
51133,0,-0.04,0.00,9.902,0.163,-1.609,0,0
51184,0,-0.01,0.00,9.922,0.163,-1.595,0,0
51236,0,0.02,0.50,9.907,0.158,-1.638,0,0
51287,0,0.03,0.52,9.912,0.158,-1.614,0,0
51339,0,0.04,0.00,9.941,0.172,-1.623,0,0
51391,0,0.04,-0.52,9.917,0.144,-1.609,0,0
51441,0,0.04,0.00,9.907,0.153,-1.599,0,0
51492,0,0.06,0.52,9.917,0.168,-1.585,0,0
51544,0,0.04,0.00,9.912,0.177,-1.609,0,0
51596,0,0.03,0.00,9.902,0.144,-1.609,0,0
51646,0,0.02,0.00,9.902,0.177,-1.633,0,0
51696,0,0.00,-0.52,9.922,0.139,-1.638,0,0
51747,0,0.00,0.00,9.912,0.172,-1.595,0,0
51796,0,0.02,0.00,9.917,0.148,-1.614,0,0
51848,0,-0.02,-1.34,9.888,0.134,-1.604,0,0
51900,0,0.02,1.34,9.931,0.172,-1.633,0,0
51951,0,0.00,0.00,9.893,0.124,-1.604,0,0
52003,0,-0.01,0.00,9.902,0.163,-1.633,0,0
52054,0,0.00,0.00,9.902,0.158,-1.590,0,0
52106,0,0.02,0.00,9.926,0.153,-1.614,0,0
52158,0,0.02,0.00,9.912,0.168,-1.599,0,0
52209,0,0.02,0.00,9.926,0.134,-1.595,0,0
52261,0,0.00,0.00,9.917,0.172,-1.609,0,0
52311,0,-0.01,-0.50,9.917,0.168,-1.614,0,0
52381,0,-0.02,-0.15,9.917,0.153,-1.618,0,0
52433,0,-0.02,0.00,9.912,0.172,-1.623,0,0
52485,0,-0.02,0.00,9.917,0.144,-1.633,0,0
52535,0,-0.01,0.52,9.907,0.153,-1.628,0,0
52587,0,0.00,0.50,9.917,0.172,-1.633,0,0
52637,0,0.00,0.00,9.912,0.158,-1.609,0,0
52687,0,0.02,0.00,9.902,0.148,-1.599,0,0
52737,0,0.02,0.00,9.917,0.163,-1.595,0,0
52787,0,-0.02,0.00,9.893,0.139,-1.609,0,0
52839,0,-0.01,0.48,9.907,0.168,-1.614,0,0
52890,0,0.01,0.56,9.917,0.153,-1.595,0,0
52942,0,0.01,0.00,9.907,0.182,-1.628,0,0
52994,0,0.02,0.52,9.898,0.148,-1.614,0,0
53045,0,0.02,0.00,9.902,0.144,-1.614,0,0
53097,0,0.04,0.00,9.917,0.163,-1.609,0,0
53148,0,0.04,0.00,9.902,0.144,-1.604,0,0
53200,0,0.05,0.00,9.902,0.148,-1.609,0,0
53252,0,0.06,0.54,9.912,0.172,-1.614,0,0
53303,0,0.06,0.00,9.902,0.172,-1.618,0,0
53355,0,0.03,-0.52,9.907,0.144,-1.595,0,0
53406,0,0.04,0.00,9.907,0.144,-1.599,0,0
53457,0,0.04,0.00,9.893,0.163,-1.599,0,0
53508,0,0.04,0.00,9.931,0.144,-1.595,0,0
53560,0,0.07,0.50,9.912,0.182,-1.642,0,0
53609,0,0.08,0.00,9.898,0.144,-1.623,0,0
53660,0,0.07,-0.54,9.902,0.153,-1.618,0,0
53710,0,0.07,0.00,9.902,0.148,-1.618,0,0
53760,0,0.07,0.00,9.907,0.187,-1.628,0,0
53812,0,0.05,0.00,9.917,0.129,-1.595,0,0
53864,0,0.05,0.00,9.907,0.153,-1.647,0,0
53915,0,0.04,0.00,9.926,0.187,-1.642,0,0
53967,0,-0.01,-1.34,9.917,0.139,-1.604,0,0
54018,0,-0.01,0.00,9.907,0.172,-1.595,0,0
54070,0,-0.02,-0.52,9.922,0.172,-1.614,0,0
54122,0,-0.06,-1.30,9.893,0.129,-1.609,0,0
54185,0,-0.07,-0.21,9.902,0.148,-1.595,0,0
54237,0,-0.02,0.00,9.893,0.144,-1.599,0,0
54287,0,-0.07,-1.83,9.917,0.163,-1.623,0,0
54338,0,-0.07,0.00,9.898,0.153,-1.595,0,0
54390,0,-0.05,0.00,9.917,0.163,-1.571,0,0
54442,0,-0.05,0.00,9.926,0.163,-1.638,0,0
54493,0,-0.06,-0.52,9.917,0.153,-1.604,0,0
54545,0,-0.06,0.00,9.917,0.153,-1.628,0,0
54596,0,-0.08,0.00,9.912,0.144,-1.595,0,0
54647,0,-0.08,0.00,9.931,0.182,-1.618,0,0
54697,0,-0.06,0.00,9.898,0.144,-1.623,0,0
54748,0,0.09,5.79,9.907,0.153,-1.618,0,0
54797,0,0.24,5.71,9.917,0.148,-1.614,0,0
54849,0,0.35,0.00,9.902,0.153,-1.614,0,0
54900,0,0.52,2.68,9.907,0.163,-1.604,0,0
54952,0,0.63,1.91,9.917,0.139,-1.595,0,0
55004,0,2.07,55.84,9.898,0.168,-1.623,0,0
55054,0,2.07,0.00,9.888,0.158,-1.614,0,0
55105,0,4.80,48.74,9.907,0.182,-1.609,0,0
55157,0,6.03,49.36,9.902,0.144,-1.604,0,0
55209,0,8.27,40.31,9.917,0.153,-1.642,0,0
55260,0,9.26,36.87,9.893,0.148,-1.628,0,0
55312,0,10.21,0.00,9.907,0.139,-1.609,0,0
55363,0,10.42,-28.31,9.922,0.158,-1.614,0,0
55415,0,9.79,-23.04,9.912,0.168,-1.628,0,0
55467,0,8.62,-20.32,9.917,0.158,-1.614,0,0
55518,0,8.07,-21.94,9.907,0.153,-1.618,0,0
55570,0,7.59,0.00,9.902,0.134,-1.618,0,0
55619,0,6.64,-18.27,9.898,0.163,-1.633,0,0
55670,0,6.25,-15.86,9.902,0.158,-1.628,0,0
55720,0,5.87,0.00,9.917,0.148,-1.604,0,0
55770,0,5.14,-14.87,9.902,0.172,-1.599,0,0
55822,0,4.81,0.00,9.912,0.168,-1.604,0,0
55874,0,4.17,-11.18,9.898,0.144,-1.618,0,0
55924,0,4.17,0.00,9.907,0.148,-1.609,0,0
55975,0,3.68,-8.83,9.917,0.168,-1.618,0,0
56027,0,3.44,0.00,9.926,0.158,-1.590,0,0
56079,0,3.02,-7.58,9.912,0.163,-1.642,0,0
56130,0,2.79,-8.48,9.902,0.153,-1.642,0,0
56182,0,2.60,0.00,9.907,0.153,-1.614,0,0
56235,0,2.26,-4.98,9.931,0.163,-1.618,0,0
56287,0,1.96,-5.29,9.917,0.148,-1.614,0,0
56337,0,1.96,0.00,9.907,0.158,-1.609,0,0
56389,0,1.68,-4.89,9.917,0.153,-1.618,0,0
56440,0,1.52,-5.79,9.926,0.158,-1.609,0,0
56492,0,1.29,-4.04,9.907,0.153,-1.604,0,0
56543,0,1.22,-2.61,9.912,0.158,-1.642,0,0
56595,0,1.13,0.00,9.912,0.134,-1.614,0,0
56645,0,0.99,-2.84,9.893,0.153,-1.628,0,0
56696,0,0.91,-2.79,9.912,0.187,-1.623,0,0
56746,0,0.83,0.00,9.912,0.144,-1.618,0,0
56798,0,0.72,-1.45,9.931,0.158,-1.618,0,0
56850,0,0.65,-2.78,9.902,0.139,-1.647,0,0
56901,0,0.54,-1.38,9.898,0.163,-1.638,0,0
56953,0,0.45,-3.18,9.898,0.153,-1.618,0,0
57005,0,0.43,0.00,9.902,0.148,-1.623,0,0
57056,0,0.32,-1.23,9.912,0.153,-1.623,0,0
57108,0,0.29,0.00,9.936,0.168,-1.618,0,0
57159,0,0.23,-1.34,9.917,0.168,-1.595,0,0
57211,0,0.20,-0.88,9.907,0.168,-1.604,0,0
57263,0,0.17,0.00,9.902,0.158,-1.590,0,0
57313,0,0.12,-1.84,9.917,0.144,-1.628,0,0
57365,0,0.08,-1.34,9.926,0.163,-1.604,0,0
57416,0,0.07,-0.50,9.917,0.153,-1.590,0,0
57468,0,0.04,0.00,9.917,0.168,-1.618,0,0
57519,0,-0.00,0.00,9.902,0.153,-1.618,0,0
57571,0,-0.04,0.00,9.926,0.139,-1.618,0,0
57621,0,-0.04,0.00,9.902,0.163,-1.590,0,0
57671,0,-0.06,-0.88,9.902,0.144,-1.628,0,0
57721,0,-0.10,0.00,9.902,0.163,-1.628,0,0
57772,0,-0.08,0.56,9.912,0.168,-1.609,0,0
57823,0,-0.12,-1.45,9.902,0.153,-1.618,0,0
57875,0,-0.12,0.00,9.922,0.148,-1.614,0,0
57927,0,-0.14,-0.86,9.898,0.168,-1.614,0,0
57978,0,-0.15,0.00,9.907,0.153,-1.618,0,0
58030,0,-0.15,0.00,9.902,0.148,-1.614,0,0
58081,0,-0.14,0.48,9.888,0.163,-1.618,0,0
58133,0,-0.19,0.00,9.898,0.158,-1.609,0,0
58185,0,-0.23,-1.34,9.902,0.153,-1.628,0,0
58235,0,-0.23,0.00,9.917,0.139,-1.604,0,0
58287,0,-0.25,-0.28,9.907,0.168,-1.614,0,0
58339,0,-0.25,0.00,9.912,0.168,-1.623,0,0
58389,0,-0.23,0.52,9.898,0.163,-1.642,0,0
58441,0,-0.23,0.00,9.922,0.168,-1.618,0,0
58492,0,-0.23,0.00,9.907,0.144,-1.590,0,0
58544,0,-0.25,-0.52,9.898,0.168,-1.628,0,0
58595,0,-0.25,0.00,9.912,0.134,-1.595,0,0
58646,0,-0.28,0.00,9.917,0.168,-1.580,0,0
58696,0,-0.28,0.00,9.912,0.153,-1.614,0,0
58747,0,-0.31,0.00,9.936,0.148,-1.614,0,0
58797,0,-0.32,0.00,9.888,0.139,-1.647,0,0
58848,0,-0.32,0.00,9.912,0.148,-1.614,0,0
58900,0,-0.31,0.48,9.888,0.124,-1.614,0,0
58951,0,-0.33,-0.88,9.902,0.158,-1.604,0,0
59003,0,-0.33,0.00,9.922,0.144,-1.628,0,0
59055,0,-0.33,0.00,9.902,0.168,-1.595,0,0
59106,0,-0.32,0.00,9.893,0.134,-1.614,0,0
59158,0,-0.32,0.48,9.922,0.153,-1.614,0,0
59209,0,-0.31,0.52,9.902,0.168,-1.614,0,0
59261,0,-0.29,0.00,9.898,0.134,-1.623,0,0
59313,0,-0.33,-1.38,9.907,0.163,-1.618,0,0
59363,0,-0.33,0.00,9.917,0.158,-1.604,0,0
59414,0,-0.32,0.52,9.907,0.148,-1.604,0,0
59466,0,-0.30,0.00,9.926,0.158,-1.599,0,0
59518,0,-0.27,0.52,9.912,0.163,-1.623,0,0
59569,0,-0.26,0.00,9.922,0.129,-1.618,0,0
59621,0,-0.23,1.09,9.902,0.148,-1.604,0,0
59672,0,-0.23,0.00,9.917,0.134,-1.580,0,0
59722,0,-0.22,0.00,9.922,0.134,-1.618,0,0
59773,0,-0.21,0.00,9.883,0.139,-1.618,0,0
59824,0,-0.21,0.00,9.912,0.158,-1.618,0,0
59876,0,-0.21,0.00,9.902,0.153,-1.599,0,0
59928,0,-0.22,-0.48,9.926,0.153,-1.614,0,0
59979,0,-0.26,0.00,9.907,0.153,-1.599,0,0
60031,0,-0.26,0.00,9.922,0.148,-1.618,0,0
60082,0,-0.26,0.00,9.902,0.153,-1.633,0,0
60134,0,-0.26,0.00,9.907,0.163,-1.609,0,0
60186,0,-0.24,0.52,9.898,0.148,-1.614,0,0
60237,0,-0.26,0.00,9.898,0.177,-1.590,0,0
60289,0,-0.28,-0.48,9.912,0.158,-1.609,0,0
60342,0,-0.30,-0.27,9.922,0.148,-1.604,0,0
60394,0,-0.31,-0.48,9.907,0.148,-1.628,0,0
60444,0,-0.35,-1.38,9.912,0.148,-1.609,0,0
60496,0,-0.35,0.00,9.922,0.158,-1.623,0,0
60547,0,-0.36,-0.48,9.917,0.144,-1.618,0,0
60599,0,-0.36,0.00,9.917,0.148,-1.628,0,0
60649,0,-0.35,0.00,9.907,0.158,-1.623,0,0
60700,0,-0.35,0.00,9.912,0.148,-1.609,0,0
60750,0,-0.33,0.00,9.912,0.177,-1.642,0,0
60800,0,-0.33,0.00,9.898,0.153,-1.585,0,0
60852,0,-0.33,0.00,9.907,0.134,-1.633,0,0
60903,0,-0.36,0.00,9.907,0.144,-1.628,0,0
60955,0,-0.36,0.00,9.917,0.148,-1.618,0,0
61006,0,-0.34,0.52,9.907,0.148,-1.633,0,0
61058,0,-0.34,0.00,9.902,0.153,-1.604,0,0
61110,0,-0.33,0.00,9.902,0.158,-1.614,0,0
61161,0,-0.33,0.00,9.902,0.153,-1.638,0,0
61213,0,-0.32,0.00,9.902,0.158,-1.604,0,0
61263,0,-0.32,0.00,9.912,0.144,-1.599,0,0
61315,0,-0.32,0.00,9.893,0.163,-1.609,0,0
61366,0,-0.32,1.34,9.907,0.144,-1.614,0,0
61418,0,-0.35,-1.34,9.898,0.158,-1.642,0,0
61469,0,-0.35,0.00,9.917,0.163,-1.618,0,0
61521,0,-0.32,1.34,9.912,0.144,-1.609,0,0
61573,0,-0.32,0.00,9.926,0.158,-1.599,0,0
61622,0,-0.32,0.00,9.926,0.153,-1.614,0,0
61673,0,-0.32,0.00,9.922,0.168,-1.609,0,0
61723,0,-0.32,0.00,9.922,0.158,-1.604,0,0
61773,0,-0.32,0.00,9.926,0.148,-1.604,0,0
61825,0,-0.35,-1.45,9.902,0.163,-1.623,0,0
61877,0,-0.35,0.00,9.912,0.158,-1.633,0,0
61928,0,-0.37,-0.52,9.917,0.163,-1.628,0,0
61980,0,-0.37,0.00,9.902,0.134,-1.614,0,0
62032,0,-0.38,0.00,9.922,0.163,-1.604,0,0
62083,0,-0.38,0.00,9.902,0.168,-1.604,0,0
62135,0,-0.37,0.48,9.912,0.163,-1.609,0,0
62186,0,-0.40,-1.45,9.912,0.144,-1.599,0,0
62237,0,-0.39,0.52,9.907,0.182,-1.604,0,0
62288,0,-0.39,0.00,9.907,0.129,-1.614,0,0
62340,0,-0.38,0.00,9.922,0.148,-1.628,0,0
62392,0,-0.38,0.00,9.907,0.158,-1.604,0,0
62444,0,-0.36,0.52,9.907,0.153,-1.599,0,0
62495,0,-0.36,0.00,9.893,0.158,-1.609,0,0
62546,0,-0.38,-0.52,9.907,0.158,-1.604,0,0
62597,0,-0.41,0.00,9.888,0.168,-1.614,0,0
62648,0,-0.39,0.00,9.907,0.182,-1.590,0,0
62698,0,-0.39,0.00,9.922,0.139,-1.614,0,0
62749,0,-0.38,0.00,9.912,0.163,-1.614,0,0
62798,0,-0.35,0.56,9.888,0.148,-1.618,0,0
62850,0,-0.34,0.45,9.912,0.168,-1.604,0,0
62902,0,-0.38,-1.30,9.902,0.144,-1.652,0,0
62953,0,-0.36,0.52,9.922,0.148,-1.609,0,0
63005,0,-0.36,0.00,9.907,0.144,-1.652,0,0
63056,0,-0.33,0.60,9.898,0.158,-1.609,0,0
63108,0,-0.33,0.00,9.922,0.153,-1.599,0,0
63160,0,-0.29,1.04,9.922,0.168,-1.638,0,0
63211,0,-0.28,0.52,9.902,0.153,-1.638,0,0
63263,0,-0.27,0.00,9.893,0.134,-1.599,0,0
63314,0,-0.30,0.00,9.917,0.148,-1.633,0,0
63366,0,-0.30,0.00,9.907,0.134,-1.628,0,0
63418,0,-0.30,0.00,9.917,0.148,-1.609,0,0
63468,0,-0.30,0.00,9.912,0.153,-1.623,0,0
63519,0,-0.30,0.00,9.922,0.139,-1.599,0,0
63571,0,-0.30,0.00,9.893,0.168,-1.595,0,0
63621,0,-0.30,-0.48,9.907,0.148,-1.609,0,0
63671,0,-0.30,0.00,9.912,0.168,-1.614,0,0
63721,0,-0.30,0.00,9.922,0.148,-1.618,0,0
63772,0,-0.28,0.56,9.926,0.148,-1.642,0,0
63823,0,-0.28,0.00,9.922,0.172,-1.628,0,0
63875,0,-0.26,0.00,9.888,0.177,-1.618,0,0
63927,0,-0.26,0.00,9.898,0.158,-1.614,0,0
63978,0,-0.31,0.00,9.931,0.158,-1.614,0,0
64030,0,-0.33,-0.52,9.912,0.153,-1.614,0,0
64081,0,-0.33,0.00,9.912,0.144,-1.618,0,0
64194,0,-0.34,-0.15,9.912,0.148,-1.595,0,0
64244,0,-0.34,0.00,9.912,0.144,-1.628,0,0
64296,0,-0.34,0.00,9.917,0.158,-1.614,0,0
64347,0,-0.33,0.00,9.912,0.153,-1.571,0,0
64399,0,-0.36,0.00,9.898,0.158,-1.590,0,0
64450,0,-0.33,0.00,9.931,0.158,-1.609,0,0
64502,0,-0.33,0.00,9.922,0.144,-1.604,0,0
64554,0,-0.36,0.00,9.922,0.148,-1.604,0,0
64605,0,-0.35,0.48,9.907,0.158,-1.590,0,0
64656,0,-0.35,0.00,9.902,0.158,-1.628,0,0
64706,0,-0.35,0.00,9.902,0.129,-1.638,0,0
64757,0,-0.35,0.00,9.907,0.153,-1.614,0,0
64808,0,-0.35,0.00,9.888,0.148,-1.618,0,0
64860,0,-0.35,0.00,9.922,0.144,-1.642,0,0
64912,0,-0.35,0.00,9.917,0.158,-1.618,0,0
64963,0,-0.36,0.00,9.917,0.148,-1.609,0,0
65015,0,-0.38,0.00,9.931,0.153,-1.623,0,0
65066,0,-0.35,0.00,9.902,0.153,-1.628,0,0
65118,0,-0.37,-1.45,9.912,0.134,-1.595,0,0
65170,0,-0.36,0.48,9.907,0.168,-1.618,0,0
65220,0,-0.36,0.00,9.917,0.148,-1.604,0,0
65271,0,-0.36,0.00,9.907,0.153,-1.618,0,0
65323,0,-0.37,-0.52,9.922,0.168,-1.614,0,0
65372,0,-0.37,0.00,9.922,0.148,-1.609,0,0
65424,0,-0.33,1.34,9.912,0.163,-1.614,0,0
65475,0,-0.33,0.00,9.907,0.153,-1.609,0,0
65527,0,-0.33,0.00,9.907,0.153,-1.618,0,0
65578,0,-0.35,0.00,9.922,0.144,-1.604,0,0
65628,0,-0.33,0.00,9.902,0.144,-1.647,0,0
65679,0,-0.32,0.56,9.888,0.158,-1.614,0,0
65729,0,-0.32,0.00,9.941,0.139,-1.614,0,0
65779,0,-0.32,0.00,9.893,0.158,-1.623,0,0
65831,0,-0.33,0.00,9.931,0.158,-1.623,0,0
65882,0,-0.35,-0.52,9.917,0.124,-1.580,0,0
65934,0,-0.38,0.00,9.893,0.148,-1.595,0,0
65985,0,-0.38,0.00,9.931,0.158,-1.633,0,0
66036,0,-0.37,0.48,9.907,0.163,-1.604,0,0
66087,0,-0.38,-0.48,9.922,0.168,-1.623,0,0
66139,0,-0.40,0.00,9.912,0.158,-1.609,0,0
66191,0,-0.44,0.00,9.893,0.153,-1.614,0,0
66243,0,-0.40,0.53,9.917,0.153,-1.618,0,0
66293,0,-0.40,0.00,9.912,0.144,-1.638,0,0
66344,0,-0.38,0.52,9.907,0.153,-1.628,0,0
66396,0,-0.38,0.00,9.917,0.158,-1.633,0,0
66445,0,-0.38,0.00,9.902,0.144,-1.633,0,0
66497,0,-0.38,0.00,9.912,0.177,-1.633,0,0
66548,0,-0.42,0.00,9.907,0.139,-1.618,0,0
66600,0,-0.39,0.52,9.902,0.148,-1.623,0,0
66650,0,-0.38,0.52,9.922,0.134,-1.628,0,0
66701,0,-0.38,0.00,9.898,0.139,-1.638,0,0
66751,0,-0.34,1.04,9.917,0.158,-1.614,0,0
66803,0,-0.34,0.00,9.912,0.148,-1.609,0,0
66855,0,-0.32,0.00,9.902,0.153,-1.623,0,0
66906,0,-0.32,0.00,9.902,0.148,-1.618,0,0
66958,0,-0.32,0.00,9.922,0.168,-1.628,0,0
67009,0,-0.35,-0.52,9.893,0.144,-1.609,0,0
67061,0,-0.35,0.00,9.917,0.134,-1.618,0,0
67113,0,-0.40,-1.34,9.902,0.158,-1.609,0,0
67163,0,-0.40,0.00,9.898,0.158,-1.614,0,0
67215,0,-0.40,0.00,9.912,0.172,-1.614,0,0
67266,0,-0.40,0.00,9.893,0.134,-1.590,0,0
67318,0,-0.39,0.48,9.917,0.158,-1.628,0,0
67369,0,-0.39,0.00,9.898,0.144,-1.623,0,0
67421,0,-0.39,0.00,9.917,0.153,-1.618,0,0
67473,0,-0.39,0.00,9.912,0.163,-1.618,0,0
67524,0,-0.38,0.00,9.931,0.158,-1.628,0,0
67576,0,-0.40,-1.33,9.917,0.153,-1.571,0,0
67625,0,-0.38,0.52,9.926,0.158,-1.614,0,0
67676,0,-0.37,0.00,9.917,0.139,-1.628,0,0
67726,0,-0.35,0.52,9.893,0.148,-1.609,0,0
67776,0,-0.35,0.00,9.907,0.168,-1.609,0,0
67828,0,-0.35,0.00,9.907,0.163,-1.614,0,0
67880,0,-0.35,0.00,9.898,0.158,-1.638,0,0
67931,0,-0.35,0.00,9.917,0.148,-1.623,0,0
67983,0,-0.34,-1.27,9.902,0.153,-1.604,0,0
68033,0,-0.34,0.00,9.931,0.158,-1.633,0,0
68085,0,-0.31,-0.76,9.893,0.144,-1.633,0,0
68136,0,-0.30,0.00,9.893,0.158,-1.609,0,0
68188,0,-0.29,0.52,9.926,0.163,-1.638,0,0
68239,0,-0.30,-0.52,9.922,0.153,-1.599,0,0
68292,0,-0.29,0.21,9.912,0.153,-1.618,0,0
68344,0,-0.29,0.00,9.926,0.153,-1.618,0,0
68396,0,-0.27,0.48,9.902,0.144,-1.614,0,0
68446,0,-0.27,0.00,9.893,0.158,-1.628,0,0
68497,0,-0.26,0.00,9.912,0.158,-1.633,0,0
68549,0,-0.25,0.00,9.902,0.139,-1.609,0,0
68598,0,-0.22,0.52,9.898,0.148,-1.614,0,0
68648,0,-0.20,0.52,9.926,0.163,-1.609,0,0
68699,0,-0.19,0.00,9.917,0.148,-1.614,0,0
68749,0,-0.18,0.56,9.922,0.172,-1.642,0,0
68801,0,-0.16,0.56,9.902,0.134,-1.595,0,0
68853,0,-0.20,0.00,9.907,0.168,-1.638,0,0
68904,0,-0.19,-1.34,9.907,0.158,-1.623,0,0
68956,0,-0.19,0.00,9.893,0.139,-1.638,0,0
69008,0,-0.17,0.00,9.893,0.163,-1.609,0,0
69059,0,-0.14,1.01,9.931,0.134,-1.604,0,0
69111,0,-0.16,0.00,9.907,0.139,-1.599,0,0
69162,0,-0.16,0.00,9.917,0.153,-1.628,0,0
69214,0,-0.16,0.00,9.898,0.153,-1.638,0,0
69266,0,-0.18,-1.34,9.902,0.163,-1.618,0,0
69316,0,-0.18,0.00,9.898,0.163,-1.623,0,0
69367,0,-0.18,0.00,9.898,0.144,-1.609,0,0
69419,0,-0.18,0.00,9.912,0.168,-1.618,0,0
69471,0,-0.23,-0.48,9.902,0.163,-1.614,0,0
69522,0,-0.23,0.00,9.912,0.153,-1.633,0,0
69574,0,-0.24,0.00,9.922,0.148,-1.614,0,0
69624,0,-0.26,-0.52,9.902,0.153,-1.599,0,0
69674,0,-0.24,0.00,9.898,0.148,-1.623,0,0
69724,0,-0.24,0.00,9.917,0.158,-1.647,0,0
69775,0,-0.24,0.00,9.907,0.172,-1.628,0,0
69826,0,-0.28,0.00,9.898,0.148,-1.595,0,0
69878,0,-0.27,0.00,9.917,0.163,-1.604,0,0
69929,0,-0.27,0.00,9.898,0.148,-1.599,0,0
69981,0,-0.25,0.00,9.912,0.158,-1.638,0,0
70033,0,-0.25,0.00,9.912,0.177,-1.614,0,0
70084,0,-0.24,0.00,9.893,0.163,-1.585,0,0
70136,0,-0.24,0.00,9.912,0.163,-1.628,0,0
70186,0,-0.21,0.97,9.888,0.129,-1.599,0,0
70238,0,-0.21,0.00,9.922,0.168,-1.628,0,0
70289,0,-0.20,0.00,9.907,0.134,-1.595,0,0
70341,0,-0.20,0.00,9.922,0.148,-1.633,0,0
70393,0,-0.19,0.00,9.922,0.148,-1.618,0,0
70445,0,-0.19,0.00,9.926,0.144,-1.590,0,0
70495,0,-0.19,0.00,9.926,0.148,-1.609,0,0
70546,0,-0.19,0.00,9.898,0.139,-1.633,0,0
70598,0,-0.15,2.01,9.898,0.158,-1.604,0,0
70648,0,-0.15,0.00,9.922,0.148,-1.618,0,0
70699,0,-0.15,0.00,9.893,0.153,-1.609,0,0
70749,0,-0.14,0.00,9.926,0.163,-1.614,0,0
70801,0,-0.10,1.45,9.902,0.153,-1.638,0,0
70853,0,-0.11,0.00,9.907,0.168,-1.609,0,0
70904,0,-0.09,1.45,9.912,0.134,-1.618,0,0
70956,0,-0.09,0.00,9.917,0.148,-1.614,0,0
71008,0,-0.05,1.38,9.922,0.158,-1.618,0,0
71059,0,-0.05,0.00,9.912,0.144,-1.590,0,0
71111,0,-0.07,0.00,9.917,0.124,-1.642,0,0
71162,0,-0.02,1.75,9.926,0.172,-1.628,0,0
71214,0,-0.02,0.00,9.917,0.153,-1.618,0,0
71263,0,0.01,0.47,9.888,0.144,-1.595,0,0
71315,0,0.01,0.00,9.912,0.168,-1.642,0,0
71365,0,0.01,0.00,9.912,0.148,-1.618,0,0
71417,0,-0.01,0.00,9.907,0.158,-1.618,0,0
71468,0,-0.01,0.00,9.922,0.153,-1.575,0,0
71520,0,-0.01,0.00,9.902,0.168,-1.614,0,0
71571,0,-0.01,0.00,9.917,0.158,-1.599,0,0
71624,0,0.02,0.86,9.902,0.139,-1.614,0,0
71674,0,0.00,0.00,9.907,0.163,-1.618,0,0
71724,0,-0.01,-0.54,9.902,0.148,-1.618,0,0
71775,0,-0.01,0.00,9.912,0.158,-1.614,0,0
71826,0,-0.03,0.00,9.917,0.129,-1.618,0,0
71878,0,-0.04,-0.48,9.902,0.177,-1.604,0,0
71929,0,-0.02,0.88,9.898,0.139,-1.614,0,0
71981,0,-0.03,-0.48,9.917,0.153,-1.614,0,0
72032,0,-0.03,0.00,9.902,0.153,-1.614,0,0
72084,0,-0.04,0.00,9.898,0.153,-1.614,0,0
72136,0,-0.02,1.34,9.898,0.144,-1.633,0,0
72187,0,-0.04,-0.56,9.912,0.168,-1.599,0,0
72239,0,-0.04,0.00,9.898,0.168,-1.614,0,0
72290,0,0.00,1.38,9.931,0.129,-1.623,0,0
72341,0,0.00,0.00,9.898,0.182,-1.633,0,0
72394,0,-0.03,-0.37,9.917,0.110,-1.604,0,0
72445,0,-0.03,0.00,9.912,0.192,-1.633,0,0
72496,0,-0.04,-0.45,9.898,0.158,-1.604,0,0
72547,0,-0.05,0.00,9.926,0.158,-1.585,0,0
72599,0,-0.08,-0.48,9.902,0.172,-1.638,0,0
72649,0,-0.09,-0.56,9.898,0.153,-1.609,0,0
72700,0,-0.11,0.00,9.912,0.172,-1.599,0,0
72750,0,-0.08,0.00,9.912,0.144,-1.638,0,0
72802,0,-0.10,-0.56,9.922,0.153,-1.633,0,0
72854,0,-0.11,0.00,9.926,0.153,-1.618,0,0
72905,0,-0.13,-0.52,9.902,0.177,-1.633,0,0
72957,0,-0.13,0.00,9.936,0.168,-1.628,0,0
73009,0,-0.14,-0.52,9.912,0.144,-1.618,0,0
73060,0,-0.14,0.00,9.912,0.163,-1.623,0,0
73112,0,-0.15,-0.52,9.917,0.144,-1.642,0,0
73163,0,-0.12,0.00,9.926,0.158,-1.614,0,0
73215,0,-0.12,0.00,9.926,0.144,-1.618,0,0
73267,0,-0.14,-0.48,9.898,0.148,-1.618,0,0
73318,0,-0.14,0.00,9.907,0.158,-1.628,0,0
73370,0,-0.12,0.82,9.907,0.144,-1.590,0,0
73420,0,-0.12,0.00,9.926,0.163,-1.623,0,0
73472,0,-0.13,-0.48,9.902,0.153,-1.618,0,0
73523,0,-0.13,0.00,9.902,0.124,-1.623,0,0
73575,0,-0.15,-0.52,9.922,0.153,-1.595,0,0
73624,0,-0.13,0.80,9.917,0.163,-1.618,0,0
73675,0,-0.13,0.00,9.912,0.153,-1.585,0,0
73725,0,-0.16,-0.56,9.907,0.163,-1.628,0,0
73776,0,-0.17,-0.56,9.917,0.158,-1.638,0,0
73827,0,-0.20,0.00,9.917,0.148,-1.638,0,0
73879,0,-0.18,0.48,9.893,0.163,-1.623,0,0
73930,0,-0.17,0.52,9.917,0.187,-1.638,0,0
73982,0,-0.18,0.00,9.893,0.124,-1.599,0,0
74034,0,-0.15,1.38,9.907,0.163,-1.623,0,0
74085,0,-0.15,0.00,9.893,0.148,-1.604,0,0
74173,0,-0.16,0.00,9.907,0.134,-1.623,0,0
74225,0,-0.16,0.00,9.917,0.144,-1.623,0,0
74276,0,-0.16,0.60,9.898,0.153,-1.614,0,0
74327,0,-0.16,0.00,9.917,0.144,-1.609,0,0
74378,0,-0.11,0.00,9.917,0.163,-1.595,0,0
74430,0,-0.11,0.00,9.907,0.153,-1.590,0,0
74481,0,-0.11,0.00,9.907,0.172,-1.614,0,0
74533,0,-0.11,0.00,9.926,0.153,-1.628,0,0
74585,0,-0.09,0.00,9.922,0.148,-1.595,0,0
74635,0,-0.09,-0.56,9.912,0.163,-1.618,0,0
74685,0,-0.04,0.00,9.898,0.153,-1.633,0,0
74735,0,-0.05,0.00,9.912,0.153,-1.599,0,0
74785,0,-0.07,-0.56,9.922,0.168,-1.642,0,0
74837,0,-0.03,0.00,9.907,0.148,-1.614,0,0
74889,0,-0.04,0.00,9.893,0.139,-1.628,0,0
74940,0,-0.06,-0.56,9.907,0.144,-1.590,0,0
74992,0,-0.06,0.00,9.912,0.163,-1.609,0,0
75043,0,-0.05,0.00,9.926,0.168,-1.628,0,0
75095,0,-0.05,0.00,9.902,0.158,-1.604,0,0
75147,0,-0.06,0.00,9.912,0.158,-1.595,0,0
75197,0,-0.06,0.00,9.912,0.177,-1.609,0,0
75248,0,-0.04,-0.52,9.907,0.153,-1.595,0,0
75300,0,-0.05,0.00,9.941,0.144,-1.599,0,0
75352,0,-0.05,0.00,9.888,0.158,-1.609,0,0
75403,0,-0.05,0.00,9.912,0.158,-1.618,0,0
75455,0,-0.03,0.00,9.912,0.148,-1.647,0,0
75506,0,-0.02,0.52,9.902,0.144,-1.604,0,0
75558,0,-0.00,0.00,9.917,0.139,-1.599,0,0
75607,0,0.01,0.00,9.902,0.172,-1.614,0,0
75658,0,0.02,0.50,9.898,0.139,-1.604,0,0
75708,0,0.02,0.00,9.902,0.158,-1.623,0,0
75758,0,0.02,-0.84,9.922,0.153,-1.585,0,0
75810,0,0.06,1.37,9.922,0.158,-1.628,0,0
75862,0,0.07,0.52,9.917,0.192,-1.628,0,0
75913,0,0.07,0.00,9.936,0.153,-1.633,0,0
75965,0,0.06,0.00,9.922,0.163,-1.599,0,0
76017,0,0.05,-0.48,9.888,0.158,-1.623,0,0
76067,0,0.06,0.48,9.912,0.153,-1.623,0,0
76118,0,0.05,-0.48,9.912,0.163,-1.628,0,0
76170,0,0.06,0.00,9.912,0.129,-1.599,0,0
76231,0,0.10,0.45,9.917,0.144,-1.628,0,0
76281,0,0.08,-0.50,9.912,0.163,-1.618,0,0
76333,0,0.07,-0.52,9.902,0.139,-1.609,0,0
76384,0,0.08,0.52,9.902,0.158,-1.609,0,0
76436,0,0.07,0.00,9.912,0.144,-1.618,0,0
76487,0,0.10,1.36,9.931,0.153,-1.618,0,0
76539,0,0.12,0.00,9.907,0.153,-1.599,0,0
76591,0,0.12,0.00,9.907,0.158,-1.628,0,0
76641,0,0.12,0.00,9.898,0.134,-1.590,0,0
76691,0,0.10,0.00,9.912,0.168,-1.609,0,0
76742,0,0.09,0.00,9.931,0.139,-1.614,0,0
76791,0,0.04,-2.03,9.922,0.158,-1.638,0,0
76843,0,0.06,0.00,9.912,0.148,-1.599,0,0
76894,0,0.04,-0.52,9.931,0.158,-1.604,0,0
76946,0,0.02,0.00,9.893,0.163,-1.623,0,0
76998,0,0.01,0.00,9.912,0.134,-1.633,0,0
77049,0,-0.02,-1.02,9.912,0.153,-1.590,0,0
77101,0,0.03,0.52,9.888,0.153,-1.614,0,0
77152,0,0.02,-0.56,9.907,0.153,-1.614,0,0
77203,0,0.04,0.86,9.926,0.144,-1.623,0,0
77254,0,0.04,0.00,9.912,0.153,-1.599,0,0
77306,0,0.01,-0.48,9.902,0.139,-1.628,0,0
77357,0,-0.00,-0.56,9.922,0.172,-1.595,0,0
77409,0,0.02,0.00,9.917,0.163,-1.590,0,0
77458,0,0.04,0.48,9.902,0.158,-1.595,0,0
77510,0,0.02,-0.48,9.912,0.158,-1.628,0,0
77561,0,0.04,-0.52,9.907,0.148,-1.623,0,0
77613,0,0.03,-0.50,9.902,0.158,-1.604,0,0
77664,0,0.03,0.00,9.912,0.163,-1.599,0,0
77714,0,0.05,1.47,9.898,0.139,-1.633,0,0
77764,0,0.04,-0.54,9.926,0.148,-1.638,0,0
77816,0,0.05,0.00,9.907,0.182,-1.609,0,0
77868,0,0.04,0.00,9.907,0.158,-1.633,0,0
77919,0,0.06,0.82,9.917,0.153,-1.604,0,0
77971,0,0.04,-0.52,9.898,0.148,-1.609,0,0
78022,0,0.07,1.35,9.917,0.134,-1.599,0,0
78073,0,0.06,-0.50,9.917,0.148,-1.623,0,0
78124,0,0.08,0.84,9.926,0.168,-1.633,0,0
78176,0,0.04,-1.04,9.902,0.158,-1.647,0,0
78227,0,0.06,0.95,9.912,0.163,-1.614,0,0
78301,0,0.04,-0.20,9.922,0.153,-1.590,0,0
78353,0,0.01,-1.55,9.893,0.153,-1.638,0,0
78403,0,0.01,0.00,9.893,0.158,-1.595,0,0
78454,0,0.00,-0.52,9.912,0.158,-1.609,0,0
78506,0,-0.01,0.00,9.926,0.158,-1.623,0,0
78555,0,0.01,-0.52,9.902,0.139,-1.599,0,0
78607,0,0.02,0.34,9.907,0.168,-1.633,0,0
78657,0,0.01,0.00,9.912,0.148,-1.595,0,0
78708,0,0.02,-0.52,9.902,0.158,-1.609,0,0
78758,0,0.04,0.91,9.912,0.163,-1.609,0,0
78810,0,0.01,0.00,9.917,0.153,-1.614,0,0
78861,0,-0.04,-1.01,9.917,0.139,-1.609,0,0
78913,0,-0.02,0.00,9.893,0.153,-1.604,0,0
78965,0,-0.03,0.34,9.902,0.163,-1.628,0,0
79016,0,-0.03,0.00,9.912,0.163,-1.633,0,0
79068,0,-0.07,-0.52,9.922,0.163,-1.590,0,0
79119,0,-0.05,0.82,9.902,0.139,-1.623,0,0
79171,0,-0.05,0.00,9.931,0.153,-1.652,0,0
79223,0,-0.05,0.34,9.902,0.158,-1.614,0,0
79273,0,-0.08,-0.97,9.946,0.158,-1.623,0,0
79325,0,-0.09,-0.56,9.912,0.172,-1.609,0,0
79376,0,-0.05,0.00,9.898,0.148,-1.638,0,0
79428,0,-0.07,-1.01,9.922,0.144,-1.595,0,0
79479,0,-0.09,-0.52,9.907,0.158,-1.618,0,0
79531,0,-0.08,-0.52,9.912,0.158,-1.595,0,0
79582,0,-0.09,-0.52,9.898,0.148,-1.585,0,0
79632,0,-0.06,0.00,9.893,0.148,-1.618,0,0
79683,0,-0.07,-0.56,9.907,0.163,-1.618,0,0
79733,0,-0.05,0.93,9.926,0.168,-1.628,0,0
79783,0,-0.05,0.00,9.907,0.144,-1.618,0,0
79835,0,-0.03,1.30,9.917,0.158,-1.614,0,0
79886,0,-0.04,-0.45,9.907,0.153,-1.604,0,0
79938,0,-0.04,0.00,9.917,0.144,-1.638,0,0
79990,0,-0.02,0.84,9.917,0.148,-1.647,0,0
80041,0,-0.00,0.00,9.922,0.153,-1.614,0,0
80093,0,-0.03,-0.45,9.926,0.163,-1.599,0,0
80144,0,-0.03,0.00,9.917,0.158,-1.595,0,0
80195,0,-0.01,0.78,9.898,0.158,-1.609,0,0
80246,0,-0.02,0.00,9.898,0.144,-1.623,0,0
80298,0,-0.04,-0.56,9.922,0.168,-1.595,0,0
80350,0,-0.06,-0.37,9.912,0.148,-1.614,0,0
80402,0,-0.04,0.82,9.912,0.153,-1.628,0,0
80452,0,-0.05,-0.48,9.912,0.153,-1.590,0,0
80504,0,-0.05,0.00,9.898,0.153,-1.595,0,0
80555,0,-0.08,-0.45,9.907,0.144,-1.609,0,0
80607,0,-0.08,0.00,9.907,0.158,-1.609,0,0
80657,0,-0.04,0.00,9.902,0.144,-1.595,0,0
80708,0,-0.06,-1.13,9.898,0.158,-1.609,0,0
80758,0,-0.06,0.00,9.907,0.134,-1.618,0,0
80810,0,-0.04,0.00,9.922,0.168,-1.585,0,0
80862,0,-0.06,-0.45,9.917,0.153,-1.590,0,0
80913,0,-0.08,0.00,9.907,0.124,-1.604,0,0
80965,0,-0.09,-1.01,9.912,0.153,-1.595,0,0
81016,0,-0.11,-0.48,9.912,0.153,-1.628,0,0
81068,0,-0.11,0.00,9.898,0.148,-1.609,0,0
81120,0,-0.10,-0.48,9.917,0.163,-1.566,0,0
81171,0,-0.10,0.00,9.907,0.163,-1.638,0,0
81223,0,-0.11,-1.01,9.907,0.163,-1.642,0,0
81274,0,-0.12,-0.56,9.902,0.144,-1.609,0,0
81326,0,-0.12,0.36,9.907,0.148,-1.633,0,0
81378,0,-0.14,-0.52,9.912,0.144,-1.614,0,0
81428,0,-0.14,0.00,9.907,0.158,-1.595,0,0
81480,0,-0.11,0.86,9.912,0.153,-1.599,0,0
81531,0,-0.13,0.00,9.912,0.148,-1.585,0,0
81583,0,-0.13,0.00,9.922,0.139,-1.599,0,0
81633,0,-0.13,0.00,9.902,0.168,-1.614,0,0
81683,0,-0.09,0.00,9.922,0.153,-1.590,0,0
81733,0,-0.11,-0.46,9.902,0.163,-1.599,0,0
81784,0,-0.11,0.00,9.898,0.158,-1.609,0,0
81835,0,-0.08,0.00,9.922,0.158,-1.628,0,0
81887,0,-0.10,-0.48,9.893,0.158,-1.642,0,0
81938,0,-0.07,0.00,9.907,0.139,-1.609,0,0
81990,0,-0.09,-0.52,9.926,0.163,-1.618,0,0
82042,0,-0.10,0.00,9.893,0.134,-1.609,0,0
82093,0,-0.13,-0.48,9.926,0.153,-1.618,0,0
82145,0,-0.13,0.00,9.902,0.158,-1.590,0,0
82196,0,-0.11,0.00,9.917,0.172,-1.628,0,0
82248,0,-0.11,0.00,9.893,0.129,-1.633,0,0
82300,0,-0.12,0.00,9.917,0.148,-1.623,0,0
82350,0,-0.13,-0.52,9.902,0.163,-1.604,0,0
82403,0,-0.10,0.45,9.912,0.144,-1.623,0,0
82455,0,-0.10,0.00,9.907,0.158,-1.618,0,0
82505,0,-0.10,0.00,9.902,0.163,-1.638,0,0
82557,0,-0.11,-0.48,9.912,0.148,-1.628,0,0
82608,0,-0.11,0.00,9.898,0.158,-1.595,0,0
82659,0,-0.11,0.00,9.888,0.163,-1.623,0,0
82709,0,-0.11,0.00,9.902,0.168,-1.599,0,0
82760,0,-0.13,-0.56,9.893,0.144,-1.623,0,0
82811,0,-0.14,0.00,9.902,0.148,-1.614,0,0
82863,0,-0.12,0.86,9.902,0.163,-1.604,0,0
82915,0,-0.13,0.00,9.922,0.144,-1.609,0,0
82966,0,-0.11,0.86,9.922,0.148,-1.599,0,0
83018,0,-0.12,-0.52,9.917,0.168,-1.623,0,0
83069,0,-0.12,0.00,9.888,0.153,-1.614,0,0
83121,0,-0.11,0.82,9.902,0.148,-1.647,0,0
83173,0,-0.10,0.00,9.902,0.153,-1.580,0,0
83224,0,-0.11,0.00,9.917,0.153,-1.590,0,0
83276,0,-0.13,-0.48,9.898,0.144,-1.604,0,0
83327,0,-0.12,-0.48,9.931,0.148,-1.604,0,0
83379,0,-0.12,0.00,9.907,0.158,-1.618,0,0
83431,0,-0.13,0.00,9.902,0.168,-1.633,0,0
83481,0,-0.13,0.00,9.931,0.144,-1.585,0,0
83532,0,-0.16,-0.52,9.902,0.144,-1.599,0,0
83584,0,-0.12,1.45,9.907,0.153,-1.604,0,0
83637,0,-0.12,0.00,9.902,0.158,-1.618,0,0
83687,0,-0.15,-1.09,9.907,0.158,-1.633,0,0
83737,0,-0.16,-0.56,9.893,0.153,-1.604,0,0
83787,0,-0.14,0.00,9.893,0.158,-1.599,0,0
83839,0,-0.16,-0.52,9.907,0.168,-1.604,0,0
83890,0,-0.16,0.00,9.907,0.139,-1.628,0,0
83942,0,-0.17,0.00,9.922,0.153,-1.595,0,0
83994,0,-0.17,0.00,9.888,0.153,-1.623,0,0
84045,0,-0.13,0.00,9.931,0.134,-1.580,0,0
84097,0,-0.16,-0.48,9.917,0.163,-1.614,0,0
84174,0,-0.15,0.00,9.902,0.148,-1.590,0,0
84225,0,-0.15,0.00,9.902,0.153,-1.618,0,0
84277,0,-0.13,0.52,9.902,0.148,-1.642,0,0
84327,0,-0.13,0.00,9.902,0.163,-1.604,0,0
84379,0,-0.13,0.00,9.893,0.153,-1.623,0,0
84430,0,-0.15,0.00,9.912,0.148,-1.580,0,0
84482,0,-0.16,0.00,9.898,0.139,-1.580,0,0
84533,0,-0.12,0.00,9.922,0.163,-1.614,0,0
84585,0,-0.12,0.00,9.917,0.148,-1.628,0,0
84635,0,-0.12,0.00,9.898,0.148,-1.595,0,0
84686,0,-0.12,0.00,9.917,0.172,-1.604,0,0
84736,0,-0.14,0.00,9.898,0.153,-1.609,0,0
84786,0,-0.15,-0.52,9.922,0.148,-1.618,0,0
84837,0,-0.15,0.00,9.907,0.177,-1.609,0,0
84889,0,-0.16,-0.52,9.917,0.134,-1.623,0,0
84941,0,-0.16,0.00,9.922,0.168,-1.638,0,0
84992,0,-0.18,0.00,9.893,0.139,-1.609,0,0
85044,0,-0.19,-0.52,9.907,0.153,-1.590,0,0
85095,0,-0.19,0.00,9.912,0.163,-1.609,0,0
85147,0,-0.21,-1.29,9.917,0.129,-1.623,0,0
85199,0,-0.21,0.00,9.902,0.148,-1.604,0,0
85249,0,-0.19,0.71,9.907,0.139,-1.623,0,0
85300,0,-0.19,0.00,9.907,0.168,-1.609,0,0
85352,0,-0.19,-0.52,9.922,0.134,-1.604,0,0
85404,0,-0.19,0.00,9.878,0.153,-1.604,0,0
85455,0,-0.21,-0.48,9.907,0.153,-1.609,0,0
85507,0,-0.21,0.00,9.883,0.153,-1.604,0,0
85558,0,-0.23,0.00,9.912,0.158,-1.614,0,0
85610,0,-0.21,0.52,9.917,0.163,-1.633,0,0
85661,0,-0.21,0.00,9.912,0.144,-1.614,0,0
85711,0,-0.23,0.00,9.893,0.148,-1.628,0,0
85762,0,-0.23,0.00,9.912,0.153,-1.618,0,0
85813,0,-0.23,0.00,9.888,0.158,-1.595,0,0
85865,0,-0.19,0.00,9.902,0.139,-1.609,0,0
85917,0,-0.19,0.00,9.912,0.153,-1.604,0,0
85968,0,-0.19,0.00,9.912,0.158,-1.618,0,0
86020,0,-0.19,0.00,9.902,0.153,-1.595,0,0
86071,0,-0.20,0.00,9.917,0.153,-1.642,0,0
86123,0,-0.17,0.00,9.888,0.163,-1.609,0,0
86174,0,-0.17,0.00,9.912,0.153,-1.623,0,0
86227,0,-0.17,0.00,9.907,0.148,-1.628,0,0
86278,0,-0.17,0.00,9.898,0.148,-1.642,0,0
86329,0,-0.18,-0.52,9.922,0.158,-1.623,0,0
86380,0,-0.14,1.38,9.917,0.153,-1.604,0,0
86432,0,-0.16,0.00,9.926,0.148,-1.595,0,0
86483,0,-0.17,-0.56,9.907,0.148,-1.614,0,0
86535,0,-0.19,0.00,9.888,0.129,-1.618,0,0
86587,0,-0.20,-0.52,9.912,0.148,-1.604,0,0
86637,0,-0.20,0.00,9.902,0.153,-1.599,0,0
86687,0,-0.21,0.00,9.912,0.144,-1.599,0,0
86738,0,-0.23,0.00,9.902,0.158,-1.647,0,0
86787,0,-0.23,0.00,9.898,0.148,-1.618,0,0
86839,0,-0.21,0.52,9.907,0.153,-1.628,0,0
86891,0,-0.23,-0.52,9.922,0.144,-1.609,0,0
86942,0,-0.23,0.00,9.912,0.148,-1.590,0,0
86994,0,-0.24,0.00,9.912,0.144,-1.614,0,0
87045,0,-0.24,0.00,9.902,0.163,-1.623,0,0
87097,0,-0.20,2.05,9.912,0.163,-1.609,0,0
87149,0,-0.20,0.00,9.912,0.158,-1.618,0,0
87199,0,-0.20,0.00,9.898,0.139,-1.638,0,0
87250,0,-0.20,0.00,9.917,0.153,-1.618,0,0
87302,0,-0.20,-0.48,9.883,0.163,-1.628,0,0
87354,0,-0.20,0.00,9.898,0.153,-1.604,0,0
87405,0,-0.20,0.00,9.917,0.158,-1.580,0,0
87457,0,-0.20,0.00,9.917,0.163,-1.633,0,0
87508,0,-0.20,0.00,9.922,0.158,-1.633,0,0
87560,0,-0.22,0.00,9.893,0.163,-1.609,0,0
87609,0,-0.20,0.86,9.907,0.139,-1.633,0,0
87660,0,-0.20,0.00,9.907,0.148,-1.609,0,0
87710,0,-0.20,0.00,9.907,0.158,-1.623,0,0
87761,0,-0.21,-0.56,9.907,0.163,-1.609,0,0
87812,0,-0.21,0.00,9.893,0.120,-1.614,0,0
87864,0,-0.20,0.00,9.902,0.153,-1.604,0,0
87916,0,-0.20,0.00,9.936,0.163,-1.618,0,0
87967,0,-0.20,0.00,9.922,0.163,-1.595,0,0
88019,0,-0.20,0.00,9.907,0.163,-1.618,0,0
88069,0,-0.20,0.00,9.898,0.153,-1.633,0,0
88121,0,-0.20,0.00,9.917,0.134,-1.575,0,0
88172,0,-0.22,-1.34,9.907,0.144,-1.618,0,0
88224,0,-0.23,-0.52,9.912,0.144,-1.595,0,0
88276,0,-0.20,0.53,9.912,0.163,-1.628,0,0
88328,0,-0.20,0.00,9.926,0.153,-1.628,0,0
88380,0,-0.20,0.00,9.898,0.148,-1.647,0,0
88430,0,-0.20,0.00,9.917,0.148,-1.633,0,0
88481,0,-0.25,0.00,9.898,0.158,-1.614,0,0
88533,0,-0.25,0.00,9.917,0.158,-1.628,0,0
88585,0,-0.25,0.00,9.902,0.153,-1.609,0,0
88635,0,-0.26,-0.56,9.912,0.158,-1.614,0,0
88685,0,-0.26,0.00,9.907,0.172,-1.599,0,0
88736,0,-0.25,0.56,9.898,0.148,-1.614,0,0
88785,0,-0.25,0.00,9.912,0.153,-1.628,0,0
88837,0,-0.25,0.00,9.907,0.134,-1.614,0,0
88889,0,-0.21,0.00,9.912,0.153,-1.599,0,0
88940,0,-0.21,0.00,9.912,0.168,-1.609,0,0
88992,0,-0.21,-0.52,9.888,0.129,-1.609,0,0
89043,0,-0.21,0.00,9.902,0.187,-1.614,0,0
89095,0,-0.21,0.00,9.898,0.153,-1.595,0,0
89147,0,-0.22,0.00,9.898,0.153,-1.599,0,0
89198,0,-0.22,0.00,9.912,0.158,-1.633,0,0
89250,0,-0.25,-0.52,9.917,0.139,-1.599,0,0
89301,0,-0.25,0.00,9.922,0.153,-1.614,0,0
89352,0,-0.26,-0.52,9.902,0.153,-1.604,0,0
89403,0,-0.26,0.00,9.902,0.172,-1.595,0,0
89455,0,-0.28,-0.52,9.893,0.158,-1.604,0,0
89506,0,-0.29,-0.48,9.907,0.158,-1.595,0,0
89558,0,-0.29,0.00,9.907,0.163,-1.633,0,0
89610,0,-0.29,0.00,9.902,0.144,-1.618,0,0
89660,0,-0.31,0.00,9.893,0.153,-1.638,0,0
89711,0,-0.26,1.93,9.926,0.153,-1.609,0,0
89761,0,-0.27,-0.56,9.893,0.158,-1.618,0,0
89813,0,-0.27,0.00,9.907,0.158,-1.638,0,0
89864,0,-0.26,0.00,9.907,0.148,-1.614,0,0
89916,0,-0.26,0.00,9.912,0.158,-1.614,0,0
89968,0,-0.26,0.00,9.902,0.158,-1.614,0,0
90019,0,-0.26,0.00,9.902,0.163,-1.580,0,0
90071,0,-0.26,0.00,9.902,0.163,-1.614,0,0
90122,0,-0.27,-0.52,9.912,0.148,-1.618,0,0
90174,0,-0.27,0.00,9.926,0.134,-1.599,0,0
90226,0,-0.27,0.48,9.936,0.168,-1.609,0,0
90276,0,-0.27,0.00,9.936,0.168,-1.628,0,0
90329,0,-0.27,0.00,9.926,0.153,-1.618,0,0
90381,0,-0.30,-0.56,9.907,0.148,-1.618,0,0
90433,0,-0.30,0.00,9.922,0.177,-1.623,0,0
90483,0,-0.30,0.00,9.902,0.148,-1.590,0,0
90535,0,-0.28,0.00,9.893,0.168,-1.618,0,0
90586,0,-0.25,0.00,9.898,0.139,-1.618,0,0
90636,0,-0.25,0.00,9.912,0.168,-1.628,0,0
90687,0,-0.26,0.00,9.922,0.163,-1.604,0,0
90737,0,-0.26,0.00,9.902,0.163,-1.585,0,0
90787,0,-0.26,0.00,9.912,0.163,-1.590,0,0
90839,0,-0.26,0.00,9.893,0.172,-1.599,0,0
90890,0,-0.27,-0.48,9.888,0.144,-1.628,0,0
90942,0,-0.27,0.00,9.936,0.158,-1.657,0,0
90993,0,-0.31,-0.78,9.878,0.163,-1.599,0,0
91045,0,-0.31,0.00,9.893,0.144,-1.618,0,0
91097,0,-0.31,0.00,9.931,0.163,-1.623,0,0
91148,0,-0.29,0.78,9.898,0.148,-1.599,0,0
91200,0,-0.29,0.00,9.926,0.177,-1.618,0,0
91251,0,-0.29,0.00,9.902,0.153,-1.638,0,0
91303,0,-0.29,0.00,9.907,0.148,-1.614,0,0
91355,0,-0.31,-0.56,9.902,0.148,-1.599,0,0
91405,0,-0.31,0.00,9.917,0.163,-1.599,0,0
91457,0,-0.29,0.00,9.917,0.144,-1.628,0,0
91508,0,-0.31,-0.56,9.883,0.139,-1.638,0,0
91560,0,-0.33,-0.48,9.907,0.148,-1.609,0,0
91612,0,-0.31,-0.52,9.912,0.158,-1.599,0,0
91662,0,-0.33,0.00,9.917,0.163,-1.599,0,0
91713,0,-0.30,0.00,9.893,0.153,-1.604,0,0
91763,0,-0.27,1.45,9.907,0.129,-1.628,0,0
91812,0,-0.27,0.00,9.912,0.134,-1.609,0,0
91864,0,-0.26,0.82,9.917,0.148,-1.628,0,0
91915,0,-0.24,0.56,9.917,0.134,-1.618,0,0
91967,0,-0.24,0.00,9.907,0.153,-1.599,0,0
92018,0,-0.22,-0.52,9.907,0.158,-1.618,0,0
92070,0,-0.20,0.00,9.912,0.158,-1.614,0,0
92122,0,-0.21,0.00,9.907,0.148,-1.604,0,0
92173,0,-0.19,0.86,9.893,0.153,-1.618,0,0
92225,0,-0.20,-0.52,9.922,0.163,-1.604,0,0
92276,0,-0.17,1.34,9.922,0.153,-1.590,0,0
92327,0,-0.18,-0.48,9.902,0.172,-1.628,0,0
92401,0,-0.13,0.51,9.907,0.144,-1.628,0,0
92453,0,-0.11,0.74,9.893,0.163,-1.599,0,0
92504,0,-0.13,-0.56,9.893,0.158,-1.623,0,0
92555,0,-0.13,0.00,9.907,0.148,-1.604,0,0
92607,0,-0.10,0.86,9.931,0.168,-1.633,0,0
92657,0,-0.10,0.00,9.917,0.134,-1.585,0,0
92707,0,-0.10,0.00,9.902,0.153,-1.595,0,0
92758,0,-0.07,0.00,9.893,0.158,-1.609,0,0
92807,0,-0.07,0.00,9.931,0.182,-1.609,0,0
92859,0,-0.08,-0.52,9.922,0.144,-1.623,0,0
92910,0,-0.06,0.00,9.917,0.153,-1.633,0,0
92962,0,-0.07,-0.52,9.902,0.158,-1.604,0,0
93013,0,-0.07,0.00,9.907,0.148,-1.647,0,0
93065,0,-0.05,1.38,9.902,0.163,-1.590,0,0
93117,0,-0.06,-0.52,9.922,0.139,-1.609,0,0
93168,0,-0.08,0.00,9.902,0.153,-1.618,0,0
93220,0,-0.09,0.00,9.902,0.177,-1.614,0,0
93271,0,-0.07,0.00,9.898,0.144,-1.623,0,0
93323,0,-0.06,0.88,9.936,0.168,-1.652,0,0
93375,0,-0.08,-1.01,9.888,0.153,-1.604,0,0
93425,0,-0.08,0.34,9.902,0.153,-1.614,0,0
93476,0,-0.09,0.00,9.898,0.158,-1.628,0,0
93528,0,-0.10,0.26,9.893,0.148,-1.642,0,0
93580,0,-0.12,-1.01,9.926,0.144,-1.609,0,0
93630,0,-0.14,0.00,9.912,0.158,-1.628,0,0
93680,0,-0.13,-0.56,9.898,0.144,-1.595,0,0
93730,0,-0.14,-0.50,9.917,0.148,-1.604,0,0
93780,0,-0.12,0.00,9.888,0.148,-1.599,0,0
93832,0,-0.13,-0.45,9.907,0.153,-1.604,0,0
93884,0,-0.13,0.00,9.912,0.163,-1.590,0,0
93935,0,-0.11,-0.56,9.912,0.158,-1.609,0,0
93987,0,-0.12,-0.48,9.912,0.153,-1.604,0,0
94038,0,-0.11,-0.45,9.917,0.148,-1.595,0,0
94090,0,-0.13,-0.52,9.902,0.153,-1.633,0,0
94215,0,-0.17,-0.27,9.898,0.163,-1.628,0,0
94267,0,-0.18,0.00,9.893,0.168,-1.614,0,0
94319,0,-0.20,-0.48,9.888,0.134,-1.614,0,0
94369,0,-0.20,0.00,9.907,0.158,-1.590,0,0
94420,0,-0.16,0.00,9.912,0.158,-1.628,0,0
94472,0,-0.16,0.56,9.898,0.148,-1.599,0,0
94524,0,-0.15,0.52,9.893,0.158,-1.590,0,0
94575,0,-0.12,0.45,9.936,0.153,-1.628,0,0
94628,0,-0.10,0.93,9.898,0.134,-1.623,0,0
94678,0,-0.10,0.00,9.922,0.158,-1.599,0,0
94728,0,-0.12,-0.46,9.917,0.153,-1.614,0,0
94779,0,-0.12,0.00,9.926,0.148,-1.609,0,0
94830,0,-0.15,0.00,9.907,0.158,-1.623,0,0
94882,0,-0.11,0.00,9.902,0.158,-1.618,0,0
94933,0,-0.13,-0.56,9.912,0.158,-1.614,0,0
94985,0,-0.14,0.00,9.931,0.163,-1.623,0,0
95037,0,-0.14,0.00,9.898,0.148,-1.628,0,0
95088,0,-0.16,0.00,9.917,0.139,-1.609,0,0
95140,0,-0.13,-1.04,9.907,0.139,-1.618,0,0
95191,0,-0.15,0.00,9.917,0.144,-1.623,0,0
95243,0,-0.17,-1.04,9.907,0.134,-1.609,0,0
95295,0,-0.17,0.00,9.907,0.153,-1.609,0,0
95345,0,-0.19,-0.52,9.917,0.153,-1.604,0,0
95396,0,-0.14,1.79,9.912,0.148,-1.618,0,0
95448,0,-0.15,0.00,9.912,0.144,-1.633,0,0
95500,0,-0.17,-0.48,9.931,0.153,-1.595,0,0
95551,0,-0.18,0.00,9.898,0.168,-1.628,0,0
95603,0,-0.17,0.86,9.902,0.153,-1.614,0,0
95653,0,-0.17,0.00,9.893,0.158,-1.609,0,0
95704,0,-0.19,-0.54,9.907,0.148,-1.604,0,0
95754,0,-0.19,0.00,9.917,0.148,-1.618,0,0
95806,0,-0.20,0.00,9.931,0.168,-1.585,0,0
95858,0,-0.18,1.34,9.893,0.172,-1.638,0,0
95909,0,-0.16,0.56,9.917,0.148,-1.595,0,0
95961,0,-0.15,0.00,9.898,0.168,-1.614,0,0
96012,0,-0.16,0.00,9.917,0.172,-1.618,0,0
96064,0,-0.18,0.00,9.898,0.148,-1.633,0,0
96116,0,-0.19,-0.48,9.907,0.148,-1.604,0,0
96167,0,-0.17,0.82,9.907,0.158,-1.604,0,0
96219,0,-0.17,0.00,9.907,0.134,-1.614,0,0
96271,0,-0.18,-0.25,9.907,0.148,-1.657,0,0
96323,0,-0.18,0.00,9.926,0.139,-1.638,0,0
96375,0,-0.20,0.00,9.888,0.144,-1.580,0,0
96425,0,-0.20,0.00,9.907,0.163,-1.580,0,0
96476,0,-0.21,0.00,9.898,0.139,-1.575,0,0
96528,0,-0.22,0.00,9.922,0.163,-1.609,0,0
96577,0,-0.24,0.00,9.907,0.144,-1.609,0,0
96630,0,-0.20,1.41,9.902,0.153,-1.599,0,0
96680,0,-0.20,0.00,9.912,0.158,-1.623,0,0
96730,0,-0.20,0.00,9.922,0.144,-1.604,0,0
96780,0,-0.20,0.00,9.917,0.163,-1.628,0,0
96832,0,-0.21,0.00,9.912,0.158,-1.585,0,0
96884,0,-0.21,0.00,9.898,0.144,-1.609,0,0
96935,0,-0.18,0.00,9.898,0.163,-1.609,0,0
96987,0,-0.18,0.00,9.907,0.144,-1.623,0,0
97038,0,-0.19,-0.48,9.922,0.168,-1.604,0,0
97090,0,-0.17,0.00,9.922,0.153,-1.618,0,0
97142,0,-0.18,-0.52,9.917,0.177,-1.604,0,0
97193,0,-0.18,0.00,9.922,0.148,-1.595,0,0
97245,0,-0.20,0.00,9.893,0.153,-1.618,0,0
97296,0,-0.21,-0.48,9.902,0.144,-1.618,0,0
97347,0,-0.22,-0.52,9.936,0.168,-1.642,0,0
97398,0,-0.19,0.00,9.874,0.134,-1.614,0,0
97450,0,-0.20,0.00,9.912,0.163,-1.618,0,0
97501,0,-0.20,0.00,9.912,0.168,-1.618,0,0
97553,0,-0.23,-0.52,9.912,0.158,-1.623,0,0
97605,0,-0.24,-0.48,9.893,0.158,-1.604,0,0
97655,0,-0.26,0.00,9.898,0.148,-1.623,0,0
97706,0,-0.23,-0.52,9.907,0.158,-1.618,0,0
97756,0,-0.25,-0.56,9.902,0.153,-1.599,0,0
97805,0,-0.25,0.00,9.907,0.144,-1.614,0,0
97857,0,-0.20,0.52,9.917,0.163,-1.618,0,0
97909,0,-0.21,-0.52,9.912,0.168,-1.599,0,0
97960,0,-0.23,0.00,9.917,0.153,-1.623,0,0
98012,0,-0.24,-0.52,9.898,0.153,-1.585,0,0
98063,0,-0.23,0.00,9.893,0.177,-1.590,0,0
98115,0,-0.23,0.00,9.917,0.148,-1.604,0,0
98167,0,-0.23,0.00,9.912,0.168,-1.604,0,0
98217,0,-0.18,1.83,9.912,0.163,-1.614,0,0
98268,0,-0.18,0.00,9.922,0.148,-1.585,0,0
98322,0,-0.16,0.19,9.898,0.158,-1.575,0,0
98373,0,-0.19,-0.52,9.912,0.168,-1.623,0,0
98424,0,-0.19,0.00,9.898,0.153,-1.618,0,0
98475,0,-0.20,0.00,9.907,0.148,-1.604,0,0
98527,0,-0.20,0.00,9.922,0.158,-1.638,0,0
98578,0,-0.19,0.56,9.907,0.158,-1.595,0,0
98628,0,-0.20,-0.56,9.917,0.144,-1.618,0,0
98679,0,-0.22,0.00,9.917,0.153,-1.614,0,0
98729,0,-0.23,0.00,9.902,0.153,-1.580,0,0
98779,0,-0.25,-0.54,9.902,0.148,-1.618,0,0
98831,0,-0.25,0.00,9.902,0.148,-1.623,0,0
98882,0,-0.22,0.93,9.922,0.148,-1.623,0,0
98934,0,-0.22,0.00,9.898,0.153,-1.618,0,0
98986,0,-0.24,-0.52,9.922,0.153,-1.628,0,0
99037,0,-0.24,0.00,9.922,0.153,-1.599,0,0
99089,0,-0.25,0.00,9.907,0.153,-1.609,0,0
99140,0,-0.26,-0.56,9.893,0.158,-1.628,0,0
99192,0,-0.28,0.00,9.907,0.148,-1.609,0,0
99244,0,-0.29,-0.52,9.902,0.163,-1.642,0,0
99294,0,-0.29,0.00,9.907,0.163,-1.633,0,0
99345,0,-0.32,-0.52,9.902,0.163,-1.618,0,0
99397,0,-0.33,0.00,9.917,0.158,-1.614,0,0
99449,0,-0.31,-0.52,9.917,0.148,-1.599,0,0
99500,0,-0.32,-0.48,9.898,0.153,-1.623,0,0
99552,0,-0.32,0.56,9.902,0.168,-1.642,0,0
99604,0,-0.32,0.00,9.902,0.158,-1.628,0,0
99654,0,-0.32,0.00,9.912,0.139,-1.642,0,0
99704,0,-0.30,-0.56,9.922,0.172,-1.628,0,0
99755,0,-0.30,0.00,9.898,0.139,-1.623,0,0
99804,0,-0.30,0.00,9.902,0.158,-1.604,0,0
99856,0,-0.30,0.00,9.893,0.144,-1.633,0,0
99907,0,-0.31,-0.48,9.926,0.158,-1.618,0,0
99959,0,-0.29,0.00,9.917,0.148,-1.642,0,0
100011,0,-0.29,0.00,9.912,0.139,-1.618,0,0
100062,0,-0.29,0.00,9.912,0.177,-1.618,0,0
100114,0,-0.33,-1.34,9.917,0.148,-1.614,0,0
100164,0,-0.30,0.86,9.912,0.144,-1.599,0,0
100216,0,-0.32,-0.56,9.912,0.163,-1.614,0,0
100267,0,-0.32,0.00,9.907,0.144,-1.633,0,0
100319,0,-0.32,0.00,9.917,0.172,-1.618,0,0
100371,0,-0.30,0.20,9.907,0.134,-1.590,0,0
100423,0,-0.30,0.00,9.922,0.148,-1.623,0,0
100475,0,-0.30,0.00,9.922,0.153,-1.618,0,0
100525,0,-0.29,0.48,9.902,0.134,-1.623,0,0
100577,0,-0.29,0.00,9.902,0.168,-1.623,0,0
100626,0,-0.29,0.00,9.931,0.158,-1.604,0,0
100677,0,-0.28,0.00,9.907,0.148,-1.623,0,0
100727,0,-0.29,0.00,9.898,0.148,-1.633,0,0
100777,0,-0.29,0.00,9.898,0.153,-1.609,0,0
100829,0,-0.26,0.00,9.902,0.139,-1.595,0,0
100880,0,-0.26,0.00,9.922,0.153,-1.623,0,0
100932,0,-0.26,0.00,9.907,0.153,-1.623,0,0
100984,0,-0.26,0.45,9.902,0.177,-1.614,0,0
101035,0,-0.27,-0.45,9.888,0.139,-1.590,0,0
101087,0,-0.27,0.00,9.898,0.144,-1.599,0,0
101138,0,-0.27,0.00,9.902,0.153,-1.633,0,0
101190,0,-0.26,0.00,9.912,0.148,-1.609,0,0
101242,0,-0.26,0.00,9.912,0.153,-1.623,0,0
101293,0,-0.26,0.00,9.917,0.168,-1.599,0,0
101345,0,-0.27,0.00,9.922,0.153,-1.618,0,0
101396,0,-0.28,-0.60,9.917,0.153,-1.609,0,0
101447,0,-0.32,-1.30,9.902,0.134,-1.599,0,0
101498,0,-0.30,0.52,9.931,0.158,-1.599,0,0
101550,0,-0.32,0.00,9.912,0.153,-1.590,0,0
101602,0,-0.33,-0.52,9.931,0.148,-1.628,0,0
101652,0,-0.33,0.00,9.902,0.158,-1.609,0,0
101702,0,-0.32,0.54,9.917,0.172,-1.609,0,0
101753,0,-0.32,0.00,9.907,0.158,-1.628,0,0
101802,0,-0.30,0.00,9.902,0.158,-1.609,0,0
101854,0,-0.32,-0.56,9.907,0.168,-1.590,0,0
101905,0,-0.32,0.00,9.907,0.153,-1.604,0,0
101957,0,-0.32,0.00,9.922,0.139,-1.604,0,0
102009,0,-0.35,-0.52,9.907,0.158,-1.642,0,0
102060,0,-0.36,0.00,9.907,0.148,-1.609,0,0
102112,0,-0.36,0.00,9.907,0.158,-1.585,0,0
102163,0,-0.36,0.00,9.902,0.148,-1.609,0,0
102215,0,-0.35,0.00,9.907,0.144,-1.585,0,0
102267,0,-0.33,0.52,9.912,0.163,-1.642,0,0
102317,0,-0.32,0.52,9.907,0.153,-1.604,0,0
102369,0,-0.30,0.52,9.912,0.153,-1.638,0,0
102422,0,-0.30,0.00,9.907,0.153,-1.599,0,0
102474,0,-0.29,0.00,9.946,0.158,-1.590,0,0
102524,0,-0.29,0.00,9.922,0.153,-1.599,0,0
102575,0,-0.29,-0.52,9.902,0.158,-1.633,0,0
102625,0,-0.28,0.56,9.931,0.168,-1.604,0,0
102676,0,-0.28,0.00,9.912,0.134,-1.604,0,0
102726,0,-0.26,0.00,9.912,0.158,-1.604,0,0
102776,0,-0.26,0.00,9.907,0.153,-1.614,0,0
102828,0,-0.29,0.00,9.917,0.158,-1.609,0,0
102879,0,-0.27,0.86,9.898,0.153,-1.609,0,0
102931,0,-0.27,0.00,9.898,0.148,-1.618,0,0
102983,0,-0.26,0.00,9.907,0.158,-1.604,0,0
103034,0,-0.27,-0.45,9.902,0.148,-1.604,0,0
103086,0,-0.27,0.00,9.898,0.144,-1.604,0,0
103137,0,-0.27,0.00,9.883,0.153,-1.633,0,0
103189,0,-0.27,0.00,9.907,0.134,-1.604,0,0
103241,0,-0.24,0.60,9.926,0.148,-1.618,0,0
103292,0,-0.23,0.48,9.912,0.144,-1.647,0,0
103344,0,-0.23,0.00,9.888,0.158,-1.628,0,0
103394,0,-0.23,0.00,9.907,0.148,-1.623,0,0
103443,0,-0.28,0.00,9.922,0.158,-1.614,0,0
103495,0,-0.24,1.34,9.926,0.153,-1.580,0,0
103546,0,-0.23,0.00,9.917,0.158,-1.614,0,0
103598,0,-0.24,0.00,9.917,0.148,-1.628,0,0
103648,0,-0.26,0.00,9.926,0.148,-1.604,0,0
103699,0,-0.27,-0.48,9.902,0.158,-1.618,0,0
103749,0,-0.27,0.00,9.912,0.153,-1.604,0,0
103799,0,-0.26,0.00,9.902,0.139,-1.604,0,0
103850,0,-0.24,0.00,9.907,0.144,-1.623,0,0
103902,0,-0.24,0.00,9.893,0.172,-1.618,0,0
103953,0,-0.26,0.00,9.902,0.158,-1.618,0,0
104005,0,-0.26,-0.56,9.898,0.153,-1.623,0,0
104057,0,-0.24,0.00,9.912,0.148,-1.618,0,0
104108,0,-0.23,0.48,9.912,0.158,-1.609,0,0
104198,0,-0.24,-0.10,9.888,0.148,-1.614,0,0
104250,0,-0.22,0.00,9.912,0.148,-1.580,0,0
104301,0,-0.21,0.48,9.912,0.168,-1.580,0,0
104352,0,-0.21,0.00,9.902,0.163,-1.585,0,0
104403,0,-0.21,0.00,9.898,0.153,-1.642,0,0
104455,0,-0.20,0.00,9.902,0.139,-1.599,0,0
104507,0,-0.20,0.00,9.917,0.148,-1.633,0,0
104558,0,-0.20,0.00,9.907,0.153,-1.609,0,0
104610,0,-0.20,0.00,9.902,0.158,-1.599,0,0
104660,0,-0.21,-0.56,9.902,0.158,-1.609,0,0
104711,0,-0.20,0.00,9.926,0.158,-1.628,0,0
104761,0,-0.20,0.00,9.912,0.158,-1.618,0,0
104813,0,-0.20,0.00,9.898,0.153,-1.599,0,0
104862,0,-0.20,0.00,9.898,0.177,-1.604,0,0
104914,0,-0.20,0.00,9.917,0.139,-1.618,0,0
104965,0,-0.20,0.00,9.888,0.153,-1.599,0,0
105017,0,-0.18,0.48,9.931,0.158,-1.595,0,0
105068,0,-0.17,0.52,9.912,0.148,-1.590,0,0
105120,0,-0.20,0.00,9.912,0.158,-1.623,0,0
105172,0,-0.20,0.00,9.922,0.129,-1.609,0,0
105222,0,-0.15,1.86,9.912,0.148,-1.604,0,0
105274,0,-0.14,0.48,9.902,0.134,-1.585,0,0
105325,0,-0.16,0.00,9.902,0.139,-1.623,0,0
105377,0,-0.16,0.00,9.898,0.153,-1.599,0,0
105428,0,-0.16,0.00,9.926,0.153,-1.638,0,0
105480,0,-0.16,0.00,9.912,0.148,-1.604,0,0
105532,0,-0.18,0.00,9.931,0.153,-1.604,0,0
105583,0,-0.19,0.48,9.907,0.144,-1.614,0,0
105633,0,-0.19,0.00,9.902,0.153,-1.633,0,0
105683,0,-0.19,0.00,9.917,0.163,-1.604,0,0
105734,0,-0.17,0.00,9.907,0.168,-1.614,0,0
105784,0,-0.22,-2.01,9.902,0.144,-1.628,0,0
105835,0,-0.22,0.00,9.917,0.168,-1.609,0,0
105887,0,-0.25,-0.48,9.907,0.163,-1.638,0,0
105939,0,-0.26,0.00,9.907,0.144,-1.614,0,0
105990,0,-0.26,0.00,9.912,0.148,-1.614,0,0
106042,0,-0.28,-0.45,9.922,0.139,-1.623,0,0
106093,0,-0.28,0.00,9.902,0.134,-1.609,0,0
106144,0,-0.28,0.00,9.898,0.153,-1.614,0,0
106195,0,-0.28,0.00,9.898,0.158,-1.638,0,0
106248,0,-0.29,-0.19,9.883,0.139,-1.628,0,0
106299,0,-0.29,0.00,9.926,0.172,-1.609,0,0
106350,0,-0.30,-0.48,9.898,0.134,-1.599,0,0
106401,0,-0.29,0.48,9.912,0.163,-1.599,0,0
106453,0,-0.29,0.00,9.922,0.168,-1.628,0,0
106505,0,-0.29,0.00,9.931,0.168,-1.604,0,0
106556,0,-0.28,0.00,9.926,0.158,-1.609,0,0
106608,0,-0.31,-1.34,9.883,0.124,-1.599,0,0
106658,0,-0.30,0.52,9.917,0.172,-1.618,0,0
106709,0,-0.30,0.00,9.912,0.153,-1.623,0,0
106759,0,-0.30,0.00,9.893,0.134,-1.604,0,0
106811,0,-0.25,2.01,9.917,0.172,-1.623,0,0
106863,0,-0.29,0.00,9.912,0.134,-1.571,0,0
106914,0,-0.27,0.48,9.883,0.192,-1.604,0,0
106966,0,-0.27,0.00,9.931,0.158,-1.604,0,0
107017,0,-0.27,0.00,9.912,0.129,-1.609,0,0
107069,0,-0.27,0.00,9.764,0.096,-1.403,0,0
107121,0,-0.26,0.56,9.807,0.215,-1.556,0,0
107172,0,-0.27,-0.34,9.969,0.110,-1.652,0,0
107224,0,-0.28,0.00,9.874,0.144,-1.719,0,0
107274,0,-0.27,0.52,9.917,0.163,-1.647,0,0
107323,0,-0.27,-0.52,9.888,0.177,-1.561,0,0
107375,0,-0.27,0.00,9.912,0.187,-1.609,0,0
107426,0,-0.25,0.00,9.926,0.105,-1.614,0,0
107478,0,-0.25,0.00,9.912,0.177,-1.623,0,0
107529,0,-0.24,0.00,9.907,0.153,-1.628,0,0
107581,0,-0.24,0.00,9.922,0.124,-1.604,0,0
107631,0,-0.23,0.56,9.898,0.172,-1.595,0,0
107681,0,-0.24,0.00,9.907,0.124,-1.618,0,0
107732,0,-0.27,-0.52,9.912,0.148,-1.657,0,0
107782,0,-0.31,-1.89,9.917,0.148,-1.585,0,0
107834,0,-0.28,0.00,9.926,0.168,-1.609,0,0
107885,0,-0.31,-0.48,9.922,0.168,-1.585,0,0
107937,0,-0.30,0.00,9.898,0.144,-1.618,0,0
107988,0,-0.29,0.00,9.898,0.158,-1.585,0,0
108040,0,-0.29,0.00,9.902,0.144,-1.609,0,0
108091,0,-0.27,0.00,9.917,0.158,-1.618,0,0
108142,0,-0.27,0.00,9.902,0.148,-1.623,0,0
108193,0,-0.31,0.00,9.922,0.139,-1.614,0,0
108245,0,-0.31,0.00,9.907,0.144,-1.614,0,0
108298,0,-0.32,-0.17,9.902,0.163,-1.595,0,0
108350,0,-0.31,0.00,9.902,0.144,-1.628,0,0
108402,0,-0.32,0.00,9.888,0.168,-1.604,0,0
108452,0,-0.32,0.00,9.917,0.158,-1.633,0,0
108504,0,-0.32,0.00,9.888,0.148,-1.628,0,0
108555,0,-0.32,0.00,9.922,0.144,-1.623,0,0
108607,0,-0.31,0.45,9.898,0.153,-1.604,0,0
108657,0,-0.30,0.56,9.907,0.153,-1.618,0,0
108708,0,-0.30,0.00,9.888,0.153,-1.628,0,0
108758,0,-0.33,-1.97,9.912,0.158,-1.628,0,0
108810,0,-0.33,0.00,9.917,0.153,-1.595,0,0
108859,0,-0.33,0.00,9.917,0.153,-1.599,0,0
108911,0,-0.33,0.00,9.883,0.139,-1.628,0,0
108962,0,-0.32,0.00,9.902,0.144,-1.633,0,0
109014,0,-0.32,0.00,9.922,0.144,-1.628,0,0
109065,0,-0.32,0.00,9.907,0.144,-1.595,0,0
109117,0,-0.32,0.00,9.888,0.172,-1.628,0,0
109169,0,-0.32,0.00,9.912,0.168,-1.585,0,0
109220,0,-0.37,0.00,9.883,0.153,-1.614,0,0
109272,0,-0.37,0.00,9.931,0.177,-1.647,0,0
109323,0,-0.38,0.00,9.926,0.144,-1.618,0,0
109374,0,-0.40,-0.48,9.912,0.144,-1.647,0,0
109425,0,-0.38,0.00,9.902,0.163,-1.647,0,0
109477,0,-0.37,0.00,9.922,0.168,-1.623,0,0
109528,0,-0.37,0.00,9.902,0.148,-1.604,0,0
109580,0,-0.38,-0.82,9.912,0.163,-1.623,0,0
109633,0,-0.39,-0.56,9.912,0.153,-1.623,0,0
109683,0,-0.39,0.00,9.926,0.153,-1.599,0,0
109733,0,-0.41,-0.50,9.907,0.158,-1.599,0,0
109783,0,-0.38,0.88,9.907,0.153,-1.599,0,0
109835,0,-0.38,0.00,9.907,0.139,-1.580,0,0
109886,0,-0.40,1.38,9.912,0.163,-1.618,0,0
109938,0,-0.38,0.48,9.917,0.144,-1.604,0,0
109987,0,-0.42,0.00,9.893,0.158,-1.623,0,0
110039,0,-0.43,-0.52,9.902,0.148,-1.604,0,0
110090,0,-0.43,0.00,9.926,0.158,-1.595,0,0
110142,0,-0.43,0.00,9.907,0.139,-1.618,0,0
110193,0,-0.45,0.00,9.912,0.139,-1.618,0,0
110244,0,-0.45,0.00,9.878,0.153,-1.628,0,0
110295,0,-0.45,0.00,9.912,0.163,-1.623,0,0
110348,0,-0.46,-0.19,9.931,0.134,-1.628,0,0
110400,0,-0.50,-1.34,9.912,0.172,-1.623,0,0
110450,0,-0.50,0.00,9.912,0.168,-1.609,0,0
110502,0,-0.47,-0.88,9.907,0.148,-1.638,0,0
110553,0,-0.46,0.00,9.912,0.153,-1.618,0,0
110605,0,-0.46,-1.34,9.898,0.139,-1.609,0,0
110655,0,-0.41,2.01,9.922,0.163,-1.614,0,0
110706,0,-0.41,0.00,9.917,0.163,-1.614,0,0
110756,0,-0.41,0.00,9.902,0.148,-1.633,0,0
110808,0,-0.39,0.52,9.917,0.153,-1.590,0,0
110860,0,-0.41,0.00,9.898,0.158,-1.599,0,0
110911,0,-0.43,-1.34,9.883,0.153,-1.604,0,0
110963,0,-0.43,0.00,9.922,0.144,-1.580,0,0
111014,0,-0.44,0.00,9.898,0.168,-1.599,0,0
111066,0,-0.44,0.00,9.898,0.148,-1.618,0,0
111118,0,-0.44,0.00,9.912,0.148,-1.623,0,0
111169,0,-0.43,0.56,9.912,0.144,-1.604,0,0
111221,0,-0.43,0.00,9.902,0.163,-1.633,0,0
111272,0,-0.43,0.00,9.902,0.168,-1.599,0,0
111324,0,-0.41,0.00,9.912,0.144,-1.609,0,0
111376,0,-0.40,0.00,9.912,0.148,-1.590,0,0
111426,0,-0.40,0.00,9.902,0.144,-1.623,0,0
111477,0,-0.41,-0.48,9.912,0.153,-1.628,0,0
111529,0,-0.43,-0.56,9.917,0.148,-1.623,0,0
111581,0,-0.43,0.00,9.898,0.148,-1.628,0,0
111631,0,-0.43,0.00,9.912,0.158,-1.618,0,0
111681,0,-0.43,0.00,9.922,0.139,-1.585,0,0
111731,0,-0.41,0.54,9.893,0.139,-1.614,0,0
111781,0,-0.41,0.00,9.907,0.168,-1.628,0,0
111833,0,-0.41,0.00,9.893,0.144,-1.628,0,0
111884,0,-0.41,0.00,9.902,0.163,-1.595,0,0
111936,0,-0.40,0.00,9.912,0.144,-1.599,0,0
111988,0,-0.40,-0.56,9.907,0.158,-1.604,0,0
112039,0,-0.39,0.52,9.912,0.139,-1.599,0,0
112091,0,-0.36,0.00,9.912,0.144,-1.595,0,0
112142,0,-0.36,0.52,9.898,0.163,-1.618,0,0
112194,0,-0.36,0.00,9.917,0.148,-1.647,0,0
112246,0,-0.36,0.00,9.898,0.153,-1.604,0,0
112296,0,-0.36,0.00,9.912,0.168,-1.623,0,0
112348,0,-0.33,0.52,9.907,0.158,-1.623,0,0
112400,0,-0.32,0.17,9.907,0.153,-1.604,0,0
112452,0,-0.35,-1.30,9.917,0.168,-1.618,0,0
112504,0,-0.34,0.00,9.898,0.153,-1.609,0,0
112554,0,-0.34,0.00,9.926,0.148,-1.599,0,0
112606,0,-0.34,0.00,9.893,0.153,-1.604,0,0
112656,0,-0.33,0.52,9.907,0.144,-1.609,0,0
112706,0,-0.33,0.00,9.907,0.158,-1.609,0,0
112757,0,-0.33,0.00,9.917,0.153,-1.609,0,0
112806,0,-0.33,0.00,9.902,0.158,-1.609,0,0
112858,0,-0.33,0.00,9.898,0.148,-1.609,0,0
112909,0,-0.36,-1.30,9.907,0.158,-1.604,0,0
112961,0,-0.35,0.00,9.926,0.129,-1.604,0,0
113013,0,-0.32,0.56,9.902,0.153,-1.595,0,0
113064,0,-0.32,0.00,9.902,0.144,-1.604,0,0
113116,0,-0.31,0.00,9.917,0.144,-1.623,0,0
113167,0,-0.32,-0.48,9.917,0.168,-1.614,0,0
113219,0,-0.31,0.00,9.902,0.153,-1.638,0,0
113271,0,-0.31,0.00,9.898,0.153,-1.590,0,0
113322,0,-0.31,0.00,9.912,0.168,-1.609,0,0
113374,0,-0.31,0.00,9.917,0.139,-1.599,0,0
113424,0,-0.31,0.00,9.893,0.148,-1.618,0,0
113476,0,-0.31,0.00,9.907,0.172,-1.599,0,0
113527,0,-0.32,-0.48,9.917,0.148,-1.618,0,0
113579,0,-0.36,-1.38,9.902,0.144,-1.599,0,0
113629,0,-0.35,0.56,9.922,0.153,-1.599,0,0
113679,0,-0.33,0.00,9.902,0.153,-1.604,0,0
113729,0,-0.33,0.54,9.902,0.158,-1.633,0,0
113779,0,-0.35,-0.56,9.917,0.158,-1.647,0,0
113831,0,-0.35,0.00,9.902,0.163,-1.623,0,0
113883,0,-0.35,0.52,9.912,0.172,-1.595,0,0
113934,0,-0.35,0.00,9.912,0.153,-1.609,0,0
113986,0,-0.33,0.00,9.907,0.153,-1.628,0,0
114037,0,-0.35,-0.74,9.907,0.153,-1.614,0,0
114089,0,-0.35,0.00,9.907,0.134,-1.609,0,0
114182,0,-0.31,0.38,9.922,0.163,-1.642,0,0
114233,0,-0.31,0.00,9.912,0.153,-1.614,0,0
114285,0,-0.30,0.00,9.917,0.144,-1.595,0,0
114335,0,-0.30,0.00,9.902,0.153,-1.604,0,0
114387,0,-0.28,0.56,9.936,0.177,-1.604,0,0
114438,0,-0.30,0.00,9.941,0.124,-1.628,0,0
114490,0,-0.28,0.52,9.907,0.144,-1.623,0,0
114541,0,-0.28,0.00,9.902,0.153,-1.595,0,0
114593,0,-0.27,0.00,9.888,0.158,-1.609,0,0
114643,0,-0.27,0.00,9.912,0.163,-1.609,0,0
114694,0,-0.27,0.00,9.898,0.158,-1.614,0,0
114744,0,-0.27,0.00,9.922,0.158,-1.609,0,0
114794,0,-0.28,-0.52,9.898,0.158,-1.618,0,0
114845,0,-0.28,0.00,9.902,0.168,-1.614,0,0
114897,0,-0.35,-0.52,9.912,0.144,-1.614,0,0
114948,0,-0.35,0.00,9.907,0.168,-1.575,0,0
115000,0,-0.38,-0.52,9.902,0.144,-1.652,0,0
115052,0,-0.38,0.00,9.922,0.148,-1.633,0,0
115103,0,-0.38,0.00,9.898,0.158,-1.609,0,0
115155,0,-0.38,0.00,9.931,0.148,-1.618,0,0
115206,0,-0.36,0.00,9.893,0.148,-1.614,0,0
115257,0,-0.36,0.00,9.922,0.158,-1.604,0,0
115308,0,-0.36,0.00,9.922,0.144,-1.599,0,0
115360,0,-0.35,0.00,9.888,0.153,-1.628,0,0
115412,0,-0.38,-1.34,9.888,0.158,-1.633,0,0
115463,0,-0.38,0.00,9.917,0.144,-1.590,0,0
115515,0,-0.40,-0.48,9.902,0.148,-1.614,0,0
115566,0,-0.38,0.00,9.902,0.163,-1.595,0,0
115618,0,-0.37,0.00,9.941,0.158,-1.623,0,0
115669,0,-0.36,0.00,9.898,0.148,-1.604,0,0
115719,0,-0.41,-1.97,9.926,0.144,-1.628,0,0
115770,0,-0.36,1.97,9.917,0.163,-1.609,0,0
115821,0,-0.36,0.00,9.926,0.158,-1.599,0,0
115873,0,-0.39,-1.45,9.893,0.158,-1.618,0,0
115924,0,-0.41,-0.48,9.907,0.163,-1.614,0,0
115976,0,-0.39,0.00,9.907,0.158,-1.599,0,0
116028,0,-0.38,0.56,9.922,0.153,-1.633,0,0
116079,0,-0.38,0.00,9.926,0.148,-1.638,0,0
116131,0,-0.35,0.52,9.917,0.153,-1.590,0,0
116181,0,-0.35,0.00,9.917,0.163,-1.628,0,0
116231,0,-0.37,-0.19,9.922,0.148,-1.595,0,0
116282,0,-0.35,0.56,9.912,0.148,-1.618,0,0
116333,0,-0.35,0.00,9.922,0.158,-1.618,0,0
116384,0,-0.35,0.00,9.926,0.158,-1.599,0,0
116436,0,-0.35,0.00,9.907,0.168,-1.604,0,0
116487,0,-0.37,0.00,9.917,0.177,-1.604,0,0
116539,0,-0.35,0.52,9.893,0.139,-1.618,0,0
116591,0,-0.37,0.00,9.922,0.163,-1.609,0,0
116641,0,-0.37,0.00,9.893,0.153,-1.623,0,0
116691,0,-0.38,0.00,9.912,0.148,-1.609,0,0
116742,0,-0.35,0.56,9.898,0.129,-1.609,0,0
116792,0,-0.35,0.00,9.917,0.144,-1.618,0,0
116843,0,-0.39,0.00,9.917,0.163,-1.614,0,0
116895,0,-0.36,0.56,9.907,0.139,-1.609,0,0
116946,0,-0.36,0.00,9.902,0.144,-1.614,0,0
116998,0,-0.36,0.00,9.912,0.153,-1.618,0,0
117050,0,-0.38,-0.56,9.912,0.158,-1.580,0,0
117101,0,-0.38,0.00,9.912,0.148,-1.595,0,0
117153,0,-0.36,0.00,9.917,0.158,-1.652,0,0
117203,0,-0.36,0.00,9.926,0.139,-1.618,0,0
117252,0,-0.36,0.00,9.888,0.144,-1.590,0,0
117304,0,-0.35,0.00,9.912,0.163,-1.590,0,0
117355,0,-0.33,0.00,9.917,0.158,-1.628,0,0
117407,0,-0.32,0.00,9.902,0.153,-1.628,0,0
117458,0,-0.34,-0.86,9.917,0.158,-1.614,0,0
117510,0,-0.34,0.00,9.941,0.144,-1.638,0,0
117559,0,-0.32,0.48,9.883,0.153,-1.604,0,0
117611,0,-0.32,0.00,9.912,0.144,-1.609,0,0
117661,0,-0.30,0.00,9.907,0.163,-1.642,0,0
117712,0,-0.29,0.00,9.922,0.148,-1.618,0,0
117762,0,-0.30,-0.52,9.922,0.153,-1.609,0,0
117814,0,-0.32,0.00,9.912,0.139,-1.614,0,0
117865,0,-0.33,-0.48,9.893,0.158,-1.647,0,0
117917,0,-0.34,-0.52,9.902,0.148,-1.618,0,0
117969,0,-0.36,0.00,9.912,0.148,-1.614,0,0
118019,0,-0.36,0.00,9.907,0.148,-1.590,0,0
118071,0,-0.34,0.52,9.912,0.134,-1.609,0,0
118122,0,-0.34,0.00,9.907,0.153,-1.609,0,0
118174,0,-0.37,0.00,9.907,0.144,-1.599,0,0
118225,0,-0.38,0.00,9.893,0.153,-1.599,0,0
118277,0,-0.37,0.20,9.922,0.163,-1.604,0,0
118328,0,-0.37,0.00,9.922,0.129,-1.595,0,0
118380,0,-0.38,0.00,9.902,0.168,-1.638,0,0
118430,0,-0.38,0.00,9.912,0.144,-1.633,0,0
118482,0,-0.38,-0.52,9.883,0.163,-1.595,0,0
118533,0,-0.37,0.48,9.936,0.144,-1.618,0,0
118585,0,-0.37,0.00,9.902,0.158,-1.642,0,0
118635,0,-0.40,-1.41,9.907,0.148,-1.633,0,0
118685,0,-0.40,0.00,9.902,0.163,-1.609,0,0
118736,0,-0.40,0.00,9.922,0.158,-1.614,0,0
118786,0,-0.42,-0.56,9.888,0.163,-1.604,0,0
118837,0,-0.42,0.00,9.912,0.163,-1.599,0,0
118889,0,-0.40,0.52,9.907,0.153,-1.623,0,0
118940,0,-0.40,0.00,9.912,0.163,-1.604,0,0
118992,0,-0.40,0.00,9.907,0.158,-1.618,0,0
119044,0,-0.42,-0.52,9.907,0.139,-1.585,0,0
119095,0,-0.42,0.00,9.922,0.139,-1.609,0,0
119147,0,-0.44,-0.86,9.888,0.168,-1.599,0,0
119198,0,-0.42,0.52,9.907,0.148,-1.604,0,0
119250,0,-0.42,0.00,9.902,0.148,-1.609,0,0
119301,0,-0.40,0.48,9.888,0.158,-1.604,0,0
119352,0,-0.40,0.00,9.893,0.148,-1.614,0,0
119403,0,-0.38,0.52,9.912,0.158,-1.618,0,0
119455,0,-0.37,0.00,9.907,0.144,-1.609,0,0
119507,0,-0.37,0.00,9.917,0.139,-1.604,0,0
119558,0,-0.37,0.00,9.931,0.148,-1.609,0,0
119610,0,-0.37,0.00,9.931,0.172,-1.609,0,0
119660,0,-0.37,0.00,9.907,0.163,-1.609,0,0
119711,0,-0.37,0.00,9.931,0.148,-1.599,0,0
119761,0,-0.36,0.56,9.917,0.158,-1.642,0,0
119813,0,-0.36,0.00,9.917,0.163,-1.609,0,0
119865,0,-0.37,0.00,9.912,0.144,-1.595,0,0
119916,0,-0.36,0.00,9.926,0.158,-1.642,0,0
119968,0,-0.36,0.00,9.907,0.158,-1.585,0,0
120019,0,-0.36,0.00,9.898,0.153,-1.604,0,0
120071,0,-0.36,0.00,9.907,0.172,-1.599,0,0
120123,0,-0.38,-0.52,9.912,0.163,-1.604,0,0
120174,0,-0.38,0.00,9.902,0.168,-1.623,0,0
120226,0,-0.40,0.00,9.907,0.148,-1.642,0,0
120277,0,-0.38,0.00,9.893,0.163,-1.628,0,0
120330,0,-0.40,-0.29,9.907,0.153,-1.618,0,0
120381,0,-0.42,0.00,9.926,0.163,-1.595,0,0
120433,0,-0.42,0.56,9.907,0.163,-1.642,0,0
120484,0,-0.40,0.00,9.898,0.153,-1.628,0,0
120535,0,-0.39,0.52,9.912,0.168,-1.599,0,0
120586,0,-0.39,0.00,9.912,0.134,-1.604,0,0
120636,0,-0.40,-0.56,9.912,0.168,-1.614,0,0
120687,0,-0.39,0.56,9.917,0.163,-1.623,0,0
120737,0,-0.39,0.00,9.898,0.163,-1.609,0,0
120787,0,-0.38,0.52,9.902,0.134,-1.590,0,0
120839,0,-0.38,0.00,9.888,0.153,-1.609,0,0
120890,0,-0.43,-0.52,9.869,0.115,-1.599,0,0
120942,0,-0.44,-0.56,9.926,0.182,-1.595,0,0
120993,0,-0.45,0.00,9.922,0.163,-1.585,0,0
121045,0,-0.45,0.00,9.893,0.120,-1.628,0,0
121097,0,-0.47,0.00,9.922,0.163,-1.590,0,0
121148,0,-0.47,-0.52,9.922,0.168,-1.599,0,0
121200,0,-0.50,-1.34,9.893,0.158,-1.599,0,0
121251,0,-0.53,-0.52,9.912,0.163,-1.609,0,0
121303,0,-0.53,0.00,9.902,0.163,-1.623,0,0
121355,0,-0.54,0.00,9.907,0.148,-1.618,0,0
121405,0,-0.54,0.00,9.931,0.172,-1.609,0,0
121457,0,-0.54,0.00,9.907,0.134,-1.604,0,0
121508,0,-0.53,0.48,9.902,0.163,-1.609,0,0
121560,0,-0.52,0.00,9.893,0.168,-1.623,0,0
121612,0,-0.50,0.48,9.912,0.129,-1.628,0,0
121662,0,-0.50,0.00,9.907,0.168,-1.628,0,0
121712,0,-0.55,0.00,9.912,0.148,-1.618,0,0
121763,0,-0.57,-2.01,9.907,0.153,-1.604,0,0
121815,0,-0.57,0.00,9.898,0.134,-1.623,0,0
121866,0,-0.57,0.00,9.907,0.148,-1.604,0,0
121918,0,-0.55,0.00,9.902,0.168,-1.628,0,0
121969,0,-0.54,0.00,9.917,0.168,-1.618,0,0
122021,0,-0.54,0.00,9.907,0.158,-1.628,0,0
122073,0,-0.54,0.00,9.912,0.139,-1.604,0,0
122124,0,-0.54,0.00,9.912,0.158,-1.604,0,0
122176,0,-0.54,0.00,9.912,0.148,-1.604,0,0
122227,0,-0.53,0.00,9.902,0.148,-1.633,0,0
122279,0,-0.53,0.00,9.917,0.158,-1.595,0,0
122331,0,-0.53,0.00,9.898,0.163,-1.618,0,0
122382,0,-0.51,0.27,9.907,0.144,-1.623,0,0
122433,0,-0.51,0.48,9.926,0.139,-1.585,0,0
122485,0,-0.51,0.00,9.898,0.153,-1.604,0,0
122537,0,-0.51,0.00,9.898,0.148,-1.604,0,0
122587,0,-0.51,0.00,9.907,0.144,-1.623,0,0
122637,0,-0.50,0.00,9.912,0.148,-1.590,0,0
122687,0,-0.48,0.56,9.907,0.148,-1.614,0,0
122738,0,-0.48,0.00,9.898,0.153,-1.609,0,0
122788,0,-0.47,0.56,9.917,0.158,-1.599,0,0
122839,0,-0.46,0.45,9.917,0.158,-1.618,0,0
122891,0,-0.44,0.00,9.898,0.129,-1.642,0,0
122942,0,-0.43,0.52,9.912,0.158,-1.604,0,0
122994,0,-0.43,0.00,9.912,0.134,-1.618,0,0
123043,0,-0.42,0.56,9.912,0.163,-1.623,0,0
123095,0,-0.44,0.00,9.917,0.168,-1.595,0,0
123146,0,-0.44,0.00,9.902,0.163,-1.609,0,0
123198,0,-0.43,0.48,9.917,0.139,-1.618,0,0
123249,0,-0.43,0.00,9.922,0.153,-1.652,0,0
123301,0,-0.41,0.56,9.902,0.168,-1.642,0,0
123353,0,-0.41,0.00,9.907,0.139,-1.618,0,0
123403,0,-0.41,0.00,9.907,0.139,-1.604,0,0
123454,0,-0.40,0.00,9.922,0.153,-1.618,0,0
123506,0,-0.42,-1.34,9.893,0.139,-1.633,0,0
123558,0,-0.41,0.00,9.912,0.158,-1.614,0,0
123610,0,-0.39,0.00,9.902,0.139,-1.604,0,0
123660,0,-0.38,0.56,9.912,0.158,-1.628,0,0
123710,0,-0.38,0.00,9.931,0.139,-1.609,0,0
123761,0,-0.34,0.56,9.907,0.163,-1.623,0,0
123813,0,-0.34,0.00,9.907,0.148,-1.638,0,0
123864,0,-0.32,0.00,9.917,0.153,-1.628,0,0
123916,0,-0.31,0.00,9.926,0.158,-1.628,0,0
123967,0,-0.31,0.00,9.907,0.158,-1.623,0,0
124019,0,-0.30,0.00,9.917,0.139,-1.595,0,0
124070,0,-0.30,0.00,9.907,0.163,-1.599,0,0
124122,0,-0.30,0.00,9.883,0.148,-1.585,0,0
124174,0,-0.30,0.00,9.912,0.148,-1.623,0,0
124224,0,-0.31,-0.48,9.912,0.148,-1.609,0,0
124276,0,-0.30,0.00,9.902,0.148,-1.609,0,0
124327,0,-0.31,-0.48,9.912,0.163,-1.623,0,0
124379,0,-0.31,0.00,9.888,0.158,-1.623,0,0
124430,0,-0.32,0.00,9.893,0.148,-1.618,0,0
124482,0,-0.32,0.00,9.902,0.177,-1.609,0,0
124534,0,-0.32,0.00,9.907,0.168,-1.595,0,0
124585,0,-0.31,0.48,9.902,0.134,-1.614,0,0
124635,0,-0.30,0.52,9.917,0.158,-1.628,0,0
124685,0,-0.30,0.00,9.912,0.163,-1.604,0,0
124736,0,-0.30,0.00,9.898,0.153,-1.623,0,0
124786,0,-0.33,-1.45,9.907,0.148,-1.618,0,0
124838,0,-0.33,0.00,9.898,0.158,-1.623,0,0
124889,0,-0.33,0.00,9.912,0.148,-1.618,0,0
124941,0,-0.33,0.00,9.917,0.153,-1.614,0,0
124992,0,-0.36,-0.82,9.902,0.153,-1.618,0,0
125044,0,-0.36,0.00,9.917,0.148,-1.614,0,0
125096,0,-0.29,0.48,9.917,0.144,-1.638,0,0
125146,0,-0.29,0.00,9.898,0.134,-1.633,0,0
125197,0,-0.33,0.00,9.922,0.144,-1.623,0,0
125249,0,-0.33,0.00,9.888,0.144,-1.595,0,0
125298,0,-0.33,0.00,9.917,0.153,-1.618,0,0
125350,0,-0.33,0.00,9.912,0.158,-1.609,0,0
125401,0,-0.33,0.00,9.912,0.168,-1.614,0,0
125453,0,-0.33,0.00,9.907,0.153,-1.633,0,0
125504,0,-0.33,0.00,9.888,0.139,-1.604,0,0
125556,0,-0.34,0.00,9.888,0.144,-1.604,0,0
125605,0,-0.33,0.52,9.912,0.163,-1.614,0,0
125656,0,-0.33,0.00,9.902,0.139,-1.614,0,0
125706,0,-0.36,-1.32,9.898,0.172,-1.642,0,0
125756,0,-0.38,-0.48,9.902,0.172,-1.595,0,0
125808,0,-0.39,0.00,9.907,0.153,-1.575,0,0
125860,0,-0.39,0.00,9.922,0.168,-1.599,0,0
125912,0,-0.39,0.00,9.912,0.148,-1.580,0,0
125962,0,-0.37,0.74,9.898,0.148,-1.566,0,0
126013,0,-0.37,0.00,9.907,0.163,-1.623,0,0
126065,0,-0.38,0.60,9.907,0.158,-1.585,0,0
126117,0,-0.36,0.45,9.898,0.163,-1.618,0,0
126168,0,-0.36,0.00,9.907,0.163,-1.628,0,0
126221,0,-0.38,-0.19,9.902,0.168,-1.614,0,0
126272,0,-0.38,0.00,9.902,0.158,-1.628,0,0
126324,0,-0.38,0.00,9.902,0.134,-1.590,0,0
126375,0,-0.41,0.00,9.931,0.172,-1.633,0,0
126426,0,-0.41,0.00,9.907,0.134,-1.623,0,0
126477,0,-0.41,-0.52,9.922,0.148,-1.614,0,0
126529,0,-0.41,0.00,9.912,0.148,-1.599,0,0
126580,0,-0.41,0.00,9.912,0.168,-1.638,0,0
126630,0,-0.41,0.00,9.907,0.148,-1.595,0,0
126681,0,-0.43,-0.56,9.912,0.153,-1.590,0,0
126731,0,-0.43,0.00,9.926,0.172,-1.638,0,0
126781,0,-0.44,-0.56,9.907,0.144,-1.638,0,0
126833,0,-0.43,0.00,9.922,0.144,-1.595,0,0
126884,0,-0.43,0.00,9.898,0.158,-1.590,0,0
126936,0,-0.44,-0.52,9.912,0.139,-1.604,0,0
126988,0,-0.45,0.00,9.931,0.148,-1.618,0,0
127039,0,-0.45,0.00,9.893,0.158,-1.585,0,0
127091,0,-0.47,0.00,9.907,0.144,-1.595,0,0
127142,0,-0.45,0.52,9.912,0.163,-1.614,0,0
127194,0,-0.47,-0.56,9.912,0.172,-1.628,0,0
127246,0,-0.52,-0.52,9.922,0.148,-1.609,0,0
127296,0,-0.52,0.00,9.898,0.168,-1.609,0,0
127347,0,-0.52,0.48,9.922,0.144,-1.604,0,0
127399,0,-0.52,0.00,9.912,0.182,-1.638,0,0
127448,0,-0.50,0.00,9.898,0.139,-1.599,0,0
127500,0,-0.49,0.00,9.912,0.163,-1.618,0,0
127551,0,-0.53,0.00,9.912,0.139,-1.599,0,0
127603,0,-0.54,-0.48,9.922,0.144,-1.609,0,0
127653,0,-0.53,0.52,9.902,0.168,-1.599,0,0
127704,0,-0.53,0.00,9.917,0.144,-1.623,0,0
127754,0,-0.53,0.00,9.912,0.153,-1.604,0,0
127806,0,-0.53,0.00,9.912,0.144,-1.628,0,0
127858,0,-0.53,0.00,9.907,0.144,-1.599,0,0
127909,0,-0.53,0.00,9.898,0.168,-1.614,0,0
127961,0,-0.56,0.00,9.907,0.163,-1.633,0,0
128012,0,-0.55,0.48,9.917,0.139,-1.618,0,0
128064,0,-0.54,0.48,9.917,0.158,-1.628,0,0
128116,0,-0.54,0.00,9.907,0.153,-1.614,0,0
128166,0,-0.54,0.00,9.898,0.148,-1.614,0,0
128218,0,-0.52,0.52,9.917,0.163,-1.609,0,0
128269,0,-0.56,-0.52,9.912,0.158,-1.618,0,0
128320,0,-0.56,0.00,9.878,0.158,-1.599,0,0
128372,0,-0.57,0.00,9.907,0.172,-1.595,0,0
128424,0,-0.57,0.00,9.907,0.144,-1.633,0,0
128474,0,-0.57,0.00,9.907,0.158,-1.595,0,0
128525,0,-0.57,0.00,9.902,0.153,-1.609,0,0
128577,0,-0.57,0.00,9.917,0.158,-1.590,0,0
128630,0,-0.56,0.48,9.898,0.139,-1.604,0,0
128680,0,-0.55,0.56,9.922,0.158,-1.585,0,0
128730,0,-0.53,0.00,9.912,0.158,-1.604,0,0
128780,0,-0.54,-0.93,9.898,0.134,-1.614,0,0
128832,0,-0.54,0.00,9.912,0.153,-1.580,0,0
128884,0,-0.53,0.00,9.902,0.139,-1.638,0,0
128935,0,-0.51,0.00,9.912,0.153,-1.623,0,0
128987,0,-0.51,0.00,9.931,0.148,-1.614,0,0
129038,0,-0.50,0.00,9.912,0.144,-1.614,0,0
129090,0,-0.49,0.52,9.898,0.144,-1.618,0,0
129141,0,-0.49,0.00,9.912,0.144,-1.614,0,0
129193,0,-0.49,0.00,9.912,0.153,-1.609,0,0
129245,0,-0.47,0.00,9.907,0.148,-1.599,0,0
129296,0,-0.46,0.00,9.922,0.168,-1.585,0,0
129348,0,-0.46,0.00,9.912,0.148,-1.628,0,0
129399,0,-0.48,-1.34,9.917,0.172,-1.614,0,0
129450,0,-0.48,0.00,9.883,0.134,-1.623,0,0
129501,0,-0.49,-0.48,9.926,0.153,-1.628,0,0
129553,0,-0.49,0.00,9.902,0.148,-1.614,0,0
129605,0,-0.48,0.00,9.907,0.148,-1.652,0,0
129655,0,-0.48,0.00,9.922,0.139,-1.614,0,0
129705,0,-0.49,0.00,9.922,0.163,-1.614,0,0
129756,0,-0.52,-0.52,9.898,0.153,-1.614,0,0
129805,0,-0.52,0.00,9.907,0.144,-1.609,0,0
129857,0,-0.52,0.00,9.926,0.153,-1.609,0,0
129908,0,-0.52,0.52,9.917,0.163,-1.590,0,0
129960,0,-0.52,0.00,9.912,0.148,-1.599,0,0
130012,0,-0.54,-0.52,9.902,0.168,-1.642,0,0
130063,0,-0.57,-1.45,9.907,0.168,-1.580,0,0
130115,0,-0.56,0.00,9.888,0.139,-1.633,0,0
130166,0,-0.53,0.52,9.907,0.158,-1.614,0,0
130218,0,-0.52,0.00,9.902,0.158,-1.633,0,0
130270,0,-0.50,0.48,9.907,0.172,-1.618,0,0
130319,0,-0.50,0.00,9.926,0.148,-1.614,0,0
130371,0,-0.49,0.00,9.912,0.163,-1.604,0,0
130423,0,-0.49,0.00,9.907,0.158,-1.609,0,0
130473,0,-0.49,0.00,9.902,0.153,-1.599,0,0
130524,0,-0.48,0.52,9.893,0.163,-1.623,0,0
130576,0,-0.48,0.00,9.912,0.163,-1.604,0,0
130626,0,-0.50,0.48,9.907,0.144,-1.633,0,0
130676,0,-0.50,0.00,9.902,0.148,-1.623,0,0
130727,0,-0.51,0.00,9.902,0.168,-1.604,0,0
130777,0,-0.52,-0.56,9.926,0.172,-1.609,0,0
130828,0,-0.52,0.00,9.893,0.158,-1.575,0,0
130880,0,-0.54,-0.48,9.902,0.172,-1.614,0,0
130932,0,-0.57,0.00,9.912,0.148,-1.628,0,0
130983,0,-0.57,0.00,9.917,0.148,-1.657,0,0
131035,0,-0.56,0.52,9.883,0.158,-1.609,0,0
131086,0,-0.60,-1.38,9.926,0.153,-1.614,0,0
131138,0,-0.60,0.00,9.912,0.153,-1.623,0,0
131190,0,-0.60,0.00,9.922,0.168,-1.623,0,0
131241,0,-0.58,0.00,9.912,0.163,-1.595,0,0
131293,0,-0.57,0.00,9.907,0.158,-1.623,0,0
131343,0,-0.56,0.52,9.898,0.168,-1.609,0,0
131395,0,-0.53,1.09,9.898,0.139,-1.585,0,0
131446,0,-0.53,0.00,9.898,0.144,-1.628,0,0
131498,0,-0.51,0.00,9.902,0.148,-1.623,0,0
131549,0,-0.53,0.00,9.907,0.163,-1.628,0,0
131601,0,-0.54,-0.52,9.917,0.177,-1.633,0,0
131651,0,-0.53,0.56,9.888,0.168,-1.628,0,0
131702,0,-0.51,0.00,9.888,0.134,-1.628,0,0
131752,0,-0.49,0.56,9.902,0.163,-1.633,0,0
131804,0,-0.51,-0.93,9.931,0.144,-1.628,0,0
131856,0,-0.51,0.00,9.902,0.153,-1.628,0,0
131907,0,-0.50,0.52,9.898,0.153,-1.599,0,0
131959,0,-0.48,0.00,9.893,0.148,-1.618,0,0
132011,0,-0.47,0.52,9.883,0.168,-1.604,0,0
132062,0,-0.49,-0.86,9.907,0.153,-1.604,0,0
132114,0,-0.46,0.48,9.917,0.172,-1.623,0,0
132165,0,-0.45,0.52,9.917,0.153,-1.628,0,0
132217,0,-0.46,0.00,9.922,0.144,-1.618,0,0
132269,0,-0.48,0.00,9.907,0.163,-1.590,0,0
132319,0,-0.48,0.00,9.893,0.153,-1.652,0,0
132384,0,-0.50,-0.26,9.898,0.148,-1.590,0,0
132435,0,-0.50,0.00,9.898,0.144,-1.647,0,0
132486,0,-0.51,-0.52,9.912,0.163,-1.628,0,0
132537,0,-0.51,0.00,9.907,0.168,-1.604,0,0
132589,0,-0.53,-1.86,9.912,0.144,-1.595,0,0
132639,0,-0.53,0.00,9.912,0.134,-1.618,0,0
132689,0,-0.53,0.00,9.902,0.153,-1.599,0,0
132740,0,-0.51,0.00,9.898,0.134,-1.590,0,0
132790,0,-0.50,0.56,9.907,0.172,-1.599,0,0
132841,0,-0.54,-1.34,9.888,0.158,-1.599,0,0
132893,0,-0.54,0.00,9.912,0.158,-1.633,0,0
132944,0,-0.52,0.00,9.902,0.168,-1.623,0,0
132996,0,-0.52,0.00,9.907,0.144,-1.604,0,0
133048,0,-0.52,0.00,9.922,0.153,-1.618,0,0
133099,0,-0.51,0.00,9.922,0.163,-1.618,0,0
133151,0,-0.50,0.52,9.893,0.144,-1.614,0,0
133202,0,-0.53,0.00,9.912,0.168,-1.609,0,0
133254,0,-0.50,0.56,9.893,0.153,-1.595,0,0
133306,0,-0.49,0.00,9.917,0.168,-1.599,0,0
133356,0,-0.48,0.48,9.902,0.139,-1.623,0,0
133407,0,-0.48,0.00,9.902,0.158,-1.604,0,0
133459,0,-0.48,0.00,9.888,0.148,-1.633,0,0
133511,0,-0.48,0.00,9.931,0.158,-1.657,0,0
133562,0,-0.50,0.52,9.902,0.144,-1.628,0,0
133614,0,-0.49,0.48,9.917,0.177,-1.638,0,0
133665,0,-0.50,0.00,9.898,0.134,-1.618,0,0
133715,0,-0.49,0.52,9.902,0.139,-1.604,0,0
133765,0,-0.49,0.00,9.902,0.158,-1.633,0,0
133817,0,-0.49,0.00,9.922,0.158,-1.609,0,0
133869,0,-0.49,0.00,9.912,0.153,-1.585,0,0
133920,0,-0.52,-1.27,9.917,0.144,-1.618,0,0
133972,0,-0.51,0.52,9.907,0.163,-1.609,0,0
134024,0,-0.49,0.52,9.912,0.139,-1.609,0,0
134075,0,-0.48,0.00,9.926,0.144,-1.618,0,0
134127,0,-0.49,-0.52,9.902,0.139,-1.609,0,0
134177,0,-0.49,0.00,9.893,0.153,-1.595,0,0
134229,0,-0.48,0.52,9.917,0.163,-1.609,0,0
134279,0,-0.48,0.00,9.912,0.153,-1.614,0,0
134330,0,-0.53,-1.86,9.912,0.163,-1.618,0,0
134382,0,-0.49,0.00,9.902,0.129,-1.595,0,0
134434,0,-0.49,1.34,9.922,0.177,-1.633,0,0
134485,0,-0.53,-1.34,9.902,0.144,-1.628,0,0
134537,0,-0.50,0.48,9.926,0.153,-1.599,0,0
134588,0,-0.50,0.00,9.917,0.163,-1.618,0,0
134639,0,-0.50,0.00,9.888,0.163,-1.614,0,0
134689,0,-0.49,2.01,9.898,0.139,-1.580,0,0
134739,0,-0.54,-2.01,9.902,0.153,-1.633,0,0
134792,0,-0.54,0.00,9.917,0.153,-1.623,0,0
134843,0,-0.54,0.52,9.898,0.158,-1.609,0,0
134895,0,-0.54,0.00,9.902,0.148,-1.599,0,0
134946,0,-0.52,0.48,9.902,0.144,-1.618,0,0
134998,0,-0.52,0.00,9.902,0.158,-1.604,0,0
135050,0,-0.51,0.00,9.926,0.148,-1.618,0,0
135101,0,-0.55,-1.30,9.907,0.134,-1.614,0,0
135153,0,-0.53,0.00,9.912,0.148,-1.599,0,0
135204,0,-0.52,0.48,9.902,0.153,-1.604,0,0
135255,0,-0.52,0.00,9.912,0.158,-1.623,0,0
135306,0,-0.51,0.56,9.902,0.139,-1.618,0,0
135358,0,-0.51,0.00,9.902,0.163,-1.604,0,0
135409,0,-0.54,-1.34,9.917,0.148,-1.614,0,0
135461,0,-0.53,0.48,9.902,0.139,-1.614,0,0
135513,0,-0.53,0.00,9.907,0.158,-1.618,0,0
135564,0,-0.53,-0.56,9.907,0.139,-1.614,0,0
135616,0,-0.53,0.00,9.917,0.163,-1.609,0,0
135667,0,-0.53,0.00,9.912,0.148,-1.628,0,0
135717,0,-0.57,-1.39,9.922,0.144,-1.623,0,0
135768,0,-0.55,0.00,9.917,0.153,-1.614,0,0
135819,0,-0.51,1.01,9.907,0.144,-1.623,0,0
135871,0,-0.52,-0.52,9.917,0.182,-1.618,0,0
135922,0,-0.51,0.00,9.907,0.148,-1.604,0,0
135974,0,-0.50,0.00,9.936,0.158,-1.618,0,0
136026,0,-0.53,0.00,9.902,0.148,-1.575,0,0
136077,0,-0.52,0.48,9.922,0.158,-1.604,0,0
136129,0,-0.51,0.52,9.917,0.134,-1.623,0,0
136179,0,-0.51,0.00,9.902,0.144,-1.604,0,0
136229,0,-0.49,0.19,9.931,0.153,-1.599,0,0
136279,0,-0.49,0.00,9.912,0.144,-1.618,0,0
136331,0,-0.49,-0.52,9.917,0.139,-1.595,0,0
136382,0,-0.53,0.00,9.893,0.153,-1.628,0,0
136434,0,-0.53,0.00,9.893,0.168,-1.609,0,0
136485,0,-0.54,-0.52,9.898,0.153,-1.595,0,0
136537,0,-0.54,0.00,9.907,0.153,-1.614,0,0
136586,0,-0.54,0.00,9.888,0.144,-1.609,0,0
136636,0,-0.56,0.00,9.907,0.153,-1.628,0,0
136687,0,-0.59,0.00,9.902,0.139,-1.623,0,0
136737,0,-0.59,0.00,9.902,0.158,-1.614,0,0
136787,0,-0.61,0.00,9.912,0.148,-1.595,0,0
136838,0,-0.59,0.00,9.893,0.144,-1.609,0,0
136890,0,-0.59,0.00,9.922,0.148,-1.599,0,0
136942,0,-0.59,0.00,9.888,0.172,-1.628,0,0
136993,0,-0.58,0.56,9.893,0.153,-1.599,0,0
137045,0,-0.61,0.00,9.898,0.124,-1.575,0,0
137096,0,-0.60,0.00,9.926,0.182,-1.618,0,0
137147,0,-0.60,0.00,9.912,0.144,-1.604,0,0
137198,0,-0.60,0.00,9.907,0.134,-1.633,0,0
137250,0,-0.61,0.00,9.898,0.168,-1.609,0,0
137301,0,-0.63,-0.48,9.888,0.158,-1.595,0,0
137353,0,-0.63,0.00,9.922,0.144,-1.633,0,0
137405,0,-0.64,0.00,9.926,0.158,-1.623,0,0
137456,0,-0.66,-0.93,9.936,0.153,-1.638,0,0
137508,0,-0.66,0.00,9.902,0.158,-1.623,0,0
137560,0,-0.63,0.52,9.907,0.153,-1.614,0,0
137611,0,-0.62,0.00,9.912,0.148,-1.623,0,0
137662,0,-0.61,0.56,9.907,0.153,-1.618,0,0
137712,0,-0.59,0.52,9.917,0.144,-1.614,0,0
137763,0,-0.62,0.00,9.917,0.144,-1.628,0,0
137815,0,-0.57,0.00,9.912,0.168,-1.580,0,0
137866,0,-0.57,0.00,9.917,0.148,-1.618,0,0
137918,0,-0.59,0.00,9.898,0.158,-1.614,0,0
137969,0,-0.58,0.52,9.917,0.163,-1.595,0,0
138021,0,-0.58,0.00,9.912,0.153,-1.614,0,0
138073,0,-0.58,-0.86,9.917,0.163,-1.609,0,0
138123,0,-0.58,0.00,9.912,0.153,-1.614,0,0
138174,0,-0.56,0.45,9.917,0.139,-1.590,0,0
138226,0,-0.56,0.00,9.907,0.148,-1.618,0,0
