Tempo,Estado,Alt,Vel,AccX,AccY,AccZ,Lat,Lon
14269,0,0.08,0.00,9.175,2.811,3.146,0,0
14320,0,0.08,0.00,9.199,2.849,3.122,0,0
14369,0,0.11,1.01,9.175,2.686,3.438,0,0
14420,0,0.08,0.00,9.031,3.021,3.247,0,0
14470,0,0.08,0.00,9.270,2.844,2.801,0,0
14520,0,0.09,0.58,9.246,3.017,2.734,0,0
14572,0,0.10,0.00,9.313,3.041,2.758,0,0
14624,0,0.12,0.00,9.227,3.021,2.907,0,0
14675,0,0.08,-1.25,9.112,2.849,2.988,0,0
14727,0,0.07,-0.52,9.165,2.787,3.136,0,0
14779,0,0.07,0.00,9.203,2.926,3.103,0,0
14829,0,0.06,-0.52,9.175,2.969,2.945,0,0
14880,0,0.06,0.00,9.194,2.892,2.820,0,0
14932,0,0.04,0.00,9.246,2.969,2.887,0,0
14984,0,0.03,-0.50,9.203,2.974,2.964,0,0
15035,0,-0.01,0.00,9.179,2.911,3.021,0,0
15087,0,-0.01,0.00,9.146,2.835,3.026,0,0
15138,0,-0.01,0.00,9.136,2.844,3.017,0,0
15190,0,-0.06,0.00,9.184,2.830,2.998,0,0
15242,0,-0.06,0.00,9.237,2.964,3.017,0,0
15293,0,-0.06,0.00,9.208,3.146,3.041,0,0
15345,0,-0.06,0.00,9.175,3.017,2.964,0,0
15395,0,-0.06,0.00,9.232,2.945,2.902,0,0
15445,0,-0.06,0.00,9.179,2.945,3.021,0,0
15496,0,-0.07,-0.56,9.093,2.892,3.017,0,0
15546,0,-0.07,0.00,9.189,2.835,2.954,0,0
15597,0,-0.09,-0.52,9.242,2.926,2.921,0,0
15649,0,-0.12,-1.34,9.160,2.993,2.931,0,0
15699,0,-0.12,0.00,9.203,2.926,2.964,0,0
15751,0,-0.12,0.00,9.218,3.031,2.993,0,0
15802,0,-0.11,0.00,9.175,2.954,2.921,0,0
15854,0,-0.11,0.00,9.170,2.983,2.935,0,0
15905,0,-0.09,0.00,9.203,2.964,3.021,0,0
15957,0,-0.09,0.00,9.146,3.017,3.021,0,0
16009,0,-0.08,0.00,9.165,2.988,2.935,0,0
16060,0,-0.10,0.45,9.242,2.897,2.911,0,0
16112,0,-0.09,0.52,9.165,3.036,2.964,0,0
16163,0,-0.11,0.00,9.189,2.950,2.940,0,0
16215,0,-0.11,0.00,9.203,2.916,2.950,0,0
16267,0,-0.11,0.00,9.184,2.835,2.959,0,0
16318,0,-0.08,0.56,9.165,2.935,3.002,0,0
16380,0,-0.08,0.00,9.237,2.964,2.993,0,0
16431,0,-0.08,0.00,9.175,2.954,2.945,0,0
16481,0,-0.10,-0.60,9.208,2.926,2.998,0,0
16531,0,-0.10,0.00,9.160,2.897,2.993,0,0
16582,0,-0.13,-1.30,9.127,2.691,2.950,0,0
16633,0,-0.10,1.79,9.146,2.758,3.089,0,0
16685,0,-0.10,0.00,9.136,2.768,3.055,0,0
16737,0,-0.13,0.00,9.237,2.883,3.002,0,0
16788,0,-0.08,1.34,9.189,2.964,3.002,0,0
16840,0,-0.10,0.00,9.199,3.055,2.902,0,0
16891,0,-0.13,0.00,9.237,3.055,2.787,0,0
16943,0,-0.13,0.00,9.179,2.969,2.859,0,0
16995,0,-0.15,0.00,9.151,2.830,3.007,0,0
17046,0,-0.15,0.00,9.175,2.849,3.141,0,0
17098,0,-0.16,0.00,9.189,2.954,3.165,0,0
17149,0,-0.18,0.00,9.184,3.084,3.055,0,0
17201,0,-0.21,-1.41,9.227,3.074,2.868,0,0
17253,0,-0.22,-0.48,9.208,2.911,2.801,0,0
17303,0,-0.22,0.00,9.175,2.816,2.863,0,0
17354,0,-0.22,0.00,9.160,2.921,3.007,0,0
17405,0,-0.25,-0.97,9.151,2.974,3.127,0,0
17455,0,-0.25,0.00,9.170,2.921,3.065,0,0
17505,0,-0.25,0.00,9.170,2.964,2.907,0,0
17555,0,-0.25,0.00,9.270,2.964,2.878,0,0
17607,0,-0.25,0.00,9.237,2.945,2.950,0,0
17659,0,-0.31,-1.04,9.141,2.969,3.007,0,0
17710,0,-0.32,-0.45,9.160,2.897,3.132,0,0
17762,0,-0.35,-1.04,9.122,2.940,3.136,0,0
17813,0,-0.34,0.48,9.184,2.883,2.950,0,0
17865,0,-0.39,0.00,9.242,2.935,2.892,0,0
17917,0,-0.40,-0.52,9.199,2.954,2.926,0,0
17968,0,-0.40,0.00,9.189,3.002,3.036,0,0
18020,0,-0.41,0.00,9.165,2.878,2.978,0,0
18071,0,-0.40,0.48,9.160,2.921,3.026,0,0
18123,0,-0.40,0.00,9.146,2.945,3.055,0,0
18175,0,-0.39,0.52,9.112,2.830,2.950,0,0
18225,0,-0.37,0.52,9.251,2.969,2.916,0,0
18276,0,-0.37,0.00,9.227,3.098,2.907,0,0
18328,0,-0.41,0.00,9.222,2.964,2.887,0,0
18377,0,-0.40,0.52,9.136,2.844,2.959,0,0
18433,0,-0.41,-0.20,9.098,2.768,3.098,0,0
18483,0,-0.41,0.00,9.218,2.988,3.141,0,0
18534,0,-0.46,0.00,9.222,3.108,2.931,0,0
18585,0,-0.46,0.00,9.184,2.907,2.840,0,0
18636,0,-0.46,0.00,9.227,2.911,2.931,0,0
18687,0,-0.46,0.00,9.155,2.854,3.041,0,0
18739,0,-0.45,0.00,9.194,2.988,3.060,0,0
18790,0,-0.46,0.00,9.179,2.983,2.950,0,0
18842,0,-0.46,0.00,9.165,2.873,2.873,0,0
18894,0,-0.49,-1.34,9.251,2.825,2.931,0,0
18945,0,-0.48,0.52,9.136,2.825,3.017,0,0
18997,0,-0.47,0.00,9.179,2.940,3.065,0,0
19048,0,-0.48,-0.82,9.208,2.993,3.017,0,0
19100,0,-0.48,0.00,9.179,2.897,2.969,0,0
19152,0,-0.48,0.00,9.151,2.897,2.978,0,0
19203,0,-0.48,0.00,9.194,2.854,3.031,0,0
19255,0,-0.48,0.48,9.213,3.074,3.012,0,0
19306,0,-0.48,0.00,9.290,3.189,2.983,0,0
19357,0,-0.48,0.00,9.184,2.940,2.849,0,0
19407,0,-0.48,0.00,9.127,2.581,2.744,0,0
19457,0,-0.48,0.00,9.136,2.533,2.873,0,0
19508,0,-0.49,0.00,9.170,2.840,3.031,0,0
19558,0,-0.49,0.00,9.184,3.074,3.084,0,0
19609,0,-0.54,0.00,9.213,3.251,3.132,0,0
19661,0,-0.54,0.00,9.232,3.347,3.074,0,0
19712,0,-0.54,0.00,9.218,3.017,2.801,0,0
19764,0,-0.58,-0.52,9.141,2.811,2.705,0,0
19816,0,-0.58,0.00,9.155,2.758,2.830,0,0
19867,0,-0.58,0.00,9.256,2.768,3.012,0,0
19919,0,-0.60,-1.33,9.189,2.816,3.074,0,0
19970,0,-0.60,0.00,9.184,3.031,3.098,0,0
20022,0,-0.62,-0.89,9.227,3.151,3.050,0,0
20074,0,-0.62,0.00,9.208,3.132,2.974,0,0
20125,0,-0.60,0.00,9.151,2.859,2.940,0,0
20177,0,-0.65,0.00,9.165,2.835,2.988,0,0
20227,0,-0.65,0.00,9.199,2.911,3.079,0,0
20279,0,-0.65,0.00,9.199,2.859,3.151,0,0
20330,0,-0.65,0.00,9.184,2.835,3.213,0,0
20382,0,-0.66,-1.34,9.108,2.720,3.103,0,0
20433,0,-0.65,0.00,9.170,2.792,2.998,0,0
20489,0,-0.64,0.17,9.227,2.753,2.916,0,0
20540,0,-0.66,-0.88,9.261,2.691,2.954,0,0
20590,0,-0.66,0.00,9.160,2.787,3.069,0,0
20642,0,-0.66,0.00,9.199,2.868,3.141,0,0
20693,0,-0.64,0.52,9.203,2.840,3.050,0,0
20745,0,-0.64,0.00,9.208,2.840,3.045,0,0
20796,0,-0.63,0.00,9.151,2.844,3.112,0,0
20848,0,-0.68,0.00,9.155,2.835,3.045,0,0
20899,0,-0.65,0.52,9.189,2.768,3.021,0,0
20951,0,-0.65,0.00,9.170,2.859,3.045,0,0
21003,0,-0.64,0.56,9.199,2.897,3.079,0,0
21054,0,-0.64,0.00,9.189,2.863,3.065,0,0
21106,0,-0.64,0.00,9.131,2.883,3.036,0,0
21157,0,-0.68,-1.38,9.160,2.911,3.098,0,0
21209,0,-0.69,-0.52,9.170,2.873,3.031,0,0
21261,0,-0.68,0.00,9.189,2.959,3.055,0,0
21311,0,-0.68,0.00,9.242,3.060,3.007,0,0
21363,0,-0.69,0.00,9.208,2.902,3.021,0,0
21413,0,-0.69,0.00,9.136,2.954,3.108,0,0
21463,0,-0.69,0.00,9.136,2.878,3.136,0,0
21514,0,-0.70,-0.52,9.146,2.768,3.084,0,0
21563,0,-0.72,-0.52,9.170,2.840,3.117,0,0
21615,0,-0.72,0.00,9.146,2.945,3.060,0,0
21667,0,-0.72,0.00,9.213,3.017,2.974,0,0
21718,0,-0.73,0.00,9.208,2.796,2.969,0,0
21770,0,-0.73,0.48,9.136,2.677,3.089,0,0
21821,0,-0.73,0.00,9.103,2.969,3.175,0,0
21873,0,-0.77,0.00,9.222,3.045,3.117,0,0
21924,0,-0.77,0.00,9.213,2.883,2.878,0,0
21976,0,-0.77,0.00,9.227,2.753,2.902,0,0
22028,0,-0.74,0.48,9.199,3.045,3.194,0,0
22079,0,-0.74,0.00,9.151,2.921,3.266,0,0
22131,0,-0.77,-0.56,9.093,2.782,3.069,0,0
22182,0,-0.77,0.00,9.170,2.926,2.931,0,0
22233,0,-0.77,0.00,9.232,2.883,2.988,0,0
22284,0,-0.77,0.00,9.170,2.950,3.026,0,0
22336,0,-0.77,0.00,9.208,2.978,3.112,0,0
22386,0,-0.75,0.56,9.179,2.897,3.041,0,0
22436,0,-0.75,0.00,9.251,2.782,3.060,0,0
22487,0,-0.78,0.00,9.079,2.720,2.983,0,0
22544,0,-0.82,-0.56,9.146,2.619,2.964,0,0
22596,0,-0.80,0.82,9.222,2.945,3.213,0,0
22648,0,-0.81,0.00,9.127,3.069,3.280,0,0
22698,0,-0.84,-1.04,9.136,2.978,3.227,0,0
22749,0,-0.82,0.00,9.146,2.868,3.108,0,0
22801,0,-0.85,-0.52,9.127,2.916,3.045,0,0
22853,0,-0.86,0.00,9.218,3.036,3.045,0,0
22904,0,-0.82,0.00,9.189,2.873,3.045,0,0
22956,0,-0.82,0.00,9.141,2.777,3.089,0,0
23007,0,-0.80,0.86,9.184,2.796,3.122,0,0
23059,0,-0.79,0.48,9.165,2.911,3.074,0,0
23111,0,-0.80,0.00,9.165,2.931,2.978,0,0
23162,0,-0.79,0.00,9.213,2.969,2.935,0,0
23214,0,-0.79,0.00,9.227,2.868,2.954,0,0
23265,0,-0.72,0.52,9.127,2.974,3.060,0,0
23317,0,-0.74,-0.56,9.179,2.787,3.112,0,0
23369,0,-0.69,0.00,9.151,2.816,3.184,0,0
23419,0,-0.69,0.00,9.127,2.883,3.160,0,0
23470,0,-0.69,0.00,9.165,2.945,3.079,0,0
23520,0,-0.64,0.00,9.222,2.887,3.012,0,0
23572,0,-0.65,0.00,9.131,2.710,2.964,0,0
23623,0,-0.65,0.00,9.175,2.883,3.132,0,0
23674,0,-0.65,0.00,9.203,2.907,3.203,0,0
23725,0,-0.62,0.00,9.098,2.825,3.160,0,0
23777,0,-0.58,1.34,9.170,2.772,3.050,0,0
23829,0,-0.59,-0.48,9.199,2.887,3.089,0,0
23880,0,-0.59,0.86,9.208,2.950,3.127,0,0
23932,0,-0.59,0.00,9.175,2.854,3.060,0,0
23983,0,-0.60,0.00,9.155,2.921,3.165,0,0
24035,0,-0.59,-0.52,9.136,2.931,3.179,0,0
24087,0,-0.60,0.00,9.165,2.902,3.069,0,0
24138,0,-0.61,0.84,9.175,2.887,2.978,0,0
24190,0,-0.61,0.00,9.179,2.835,2.993,0,0
24241,0,-0.61,0.00,9.122,2.873,3.103,0,0
24320,0,-0.56,0.17,9.170,2.911,3.117,0,0
24372,0,-0.58,-0.56,9.199,2.935,3.012,0,0
24422,0,-0.56,0.00,9.208,2.844,2.921,0,0
24472,0,-0.56,-0.50,9.175,2.902,3.012,0,0
24523,0,-0.59,-1.09,9.141,2.892,3.108,0,0
24575,0,-0.57,0.00,9.146,2.753,3.050,0,0
24625,0,-0.60,-1.01,9.203,2.686,3.069,0,0
24676,0,-0.62,-0.48,9.160,2.849,3.199,0,0
24728,0,-0.59,1.34,9.141,2.916,3.203,0,0
24780,0,-0.57,0.00,9.170,2.907,3.060,0,0
24831,0,-0.60,-0.52,9.170,2.878,2.974,0,0
24883,0,-0.60,0.00,9.199,2.950,3.036,0,0
24934,0,-0.61,-0.52,9.175,2.868,3.079,0,0
24986,0,-0.61,0.00,9.122,2.907,3.146,0,0
25038,0,-0.61,0.00,9.189,2.950,3.132,0,0
25089,0,-0.61,-0.52,9.203,2.796,3.089,0,0
25141,0,-0.63,0.00,9.093,2.878,3.089,0,0
25192,0,-0.64,-0.52,9.194,2.902,3.179,0,0
25244,0,-0.63,0.52,9.151,2.792,3.127,0,0
25296,0,-0.61,0.00,9.141,2.983,3.156,0,0
25346,0,-0.61,0.00,9.208,2.940,3.213,0,0
25396,0,-0.60,0.00,9.131,2.734,3.017,0,0
25446,0,-0.64,-1.49,9.184,2.667,2.974,0,0
25497,0,-0.62,0.00,9.170,2.859,3.065,0,0
25547,0,-0.61,0.52,9.203,2.863,3.122,0,0
25598,0,-0.60,0.52,9.136,2.811,3.136,0,0
25650,0,-0.62,0.00,9.155,2.782,3.175,0,0
25701,0,-0.64,-1.27,9.208,2.907,3.136,0,0
25753,0,-0.64,0.00,9.194,2.811,3.031,0,0
25805,0,-0.67,-1.34,9.189,2.758,3.002,0,0
25856,0,-0.67,0.00,9.213,2.878,3.237,0,0
25908,0,-0.67,0.00,9.112,2.835,3.237,0,0
25959,0,-0.69,-0.48,9.155,2.921,3.146,0,0
26011,0,-0.70,0.00,9.227,2.820,3.031,0,0
26063,0,-0.74,0.00,9.179,2.792,2.964,0,0
26114,0,-0.74,0.00,9.184,2.763,3.084,0,0
26166,0,-0.76,0.52,9.131,2.787,3.184,0,0
26217,0,-0.76,0.00,9.151,2.863,3.232,0,0
26268,0,-0.80,-1.34,9.194,2.835,3.098,0,0
26319,0,-0.80,0.00,9.237,2.854,3.050,0,0
26374,0,-0.77,0.36,9.146,2.897,3.093,0,0
26424,0,-0.81,0.00,9.160,2.777,3.089,0,0
26474,0,-0.79,0.54,9.203,2.863,3.136,0,0
26525,0,-0.79,0.00,9.189,2.739,3.156,0,0
26577,0,-0.78,0.00,9.131,2.840,3.160,0,0
26628,0,-0.81,-1.45,9.203,2.835,3.122,0,0
26679,0,-0.81,0.00,9.131,2.763,3.098,0,0
26730,0,-0.80,0.00,9.179,2.816,3.151,0,0
26782,0,-0.80,0.00,9.179,2.945,3.112,0,0
26833,0,-0.82,0.48,9.170,2.772,3.021,0,0
26885,0,-0.82,0.00,9.189,2.892,3.036,0,0
26937,0,-0.82,0.00,9.208,2.873,3.136,0,0
26988,0,-0.84,-0.52,9.155,2.801,3.218,0,0
27040,0,-0.84,0.00,9.098,2.648,3.069,0,0
27091,0,-0.82,0.00,9.203,2.974,3.098,0,0
27143,0,-0.81,0.00,9.251,2.988,3.012,0,0
27195,0,-0.82,0.48,9.160,2.844,2.983,0,0
27246,0,-0.79,1.01,9.136,2.739,3.127,0,0
27298,0,-0.79,0.00,9.151,2.964,3.270,0,0
27349,0,-0.77,0.52,9.151,2.911,3.146,0,0
27402,0,-0.77,0.00,9.160,2.868,2.950,0,0
27452,0,-0.76,0.00,9.266,2.921,2.988,0,0
27503,0,-0.75,0.52,9.179,2.840,3.117,0,0
27553,0,-0.73,0.00,9.093,2.844,3.170,0,0
27603,0,-0.73,0.00,9.141,2.849,3.117,0,0
27655,0,-0.73,0.00,9.208,2.887,3.002,0,0
27706,0,-0.72,0.48,9.199,2.945,2.978,0,0
27758,0,-0.72,0.00,9.213,2.811,3.050,0,0
27809,0,-0.74,0.00,9.146,2.863,3.165,0,0
27861,0,-0.76,-0.48,9.112,2.897,3.156,0,0
27913,0,-0.74,0.00,9.160,2.840,3.045,0,0
27964,0,-0.74,0.00,9.218,2.749,2.993,0,0
28016,0,-0.74,0.00,9.160,2.887,3.098,0,0
28067,0,-0.73,0.00,9.160,2.964,3.108,0,0
28119,0,-0.73,0.00,9.189,2.792,3.017,0,0
28171,0,-0.76,0.00,9.179,2.801,3.041,0,0
28222,0,-0.74,0.52,9.189,2.835,3.112,0,0
28274,0,-0.69,0.00,9.117,2.883,3.141,0,0
28325,0,-0.71,-1.49,9.160,2.806,3.084,0,0
28376,0,-0.71,0.00,9.203,2.964,3.074,0,0
28456,0,-0.67,0.41,9.227,2.878,3.026,0,0
28506,0,-0.67,0.00,9.175,2.825,3.060,0,0
28559,0,-0.64,0.52,9.122,2.950,3.170,0,0
28609,0,-0.63,0.48,9.160,2.863,3.108,0,0
28661,0,-0.60,1.01,9.213,2.959,3.002,0,0
28712,0,-0.60,0.00,9.213,2.931,3.021,0,0
28764,0,-0.57,0.52,9.155,2.753,2.993,0,0
28815,0,-0.56,0.00,9.222,2.883,3.132,0,0
28867,0,-0.58,0.00,9.160,2.911,3.136,0,0
28919,0,-0.57,0.52,9.151,2.873,3.060,0,0
28970,0,-0.54,0.00,9.194,2.950,3.026,0,0
29022,0,-0.51,0.52,9.160,2.792,2.945,0,0
29073,0,-0.50,0.00,9.208,2.806,3.079,0,0
29125,0,-0.47,0.52,9.194,2.926,3.170,0,0
29177,0,-0.46,0.52,9.093,2.854,3.136,0,0
29228,0,-0.44,0.00,9.179,2.849,3.055,0,0
29280,0,-0.47,-0.89,9.208,2.988,2.883,0,0
29330,0,-0.45,0.56,9.313,2.878,2.993,0,0
29380,0,-0.44,0.56,9.112,2.883,3.103,0,0
29430,0,-0.44,0.00,9.079,2.720,3.103,0,0
29480,0,-0.41,0.56,9.227,2.835,3.112,0,0
29531,0,-0.41,0.00,9.218,2.931,3.021,0,0
29582,0,-0.40,0.00,9.194,2.844,2.954,0,0
29634,0,-0.40,0.00,9.175,2.859,3.007,0,0
29686,0,-0.42,-1.34,9.155,2.863,3.055,0,0
29737,0,-0.42,0.00,9.213,2.744,3.103,0,0
29789,0,-0.41,0.48,9.165,2.921,3.089,0,0
29840,0,-0.41,0.00,9.251,3.021,3.122,0,0
29892,0,-0.42,0.00,9.175,2.911,3.012,0,0
29944,0,-0.42,0.00,9.194,2.792,2.959,0,0
29995,0,-0.41,0.48,9.160,2.892,3.036,0,0
30047,0,-0.41,0.00,9.208,2.873,3.146,0,0
30098,0,-0.41,0.00,9.179,2.816,3.084,0,0
30150,0,-0.41,0.00,9.175,2.854,2.993,0,0
30202,0,-0.43,0.00,9.232,2.902,3.026,0,0
30252,0,-0.43,0.00,9.199,2.835,2.993,0,0
30303,0,-0.40,0.48,9.208,2.777,2.998,0,0
30355,0,-0.39,0.52,9.203,2.873,3.079,0,0
30405,0,-0.37,0.00,9.170,2.816,3.089,0,0
30456,0,-0.33,1.09,9.165,2.763,3.007,0,0
30513,0,-0.31,0.38,9.280,2.720,3.017,0,0
30565,0,-0.28,1.01,9.213,2.744,3.079,0,0
30615,0,-0.30,-0.86,9.218,2.873,3.108,0,0
30667,0,-0.27,1.04,9.242,2.897,3.065,0,0
30718,0,-0.26,0.00,9.246,2.753,3.165,0,0
30770,0,-0.26,0.00,9.165,2.763,3.146,0,0
30821,0,-0.25,0.00,9.184,2.749,3.045,0,0
30873,0,-0.25,0.00,9.237,2.768,3.021,0,0
30925,0,-0.25,0.00,9.184,2.586,2.983,0,0
30976,0,-0.25,0.52,9.227,2.567,3.079,0,0
31028,0,-0.28,-1.41,9.222,2.653,3.218,0,0
31079,0,-0.27,0.00,9.160,2.648,3.170,0,0
31131,0,-0.25,0.00,9.179,2.749,3.055,0,0
31183,0,-0.25,0.00,9.261,2.897,2.945,0,0
31234,0,-0.24,0.48,9.251,2.816,2.935,0,0
31286,0,-0.24,0.00,9.175,2.782,3.050,0,0
31336,0,-0.24,0.00,9.146,2.744,3.127,0,0
31386,0,-0.25,0.00,9.194,2.758,3.151,0,0
31436,0,-0.27,0.00,9.203,2.816,3.165,0,0
31487,0,-0.28,0.00,9.175,2.863,3.060,0,0
31537,0,-0.27,0.48,9.242,2.950,2.993,0,0
31588,0,-0.27,0.00,9.194,2.897,3.017,0,0
31640,0,-0.27,0.00,9.160,2.830,3.069,0,0
31689,0,-0.27,0.00,9.179,2.883,3.108,0,0
31741,0,-0.29,0.00,9.203,2.921,3.103,0,0
31792,0,-0.29,0.00,9.175,2.911,3.098,0,0
31844,0,-0.29,0.00,9.199,2.835,2.993,0,0
31895,0,-0.29,0.00,9.155,2.844,3.074,0,0
31947,0,-0.30,0.00,9.074,2.729,3.179,0,0
31996,0,-0.27,0.00,9.237,2.950,3.256,0,0
32048,0,-0.27,0.00,9.270,3.122,3.151,0,0
32098,0,-0.27,0.00,9.136,2.954,3.136,0,0
32150,0,-0.31,0.00,9.304,2.902,3.127,0,0
32201,0,-0.30,0.52,9.294,2.648,3.476,0,0
32253,0,-0.30,0.00,8.945,2.006,3.452,0,0
32304,0,-0.31,-0.52,8.873,2.054,3.582,0,0
32356,0,-0.31,0.00,9.280,2.816,3.524,0,0
32406,0,-0.31,0.00,9.467,2.744,3.256,0,0
32457,0,-0.30,0.54,9.074,2.528,3.060,0,0
32507,0,-0.30,0.00,9.227,2.365,3.151,0,0
32564,0,-0.28,0.20,9.246,2.648,3.395,0,0
32616,0,-0.28,0.00,9.112,2.586,3.381,0,0
32667,0,-0.27,0.00,9.194,2.342,3.290,0,0
32718,0,-0.27,0.00,9.165,2.638,3.203,0,0
32769,0,-0.26,0.00,9.218,2.653,2.998,0,0
32821,0,-0.24,0.00,9.333,2.897,3.017,0,0
32872,0,-0.24,1.09,9.313,2.796,3.007,0,0
32924,0,-0.22,0.56,9.227,2.662,2.907,0,0
32976,0,-0.20,0.00,9.313,2.935,3.012,0,0
33027,0,-0.18,0.52,9.290,2.686,3.031,0,0
33079,0,-0.17,0.00,9.151,2.749,3.112,0,0
33130,0,-0.19,-0.82,9.165,2.658,3.007,0,0
33182,0,-0.18,0.48,9.261,2.844,2.931,0,0
33234,0,-0.16,0.52,9.294,2.916,2.753,0,0
33285,0,-0.16,0.00,9.313,2.772,2.624,0,0
33337,0,-0.15,0.00,9.294,2.954,2.739,0,0
33387,0,-0.17,-1.45,9.333,2.902,2.787,0,0
33437,0,-0.17,0.00,9.227,2.887,2.830,0,0
33487,0,-0.16,0.00,9.213,2.787,2.883,0,0
33538,0,-0.15,0.00,9.222,2.863,2.887,0,0
33588,0,-0.15,0.00,9.270,2.835,2.878,0,0
33640,0,-0.15,-0.93,9.232,2.801,2.931,0,0
33691,0,-0.15,0.00,9.213,2.878,2.950,0,0
33743,0,-0.17,-0.48,9.213,2.749,2.911,0,0
33794,0,-0.15,0.48,9.246,2.792,2.883,0,0
33846,0,-0.19,0.00,9.251,2.887,2.887,0,0
33898,0,-0.19,0.00,9.266,2.868,2.902,0,0
33949,0,-0.19,0.00,9.213,2.844,2.959,0,0
34001,0,-0.20,-0.48,9.242,2.878,2.964,0,0
34052,0,-0.19,0.48,9.227,2.883,2.921,0,0
34104,0,-0.19,0.00,9.179,2.849,2.825,0,0
34156,0,-0.20,-0.52,9.261,2.753,2.868,0,0
34207,0,-0.24,0.00,9.199,2.753,2.940,0,0
34259,0,-0.25,-0.52,9.184,2.945,3.002,0,0
34320,0,-0.27,-0.21,9.222,2.868,2.988,0,0
34372,0,-0.27,0.00,9.222,2.907,2.859,0,0
34423,0,-0.28,-0.56,9.299,2.907,2.840,0,0
34473,0,-0.28,0.00,9.222,2.950,2.926,0,0
34524,0,-0.32,0.00,9.189,2.840,3.007,0,0
34575,0,-0.33,-0.48,9.175,2.753,3.026,0,0
34627,0,-0.29,1.04,9.222,2.801,3.002,0,0
34678,0,-0.32,-1.23,9.213,2.954,3.007,0,0
34729,0,-0.31,0.48,9.242,2.844,2.940,0,0
34780,0,-0.31,0.00,9.208,2.796,2.868,0,0
34832,0,-0.31,0.00,9.232,2.768,2.926,0,0
34884,0,-0.30,0.56,9.213,2.911,2.964,0,0
34935,0,-0.30,0.00,9.232,2.887,3.036,0,0
34987,0,-0.32,0.00,9.160,2.758,2.950,0,0
35038,0,-0.32,0.00,9.213,2.820,2.926,0,0
35090,0,-0.33,-0.82,9.266,3.026,2.897,0,0
35142,0,-0.33,0.00,9.261,2.959,2.878,0,0
35193,0,-0.31,0.00,9.213,2.854,2.907,0,0
35245,0,-0.30,0.00,9.170,2.878,2.945,0,0
35296,0,-0.29,0.48,9.227,2.887,3.050,0,0
35348,0,-0.31,-0.93,9.218,2.825,2.959,0,0
35398,0,-0.31,0.00,9.189,2.811,2.916,0,0
35448,0,-0.30,0.00,9.285,2.911,2.907,0,0
35499,0,-0.30,0.56,9.199,2.907,2.969,0,0
35549,0,-0.28,0.56,9.189,2.921,3.012,0,0
35599,0,-0.27,0.48,9.222,2.825,2.993,0,0
35651,0,-0.27,0.00,9.179,2.868,2.993,0,0
35702,0,-0.27,0.00,9.189,2.763,2.988,0,0
35754,0,-0.25,0.00,9.184,2.715,2.907,0,0
35805,0,-0.24,0.00,9.290,2.820,3.069,0,0
35857,0,-0.25,-0.88,9.160,2.811,3.079,0,0
35908,0,-0.25,0.00,9.146,2.777,2.998,0,0
35960,0,-0.24,0.48,9.275,2.825,2.964,0,0
36012,0,-0.22,0.56,9.246,2.902,2.974,0,0
36063,0,-0.21,0.00,9.189,2.863,2.878,0,0
36115,0,-0.21,0.00,9.261,2.782,2.887,0,0
36166,0,-0.20,0.00,9.222,2.744,2.978,0,0
36218,0,-0.20,0.00,9.155,2.825,3.117,0,0
36270,0,-0.18,0.52,9.266,2.849,3.103,0,0
36320,0,-0.18,0.00,9.199,2.974,3.060,0,0
36384,0,-0.20,-0.25,9.251,2.816,2.883,0,0
36435,0,-0.19,0.00,9.270,2.782,2.801,0,0
36485,0,-0.19,0.00,9.266,2.840,2.935,0,0
36535,0,-0.19,0.00,9.251,2.830,3.041,0,0
36586,0,-0.19,0.00,9.347,3.098,3.170,0,0
36637,0,-0.18,0.52,9.471,3.227,3.179,0,0
36689,0,-0.16,0.00,9.946,4.123,3.682,0,0
36740,0,-0.16,0.00,8.954,1.523,2.950,0,0
36792,0,-0.15,0.00,8.485,0.201,2.562,0,0
36844,0,-0.13,0.48,9.155,0.666,3.055,0,0
36895,0,-0.13,0.00,9.500,2.207,3.922,0,0
36947,0,-0.14,0.56,9.266,2.423,3.931,0,0
36998,0,-0.14,0.00,9.189,1.753,3.414,0,0
37050,0,-0.12,0.56,9.371,1.872,3.438,0,0
37102,0,-0.10,0.52,9.438,2.270,3.328,0,0
37153,0,-0.10,0.00,9.385,1.968,2.998,0,0
37205,0,-0.14,0.00,9.414,2.088,3.093,0,0
37256,0,-0.12,0.00,9.438,2.083,3.132,0,0
37307,0,-0.12,0.00,9.309,1.997,3.223,0,0
37358,0,-0.12,0.00,9.342,1.958,3.280,0,0
37409,0,-0.12,0.00,9.313,2.059,3.294,0,0
37459,0,-0.12,0.00,9.328,2.021,3.184,0,0
37509,0,-0.11,0.00,9.275,1.911,2.969,0,0
37559,0,-0.13,0.52,9.409,2.184,3.184,0,0
37611,0,-0.13,0.00,9.481,2.241,3.074,0,0
37662,0,-0.13,0.00,9.366,2.097,3.036,0,0
37714,0,-0.13,0.00,9.328,2.131,3.103,0,0
37766,0,-0.13,0.00,9.352,2.217,3.223,0,0
37817,0,-0.12,0.00,9.313,2.207,3.232,0,0
37869,0,-0.12,0.00,9.323,2.236,3.151,0,0
37920,0,-0.17,-1.86,9.357,2.265,3.141,0,0
37972,0,-0.17,0.00,9.328,2.222,3.165,0,0
38023,0,-0.15,0.00,9.318,2.356,3.232,0,0
38075,0,-0.17,0.00,9.404,2.500,3.251,0,0
38127,0,-0.17,0.00,9.333,2.428,3.117,0,0
38177,0,-0.22,-1.83,9.294,2.160,3.141,0,0
38229,0,-0.22,0.00,9.194,2.136,3.247,0,0
38280,0,-0.22,0.00,9.333,2.169,3.328,0,0
38332,0,-0.22,0.00,9.443,2.385,3.405,0,0
38381,0,-0.24,0.00,9.333,2.399,3.194,0,0
38432,0,-0.24,0.00,9.175,2.126,2.887,0,0
38483,0,-0.23,0.00,9.313,2.164,2.868,0,0
38533,0,-0.23,0.00,9.481,2.265,3.074,0,0
38585,0,-0.24,0.00,9.285,2.332,3.357,0,0
38635,0,-0.29,-1.83,9.261,2.500,3.443,0,0
38687,0,-0.29,0.00,9.419,2.404,3.194,0,0
38738,0,-0.29,0.00,9.361,2.231,3.050,0,0
38790,0,-0.29,0.00,9.237,2.040,3.026,0,0
38841,0,-0.30,0.00,9.299,2.198,3.156,0,0
38893,0,-0.30,0.00,9.309,2.327,3.184,0,0
38945,0,-0.30,0.00,9.266,2.274,3.184,0,0
38996,0,-0.34,0.00,9.376,2.227,3.084,0,0
39048,0,-0.34,0.00,9.347,2.313,3.050,0,0
39099,0,-0.33,0.52,9.366,2.327,3.060,0,0
39151,0,-0.31,0.48,9.357,2.265,3.098,0,0
39203,0,-0.31,0.00,9.290,2.236,3.141,0,0
39254,0,-0.31,0.00,9.342,2.365,3.146,0,0
39306,0,-0.30,0.00,9.361,2.322,3.060,0,0
39356,0,-0.31,-0.52,9.309,2.236,3.151,0,0
39406,0,-0.33,0.00,9.299,2.289,3.223,0,0
39457,0,-0.31,0.54,9.318,2.399,3.203,0,0
39507,0,-0.31,0.00,9.352,2.375,3.084,0,0
39557,0,-0.31,0.00,9.357,2.246,2.940,0,0
39608,0,-0.29,0.52,9.361,2.327,3.093,0,0
39660,0,-0.29,0.00,9.309,2.356,3.156,0,0
39711,0,-0.29,0.00,9.290,2.284,3.136,0,0
39763,0,-0.29,0.00,9.318,2.313,3.127,0,0
39815,0,-0.29,0.00,9.318,2.332,3.074,0,0
39866,0,-0.32,-0.93,9.366,2.404,3.007,0,0
39918,0,-0.30,0.00,9.395,2.380,3.041,0,0
39969,0,-0.29,0.00,9.299,2.260,3.069,0,0
40021,0,-0.28,0.48,9.328,2.313,3.184,0,0
40073,0,-0.26,0.52,9.304,2.342,3.208,0,0
40124,0,-0.30,-1.34,9.290,2.294,3.041,0,0
40176,0,-0.30,0.00,9.347,2.308,2.978,0,0
40227,0,-0.30,-0.56,9.371,2.303,3.007,0,0
40278,0,-0.30,0.00,9.333,2.418,3.117,0,0
40329,0,-0.28,0.52,9.313,2.246,3.218,0,0
40381,0,-0.27,0.00,9.275,2.236,3.165,0,0
40432,0,-0.28,0.52,9.361,2.337,3.098,0,0
40483,0,-0.26,0.20,9.390,2.394,3.017,0,0
40533,0,-0.26,0.00,9.337,2.399,3.036,0,0
40584,0,-0.25,0.48,9.318,2.342,3.156,0,0
40635,0,-0.25,0.00,9.270,2.298,3.160,0,0
40687,0,-0.24,0.00,9.328,2.265,3.117,0,0
40738,0,-0.22,0.52,9.371,2.303,3.136,0,0
40790,0,-0.21,0.00,9.275,2.313,3.122,0,0
40842,0,-0.26,-0.52,9.299,2.327,3.089,0,0
40893,0,-0.26,0.00,9.342,2.251,3.026,0,0
40945,0,-0.27,0.00,9.361,2.308,3.074,0,0
40996,0,-0.27,0.00,9.352,2.442,3.184,0,0
41048,0,-0.27,0.00,9.299,2.308,3.151,0,0
41097,0,-0.27,-0.48,9.294,2.274,3.079,0,0
41149,0,-0.27,0.00,9.371,2.337,3.060,0,0
41199,0,-0.26,0.48,9.342,2.370,3.021,0,0
41251,0,-0.29,0.00,9.380,2.365,3.050,0,0
41302,0,-0.28,0.48,9.299,2.322,3.079,0,0
41354,0,-0.27,0.52,9.347,2.270,3.122,0,0
41404,0,-0.24,0.56,9.309,2.337,3.084,0,0
41454,0,-0.24,0.00,9.347,2.313,3.108,0,0
41505,0,-0.24,0.00,9.299,2.322,2.988,0,0
41554,0,-0.28,0.00,9.376,2.375,2.988,0,0
41606,0,-0.28,0.00,9.404,2.428,2.988,0,0
41658,0,-0.28,0.00,9.376,2.303,3.031,0,0
41709,0,-0.28,-0.86,9.261,2.346,3.103,0,0
41761,0,-0.27,0.52,9.323,2.365,3.084,0,0
41812,0,-0.26,0.48,9.337,2.365,3.041,0,0
41864,0,-0.24,0.52,9.357,2.322,2.978,0,0
41916,0,-0.26,0.00,9.380,2.409,3.026,0,0
41967,0,-0.27,0.52,9.323,2.313,3.050,0,0
42019,0,-0.27,0.00,9.280,2.284,2.921,0,0
42069,0,-0.25,0.48,9.462,2.389,2.921,0,0
42121,0,-0.27,0.00,9.462,2.562,2.883,0,0
42172,0,-0.26,-0.30,9.457,2.456,2.916,0,0
42224,0,-0.27,-0.52,9.385,2.547,2.868,0,0
42275,0,-0.26,0.56,9.333,2.370,2.878,0,0
42327,0,-0.25,0.48,9.179,1.767,2.887,0,0
42376,0,-0.25,0.00,9.055,1.891,3.084,0,0
42427,0,-0.24,0.56,9.275,2.500,3.055,0,0
42477,0,-0.24,0.00,9.831,2.739,2.959,0,0
42532,0,-0.24,0.00,9.400,2.500,2.600,0,0
42584,0,-0.23,0.48,9.232,2.270,2.471,0,0
42634,0,-0.23,0.00,9.452,2.547,2.696,0,0
42686,0,-0.23,0.00,9.395,2.835,2.605,0,0
42737,0,-0.26,-0.82,9.457,2.610,2.404,0,0
42789,0,-0.26,0.00,9.409,2.476,2.456,0,0
42840,0,-0.24,0.52,9.270,2.509,2.557,0,0
42892,0,-0.22,0.52,9.337,2.399,2.830,0,0
42944,0,-0.22,0.00,9.740,2.140,3.304,0,0
42995,0,-0.23,0.52,8.926,2.557,2.921,0,0
43047,0,-0.23,0.00,9.337,2.758,2.825,0,0
43098,0,-0.20,0.56,9.385,2.648,2.825,0,0
43150,0,-0.20,0.00,9.376,3.021,2.806,0,0
43202,0,-0.20,0.00,9.606,2.691,2.586,0,0
43253,0,-0.22,0.00,9.400,2.442,2.667,0,0
43305,0,-0.22,0.00,8.801,2.207,2.567,0,0
43355,0,-0.22,0.00,9.323,2.591,2.696,0,0
43405,0,-0.20,0.00,9.730,2.916,2.705,0,0
43456,0,-0.20,-0.48,9.328,2.533,2.744,0,0
43506,0,-0.20,0.00,9.007,2.294,2.950,0,0
43556,0,-0.19,0.00,9.165,2.983,3.314,0,0
43607,0,-0.20,-0.82,9.385,3.170,3.089,0,0
43659,0,-0.17,1.04,9.117,2.543,2.691,0,0
43710,0,-0.16,-0.86,9.079,2.686,2.734,0,0
43762,0,-0.15,0.52,9.294,3.055,2.945,0,0
43814,0,-0.14,0.00,9.409,3.203,2.978,0,0
43865,0,-0.14,-0.52,9.328,3.409,2.768,0,0
43917,0,-0.14,0.00,9.270,3.175,2.658,0,0
43968,0,-0.16,0.00,9.055,2.887,2.715,0,0
44020,0,-0.16,0.00,9.064,2.902,2.801,0,0
44072,0,-0.18,0.00,9.222,3.218,2.830,0,0
44123,0,-0.23,-0.56,9.404,3.251,2.758,0,0
44175,0,-0.24,0.00,9.227,2.974,2.729,0,0
44226,0,-0.26,0.00,9.103,2.935,2.768,0,0
44318,0,-0.23,0.42,9.380,3.093,2.772,0,0
44370,0,-0.23,0.00,9.127,3.227,2.835,0,0
44421,0,-0.25,0.52,9.036,2.801,2.701,0,0
44471,0,-0.24,0.54,9.400,3.232,2.729,0,0
44521,0,-0.24,0.00,9.366,3.314,2.772,0,0
44573,0,-0.25,0.00,9.184,2.782,2.796,0,0
44625,0,-0.25,0.00,9.151,2.749,2.887,0,0
44677,0,-0.25,0.00,9.227,2.753,2.705,0,0
44727,0,-0.25,0.00,9.280,2.710,2.476,0,0
44778,0,-0.27,-1.34,9.395,2.868,2.586,0,0
44830,0,-0.27,0.00,9.357,2.945,2.859,0,0
44882,0,-0.27,0.48,9.151,2.528,2.993,0,0
44933,0,-0.31,-1.34,9.256,2.509,3.002,0,0
44985,0,-0.30,0.00,9.333,2.744,2.863,0,0
45036,0,-0.30,0.00,9.366,2.677,2.840,0,0
45088,0,-0.33,-1.38,9.179,2.356,2.763,0,0
45140,0,-0.33,0.00,9.146,2.787,2.816,0,0
45191,0,-0.33,0.00,9.266,2.725,2.624,0,0
45243,0,-0.33,0.00,9.601,2.892,2.504,0,0
45294,0,-0.35,0.52,9.515,3.117,2.322,0,0
45346,0,-0.31,0.00,9.160,2.787,2.116,0,0
45396,0,-0.31,0.00,9.448,2.447,2.298,0,0
45446,0,-0.32,-0.52,9.376,2.174,2.600,0,0
45497,0,-0.37,0.00,9.069,1.944,3.213,0,0
45547,0,-0.37,-0.56,9.270,2.437,3.807,0,0
45597,0,-0.37,0.00,9.246,3.208,3.606,0,0
45648,0,-0.37,0.00,9.131,3.098,2.830,0,0
45700,0,-0.37,0.00,9.433,3.026,2.466,0,0
45752,0,-0.35,0.00,9.424,3.041,2.423,0,0
45803,0,-0.32,1.01,9.151,2.662,2.433,0,0
45855,0,-0.32,0.00,9.309,2.638,2.835,0,0
45906,0,-0.32,0.00,9.175,2.840,3.203,0,0
45958,0,-0.35,-1.30,9.136,2.863,3.122,0,0
46010,0,-0.35,0.00,9.323,2.897,2.820,0,0
46061,0,-0.35,0.00,9.347,2.993,2.677,0,0
46113,0,-0.36,0.00,9.280,3.084,2.643,0,0
46164,0,-0.36,0.00,9.280,3.108,2.586,0,0
46216,0,-0.35,0.00,9.246,3.045,2.653,0,0
46268,0,-0.35,-0.48,9.199,2.907,2.796,0,0
46318,0,-0.35,0.00,9.184,2.873,2.911,0,0
46368,0,-0.37,-0.32,9.213,2.868,2.907,0,0
46418,0,-0.34,0.52,9.227,2.916,2.830,0,0
46468,0,-0.33,0.54,9.251,3.017,2.729,0,0
46519,0,-0.30,0.00,9.270,3.026,2.686,0,0
46571,0,-0.27,0.48,9.232,2.993,2.749,0,0
46621,0,-0.27,0.00,9.208,2.897,2.840,0,0
46673,0,-0.25,0.56,9.213,2.907,2.911,0,0
46724,0,-0.26,0.00,9.146,2.849,2.945,0,0
46776,0,-0.26,0.00,9.184,2.978,2.878,0,0
46827,0,-0.26,0.00,9.285,2.988,2.710,0,0
46879,0,-0.26,0.00,9.256,2.902,2.705,0,0
46931,0,-0.28,-1.34,9.208,2.926,2.796,0,0
46982,0,-0.23,0.00,9.246,2.978,2.911,0,0
47034,0,-0.26,0.00,9.175,2.887,2.887,0,0
47085,0,-0.24,0.48,9.213,2.916,2.830,0,0
47137,0,-0.24,0.00,9.275,3.012,2.806,0,0
47189,0,-0.23,0.60,9.227,3.045,2.768,0,0
47240,0,-0.21,0.00,9.222,3.012,2.753,0,0
47292,0,-0.19,0.52,9.266,2.916,2.863,0,0
47343,0,-0.21,0.00,9.199,2.964,2.950,0,0
47396,0,-0.18,0.52,9.218,2.998,2.878,0,0
47446,0,-0.18,0.00,9.266,2.935,2.772,0,0
47497,0,-0.18,0.00,9.246,2.892,2.806,0,0
47547,0,-0.15,0.52,9.199,2.820,2.911,0,0
47597,0,-0.15,0.00,9.170,2.916,2.954,0,0
47648,0,-0.18,0.48,9.218,2.935,2.887,0,0
47700,0,-0.18,0.00,9.218,2.969,2.782,0,0
47749,0,-0.16,0.52,9.232,2.902,2.710,0,0
47801,0,-0.15,0.52,9.285,2.921,2.796,0,0
47852,0,-0.15,0.00,9.251,2.926,2.840,0,0
47904,0,-0.15,0.00,9.208,2.835,2.907,0,0
47955,0,-0.15,0.00,9.213,2.835,2.964,0,0
48007,0,-0.15,-0.48,9.270,2.940,2.883,0,0
48059,0,-0.16,-0.52,9.227,2.868,2.696,0,0
48110,0,-0.15,0.00,9.237,2.873,2.753,0,0
48162,0,-0.15,0.00,9.261,2.978,2.873,0,0
48213,0,-0.14,0.00,9.189,2.883,2.873,0,0
48264,0,-0.14,0.00,9.213,2.887,2.902,0,0
48315,0,-0.12,0.00,9.242,2.959,2.883,0,0
48367,0,-0.14,-0.86,9.237,2.902,2.806,0,0
48418,0,-0.14,0.00,9.199,2.945,2.806,0,0
48469,0,-0.13,0.56,9.251,2.974,2.868,0,0
48519,0,-0.13,0.00,9.203,2.907,2.811,0,0
48568,0,-0.12,0.00,9.246,2.945,2.868,0,0
48619,0,-0.12,0.00,9.232,3.031,2.835,0,0
48670,0,-0.13,0.00,9.218,2.916,2.782,0,0
48722,0,-0.13,0.00,9.227,2.840,2.801,0,0
48773,0,-0.13,0.00,9.232,2.825,2.892,0,0
48825,0,-0.13,0.00,9.199,2.954,2.931,0,0
48874,0,-0.11,0.00,9.242,2.950,2.816,0,0
48926,0,-0.14,0.00,9.261,2.902,2.787,0,0
48977,0,-0.14,0.00,9.261,2.993,2.849,0,0
49029,0,-0.14,0.00,9.242,2.840,2.849,0,0
49080,0,-0.14,0.00,9.203,2.840,2.907,0,0
49132,0,-0.16,0.00,9.222,2.873,2.907,0,0
49184,0,-0.16,0.00,9.222,2.878,2.830,0,0
49234,0,-0.14,0.48,9.261,2.849,2.873,0,0
49286,0,-0.14,0.00,9.222,2.931,2.907,0,0
49337,0,-0.14,0.00,9.194,2.883,2.887,0,0
49389,0,-0.13,0.52,9.227,2.883,2.825,0,0
49440,0,-0.12,0.00,9.294,2.849,2.801,0,0
49490,0,-0.10,0.52,9.222,2.849,2.892,0,0
49540,0,-0.13,-0.88,9.189,2.883,2.940,0,0
49592,0,-0.13,0.00,9.208,2.959,2.945,0,0
49644,0,-0.10,0.52,9.251,2.964,2.825,0,0
49695,0,-0.10,0.00,9.280,2.902,2.758,0,0
49747,0,-0.10,0.00,9.227,2.854,2.816,0,0
49798,0,-0.10,0.52,9.222,2.873,2.907,0,0
49850,0,-0.10,0.00,9.189,2.916,2.907,0,0
49902,0,-0.12,0.00,9.237,2.916,2.840,0,0
49953,0,-0.09,1.13,9.266,2.945,2.787,0,0
50005,0,-0.09,0.00,9.222,2.935,2.887,0,0
50056,0,-0.11,-1.23,9.189,2.873,2.902,0,0
50108,0,-0.11,0.00,9.199,2.916,2.844,0,0
50160,0,-0.11,-0.52,9.242,2.854,2.835,0,0
50210,0,-0.11,0.00,9.266,2.926,2.825,0,0
50261,0,-0.13,-0.48,9.294,2.940,2.844,0,0
50313,0,-0.15,0.00,9.337,2.806,2.931,0,0
50365,0,-0.15,0.00,9.199,2.964,2.916,0,0
50415,0,-0.15,0.00,9.199,2.820,2.868,0,0
50466,0,-0.14,0.20,9.309,2.988,2.892,0,0
50517,0,-0.16,0.00,9.304,2.787,2.787,0,0
50569,0,-0.21,-1.83,9.213,2.653,2.796,0,0
50620,0,-0.21,0.00,9.222,2.504,2.945,0,0
50671,0,-0.19,0.52,9.290,2.629,2.978,0,0
50722,0,-0.22,-0.86,9.352,2.854,2.878,0,0
50774,0,-0.20,0.52,9.462,2.859,2.768,0,0
50825,0,-0.19,0.56,9.400,2.667,2.782,0,0
50877,0,-0.18,0.00,9.213,2.528,3.055,0,0
50929,0,-0.16,0.00,8.873,2.102,3.208,0,0
50980,0,-0.20,-1.45,9.103,2.088,3.270,0,0
51032,0,-0.19,0.00,9.323,2.308,3.328,0,0
51083,0,-0.19,0.00,9.251,2.662,3.184,0,0
51135,0,-0.17,0.00,9.428,3.002,2.725,0,0
51184,0,-0.19,-1.34,9.629,3.036,2.303,0,0
51236,0,-0.18,0.52,9.400,2.715,2.485,0,0
51286,0,-0.17,0.52,9.443,2.179,3.218,0,0
51338,0,-0.17,0.00,9.060,2.002,3.361,0,0
51387,0,-0.17,-0.82,8.930,2.164,3.151,0,0
51438,0,-0.16,0.52,9.127,2.844,3.270,0,0
51488,0,-0.16,0.00,9.242,3.208,2.863,0,0
51538,0,-0.13,0.52,9.543,2.945,2.413,0,0
51590,0,-0.16,-0.86,9.625,2.495,2.547,0,0
51641,0,-0.14,0.00,9.251,2.346,3.175,0,0
51693,0,-0.13,0.00,9.045,2.270,3.448,0,0
51745,0,-0.14,0.00,8.993,2.476,3.127,0,0
51796,0,-0.14,0.00,9.222,3.151,2.610,0,0
51848,0,-0.16,-0.52,9.577,3.333,2.289,0,0
51899,0,-0.14,0.52,9.529,3.323,2.203,0,0
51951,0,-0.14,0.00,9.443,2.691,2.433,0,0
52000,0,-0.18,0.00,9.131,2.423,3.060,0,0
52052,0,-0.16,0.00,8.959,2.370,3.385,0,0
52102,0,-0.16,0.00,9.199,2.586,3.299,0,0
52154,0,-0.16,0.00,9.409,2.887,2.950,0,0
52205,0,-0.16,0.00,9.438,3.108,2.672,0,0
52257,0,-0.18,-0.48,9.261,3.141,2.394,0,0
52308,0,-0.18,0.00,9.285,3.026,2.399,0,0
52360,0,-0.23,-0.52,9.337,3.012,2.777,0,0
52410,0,-0.21,0.56,9.222,2.624,2.945,0,0
52461,0,-0.21,0.00,9.227,2.538,2.964,0,0
52515,0,-0.21,0.00,9.179,2.677,3.112,0,0
52567,0,-0.20,0.00,9.041,3.021,3.050,0,0
52618,0,-0.20,0.00,9.251,3.017,2.605,0,0
52669,0,-0.21,0.00,9.495,3.098,2.246,0,0
52721,0,-0.21,0.00,9.515,2.926,2.160,0,0
52773,0,-0.21,0.00,9.318,2.605,2.523,0,0
52824,0,-0.25,-1.34,9.199,2.734,2.964,0,0
52876,0,-0.25,0.00,9.103,2.792,3.084,0,0
52927,0,-0.24,0.00,9.213,2.935,2.878,0,0
52979,0,-0.22,0.52,9.342,2.974,2.538,0,0
53031,0,-0.21,0.52,9.390,3.108,2.332,0,0
53082,0,-0.23,-0.93,9.290,2.974,2.174,0,0
53134,0,-0.23,0.00,9.337,2.907,2.380,0,0
53185,0,-0.23,0.00,9.323,2.998,2.634,0,0
53237,0,-0.23,0.00,9.208,2.844,2.715,0,0
53288,0,-0.22,0.52,9.299,2.892,2.763,0,0
53339,0,-0.22,0.00,9.266,2.945,2.744,0,0
53389,0,-0.25,0.00,9.218,3.036,2.629,0,0
53439,0,-0.25,0.00,9.266,3.170,2.380,0,0
53489,0,-0.24,0.00,9.380,3.093,2.222,0,0
53540,0,-0.20,0.48,9.337,2.926,2.523,0,0
53591,0,-0.22,-0.84,9.160,3.127,2.844,0,0
53643,0,-0.19,0.00,9.270,3.175,2.859,0,0
53694,0,-0.19,-1.30,9.309,2.988,2.653,0,0
53746,0,-0.21,0.00,9.208,2.988,2.413,0,0
53798,0,-0.19,0.56,9.385,3.093,2.452,0,0
53849,0,-0.19,0.00,9.246,2.787,2.777,0,0
53901,0,-0.23,0.00,9.064,2.844,2.978,0,0
53952,0,-0.22,0.52,9.160,3.266,2.902,0,0
54004,0,-0.20,0.00,9.323,3.285,2.653,0,0
54056,0,-0.16,0.60,9.290,3.136,2.351,0,0
54107,0,-0.16,0.00,9.376,2.878,2.342,0,0
54159,0,-0.18,-0.86,9.285,2.825,2.758,0,0
54209,0,-0.18,0.00,9.117,3.093,3.093,0,0
54261,0,-0.15,0.56,9.194,3.036,3.031,0,0
54328,0,-0.13,0.43,9.160,3.045,2.605,0,0
54381,0,-0.13,0.00,9.352,3.079,2.327,0,0
54431,0,-0.13,0.50,9.414,2.835,2.394,0,0
54481,0,-0.13,0.00,9.237,2.868,2.787,0,0
54532,0,-0.12,0.00,9.151,3.108,3.127,0,0
54583,0,-0.11,0.00,9.146,2.974,3.074,0,0
54635,0,-0.09,0.56,9.146,2.954,2.614,0,0
54687,0,-0.09,0.52,9.376,3.007,2.251,0,0
54737,0,-0.09,0.00,9.390,2.696,2.342,0,0
54788,0,-0.08,0.48,9.218,2.854,2.916,0,0
54840,0,-0.08,0.00,9.179,3.084,3.275,0,0
54892,0,-0.05,0.52,9.108,3.007,3.108,0,0
54943,0,-0.09,-1.34,9.151,3.050,2.528,0,0
54995,0,-0.07,0.00,9.443,3.146,2.040,0,0
55046,0,-0.06,0.48,9.505,2.758,2.236,0,0
55098,0,-0.06,0.00,9.251,2.591,2.921,0,0
55147,0,-0.06,0.00,8.988,3.122,3.457,0,0
55199,0,-0.06,0.00,9.108,3.247,3.318,0,0
55250,0,-0.07,0.00,9.251,2.954,2.610,0,0
55302,0,-0.11,-0.52,9.313,3.012,2.040,0,0
55353,0,-0.10,0.00,9.505,2.873,2.203,0,0
55404,0,-0.11,0.00,9.261,2.792,2.782,0,0
55454,0,-0.14,-1.09,9.055,3.184,3.323,0,0
55504,0,-0.14,0.00,9.146,3.017,3.189,0,0
55557,0,-0.15,-0.52,9.184,2.974,2.629,0,0
55608,0,-0.15,0.00,9.342,3.165,2.155,0,0
55659,0,-0.15,0.00,9.476,2.840,2.184,0,0
55710,0,-0.15,0.00,9.323,2.619,2.696,0,0
55762,0,-0.17,-1.38,9.088,3.041,3.309,0,0
55813,0,-0.17,0.00,9.074,3.160,3.385,0,0
55865,0,-0.16,0.00,9.084,3.007,2.672,0,0
55914,0,-0.13,0.00,9.400,3.045,2.097,0,0
55966,0,-0.12,0.00,9.524,2.950,1.973,0,0
56017,0,-0.13,-0.52,9.414,2.576,2.619,0,0
56069,0,-0.13,0.00,9.069,2.921,3.424,0,0
56120,0,-0.13,0.00,8.983,3.194,3.534,0,0
56172,0,-0.17,0.00,9.093,3.017,2.887,0,0
56224,0,-0.17,0.00,9.361,3.007,2.121,0,0
56274,0,-0.17,0.00,9.495,3.017,1.839,0,0
56326,0,-0.18,0.00,9.438,2.605,2.528,0,0
56379,0,-0.18,0.00,9.041,2.959,3.428,0,0
56429,0,-0.18,0.00,9.007,3.323,3.529,0,0
56480,0,-0.20,-0.48,9.170,3.069,2.883,0,0
56530,0,-0.26,0.00,9.342,2.863,2.222,0,0
56582,0,-0.26,0.00,9.323,3.050,1.997,0,0
56633,0,-0.30,-1.30,9.452,2.978,2.480,0,0
56684,0,-0.28,0.45,9.213,2.696,3.055,0,0
56735,0,-0.28,0.00,8.997,2.825,3.357,0,0
56787,0,-0.27,0.00,9.112,3.251,3.084,0,0
56839,0,-0.27,0.00,9.275,3.175,2.442,0,0
56890,0,-0.27,0.00,9.352,3.017,2.002,0,0
56942,0,-0.31,0.00,9.491,2.830,2.255,0,0
56993,0,-0.31,0.00,9.256,2.777,3.017,0,0
57045,0,-0.29,0.00,8.950,2.983,3.381,0,0
57097,0,-0.31,-0.86,9.127,3.242,2.988,0,0
57148,0,-0.33,-0.52,9.385,3.041,2.332,0,0
57200,0,-0.31,0.48,9.400,2.897,2.112,0,0
57251,0,-0.31,0.00,9.366,2.840,2.552,0,0
57303,0,-0.30,0.60,9.165,3.031,2.940,0,0
57355,0,-0.32,-0.78,9.199,2.926,3.017,0,0
57405,0,-0.32,0.00,9.170,2.878,2.854,0,0
57455,0,-0.32,0.00,9.175,3.036,2.571,0,0
57505,0,-0.32,0.00,9.347,3.065,2.409,0,0
57558,0,-0.33,0.00,9.376,2.772,2.519,0,0
57609,0,-0.32,0.56,9.232,2.729,2.868,0,0
57660,0,-0.30,0.52,9.136,3.079,3.165,0,0
57711,0,-0.32,-0.52,9.112,3.237,3.002,0,0
57763,0,-0.31,-0.34,9.203,3.069,2.543,0,0
57814,0,-0.31,0.00,9.323,3.031,2.222,0,0
57866,0,-0.31,0.00,9.462,2.902,2.433,0,0
57918,0,-0.30,0.00,9.256,2.782,2.921,0,0
57969,0,-0.32,-0.89,9.136,2.883,3.275,0,0
58021,0,-0.31,0.00,9.079,3.069,3.127,0,0
58072,0,-0.29,0.52,9.213,3.146,2.586,0,0
58124,0,-0.28,0.00,9.347,3.156,2.093,0,0
58176,0,-0.26,0.00,9.404,3.031,2.160,0,0
58227,0,-0.25,0.00,9.347,2.835,2.739,0,0
58279,0,-0.25,0.00,9.122,2.763,3.266,0,0
58330,0,-0.26,-0.48,9.055,2.921,3.247,0,0
58382,0,-0.30,0.00,9.179,3.060,2.835,0,0
58437,0,-0.30,0.00,9.242,3.184,2.303,0,0
58487,0,-0.30,0.00,9.400,3.132,2.217,0,0
58538,0,-0.29,0.00,9.333,3.093,2.452,0,0
58588,0,-0.29,0.00,9.261,2.840,2.878,0,0
58640,0,-0.29,0.00,9.170,2.691,3.136,0,0
58691,0,-0.29,0.00,9.146,2.801,3.156,0,0
58743,0,-0.29,0.00,9.194,3.093,2.825,0,0
58794,0,-0.30,0.52,9.313,3.127,2.399,0,0
58846,0,-0.28,0.00,9.261,3.112,2.327,0,0
58898,0,-0.25,0.52,9.275,3.098,2.500,0,0
58949,0,-0.27,-0.52,9.232,2.921,2.725,0,0
59001,0,-0.25,0.00,9.222,2.749,2.854,0,0
59052,0,-0.29,-1.34,9.275,2.763,2.897,0,0
59104,0,-0.29,0.00,9.270,2.940,2.868,0,0
59155,0,-0.28,0.00,9.251,3.002,2.763,0,0
59207,0,-0.26,0.48,9.242,3.041,2.547,0,0
59259,0,-0.25,0.52,9.194,3.089,2.452,0,0
59309,0,-0.25,0.00,9.256,2.945,2.433,0,0
59361,0,-0.27,-0.82,9.266,2.796,2.763,0,0
59411,0,-0.26,0.52,9.242,2.835,3.098,0,0
59461,0,-0.26,0.00,9.136,2.940,3.045,0,0
59512,0,-0.26,-0.54,9.098,2.887,2.715,0,0
59561,0,-0.28,-0.88,9.313,3.017,2.523,0,0
59613,0,-0.29,0.00,9.639,3.175,2.629,0,0
59665,0,-0.27,0.48,9.026,3.065,2.586,0,0
59716,0,-0.25,0.00,9.002,2.916,2.586,0,0
59768,0,-0.25,0.00,9.055,3.280,2.619,0,0
59819,0,-0.25,0.00,9.361,3.347,2.686,0,0
59871,0,-0.30,-1.75,9.500,3.304,2.662,0,0
59923,0,-0.29,0.52,9.323,3.457,2.638,0,0
59974,0,-0.29,0.00,9.270,3.630,2.696,0,0
60026,0,-0.31,-0.52,9.112,3.457,2.634,0,0
60077,0,-0.31,0.00,9.031,3.017,2.509,0,0
60129,0,-0.30,0.52,9.222,2.648,2.662,0,0
60181,0,-0.30,0.00,9.031,2.523,2.931,0,0
60231,0,-0.30,0.00,9.103,2.720,2.883,0,0
60282,0,-0.34,-1.34,9.558,3.074,2.480,0,0
60334,0,-0.31,0.56,9.658,3.309,2.212,0,0
60384,0,-0.31,0.00,9.290,3.620,2.361,0,0
60434,0,-0.31,0.00,9.227,3.247,2.318,0,0
60492,0,-0.30,0.19,9.323,2.959,2.313,0,0
60542,0,-0.29,-0.36,9.108,2.308,2.428,0,0
60594,0,-0.28,0.48,9.170,2.284,2.677,0,0
60644,0,-0.28,0.00,9.261,2.983,3.089,0,0
60696,0,-0.26,0.56,9.337,3.050,2.974,0,0
60747,0,-0.25,0.00,9.313,2.883,2.495,0,0
60799,0,-0.25,0.00,9.462,2.591,2.222,0,0
60850,0,-0.25,0.00,9.443,3.007,2.480,0,0
60902,0,-0.27,-0.86,9.151,3.122,2.739,0,0
60954,0,-0.27,0.00,9.266,2.849,2.830,0,0
61005,0,-0.26,0.00,9.232,2.782,2.591,0,0
61057,0,-0.26,0.00,9.448,2.610,2.447,0,0
61108,0,-0.26,0.00,9.400,2.696,2.576,0,0
61160,0,-0.26,0.00,9.199,3.069,2.840,0,0
61212,0,-0.29,-1.45,9.313,2.911,2.782,0,0
61263,0,-0.32,-0.48,9.213,2.883,2.466,0,0
61315,0,-0.32,0.00,9.452,2.624,2.289,0,0
61365,0,-0.32,0.00,9.433,2.974,2.504,0,0
61415,0,-0.36,-1.45,9.203,3.232,2.705,0,0
61466,0,-0.37,0.00,9.304,2.840,2.725,0,0
61516,0,-0.37,0.00,9.203,2.744,2.547,0,0
61570,0,-0.42,-2.01,9.347,2.600,2.318,0,0
61620,0,-0.42,0.00,9.577,2.954,2.485,0,0
61672,0,-0.44,0.00,9.246,3.352,2.682,0,0
61723,0,-0.45,0.00,9.242,2.926,2.562,0,0
61775,0,-0.46,-0.56,9.318,2.940,2.490,0,0
61826,0,-0.48,-0.52,9.467,3.031,2.705,0,0
61878,0,-0.49,0.00,9.433,2.456,2.576,0,0
61930,0,-0.49,0.00,9.275,2.346,2.543,0,0
61981,0,-0.54,0.00,9.074,2.093,2.356,0,0
62033,0,-0.55,-1.34,9.155,2.021,2.495,0,0
62084,0,-0.57,-0.52,9.131,2.710,2.753,0,0
62136,0,-0.57,0.00,9.309,2.935,2.523,0,0
62188,0,-0.55,0.56,9.357,3.390,2.610,0,0
62239,0,-0.54,0.00,9.534,3.314,2.174,0,0
62291,0,-0.54,0.00,9.357,3.496,1.978,0,0
62341,0,-0.54,0.00,9.395,2.926,2.064,0,0
62391,0,-0.53,0.56,9.495,3.093,2.509,0,0
62441,0,-0.51,0.00,8.624,3.328,2.772,0,0
62492,0,-0.50,0.50,8.835,3.108,2.825,0,0
62546,0,-0.52,-0.25,9.203,3.366,2.725,0,0
62596,0,-0.52,0.00,9.280,3.452,2.605,0,0
62647,0,-0.49,0.52,9.098,3.687,2.672,0,0
62699,0,-0.48,0.48,9.151,3.989,2.935,0,0
62751,0,-0.44,1.01,9.026,4.065,3.065,0,0
62802,0,-0.46,-0.82,9.088,3.677,3.045,0,0
62854,0,-0.43,0.00,8.959,3.361,3.266,0,0
62905,0,-0.42,0.00,8.921,3.467,3.587,0,0
62957,0,-0.42,0.00,9.017,3.414,3.821,0,0
63009,0,-0.39,0.00,9.352,3.630,4.338,0,0
63060,0,-0.43,-1.34,8.873,2.686,4.319,0,0
63112,0,-0.41,0.00,8.428,0.953,3.716,0,0
63163,0,-0.39,0.52,8.571,-0.297,3.759,0,0
63215,0,-0.39,0.00,9.026,0.005,3.903,0,0
63267,0,-0.37,0.00,8.897,0.373,4.420,0,0
63317,0,-0.37,0.00,8.796,0.522,4.702,0,0
63366,0,-0.36,1.49,8.772,0.603,4.444,0,0
63417,0,-0.38,-1.45,8.844,0.747,3.922,0,0
63467,0,-0.38,0.00,9.189,2.131,3.869,0,0
63517,0,-0.38,0.00,9.203,2.940,4.434,0,0
63569,0,-0.37,0.00,9.462,3.591,3.836,0,0
63621,0,-0.37,0.00,9.438,2.854,3.232,0,0
63673,0,-0.35,0.52,9.577,2.897,3.223,0,0
63724,0,-0.34,0.00,9.543,2.595,3.634,0,0
63776,0,-0.34,0.00,8.715,1.020,3.156,0,0
63827,0,-0.36,-0.82,8.610,-0.321,3.874,0,0
63879,0,-0.35,0.48,9.050,1.255,4.760,0,0
63931,0,-0.33,0.52,8.854,1.307,5.339,0,0
63982,0,-0.33,0.00,8.614,0.613,4.640,0,0
64034,0,-0.33,0.00,8.954,0.828,4.693,0,0
64085,0,-0.36,0.00,9.031,1.312,4.673,0,0
64137,0,-0.36,0.00,8.954,1.446,4.444,0,0
64189,0,-0.34,0.48,9.021,1.336,4.362,0,0
64239,0,-0.34,0.00,9.103,1.393,4.439,0,0
64323,0,-0.33,0.00,8.997,1.465,4.257,0,0
64374,0,-0.32,0.52,9.064,1.437,4.362,0,0
64425,0,-0.32,0.00,9.021,1.504,4.468,0,0
64475,0,-0.32,0.00,8.973,1.484,4.424,0,0
64526,0,-0.30,0.56,8.954,1.470,4.429,0,0
64577,0,-0.35,0.00,9.012,1.618,4.348,0,0
64629,0,-0.34,0.00,9.074,1.671,4.209,0,0
64681,0,-0.34,0.00,9.050,1.652,4.190,0,0
64731,0,-0.32,0.52,9.050,1.642,4.219,0,0
64783,0,-0.31,0.00,9.007,1.652,4.338,0,0
64834,0,-0.30,0.52,9.017,1.633,4.290,0,0
64886,0,-0.35,-1.83,9.045,1.772,4.223,0,0
64937,0,-0.33,0.48,9.079,1.820,4.262,0,0
64989,0,-0.32,0.52,9.021,1.690,4.305,0,0
65040,0,-0.31,0.00,9.012,1.776,4.281,0,0
65092,0,-0.31,0.00,9.103,1.853,4.171,0,0
65144,0,-0.29,0.56,9.041,1.863,4.132,0,0
65195,0,-0.28,0.00,9.074,1.776,4.104,0,0
65247,0,-0.28,0.00,9.060,1.757,4.161,0,0
65298,0,-0.27,0.00,9.031,1.872,4.262,0,0
65350,0,-0.27,0.00,9.036,1.834,4.228,0,0
65400,0,-0.27,0.00,9.074,1.915,4.166,0,0
65450,0,-0.30,0.00,9.079,1.872,4.118,0,0
65501,0,-0.30,0.00,9.069,1.844,4.113,0,0
65551,0,-0.30,0.00,9.041,1.853,4.147,0,0
65601,0,-0.30,0.00,9.055,1.882,4.190,0,0
65653,0,-0.27,0.00,9.026,1.800,4.166,0,0
65704,0,-0.30,0.00,8.969,1.848,4.089,0,0
65756,0,-0.30,0.00,9.160,1.982,4.080,0,0
65807,0,-0.27,0.52,9.103,1.992,3.998,0,0
65859,0,-0.27,0.00,9.112,1.939,3.965,0,0
65911,0,-0.27,0.00,9.117,1.891,4.075,0,0
65962,0,-0.28,0.48,9.002,1.776,4.089,0,0
66014,0,-0.28,0.00,9.069,1.896,4.118,0,0
66065,0,-0.28,0.00,9.112,1.891,4.037,0,0
66117,0,-0.27,0.52,9.117,1.949,3.974,0,0
66169,0,-0.27,0.00,9.151,1.887,3.974,0,0
66220,0,-0.28,0.00,9.079,1.872,4.027,0,0
66272,0,-0.27,0.00,9.088,1.896,4.080,0,0
66323,0,-0.30,0.00,9.127,1.911,4.022,0,0
66377,0,-0.30,0.00,9.069,1.867,3.960,0,0
66427,0,-0.30,0.00,9.146,1.911,3.984,0,0
66477,0,-0.29,0.56,9.108,1.915,4.061,0,0
66528,0,-0.29,0.00,9.045,1.906,4.008,0,0
66579,0,-0.30,0.00,9.093,1.858,3.979,0,0
66630,0,-0.29,0.52,9.084,1.872,3.965,0,0
66681,0,-0.30,0.00,9.064,1.939,3.989,0,0
66733,0,-0.32,-0.52,9.098,1.930,4.032,0,0
66784,0,-0.32,0.00,9.017,1.891,3.979,0,0
66836,0,-0.34,-0.52,9.026,1.867,3.826,0,0
66888,0,-0.33,0.52,9.179,2.389,3.931,0,0
66939,0,-0.33,0.00,9.222,2.198,3.663,0,0
66991,0,-0.34,-0.52,9.131,2.188,3.563,0,0
67042,0,-0.34,0.00,9.232,2.207,3.773,0,0
67094,0,-0.37,-0.52,9.103,2.136,3.970,0,0
67146,0,-0.39,0.00,8.964,2.040,3.965,0,0
67197,0,-0.40,0.00,9.084,2.073,3.926,0,0
67249,0,-0.41,-0.52,9.151,2.207,3.778,0,0
67300,0,-0.41,0.00,9.122,2.222,3.625,0,0
67351,0,-0.41,0.00,9.122,2.107,3.491,0,0
67401,0,-0.40,-0.56,9.184,2.241,3.558,0,0
67451,0,-0.44,-1.41,9.103,2.284,3.682,0,0
67502,0,-0.40,0.00,9.093,2.528,3.692,0,0
67551,0,-0.42,-0.52,9.122,2.504,3.519,0,0
67603,0,-0.40,0.52,8.926,2.270,3.414,0,0
67655,0,-0.40,0.00,8.657,2.308,3.299,0,0
67706,0,-0.39,1.01,8.633,2.456,3.179,0,0
67758,0,-0.38,0.00,8.983,3.644,3.069,0,0
67809,0,-0.38,0.00,9.093,3.984,2.921,0,0
67861,0,-0.38,0.00,9.290,4.764,2.523,0,0
67910,0,-0.38,0.00,9.084,4.597,1.920,0,0
67962,0,-0.36,0.52,8.868,4.448,1.733,0,0
68013,0,-0.36,0.00,8.677,4.372,1.767,0,0
68065,0,-0.38,0.00,8.543,4.262,1.767,0,0
68116,0,-0.38,0.00,8.906,5.406,1.987,0,0
68167,0,-0.39,-0.52,8.839,5.655,1.279,0,0
68218,0,-0.40,-0.52,8.552,4.415,0.642,0,0
68270,0,-0.40,0.00,8.758,4.673,1.360,0,0
68322,0,-0.40,0.00,8.882,4.851,1.743,0,0
68373,0,-0.40,0.00,8.581,4.865,1.312,0,0
68428,0,-0.39,0.20,8.643,4.855,1.317,0,0
68479,0,-0.38,1.43,8.581,4.707,1.475,0,0
68529,0,-0.38,0.00,8.744,4.841,1.279,0,0
68581,0,-0.36,0.00,8.792,4.884,1.135,0,0
68631,0,-0.36,0.00,8.677,5.047,1.044,0,0
68683,0,-0.36,0.00,8.806,5.023,1.245,0,0
68734,0,-0.35,0.00,8.768,4.611,0.982,0,0
68786,0,-0.33,0.00,8.777,4.707,1.168,0,0
68837,0,-0.33,0.00,9.088,4.760,1.077,0,0
68889,0,-0.35,-0.52,9.017,4.750,1.326,0,0
68941,0,-0.35,0.00,8.930,5.071,1.039,0,0
68992,0,-0.39,-1.34,8.538,4.266,0.776,0,0
69044,0,-0.37,0.00,9.103,3.917,0.728,0,0
69095,0,-0.34,0.48,9.232,4.214,0.881,0,0
69147,0,-0.34,0.00,9.141,3.840,0.967,0,0
69199,0,-0.35,-1.45,9.184,3.730,1.101,0,0
69250,0,-0.35,0.00,9.309,3.529,1.307,0,0
69302,0,-0.35,0.00,9.232,3.644,1.499,0,0
69352,0,-0.35,0.00,9.242,3.448,1.829,0,0
69402,0,-0.35,0.00,9.122,3.227,2.088,0,0
69453,0,-0.37,-0.52,9.093,3.112,2.294,0,0
69503,0,-0.40,-1.45,8.787,2.983,2.433,0,0
69553,0,-0.40,0.00,8.882,3.275,2.418,0,0
69604,0,-0.39,0.48,9.127,3.730,2.777,0,0
69656,0,-0.40,0.00,9.165,3.883,3.002,0,0
69708,0,-0.40,0.00,9.007,3.649,3.170,0,0
69759,0,-0.44,-1.34,8.787,3.371,3.357,0,0
69811,0,-0.43,0.00,8.787,3.539,3.424,0,0
69862,0,-0.41,0.52,8.715,3.510,3.620,0,0
69914,0,-0.41,0.00,8.792,3.515,3.558,0,0
69966,0,-0.40,0.52,8.792,3.347,3.428,0,0
70017,0,-0.43,-1.38,8.724,3.553,3.476,0,0
70069,0,-0.38,1.86,8.863,3.639,3.668,0,0
70120,0,-0.37,0.52,8.782,3.452,3.701,0,0
70172,0,-0.36,0.00,8.648,3.333,3.620,0,0
70224,0,-0.34,0.48,8.806,3.452,3.682,0,0
70274,0,-0.34,0.00,8.815,3.534,3.740,0,0
70325,0,-0.33,0.48,8.729,3.491,3.773,0,0
70377,0,-0.37,0.00,8.715,3.347,3.778,0,0
70428,0,-0.37,-1.41,8.720,3.500,3.821,0,0
70485,0,-0.33,0.45,8.792,3.529,3.922,0,0
70535,0,-0.33,0.00,8.801,3.251,3.649,0,0
70587,0,-0.33,0.00,8.878,3.251,3.610,0,0
70637,0,-0.33,0.00,8.916,3.060,3.529,0,0
70689,0,-0.33,0.00,8.820,3.127,3.515,0,0
70740,0,-0.37,-1.30,8.935,3.237,3.567,0,0
70792,0,-0.38,0.00,8.954,3.270,3.591,0,0
70843,0,-0.38,0.00,8.926,3.266,3.697,0,0
70895,0,-0.38,0.00,8.926,3.156,3.630,0,0
70947,0,-0.38,0.00,9.041,3.160,3.773,0,0
70998,0,-0.38,0.00,9.002,2.983,3.539,0,0
71050,0,-0.37,0.00,9.007,2.500,3.117,0,0
71101,0,-0.37,0.52,9.141,2.471,2.931,0,0
71153,0,-0.38,0.00,9.184,2.351,2.753,0,0
71205,0,-0.35,0.52,9.342,2.734,2.840,0,0
71256,0,-0.35,0.00,9.395,2.806,3.041,0,0
71308,0,-0.37,0.00,9.141,2.638,3.199,0,0
71358,0,-0.37,0.00,9.136,2.543,3.213,0,0
71408,0,-0.37,-0.52,9.266,2.624,3.194,0,0
71459,0,-0.35,0.50,9.218,2.619,3.045,0,0
71509,0,-0.35,0.00,9.242,2.638,3.002,0,0
71563,0,-0.35,0.00,9.313,2.720,3.041,0,0
71613,0,-0.35,0.00,9.194,2.710,3.194,0,0
71664,0,-0.34,0.00,9.184,2.667,3.247,0,0
71716,0,-0.34,0.00,9.199,2.667,3.213,0,0
71768,0,-0.35,-0.52,9.213,2.725,3.179,0,0
71819,0,-0.35,0.00,9.203,2.705,3.122,0,0
71871,0,-0.34,0.56,9.194,2.701,3.141,0,0
71922,0,-0.34,0.00,9.213,2.720,3.189,0,0
71974,0,-0.35,0.00,9.165,2.720,3.256,0,0
72026,0,-0.35,0.00,9.122,2.715,3.223,0,0
72077,0,-0.37,-0.48,9.218,2.796,3.151,0,0
72129,0,-0.37,0.00,9.256,2.729,3.093,0,0
72180,0,-0.37,0.52,9.141,2.677,3.127,0,0
72232,0,-0.35,0.48,9.184,2.739,3.237,0,0
72284,0,-0.35,0.00,9.155,2.768,3.179,0,0
72334,0,-0.37,-0.48,9.232,2.954,3.266,0,0
72384,0,-0.40,0.00,9.222,2.696,3.093,0,0
72434,0,-0.40,0.00,9.184,2.682,2.969,0,0
72484,0,-0.39,0.56,9.208,2.911,3.256,0,0
72539,0,-0.37,0.19,9.208,2.897,3.074,0,0
72591,0,-0.36,0.00,9.155,2.777,2.974,0,0
72643,0,-0.33,0.52,8.811,2.389,3.132,0,0
72693,0,-0.35,-0.52,8.619,2.121,2.916,0,0
72745,0,-0.33,0.56,9.323,2.777,3.409,0,0
72796,0,-0.33,0.00,9.649,4.329,3.543,0,0
72848,0,-0.33,-0.48,9.697,5.104,3.405,0,0
72899,0,-0.28,1.34,8.892,3.558,2.725,0,0
72951,0,-0.28,0.00,9.179,3.223,2.787,0,0
73003,0,-0.28,0.00,9.309,3.179,2.385,0,0
73054,0,-0.27,0.00,9.036,1.733,1.887,0,0
73106,0,-0.28,-0.52,8.715,0.354,1.925,0,0
73157,0,-0.28,0.00,9.002,1.791,2.988,0,0
73209,0,-0.27,-0.52,9.404,4.142,3.950,0,0
73261,0,-0.29,-0.56,9.510,4.324,3.974,0,0
73312,0,-0.30,0.00,8.902,3.529,3.314,0,0
73364,0,-0.30,0.52,9.208,3.165,2.940,0,0
73414,0,-0.33,0.00,9.285,2.562,2.361,0,0
73465,0,-0.32,0.88,8.954,1.992,1.992,0,0
73515,0,-0.33,-0.52,9.266,2.447,2.543,0,0
73564,0,-0.33,0.00,9.337,3.184,3.213,0,0
73615,0,-0.33,0.00,9.199,3.390,3.668,0,0
73666,0,-0.35,0.00,8.954,3.122,3.677,0,0
73718,0,-0.38,-0.48,9.108,2.720,3.472,0,0
73770,0,-0.39,-0.52,9.031,2.672,3.347,0,0
73821,0,-0.35,0.00,8.902,2.825,3.318,0,0
73873,0,-0.34,0.52,8.959,2.595,3.505,0,0
73924,0,-0.34,0.00,8.887,2.854,3.563,0,0
73976,0,-0.32,0.52,9.117,3.673,3.625,0,0
74028,0,-0.32,0.00,9.424,4.003,3.716,0,0
74079,0,-0.32,0.00,9.060,2.744,3.405,0,0
74131,0,-0.34,-0.52,8.547,1.973,3.060,0,0
74182,0,-0.35,-0.52,9.036,2.270,3.247,0,0
74234,0,-0.34,0.56,9.203,3.280,3.591,0,0
74324,0,-0.35,0.00,8.902,2.873,3.294,0,0
74376,0,-0.34,0.00,8.993,2.825,3.409,0,0
74426,0,-0.34,0.00,9.218,3.007,3.467,0,0
74477,0,-0.34,0.00,9.012,3.041,3.414,0,0
74527,0,-0.36,0.52,8.964,2.911,3.280,0,0
74579,0,-0.36,0.00,9.108,2.945,3.323,0,0
74631,0,-0.35,0.00,9.017,3.045,3.390,0,0
74681,0,-0.35,0.00,9.093,3.117,3.390,0,0
74732,0,-0.35,0.00,9.108,3.160,3.328,0,0
74784,0,-0.35,0.00,9.045,3.012,3.275,0,0
74836,0,-0.35,0.00,8.945,2.844,3.371,0,0
74887,0,-0.30,0.52,8.892,2.931,3.515,0,0
74939,0,-0.30,0.00,9.055,3.093,3.481,0,0
74990,0,-0.28,0.52,9.146,3.103,3.199,0,0
75042,0,-0.28,0.00,9.098,2.863,3.117,0,0
75094,0,-0.28,0.00,9.146,3.055,3.299,0,0
75145,0,-0.33,-1.34,9.074,3.026,3.462,0,0
75197,0,-0.35,0.00,8.940,2.825,3.563,0,0
75248,0,-0.36,-0.52,8.868,2.772,3.472,0,0
75300,0,-0.36,0.00,8.959,3.036,3.338,0,0
75352,0,-0.35,0.52,9.160,3.112,3.194,0,0
75402,0,-0.36,-0.56,9.155,3.112,3.117,0,0
75452,0,-0.36,0.00,9.017,3.002,3.285,0,0
75502,0,-0.36,-0.54,9.045,2.935,3.338,0,0
75555,0,-0.36,0.00,9.112,3.084,3.309,0,0
75606,0,-0.38,0.00,8.993,2.969,3.395,0,0
75657,0,-0.40,-1.01,8.978,3.026,3.299,0,0
75708,0,-0.40,0.00,9.064,3.117,3.251,0,0
75760,0,-0.42,-0.52,9.002,3.069,3.227,0,0
75812,0,-0.42,0.00,9.069,3.065,3.242,0,0
75863,0,-0.42,0.00,8.983,3.031,3.270,0,0
75915,0,-0.40,0.52,9.012,3.151,3.414,0,0
75966,0,-0.40,0.00,8.940,3.266,3.294,0,0
76018,0,-0.42,-0.52,9.060,3.414,3.409,0,0
76070,0,-0.42,0.00,9.041,3.304,3.232,0,0
76121,0,-0.43,0.00,8.964,3.247,3.136,0,0
76173,0,-0.43,0.00,8.993,3.108,3.237,0,0
76224,0,-0.43,0.00,8.954,2.911,3.275,0,0
76276,0,-0.43,0.00,8.906,3.160,3.395,0,0
76328,0,-0.43,0.00,8.993,3.285,3.280,0,0
76388,0,-0.44,-0.23,9.036,3.524,3.156,0,0
76438,0,-0.44,0.00,9.117,3.792,2.945,0,0
76488,0,-0.49,-0.50,9.136,3.625,2.806,0,0
76539,0,-0.49,0.00,9.385,3.615,2.605,0,0
76591,0,-0.51,0.00,9.337,3.223,2.375,0,0
76641,0,-0.49,0.52,9.122,2.729,2.198,0,0
76692,0,-0.49,0.00,9.261,2.777,2.437,0,0
76744,0,-0.49,0.00,9.256,3.141,2.854,0,0
76793,0,-0.49,0.00,8.993,2.959,3.065,0,0
76845,0,-0.51,-0.52,9.270,3.299,2.883,0,0
76896,0,-0.49,0.56,9.266,3.021,3.270,0,0
76948,0,-0.47,0.52,8.758,2.571,2.725,0,0
76999,0,-0.52,-0.52,9.165,2.662,2.878,0,0
77051,0,-0.50,0.00,9.629,3.323,2.878,0,0
77103,0,-0.50,0.00,9.151,2.983,2.614,0,0
77154,0,-0.50,0.00,9.045,2.892,2.648,0,0
77206,0,-0.45,0.00,9.452,3.141,2.710,0,0
77257,0,-0.47,-0.52,9.433,3.156,2.078,0,0
77308,0,-0.48,-0.52,8.868,2.907,2.145,0,0
77359,0,-0.49,-0.48,9.515,3.333,2.160,0,0
77410,0,-0.51,-0.56,9.352,3.333,1.724,0,0
77460,0,-0.51,0.00,9.199,3.218,1.504,0,0
77510,0,-0.51,0.00,8.863,3.452,1.724,0,0
77563,0,-0.51,0.00,9.414,3.903,2.188,0,0
77614,0,-0.51,0.00,9.112,3.371,1.867,0,0
77666,0,-0.49,0.00,8.969,3.745,1.451,0,0
77717,0,-0.48,0.00,9.203,4.051,1.269,0,0
77769,0,-0.49,-0.48,9.730,4.760,1.125,0,0
77821,0,-0.47,0.52,9.395,4.286,1.475,0,0
77872,0,-0.47,0.00,8.930,4.367,2.059,0,0
77924,0,-0.47,0.00,8.581,4.214,2.538,0,0
77975,0,-0.50,0.00,8.423,4.262,3.031,0,0
78027,0,-0.52,-0.52,8.370,4.257,2.835,0,0
78079,0,-0.52,0.00,8.691,4.209,2.504,0,0
78130,0,-0.52,0.00,8.983,4.506,2.169,0,0
78182,0,-0.52,0.00,8.835,4.784,2.351,0,0
78233,0,-0.52,0.00,8.485,4.721,2.514,0,0
78284,0,-0.52,0.00,8.418,4.156,2.916,0,0
78335,0,-0.52,0.00,8.394,4.391,2.682,0,0
78388,0,-0.54,0.00,8.442,4.583,2.126,0,0
78442,0,-0.55,-0.19,9.074,4.841,2.097,0,0
78493,0,-0.57,0.00,8.801,4.918,2.227,0,0
78543,0,-0.54,0.88,8.365,4.338,2.337,0,0
78594,0,-0.56,0.00,8.428,4.276,2.308,0,0
78645,0,-0.56,0.00,8.787,4.654,2.145,0,0
78696,0,-0.57,-0.52,8.796,4.741,1.729,0,0
78748,0,-0.57,0.00,8.835,4.650,1.532,0,0
78799,0,-0.56,0.00,8.878,4.645,1.484,0,0
78851,0,-0.57,0.00,8.868,4.927,1.642,0,0
78903,0,-0.56,0.52,8.792,4.429,1.293,0,0
78954,0,-0.57,-0.56,8.681,4.209,1.164,0,0
79006,0,-0.59,-0.52,8.935,4.525,1.149,0,0
79058,0,-0.59,0.00,9.131,4.697,1.245,0,0
79109,0,-0.60,-0.52,8.868,4.334,1.379,0,0
79161,0,-0.60,0.00,8.806,4.223,1.480,0,0
79212,0,-0.60,0.52,8.921,4.391,1.523,0,0
79264,0,-0.60,0.00,8.849,4.410,1.537,0,0
79316,0,-0.60,0.00,8.844,4.305,1.484,0,0
79366,0,-0.59,0.48,8.954,4.396,1.489,0,0
79416,0,-0.57,0.56,8.988,4.348,1.465,0,0
79467,0,-0.57,0.00,8.926,4.247,1.489,0,0
79517,0,-0.59,0.00,8.945,4.214,1.590,0,0
79570,0,-0.55,0.00,8.935,4.348,1.657,0,0
79621,0,-0.54,0.52,8.930,4.310,1.566,0,0
79672,0,-0.54,0.00,8.863,4.257,1.494,0,0
79724,0,-0.58,-1.34,8.973,4.429,1.504,0,0
79776,0,-0.56,0.48,8.839,4.171,1.408,0,0
79827,0,-0.55,0.52,8.988,4.496,1.398,0,0
79879,0,-0.55,0.00,9.045,4.472,1.623,0,0
79930,0,-0.55,0.00,8.882,4.314,1.537,0,0
79982,0,-0.55,0.00,8.926,4.401,1.532,0,0
80034,0,-0.55,0.00,8.988,4.463,1.446,0,0
80085,0,-0.57,-0.88,8.868,4.314,1.408,0,0
80137,0,-0.57,0.00,8.835,4.266,1.384,0,0
80188,0,-0.57,0.00,8.973,4.367,1.465,0,0
80240,0,-0.56,0.52,8.906,4.444,1.590,0,0
80292,0,-0.54,0.00,8.868,4.357,1.575,0,0
80342,0,-0.56,-0.52,8.911,4.343,1.528,0,0
80392,0,-0.56,0.00,8.950,4.434,1.575,0,0
80442,0,-0.56,-1.49,8.940,4.377,1.575,0,0
80499,0,-0.54,0.18,8.882,4.257,1.551,0,0
80549,0,-0.54,0.00,8.868,4.367,1.585,0,0
80600,0,-0.54,0.00,8.988,4.482,1.551,0,0
80651,0,-0.54,0.00,8.897,4.300,1.480,0,0
80702,0,-0.54,0.52,8.902,4.310,1.566,0,0
80754,0,-0.54,0.00,8.950,4.463,1.690,0,0
80806,0,-0.54,0.00,8.878,4.372,1.547,0,0
80857,0,-0.56,0.00,8.854,4.305,1.504,0,0
80909,0,-0.54,0.00,8.935,4.377,1.518,0,0
80960,0,-0.57,-0.48,8.873,4.362,1.595,0,0
81012,0,-0.57,0.00,8.873,4.334,1.628,0,0
81064,0,-0.57,0.00,8.878,4.348,1.623,0,0
81115,0,-0.58,-0.56,8.892,4.463,1.575,0,0
81167,0,-0.58,0.00,8.897,4.334,1.494,0,0
81218,0,-0.58,0.00,8.859,4.362,1.513,0,0
81270,0,-0.58,0.00,8.873,4.429,1.585,0,0
81322,0,-0.62,-1.23,8.863,4.444,1.566,0,0
81372,0,-0.62,0.00,8.839,4.439,1.518,0,0
81422,0,-0.63,-0.56,8.906,4.477,1.556,0,0
81473,0,-0.63,0.00,8.887,4.549,1.599,0,0
81523,0,-0.63,0.00,8.792,4.448,1.628,0,0
81576,0,-0.62,0.00,8.815,4.496,1.609,0,0
81627,0,-0.62,0.00,8.878,4.506,1.657,0,0
81678,0,-0.62,0.00,8.806,4.434,1.604,0,0
81730,0,-0.63,0.00,8.815,4.468,1.647,0,0
81782,0,-0.63,0.00,8.849,4.597,1.705,0,0
81833,0,-0.64,-0.48,8.787,4.515,1.700,0,0
81885,0,-0.64,0.00,8.748,4.511,1.709,0,0
81936,0,-0.64,0.00,8.835,4.511,1.666,0,0
81988,0,-0.63,0.00,8.815,4.573,1.657,0,0
82040,0,-0.63,0.00,8.830,4.578,1.575,0,0
82091,0,-0.61,0.56,8.926,4.812,1.513,0,0
82143,0,-0.61,0.00,9.012,4.712,1.532,0,0
82194,0,-0.63,-0.52,8.772,4.381,1.800,0,0
82246,0,-0.63,0.00,8.729,4.453,2.030,0,0
82298,0,-0.63,0.00,8.724,4.372,2.471,0,0
82348,0,-0.64,-0.48,8.648,4.338,2.409,0,0
82398,0,-0.60,0.00,9.036,4.171,2.188,0,0
82448,0,-0.62,0.00,9.294,3.749,1.911,0,0
82499,0,-0.65,-1.39,8.973,3.749,1.968,0,0
82553,0,-0.67,-0.19,8.509,4.017,2.107,0,0
82605,0,-0.67,0.00,8.787,4.535,2.217,0,0
82657,0,-0.65,0.00,9.084,4.334,2.025,0,0
82707,0,-0.65,0.00,9.088,4.013,1.805,0,0
82759,0,-0.65,0.00,9.160,3.903,1.733,0,0
82810,0,-0.65,0.00,9.136,3.922,2.030,0,0
82862,0,-0.62,-0.52,8.839,4.056,2.322,0,0
82913,0,-0.62,0.00,8.815,3.931,2.437,0,0
82965,0,-0.58,1.01,8.777,3.591,2.476,0,0
83017,0,-0.58,0.00,8.705,3.371,2.538,0,0
83068,0,-0.58,0.00,8.954,3.749,2.332,0,0
83120,0,-0.58,0.00,9.395,4.353,2.308,0,0
83171,0,-0.56,0.00,9.074,4.669,2.260,0,0
83223,0,-0.58,0.00,8.715,4.424,2.073,0,0
83275,0,-0.58,0.00,8.748,4.247,1.738,0,0
83326,0,-0.56,0.00,9.026,4.310,1.604,0,0
83378,0,-0.52,1.49,9.041,3.984,1.853,0,0
83429,0,-0.51,0.00,8.882,4.022,2.203,0,0
83479,0,-0.51,0.00,8.897,4.099,2.428,0,0
83529,0,-0.51,0.00,8.921,4.123,2.452,0,0
83581,0,-0.51,0.00,8.839,4.209,2.342,0,0
83633,0,-0.50,0.00,8.887,4.219,2.102,0,0
83683,0,-0.50,0.00,8.964,4.147,1.978,0,0
83734,0,-0.48,0.52,8.902,4.137,1.973,0,0
83786,0,-0.47,0.00,8.921,4.156,2.088,0,0
83838,0,-0.46,0.45,8.921,4.195,2.260,0,0
83889,0,-0.44,0.56,8.897,4.094,2.308,0,0
83941,0,-0.47,0.00,8.892,4.008,2.298,0,0
83992,0,-0.47,-1.38,8.906,4.041,2.346,0,0
84044,0,-0.47,0.00,8.854,4.032,2.260,0,0
84093,0,-0.45,0.00,8.897,4.080,2.255,0,0
84145,0,-0.44,0.52,8.926,4.118,2.193,0,0
84196,0,-0.44,0.00,8.973,4.156,2.270,0,0
84248,0,-0.42,0.48,8.859,4.056,2.375,0,0
84325,0,-0.42,-0.27,8.887,4.080,2.236,0,0
84377,0,-0.42,0.00,8.959,4.065,2.188,0,0
84427,0,-0.41,0.56,8.887,3.998,2.246,0,0
84478,0,-0.41,0.00,8.863,4.108,2.365,0,0
84528,0,-0.40,0.00,8.892,4.195,2.418,0,0
84580,0,-0.38,0.56,8.892,4.041,2.279,0,0
84632,0,-0.42,-1.34,8.959,4.041,2.097,0,0
84682,0,-0.42,0.00,9.017,4.247,2.136,0,0
84734,0,-0.42,0.00,8.902,4.104,2.265,0,0
84785,0,-0.43,-0.52,8.811,4.008,2.351,0,0
84837,0,-0.42,0.52,8.882,4.061,2.375,0,0
84888,0,-0.43,0.00,8.954,4.199,2.342,0,0
84940,0,-0.43,0.00,8.930,4.061,2.150,0,0
84992,0,-0.42,0.00,8.868,3.984,2.246,0,0
85043,0,-0.39,0.00,8.930,3.994,2.207,0,0
85095,0,-0.38,0.56,8.959,4.243,2.294,0,0
85146,0,-0.35,0.48,8.887,3.984,2.327,0,0
85198,0,-0.34,0.52,8.825,4.089,2.251,0,0
85250,0,-0.34,0.00,8.993,4.147,2.174,0,0
85301,0,-0.34,0.00,8.973,4.089,2.169,0,0
85353,0,-0.33,0.00,8.878,4.051,2.193,0,0
85403,0,-0.30,1.37,8.916,4.099,2.246,0,0
85453,0,-0.32,-0.80,9.007,4.099,2.260,0,0
85504,0,-0.30,0.00,8.849,4.080,2.198,0,0
85553,0,-0.33,-0.56,8.926,4.123,2.284,0,0
85604,0,-0.33,0.00,8.973,4.051,2.217,0,0
85655,0,-0.37,-0.52,8.916,4.046,2.236,0,0
85707,0,-0.38,-0.52,8.935,4.041,2.236,0,0
85758,0,-0.38,0.00,8.930,4.108,2.298,0,0
85810,0,-0.38,0.00,8.892,4.037,2.318,0,0
85859,0,-0.40,0.00,8.954,4.118,2.337,0,0
85911,0,-0.39,0.71,8.911,4.152,2.222,0,0
85962,0,-0.43,-1.23,8.940,4.022,2.097,0,0
86014,0,-0.43,0.48,8.940,4.099,2.107,0,0
86065,0,-0.44,-0.48,8.930,4.171,2.212,0,0
86117,0,-0.44,0.00,8.988,4.032,2.155,0,0
86169,0,-0.44,0.00,9.002,4.037,2.097,0,0
86219,0,-0.45,-0.52,8.950,4.041,2.169,0,0
86270,0,-0.47,-0.52,8.945,3.941,2.322,0,0
86322,0,-0.45,0.00,8.950,4.061,2.365,0,0
86375,0,-0.45,0.00,8.863,3.850,2.236,0,0
86426,0,-0.45,0.00,8.935,4.037,2.140,0,0
86476,0,-0.45,0.00,9.069,4.085,2.121,0,0
86526,0,-0.44,0.00,8.950,4.017,2.136,0,0
86577,0,-0.45,-0.52,8.969,4.003,2.227,0,0
86629,0,-0.45,0.00,8.997,3.931,2.270,0,0
86680,0,-0.49,-0.86,8.911,3.994,2.231,0,0
86732,0,-0.49,0.00,8.950,3.994,2.174,0,0
86783,0,-0.49,0.00,8.969,3.970,2.217,0,0
86835,0,-0.49,0.00,8.945,4.013,2.155,0,0
86886,0,-0.49,0.00,9.055,4.152,2.164,0,0
86938,0,-0.48,0.52,8.993,4.046,2.198,0,0
86990,0,-0.48,0.00,8.887,3.970,2.236,0,0
87041,0,-0.46,0.52,8.930,4.022,2.251,0,0
87093,0,-0.46,0.00,8.988,3.998,2.241,0,0
87144,0,-0.46,0.00,8.954,3.926,2.150,0,0
87196,0,-0.45,0.52,8.973,4.051,2.231,0,0
87248,0,-0.45,0.00,8.983,3.994,2.313,0,0
87298,0,-0.43,0.48,8.892,4.075,2.351,0,0
87350,0,-0.42,0.52,8.930,4.017,2.289,0,0
87399,0,-0.42,0.00,8.911,3.907,2.342,0,0
87450,0,-0.43,0.00,8.906,3.974,2.351,0,0
87500,0,-0.42,0.00,9.017,3.970,2.294,0,0
87550,0,-0.37,2.01,9.036,4.180,2.203,0,0
87602,0,-0.39,0.00,8.973,4.099,2.227,0,0
87653,0,-0.34,0.00,8.854,3.826,2.241,0,0
87705,0,-0.32,0.52,8.849,3.859,2.255,0,0
87757,0,-0.31,0.00,9.036,4.022,2.222,0,0
87808,0,-0.30,0.56,9.060,4.175,2.231,0,0
87860,0,-0.28,0.00,8.921,4.085,2.207,0,0
87911,0,-0.26,0.48,8.882,4.037,2.203,0,0
87963,0,-0.23,1.04,9.002,3.936,2.203,0,0
88015,0,-0.21,0.56,8.921,3.922,2.131,0,0
88066,0,-0.21,0.00,8.906,3.907,2.193,0,0
88118,0,-0.16,0.00,8.954,3.941,2.222,0,0
88168,0,-0.14,1.04,8.959,4.152,2.251,0,0
88220,0,-0.14,0.00,9.069,4.329,2.241,0,0
88271,0,-0.11,0.52,8.988,4.195,2.049,0,0
88323,0,-0.10,0.00,8.878,3.946,1.867,0,0
88375,0,-0.07,0.52,8.959,4.152,1.987,0,0
88429,0,-0.03,0.59,9.055,4.065,2.073,0,0
88480,0,-0.05,-0.93,8.916,3.936,2.069,0,0
88530,0,-0.04,0.00,8.959,3.998,2.097,0,0
88582,0,-0.02,0.00,8.959,4.108,2.140,0,0
88633,0,0.01,1.01,8.926,4.152,2.069,0,0
88684,0,0.02,0.50,8.978,4.099,2.030,0,0
88735,0,0.03,0.52,8.964,4.118,2.064,0,0
88787,0,0.03,0.00,8.973,4.061,2.150,0,0
88839,0,0.03,0.00,8.950,4.085,2.102,0,0
88890,0,0.03,0.00,8.993,4.075,2.160,0,0
88942,0,0.03,0.00,8.959,4.252,2.169,0,0
88993,0,0.03,0.00,9.002,4.233,2.136,0,0
89045,0,0.01,-0.50,8.887,3.907,2.006,0,0
89096,0,0.02,0.50,8.868,3.673,1.973,0,0
89148,0,0.02,0.00,9.026,3.874,2.193,0,0
89200,0,0.01,-0.50,9.021,3.994,2.423,0,0
89251,0,0.01,0.00,8.859,3.970,2.418,0,0
89303,0,0.04,1.36,8.897,4.032,2.198,0,0
89354,0,0.02,-0.93,9.017,4.132,2.035,0,0
89407,0,0.02,0.00,8.940,4.099,1.987,0,0
89458,0,0.03,0.56,8.926,4.085,2.025,0,0
89508,0,0.05,0.00,8.926,4.137,2.136,0,0
89560,0,0.07,0.54,8.969,4.056,2.231,0,0
89612,0,0.09,0.52,8.892,4.171,2.318,0,0
89664,0,0.09,0.00,8.945,4.281,2.174,0,0
89714,0,0.10,0.54,9.026,4.357,1.992,0,0
89765,0,0.09,0.00,8.950,4.252,1.863,0,0
89817,0,0.11,1.11,8.892,4.061,1.987,0,0
89866,0,0.13,0.00,8.835,3.864,2.284,0,0
89918,0,0.16,1.01,8.830,3.989,2.523,0,0
89969,0,0.16,0.00,8.868,4.295,2.466,0,0
90021,0,0.17,0.52,8.930,4.104,2.207,0,0
90072,0,0.15,-0.86,8.959,4.257,2.040,0,0
90124,0,0.16,0.00,8.983,4.171,1.958,0,0
90173,0,0.17,0.00,8.897,3.850,2.021,0,0
90225,0,0.16,-0.50,8.926,4.156,2.294,0,0
90275,0,0.13,-1.32,8.902,4.209,2.332,0,0
90327,0,0.13,0.00,8.878,4.041,2.289,0,0
90379,0,0.13,0.00,8.897,3.998,2.140,0,0
90429,0,0.13,0.00,8.964,4.056,2.097,0,0
90485,0,0.13,0.00,8.973,4.156,2.160,0,0
90536,0,0.13,0.00,8.906,4.051,2.222,0,0
90586,0,0.13,0.00,8.820,3.974,2.231,0,0
90638,0,0.11,0.00,8.906,4.118,2.222,0,0
90689,0,0.03,-1.04,9.002,4.147,2.193,0,0
90741,0,0.05,0.00,8.973,4.085,2.174,0,0
90792,0,0.05,0.00,8.911,4.089,2.231,0,0
90844,0,0.05,0.00,8.873,3.955,2.308,0,0
90896,0,0.03,-0.52,8.916,4.113,2.389,0,0
90947,0,0.03,0.00,8.950,4.022,2.337,0,0
90999,0,0.03,0.00,8.897,4.199,2.198,0,0
91050,0,0.03,0.00,8.978,4.128,2.064,0,0
91102,0,0.02,0.00,8.945,3.950,2.054,0,0
91154,0,0.01,-0.54,8.892,4.080,2.160,0,0
91205,0,0.01,0.00,8.973,4.075,2.342,0,0
91257,0,0.01,0.00,8.873,3.979,2.308,0,0
91308,0,-0.02,-0.60,8.859,4.061,2.236,0,0
91359,0,-0.01,0.56,8.997,4.290,2.140,0,0
91409,0,-0.02,-0.60,9.088,4.262,2.164,0,0
91459,0,-0.02,0.00,8.796,3.773,2.116,0,0
91510,0,-0.03,-0.46,8.863,3.840,2.318,0,0
91559,0,-0.03,0.00,8.997,4.195,2.514,0,0
91611,0,-0.03,0.00,8.873,4.238,2.380,0,0
91663,0,-0.06,-1.42,8.973,3.788,2.212,0,0
91714,0,-0.06,0.00,8.873,3.970,2.184,0,0
91766,0,-0.07,-0.48,8.959,4.041,2.322,0,0
91817,0,-0.07,0.00,8.930,4.099,2.332,0,0
91869,0,-0.11,0.00,8.897,4.046,2.284,0,0
91921,0,-0.10,0.52,8.921,3.998,2.270,0,0
91972,0,-0.11,-0.52,8.950,4.027,2.251,0,0
92024,0,-0.11,0.00,8.921,4.027,2.251,0,0
92075,0,-0.11,0.00,8.964,4.113,2.227,0,0
92127,0,-0.11,0.00,8.964,3.979,2.207,0,0
92179,0,-0.15,-1.34,8.930,3.979,2.370,0,0
92229,0,-0.15,0.00,8.887,4.022,2.418,0,0
92280,0,-0.15,0.00,8.906,4.123,2.270,0,0
92332,0,-0.16,0.00,8.950,3.879,2.136,0,0
92382,0,-0.16,0.00,8.926,3.998,2.193,0,0
92432,0,-0.16,0.00,8.964,4.223,2.222,0,0
92482,0,-0.17,0.00,9.012,4.175,2.370,0,0
92538,0,-0.17,0.00,8.849,4.132,2.241,0,0
92589,0,-0.19,-0.48,8.926,3.855,2.083,0,0
92641,0,-0.19,0.00,9.031,3.946,2.107,0,0
92691,0,-0.24,-1.90,9.002,4.022,2.241,0,0
92743,0,-0.24,0.00,8.868,4.046,2.318,0,0
92794,0,-0.24,0.00,8.897,3.989,2.380,0,0
92846,0,-0.22,0.52,8.950,4.132,2.332,0,0
92897,0,-0.22,0.00,8.940,3.974,2.212,0,0
92949,0,-0.22,0.00,8.854,3.922,2.198,0,0
93001,0,-0.22,0.00,8.930,4.300,2.102,0,0
93052,0,-0.26,-1.23,9.189,4.156,2.121,0,0
93104,0,-0.26,0.00,8.921,3.998,2.054,0,0
93155,0,-0.24,0.52,8.792,3.783,2.164,0,0
93207,0,-0.24,0.00,8.921,4.104,2.337,0,0
93259,0,-0.24,0.00,9.002,4.128,2.356,0,0
93310,0,-0.24,0.00,8.911,4.113,2.370,0,0
93362,0,-0.24,0.00,8.940,4.214,2.164,0,0
93412,0,-0.24,0.00,9.012,4.142,2.093,0,0
93462,0,-0.24,0.00,8.911,3.912,2.073,0,0
93513,0,-0.26,0.00,8.978,4.003,2.313,0,0
93563,0,-0.26,0.00,8.988,4.185,2.495,0,0
93613,0,-0.26,0.00,8.830,4.089,2.337,0,0
93665,0,-0.29,0.00,8.873,3.922,2.318,0,0
93716,0,-0.29,0.00,8.854,3.788,2.284,0,0
93768,0,-0.29,0.00,8.868,3.979,2.298,0,0
93819,0,-0.26,1.34,8.983,4.118,2.227,0,0
93871,0,-0.28,0.00,9.103,4.319,2.169,0,0
93922,0,-0.29,0.00,8.983,4.166,2.131,0,0
93974,0,-0.31,-0.52,8.806,3.989,2.207,0,0
94026,0,-0.29,0.00,8.844,4.108,2.289,0,0
94077,0,-0.32,-0.82,9.002,4.171,2.231,0,0
94129,0,-0.32,0.00,8.988,3.965,2.179,0,0
94180,0,-0.32,0.00,8.849,3.946,2.423,0,0
94232,0,-0.30,0.48,8.863,4.075,2.495,0,0
94324,0,-0.27,0.42,8.964,3.859,2.145,0,0
94376,0,-0.27,0.00,8.863,3.931,2.179,0,0
94426,0,-0.27,0.00,8.921,4.199,2.322,0,0
94476,0,-0.30,-1.39,8.969,4.204,2.380,0,0
94527,0,-0.30,0.00,8.940,3.941,2.356,0,0
94579,0,-0.30,0.00,8.811,3.970,2.246,0,0
94629,0,-0.28,0.52,9.012,4.003,2.246,0,0
94680,0,-0.30,0.00,9.007,4.070,2.270,0,0
94732,0,-0.31,-0.56,8.916,4.070,2.274,0,0
94784,0,-0.30,0.00,8.868,3.950,2.433,0,0
94835,0,-0.32,-0.48,8.897,4.080,2.490,0,0
94887,0,-0.32,0.00,8.988,4.041,2.423,0,0
94938,0,-0.32,0.00,8.878,3.946,2.298,0,0
94990,0,-0.32,0.00,8.887,3.965,2.136,0,0
95042,0,-0.35,0.00,9.064,3.994,2.169,0,0
95093,0,-0.35,0.00,8.945,3.960,2.274,0,0
95145,0,-0.33,0.00,8.902,4.080,2.351,0,0
95196,0,-0.32,0.48,8.973,4.080,2.346,0,0
95248,0,-0.31,0.56,8.916,3.994,2.231,0,0
95300,0,-0.29,0.00,8.973,3.855,2.160,0,0
95350,0,-0.29,0.00,8.940,3.998,2.255,0,0
95400,0,-0.33,0.00,8.916,4.065,2.361,0,0
95450,0,-0.31,0.56,8.964,4.080,2.356,0,0
95501,0,-0.31,0.00,8.940,3.950,2.246,0,0
95550,0,-0.30,0.00,8.969,3.970,2.260,0,0
95602,0,-0.30,0.00,8.935,3.970,2.279,0,0
95654,0,-0.30,0.00,8.959,3.941,2.227,0,0
95705,0,-0.29,0.00,8.988,3.941,2.265,0,0
95757,0,-0.32,0.00,8.902,4.056,2.313,0,0
95808,0,-0.32,0.00,8.844,3.950,2.370,0,0
95860,0,-0.27,1.83,8.993,4.003,2.318,0,0
95912,0,-0.31,0.00,9.079,4.041,2.207,0,0
95963,0,-0.30,0.56,8.897,3.960,2.227,0,0
96015,0,-0.31,0.00,8.868,3.974,2.351,0,0
96066,0,-0.30,0.00,8.969,4.051,2.409,0,0
96118,0,-0.30,0.00,8.983,3.998,2.222,0,0
96170,0,-0.28,0.00,8.954,3.888,2.121,0,0
96220,0,-0.32,-1.38,8.926,4.022,2.260,0,0
96272,0,-0.26,0.52,8.964,4.061,2.394,0,0
96323,0,-0.28,-0.82,8.969,4.104,2.279,0,0
96400,0,-0.24,0.41,8.921,3.845,2.188,0,0
96451,0,-0.24,0.00,8.859,3.879,2.227,0,0
96501,0,-0.22,0.00,9.012,4.056,2.346,0,0
96554,0,-0.20,0.00,8.993,4.065,2.370,0,0
96605,0,-0.20,0.00,8.906,4.108,2.289,0,0
96657,0,-0.22,0.00,8.940,4.027,2.260,0,0
96708,0,-0.20,0.60,8.983,3.960,2.246,0,0
96759,0,-0.20,0.00,8.993,4.089,2.279,0,0
96810,0,-0.19,0.00,8.873,3.859,2.365,0,0
96862,0,-0.15,0.00,8.839,3.826,2.476,0,0
96913,0,-0.17,0.00,8.978,3.970,2.452,0,0
96965,0,-0.17,0.00,8.954,3.998,2.184,0,0
97014,0,-0.16,0.00,9.074,4.017,2.030,0,0
97066,0,-0.17,-0.56,8.969,4.061,2.160,0,0
97117,0,-0.17,0.00,8.882,3.979,2.370,0,0
97169,0,-0.17,0.00,8.796,3.965,2.466,0,0
97220,0,-0.19,0.00,8.882,3.989,2.437,0,0
97272,0,-0.19,0.00,8.964,4.152,2.322,0,0
97324,0,-0.19,0.00,9.064,4.310,2.078,0,0
97376,0,-0.22,0.00,9.108,4.209,2.069,0,0
97426,0,-0.24,0.00,8.906,4.075,2.222,0,0
97476,0,-0.24,0.00,8.820,3.797,2.480,0,0
97527,0,-0.24,0.00,8.811,3.759,2.701,0,0
97578,0,-0.22,0.00,8.882,4.070,2.581,0,0
97629,0,-0.22,0.00,8.969,3.984,2.246,0,0
97680,0,-0.25,0.48,8.997,4.051,2.049,0,0
97732,0,-0.23,0.00,9.026,3.917,2.116,0,0
97783,0,-0.26,-0.48,8.916,4.022,2.380,0,0
97835,0,-0.25,0.48,8.926,4.075,2.480,0,0
97887,0,-0.25,0.00,9.050,3.855,2.260,0,0
97938,0,-0.25,0.00,8.892,3.955,2.222,0,0
97990,0,-0.25,0.00,8.983,3.989,2.260,0,0
98041,0,-0.28,-0.52,8.973,4.022,2.428,0,0
98093,0,-0.28,0.00,8.868,4.065,2.471,0,0
98145,0,-0.28,0.00,8.906,4.070,2.351,0,0
98196,0,-0.30,-0.45,8.964,3.974,2.231,0,0
98248,0,-0.30,0.00,8.973,3.917,2.303,0,0
98299,0,-0.33,0.00,8.911,4.070,2.433,0,0
98350,0,-0.33,0.00,8.926,3.898,2.428,0,0
98400,0,-0.36,-1.09,8.902,3.912,2.394,0,0
98456,0,-0.37,-0.18,8.930,3.979,2.342,0,0
98507,0,-0.37,0.00,9.036,4.008,2.284,0,0
98557,0,-0.41,0.00,8.973,4.041,2.322,0,0
98607,0,-0.41,0.00,8.906,3.965,2.380,0,0
98659,0,-0.40,0.52,8.868,3.984,2.504,0,0
98710,0,-0.40,0.00,8.911,3.998,2.428,0,0
98762,0,-0.41,-0.48,8.978,4.108,2.274,0,0
98813,0,-0.41,0.00,8.973,3.802,2.179,0,0
98865,0,-0.41,0.00,8.935,3.950,2.399,0,0
98917,0,-0.41,0.00,8.897,4.089,2.581,0,0
98968,0,-0.43,0.00,8.868,3.970,2.466,0,0
99020,0,-0.40,0.00,8.954,3.931,2.260,0,0
99071,0,-0.42,-0.82,8.993,4.061,2.217,0,0
99123,0,-0.38,0.00,8.988,3.994,2.308,0,0
99175,0,-0.36,1.09,8.882,3.946,2.404,0,0
99226,0,-0.38,0.00,8.892,3.965,2.466,0,0
99278,0,-0.36,0.52,8.820,3.926,2.442,0,0
99328,0,-0.36,0.00,8.902,4.175,2.274,0,0
99377,0,-0.38,-0.56,9.012,4.195,2.140,0,0
99428,0,-0.38,0.00,9.031,4.156,2.150,0,0
99478,0,-0.35,0.52,8.940,4.171,2.433,0,0
99529,0,-0.35,0.00,8.801,3.855,2.552,0,0
99580,0,-0.35,0.00,8.859,4.046,2.514,0,0
99632,0,-0.37,-0.84,8.906,4.032,2.303,0,0
99684,0,-0.36,0.48,8.921,3.931,2.207,0,0
99735,0,-0.36,0.00,8.906,3.984,2.251,0,0
99787,0,-0.36,0.00,8.969,4.137,2.308,0,0
99838,0,-0.35,0.00,8.983,4.046,2.413,0,0
99890,0,-0.35,-0.82,8.839,4.032,2.375,0,0
99942,0,-0.35,0.00,8.868,3.893,2.346,0,0
99993,0,-0.35,0.00,8.772,3.797,2.198,0,0
100045,0,-0.34,0.00,8.863,4.669,2.318,0,0
100096,0,-0.34,0.00,8.983,4.741,2.169,0,0
100148,0,-0.32,1.09,9.045,3.687,1.978,0,0
100200,0,-0.29,1.04,8.916,3.184,2.437,0,0
100250,0,-0.28,0.52,8.724,3.855,3.156,0,0
100301,0,-0.25,0.00,8.854,4.654,2.883,0,0
100353,0,-0.22,0.56,9.093,4.525,2.160,0,0
100403,0,-0.21,0.56,8.844,3.788,1.757,0,0
100454,0,-0.18,0.00,8.720,4.357,1.920,0,0
100508,0,-0.19,-0.12,9.122,4.602,2.174,0,0
100558,0,-0.19,-0.56,8.859,4.233,2.169,0,0
100608,0,-0.19,0.00,8.528,4.132,2.088,0,0
100659,0,-0.20,-0.48,9.500,4.099,2.428,0,0
100711,0,-0.20,0.00,8.490,4.013,2.270,0,0
100763,0,-0.24,-1.34,8.595,3.960,2.298,0,0
100814,0,-0.23,0.52,8.964,4.209,2.380,0,0
100866,0,-0.23,0.00,9.304,4.439,2.389,0,0
100917,0,-0.23,0.52,8.691,4.195,2.073,0,0
100969,0,-0.21,0.00,8.835,4.061,1.872,0,0
101018,0,-0.21,0.00,9.060,4.463,1.911,0,0
101070,0,-0.21,0.00,8.950,4.113,1.863,0,0
101121,0,-0.20,0.00,8.763,4.180,2.069,0,0
101173,0,-0.19,0.48,9.007,4.252,2.279,0,0
101224,0,-0.19,0.00,8.988,4.099,2.356,0,0
101275,0,-0.19,0.00,8.792,3.754,2.318,0,0
101326,0,-0.19,0.00,8.863,4.051,2.380,0,0
101378,0,-0.19,0.48,8.945,4.142,2.274,0,0
101429,0,-0.24,0.00,8.926,4.094,2.184,0,0
101479,0,-0.26,-0.54,8.902,4.051,2.083,0,0
101530,0,-0.26,0.00,8.993,4.156,2.102,0,0
101581,0,-0.26,0.00,8.969,4.142,2.227,0,0
101633,0,-0.26,-0.52,8.911,3.931,2.313,0,0
101684,0,-0.26,0.00,8.906,4.027,2.274,0,0
101736,0,-0.26,0.00,9.021,4.381,2.222,0,0
101788,0,-0.26,0.00,8.978,4.458,1.987,0,0
101839,0,-0.28,0.00,9.165,3.668,2.097,0,0
101891,0,-0.26,0.48,8.720,3.089,2.274,0,0
101942,0,-0.26,0.00,8.710,3.428,2.557,0,0
101994,0,-0.25,0.52,9.084,4.673,2.682,0,0
102046,0,-0.29,0.00,9.419,4.894,2.322,0,0
102097,0,-0.29,0.00,9.414,4.027,2.011,0,0
102149,0,-0.27,0.52,8.466,2.682,1.662,0,0
102200,0,-0.27,0.00,8.528,2.744,1.949,0,0
102251,0,-0.26,0.48,9.136,4.472,2.528,0,0
102302,0,-0.29,0.00,9.199,4.946,2.835,0,0
102354,0,-0.28,0.00,8.547,4.448,2.145,0,0
102404,0,-0.27,0.52,9.146,3.912,1.748,0,0
102454,0,-0.27,0.00,9.639,3.184,2.102,0,0
102505,0,-0.28,-0.88,9.213,2.998,2.959,0,0
102559,0,-0.26,0.18,8.322,3.491,3.251,0,0
102611,0,-0.28,-0.52,8.533,4.290,3.175,0,0
102663,0,-0.28,0.00,9.074,4.492,2.576,0,0
102713,0,-0.28,0.00,9.098,3.965,1.839,0,0
102765,0,-0.28,0.00,8.978,3.716,1.556,0,0
102816,0,-0.30,-0.86,9.141,4.214,2.006,0,0
102868,0,-0.28,0.00,9.098,4.118,2.500,0,0
102919,0,-0.30,0.00,8.945,3.701,2.715,0,0
102971,0,-0.30,0.00,8.830,3.543,2.816,0,0
103023,0,-0.30,0.00,8.892,3.926,2.710,0,0
103074,0,-0.28,0.52,9.036,4.008,2.361,0,0
103126,0,-0.30,0.00,9.012,3.788,2.054,0,0
103177,0,-0.31,0.00,8.950,3.859,2.088,0,0
103229,0,-0.31,0.00,8.954,3.907,2.447,0,0
103281,0,-0.32,-0.82,9.002,4.195,2.729,0,0
103332,0,-0.31,0.52,8.882,3.826,2.456,0,0
103384,0,-0.31,0.00,9.088,3.385,2.270,0,0
103435,0,-0.29,0.00,9.007,3.754,2.203,0,0
103485,0,-0.28,0.56,9.021,4.262,2.265,0,0
103535,0,-0.27,0.00,9.117,4.386,2.270,0,0
103587,0,-0.29,-1.23,9.017,3.816,2.184,0,0
103639,0,-0.27,0.52,9.026,3.505,2.346,0,0
103689,0,-0.27,0.00,8.935,3.706,2.586,0,0
103741,0,-0.29,0.00,8.753,4.065,2.557,0,0
103792,0,-0.30,-0.52,8.993,4.003,2.188,0,0
103844,0,-0.30,0.00,9.045,3.711,1.968,0,0
103895,0,-0.36,-1.83,9.098,3.424,2.174,0,0
103947,0,-0.35,0.52,9.122,3.476,2.792,0,0
103999,0,-0.35,0.00,8.873,3.879,3.007,0,0
104050,0,-0.35,0.00,8.954,4.080,2.677,0,0
104102,0,-0.34,0.48,9.266,3.677,2.102,0,0
104153,0,-0.32,0.00,9.194,3.376,1.963,0,0
104205,0,-0.32,0.00,8.950,3.869,2.380,0,0
104257,0,-0.29,0.00,8.811,4.247,2.739,0,0
104325,0,-0.32,-0.50,8.878,3.807,2.423,0,0
104377,0,-0.29,0.00,9.136,3.721,2.045,0,0
104427,0,-0.27,0.56,9.299,3.601,2.131,0,0
104478,0,-0.31,0.00,9.141,3.486,2.413,0,0
104528,0,-0.27,1.49,9.012,3.539,2.720,0,0
104580,0,-0.27,0.00,8.969,3.677,2.887,0,0
104630,0,-0.26,0.48,8.921,3.922,2.705,0,0
104682,0,-0.29,0.00,8.954,3.831,2.342,0,0
104733,0,-0.25,1.01,9.093,3.658,2.356,0,0
104785,0,-0.25,0.00,9.045,3.558,2.452,0,0
104836,0,-0.25,0.00,9.041,3.706,2.519,0,0
104888,0,-0.25,0.00,9.084,3.673,2.442,0,0
104940,0,-0.24,0.00,8.993,3.338,2.433,0,0
104991,0,-0.21,0.00,9.151,2.983,2.653,0,0
105043,0,-0.19,1.01,9.117,3.352,3.036,0,0
105094,0,-0.18,0.52,8.921,4.027,3.089,0,0
105146,0,-0.17,0.52,8.926,4.041,2.543,0,0
105198,0,-0.15,0.00,9.060,3.802,2.002,0,0
105249,0,-0.14,0.00,9.136,3.491,1.954,0,0
105301,0,-0.14,0.00,9.093,3.735,2.682,0,0
105351,0,-0.12,0.48,8.820,3.855,3.122,0,0
105401,0,-0.11,0.00,8.897,3.706,2.849,0,0
105451,0,-0.07,1.09,9.175,3.601,2.533,0,0
105502,0,-0.07,0.00,9.079,3.606,2.370,0,0
105552,0,-0.09,0.00,8.796,3.682,2.433,0,0
105603,0,-0.05,1.01,8.844,3.888,2.591,0,0
105655,0,-0.04,0.48,9.179,4.334,2.389,0,0
105706,0,-0.01,0.00,9.131,3.725,2.184,0,0
105758,0,-0.01,-0.34,9.021,4.377,2.140,0,0
105807,0,0.01,0.00,9.357,4.329,1.944,0,0
105859,0,0.05,1.02,9.237,3.534,2.035,0,0
105910,0,0.06,0.50,8.667,2.883,2.595,0,0
105962,0,0.09,0.52,8.686,2.830,3.136,0,0
106013,0,0.10,0.48,8.873,3.587,3.242,0,0
106065,0,0.10,0.00,9.064,4.080,2.816,0,0
106117,0,0.15,0.48,9.179,4.204,2.040,0,0
106167,0,0.15,0.00,9.443,4.070,1.642,0,0
106219,0,0.12,0.00,9.337,3.563,2.040,0,0
106270,0,0.14,0.00,8.787,3.385,2.725,0,0
106322,0,0.17,1.32,8.739,3.323,3.256,0,0
106375,0,0.17,0.00,8.854,3.390,3.333,0,0
106425,0,0.20,0.97,8.820,3.457,2.830,0,0
106476,0,0.18,0.00,9.074,3.663,2.437,0,0
106526,0,0.15,-0.52,9.285,3.778,2.265,0,0
106578,0,0.19,1.34,9.117,3.654,2.389,0,0
106629,0,0.19,0.00,8.988,3.677,2.686,0,0
106680,0,0.23,1.34,9.002,3.687,2.854,0,0
106731,0,0.20,0.00,8.887,3.515,2.729,0,0
106783,0,0.20,-1.01,8.945,3.649,2.485,0,0
106834,0,0.21,0.00,9.155,3.816,2.365,0,0
106886,0,0.20,0.35,9.122,3.749,2.423,0,0
106938,0,0.18,-0.56,8.897,3.610,2.581,0,0
106989,0,0.19,-0.56,8.940,3.845,2.710,0,0
107041,0,0.21,0.82,9.045,3.840,2.567,0,0
107092,0,0.20,0.00,9.098,3.768,2.361,0,0
107144,0,0.22,0.30,9.017,3.668,2.404,0,0
107196,0,0.20,-0.48,8.950,3.706,2.538,0,0
107247,0,0.21,-0.48,9.064,3.778,2.581,0,0
107299,0,0.23,0.82,9.050,3.663,2.500,0,0
107350,0,0.23,0.00,8.959,3.730,2.557,0,0
107403,0,0.23,0.86,8.921,3.783,2.538,0,0
107453,0,0.22,-0.52,8.993,3.907,2.375,0,0
107504,0,0.22,0.00,9.146,4.104,2.327,0,0
107554,0,0.22,0.86,9.074,3.864,2.303,0,0
107604,0,0.20,-0.48,8.911,3.443,2.437,0,0
107656,0,0.19,-0.56,8.935,3.457,2.744,0,0
107707,0,0.21,0.00,9.021,3.807,2.796,0,0
107759,0,0.14,-1.53,9.084,3.783,2.691,0,0
107810,0,0.17,0.84,8.950,3.625,2.552,0,0
107862,0,0.13,-0.52,8.873,3.725,2.423,0,0
107914,0,0.13,0.34,9.026,3.701,2.442,0,0
107965,0,0.11,0.00,9.026,3.792,2.428,0,0
108017,0,0.12,0.93,8.978,3.869,2.471,0,0
108068,0,0.10,-0.52,8.973,3.826,2.456,0,0
108120,0,0.07,-0.47,8.882,3.797,2.480,0,0
108172,0,0.10,0.86,9.017,3.797,2.523,0,0
108223,0,0.08,0.00,8.993,3.845,2.523,0,0
108275,0,0.07,-0.50,8.959,3.879,2.490,0,0
108325,0,0.09,0.82,8.997,3.955,2.490,0,0
108374,0,0.08,-0.56,8.959,4.037,2.370,0,0
108431,0,0.09,0.12,9.002,4.089,2.332,0,0
108481,0,0.09,0.00,9.021,3.994,2.342,0,0
108532,0,0.11,-0.52,8.935,3.917,2.380,0,0
108582,0,0.11,0.00,8.926,3.797,2.461,0,0
108634,0,0.07,-1.01,8.964,3.749,2.591,0,0
108685,0,0.09,0.80,8.916,3.874,2.591,0,0
108737,0,0.07,-0.47,8.950,3.879,2.538,0,0
108788,0,0.07,0.00,9.002,3.869,2.504,0,0
108840,0,0.06,0.00,8.921,3.812,2.409,0,0
108891,0,0.05,-0.50,8.973,3.802,2.456,0,0
108943,0,0.05,0.00,9.041,3.879,2.500,0,0
108995,0,0.05,-0.58,8.950,3.673,2.576,0,0
109046,0,0.04,-0.47,8.849,3.649,2.610,0,0
109098,0,0.04,0.00,9.007,4.008,2.682,0,0
109149,0,0.08,1.34,9.055,3.874,2.547,0,0
109201,0,0.06,0.00,8.911,3.721,2.423,0,0
109253,0,0.08,0.54,8.959,3.630,2.428,0,0
109303,0,0.08,0.00,9.007,3.855,2.600,0,0
109355,0,0.06,0.00,9.017,4.219,2.667,0,0
109405,0,0.10,0.00,9.064,3.711,2.456,0,0
109455,0,0.09,0.00,8.926,3.352,2.385,0,0
109506,0,0.06,-1.09,8.782,3.601,2.485,0,0
109555,0,0.01,0.00,9.112,4.228,2.710,0,0
109607,0,0.03,-0.56,9.151,4.238,2.667,0,0
109658,0,0.03,0.00,8.835,3.553,2.409,0,0
109710,0,0.03,0.00,8.839,3.443,2.318,0,0
109762,0,0.03,0.00,9.127,3.840,2.538,0,0
109813,0,0.03,0.00,9.021,3.936,2.725,0,0
109865,0,0.05,0.00,8.820,3.783,2.662,0,0
109916,0,0.04,-0.50,8.988,3.802,2.523,0,0
109968,0,-0.00,-0.54,9.093,3.845,2.394,0,0
110020,0,-0.01,-0.48,8.969,3.788,2.380,0,0
110071,0,-0.03,0.00,9.002,3.745,2.471,0,0
110123,0,-0.04,0.00,9.012,3.855,2.586,0,0
110174,0,-0.01,1.30,8.926,3.797,2.634,0,0
110225,0,0.01,0.52,8.916,3.663,2.624,0,0
110276,0,-0.01,0.00,8.964,3.792,2.456,0,0
110328,0,0.02,-0.50,9.165,3.859,2.365,0,0
110377,0,0.02,0.00,9.088,3.931,2.509,0,0
110428,0,0.05,0.00,8.873,4.175,2.653,0,0
110483,0,0.04,-0.21,8.906,3.706,2.418,0,0
110533,0,0.04,0.54,9.064,3.500,2.284,0,0
110585,0,0.06,0.91,8.978,3.294,2.409,0,0
110637,0,0.05,0.00,8.921,3.711,2.715,0,0
110687,0,0.05,0.00,9.055,4.123,2.806,0,0
110738,0,0.02,-0.47,9.055,3.950,2.629,0,0
110790,0,-0.01,-1.11,8.882,3.649,2.308,0,0
110842,0,-0.01,0.00,9.012,3.740,2.375,0,0
110893,0,-0.00,0.82,9.060,3.974,2.509,0,0
110945,0,-0.01,-0.48,8.993,3.701,2.571,0,0
110996,0,-0.01,0.82,8.897,3.630,2.600,0,0
111048,0,-0.01,0.00,9.079,3.730,2.595,0,0
111100,0,-0.01,0.00,9.064,3.788,2.595,0,0
111151,0,-0.05,-1.09,8.906,3.759,2.528,0,0
111203,0,-0.05,0.00,8.959,3.898,2.476,0,0
111254,0,-0.05,0.00,9.060,3.979,2.413,0,0
111306,0,-0.05,0.00,9.045,3.644,2.342,0,0
111358,0,-0.05,0.00,8.959,3.658,2.447,0,0
111408,0,-0.01,0.00,8.935,3.673,2.667,0,0
111458,0,-0.01,0.00,8.945,3.812,2.768,0,0
111509,0,-0.01,0.00,9.012,3.874,2.552,0,0
111561,0,0.04,0.00,9.098,3.840,2.332,0,0
111612,0,0.04,0.00,8.978,3.821,2.399,0,0
111663,0,0.04,0.00,8.887,3.697,2.500,0,0
111714,0,0.03,0.00,9.036,3.778,2.715,0,0
111766,0,0.01,-0.52,8.959,3.893,2.696,0,0
111818,0,0.03,0.52,8.945,3.649,2.476,0,0
111869,0,0.07,1.36,9.055,3.802,2.399,0,0
111921,0,0.05,-0.52,9.079,3.840,2.385,0,0
111972,0,0.05,0.00,8.973,3.687,2.504,0,0
112024,0,0.07,0.52,8.916,3.721,2.519,0,0
112075,0,0.07,0.00,8.993,3.749,2.523,0,0
112127,0,0.10,1.34,9.026,3.759,2.538,0,0
112179,0,0.10,0.00,9.017,3.802,2.495,0,0
112230,0,0.10,0.00,9.045,3.836,2.509,0,0
112282,0,0.10,0.00,8.997,3.845,2.452,0,0
112333,0,0.10,0.00,9.002,3.730,2.490,0,0
112386,0,0.09,-0.58,8.916,3.654,2.581,0,0
112436,0,0.10,0.58,8.973,3.654,2.696,0,0
112486,0,0.14,0.00,8.993,3.697,2.658,0,0
112540,0,0.15,0.25,8.988,3.668,2.485,0,0
112592,0,0.15,0.00,9.041,3.768,2.471,0,0
112644,0,0.15,0.00,9.002,3.807,2.514,0,0
112694,0,0.15,0.00,8.969,3.764,2.547,0,0
112745,0,0.14,-0.48,8.940,3.725,2.586,0,0
112797,0,0.14,0.00,8.959,3.745,2.586,0,0
112849,0,0.12,0.00,8.983,3.701,2.562,0,0
112900,0,0.13,0.76,8.945,3.788,2.586,0,0
112952,0,0.10,0.00,8.969,3.883,2.629,0,0
113003,0,0.13,1.27,8.969,4.022,2.547,0,0
113055,0,0.12,-0.52,9.007,3.960,2.428,0,0
113107,0,0.10,-0.50,8.993,4.032,2.413,0,0
113158,0,0.10,0.00,9.031,4.022,2.471,0,0
113210,0,0.09,0.00,8.964,3.998,2.413,0,0
113261,0,0.07,-0.52,8.940,3.711,2.461,0,0
113313,0,0.04,-1.31,8.935,3.677,2.600,0,0
113365,0,0.03,0.00,8.983,3.773,2.705,0,0
113415,0,0.00,-1.09,8.973,3.802,2.658,0,0
113465,0,0.00,0.00,8.897,3.716,2.528,0,0
113516,0,-0.01,0.00,8.950,3.850,2.523,0,0
113568,0,-0.03,-0.48,9.074,3.864,2.528,0,0
113619,0,-0.03,0.00,8.983,3.778,2.648,0,0
113670,0,-0.05,-1.01,8.959,3.792,2.701,0,0
113721,0,-0.07,0.00,9.007,3.658,2.667,0,0
113773,0,-0.08,-0.52,8.916,3.634,2.753,0,0
113825,0,-0.10,0.00,8.954,3.663,2.763,0,0
113876,0,-0.10,-0.48,9.026,3.716,2.638,0,0
113928,0,-0.08,0.48,9.055,3.673,2.480,0,0
113979,0,-0.10,-0.48,9.002,3.649,2.528,0,0
114031,0,-0.10,0.00,9.031,3.668,2.662,0,0
114083,0,-0.08,0.00,8.945,3.587,2.739,0,0
114134,0,-0.07,0.56,8.916,3.519,2.729,0,0
114186,0,-0.07,0.00,9.069,3.654,2.653,0,0
114237,0,-0.05,0.52,9.103,3.687,2.519,0,0
114325,0,-0.04,0.21,9.036,3.701,2.595,0,0
114377,0,-0.03,0.00,8.954,3.634,2.629,0,0
114427,0,-0.05,0.00,9.002,3.716,2.672,0,0
114478,0,-0.05,0.00,9.002,3.663,2.634,0,0
114528,0,-0.05,0.00,8.978,3.682,2.624,0,0
114580,0,-0.05,0.00,9.108,3.922,2.710,0,0
114630,0,-0.05,0.00,9.064,3.917,2.418,0,0
114682,0,-0.03,-0.52,9.151,3.711,2.227,0,0
114733,0,-0.03,0.00,9.304,4.065,1.992,0,0
114785,0,-0.06,-1.30,9.376,3.266,2.054,0,0
114836,0,-0.05,0.45,8.906,2.591,2.361,0,0
114888,0,-0.05,0.00,8.466,2.485,2.729,0,0
114940,0,-0.05,0.00,8.993,3.247,2.902,0,0
114991,0,-0.01,0.00,9.687,3.452,2.562,0,0
115043,0,-0.01,0.00,9.380,3.912,2.112,0,0
115094,0,-0.01,0.00,9.127,4.080,1.681,0,0
115146,0,-0.05,-1.34,9.146,4.597,1.336,0,0
115198,0,-0.03,0.93,9.342,3.941,1.417,0,0
115249,0,-0.03,0.00,9.227,3.098,1.642,0,0
115301,0,-0.04,0.00,9.280,2.863,2.375,0,0
115352,0,-0.03,0.00,9.084,3.165,2.653,0,0
115405,0,-0.04,0.00,8.969,3.716,2.653,0,0
115455,0,-0.02,0.73,9.017,3.519,2.179,0,0
115506,0,-0.02,0.00,9.266,3.539,1.657,0,0
115556,0,-0.02,-0.60,9.529,3.572,1.283,0,0
115606,0,-0.02,0.00,9.380,3.768,1.441,0,0
115657,0,-0.05,-0.52,9.084,3.994,1.580,0,0
115709,0,-0.05,0.00,9.203,3.792,1.743,0,0
115761,0,-0.01,1.30,9.218,3.625,1.844,0,0
115812,0,-0.01,0.00,9.127,3.505,1.906,0,0
115864,0,-0.03,0.00,9.213,3.821,1.882,0,0
115915,0,-0.03,0.00,9.443,3.558,1.686,0,0
115967,0,-0.04,-0.45,9.208,3.409,1.604,0,0
116019,0,-0.03,0.48,9.026,3.587,1.666,0,0
116070,0,-0.03,0.00,9.242,3.869,1.800,0,0
116122,0,-0.03,0.00,9.266,3.850,2.030,0,0
116173,0,-0.04,-0.45,9.079,3.524,2.160,0,0
116225,0,-0.04,0.00,9.098,3.577,1.877,0,0
116277,0,-0.03,0.45,9.505,3.524,1.556,0,0
116327,0,-0.03,0.00,9.543,3.419,1.451,0,0
116383,0,-0.03,0.00,9.079,3.519,2.030,0,0
116434,0,-0.01,0.00,9.045,3.917,2.308,0,0
116484,0,-0.01,0.00,9.213,3.912,2.361,0,0
116534,0,-0.03,0.00,9.266,3.395,2.222,0,0
116585,0,-0.03,0.00,8.993,2.964,2.045,0,0
116636,0,-0.06,0.00,9.060,3.074,1.958,0,0
116688,0,-0.06,0.00,9.323,3.668,1.901,0,0
116740,0,-0.06,0.00,9.309,3.620,1.949,0,0
116791,0,-0.06,0.00,9.064,3.366,2.035,0,0
116843,0,-0.06,0.00,9.136,3.323,2.164,0,0
116894,0,-0.07,-0.74,9.227,3.587,2.337,0,0
116946,0,-0.07,0.00,9.199,3.587,2.346,0,0
116998,0,-0.07,0.00,9.175,3.524,2.385,0,0
117049,0,-0.07,0.00,9.146,3.452,2.255,0,0
117101,0,-0.07,0.00,9.184,3.634,2.102,0,0
117152,0,-0.07,0.00,9.141,3.735,1.982,0,0
117204,0,-0.05,0.56,9.098,3.701,1.925,0,0
117256,0,-0.07,-0.52,9.141,3.587,2.030,0,0
117306,0,-0.07,0.00,9.170,3.596,2.203,0,0
117357,0,-0.10,0.00,9.251,3.716,2.270,0,0
117408,0,-0.10,0.00,9.333,3.883,2.131,0,0
117458,0,-0.09,0.00,9.347,3.615,2.016,0,0
117509,0,-0.10,0.00,8.930,3.017,2.231,0,0
117558,0,-0.09,0.52,8.543,2.945,2.294,0,0
117610,0,-0.10,0.00,9.031,3.984,2.370,0,0
117661,0,-0.10,0.00,9.711,4.314,2.112,0,0
117713,0,-0.10,0.00,9.376,3.634,1.925,0,0
117765,0,-0.12,1.34,8.978,3.232,2.188,0,0
117816,0,-0.13,-0.48,9.069,3.519,2.452,0,0
117868,0,-0.17,0.00,9.045,3.558,2.533,0,0
117919,0,-0.17,-0.48,8.973,3.251,2.255,0,0
117971,0,-0.15,0.00,9.031,3.587,1.997,0,0
118023,0,-0.14,0.56,9.203,3.855,2.021,0,0
118074,0,-0.14,0.00,9.179,3.740,2.169,0,0
118126,0,-0.15,-0.52,9.131,3.524,2.303,0,0
118176,0,-0.15,0.00,9.079,3.563,2.437,0,0
118225,0,-0.14,0.56,9.122,3.606,2.389,0,0
118277,0,-0.11,1.01,9.122,3.730,2.289,0,0
118328,0,-0.10,0.52,9.146,3.668,2.184,0,0
118380,0,-0.10,0.00,9.155,3.754,2.203,0,0
118434,0,-0.09,0.19,9.060,3.879,2.126,0,0
118485,0,-0.09,0.00,9.103,4.166,2.097,0,0
118535,0,-0.09,0.00,9.064,3.879,1.963,0,0
118587,0,-0.09,0.00,9.021,3.644,1.968,0,0
118638,0,-0.09,0.00,9.017,3.644,2.069,0,0
118689,0,-0.08,0.48,9.170,3.467,2.437,0,0
118740,0,-0.08,0.00,9.031,3.496,2.662,0,0
118792,0,-0.08,0.00,8.988,3.500,2.682,0,0
118844,0,-0.12,-1.34,8.954,3.534,2.648,0,0
118895,0,-0.09,0.48,9.084,3.692,2.447,0,0
118947,0,-0.09,0.00,9.146,3.797,2.203,0,0
118998,0,-0.09,0.00,9.108,3.936,2.246,0,0
119050,0,-0.08,0.56,8.950,3.716,2.437,0,0
119102,0,-0.06,0.48,8.916,3.682,2.658,0,0
119153,0,-0.06,0.00,8.993,3.812,2.725,0,0
119205,0,-0.06,0.00,9.045,3.821,2.581,0,0
119256,0,-0.10,0.00,9.012,3.821,2.356,0,0
119308,0,-0.10,0.00,9.007,3.855,2.327,0,0
119360,0,-0.10,0.00,9.098,4.070,2.509,0,0
119410,0,-0.11,0.00,8.954,3.869,2.605,0,0
119460,0,-0.11,0.00,8.878,3.716,2.658,0,0
119511,0,-0.13,0.00,8.897,3.519,2.576,0,0
119560,0,-0.18,-2.01,8.988,3.749,2.619,0,0
119611,0,-0.18,0.00,9.012,3.836,2.514,0,0
119662,0,-0.17,0.00,9.007,3.883,2.466,0,0
119714,0,-0.17,0.00,9.036,3.812,2.428,0,0
119765,0,-0.15,0.00,9.012,3.903,2.495,0,0
119817,0,-0.11,1.38,8.969,3.754,2.514,0,0
119866,0,-0.11,0.00,8.930,3.706,2.399,0,0
119918,0,-0.17,-0.52,9.026,3.826,2.437,0,0
119969,0,-0.17,0.00,9.060,3.831,2.476,0,0
120021,0,-0.17,-0.86,8.997,3.797,2.514,0,0
120072,0,-0.18,-0.48,8.969,3.797,2.547,0,0
120124,0,-0.18,0.00,9.026,3.773,2.452,0,0
120176,0,-0.18,0.00,8.988,3.725,2.480,0,0
120226,0,-0.18,0.00,8.973,3.768,2.461,0,0
120278,0,-0.17,0.48,9.026,3.946,2.476,0,0
120329,0,-0.17,0.00,9.012,3.721,2.476,0,0
120381,0,-0.17,0.00,9.012,3.591,2.533,0,0
120432,0,-0.17,0.00,8.954,3.706,2.682,0,0
120487,0,-0.17,0.00,8.964,3.826,2.638,0,0
120538,0,-0.17,0.00,8.988,3.639,2.490,0,0
120590,0,-0.14,0.52,9.021,3.735,2.442,0,0
120640,0,-0.14,0.00,9.045,3.859,2.490,0,0
120691,0,-0.12,0.00,9.021,3.802,2.567,0,0
120743,0,-0.12,0.00,8.940,3.730,2.562,0,0
120792,0,-0.11,0.00,8.969,3.764,2.538,0,0
120844,0,-0.11,0.00,9.045,3.768,2.504,0,0
120895,0,-0.11,0.00,9.021,3.721,2.466,0,0
120947,0,-0.11,0.00,9.017,3.687,2.533,0,0
120998,0,-0.10,0.00,8.930,3.677,2.605,0,0
121050,0,-0.08,0.52,8.978,3.797,2.576,0,0
121102,0,-0.10,-0.52,9.036,3.812,2.519,0,0
121153,0,-0.08,0.00,8.993,3.864,2.409,0,0
121205,0,-0.08,0.00,9.064,3.697,2.433,0,0
121256,0,-0.10,0.00,8.950,3.740,2.538,0,0
121307,0,-0.10,0.00,8.959,3.721,2.658,0,0
121358,0,-0.10,0.00,9.007,3.792,2.595,0,0
121409,0,-0.10,0.00,9.045,3.735,2.476,0,0
121459,0,-0.11,0.00,8.964,3.706,2.433,0,0
121509,0,-0.11,0.00,9.064,3.745,2.514,0,0
121559,0,-0.11,0.00,9.026,3.735,2.557,0,0
121611,0,-0.12,0.00,8.892,3.788,2.562,0,0
121662,0,-0.17,-1.38,9.026,3.649,2.528,0,0
121714,0,-0.16,0.60,9.050,3.721,2.533,0,0
121765,0,-0.13,0.52,8.973,3.730,2.581,0,0
121817,0,-0.12,0.52,8.973,3.730,2.576,0,0
121869,0,-0.12,0.00,8.978,3.807,2.543,0,0
121920,0,-0.13,0.00,9.021,3.754,2.495,0,0
121972,0,-0.13,0.00,9.002,3.697,2.500,0,0
122023,0,-0.17,0.00,8.978,3.716,2.562,0,0
122075,0,-0.18,-0.56,8.964,3.773,2.619,0,0
122127,0,-0.20,0.00,9.002,3.773,2.595,0,0
122177,0,-0.20,0.00,9.021,3.802,2.500,0,0
122228,0,-0.20,0.00,9.017,3.797,2.409,0,0
122280,0,-0.20,0.00,9.036,3.826,2.404,0,0
122332,0,-0.23,0.00,8.988,3.792,2.485,0,0
122381,0,-0.23,0.00,8.978,3.778,2.595,0,0
122432,0,-0.23,0.00,8.950,3.711,2.605,0,0
122482,0,-0.22,0.56,8.973,3.903,2.471,0,0
122536,0,-0.22,0.00,9.069,3.673,2.385,0,0
122588,0,-0.22,0.00,8.983,3.807,2.452,0,0
122640,0,-0.22,0.00,9.017,3.812,2.543,0,0
122690,0,-0.22,0.00,8.983,3.802,2.547,0,0
122741,0,-0.25,-1.34,8.993,3.749,2.509,0,0
122793,0,-0.24,0.52,8.969,3.754,2.500,0,0
122842,0,-0.24,0.00,8.997,3.716,2.533,0,0
122894,0,-0.22,0.00,8.969,3.816,2.523,0,0
122945,0,-0.20,0.00,9.041,3.749,2.586,0,0
122997,0,-0.18,0.00,8.935,3.735,2.571,0,0
123048,0,-0.18,0.00,9.031,3.759,2.619,0,0
123100,0,-0.20,-0.52,8.993,3.792,2.614,0,0
123152,0,-0.20,0.00,8.973,3.701,2.490,0,0
123203,0,-0.21,-0.48,9.064,3.768,2.461,0,0
123255,0,-0.22,0.00,9.117,3.768,2.547,0,0
123306,0,-0.17,1.97,8.973,3.658,2.595,0,0
123357,0,-0.17,0.00,8.930,3.601,2.648,0,0
123407,0,-0.19,0.00,9.012,3.563,2.638,0,0
123457,0,-0.20,-0.52,9.050,3.663,2.643,0,0
123508,0,-0.20,0.00,8.988,3.644,2.586,0,0
123557,0,-0.17,1.33,8.997,3.745,2.658,0,0
123609,0,-0.17,0.00,9.007,3.759,2.624,0,0
123661,0,-0.17,0.00,9.021,3.668,2.619,0,0
123712,0,-0.17,0.00,8.983,3.620,2.624,0,0
123764,0,-0.18,0.00,8.983,3.687,2.710,0,0
123815,0,-0.17,0.00,8.973,3.701,2.696,0,0
123867,0,-0.17,0.00,8.964,3.620,2.610,0,0
123918,0,-0.17,-0.52,9.002,3.697,2.557,0,0
123970,0,-0.15,0.52,8.997,3.730,2.634,0,0
124022,0,-0.15,0.00,8.988,3.792,2.696,0,0
124073,0,-0.17,0.00,9.045,4.037,2.533,0,0
124125,0,-0.15,0.00,9.151,4.003,2.227,0,0
124176,0,-0.15,0.00,9.064,3.663,2.231,0,0
124227,0,-0.15,0.00,8.854,3.596,2.509,0,0
124326,0,-0.14,0.33,8.878,3.472,3.184,0,0
124378,0,-0.15,-0.56,8.777,3.888,2.950,0,0
124429,0,-0.15,0.00,9.112,4.099,2.591,0,0
124479,0,-0.13,-0.56,9.242,3.974,2.361,0,0
124529,0,-0.13,0.00,8.950,3.448,2.346,0,0
124581,0,-0.14,0.00,8.844,3.419,2.586,0,0
124633,0,-0.14,0.00,8.930,3.735,2.816,0,0
124683,0,-0.14,0.00,9.007,3.673,2.806,0,0
124734,0,-0.14,0.00,8.959,3.754,2.682,0,0
124786,0,-0.13,0.00,9.088,3.711,2.547,0,0
124838,0,-0.11,0.52,9.055,3.816,2.514,0,0
124889,0,-0.10,0.48,9.007,3.663,2.538,0,0
124941,0,-0.09,0.52,8.964,3.587,2.696,0,0
124992,0,-0.07,0.52,8.964,3.687,2.801,0,0
125044,0,-0.10,0.00,8.921,3.673,2.725,0,0
125096,0,-0.08,0.52,9.021,3.606,2.619,0,0
125147,0,-0.08,0.00,9.055,3.759,2.624,0,0
125199,0,-0.07,0.00,8.988,3.687,2.672,0,0
125250,0,-0.07,0.00,8.969,3.658,2.605,0,0
125302,0,-0.07,0.00,9.017,3.630,2.643,0,0
125354,0,-0.07,0.00,9.007,3.701,2.638,0,0
125404,0,-0.10,0.00,8.969,3.668,2.686,0,0
125454,0,-0.10,0.00,9.007,3.654,2.715,0,0
125504,0,-0.13,-1.39,8.988,3.610,2.605,0,0
125557,0,-0.13,0.00,8.997,3.687,2.629,0,0
125608,0,-0.13,0.00,9.021,3.768,2.634,0,0
125659,0,-0.13,0.00,9.031,3.606,2.634,0,0
125710,0,-0.11,0.48,8.997,3.788,2.629,0,0
125762,0,-0.11,0.00,8.945,3.874,2.658,0,0
125814,0,-0.08,0.48,9.041,3.749,2.662,0,0
125865,0,-0.08,0.00,9.007,3.850,2.595,0,0
125917,0,-0.11,0.00,9.108,3.371,2.418,0,0
125968,0,-0.10,0.56,9.060,3.524,2.543,0,0
126020,0,-0.10,0.00,8.820,3.376,2.859,0,0
126072,0,-0.11,0.00,8.806,3.553,3.203,0,0
126123,0,-0.11,0.00,8.825,3.759,3.117,0,0
126175,0,-0.11,0.00,9.155,3.476,2.887,0,0
126226,0,-0.10,0.00,9.017,3.098,2.619,0,0
126278,0,-0.10,0.00,8.945,3.907,2.868,0,0
126330,0,-0.11,0.48,8.969,4.381,2.863,0,0
126385,0,-0.09,0.26,8.859,3.768,2.437,0,0
126436,0,-0.09,-0.52,8.844,3.328,2.102,0,0
126486,0,-0.09,0.00,9.098,3.797,2.116,0,0
126537,0,-0.08,0.00,9.242,4.386,2.303,0,0
126587,0,-0.08,0.00,9.050,4.266,2.409,0,0
126638,0,-0.07,0.00,8.777,3.701,2.614,0,0
126690,0,-0.05,0.00,8.844,3.424,2.796,0,0
126739,0,-0.07,-0.52,8.945,3.524,2.811,0,0
126791,0,-0.11,0.00,8.993,3.840,2.528,0,0
126842,0,-0.11,0.00,9.064,4.137,2.246,0,0
126894,0,-0.11,0.00,9.108,4.171,1.958,0,0
126945,0,-0.10,0.00,9.141,4.075,2.064,0,0
126997,0,-0.10,0.00,9.041,3.893,2.356,0,0
127049,0,-0.11,-0.48,8.878,3.926,2.624,0,0
127100,0,-0.13,-0.52,8.796,3.797,2.538,0,0
127152,0,-0.13,0.00,8.930,3.654,2.485,0,0
127203,0,-0.11,0.52,9.088,3.773,2.490,0,0
127254,0,-0.11,0.00,9.084,3.859,2.370,0,0
127305,0,-0.13,-0.52,9.064,3.366,2.394,0,0
127357,0,-0.13,0.00,8.950,3.438,2.586,0,0
127407,0,-0.13,0.00,8.950,3.826,2.691,0,0
127458,0,-0.11,0.56,9.170,3.836,2.528,0,0
127508,0,-0.11,0.00,9.222,3.926,2.437,0,0
127558,0,-0.17,-1.49,8.983,3.563,2.365,0,0
127609,0,-0.17,0.00,8.969,3.400,2.552,0,0
127661,0,-0.17,0.00,9.007,3.438,2.849,0,0
127712,0,-0.17,0.00,8.940,3.414,2.945,0,0
127764,0,-0.17,0.00,8.959,3.433,2.820,0,0
127816,0,-0.19,0.00,9.098,3.639,2.705,0,0
127867,0,-0.21,-0.56,9.165,3.534,2.547,0,0
127919,0,-0.22,0.00,9.098,3.496,2.581,0,0
127970,0,-0.23,-0.56,9.041,3.448,2.610,0,0
128022,0,-0.23,0.00,9.031,3.668,2.725,0,0
128074,0,-0.27,-1.34,9.103,3.567,2.672,0,0
128124,0,-0.27,0.00,8.969,3.381,2.619,0,0
128176,0,-0.23,1.45,8.973,3.457,2.682,0,0
128227,0,-0.25,0.00,9.088,3.610,2.840,0,0
128279,0,-0.23,0.00,9.064,3.381,2.811,0,0
128330,0,-0.25,0.00,9.131,3.515,2.682,0,0
128382,0,-0.27,0.48,9.131,3.438,2.624,0,0
128438,0,-0.27,0.00,9.103,3.371,2.739,0,0
128488,0,-0.27,0.00,9.055,3.448,2.873,0,0
128539,0,-0.27,0.00,8.993,3.524,2.739,0,0
128590,0,-0.26,0.56,9.055,3.658,2.461,0,0
128641,0,-0.26,0.00,9.045,3.721,2.409,0,0
128692,0,-0.26,0.52,8.973,3.405,2.600,0,0
128744,0,-0.28,-0.86,9.189,3.328,3.007,0,0
128796,0,-0.28,0.00,8.983,2.787,3.103,0,0
128847,0,-0.27,0.00,8.835,2.974,3.294,0,0
128899,0,-0.27,0.00,9.031,3.563,3.189,0,0
128950,0,-0.25,0.00,9.146,3.802,2.907,0,0
129002,0,-0.25,0.00,9.213,3.548,2.567,0,0
129054,0,-0.29,0.00,9.026,3.630,2.638,0,0
129105,0,-0.29,0.00,8.844,3.677,2.873,0,0
129157,0,-0.24,0.00,8.906,3.558,2.983,0,0
129208,0,-0.25,0.48,8.969,3.500,2.926,0,0
129260,0,-0.25,0.00,9.050,3.409,2.772,0,0
129312,0,-0.26,-0.48,9.045,3.539,2.729,0,0
129362,0,-0.26,0.00,9.045,3.591,2.825,0,0
129412,0,-0.25,0.00,9.026,3.596,2.849,0,0
129463,0,-0.25,0.00,8.978,3.553,2.796,0,0
129513,0,-0.25,0.00,8.997,3.701,2.782,0,0
129566,0,-0.26,0.00,9.017,3.587,2.696,0,0
129617,0,-0.25,0.48,8.959,3.553,2.729,0,0
129668,0,-0.26,-0.48,9.012,3.524,2.796,0,0
129720,0,-0.30,-1.41,9.021,3.668,2.820,0,0
129772,0,-0.30,0.00,9.060,3.639,2.816,0,0
129823,0,-0.27,-0.82,9.098,3.601,2.840,0,0
129875,0,-0.26,0.52,9.002,3.524,2.763,0,0
129926,0,-0.26,0.00,8.954,3.452,2.686,0,0
129978,0,-0.26,0.00,9.036,3.472,2.725,0,0
130030,0,-0.24,0.00,9.026,3.433,2.658,0,0
130081,0,-0.23,0.60,9.069,3.515,2.691,0,0
130133,0,-0.23,0.00,9.079,3.596,2.705,0,0
130184,0,-0.26,0.00,9.012,3.443,2.840,0,0
130236,0,-0.26,0.00,9.007,3.543,2.878,0,0
130288,0,-0.26,0.00,9.064,3.572,2.801,0,0
130338,0,-0.26,0.00,9.064,3.433,2.753,0,0
130388,0,-0.24,0.52,8.940,3.428,2.753,0,0
130438,0,-0.27,-1.28,9.031,3.548,2.849,0,0
130493,0,-0.26,0.19,9.093,3.515,2.887,0,0
130543,0,-0.27,0.00,9.012,3.400,2.887,0,0
130594,0,-0.26,0.56,8.988,3.342,2.792,0,0
130645,0,-0.26,0.00,9.093,3.486,2.792,0,0
130696,0,-0.26,0.00,9.112,3.539,2.744,0,0
130748,0,-0.31,-1.86,9.146,3.625,2.720,0,0
130799,0,-0.29,0.00,9.060,3.601,2.744,0,0
130851,0,-0.29,0.00,8.945,3.304,2.710,0,0
130903,0,-0.28,0.00,8.978,3.170,2.792,0,0
130954,0,-0.28,0.00,9.131,3.275,2.835,0,0
131006,0,-0.27,0.52,9.155,3.338,2.806,0,0
131058,0,-0.25,0.00,9.031,3.323,2.825,0,0
131109,0,-0.29,-1.45,9.017,3.510,2.950,0,0
131161,0,-0.29,0.00,9.050,3.558,2.777,0,0
131212,0,-0.29,0.00,9.050,3.491,2.591,0,0
131264,0,-0.27,0.00,9.093,3.452,2.519,0,0
131316,0,-0.26,0.00,9.160,3.582,2.514,0,0
131366,0,-0.26,0.00,9.131,3.567,2.614,0,0
131416,0,-0.25,0.52,9.069,3.505,2.863,0,0
131467,0,-0.25,0.00,8.988,3.323,2.907,0,0
131517,0,-0.28,0.00,8.993,3.352,2.825,0,0
131570,0,-0.28,0.00,9.146,3.428,2.667,0,0
131621,0,-0.28,0.00,9.093,3.582,2.485,0,0
131672,0,-0.27,0.00,9.103,3.438,2.452,0,0
131724,0,-0.27,0.00,9.175,3.620,2.514,0,0
131776,0,-0.26,0.00,9.141,3.587,2.571,0,0
131827,0,-0.26,0.00,9.012,3.409,2.591,0,0
131879,0,-0.26,0.00,9.026,3.314,2.600,0,0
131930,0,-0.29,-1.30,9.112,3.223,2.686,0,0
131982,0,-0.28,0.52,9.060,3.438,2.768,0,0
132034,0,-0.28,0.00,9.055,3.563,2.739,0,0
132085,0,-0.28,0.00,9.184,3.304,2.715,0,0
132137,0,-0.29,0.00,9.098,3.203,2.854,0,0
132188,0,-0.28,0.00,8.940,3.376,2.844,0,0
132240,0,-0.26,0.56,9.088,3.812,2.696,0,0
132292,0,-0.26,0.00,9.189,3.730,2.365,0,0
132342,0,-0.30,-1.34,9.136,3.357,2.327,0,0
132392,0,-0.30,-0.52,9.141,3.361,2.696,0,0
132442,0,-0.29,0.52,8.983,3.247,2.916,0,0
132493,0,-0.30,0.00,8.988,3.376,2.897,0,0
132548,0,-0.30,0.00,9.146,3.457,2.629,0,0
132600,0,-0.30,0.00,9.199,3.567,2.523,0,0
132650,0,-0.30,0.00,9.093,3.529,2.648,0,0
132701,0,-0.30,0.00,9.007,3.338,2.705,0,0
132753,0,-0.34,-1.49,9.017,3.333,2.720,0,0
132805,0,-0.34,0.00,9.098,3.476,2.672,0,0
132856,0,-0.34,0.00,9.194,3.510,2.638,0,0
132908,0,-0.34,0.00,9.045,3.409,2.619,0,0
132959,0,-0.34,0.00,9.060,3.486,2.739,0,0
133011,0,-0.37,0.00,9.112,3.539,2.768,0,0
133063,0,-0.37,0.00,8.906,3.352,2.591,0,0
133114,0,-0.37,0.00,9.069,3.524,2.547,0,0
133166,0,-0.39,0.00,9.141,3.634,2.672,0,0
133217,0,-0.44,-0.48,9.055,3.701,2.801,0,0
133269,0,-0.44,0.00,9.069,3.572,2.753,0,0
133321,0,-0.45,-0.52,9.045,3.496,2.715,0,0
133372,0,-0.48,-1.33,9.060,3.338,2.619,0,0
133423,0,-0.50,0.00,9.036,3.361,2.648,0,0
133473,0,-0.50,0.00,9.079,3.572,2.672,0,0
133524,0,-0.50,0.00,9.021,3.606,2.643,0,0
133576,0,-0.48,0.00,8.988,3.591,2.648,0,0
133626,0,-0.52,-1.34,9.041,3.582,2.610,0,0
133677,0,-0.52,0.00,9.060,3.625,2.667,0,0
133729,0,-0.52,0.00,9.045,3.472,2.571,0,0
133778,0,-0.52,0.00,9.088,3.376,2.591,0,0
133830,0,-0.52,0.00,9.017,3.467,2.701,0,0
133881,0,-0.52,0.00,8.911,3.845,2.796,0,0
133933,0,-0.51,0.52,8.815,3.553,2.552,0,0
133984,0,-0.54,-1.38,8.849,3.826,2.538,0,0
134036,0,-0.56,0.00,9.098,4.137,2.409,0,0
134088,0,-0.54,0.52,9.342,3.888,2.433,0,0
134139,0,-0.54,0.00,9.127,3.539,2.332,0,0
134191,0,-0.53,0.52,8.954,3.807,2.504,0,0
134242,0,-0.55,-0.86,8.892,4.152,2.662,0,0
134333,0,-0.54,0.23,8.940,4.128,2.241,0,0
134385,0,-0.51,0.00,8.988,3.673,2.160,0,0
134435,0,-0.51,0.00,8.935,3.826,2.399,0,0
134485,0,-0.51,0.00,9.055,3.950,2.519,0,0
134536,0,-0.50,0.52,9.194,3.864,2.456,0,0
134587,0,-0.48,0.52,8.983,3.716,2.332,0,0
134639,0,-0.49,0.48,8.844,3.567,2.581,0,0
134691,0,-0.50,-0.48,8.854,3.931,2.610,0,0
134741,0,-0.50,0.00,9.170,3.759,2.351,0,0
134793,0,-0.50,0.00,9.146,3.716,2.198,0,0
134844,0,-0.49,0.00,8.882,3.754,2.365,0,0
134896,0,-0.53,0.52,8.973,3.979,2.749,0,0
134947,0,-0.53,0.00,8.892,3.974,2.696,0,0
134999,0,-0.51,0.00,9.074,3.572,2.246,0,0
135051,0,-0.50,0.52,9.064,3.749,2.064,0,0
135102,0,-0.52,-1.34,9.060,3.716,2.485,0,0
135154,0,-0.51,0.56,8.854,3.974,2.744,0,0
135205,0,-0.51,0.00,8.926,3.778,2.442,0,0
135257,0,-0.51,0.00,9.189,3.701,2.169,0,0
135309,0,-0.50,0.00,9.079,3.792,2.284,0,0
135360,0,-0.48,0.00,8.930,3.931,2.605,0,0
135410,0,-0.50,-0.88,8.815,3.821,2.595,0,0
135461,0,-0.49,0.00,9.045,3.654,2.433,0,0
135511,0,-0.48,0.54,9.084,3.792,2.375,0,0
135563,0,-0.48,0.00,9.036,3.840,2.519,0,0
135615,0,-0.46,0.00,8.859,3.970,2.456,0,0
135667,0,-0.49,0.00,9.127,3.496,2.155,0,0
135717,0,-0.49,0.00,9.122,3.735,2.236,0,0
135768,0,-0.47,0.52,8.964,3.926,2.452,0,0
135820,0,-0.47,0.00,8.887,4.003,2.533,0,0
135872,0,-0.49,-0.74,9.175,3.553,2.227,0,0
135923,0,-0.49,0.00,9.203,4.219,2.346,0,0
135975,0,-0.48,0.00,8.969,4.243,2.409,0,0
136026,0,-0.48,0.00,9.017,4.199,2.538,0,0
136078,0,-0.48,0.00,9.294,3.045,2.461,0,0
136130,0,-0.51,-1.34,8.983,2.672,2.634,0,0
136181,0,-0.50,0.00,8.748,1.949,2.528,0,0
136233,0,-0.50,0.00,8.792,3.735,3.189,0,0
136284,0,-0.49,0.52,9.529,4.266,2.710,0,0
136336,0,-0.47,0.00,9.361,4.276,2.442,0,0
136400,0,-0.50,-0.43,8.906,3.395,2.179,0,0
136450,0,-0.54,0.00,8.950,2.897,2.380,0,0
136501,0,-0.56,-0.88,9.194,2.763,2.811,0,0
136551,0,-0.55,0.00,8.954,2.911,3.098,0,0
136601,0,-0.55,0.00,9.060,3.079,3.251,0,0
136652,0,-0.55,0.00,9.064,2.964,3.141,0,0
136704,0,-0.57,0.56,9.041,3.055,2.820,0,0
136756,0,-0.55,0.52,9.285,3.610,2.768,0,0
136807,0,-0.55,0.00,9.352,3.725,2.801,0,0
136859,0,-0.55,0.00,8.950,3.275,2.801,0,0
136910,0,-0.54,0.00,8.959,3.170,2.686,0,0
136962,0,-0.53,0.52,9.328,3.462,2.806,0,0
137014,0,-0.51,0.00,9.064,3.467,3.021,0,0
137065,0,-0.52,1.04,8.792,3.031,3.031,0,0
137117,0,-0.52,0.00,8.988,3.089,3.007,0,0
137168,0,-0.51,0.00,9.222,3.673,2.993,0,0
137220,0,-0.55,-1.45,9.213,3.472,2.725,0,0
137272,0,-0.55,0.00,9.069,3.290,2.629,0,0
137322,0,-0.53,0.52,8.997,3.079,2.840,0,0
137371,0,-0.52,0.00,8.959,3.266,3.045,0,0
137421,0,-0.52,0.00,9.021,3.376,2.950,0,0
137472,0,-0.50,0.52,9.194,3.285,2.725,0,0
137522,0,-0.49,0.00,9.160,3.323,2.634,0,0
137574,0,-0.52,0.00,9.017,3.457,2.749,0,0
137626,0,-0.52,0.00,9.064,3.462,2.969,0,0
137677,0,-0.56,0.52,9.017,3.467,3.017,0,0
137729,0,-0.57,-0.56,8.993,3.261,2.725,0,0
137780,0,-0.56,0.00,9.117,3.381,2.629,0,0
137832,0,-0.56,0.00,9.112,3.405,2.758,0,0
137884,0,-0.60,0.00,9.021,3.548,2.978,0,0
137935,0,-0.57,0.52,9.031,3.610,2.921,0,0
137987,0,-0.54,1.01,9.084,3.409,2.816,0,0
138038,0,-0.53,0.52,8.940,3.357,2.600,0,0
138090,0,-0.51,0.52,9.084,3.467,2.768,0,0
138142,0,-0.50,0.00,9.136,3.596,3.050,0,0
138192,0,-0.47,1.04,8.978,3.587,3.031,0,0
138244,0,-0.49,0.00,8.906,3.400,2.792,0,0
138295,0,-0.49,0.00,9.103,3.438,2.758,0,0
138347,0,-0.48,0.00,9.060,3.419,2.902,0,0
138397,0,-0.45,0.60,8.844,3.515,2.964,0,0
138451,0,-0.44,0.19,8.973,3.606,2.998,0,0
138501,0,-0.44,0.00,9.017,3.553,2.844,0,0
138552,0,-0.48,-1.49,9.203,3.850,2.792,0,0
138602,0,-0.46,0.52,9.189,3.649,2.658,0,0
138653,0,-0.46,0.00,8.839,3.127,2.705,0,0
138705,0,-0.45,0.56,8.796,3.069,2.701,0,0
138757,0,-0.45,0.00,9.170,3.792,2.801,0,0
138808,0,-0.47,0.00,9.208,3.649,2.811,0,0
138860,0,-0.46,0.52,8.835,3.342,2.725,0,0
138911,0,-0.44,0.00,8.988,3.443,2.763,0,0
138963,0,-0.42,0.48,9.146,3.663,2.978,0,0
139015,0,-0.40,0.00,9.002,3.567,3.093,0,0
139066,0,-0.39,0.00,8.911,3.577,3.103,0,0
139118,0,-0.39,0.00,8.973,3.515,2.854,0,0
139169,0,-0.39,0.00,8.945,3.089,2.825,0,0
139221,0,-0.40,0.56,8.801,3.117,3.103,0,0
139273,0,-0.38,0.00,8.945,3.476,3.156,0,0
139323,0,-0.37,0.52,9.103,3.610,2.969,0,0
139372,0,-0.41,0.00,9.060,3.802,2.782,0,0
139423,0,-0.41,0.00,9.050,3.836,2.533,0,0
139473,0,-0.41,0.00,9.117,3.730,2.433,0,0
139523,0,-0.43,0.00,9.036,3.548,2.648,0,0
139575,0,-0.43,0.00,8.830,3.553,3.041,0,0
139627,0,-0.43,0.00,8.887,3.543,3.184,0,0
139678,0,-0.39,0.52,8.988,3.677,2.988,0,0
139730,0,-0.39,0.00,9.055,3.663,2.729,0,0
139782,0,-0.36,0.00,9.036,3.754,2.624,0,0
139833,0,-0.32,1.09,9.017,3.620,2.686,0,0
139885,0,-0.31,0.48,8.926,3.692,2.806,0,0
139936,0,-0.33,0.00,8.959,3.826,2.916,0,0
139988,0,-0.33,0.00,9.026,3.505,2.873,0,0
140040,0,-0.31,0.00,8.897,3.610,2.830,0,0
140091,0,-0.31,0.00,9.021,3.634,2.825,0,0
140143,0,-0.35,0.00,9.060,3.658,2.849,0,0
140194,0,-0.35,-0.52,8.940,3.735,2.840,0,0
140245,0,-0.35,0.00,8.959,3.654,2.782,0,0
140296,0,-0.35,-0.48,8.983,3.548,2.806,0,0
140348,0,-0.35,0.00,8.945,3.610,2.892,0,0
140398,0,-0.35,0.00,9.002,3.515,2.911,0,0
140448,0,-0.33,0.50,9.050,3.476,2.940,0,0
140504,0,-0.36,-0.31,8.921,3.318,2.863,0,0
140554,0,-0.36,0.00,8.983,3.553,2.916,0,0
140605,0,-0.33,1.09,9.103,3.596,2.873,0,0
140656,0,-0.33,0.00,8.983,3.524,2.849,0,0
140707,0,-0.29,0.52,8.926,3.519,2.883,0,0
140759,0,-0.27,0.52,8.945,3.515,2.897,0,0
140810,0,-0.30,0.00,9.017,3.515,2.849,0,0
140862,0,-0.26,-0.82,9.088,3.654,2.806,0,0
140914,0,-0.26,0.00,9.074,3.381,2.701,0,0
140965,0,-0.19,2.05,8.959,3.318,2.907,0,0
141017,0,-0.21,-0.52,8.959,3.519,3.112,0,0
141068,0,-0.16,1.01,8.983,3.529,2.954,0,0
141120,0,-0.15,0.52,8.978,3.443,2.696,0,0
141172,0,-0.15,0.00,9.093,3.476,2.629,0,0
141223,0,-0.16,-1.34,9.060,3.630,2.787,0,0
141275,0,-0.14,0.00,8.978,3.534,2.954,0,0
141326,0,-0.14,0.52,8.964,3.496,2.978,0,0
141378,0,-0.16,-0.56,8.945,3.591,2.902,0,0
141429,0,-0.17,0.00,9.074,3.515,2.801,0,0
141479,0,-0.22,0.00,9.050,3.663,2.796,0,0
141530,0,-0.24,-0.60,8.988,3.620,2.811,0,0
141581,0,-0.25,0.00,8.916,3.472,2.844,0,0
141632,0,-0.25,0.00,8.935,3.601,2.859,0,0
141683,0,-0.24,0.00,9.108,3.491,2.801,0,0
141735,0,-0.24,0.00,9.064,3.591,2.725,0,0
141787,0,-0.26,0.00,9.021,3.553,2.801,0,0
141838,0,-0.26,0.52,8.983,3.591,3.002,0,0
141890,0,-0.25,0.48,8.887,3.663,3.050,0,0
141941,0,-0.27,-1.45,8.983,3.515,2.844,0,0
141993,0,-0.25,0.52,9.055,3.553,2.682,0,0
142045,0,-0.25,0.00,9.007,3.553,2.701,0,0
142096,0,-0.25,0.00,9.007,3.644,2.916,0,0
142148,0,-0.30,-1.86,8.997,3.706,2.954,0,0
142199,0,-0.32,-0.56,9.007,3.596,2.916,0,0
142251,0,-0.30,0.56,8.906,3.400,2.787,0,0
142303,0,-0.30,0.00,9.007,3.385,2.734,0,0
142353,0,-0.34,-1.34,9.050,3.543,2.744,0,0
142403,0,-0.34,0.00,9.026,3.582,2.787,0,0
142453,0,-0.33,0.56,9.055,3.500,2.887,0,0
142504,0,-0.36,0.00,8.978,3.591,3.012,0,0
142558,0,-0.35,0.19,8.916,3.409,3.012,0,0
142608,0,-0.33,0.52,8.868,3.424,2.878,0,0
142659,0,-0.33,0.00,9.098,3.668,2.753,0,0
142711,0,-0.32,0.00,9.108,3.644,2.758,0,0
142760,0,-0.32,0.00,8.973,3.644,2.816,0,0
142812,0,-0.31,0.00,8.940,3.610,2.907,0,0
142863,0,-0.32,-0.56,8.959,3.428,2.921,0,0
142915,0,-0.32,0.00,8.964,3.400,2.873,0,0
142966,0,-0.32,0.00,9.079,3.701,2.964,0,0
143018,0,-0.32,0.00,9.103,3.687,2.935,0,0
143070,0,-0.31,0.52,8.973,3.754,2.854,0,0
143121,0,-0.29,0.52,8.892,3.251,2.792,0,0
143173,0,-0.29,0.00,8.854,3.333,3.031,0,0
143224,0,-0.27,0.52,8.859,3.467,3.055,0,0
143275,0,-0.22,1.83,9.084,3.663,2.787,0,0
143326,0,-0.22,0.00,9.136,3.946,2.452,0,0
143378,0,-0.20,0.00,9.175,3.668,2.294,0,0
143429,0,-0.20,0.00,9.093,3.486,2.533,0,0
143479,0,-0.20,0.00,8.969,3.467,2.907,0,0
143530,0,-0.20,0.00,8.868,3.630,3.256,0,0
143581,0,-0.20,0.00,8.796,3.754,3.199,0,0
143633,0,-0.20,0.00,8.993,3.692,2.897,0,0
143685,0,-0.22,0.00,9.098,3.558,2.595,0,0
143736,0,-0.22,0.00,9.012,3.371,2.538,0,0
143788,0,-0.22,0.00,9.012,3.510,2.816,0,0
143839,0,-0.20,0.52,8.988,3.534,3.089,0,0
143891,0,-0.19,0.52,8.873,3.524,3.093,0,0
143943,0,-0.19,0.00,8.940,3.759,2.854,0,0
143994,0,-0.15,1.45,9.108,3.701,2.610,0,0
144046,0,-0.14,0.00,9.055,3.563,2.581,0,0
144097,0,-0.14,0.00,8.973,3.496,2.806,0,0
144149,0,-0.17,0.00,8.964,3.620,3.031,0,0
144201,0,-0.18,0.00,8.926,3.625,2.988,0,0
144251,0,-0.18,0.00,9.045,3.457,2.854,0,0
144331,0,-0.16,0.29,8.973,3.721,2.710,0,0
144380,0,-0.17,0.00,9.021,3.424,2.715,0,0
144431,0,-0.19,0.00,8.983,3.395,2.763,0,0
144481,0,-0.19,0.00,8.959,3.596,2.835,0,0
144532,0,-0.15,0.00,9.098,3.558,2.911,0,0
144582,0,-0.15,0.00,8.969,3.462,2.911,0,0
144634,0,-0.15,-0.52,8.902,3.462,2.921,0,0
144685,0,-0.11,1.34,9.002,3.582,2.835,0,0
144737,0,-0.11,0.00,9.117,3.639,2.729,0,0
144788,0,-0.11,0.00,9.021,3.328,2.677,0,0
144840,0,-0.13,-0.52,8.916,3.438,2.978,0,0
144892,0,-0.11,0.52,8.983,3.563,3.112,0,0
144943,0,-0.11,0.00,8.964,3.620,2.945,0,0
144995,0,-0.10,0.00,9.036,3.567,2.658,0,0
145046,0,-0.11,0.00,9.079,3.534,2.701,0,0
145098,0,-0.11,0.00,9.012,3.510,2.859,0,0
145150,0,-0.11,0.00,8.993,3.563,2.993,0,0
145201,0,-0.11,0.00,8.983,3.577,2.931,0,0
145253,0,-0.10,0.48,9.007,3.543,2.873,0,0
145304,0,-0.11,-0.52,8.945,3.467,2.907,0,0
145355,0,-0.10,0.48,8.887,3.414,2.916,0,0
145405,0,-0.10,0.00,9.002,3.496,2.868,0,0
145455,0,-0.10,0.00,8.983,3.428,2.835,0,0
145506,0,-0.10,0.00,9.007,3.424,2.801,0,0
145556,0,-0.10,0.00,9.031,3.558,2.883,0,0
145607,0,-0.09,0.00,8.978,3.519,2.940,0,0
145659,0,-0.11,-0.82,8.964,3.654,2.907,0,0
145710,0,-0.11,0.00,8.993,3.663,2.777,0,0
145762,0,-0.08,0.56,8.993,3.754,2.744,0,0
145813,0,-0.07,0.52,9.021,3.539,2.801,0,0
145865,0,-0.10,0.00,8.911,3.524,3.002,0,0
145917,0,-0.09,0.00,8.882,3.524,3.017,0,0
145968,0,-0.09,0.00,9.017,3.716,2.964,0,0
146020,0,-0.11,0.45,9.069,3.658,2.820,0,0
146071,0,-0.12,-0.45,9.007,3.634,2.777,0,0
146123,0,-0.11,0.00,8.906,3.630,2.878,0,0
146175,0,-0.11,0.45,8.926,3.587,2.868,0,0
146225,0,-0.15,-1.30,8.973,3.462,2.772,0,0
146276,0,-0.15,0.00,9.021,3.543,2.787,0,0
146328,0,-0.15,0.00,8.988,3.563,2.897,0,0
146381,0,-0.13,0.19,8.978,3.620,2.969,0,0
146432,0,-0.16,-1.45,9.002,3.481,2.878,0,0
146482,0,-0.17,-0.56,9.012,3.491,2.830,0,0
146533,0,-0.17,0.00,8.964,3.376,2.854,0,0
146583,0,-0.20,-1.23,8.997,3.505,2.950,0,0
146635,0,-0.20,0.00,9.012,3.601,2.945,0,0
146686,0,-0.20,0.00,9.012,3.467,2.892,0,0
146738,0,-0.24,0.00,9.021,3.486,2.863,0,0
146789,0,-0.20,-0.52,8.997,3.486,2.902,0,0
146841,0,-0.24,-1.34,8.983,3.385,2.959,0,0
146893,0,-0.23,0.52,8.964,3.529,2.873,0,0
146944,0,-0.24,-0.52,9.060,3.515,2.811,0,0
146996,0,-0.20,0.00,9.069,3.496,2.825,0,0
147047,0,-0.20,0.00,9.026,3.433,3.002,0,0
147099,0,-0.24,-1.34,8.873,3.409,2.974,0,0
147150,0,-0.25,0.00,9.007,3.563,2.954,0,0
147202,0,-0.24,0.48,9.069,3.405,2.849,0,0
147254,0,-0.24,0.00,8.950,3.510,2.854,0,0
147304,0,-0.25,-0.48,9.084,3.553,2.796,0,0
147356,0,-0.28,-0.93,9.050,3.563,2.816,0,0
147406,0,-0.28,0.00,8.930,3.338,2.954,0,0
147456,0,-0.29,0.00,8.930,3.285,3.179,0,0
147507,0,-0.29,0.00,8.906,3.644,3.098,0,0
147556,0,-0.29,0.00,9.002,3.840,2.739,0,0
147608,0,-0.29,0.00,9.136,3.572,2.399,0,0
147659,0,-0.33,0.00,9.093,3.189,2.600,0,0
147711,0,-0.34,-0.52,8.887,3.567,3.132,0,0
147763,0,-0.34,-0.52,8.902,3.596,3.256,0,0
147814,0,-0.34,0.00,8.969,3.567,2.921,0,0
147866,0,-0.34,0.00,9.117,3.414,2.667,0,0
147917,0,-0.33,0.00,9.036,3.519,2.777,0,0
147969,0,-0.33,0.00,8.964,3.543,3.031,0,0
148021,0,-0.31,0.45,8.873,3.663,2.988,0,0
148072,0,-0.31,0.00,9.041,3.649,2.801,0,0
148124,0,-0.31,0.00,9.074,3.472,2.792,0,0
148175,0,-0.31,0.00,8.964,3.529,2.878,0,0
148226,0,-0.35,-1.30,9.002,3.577,2.993,0,0
148277,0,-0.35,0.00,8.973,3.519,2.931,0,0
148329,0,-0.35,0.00,8.978,3.534,2.811,0,0
148378,0,-0.35,0.00,9.017,3.591,2.907,0,0
148434,0,-0.35,0.00,8.959,3.472,3.017,0,0
148485,0,-0.35,0.00,8.868,3.591,2.954,0,0
148535,0,-0.35,0.00,9.031,3.610,2.830,0,0
148587,0,-0.35,0.00,9.108,3.654,2.710,0,0
148637,0,-0.35,0.00,9.012,3.433,2.734,0,0
148689,0,-0.40,-1.86,8.911,3.539,2.959,0,0
148740,0,-0.36,0.00,8.916,3.476,3.045,0,0
148792,0,-0.39,0.48,8.940,3.491,2.902,0,0
148843,0,-0.37,0.56,9.098,3.567,2.782,0,0
148895,0,-0.37,0.00,9.031,3.764,2.916,0,0
148947,0,-0.36,0.00,8.902,3.697,2.911,0,0
148998,0,-0.36,0.00,8.892,3.716,2.816,0,0
149050,0,-0.37,0.00,9.036,3.467,2.686,0,0
149101,0,-0.37,0.00,9.036,3.338,2.835,0,0
149153,0,-0.37,0.56,8.926,3.486,3.098,0,0
149205,0,-0.40,-0.97,8.930,3.630,3.098,0,0
149256,0,-0.40,0.00,8.993,3.591,2.844,0,0
149308,0,-0.38,0.56,9.002,3.491,2.715,0,0
149358,0,-0.40,-0.56,9.012,3.577,2.801,0,0
149408,0,-0.38,0.60,8.978,3.596,2.993,0,0
149459,0,-0.38,0.00,8.897,3.500,2.945,0,0
149509,0,-0.42,-1.45,8.997,3.539,2.854,0,0
149563,0,-0.40,0.00,9.074,3.366,2.840,0,0
149613,0,-0.40,0.00,8.926,3.414,2.988,0,0
149665,0,-0.39,0.52,8.945,3.596,3.012,0,0
149716,0,-0.39,0.00,9.026,3.682,2.820,0,0
149768,0,-0.39,0.00,9.050,3.567,2.744,0,0
149819,0,-0.42,-1.23,9.007,3.481,2.801,0,0
149871,0,-0.42,0.00,8.983,3.558,2.983,0,0
149923,0,-0.40,0.52,8.940,3.476,3.026,0,0
149974,0,-0.40,0.00,8.926,3.515,2.873,0,0
150026,0,-0.38,0.00,9.084,3.563,2.835,0,0
150077,0,-0.38,0.00,9.036,3.610,2.849,0,0
150129,0,-0.37,0.00,8.950,3.496,2.868,0,0
150181,0,-0.40,0.00,8.964,3.491,2.887,0,0
150232,0,-0.40,0.00,8.988,3.591,2.897,0,0
150284,0,-0.40,0.00,9.026,3.563,2.854,0,0
150334,0,-0.40,0.00,9.002,3.567,2.849,0,0
150384,0,-0.45,-0.60,8.969,3.515,2.926,0,0
150434,0,-0.45,0.00,8.964,3.448,2.916,0,0
150489,0,-0.47,-0.17,8.993,3.424,2.868,0,0
150539,0,-0.47,0.00,9.002,3.472,2.921,0,0
150591,0,-0.48,0.00,8.988,3.500,2.964,0,0
150641,0,-0.48,0.00,8.950,3.529,2.988,0,0
150693,0,-0.49,0.00,8.969,3.496,2.935,0,0
150744,0,-0.53,0.00,8.978,3.553,2.931,0,0
150796,0,-0.55,0.00,8.969,3.582,2.840,0,0
150847,0,-0.55,0.00,9.074,3.591,2.792,0,0
150899,0,-0.53,0.52,9.026,3.539,2.806,0,0
150951,0,-0.57,-1.38,8.950,3.558,2.940,0,0
151002,0,-0.57,0.00,8.969,3.529,3.021,0,0
151054,0,-0.55,0.56,8.930,3.572,2.916,0,0
151105,0,-0.55,0.00,8.988,3.563,2.868,0,0
151157,0,-0.54,0.52,9.021,3.563,2.844,0,0
151209,0,-0.54,0.00,8.988,3.577,2.978,0,0
151260,0,-0.55,0.00,8.902,3.606,2.983,0,0
151312,0,-0.58,0.00,9.012,3.548,2.844,0,0
151362,0,-0.59,-0.52,8.954,3.505,2.825,0,0
151412,0,-0.59,0.00,8.950,3.591,2.892,0,0
151463,0,-0.58,0.00,9.007,3.596,2.945,0,0
151513,0,-0.58,0.00,8.945,3.524,2.883,0,0
151567,0,-0.60,0.00,8.950,3.630,2.820,0,0
151617,0,-0.60,0.00,9.036,3.725,2.792,0,0
151669,0,-0.60,0.00,9.002,3.582,2.729,0,0
151720,0,-0.60,0.00,8.993,3.534,2.806,0,0
151772,0,-0.61,-0.52,8.983,3.572,2.969,0,0
151823,0,-0.64,-0.93,8.930,3.524,3.031,0,0
151875,0,-0.62,0.00,8.945,3.615,2.921,0,0
151927,0,-0.62,0.00,9.026,3.692,2.782,0,0
151978,0,-0.62,0.00,9.007,3.467,2.720,0,0
152030,0,-0.61,0.00,8.950,3.395,2.916,0,0
152081,0,-0.62,-0.52,8.954,3.639,3.127,0,0
152133,0,-0.61,0.00,8.988,3.706,3.065,0,0
152185,0,-0.64,0.00,8.945,3.481,2.835,0,0
152236,0,-0.62,0.00,8.945,3.433,2.787,0,0
152288,0,-0.62,0.00,9.017,3.553,2.959,0,0
152339,0,-0.62,0.00,8.978,3.606,2.993,0,0
152392,0,-0.60,0.00,8.911,3.639,2.840,0,0
152442,0,-0.64,0.00,9.055,3.476,2.782,0,0
152493,0,-0.64,0.00,9.074,3.534,2.820,0,0
152547,0,-0.62,0.26,8.926,3.524,3.041,0,0
152598,0,-0.66,-1.45,8.882,3.553,3.045,0,0
152649,0,-0.64,0.52,8.997,3.587,2.897,0,0
152700,0,-0.64,0.00,9.026,3.548,2.749,0,0
152752,0,-0.63,0.00,9.012,3.701,2.878,0,0
152803,0,-0.62,0.56,8.926,3.630,2.950,0,0
152855,0,-0.60,0.00,8.964,3.529,2.863,0,0
152904,0,-0.60,0.52,8.969,3.491,2.878,0,0
152956,0,-0.60,0.00,8.935,3.376,2.983,0,0
153007,0,-0.60,0.00,8.926,3.563,3.112,0,0
153059,0,-0.59,0.00,8.916,3.663,2.916,0,0
153110,0,-0.61,0.00,9.021,3.701,2.792,0,0
153162,0,-0.59,0.48,9.021,3.524,2.744,0,0
153214,0,-0.59,0.00,8.959,3.448,3.002,0,0
153264,0,-0.58,0.52,8.878,3.515,3.194,0,0
153316,0,-0.57,0.00,8.897,3.519,2.998,0,0
153367,0,-0.62,-1.34,9.041,3.524,2.806,0,0
153418,0,-0.63,-0.56,9.026,3.610,2.887,0,0
153468,0,-0.64,0.00,8.911,3.577,2.998,0,0
153518,0,-0.64,0.00,8.859,3.524,3.012,0,0
153570,0,-0.64,0.00,8.964,3.491,2.935,0,0
153622,0,-0.64,0.00,8.993,3.539,2.892,0,0
153674,0,-0.63,0.00,8.954,3.591,2.921,0,0
153725,0,-0.62,0.00,8.950,3.596,2.959,0,0
153777,0,-0.62,-0.52,8.964,3.630,3.002,0,0
153828,0,-0.60,0.48,8.973,3.610,2.897,0,0
153880,0,-0.59,0.52,8.978,3.539,2.863,0,0
153929,0,-0.58,0.52,8.930,3.788,3.017,0,0
153981,0,-0.61,0.00,8.921,3.711,2.988,0,0
154032,0,-0.61,0.00,8.935,3.352,2.921,0,0
154084,0,-0.60,0.52,8.950,3.730,3.031,0,0
154135,0,-0.58,0.52,8.921,3.677,2.978,0,0
154186,0,-0.58,0.00,8.930,3.558,2.907,0,0
154237,0,-0.60,0.00,8.964,3.567,2.954,0,0
154330,0,-0.56,0.46,8.873,3.539,3.002,0,0
154383,0,-0.56,0.00,8.978,3.754,3.021,0,0
154433,0,-0.56,0.00,8.988,3.658,2.926,0,0
154483,0,-0.56,0.00,8.878,3.505,2.983,0,0
154534,0,-0.56,0.00,8.863,3.644,3.108,0,0
154585,0,-0.56,0.00,8.897,3.692,3.050,0,0
154637,0,-0.56,0.00,9.017,3.663,2.820,0,0
154689,0,-0.56,0.00,9.084,3.558,2.772,0,0
154739,0,-0.56,0.00,8.954,3.639,2.974,0,0
154790,0,-0.53,0.00,8.787,3.783,3.089,0,0
154842,0,-0.55,-0.56,8.887,3.539,2.988,0,0
154891,0,-0.55,0.00,8.926,3.519,2.840,0,0
154943,0,-0.52,-0.52,8.988,3.476,2.878,0,0
154994,0,-0.52,0.00,8.964,3.634,3.045,0,0
155046,0,-0.54,0.00,8.873,3.668,2.993,0,0
155097,0,-0.52,-0.48,8.916,3.721,3.026,0,0
155149,0,-0.51,0.00,8.868,3.505,2.964,0,0
155201,0,-0.55,-0.48,8.882,3.543,3.007,0,0
155252,0,-0.53,0.86,8.916,3.864,2.988,0,0
155304,0,-0.54,0.00,9.079,3.836,2.816,0,0
155355,0,-0.55,-0.52,8.916,3.749,2.825,0,0
155408,0,-0.56,0.00,8.739,3.572,3.065,0,0
155459,0,-0.55,-0.56,8.839,3.610,3.170,0,0
155509,0,-0.58,-1.09,8.935,3.998,2.974,0,0
155559,0,-0.56,0.00,9.017,3.998,2.648,0,0
155609,0,-0.56,0.00,8.835,3.668,2.729,0,0
155661,0,-0.57,0.00,8.724,3.519,3.021,0,0
155712,0,-0.54,0.00,8.940,3.950,3.146,0,0
155764,0,-0.55,-0.48,9.002,3.859,2.873,0,0
155815,0,-0.50,0.52,8.792,3.663,2.758,0,0
155867,0,-0.50,0.00,8.734,3.788,3.041,0,0
155919,0,-0.49,0.00,8.993,4.142,3.007,0,0
155970,0,-0.47,0.00,9.050,3.907,2.701,0,0
156022,0,-0.46,0.48,8.911,3.663,2.705,0,0
156073,0,-0.43,0.48,8.959,3.912,2.935,0,0
156125,0,-0.43,0.00,8.902,3.735,2.964,0,0
156177,0,-0.42,0.00,8.763,3.567,2.911,0,0
156228,0,-0.40,0.00,8.782,3.476,2.945,0,0
156280,0,-0.39,0.00,8.959,3.596,2.825,0,0
156331,0,-0.38,0.00,8.973,3.706,2.729,0,0
156395,0,-0.36,0.21,8.969,3.783,2.758,0,0
156445,0,-0.35,0.56,8.921,3.836,2.720,0,0
156495,0,-0.33,0.54,8.835,3.443,2.629,0,0
156545,0,-0.33,0.00,8.873,3.773,2.921,0,0
156596,0,-0.37,-1.34,8.983,3.883,2.959,0,0
156647,0,-0.36,0.00,9.112,3.950,2.787,0,0
156699,0,-0.33,0.48,8.959,3.917,2.725,0,0
156751,0,-0.33,0.00,8.710,3.955,2.883,0,0
156802,0,-0.28,1.34,8.897,3.855,2.902,0,0
156854,0,-0.27,0.52,8.835,3.481,2.691,0,0
156905,0,-0.29,-0.48,9.017,3.630,2.720,0,0
156957,0,-0.29,0.00,9.050,3.850,2.907,0,0
157009,0,-0.28,0.00,8.801,3.582,3.007,0,0
157060,0,-0.24,1.45,8.854,3.620,3.098,0,0
157112,0,-0.24,0.00,9.026,3.797,2.959,0,0
157163,0,-0.24,0.00,8.935,3.740,2.710,0,0
157215,0,-0.24,0.00,8.902,3.725,2.638,0,0
157267,0,-0.24,0.00,8.959,3.812,2.744,0,0
157317,0,-0.24,0.00,8.954,3.673,2.907,0,0
157369,0,-0.21,0.00,8.911,3.491,3.060,0,0
157419,0,-0.22,-0.52,8.887,3.457,3.065,0,0
157469,0,-0.26,0.00,8.935,3.606,2.969,0,0
157520,0,-0.22,0.00,8.926,3.759,2.806,0,0
157569,0,-0.23,-0.56,8.940,3.797,2.677,0,0
157621,0,-0.21,0.00,8.964,3.745,2.624,0,0
157672,0,-0.21,0.00,8.950,3.582,2.758,0,0
157724,0,-0.23,-0.52,8.916,3.654,2.954,0,0
157775,0,-0.20,1.34,8.940,3.701,2.959,0,0
157827,0,-0.20,0.00,8.921,3.668,2.854,0,0
157879,0,-0.20,0.00,8.926,3.630,2.820,0,0
157930,0,-0.18,-0.56,9.036,3.792,2.816,0,0
157982,0,-0.18,0.00,9.002,3.773,2.873,0,0
158033,0,-0.18,0.00,8.940,3.768,2.887,0,0
158085,0,-0.17,0.56,8.882,3.759,2.825,0,0
158137,0,-0.17,0.00,8.930,3.625,2.840,0,0
158187,0,-0.18,-0.56,8.935,3.563,2.825,0,0
158239,0,-0.17,0.00,8.935,3.529,2.854,0,0
158290,0,-0.18,-0.56,8.945,3.606,2.883,0,0
158342,0,-0.18,0.00,8.997,3.663,2.926,0,0
158392,0,-0.17,0.00,8.954,3.591,2.974,0,0
158447,0,-0.18,-0.10,8.940,3.663,2.921,0,0
158498,0,-0.18,0.00,9.045,3.773,2.873,0,0
158548,0,-0.18,0.00,8.892,3.491,2.667,0,0
158598,0,-0.18,0.00,8.930,3.539,2.911,0,0
158650,0,-0.18,0.00,8.892,3.644,3.002,0,0
158701,0,-0.13,1.79,8.978,3.649,2.935,0,0
158753,0,-0.13,0.00,9.002,3.519,2.840,0,0
158804,0,-0.13,1.27,8.916,3.606,2.883,0,0
158856,0,-0.11,0.52,8.983,3.654,2.935,0,0
158907,0,-0.11,0.00,8.959,3.668,2.859,0,0
158959,0,-0.11,0.00,8.926,3.572,2.835,0,0
159011,0,-0.11,0.00,8.950,3.587,2.878,0,0
159062,0,-0.10,0.52,8.916,3.625,2.931,0,0
159114,0,-0.09,0.48,8.973,3.519,2.931,0,0
159165,0,-0.10,0.00,8.945,3.754,2.859,0,0
159217,0,-0.09,0.48,9.007,3.587,2.749,0,0
159269,0,-0.09,0.00,9.012,3.505,2.878,0,0
159319,0,-0.07,0.52,8.839,3.639,3.041,0,0
159371,0,-0.06,0.52,8.878,3.539,3.026,0,0
159421,0,-0.05,0.52,8.950,3.658,2.816,0,0
159471,0,-0.06,0.00,9.060,3.701,2.672,0,0
159522,0,-0.06,0.00,9.026,3.601,2.739,0,0
159571,0,-0.06,0.00,8.835,3.496,2.964,0,0
159623,0,-0.06,0.00,8.882,3.725,3.103,0,0
159674,0,-0.11,0.00,8.988,3.721,2.926,0,0
159726,0,-0.11,0.00,8.969,3.620,2.643,0,0
159778,0,-0.09,0.00,9.017,3.606,2.701,0,0
159829,0,-0.10,-0.48,8.940,3.697,2.921,0,0
159881,0,-0.10,0.00,8.906,3.754,2.998,0,0
159932,0,-0.10,0.00,8.973,3.673,2.883,0,0
159984,0,-0.09,0.48,8.945,3.687,2.739,0,0
160036,0,-0.04,1.86,8.940,3.663,2.705,0,0
160087,0,-0.07,-1.34,8.993,3.692,2.844,0,0
160139,0,-0.07,0.00,8.930,3.620,2.940,0,0
160190,0,-0.05,-0.56,8.830,3.673,3.012,0,0
160241,0,-0.05,0.00,8.930,3.644,2.935,0,0
160292,0,-0.04,0.52,9.055,3.587,2.816,0,0
160344,0,-0.04,0.00,9.036,3.615,2.806,0,0
160394,0,-0.05,-0.52,8.921,3.721,2.873,0,0
160444,0,-0.05,0.00,8.892,3.749,2.974,0,0
160499,0,-0.06,-0.18,8.859,3.644,2.926,0,0
160549,0,-0.06,0.00,8.906,3.472,2.935,0,0
160601,0,-0.04,1.01,8.940,3.630,2.983,0,0
160651,0,-0.04,0.00,8.978,3.682,2.911,0,0
160702,0,-0.04,0.00,8.993,3.673,2.787,0,0
160754,0,-0.06,-0.82,9.012,3.615,2.849,0,0
160806,0,-0.05,0.48,8.916,3.759,3.036,0,0
160857,0,-0.06,-0.48,8.844,3.639,2.988,0,0
160909,0,-0.06,0.00,8.873,3.587,2.844,0,0
160960,0,-0.08,0.00,8.940,3.563,2.744,0,0
161012,0,-0.07,0.00,9.069,3.606,2.686,0,0
161061,0,-0.05,0.00,9.088,3.558,2.811,0,0
161113,0,-0.05,0.00,8.887,3.658,2.969,0,0
161164,0,-0.04,0.00,8.882,3.730,2.974,0,0
161216,0,-0.05,0.00,8.945,3.749,2.796,0,0
161267,0,-0.09,0.00,8.935,3.706,2.658,0,0
161318,0,-0.10,-0.48,8.935,3.553,2.710,0,0
161369,0,-0.09,0.00,8.997,3.768,2.863,0,0
161420,0,-0.09,0.00,9.055,3.721,2.873,0,0
161470,0,-0.09,0.00,8.983,3.697,2.921,0,0
161521,0,-0.14,0.00,8.811,3.706,2.868,0,0
161570,0,-0.14,0.00,8.969,3.658,2.749,0,0
161622,0,-0.14,0.00,9.060,3.591,2.662,0,0
161673,0,-0.12,0.00,8.902,3.481,2.744,0,0
161725,0,-0.12,0.00,8.906,3.606,2.931,0,0
161777,0,-0.12,0.00,8.954,3.658,3.012,0,0
161828,0,-0.17,-1.38,8.950,3.654,2.916,0,0
161880,0,-0.19,0.00,8.950,3.812,2.749,0,0
161931,0,-0.19,0.00,9.031,3.730,2.653,0,0
161983,0,-0.17,0.48,8.954,3.649,2.749,0,0
162035,0,-0.19,0.00,8.940,3.749,2.825,0,0
162086,0,-0.19,0.00,8.969,3.625,2.878,0,0
162138,0,-0.17,0.00,8.887,3.577,2.911,0,0
162188,0,-0.17,0.00,8.887,3.654,2.868,0,0
162240,0,-0.20,0.00,9.031,3.802,2.763,0,0
162291,0,-0.18,0.48,9.041,3.716,2.643,0,0
162343,0,-0.18,0.00,8.950,3.668,2.801,0,0
162393,0,-0.17,0.00,8.887,3.711,3.002,0,0
162443,0,-0.19,-0.93,8.897,3.639,2.873,0,0
162493,0,-0.18,0.00,8.997,3.649,2.816,0,0
162549,0,-0.16,0.18,8.959,3.654,2.787,0,0
162601,0,-0.15,0.52,8.978,3.697,2.921,0,0
162652,0,-0.14,0.56,8.930,3.673,2.892,0,0
162703,0,-0.14,0.00,8.954,3.596,2.825,0,0
162754,0,-0.15,-0.52,8.988,3.591,2.777,0,0
162806,0,-0.15,-0.52,8.954,3.668,2.883,0,0
162857,0,-0.19,-1.45,8.945,3.548,2.902,0,0
162909,0,-0.19,0.00,8.964,3.692,2.835,0,0
162958,0,-0.17,0.00,8.973,3.658,2.758,0,0
163010,0,-0.19,-0.56,8.878,3.457,2.782,0,0
163061,0,-0.20,0.00,8.906,3.773,2.964,0,0
163113,0,-0.20,0.00,9.098,3.994,2.725,0,0
163164,0,-0.20,0.00,9.237,3.893,2.552,0,0
163216,0,-0.20,0.00,8.950,3.390,2.591,0,0
163268,0,-0.24,-1.38,8.657,3.491,2.897,0,0
163318,0,-0.25,-0.52,8.849,3.500,3.232,0,0
163370,0,-0.24,0.00,8.892,3.409,3.285,0,0
163420,0,-0.22,0.56,8.758,3.802,3.237,0,0
163471,0,-0.22,0.00,9.012,4.022,2.801,0,0
163521,0,-0.24,0.00,9.371,4.185,2.433,0,0
163570,0,-0.25,-0.56,9.199,3.510,2.298,0,0
163622,0,-0.29,-1.30,8.792,3.237,2.811,0,0
163674,0,-0.29,0.00,8.514,3.496,3.414,0,0
163725,0,-0.29,0.00,8.399,3.745,3.515,0,0
163777,0,-0.27,0.00,9.069,4.152,2.974,0,0
163828,0,-0.29,-0.56,9.500,4.152,2.327,0,0
163880,0,-0.29,0.00,9.371,3.452,1.882,0,0
163932,0,-0.26,0.45,9.103,3.031,2.365,0,0
163983,0,-0.26,0.00,8.605,3.428,3.385,0,0
164035,0,-0.25,0.00,8.260,3.831,3.759,0,0
164086,0,-0.28,0.00,8.811,4.017,3.007,0,0
164138,0,-0.26,0.00,9.486,3.797,2.059,0,0
164190,0,-0.28,-1.27,9.309,3.529,1.753,0,0
164240,0,-0.28,0.00,9.194,3.395,2.174,0,0
164330,0,-0.24,0.24,8.715,3.443,3.610,0,0
164382,0,-0.25,0.00,8.533,3.505,3.519,0,0
164433,0,-0.24,0.56,8.935,3.826,3.112,0,0
164483,0,-0.27,0.00,9.390,4.190,2.547,0,0
164534,0,-0.29,0.00,9.443,3.888,2.375,0,0
164585,0,-0.30,-0.48,9.036,3.309,2.710,0,0
164637,0,-0.32,0.00,8.849,2.696,3.060,0,0
164688,0,-0.32,0.00,8.748,3.213,3.419,0,0
164739,0,-0.35,-1.34,9.098,3.132,3.534,0,0
164790,0,-0.35,0.00,9.227,2.854,3.371,0,0
164842,0,-0.35,0.00,8.983,2.466,3.266,0,0
164894,0,-0.37,0.00,9.079,2.466,3.481,0,0
164945,0,-0.37,0.00,9.002,2.768,3.946,0,0
164997,0,-0.34,0.52,8.873,2.935,4.089,0,0
165048,0,-0.32,0.52,8.964,2.873,3.596,0,0
165100,0,-0.32,0.00,9.294,2.978,3.002,0,0
165152,0,-0.32,0.00,9.304,2.983,3.045,0,0
165203,0,-0.31,0.00,8.973,2.638,3.572,0,0
165255,0,-0.31,0.00,8.562,2.385,4.223,0,0
165306,0,-0.33,-0.82,8.370,2.318,4.650,0,0
165358,0,-0.31,0.52,8.461,3.117,4.611,0,0
165408,0,-0.28,1.13,8.796,3.342,4.051,0,0
165458,0,-0.28,0.00,8.844,3.395,3.390,0,0
165509,0,-0.26,0.52,9.108,3.361,3.290,0,0
165559,0,-0.30,-1.45,8.863,3.132,3.452,0,0
165610,0,-0.29,0.00,8.571,3.318,3.711,0,0
165661,0,-0.29,0.00,8.763,3.749,3.687,0,0
165712,0,-0.30,0.00,9.021,3.792,3.438,0,0
165764,0,-0.30,0.00,8.935,3.438,3.122,0,0
165815,0,-0.29,0.00,8.902,3.213,3.002,0,0
165867,0,-0.29,0.52,8.993,3.524,3.146,0,0
165919,0,-0.29,0.00,8.993,3.376,3.069,0,0
165970,0,-0.32,0.00,8.964,3.505,3.017,0,0
166022,0,-0.31,0.00,9.060,3.524,2.897,0,0
166073,0,-0.32,0.00,8.849,3.697,2.859,0,0
166125,0,-0.29,1.38,9.141,4.003,3.203,0,0
166177,0,-0.29,0.00,9.021,3.419,2.758,0,0
166228,0,-0.29,0.00,8.859,3.443,2.557,0,0
166280,0,-0.32,0.00,9.103,3.179,2.260,0,0
166331,0,-0.31,0.00,9.232,3.496,2.504,0,0
166386,0,-0.31,0.00,9.141,3.385,2.619,0,0
166436,0,-0.30,0.56,8.945,3.366,2.567,0,0
166487,0,-0.28,0.00,9.510,3.496,2.456,0,0
166537,0,-0.28,-0.52,9.060,3.697,2.720,0,0
166588,0,-0.32,-1.49,8.739,3.553,2.610,0,0
166639,0,-0.28,1.38,8.815,3.682,2.763,0,0
166690,0,-0.30,0.00,9.064,3.883,2.720,0,0
166742,0,-0.29,0.00,9.084,3.836,2.600,0,0
166794,0,-0.29,0.00,8.964,3.706,2.581,0,0
166845,0,-0.30,0.00,9.007,3.773,2.595,0,0
166897,0,-0.29,0.00,9.060,3.936,2.490,0,0
166948,0,-0.30,0.00,8.997,3.816,2.562,0,0
167000,0,-0.33,0.00,8.878,3.486,2.801,0,0
167052,0,-0.33,0.00,8.926,3.883,2.978,0,0
167103,0,-0.31,0.00,9.045,3.845,2.801,0,0
167155,0,-0.30,0.52,9.060,3.792,2.538,0,0
167206,0,-0.34,0.00,8.997,3.486,2.476,0,0
167258,0,-0.34,0.00,8.969,3.601,2.854,0,0
167310,0,-0.31,1.01,8.906,3.620,3.065,0,0
167360,0,-0.31,0.00,8.892,3.567,2.887,0,0
167410,0,-0.34,0.00,8.993,3.654,2.691,0,0
167461,0,-0.31,0.56,9.050,3.740,2.600,0,0
167511,0,-0.31,0.00,9.055,3.634,2.595,0,0
167561,0,-0.30,0.00,9.050,3.567,2.863,0,0
167612,0,-0.27,0.52,8.854,3.553,2.974,0,0
167664,0,-0.26,0.45,8.959,3.658,2.825,0,0
167715,0,-0.25,0.00,9.151,3.634,2.653,0,0
167767,0,-0.22,0.56,9.007,3.510,2.658,0,0
167818,0,-0.22,0.00,8.921,3.371,2.816,0,0
167870,0,-0.19,0.52,8.959,3.548,3.017,0,0
167922,0,-0.18,0.56,8.959,3.529,3.026,0,0
167973,0,-0.20,-1.34,8.930,3.500,2.816,0,0
168025,0,-0.20,0.00,9.098,3.567,2.820,0,0
168076,0,-0.20,0.00,9.012,3.567,2.878,0,0
168128,0,-0.17,0.48,8.926,3.529,2.940,0,0
168180,0,-0.16,0.52,8.993,3.577,2.940,0,0
168230,0,-0.18,-0.82,9.031,3.610,2.820,0,0
168282,0,-0.17,0.00,8.988,3.515,2.854,0,0
168333,0,-0.15,0.00,8.993,3.591,2.878,0,0
168385,0,-0.14,0.52,9.007,3.596,2.907,0,0
168440,0,-0.13,0.18,9.017,3.371,2.854,0,0
168491,0,-0.18,0.00,8.921,3.409,2.921,0,0
168541,0,-0.13,0.52,8.902,3.452,2.998,0,0
168592,0,-0.13,0.00,9.021,3.711,3.002,0,0
168643,0,-0.12,0.48,8.978,3.587,2.902,0,0
168694,0,-0.13,0.00,8.993,3.587,2.950,0,0
168746,0,-0.12,0.00,9.036,3.361,2.840,0,0
168798,0,-0.14,-0.78,8.997,3.318,2.883,0,0
168849,0,-0.12,0.00,8.906,3.347,3.021,0,0
168901,0,-0.13,-0.56,8.921,3.500,3.136,0,0
168952,0,-0.14,0.00,9.017,3.620,2.998,0,0
169004,0,-0.13,0.45,9.045,3.529,2.806,0,0
169056,0,-0.13,0.00,9.002,3.438,2.801,0,0
169107,0,-0.18,-0.52,8.978,3.510,3.050,0,0
169159,0,-0.18,0.00,8.916,3.548,3.141,0,0
169210,0,-0.18,0.00,8.911,3.433,3.031,0,0
169262,0,-0.18,0.00,9.021,3.405,2.868,0,0
169314,0,-0.18,0.00,9.017,3.496,2.902,0,0
169364,0,-0.18,0.00,8.988,3.587,3.002,0,0
169414,0,-0.19,0.00,9.007,3.553,2.993,0,0
169465,0,-0.26,-1.93,8.935,3.577,2.931,0,0
169515,0,-0.26,0.00,8.973,3.625,2.916,0,0
169569,0,-0.26,0.00,9.012,3.524,2.931,0,0
169619,0,-0.24,0.52,8.993,3.505,2.873,0,0
169670,0,-0.24,0.00,8.935,3.515,2.907,0,0
169722,0,-0.24,0.00,8.954,3.500,2.998,0,0
169774,0,-0.28,0.00,9.002,3.481,3.069,0,0
169825,0,-0.28,0.00,8.902,3.510,3.031,0,0
169877,0,-0.28,0.00,8.997,3.563,2.916,0,0
169928,0,-0.30,-0.74,9.017,3.371,2.921,0,0
169980,0,-0.31,-0.52,8.940,3.524,3.055,0,0
170032,0,-0.30,0.52,8.950,3.553,3.041,0,0
170083,0,-0.30,0.00,9.036,3.721,2.964,0,0
170135,0,-0.30,0.00,8.983,3.481,2.835,0,0
170186,0,-0.29,0.00,8.921,3.519,2.863,0,0
170238,0,-0.31,0.00,9.017,3.500,2.849,0,0
170290,0,-0.31,0.00,9.036,3.553,2.935,0,0
170340,0,-0.32,-0.48,8.950,3.577,2.849,0,0
170390,0,-0.31,0.48,8.993,3.563,2.926,0,0
170440,0,-0.31,0.00,8.940,3.610,2.840,0,0
170496,0,-0.31,0.00,8.897,3.529,2.691,0,0
170546,0,-0.32,2.01,8.959,3.496,2.629,0,0
170598,0,-0.34,-0.82,9.041,3.567,2.605,0,0
170648,0,-0.33,0.48,9.170,3.888,2.672,0,0
170700,0,-0.32,0.00,9.122,4.185,2.610,0,0
170751,0,-0.30,0.00,9.084,3.510,2.461,0,0
170803,0,-0.28,0.97,8.935,2.988,2.490,0,0
170854,0,-0.28,-0.30,8.796,3.208,2.677,0,0
170906,0,-0.27,0.52,9.170,3.572,2.816,0,0
170958,0,-0.26,0.00,9.218,3.773,3.007,0,0
171009,0,-0.24,0.52,8.854,3.711,2.811,0,0
171061,0,-0.23,0.00,9.041,3.773,2.835,0,0
171112,0,-0.22,0.00,9.103,3.869,2.907,0,0
171164,0,-0.20,0.52,8.854,3.481,2.974,0,0
171216,0,-0.20,0.00,8.758,3.352,2.772,0,0
171267,0,-0.17,0.52,8.969,3.668,2.696,0,0
171319,0,-0.16,0.00,9.050,3.654,2.696,0,0
171370,0,-0.12,2.01,9.031,3.438,2.643,0,0
171421,0,-0.14,-0.93,9.189,3.596,2.595,0,0
171471,0,-0.14,0.00,9.313,3.304,2.672,0,0
171522,0,-0.08,2.01,8.873,3.141,2.907,0,0
171574,0,-0.08,0.00,8.667,3.448,3.103,0,0
171624,0,-0.13,-1.86,9.141,3.965,2.811,0,0
171676,0,-0.13,0.00,9.304,3.950,2.274,0,0
171727,0,-0.13,0.00,9.017,3.223,2.073,0,0
171779,0,-0.11,0.52,8.906,3.395,2.739,0,0
171830,0,-0.11,0.00,8.969,3.754,3.247,0,0
171882,0,-0.13,-0.52,8.988,3.462,2.935,0,0
171934,0,-0.13,0.00,9.074,3.366,2.528,0,0
171985,0,-0.14,0.00,8.997,3.725,2.543,0,0
172037,0,-0.19,-1.83,9.189,4.032,2.600,0,0
172088,0,-0.19,0.00,9.347,3.697,2.495,0,0
172140,0,-0.21,0.00,9.146,3.701,2.787,0,0
172192,0,-0.19,0.00,8.514,4.113,3.917,0,0
172243,0,-0.19,0.00,8.878,3.026,3.127,0,0
172295,0,-0.18,0.52,8.954,2.763,2.567,0,0
172346,0,-0.17,0.00,9.467,2.768,1.858,0,0
172399,0,-0.15,0.60,9.515,2.911,1.633,0,0
172449,0,-0.14,0.52,9.218,2.796,1.614,0,0
172500,0,-0.17,0.00,9.294,2.993,2.083,0,0
172554,0,-0.17,0.00,9.352,3.519,2.835,0,0
172606,0,-0.17,0.00,9.026,3.280,2.811,0,0
172657,0,-0.15,0.56,8.964,3.203,2.442,0,0
172708,0,-0.15,0.00,9.376,3.409,2.045,0,0
172759,0,-0.15,0.52,9.414,3.869,1.949,0,0
172811,0,-0.13,0.00,9.385,3.361,1.657,0,0
172862,0,-0.10,0.52,9.122,3.237,1.686,0,0
172914,0,-0.10,0.00,9.476,3.208,1.935,0,0
172966,0,-0.10,0.00,9.141,3.496,1.954,0,0
173017,0,-0.15,-1.45,8.873,3.965,1.896,0,0
173069,0,-0.14,0.00,9.184,4.080,1.800,0,0
173120,0,-0.14,0.00,9.495,4.415,2.375,0,0
173172,0,-0.12,0.52,9.218,3.055,1.930,0,0
173224,0,-0.11,0.00,8.945,2.907,1.537,0,0
173275,0,-0.11,0.00,9.515,3.658,1.403,0,0
173327,0,-0.11,0.00,9.519,3.778,1.293,0,0
173379,0,-0.16,-1.27,9.232,3.371,1.398,0,0
173429,0,-0.16,0.00,9.189,3.342,1.657,0,0
173480,0,-0.16,0.00,9.232,3.654,1.776,0,0
173530,0,-0.14,0.00,9.251,3.778,1.992,0,0
173582,0,-0.14,0.00,9.179,3.505,1.891,0,0
173633,0,-0.14,0.00,9.155,3.409,1.853,0,0
173684,0,-0.16,-0.52,9.098,3.481,1.844,0,0
173735,0,-0.19,0.00,9.318,3.572,1.800,0,0
173787,0,-0.19,0.00,9.352,3.788,1.839,0,0
173839,0,-0.19,0.00,9.160,3.472,1.882,0,0
173890,0,-0.18,0.52,9.251,3.773,2.054,0,0
173942,0,-0.18,0.00,9.069,3.682,2.040,0,0
173993,0,-0.18,0.00,8.930,3.596,2.002,0,0
174045,0,-0.18,0.00,9.131,3.812,1.882,0,0
174097,0,-0.19,-0.78,9.227,3.855,1.829,0,0
174148,0,-0.14,1.97,9.203,3.745,1.958,0,0
174200,0,-0.15,0.00,9.131,3.721,2.150,0,0
174251,0,-0.15,0.00,9.079,3.553,2.308,0,0
174337,0,-0.15,0.00,9.108,3.759,2.193,0,0
174390,0,-0.14,0.00,9.064,3.697,2.083,0,0
174440,0,-0.15,-0.88,9.017,3.567,2.116,0,0
174490,0,-0.15,0.00,8.906,3.548,1.776,0,0
174541,0,-0.15,0.00,9.275,3.797,2.155,0,0
174592,0,-0.13,0.00,9.017,4.085,2.701,0,0
174644,0,-0.13,0.00,8.873,4.104,2.878,0,0
174694,0,-0.10,1.34,8.882,3.759,2.849,0,0
174746,0,-0.13,0.00,8.643,3.768,2.581,0,0
174797,0,-0.12,0.52,8.485,3.893,2.365,0,0
174849,0,-0.13,-0.52,8.882,3.874,2.614,0,0
174900,0,-0.14,-0.88,8.748,3.673,2.591,0,0
174952,0,-0.14,0.00,8.605,4.156,2.571,0,0
175004,0,-0.13,0.00,8.973,5.104,2.251,0,0
175055,0,-0.13,0.00,8.825,5.004,1.935,0,0
175107,0,-0.11,0.52,8.265,5.033,2.006,0,0
175158,0,-0.11,0.00,8.179,4.180,1.796,0,0
175210,0,-0.11,0.00,8.662,5.454,2.332,0,0
175262,0,-0.11,0.00,8.365,5.454,2.169,0,0
175313,0,-0.16,-1.34,8.131,5.334,1.915,0,0
175365,0,-0.18,0.00,8.231,5.612,1.963,0,0
175415,0,-0.19,-0.52,8.437,6.249,2.025,0,0
175466,0,-0.19,0.00,7.963,6.029,2.265,0,0
175516,0,-0.19,0.00,7.867,5.545,2.188,0,0
175565,0,-0.23,-1.45,8.102,5.607,2.073,0,0
175616,0,-0.23,0.00,8.092,5.387,1.839,0,0
175667,0,-0.21,0.48,8.021,5.574,1.901,0,0
175719,0,-0.23,-0.48,7.954,5.808,2.025,0,0
175771,0,-0.20,0.52,7.910,5.904,2.231,0,0
175822,0,-0.20,0.00,7.819,5.741,2.155,0,0
175874,0,-0.20,0.00,7.705,5.674,2.064,0,0
175925,0,-0.20,0.00,7.661,5.808,2.016,0,0
175977,0,-0.24,-1.38,7.719,5.646,2.093,0,0
176028,0,-0.22,0.56,7.666,5.942,2.404,0,0
176080,0,-0.21,0.52,7.781,6.551,2.370,0,0
176132,0,-0.21,0.00,7.896,7.350,2.289,0,0
176183,0,-0.21,0.00,7.652,6.780,2.365,0,0
176235,0,-0.21,0.00,7.298,6.029,2.763,0,0
176286,0,-0.21,0.00,7.274,5.751,2.844,0,0
176337,0,-0.21,0.00,7.389,5.947,2.428,0,0
176390,0,-0.20,0.17,7.638,6.182,2.069,0,0
176441,0,-0.25,-2.01,7.819,6.120,1.853,0,0
176491,0,-0.23,0.56,8.016,6.249,1.872,0,0
176541,0,-0.25,0.00,7.537,6.254,2.753,0,0
176593,0,-0.25,0.00,7.336,6.062,2.859,0,0
176643,0,-0.23,0.52,7.135,5.076,2.298,0,0
176695,0,-0.23,0.00,8.102,6.302,2.188,0,0
176746,0,-0.22,0.00,8.092,6.345,2.078,0,0
176798,0,-0.22,0.00,7.618,5.933,2.294,0,0
176849,0,-0.24,-0.93,7.638,5.684,2.370,0,0
176901,0,-0.24,0.00,7.781,5.827,2.318,0,0
176953,0,-0.25,-0.48,7.609,5.928,2.543,0,0
177004,0,-0.27,0.00,7.690,5.756,2.595,0,0
177056,0,-0.28,-0.52,7.858,5.952,2.466,0,0
177107,0,-0.28,0.00,7.829,5.986,2.313,0,0
177159,0,-0.29,0.00,7.551,5.703,2.399,0,0
177211,0,-0.28,0.52,7.800,5.780,2.385,0,0
177262,0,-0.28,0.00,7.891,5.990,2.816,0,0
177314,0,-0.28,0.00,7.657,6.325,2.974,0,0
177364,0,-0.27,0.52,7.695,6.302,3.309,0,0
177414,0,-0.27,0.00,7.503,5.708,3.079,0,0
177465,0,-0.25,0.00,7.728,6.038,2.682,0,0
177515,0,-0.27,-1.33,7.599,5.152,1.992,0,0
177569,0,-0.26,0.52,7.829,5.114,2.002,0,0
177619,0,-0.26,0.00,8.313,5.842,2.356,0,0
177670,0,-0.23,0.48,7.829,5.914,2.251,0,0
177722,0,-0.23,0.00,7.570,5.650,2.318,0,0
177774,0,-0.27,-0.56,7.829,5.617,2.816,0,0
177825,0,-0.27,0.00,7.944,6.153,2.998,0,0
177877,0,-0.27,0.00,7.843,5.760,2.509,0,0
177928,0,-0.28,0.48,7.499,5.401,2.145,0,0
177980,0,-0.28,0.00,7.954,5.837,2.298,0,0
178032,0,-0.26,0.00,8.006,6.134,2.188,0,0
178083,0,-0.25,0.48,7.547,6.038,1.571,0,0
178135,0,-0.25,0.00,8.121,5.646,1.226,0,0
178186,0,-0.24,0.48,8.097,6.177,1.389,0,0
178238,0,-0.22,0.00,7.949,6.120,1.580,0,0
178290,0,-0.23,-0.86,7.676,5.775,1.762,0,0
178340,0,-0.23,0.00,7.657,5.847,1.772,0,0
178390,0,-0.23,0.00,8.145,6.220,1.695,0,0
178446,0,-0.22,0.19,7.829,6.067,1.403,0,0
178496,0,-0.22,0.00,7.810,5.813,1.460,0,0
178546,0,-0.25,0.00,7.987,6.211,1.709,0,0
178598,0,-0.23,0.52,7.824,5.928,1.911,0,0
178648,0,-0.23,0.00,7.570,5.851,2.078,0,0
178700,0,-0.21,0.56,7.547,5.655,1.963,0,0
178751,0,-0.21,0.00,7.599,5.660,1.896,0,0
178803,0,-0.23,0.00,7.762,5.674,1.690,0,0
178854,0,-0.23,0.00,7.470,5.966,1.800,0,0
178906,0,-0.23,0.00,7.374,6.756,1.767,0,0
178958,0,-0.23,0.00,7.915,7.700,1.719,0,0
179009,0,-0.25,0.00,8.973,8.279,1.815,0,0
179061,0,-0.25,0.00,6.804,5.760,0.378,0,0
179112,0,-0.25,0.00,7.403,5.516,0.407,0,0
179164,0,-0.25,0.00,7.772,5.334,1.504,0,0
179216,0,-0.29,-1.45,7.341,6.823,2.231,0,0
179267,0,-0.29,0.00,7.298,6.962,1.470,0,0
179319,0,-0.29,0.00,7.901,6.867,0.642,0,0
179370,0,-0.30,0.00,8.643,7.058,-0.048,0,0
179421,0,-0.31,-0.60,8.418,5.406,0.718,0,0
179471,0,-0.31,0.00,7.992,5.468,1.532,0,0
179522,0,-0.31,0.00,8.102,6.043,2.116,0,0
179574,0,-0.33,0.00,7.360,5.689,1.341,0,0
179624,0,-0.33,0.00,7.551,5.363,-0.608,0,0
179676,0,-0.33,-0.45,8.648,5.856,-0.503,0,0
179727,0,-0.31,0.45,8.705,5.957,0.541,0,0
179779,0,-0.30,0.00,8.035,4.908,1.389,0,0
179830,0,-0.30,0.00,8.337,4.841,1.925,0,0
179882,0,-0.30,0.00,8.121,5.042,0.958,0,0
179933,0,-0.30,0.00,9.103,5.899,0.958,0,0
179985,0,-0.31,0.00,8.744,5.401,1.384,0,0
180037,0,-0.33,0.00,7.848,4.731,1.269,0,0
180088,0,-0.33,0.00,8.758,4.836,1.518,0,0
180140,0,-0.35,-0.52,8.499,5.033,0.757,0,0
180191,0,-0.35,0.00,8.796,5.066,0.828,0,0
180243,0,-0.35,0.00,8.317,4.956,1.168,0,0
180295,0,-0.40,-0.52,8.499,4.793,1.575,0,0
180345,0,-0.40,0.00,8.911,4.803,1.398,0,0
180395,0,-0.40,0.00,8.825,4.654,1.020,0,0
180445,0,-0.42,-0.56,8.509,4.616,1.015,0,0
180500,0,-0.39,0.37,8.514,4.535,1.633,0,0
180550,0,-0.39,0.00,8.705,4.592,1.896,0,0
180602,0,-0.38,0.52,8.681,5.195,1.839,0,0
180652,0,-0.38,0.00,8.748,5.215,1.743,0,0
180703,0,-0.38,0.00,8.361,4.726,1.767,0,0
180755,0,-0.40,0.00,8.552,4.673,1.705,0,0
180807,0,-0.38,0.48,8.835,5.612,1.513,0,0
180858,0,-0.38,0.00,8.782,5.138,1.413,0,0
180910,0,-0.37,0.52,8.365,4.870,1.571,0,0
180961,0,-0.35,0.56,8.576,4.707,1.633,0,0
181013,0,-0.37,0.00,8.777,4.875,1.537,0,0
181065,0,-0.39,-0.82,8.705,4.755,1.283,0,0
181116,0,-0.39,0.00,8.705,4.970,1.307,0,0
181168,0,-0.41,-0.52,8.480,4.717,1.537,0,0
181219,0,-0.41,0.00,8.763,4.836,1.499,0,0
181271,0,-0.41,0.00,8.748,5.018,1.422,0,0
181323,0,-0.41,0.00,8.653,4.908,1.216,0,0
181373,0,-0.39,0.52,8.648,4.946,1.144,0,0
181423,0,-0.41,-0.56,8.801,4.760,1.173,0,0
181474,0,-0.44,0.00,8.772,4.721,1.302,0,0
181524,0,-0.43,0.56,8.610,4.726,1.331,0,0
181577,0,-0.40,0.56,8.744,4.650,1.259,0,0
181628,0,-0.40,0.00,8.777,5.009,1.341,0,0
181679,0,-0.39,0.00,8.916,4.798,1.283,0,0
181731,0,-0.37,0.00,8.911,4.693,1.288,0,0
181782,0,-0.40,0.56,8.969,4.860,1.528,0,0
181834,0,-0.40,0.00,8.978,4.990,1.456,0,0
181886,0,-0.40,0.00,9.160,4.477,0.263,0,0
181937,0,-0.38,0.00,8.768,4.396,-0.005,0,0
181989,0,-0.38,0.00,8.763,4.353,-0.187,0,0
182040,0,-0.40,0.00,9.079,4.353,0.144,0,0
182092,0,-0.35,1.86,9.026,3.965,0.579,0,0
182144,0,-0.34,0.52,8.715,3.591,1.221,0,0
182195,0,-0.38,0.00,8.547,3.510,1.451,0,0
182247,0,-0.38,0.00,9.084,3.989,1.365,0,0
182298,0,-0.36,0.56,9.290,4.693,1.101,0,0
182349,0,-0.36,0.00,9.318,4.875,0.876,0,0
182399,0,-0.35,0.00,9.352,5.215,0.412,0,0
182449,0,-0.35,0.00,9.682,5.387,0.196,0,0
182499,0,-0.33,0.00,9.400,5.013,1.135,0,0
182554,0,-0.32,0.17,8.926,3.850,1.939,0,0
182605,0,-0.31,0.00,8.796,2.883,2.782,0,0
182656,0,-0.29,0.52,8.930,2.289,3.275,0,0
182707,0,-0.28,0.48,9.098,1.781,3.572,0,0
182759,0,-0.32,0.00,8.959,1.111,3.093,0,0
182810,0,-0.28,0.00,9.055,1.006,2.629,0,0
182862,0,-0.32,0.00,9.476,1.484,2.174,0,0
182914,0,-0.25,0.52,9.759,1.839,1.633,0,0
182965,0,-0.30,-2.01,9.845,2.227,1.374,0,0
183017,0,-0.30,0.00,9.759,2.174,1.298,0,0
183068,0,-0.30,0.00,9.596,2.533,1.681,0,0
183120,0,-0.28,0.00,9.625,2.088,1.513,0,0
183172,0,-0.32,-1.34,9.673,2.054,1.484,0,0
183223,0,-0.32,0.00,9.673,1.820,1.341,0,0
183275,0,-0.32,0.00,9.677,1.867,1.480,0,0
183326,0,-0.33,-0.52,9.677,2.274,1.733,0,0
183377,0,-0.32,0.48,9.716,2.902,1.944,0,0
183427,0,-0.30,0.56,9.802,3.218,1.844,0,0
183478,0,-0.30,0.00,9.787,2.768,1.403,0,0
183528,0,-0.30,0.00,9.615,2.461,1.341,0,0
183580,0,-0.30,0.00,9.524,2.337,1.580,0,0
183632,0,-0.30,0.00,9.558,2.179,1.887,0,0
183683,0,-0.35,-1.86,9.471,2.179,2.040,0,0
183735,0,-0.32,0.00,9.457,2.351,1.911,0,0
183786,0,-0.34,0.00,9.610,2.519,1.724,0,0
183838,0,-0.34,0.00,9.649,2.744,1.599,0,0
183890,0,-0.32,0.00,9.706,2.715,1.633,0,0
183941,0,-0.32,0.00,9.634,2.753,1.786,0,0
183993,0,-0.35,0.00,9.515,2.662,1.877,0,0
184044,0,-0.33,0.00,9.481,2.528,1.834,0,0
184096,0,-0.33,0.00,9.538,2.595,1.714,0,0
184148,0,-0.33,0.00,9.591,2.600,1.652,0,0
184199,0,-0.32,0.48,9.505,2.634,1.748,0,0
184251,0,-0.36,0.00,9.577,2.653,1.800,0,0
184333,0,-0.34,0.24,9.553,2.619,1.858,0,0
184385,0,-0.34,0.00,9.553,2.859,1.796,0,0
184435,0,-0.34,0.00,9.582,2.849,1.681,0,0
184486,0,-0.38,-1.33,9.558,2.638,1.719,0,0
184536,0,-0.39,-0.56,9.538,2.380,1.733,0,0
184588,0,-0.38,0.00,9.548,2.442,1.906,0,0
184638,0,-0.38,0.00,9.534,2.696,2.069,0,0
184690,0,-0.35,0.00,9.515,2.840,1.882,0,0
184741,0,-0.35,0.00,9.572,2.701,1.695,0,0
184793,0,-0.33,0.00,9.582,2.605,1.590,0,0
184844,0,-0.33,0.52,9.538,2.629,1.748,0,0
184896,0,-0.33,0.00,9.495,2.701,1.887,0,0
184948,0,-0.32,0.00,9.553,2.720,1.949,0,0
184999,0,-0.32,-0.52,9.553,2.567,1.839,0,0
185051,0,-0.34,0.00,9.562,2.638,1.690,0,0
185102,0,-0.33,-0.82,9.567,2.720,1.719,0,0
185154,0,-0.29,1.34,9.529,2.672,1.925,0,0
185205,0,-0.32,0.48,9.596,2.777,1.834,0,0
185257,0,-0.28,1.38,9.725,2.854,1.820,0,0
185309,0,-0.32,0.00,9.572,2.605,1.666,0,0
185359,0,-0.32,0.00,9.438,2.231,1.441,0,0
185409,0,-0.32,0.00,9.606,2.500,1.724,0,0
185460,0,-0.30,0.56,9.778,2.667,2.049,0,0
185510,0,-0.30,0.00,9.773,2.581,2.241,0,0
185560,0,-0.30,0.00,9.519,2.107,2.188,0,0
185611,0,-0.31,-0.86,9.462,1.853,2.241,0,0
185663,0,-0.30,0.00,9.548,1.844,2.313,0,0
185714,0,-0.30,0.00,9.443,1.839,2.356,0,0
185766,0,-0.28,0.82,9.534,1.877,2.361,0,0
185818,0,-0.29,-0.48,9.644,2.150,2.294,0,0
185869,0,-0.29,1.34,9.730,2.006,2.030,0,0
185921,0,-0.31,0.00,9.787,2.073,2.078,0,0
185972,0,-0.32,-0.48,9.692,2.097,2.452,0,0
186024,0,-0.32,0.00,9.577,1.772,2.614,0,0
186076,0,-0.32,0.00,9.491,1.499,2.495,0,0
186127,0,-0.34,-0.52,9.529,1.432,2.327,0,0
186179,0,-0.34,0.00,9.481,1.465,2.303,0,0
186229,0,-0.35,-0.52,9.390,1.810,2.236,0,0
186281,0,-0.35,0.00,9.553,2.409,1.949,0,0
186332,0,-0.33,0.00,9.936,2.682,1.652,0,0
186387,0,-0.32,0.17,9.855,2.495,1.441,0,0
186437,0,-0.33,0.00,9.582,2.088,1.556,0,0
186487,0,-0.33,0.00,9.553,2.150,1.872,0,0
186538,0,-0.34,-0.56,9.673,2.088,2.016,0,0
186589,0,-0.34,0.00,9.538,2.088,1.958,0,0
186640,0,-0.34,0.00,9.582,2.284,1.839,0,0
186691,0,-0.32,0.00,9.687,2.399,1.805,0,0
186743,0,-0.32,0.00,9.572,2.591,1.810,0,0
186794,0,-0.33,0.00,9.586,2.777,1.776,0,0
186846,0,-0.32,0.71,9.505,2.605,1.561,0,0
186895,0,-0.33,-0.52,9.481,2.447,1.484,0,0
186947,0,-0.33,0.00,9.773,2.581,1.614,0,0
186998,0,-0.34,-0.48,9.711,2.705,1.686,0,0
187050,0,-0.37,0.00,9.524,2.409,1.800,0,0
187101,0,-0.38,0.34,9.572,2.490,2.006,0,0
187153,0,-0.39,-0.56,9.582,2.816,2.116,0,0
187205,0,-0.42,-0.52,9.553,2.792,1.997,0,0
187255,0,-0.42,0.00,9.562,2.715,1.772,0,0
187306,0,-0.39,0.00,9.629,2.720,1.686,0,0
187358,0,-0.41,-0.48,9.567,2.581,1.719,0,0
187408,0,-0.41,0.00,9.534,2.567,1.844,0,0
187459,0,-0.43,-0.52,9.538,2.576,1.954,0,0
187509,0,-0.45,-0.54,9.505,2.461,2.040,0,0
187559,0,-0.46,0.00,9.495,2.471,2.006,0,0
187610,0,-0.46,0.00,9.548,2.471,1.887,0,0
187662,0,-0.45,0.00,9.610,2.605,1.776,0,0
187714,0,-0.41,0.00,9.596,2.701,1.805,0,0
187765,0,-0.41,0.00,9.577,2.485,1.896,0,0
187817,0,-0.43,0.00,9.505,2.322,2.025,0,0
187868,0,-0.44,-0.48,9.491,2.365,2.016,0,0
187920,0,-0.48,0.00,9.663,2.433,1.968,0,0
187972,0,-0.48,0.00,9.591,2.552,1.920,0,0
188023,0,-0.45,0.82,9.538,2.466,1.858,0,0
188075,0,-0.47,0.00,9.572,2.442,1.858,0,0
188125,0,-0.47,0.00,9.558,2.404,1.901,0,0
188177,0,-0.47,1.45,9.577,2.342,1.872,0,0
188228,0,-0.45,0.48,9.601,2.442,1.882,0,0
188280,0,-0.48,0.48,9.582,2.509,1.896,0,0
188331,0,-0.48,0.00,9.610,2.480,1.891,0,0
188384,0,-0.46,0.00,9.615,2.399,1.858,0,0
188438,0,-0.45,0.20,9.572,2.399,1.877,0,0
188489,0,-0.49,-1.49,9.558,2.490,1.891,0,0
188539,0,-0.47,0.56,9.586,2.404,1.887,0,0
188591,0,-0.46,0.00,9.586,2.409,1.863,0,0
188641,0,-0.46,0.00,9.620,2.543,1.939,0,0
188693,0,-0.49,0.00,9.572,2.452,1.906,0,0
188744,0,-0.49,0.52,9.534,2.500,1.867,0,0
188796,0,-0.48,0.48,9.586,2.423,1.753,0,0
188847,0,-0.45,0.52,9.620,2.533,1.834,0,0
188899,0,-0.44,0.52,9.629,2.461,1.887,0,0
188951,0,-0.44,0.00,9.577,2.576,1.949,0,0
189002,0,-0.43,0.48,9.606,2.523,1.891,0,0
189054,0,-0.43,0.00,9.553,2.418,1.805,0,0
189105,0,-0.43,-0.74,9.558,2.413,1.829,0,0
189157,0,-0.43,0.00,9.601,2.509,1.920,0,0
189209,0,-0.42,0.00,9.601,2.485,1.848,0,0
189260,0,-0.40,0.48,9.562,2.423,1.834,0,0
189312,0,-0.40,0.00,9.639,2.504,1.906,0,0
189362,0,-0.40,0.00,9.644,2.528,1.920,0,0
189412,0,-0.39,0.00,9.510,2.399,1.858,0,0
189463,0,-0.36,0.54,9.567,2.365,1.762,0,0
189513,0,-0.40,-1.49,9.649,2.399,1.820,0,0
189567,0,-0.33,0.56,9.596,2.404,1.896,0,0
189617,0,-0.32,0.48,9.548,2.351,1.920,0,0
189669,0,-0.32,0.00,9.572,2.428,1.949,0,0
189720,0,-0.33,0.52,9.606,2.404,1.882,0,0
189772,0,-0.32,0.48,9.610,2.413,1.820,0,0
189823,0,-0.30,0.00,9.639,2.413,1.810,0,0
189875,0,-0.30,0.00,9.610,2.423,1.887,0,0
189927,0,-0.29,0.00,9.601,2.437,1.896,0,0
189978,0,-0.28,0.00,9.658,2.452,1.906,0,0
190030,0,-0.26,0.52,9.615,2.433,1.839,0,0
190081,0,-0.26,0.00,9.596,2.413,1.824,0,0
190133,0,-0.23,0.48,9.577,2.346,1.791,0,0
190185,0,-0.23,0.00,9.601,2.337,1.853,0,0
190236,0,-0.23,0.00,9.586,2.294,1.877,0,0
190288,0,-0.27,-1.34,9.625,2.356,1.887,0,0
190339,0,-0.30,-0.56,9.620,2.385,1.839,0,0
190392,0,-0.30,0.00,9.615,2.361,1.815,0,0
190442,0,-0.28,0.00,9.596,2.356,1.805,0,0
190497,0,-0.28,0.00,9.610,2.361,1.891,0,0
190547,0,-0.31,-0.93,9.601,2.346,1.877,0,0
190599,0,-0.28,0.00,9.596,2.423,1.848,0,0
190649,0,-0.28,0.00,9.649,2.456,1.791,0,0
190701,0,-0.28,0.00,9.649,2.418,1.858,0,0
190752,0,-0.28,0.00,9.538,2.380,1.915,0,0
190804,0,-0.28,0.00,9.548,2.351,1.882,0,0
190855,0,-0.30,0.00,9.649,2.404,1.824,0,0
190907,0,-0.30,0.00,9.577,2.375,1.824,0,0
190959,0,-0.31,-0.52,9.591,2.442,1.839,0,0
191010,0,-0.30,0.52,9.649,2.409,1.853,0,0
191062,0,-0.30,0.00,9.582,2.456,1.858,0,0
191113,0,-0.32,0.48,9.620,2.389,1.848,0,0
191165,0,-0.32,0.00,9.586,2.394,1.839,0,0
191217,0,-0.31,0.00,9.567,2.394,1.877,0,0
191268,0,-0.31,0.00,9.582,2.423,1.853,0,0
191320,0,-0.31,0.00,9.591,2.423,1.786,0,0
191371,0,-0.29,0.00,9.677,2.466,1.925,0,0
191422,0,-0.28,0.52,9.582,2.404,1.944,0,0
191472,0,-0.28,0.00,9.543,2.389,1.824,0,0
191523,0,-0.28,0.00,9.668,2.428,1.867,0,0
191575,0,-0.28,0.00,9.567,2.437,1.820,0,0
191625,0,-0.28,0.00,9.572,2.351,1.815,0,0
191677,0,-0.27,0.00,9.625,2.476,1.805,0,0
191728,0,-0.27,0.00,9.610,2.418,1.867,0,0
191780,0,-0.27,0.00,9.596,2.365,1.877,0,0
191831,0,-0.28,-0.52,9.610,2.361,1.901,0,0
191883,0,-0.28,0.00,9.687,2.456,1.944,0,0
191935,0,-0.28,0.00,9.644,2.490,1.839,0,0
191986,0,-0.28,0.00,9.572,2.365,1.709,0,0
192038,0,-0.28,0.00,9.644,2.327,1.829,0,0
192089,0,-0.28,0.00,9.610,2.322,1.930,0,0
192141,0,-0.26,0.86,9.558,2.227,1.958,0,0
192193,0,-0.27,0.00,9.606,2.265,1.925,0,0
192244,0,-0.30,-0.52,9.658,2.303,1.853,0,0
192296,0,-0.31,0.00,9.668,2.279,1.844,0,0
192346,0,-0.32,-0.48,9.673,2.289,1.877,0,0
192396,0,-0.34,0.00,9.601,2.318,1.906,0,0
192446,0,-0.34,-0.56,9.615,2.322,1.853,0,0
192497,0,-0.34,0.00,9.658,2.303,1.848,0,0
192552,0,-0.32,0.19,9.634,2.207,1.853,0,0
192604,0,-0.32,0.00,9.649,2.121,1.944,0,0
192654,0,-0.32,0.00,9.644,2.188,1.987,0,0
192706,0,-0.30,0.56,9.725,2.188,2.021,0,0
192757,0,-0.28,0.52,9.649,2.164,2.045,0,0
192809,0,-0.28,0.00,9.553,1.978,1.930,0,0
192860,0,-0.26,0.52,9.586,2.045,1.911,0,0
192912,0,-0.24,0.48,9.701,2.102,1.863,0,0
192964,0,-0.23,0.52,9.677,2.107,1.949,0,0
193015,0,-0.23,0.00,9.620,2.150,1.982,0,0
193067,0,-0.27,0.00,9.653,2.064,2.011,0,0
193118,0,-0.25,0.52,9.653,2.121,1.867,0,0
193170,0,-0.25,0.00,9.687,2.059,1.829,0,0
193222,0,-0.24,0.00,9.634,2.179,1.901,0,0
193273,0,-0.20,1.38,9.720,2.222,1.973,0,0
193325,0,-0.24,0.00,9.649,2.107,1.901,0,0
193377,0,-0.24,0.00,9.725,2.131,1.925,0,0
193427,0,-0.24,0.00,9.740,2.164,1.935,0,0
193477,0,-0.25,-0.50,9.768,2.236,1.877,0,0
193528,0,-0.25,0.00,9.850,2.140,1.796,0,0
193580,0,-0.25,0.00,9.716,1.891,1.815,0,0
193630,0,-0.24,0.48,9.467,1.824,2.073,0,0
193679,0,-0.25,0.00,9.553,1.810,2.184,0,0
193731,0,-0.25,0.00,9.878,1.973,2.298,0,0
193782,0,-0.30,-1.86,9.663,1.700,2.126,0,0
193834,0,-0.30,0.00,9.644,1.580,2.140,0,0
193885,0,-0.31,-0.48,9.697,1.705,2.251,0,0
193937,0,-0.31,0.00,9.673,1.709,2.346,0,0
193986,0,-0.30,0.00,9.644,1.743,2.452,0,0
194038,0,-0.35,-1.38,9.735,1.662,2.332,0,0
194089,0,-0.34,0.00,9.562,1.504,2.274,0,0
194141,0,-0.32,0.52,9.629,1.446,2.308,0,0
194192,0,-0.34,0.00,9.802,1.465,2.409,0,0
194243,0,-0.34,0.00,9.730,1.499,2.476,0,0
194341,0,-0.35,0.00,9.725,1.374,2.351,0,0
194390,0,-0.34,0.00,9.644,1.245,2.327,0,0
194441,0,-0.32,0.56,9.663,1.379,2.370,0,0
194491,0,-0.32,0.00,9.744,1.365,2.337,0,0
194541,0,-0.32,0.00,9.720,1.355,2.337,0,0
194593,0,-0.31,0.48,9.701,1.197,2.318,0,0
194644,0,-0.31,0.00,9.730,1.307,2.385,0,0
194695,0,-0.32,-0.48,9.668,1.250,2.385,0,0
194746,0,-0.32,0.00,9.778,1.350,2.346,0,0
194798,0,-0.34,-0.52,9.754,1.360,2.337,0,0
194850,0,-0.34,0.00,9.706,1.360,2.332,0,0
194901,0,-0.34,0.00,9.749,1.360,2.294,0,0
194953,0,-0.34,0.00,9.668,1.168,2.231,0,0
195004,0,-0.34,0.00,9.711,1.369,2.342,0,0
195056,0,-0.34,0.00,9.811,1.547,2.452,0,0
195108,0,-0.34,0.00,9.720,1.283,2.385,0,0
195159,0,-0.35,0.00,9.639,1.001,2.260,0,0
195211,0,-0.35,0.00,9.682,1.149,2.318,0,0
195262,0,-0.37,0.00,9.768,1.556,2.456,0,0
195314,0,-0.38,-0.52,9.797,1.475,2.265,0,0
195365,0,-0.43,0.00,9.749,1.317,2.107,0,0
195416,0,-0.44,0.00,9.773,1.580,2.222,0,0
195466,0,-0.44,0.00,9.787,1.446,2.255,0,0
195517,0,-0.43,0.00,9.606,1.221,2.303,0,0
195569,0,-0.42,0.48,9.711,1.221,2.404,0,0
195619,0,-0.42,0.00,9.735,1.312,2.327,0,0
195671,0,-0.43,-0.52,9.706,1.288,2.327,0,0
195722,0,-0.42,0.00,9.740,1.269,2.279,0,0
195774,0,-0.38,0.00,9.773,1.293,2.279,0,0
195825,0,-0.42,0.00,9.716,1.326,2.337,0,0
195877,0,-0.43,-0.48,9.706,1.326,2.298,0,0
195929,0,-0.42,0.48,9.720,1.393,2.274,0,0
195980,0,-0.42,0.00,9.778,1.403,2.236,0,0
196032,0,-0.43,0.00,9.792,1.207,2.140,0,0
196083,0,-0.43,0.00,9.749,1.350,2.308,0,0
196135,0,-0.46,-0.56,9.730,1.489,2.437,0,0
196186,0,-0.46,0.00,9.649,1.336,2.342,0,0
196238,0,-0.44,0.56,9.658,1.140,2.274,0,0
196290,0,-0.46,-0.56,9.644,1.216,2.365,0,0
196340,0,-0.46,0.00,9.673,1.590,2.322,0,0
196394,0,-0.42,0.48,9.859,1.599,2.107,0,0
196444,0,-0.42,0.00,9.912,1.365,2.112,0,0
196495,0,-0.42,0.00,9.658,1.346,2.356,0,0
196545,0,-0.41,0.56,9.606,1.336,2.485,0,0
196596,0,-0.41,0.00,9.606,1.537,2.423,0,0
196647,0,-0.41,0.00,9.677,1.537,2.064,0,0
196698,0,-0.42,0.00,9.692,1.417,1.757,0,0
196750,0,-0.43,-0.48,9.476,1.561,1.705,0,0
196802,0,-0.43,0.00,9.500,1.824,1.772,0,0
196853,0,-0.43,0.00,9.864,1.944,1.949,0,0
196905,0,-0.42,0.48,9.864,2.174,2.059,0,0
196956,0,-0.42,0.00,9.730,2.069,1.844,0,0
197008,0,-0.42,0.00,9.759,2.049,1.781,0,0
197060,0,-0.41,0.52,9.802,2.212,2.265,0,0
197111,0,-0.41,0.00,9.634,2.375,2.442,0,0
197163,0,-0.39,0.00,9.596,2.236,2.188,0,0
197214,0,-0.39,0.00,9.586,2.322,1.877,0,0
197266,0,-0.38,0.52,9.644,2.313,1.719,0,0
197317,0,-0.38,0.00,9.649,2.294,1.676,0,0
197368,0,-0.38,0.00,9.639,2.265,1.815,0,0
197418,0,-0.38,0.00,9.620,2.279,2.011,0,0
197469,0,-0.39,-0.56,9.615,2.337,2.078,0,0
197519,0,-0.39,0.00,9.596,2.428,2.006,0,0
197568,0,-0.39,0.00,9.610,2.461,1.824,0,0
197620,0,-0.41,0.00,9.653,2.452,1.733,0,0
197672,0,-0.40,0.34,9.610,2.399,1.762,0,0
197723,0,-0.41,0.00,9.596,2.337,1.968,0,0
197775,0,-0.45,-1.01,9.558,2.365,2.097,0,0
197826,0,-0.45,0.00,9.548,2.318,2.016,0,0
197878,0,-0.44,-0.52,9.610,2.365,1.949,0,0
197930,0,-0.44,0.00,9.596,2.370,1.848,0,0
197981,0,-0.46,0.00,9.610,2.385,1.877,0,0
198033,0,-0.43,0.86,9.591,2.380,1.954,0,0
198084,0,-0.45,0.00,9.591,2.342,1.973,0,0
198136,0,-0.47,0.82,9.582,2.284,1.973,0,0
198188,0,-0.48,-0.52,9.601,2.327,1.973,0,0
198238,0,-0.49,-0.48,9.620,2.385,1.949,0,0
198289,0,-0.49,0.00,9.653,2.418,1.973,0,0
198341,0,-0.47,-0.56,9.625,2.452,1.954,0,0
198391,0,-0.47,0.00,9.620,2.274,1.863,0,0
198445,0,-0.49,-0.20,9.601,2.274,1.935,0,0
198496,0,-0.50,0.00,9.591,2.241,2.021,0,0
198546,0,-0.53,-0.52,9.591,2.385,2.002,0,0
198597,0,-0.49,1.23,9.668,2.346,1.882,0,0
198648,0,-0.49,0.00,9.644,2.198,1.887,0,0
198699,0,-0.48,0.48,9.596,2.265,2.006,0,0
198751,0,-0.51,0.00,9.634,2.169,2.002,0,0
198803,0,-0.48,1.23,9.634,2.207,2.006,0,0
198854,0,-0.51,0.00,9.582,2.150,1.954,0,0
198906,0,-0.50,0.52,9.644,2.207,1.935,0,0
198957,0,-0.50,0.00,9.658,2.145,1.944,0,0
199009,0,-0.49,0.00,9.625,2.231,1.987,0,0
199061,0,-0.49,0.00,9.644,2.155,1.992,0,0
199112,0,-0.49,0.00,9.596,2.184,1.968,0,0
199164,0,-0.51,-0.52,9.629,2.160,2.030,0,0
199215,0,-0.53,0.00,9.639,2.126,2.040,0,0
199267,0,-0.58,-1.34,9.610,2.169,1.987,0,0
199318,0,-0.58,0.00,9.673,2.222,1.968,0,0
199369,0,-0.56,0.52,9.601,2.126,1.920,0,0
199419,0,-0.56,0.00,9.615,2.140,1.987,0,0
199470,0,-0.54,-0.54,9.687,2.227,1.987,0,0
199520,0,-0.56,-0.56,9.653,2.207,1.997,0,0
199573,0,-0.57,0.00,9.620,2.184,1.954,0,0
199624,0,-0.57,0.00,9.634,2.150,1.954,0,0
199675,0,-0.56,0.48,9.668,2.174,2.021,0,0
199727,0,-0.56,0.00,9.634,2.207,2.025,0,0
199779,0,-0.56,0.00,9.634,2.179,1.978,0,0
199830,0,-0.56,0.00,9.639,2.150,1.954,0,0
199882,0,-0.56,0.00,9.634,2.169,2.035,0,0
199933,0,-0.56,0.00,9.615,2.188,2.083,0,0
199985,0,-0.56,0.00,9.644,2.217,1.920,0,0
200036,0,-0.56,0.00,9.663,2.126,1.887,0,0
200088,0,-0.56,0.00,9.620,2.102,2.025,0,0
200140,0,-0.56,0.00,9.615,2.126,2.078,0,0
200191,0,-0.56,0.00,9.653,2.088,1.968,0,0
200243,0,-0.56,0.00,9.653,2.160,2.016,0,0
200294,0,-0.56,0.00,9.615,2.059,1.944,0,0
200345,0,-0.54,0.52,9.697,2.294,2.107,0,0
200395,0,-0.54,0.00,9.682,2.184,1.958,0,0
200445,0,-0.54,0.00,9.553,2.083,1.925,0,0
200501,0,-0.56,-0.19,9.625,2.174,1.796,0,0
200551,0,-0.52,0.00,9.658,2.212,1.408,0,0
200602,0,-0.52,0.00,9.615,2.433,1.867,0,0
200653,0,-0.53,-0.48,9.663,2.480,1.824,0,0
200704,0,-0.53,0.00,9.596,2.265,1.638,0,0
200756,0,-0.53,0.00,9.682,2.346,1.743,0,0
200808,0,-0.53,0.00,9.663,2.270,1.834,0,0
200859,0,-0.55,0.00,9.562,2.260,1.772,0,0
200911,0,-0.56,-1.82,9.658,2.222,1.657,0,0
200962,0,-0.53,0.00,9.692,2.332,1.547,0,0
201014,0,-0.53,0.00,9.725,2.270,1.532,0,0
201066,0,-0.53,0.00,9.677,2.274,1.590,0,0
201117,0,-0.54,0.00,9.663,2.274,1.676,0,0
201169,0,-0.54,0.00,9.653,2.260,1.686,0,0
201220,0,-0.54,0.00,9.668,2.337,1.638,0,0
201272,0,-0.53,0.52,9.720,2.284,1.657,0,0
201323,0,-0.51,0.48,9.658,2.251,1.671,0,0
201374,0,-0.51,0.00,9.601,2.270,1.695,0,0
201424,0,-0.51,0.00,9.687,2.389,1.719,0,0
201475,0,-0.51,-0.56,9.687,2.217,1.595,0,0
201525,0,-0.51,0.00,9.639,2.241,1.614,0,0
201578,0,-0.51,0.00,9.687,2.303,1.709,0,0
201629,0,-0.51,0.00,9.653,2.260,1.714,0,0
201680,0,-0.51,0.00,9.649,2.298,1.729,0,0
201732,0,-0.51,0.00,9.653,2.284,1.638,0,0
201783,0,-0.54,-0.52,9.692,2.327,1.662,0,0
201835,0,-0.55,0.00,9.649,2.270,1.638,0,0
201887,0,-0.53,0.86,9.663,2.265,1.695,0,0
201938,0,-0.53,0.00,9.634,2.203,1.724,0,0
201990,0,-0.56,0.00,9.668,2.265,1.700,0,0
202041,0,-0.61,-0.52,9.687,2.327,1.681,0,0
202093,0,-0.57,0.00,9.658,2.279,1.623,0,0
202145,0,-0.62,-1.86,9.663,2.217,1.657,0,0
202196,0,-0.60,0.82,9.697,2.203,1.719,0,0
202248,0,-0.60,0.00,9.634,2.255,1.772,0,0
202299,0,-0.61,-0.48,9.644,2.241,1.705,0,0
202350,0,-0.61,0.00,9.706,2.356,1.638,0,0
202400,0,-0.61,0.00,9.677,2.337,1.623,0,0
202450,0,-0.61,0.00,9.639,2.284,1.618,0,0
202501,0,-0.61,0.00,9.649,2.298,1.681,0,0
202557,0,-0.65,-0.46,9.653,2.270,1.724,0,0
202608,0,-0.64,0.52,9.677,2.284,1.748,0,0
202659,0,-0.59,1.82,9.663,2.279,1.719,0,0
202710,0,-0.59,0.00,9.697,2.346,1.738,0,0
202762,0,-0.59,0.00,9.634,2.322,1.700,0,0
202814,0,-0.62,-1.34,9.663,2.260,1.657,0,0
202865,0,-0.57,0.52,9.677,2.274,1.686,0,0
202917,0,-0.56,0.48,9.639,2.342,1.743,0,0
202968,0,-0.56,0.00,9.677,2.370,1.686,0,0
203020,0,-0.53,0.52,9.677,2.298,1.628,0,0
203072,0,-0.52,0.48,9.653,2.270,1.724,0,0
203123,0,-0.50,0.00,9.663,2.289,1.748,0,0
203175,0,-0.50,0.00,9.625,2.289,1.700,0,0
203226,0,-0.50,0.00,9.663,2.308,1.623,0,0
203278,0,-0.50,0.00,9.711,2.361,1.642,0,0
203329,0,-0.50,0.00,9.668,2.270,1.700,0,0
203382,0,-0.50,0.56,9.677,2.207,1.844,0,0
203432,0,-0.52,-0.56,9.639,2.375,1.743,0,0
203482,0,-0.54,0.00,9.629,2.265,1.676,0,0
203533,0,-0.50,1.09,9.639,2.351,1.566,0,0
203584,0,-0.49,0.48,9.697,2.251,1.604,0,0
203635,0,-0.46,1.04,9.615,2.112,1.738,0,0
203686,0,-0.46,0.00,9.625,2.088,1.925,0,0
203738,0,-0.44,0.00,9.644,2.337,1.915,0,0
203790,0,-0.43,0.52,9.668,2.409,1.642,0,0
203841,0,-0.43,0.00,9.697,2.361,1.484,0,0
203893,0,-0.43,0.00,9.711,2.193,1.528,0,0
203944,0,-0.43,0.00,9.649,2.179,1.834,0,0
203996,0,-0.47,0.00,9.582,2.160,1.968,0,0
204047,0,-0.45,0.52,9.606,2.241,1.796,0,0
204099,0,-0.45,0.00,9.720,2.308,1.580,0,0
204151,0,-0.44,0.00,9.730,2.289,1.604,0,0
204202,0,-0.44,0.00,9.610,2.241,1.638,0,0
204254,0,-0.43,0.00,9.692,2.385,1.781,0,0
204333,0,-0.46,-0.61,9.596,2.150,1.748,0,0
204386,0,-0.46,0.00,9.653,2.212,1.719,0,0
204436,0,-0.45,0.00,9.720,2.337,1.738,0,0
204486,0,-0.45,0.00,9.649,2.318,1.724,0,0
204537,0,-0.45,0.00,9.687,2.322,1.671,0,0
204589,0,-0.45,0.00,9.701,2.303,1.657,0,0
204640,0,-0.45,0.00,9.668,2.246,1.695,0,0
204692,0,-0.45,0.00,9.625,2.136,1.733,0,0
204742,0,-0.45,0.00,9.673,2.284,1.863,0,0
204794,0,-0.46,0.00,9.625,2.198,1.709,0,0
204845,0,-0.45,0.00,9.692,2.198,1.671,0,0
204897,0,-0.43,0.52,9.673,2.236,1.738,0,0
204948,0,-0.42,0.00,9.658,2.227,1.776,0,0
205000,0,-0.44,-0.82,9.687,2.289,1.705,0,0
205052,0,-0.44,0.00,9.720,2.188,1.657,0,0
205103,0,-0.44,-1.30,9.591,2.155,1.690,0,0
205155,0,-0.44,0.00,9.644,2.212,1.824,0,0
205206,0,-0.42,0.00,9.725,2.265,1.729,0,0
205258,0,-0.45,-1.38,9.682,2.284,1.623,0,0
205310,0,-0.44,0.00,9.687,2.198,1.618,0,0
205361,0,-0.43,0.52,9.673,2.207,1.762,0,0
205411,0,-0.43,0.00,9.663,2.179,1.834,0,0
205462,0,-0.40,1.05,9.596,2.255,1.762,0,0
205512,0,-0.39,0.54,9.725,2.298,1.666,0,0
205564,0,-0.36,0.00,9.768,2.437,1.590,0,0
205616,0,-0.32,1.09,9.639,2.174,1.719,0,0
205668,0,-0.32,0.00,9.548,2.160,1.915,0,0
205718,0,-0.32,0.00,9.629,2.212,1.834,0,0
205769,0,-0.30,0.00,9.711,2.116,1.657,0,0
205821,0,-0.28,0.48,9.749,2.049,1.604,0,0
205873,0,-0.28,0.00,9.673,2.241,1.729,0,0
205924,0,-0.26,0.00,9.673,2.399,1.800,0,0
205976,0,-0.23,0.52,9.615,2.169,1.690,0,0
206027,0,-0.22,0.00,9.673,2.078,1.633,0,0
206079,0,-0.19,0.56,9.740,2.160,1.705,0,0
206131,0,-0.19,0.00,9.658,2.169,1.805,0,0
206182,0,-0.18,0.00,9.649,2.102,1.848,0,0
206234,0,-0.19,-0.48,9.711,2.284,1.800,0,0
206285,0,-0.19,0.00,9.687,2.241,1.599,0,0
206337,0,-0.19,-0.48,9.682,2.150,1.585,0,0
206390,0,-0.19,0.00,9.668,2.203,1.772,0,0
206441,0,-0.19,0.00,9.639,2.174,1.839,0,0
206491,0,-0.19,0.00,9.663,2.150,1.762,0,0
206541,0,-0.19,0.00,9.668,2.131,1.666,0,0
206592,0,-0.18,0.48,9.692,2.246,1.662,0,0
206643,0,-0.14,0.00,9.701,2.260,1.657,0,0
206695,0,-0.17,0.00,9.673,2.241,1.681,0,0
206747,0,-0.17,0.00,9.668,2.217,1.709,0,0
206798,0,-0.17,0.48,9.663,2.212,1.767,0,0
206850,0,-0.18,-0.48,9.629,2.140,1.762,0,0
206901,0,-0.17,0.00,9.658,2.236,1.686,0,0
206953,0,-0.17,0.00,9.697,2.308,1.657,0,0
207005,0,-0.18,0.00,9.706,2.255,1.628,0,0
207056,0,-0.21,-0.60,9.649,2.174,1.700,0,0
207108,0,-0.21,0.00,9.673,2.265,1.820,0,0
207159,0,-0.22,0.00,9.653,2.207,1.757,0,0
207211,0,-0.23,-0.56,9.615,2.155,1.638,0,0
207263,0,-0.23,0.00,9.692,2.236,1.628,0,0
207313,0,-0.23,0.00,9.720,2.279,1.686,0,0
207364,0,-0.23,0.00,9.644,2.188,1.733,0,0
207415,0,-0.25,-0.52,9.692,2.231,1.724,0,0
207465,0,-0.25,0.00,9.682,2.212,1.705,0,0
207516,0,-0.26,0.00,9.658,2.203,1.686,0,0
207565,0,-0.30,-2.01,9.697,2.270,1.671,0,0
207617,0,-0.26,1.34,9.725,2.236,1.686,0,0
207668,0,-0.31,-0.52,9.629,2.193,1.700,0,0
207720,0,-0.31,0.00,9.682,2.255,1.767,0,0
207771,0,-0.31,0.00,9.697,2.145,1.652,0,0
207823,0,-0.31,0.00,9.716,2.184,1.714,0,0
207875,0,-0.30,0.00,9.682,2.231,1.757,0,0
207926,0,-0.28,0.00,9.673,2.260,1.695,0,0
207978,0,-0.27,0.48,9.697,2.093,1.671,0,0
208029,0,-0.26,0.52,9.658,2.121,1.695,0,0
208081,0,-0.24,0.48,9.730,2.207,1.767,0,0
208133,0,-0.24,0.00,9.649,2.107,1.705,0,0
208183,0,-0.23,0.52,9.687,2.169,1.695,0,0
208235,0,-0.24,0.00,9.725,2.174,1.695,0,0
208286,0,-0.21,0.00,9.697,2.145,1.700,0,0
208338,0,-0.22,0.00,9.644,2.136,1.705,0,0
208387,0,-0.23,0.00,9.668,2.107,1.748,0,0
208443,0,-0.23,0.00,9.668,2.251,1.748,0,0
208493,0,-0.20,0.00,9.716,2.222,1.647,0,0
208544,0,-0.20,0.00,9.687,2.121,1.671,0,0
208594,0,-0.20,0.00,9.663,2.131,1.767,0,0
208645,0,-0.18,0.00,9.653,2.231,1.776,0,0
208697,0,-0.20,-0.52,9.706,2.207,1.638,0,0
208749,0,-0.21,-0.48,9.701,2.112,1.614,0,0
208800,0,-0.20,0.00,9.653,2.198,1.714,0,0
208852,0,-0.21,-0.52,9.706,2.236,1.748,0,0
208903,0,-0.21,0.00,9.673,2.188,1.762,0,0
208955,0,-0.21,-0.48,9.663,2.169,1.700,0,0
209007,0,-0.21,0.00,9.754,2.231,1.705,0,0
209058,0,-0.22,0.00,9.653,2.140,1.709,0,0
209110,0,-0.24,-0.56,9.658,2.169,1.748,0,0
209161,0,-0.24,0.00,9.697,2.212,1.748,0,0
209213,0,-0.24,0.00,9.677,2.188,1.628,0,0
209265,0,-0.25,0.00,9.677,2.131,1.714,0,0
209315,0,-0.25,0.00,9.668,2.184,1.781,0,0
209367,0,-0.25,0.00,9.677,2.150,1.791,0,0
209417,0,-0.27,-0.56,9.653,2.131,1.671,0,0
209468,0,-0.27,0.00,9.744,2.116,1.647,0,0
209518,0,-0.27,0.00,9.658,2.150,1.719,0,0
209567,0,-0.29,0.56,9.682,2.198,1.748,0,0
209619,0,-0.29,0.00,9.692,2.203,1.724,0,0
209671,0,-0.25,0.00,9.668,2.164,1.681,0,0
209722,0,-0.27,-0.52,9.706,2.188,1.690,0,0
209774,0,-0.27,0.00,9.706,2.164,1.671,0,0
209825,0,-0.28,0.00,9.663,2.155,1.700,0,0
209877,0,-0.27,0.48,9.677,2.207,1.719,0,0
209929,0,-0.28,0.00,9.701,2.203,1.686,0,0
209980,0,-0.32,-1.38,9.701,2.169,1.666,0,0
210032,0,-0.32,0.00,9.697,2.274,1.690,0,0
210083,0,-0.33,-1.86,9.716,2.150,1.676,0,0
210135,0,-0.33,0.00,9.620,2.121,1.709,0,0
210187,0,-0.33,0.00,9.692,2.116,1.709,0,0
210237,0,-0.33,0.00,9.677,2.217,1.781,0,0
210288,0,-0.33,0.00,9.687,2.212,1.686,0,0
210340,0,-0.33,0.00,9.735,2.236,1.623,0,0
210390,0,-0.32,0.00,9.687,2.160,1.671,0,0
210440,0,-0.35,-1.45,9.701,2.179,1.757,0,0
210495,0,-0.34,0.20,9.677,2.164,1.748,0,0
210545,0,-0.34,0.00,9.673,2.126,1.743,0,0
210596,0,-0.34,0.00,9.644,2.164,1.748,0,0
210647,0,-0.34,0.00,9.711,2.169,1.681,0,0
210699,0,-0.34,0.00,9.720,2.212,1.638,0,0
210750,0,-0.34,0.00,9.677,2.164,1.748,0,0
210802,0,-0.34,0.00,9.634,2.145,1.781,0,0
210854,0,-0.34,0.00,9.682,2.207,1.709,0,0
210905,0,-0.38,0.00,9.701,2.088,1.719,0,0
210957,0,-0.38,0.00,9.625,2.169,1.719,0,0
211008,0,-0.38,0.00,9.730,2.289,1.676,0,0
211060,0,-0.38,0.00,9.740,2.236,1.705,0,0
211109,0,-0.35,1.04,9.644,2.097,1.719,0,0
211161,0,-0.33,0.00,9.668,2.217,1.762,0,0
211211,0,-0.33,0.00,9.706,2.279,1.791,0,0
211263,0,-0.32,0.00,9.668,2.160,1.666,0,0
211314,0,-0.32,0.00,9.687,2.136,1.676,0,0
211366,0,-0.31,0.00,9.682,2.217,1.733,0,0
211416,0,-0.33,-0.93,9.673,2.222,1.748,0,0
211467,0,-0.33,0.00,9.716,2.203,1.719,0,0
211517,0,-0.34,0.00,9.673,2.054,1.676,0,0
211567,0,-0.36,-0.52,9.687,2.140,1.748,0,0
211618,0,-0.34,0.48,9.759,2.193,1.676,0,0
211670,0,-0.36,-0.48,9.653,2.078,1.609,0,0
211721,0,-0.36,0.00,9.701,2.073,1.609,0,0
211773,0,-0.37,0.00,9.764,2.112,1.628,0,0
211824,0,-0.38,-0.52,9.787,2.088,1.738,0,0
211876,0,-0.38,0.00,9.821,2.140,1.834,0,0
211928,0,-0.40,0.00,9.524,2.193,1.695,0,0
211979,0,-0.41,-0.52,9.778,1.987,1.681,0,0
212031,0,-0.41,0.00,9.716,2.021,1.757,0,0
212082,0,-0.43,0.00,9.629,2.227,1.776,0,0
212133,0,-0.44,-0.48,9.912,1.930,1.762,0,0
212184,0,-0.44,0.00,9.692,1.834,1.867,0,0
212236,0,-0.44,0.00,9.634,1.724,2.035,0,0
212288,0,-0.44,0.00,9.740,1.930,2.006,0,0
212339,0,-0.44,0.00,9.716,1.891,1.978,0,0
212391,0,-0.44,0.00,9.821,1.695,1.939,0,0
212442,0,-0.44,0.00,9.692,1.585,1.796,0,0
212492,0,-0.48,0.00,9.706,1.427,1.820,0,0
212556,0,-0.46,0.19,9.749,1.508,1.891,0,0
212607,0,-0.45,0.52,9.831,1.585,1.853,0,0
212659,0,-0.45,0.00,9.764,1.456,1.791,0,0
212709,0,-0.45,0.00,9.754,1.566,1.848,0,0
212761,0,-0.45,0.00,9.773,1.805,1.863,0,0
212812,0,-0.43,0.52,9.783,1.561,1.700,0,0
212864,0,-0.42,0.48,9.725,1.360,1.748,0,0
212915,0,-0.42,0.00,9.720,1.456,2.040,0,0
212967,0,-0.43,-0.82,9.673,1.369,2.093,0,0
213019,0,-0.43,0.00,9.749,1.326,1.906,0,0
213070,0,-0.43,0.00,9.783,1.676,1.815,0,0
213122,0,-0.43,0.00,9.888,1.724,1.686,0,0
213173,0,-0.43,0.00,9.749,1.824,1.647,0,0
213225,0,-0.42,0.48,9.831,1.834,1.638,0,0
213277,0,-0.40,0.00,9.807,1.638,1.748,0,0
213328,0,-0.37,0.00,9.677,1.456,1.877,0,0
213380,0,-0.37,0.00,9.663,1.518,1.891,0,0
213431,0,-0.36,0.00,9.835,1.815,1.748,0,0
213481,0,-0.36,0.00,9.946,2.112,1.695,0,0
213531,0,-0.33,1.09,9.797,1.920,1.772,0,0
213583,0,-0.33,0.00,9.668,1.599,2.045,0,0
213635,0,-0.31,0.56,9.591,1.504,2.016,0,0
213687,0,-0.32,0.00,9.562,1.623,1.772,0,0
213737,0,-0.32,0.00,9.902,1.666,1.508,0,0
213788,0,-0.32,0.00,9.778,1.858,1.369,0,0
213840,0,-0.32,0.00,9.515,1.791,1.231,0,0
213892,0,-0.32,0.00,9.898,2.126,1.389,0,0
213943,0,-0.33,-0.48,10.108,2.265,1.690,0,0
213995,0,-0.32,0.48,9.625,1.867,1.480,0,0
214046,0,-0.32,0.00,9.735,1.729,1.585,0,0
214098,0,-0.32,0.00,9.888,1.930,2.045,0,0
214150,0,-0.31,0.00,9.625,1.997,2.131,0,0
214201,0,-0.33,-0.82,9.543,1.958,1.772,0,0
214253,0,-0.34,-0.52,9.797,2.203,1.456,0,0
214342,0,-0.34,0.00,9.749,2.126,1.374,0,0
214391,0,-0.35,-0.52,9.725,1.997,1.628,0,0
214442,0,-0.32,0.00,9.725,2.021,1.796,0,0
214492,0,-0.35,-1.09,9.701,1.982,1.805,0,0
214542,0,-0.35,0.00,9.673,2.016,1.724,0,0
214594,0,-0.36,0.00,9.716,2.207,1.686,0,0
214645,0,-0.34,0.82,9.740,2.193,1.532,0,0
214696,0,-0.34,0.00,9.716,2.193,1.494,0,0
214747,0,-0.35,0.00,9.730,2.131,1.599,0,0
214799,0,-0.37,0.00,9.687,2.164,1.724,0,0
214851,0,-0.34,-0.48,9.701,2.131,1.724,0,0
214902,0,-0.34,0.00,9.697,2.150,1.676,0,0
214954,0,-0.36,0.00,9.716,2.155,1.652,0,0
215005,0,-0.33,-0.52,9.673,2.150,1.690,0,0
215057,0,-0.36,0.00,9.668,2.184,1.628,0,0
215109,0,-0.35,0.82,9.720,2.160,1.623,0,0
215160,0,-0.38,-1.05,9.682,2.078,1.647,0,0
215212,0,-0.41,-0.52,9.658,2.131,1.700,0,0
215263,0,-0.39,-0.52,9.749,2.184,1.733,0,0
215315,0,-0.39,0.00,9.711,2.203,1.642,0,0
215366,0,-0.39,-0.52,9.706,2.169,1.595,0,0
215417,0,-0.39,0.00,9.687,2.116,1.628,0,0
215467,0,-0.37,0.00,9.692,2.203,1.657,0,0
215518,0,-0.36,0.88,9.711,2.126,1.647,0,0
215570,0,-0.38,-0.48,9.706,2.131,1.633,0,0
215621,0,-0.35,0.00,9.735,2.116,1.695,0,0
215672,0,-0.37,-0.48,9.677,2.102,1.695,0,0
215723,0,-0.39,-1.04,9.706,2.140,1.681,0,0
215775,0,-0.38,0.34,9.720,2.102,1.657,0,0
215826,0,-0.40,0.00,9.663,2.040,1.666,0,0
215878,0,-0.44,0.34,9.701,2.049,1.671,0,0
215930,0,-0.48,0.00,9.744,2.093,1.686,0,0
215981,0,-0.50,-1.01,9.687,2.112,1.618,0,0
216033,0,-0.46,1.34,9.720,2.083,1.642,0,0
216084,0,-0.45,0.86,9.720,2.073,1.652,0,0
216136,0,-0.48,-1.04,9.701,2.035,1.709,0,0
216188,0,-0.45,0.00,9.687,2.040,1.733,0,0
216239,0,-0.44,0.86,9.706,2.145,1.647,0,0
216291,0,-0.45,-0.48,9.768,2.126,1.561,0,0
216342,0,-0.44,-0.56,9.716,2.155,1.666,0,0
216397,0,-0.42,0.43,9.668,2.049,1.700,0,0
216448,0,-0.43,0.00,9.668,1.906,1.695,0,0
216498,0,-0.44,-0.56,9.677,2.002,1.729,0,0
216548,0,-0.42,0.88,9.720,2.150,1.681,0,0
216600,0,-0.43,0.00,9.720,2.236,1.561,0,0
216651,0,-0.41,0.32,9.749,2.140,1.556,0,0
216702,0,-0.41,0.00,9.692,2.030,1.609,0,0
216753,0,-0.41,0.71,9.720,2.006,1.709,0,0
216805,0,-0.42,0.00,9.701,2.011,1.757,0,0
216856,0,-0.44,-1.09,9.677,2.064,1.666,0,0
216908,0,-0.45,-0.48,9.754,2.107,1.647,0,0
216957,0,-0.46,-1.01,9.706,2.073,1.547,0,0
217009,0,-0.46,0.00,9.740,2.054,1.686,0,0
217060,0,-0.45,0.00,9.697,2.064,1.724,0,0
217112,0,-0.48,-0.56,9.697,2.021,1.657,0,0
217163,0,-0.49,0.00,9.744,2.011,1.623,0,0
217215,0,-0.45,0.00,9.716,1.987,1.666,0,0
217267,0,-0.45,0.00,9.692,2.083,1.705,0,0
217317,0,-0.45,0.00,9.711,2.045,1.671,0,0
217369,0,-0.43,0.82,9.701,2.069,1.657,0,0
217419,0,-0.46,-0.56,9.764,2.093,1.676,0,0
217469,0,-0.46,0.00,9.711,2.006,1.671,0,0
217520,0,-0.47,0.00,9.687,2.002,1.733,0,0
217569,0,-0.48,0.00,9.730,2.140,1.709,0,0
217621,0,-0.46,0.78,9.744,2.112,1.618,0,0
217672,0,-0.45,0.00,9.701,2.030,1.523,0,0
217724,0,-0.46,0.00,9.759,2.112,1.719,0,0
217776,0,-0.46,0.00,9.706,2.045,1.743,0,0
217827,0,-0.46,0.00,9.677,2.064,1.609,0,0
217879,0,-0.48,-0.52,9.764,2.069,1.571,0,0
217930,0,-0.45,0.00,9.692,2.040,1.642,0,0
217982,0,-0.47,0.82,9.682,2.083,1.676,0,0
218034,0,-0.47,0.00,9.754,2.121,1.671,0,0
218085,0,-0.48,0.00,9.706,2.155,1.642,0,0
218137,0,-0.48,0.00,9.725,2.069,1.590,0,0
218188,0,-0.49,0.00,9.711,2.049,1.642,0,0
218239,0,-0.44,1.86,9.677,2.030,1.671,0,0
218290,0,-0.47,-0.48,9.716,2.097,1.647,0,0
218342,0,-0.47,0.00,9.730,2.126,1.590,0,0
218392,0,-0.45,0.00,9.692,2.006,1.590,0,0
218446,0,-0.48,-0.42,9.744,2.140,1.729,0,0
218497,0,-0.46,1.41,9.692,2.073,1.733,0,0
218547,0,-0.44,0.56,9.677,2.011,1.628,0,0
218598,0,-0.44,0.00,9.754,2.069,1.638,0,0
218649,0,-0.41,1.34,9.677,2.054,1.700,0,0
218700,0,-0.42,0.00,9.687,2.040,1.700,0,0
218752,0,-0.43,-0.52,9.716,2.073,1.733,0,0
218804,0,-0.45,0.00,9.692,2.121,1.681,0,0
218855,0,-0.43,1.38,9.754,2.102,1.657,0,0
218907,0,-0.44,-0.52,9.697,2.083,1.623,0,0
218958,0,-0.45,0.00,9.697,2.078,1.690,0,0
219010,0,-0.47,0.00,9.706,2.083,1.709,0,0
219062,0,-0.48,0.00,9.706,2.093,1.662,0,0
219113,0,-0.43,1.97,9.730,2.102,1.638,0,0
219165,0,-0.43,0.00,9.706,2.184,1.638,0,0
219216,0,-0.43,0.00,9.697,2.160,1.618,0,0
219268,0,-0.45,-0.56,9.697,2.112,1.595,0,0
219320,0,-0.45,0.00,9.716,2.078,1.666,0,0
219370,0,-0.46,-0.48,9.697,2.011,1.772,0,0
219420,0,-0.46,0.00,9.697,2.097,1.796,0,0
219471,0,-0.44,0.00,9.697,2.203,1.762,0,0
219521,0,-0.45,-0.48,9.687,2.198,1.604,0,0
219574,0,-0.46,0.00,9.720,2.145,1.561,0,0
219625,0,-0.48,-0.48,9.735,2.078,1.666,0,0
219676,0,-0.45,0.00,9.706,2.016,1.800,0,0
219728,0,-0.50,-1.01,9.644,1.987,1.757,0,0
219779,0,-0.52,-1.09,9.706,2.093,1.657,0,0
219831,0,-0.50,0.00,9.725,2.212,1.580,0,0
219880,0,-0.54,-0.52,9.778,2.236,1.590,0,0
219932,0,-0.53,0.00,9.740,2.222,1.609,0,0
219983,0,-0.54,-1.04,9.653,2.126,1.657,0,0
220035,0,-0.55,-0.48,9.663,2.131,1.614,0,0
220086,0,-0.57,-1.01,9.778,2.030,1.695,0,0
220138,0,-0.55,0.82,9.759,1.791,1.652,0,0
220190,0,-0.58,0.00,9.682,2.116,1.810,0,0
220240,0,-0.58,-0.19,9.601,2.150,1.709,0,0
220292,0,-0.57,0.82,9.754,2.140,1.283,0,0
220343,0,-0.59,-0.48,9.826,2.112,1.010,0,0
220396,0,-0.59,0.00,9.826,2.097,1.259,0,0
220446,0,-0.58,-0.52,9.725,1.800,1.580,0,0
220503,0,-0.57,0.11,9.606,1.700,1.887,0,0
220556,0,-0.58,-0.48,9.711,1.887,1.973,0,0
220606,0,-0.58,0.34,9.740,2.145,1.767,0,0
220658,0,-0.59,0.00,9.754,2.241,1.384,0,0
220709,0,-0.60,-1.01,9.845,2.121,1.293,0,0
220761,0,-0.61,-0.56,9.725,1.939,1.456,0,0
220812,0,-0.61,0.00,9.692,1.863,1.652,0,0
220864,0,-0.59,-0.48,9.716,1.958,1.738,0,0
220916,0,-0.57,0.00,9.740,2.006,1.676,0,0
220967,0,-0.56,0.48,9.697,2.035,1.542,0,0
221019,0,-0.56,0.00,9.768,2.002,1.460,0,0
221070,0,-0.57,0.00,9.811,2.107,1.456,0,0
221122,0,-0.54,1.79,9.759,2.145,1.551,0,0
221174,0,-0.52,0.00,9.697,1.973,1.566,0,0
221225,0,-0.54,-0.56,9.754,2.006,1.652,0,0
221277,0,-0.54,0.00,9.720,1.987,1.671,0,0
221327,0,-0.57,-1.01,9.706,2.021,1.628,0,0
221376,0,-0.57,0.00,9.716,2.059,1.547,0,0
221427,0,-0.53,0.00,9.740,1.968,1.484,0,0
221477,0,-0.51,0.54,9.749,2.040,1.547,0,0
221528,0,-0.51,0.00,9.754,2.040,1.604,0,0
221580,0,-0.50,0.00,9.711,2.002,1.585,0,0
221631,0,-0.49,0.52,9.778,2.054,1.604,0,0
221683,0,-0.47,0.00,9.768,1.963,1.580,0,0
221734,0,-0.50,-0.86,9.754,1.973,1.585,0,0
221786,0,-0.48,0.00,9.730,2.136,1.528,0,0
221838,0,-0.46,0.00,9.649,2.121,1.393,0,0
221889,0,-0.44,0.52,9.725,2.045,1.360,0,0
221941,0,-0.43,0.00,9.749,2.150,1.657,0,0
221992,0,-0.41,0.52,9.692,2.375,1.695,0,0
222044,0,-0.41,0.00,9.864,2.198,1.360,0,0
222096,0,-0.40,0.00,9.898,2.088,1.245,0,0
222147,0,-0.41,-0.52,9.778,2.011,1.422,0,0
222199,0,-0.41,0.00,9.749,2.035,1.676,0,0
222249,0,-0.41,0.00,9.744,1.978,1.877,0,0
222301,0,-0.40,0.56,9.677,1.786,1.882,0,0
222352,0,-0.39,0.48,9.658,1.585,1.844,0,0
222402,0,-0.37,0.00,9.787,1.662,1.834,0,0
222453,0,-0.39,-0.56,9.845,1.810,1.887,0,0
222503,0,-0.40,-0.50,9.831,1.762,1.767,0,0
222558,0,-0.40,0.00,9.883,1.623,1.528,0,0
222610,0,-0.41,0.00,9.869,1.513,1.609,0,0
222662,0,-0.46,-1.86,9.744,1.322,1.810,0,0
222712,0,-0.44,0.86,9.644,1.480,1.973,0,0
222764,0,-0.44,0.00,9.759,1.403,1.891,0,0
222815,0,-0.44,0.00,9.778,1.350,1.705,0,0
222867,0,-0.44,0.00,9.764,1.360,1.523,0,0
222918,0,-0.44,0.00,9.926,1.312,1.571,0,0
222970,0,-0.44,0.00,9.826,1.403,1.791,0,0
223021,0,-0.44,0.00,9.792,1.302,1.882,0,0
223073,0,-0.46,0.00,9.787,1.326,1.839,0,0
223125,0,-0.43,0.52,9.816,1.259,1.705,0,0
223176,0,-0.43,0.00,9.835,1.288,1.566,0,0
223228,0,-0.43,-0.52,9.807,1.288,1.585,0,0
223279,0,-0.44,-0.48,9.898,1.532,1.753,0,0
223331,0,-0.44,0.00,9.831,1.441,1.753,0,0
223380,0,-0.44,0.00,9.831,1.235,1.599,0,0
223431,0,-0.44,0.00,9.864,1.288,1.647,0,0
223481,0,-0.41,0.56,9.730,1.350,1.714,0,0
223532,0,-0.43,-0.56,9.826,1.499,1.748,0,0
223582,0,-0.43,0.00,9.931,1.585,1.666,0,0
223634,0,-0.43,0.00,9.946,1.542,1.547,0,0
223685,0,-0.43,0.00,9.787,1.346,1.542,0,0
223737,0,-0.44,-0.48,9.787,1.393,1.686,0,0
223788,0,-0.43,0.00,9.783,1.389,1.743,0,0
223840,0,-0.41,1.30,9.768,1.446,1.662,0,0
223892,0,-0.41,0.00,9.926,1.499,1.475,0,0
223943,0,-0.46,0.00,9.869,1.523,1.518,0,0
223995,0,-0.47,-0.52,9.807,1.499,1.662,0,0
224046,0,-0.46,0.00,9.802,1.609,1.686,0,0
224098,0,-0.42,1.34,9.816,1.451,1.623,0,0
224150,0,-0.43,-0.56,9.807,1.532,1.551,0,0
224201,0,-0.43,0.00,9.821,1.614,1.585,0,0
224253,0,-0.45,0.00,9.912,1.599,1.537,0,0
224335,0,-0.43,0.24,9.792,1.595,1.504,0,0
224387,0,-0.43,0.00,9.888,1.733,1.494,0,0
224438,0,-0.42,0.00,9.922,1.733,1.470,0,0
224488,0,-0.42,0.00,9.859,1.484,1.748,0,0
224539,0,-0.42,0.00,9.787,0.924,1.925,0,0
224590,0,-0.42,0.00,9.582,1.130,2.045,0,0
224642,0,-0.43,0.00,9.759,1.465,1.805,0,0
224692,0,-0.45,-0.48,9.969,1.456,1.508,0,0
224744,0,-0.43,0.00,9.677,1.178,1.403,0,0
224795,0,-0.46,-1.01,9.677,1.489,1.686,0,0
224847,0,-0.47,-0.48,9.792,1.815,1.676,0,0
224898,0,-0.51,-0.52,9.902,1.872,1.374,0,0
224950,0,-0.53,-0.52,9.855,1.762,1.259,0,0
225002,0,-0.53,0.00,9.730,1.590,1.374,0,0
225053,0,-0.56,0.00,9.735,1.748,1.614,0,0
225105,0,-0.56,0.00,9.840,1.628,1.480,0,0
225156,0,-0.57,-0.52,9.826,1.906,1.499,0,0
225208,0,-0.57,0.00,9.802,1.982,1.518,0,0
225260,0,-0.57,0.00,9.787,2.150,1.518,0,0
225311,0,-0.58,0.00,9.802,2.241,1.508,0,0
225363,0,-0.60,0.00,9.816,2.322,1.331,0,0
225413,0,-0.58,0.93,9.792,2.150,1.192,0,0
225463,0,-0.59,-0.54,9.697,1.954,1.255,0,0
225514,0,-0.59,0.00,9.754,1.954,1.460,0,0
225563,0,-0.60,-0.56,9.764,1.939,1.575,0,0
225614,0,-0.60,0.00,9.720,1.949,1.623,0,0
225665,0,-0.62,-0.48,9.687,2.107,1.465,0,0
225717,0,-0.59,0.82,9.869,2.322,1.326,0,0
225768,0,-0.62,-0.56,9.845,2.284,1.269,0,0
225820,0,-0.67,-1.82,9.730,2.059,1.322,0,0
225869,0,-0.68,0.00,9.692,1.944,1.475,0,0
225921,0,-0.71,-0.48,9.639,1.987,1.532,0,0
225972,0,-0.71,0.00,9.735,2.102,1.523,0,0
226024,0,-0.73,0.00,9.807,2.260,1.417,0,0
226075,0,-0.73,0.00,9.754,2.231,1.374,0,0
226127,0,-0.73,0.00,9.754,2.131,1.365,0,0
226179,0,-0.76,-1.38,9.730,2.006,1.465,0,0
226229,0,-0.76,0.00,9.706,2.016,1.499,0,0
226281,0,-0.75,0.52,9.768,2.102,1.513,0,0
226332,0,-0.75,0.00,9.749,2.274,1.489,0,0
226386,0,-0.76,-0.19,9.673,2.375,1.336,0,0
226436,0,-0.76,0.00,9.759,2.236,1.264,0,0
226487,0,-0.78,-0.52,9.740,2.049,1.379,0,0
226537,0,-0.78,0.00,9.687,2.016,1.580,0,0
226589,0,-0.76,0.48,9.692,2.102,1.590,0,0
226640,0,-0.76,0.00,9.768,2.160,1.528,0,0
226691,0,-0.76,0.00,9.740,2.164,1.437,0,0
226742,0,-0.80,0.00,9.697,2.241,1.350,0,0
226794,0,-0.75,1.30,9.744,2.140,1.379,0,0
226845,0,-0.78,-1.41,9.706,2.164,1.437,0,0
226897,0,-0.77,0.00,9.692,2.131,1.427,0,0
226949,0,-0.76,0.56,9.735,2.131,1.499,0,0
227000,0,-0.76,0.00,9.749,2.160,1.475,0,0
227052,0,-0.73,0.52,9.706,2.116,1.437,0,0
227103,0,-0.72,0.48,9.764,2.169,1.432,0,0
227155,0,-0.73,0.52,9.759,2.179,1.413,0,0
227204,0,-0.71,0.48,9.740,2.188,1.451,0,0
227256,0,-0.70,0.00,9.701,2.116,1.494,0,0
227306,0,-0.68,0.52,9.701,2.035,1.465,0,0
227358,0,-0.66,0.52,9.687,2.035,1.523,0,0
227408,0,-0.67,-0.56,9.720,2.112,1.513,0,0
227458,0,-0.67,0.00,9.787,2.236,1.427,0,0
227508,0,-0.68,0.00,9.697,2.131,1.341,0,0
227558,0,-0.70,-0.56,9.764,2.222,1.384,0,0
227610,0,-0.68,0.00,9.811,2.126,1.437,0,0
227661,0,-0.70,-0.52,9.653,1.982,1.542,0,0
227713,0,-0.70,0.00,9.677,2.155,1.528,0,0
227765,0,-0.70,0.00,9.826,2.131,1.427,0,0
227816,0,-0.68,0.52,9.687,2.150,1.336,0,0
227868,0,-0.68,0.00,9.754,2.184,1.456,0,0
227919,0,-0.67,0.48,9.720,2.059,1.470,0,0
227971,0,-0.69,-0.82,9.730,2.059,1.542,0,0
228022,0,-0.69,0.52,9.720,2.049,1.547,0,0
228074,0,-0.68,0.52,9.682,2.059,1.499,0,0
228126,0,-0.68,0.00,9.768,2.160,1.422,0,0
228176,0,-0.67,0.48,9.740,2.116,1.369,0,0
228228,0,-0.68,0.00,9.706,2.049,1.441,0,0
228279,0,-0.64,0.48,9.701,2.164,1.489,0,0
228331,0,-0.68,0.00,9.787,2.150,1.494,0,0
228380,0,-0.65,0.52,9.720,2.021,1.427,0,0
228435,0,-0.64,0.19,9.764,2.097,1.437,0,0
228485,0,-0.65,-0.52,9.764,2.207,1.494,0,0
228536,0,-0.67,0.00,9.697,2.140,1.475,0,0
228586,0,-0.68,-0.48,9.692,2.073,1.374,0,0
228638,0,-0.68,0.00,9.797,2.093,1.499,0,0
228689,0,-0.69,-0.52,9.740,2.035,1.566,0,0
228741,0,-0.69,0.00,9.697,2.145,1.537,0,0
228792,0,-0.73,-1.23,9.720,2.198,1.427,0,0
228844,0,-0.73,0.00,9.797,2.116,1.360,0,0
228895,0,-0.73,0.00,9.720,2.040,1.374,0,0
228947,0,-0.73,0.00,9.720,2.054,1.537,0,0
228999,0,-0.73,0.00,9.716,2.140,1.556,0,0
229050,0,-0.73,0.00,9.778,2.126,1.465,0,0
229102,0,-0.71,0.52,9.778,2.083,1.398,0,0
229153,0,-0.71,0.00,9.759,2.083,1.518,0,0
229205,0,-0.70,0.52,9.663,2.030,1.508,0,0
229257,0,-0.68,0.00,9.787,2.073,1.504,0,0
229307,0,-0.67,0.52,9.730,2.016,1.460,0,0
229358,0,-0.67,0.00,9.735,2.002,1.499,0,0
229409,0,-0.67,0.00,9.749,2.006,1.566,0,0
229459,0,-0.66,0.52,9.720,1.992,1.532,0,0
229510,0,-0.66,0.00,9.744,1.939,1.489,0,0
229559,0,-0.64,0.52,9.749,1.997,1.494,0,0
229611,0,-0.62,0.00,9.759,2.107,1.494,0,0
229662,0,-0.62,0.00,9.759,2.073,1.446,0,0
229714,0,-0.60,0.86,9.754,2.069,1.427,0,0
229763,0,-0.62,0.00,9.759,2.078,1.437,0,0
229815,0,-0.62,-1.09,9.754,1.920,1.508,0,0
229866,0,-0.60,0.00,9.716,1.896,1.542,0,0
229918,0,-0.60,0.34,9.744,2.088,1.523,0,0
229969,0,-0.62,-0.48,9.802,2.107,1.432,0,0
230021,0,-0.61,0.00,9.768,1.978,1.441,0,0
230073,0,-0.59,0.82,9.768,2.064,1.575,0,0
230123,0,-0.61,-1.01,9.735,2.078,1.532,0,0
230175,0,-0.62,-0.20,9.716,2.035,1.441,0,0
230226,0,-0.64,0.00,9.787,1.939,1.432,0,0
230278,0,-0.62,0.22,9.720,1.963,1.537,0,0
230329,0,-0.64,0.00,9.716,2.040,1.551,0,0
230381,0,-0.66,-1.01,9.778,2.045,1.465,0,0
230432,0,-0.65,0.36,9.759,2.073,1.398,0,0
230490,0,-0.63,0.30,9.778,2.002,1.417,0,0
230541,0,-0.62,0.00,9.759,2.021,1.556,0,0
230592,0,-0.61,-0.52,9.706,2.016,1.566,0,0
230643,0,-0.61,0.00,9.754,2.025,1.537,0,0
230694,0,-0.60,-0.48,9.759,2.035,1.441,0,0
230746,0,-0.57,0.00,9.787,2.069,1.504,0,0
230797,0,-0.55,0.00,9.744,2.016,1.508,0,0
230849,0,-0.53,0.74,9.711,1.987,1.484,0,0
230901,0,-0.54,0.00,9.759,1.992,1.518,0,0
230952,0,-0.52,-0.56,9.725,2.011,1.480,0,0
231004,0,-0.49,0.00,9.735,1.978,1.470,0,0
231055,0,-0.47,0.82,9.759,2.002,1.480,0,0
231107,0,-0.46,0.48,9.720,2.021,1.508,0,0
231159,0,-0.45,0.82,9.759,2.025,1.571,0,0
231210,0,-0.46,-0.48,9.754,1.987,1.532,0,0
231262,0,-0.44,0.00,9.730,2.030,1.489,0,0
231313,0,-0.48,-1.01,9.764,1.982,1.547,0,0
231364,0,-0.48,0.00,9.725,2.002,1.523,0,0
231414,0,-0.47,0.00,9.797,2.040,1.547,0,0
231465,0,-0.46,0.00,9.764,2.078,1.547,0,0
231515,0,-0.44,0.93,9.720,2.025,1.508,0,0
231565,0,-0.46,-1.09,9.768,1.973,1.585,0,0
231616,0,-0.46,0.00,9.759,1.925,1.590,0,0
231668,0,-0.46,0.34,9.653,1.906,1.595,0,0
231719,0,-0.49,-1.04,9.768,2.011,1.580,0,0
231771,0,-0.49,0.00,9.778,2.126,1.480,0,0
231823,0,-0.51,-1.01,9.759,2.030,1.441,0,0
231874,0,-0.50,0.00,9.768,1.867,1.528,0,0
231926,0,-0.51,-0.60,9.716,1.906,1.662,0,0
231977,0,-0.48,0.89,9.701,1.963,1.666,0,0
232029,0,-0.51,-0.48,9.787,2.006,1.532,0,0
232081,0,-0.49,0.80,9.744,1.997,1.403,0,0
232132,0,-0.46,0.00,9.821,2.016,1.523,0,0
232184,0,-0.47,0.00,9.720,1.997,1.547,0,0
232235,0,-0.43,0.00,9.711,1.939,1.575,0,0
232286,0,-0.43,0.00,9.740,1.882,1.571,0,0
232337,0,-0.40,0.00,9.778,1.925,1.595,0,0
232390,0,-0.39,1.34,9.773,1.954,1.571,0,0
232440,0,-0.40,-0.54,9.778,1.973,1.599,0,0
232490,0,-0.42,0.00,9.749,1.968,1.604,0,0
232545,0,-0.39,0.32,9.725,1.915,1.561,0,0
232595,0,-0.41,-0.52,9.754,1.915,1.547,0,0
232647,0,-0.42,-0.48,9.764,1.958,1.547,0,0
232698,0,-0.42,0.00,9.778,1.877,1.585,0,0
232750,0,-0.42,0.00,9.749,1.863,1.575,0,0
232801,0,-0.39,0.52,9.778,1.973,1.604,0,0
232853,0,-0.38,0.56,9.730,1.915,1.523,0,0
232905,0,-0.35,0.52,9.744,1.911,1.480,0,0
232956,0,-0.34,0.52,9.787,1.877,1.480,0,0
233008,0,-0.32,0.00,9.740,1.911,1.599,0,0
233059,0,-0.31,0.00,9.744,1.839,1.609,0,0
233111,0,-0.31,0.00,9.802,1.901,1.614,0,0
233163,0,-0.32,0.52,9.764,1.925,1.580,0,0
233214,0,-0.31,0.52,9.802,1.958,1.551,0,0
233266,0,-0.31,0.00,9.749,1.796,1.542,0,0
233316,0,-0.33,-0.86,9.764,1.896,1.633,0,0
233368,0,-0.33,0.00,9.759,1.906,1.599,0,0
233418,0,-0.37,-1.45,9.783,1.877,1.551,0,0
233468,0,-0.37,0.00,9.778,1.872,1.523,0,0
233519,0,-0.35,0.56,9.749,1.920,1.599,0,0
233568,0,-0.35,0.00,9.754,1.882,1.575,0,0
233620,0,-0.37,0.00,9.773,1.839,1.499,0,0
233671,0,-0.37,0.00,9.792,1.815,1.508,0,0
233723,0,-0.37,0.00,9.773,1.882,1.614,0,0
233772,0,-0.41,0.00,9.744,1.853,1.590,0,0
233824,0,-0.40,0.52,9.768,1.848,1.595,0,0
233875,0,-0.42,0.00,9.768,1.896,1.575,0,0
233927,0,-0.40,0.00,9.787,1.844,1.513,0,0
233978,0,-0.40,0.00,9.773,1.867,1.575,0,0
234030,0,-0.39,0.52,9.768,1.891,1.595,0,0
234082,0,-0.40,-0.52,9.768,1.925,1.566,0,0
234132,0,-0.40,0.00,9.740,1.829,1.513,0,0
234184,0,-0.40,0.00,9.807,1.872,1.590,0,0
234235,0,-0.39,0.52,9.744,1.906,1.618,0,0
234335,0,-0.44,-0.55,9.792,1.853,1.537,0,0
234387,0,-0.44,0.00,9.768,1.887,1.571,0,0
234437,0,-0.42,0.00,9.759,1.901,1.585,0,0
234488,0,-0.41,0.00,9.792,1.906,1.571,0,0
234538,0,-0.41,0.00,9.783,1.935,1.542,0,0
234590,0,-0.41,0.00,9.768,1.863,1.590,0,0
234640,0,-0.41,0.00,9.759,1.891,1.609,0,0
234691,0,-0.44,0.00,9.740,1.858,1.585,0,0
234743,0,-0.44,0.00,9.759,1.963,1.590,0,0
234795,0,-0.44,0.00,9.792,1.949,1.513,0,0
234846,0,-0.42,-1.34,9.783,1.906,1.528,0,0
234898,0,-0.44,0.00,9.725,1.906,1.647,0,0
234949,0,-0.42,-1.34,9.735,1.891,1.647,0,0
235001,0,-0.42,0.00,9.749,1.944,1.575,0,0
235053,0,-0.41,0.48,9.792,1.901,1.494,0,0
235104,0,-0.41,0.00,9.768,1.930,1.590,0,0
235156,0,-0.40,0.00,9.773,1.901,1.609,0,0
235207,0,-0.38,0.48,9.730,1.891,1.647,0,0
235259,0,-0.37,0.52,9.740,1.844,1.604,0,0
235311,0,-0.37,0.00,9.759,1.863,1.580,0,0
235361,0,-0.37,0.00,9.787,1.872,1.585,0,0
235411,0,-0.38,0.00,9.754,1.882,1.551,0,0
235462,0,-0.42,-1.41,9.778,1.882,1.547,0,0
235512,0,-0.41,0.00,9.787,1.882,1.422,0,0
235562,0,-0.36,0.56,9.864,1.858,1.695,0,0
235613,0,-0.36,0.00,9.711,1.642,1.800,0,0
235665,0,-0.34,0.00,9.711,1.662,1.748,0,0
235716,0,-0.34,0.00,9.768,2.073,1.528,0,0
235768,0,-0.33,0.00,9.912,2.231,1.628,0,0
235820,0,-0.31,0.52,9.711,2.150,1.604,0,0
235871,0,-0.33,-0.52,9.864,1.978,1.259,0,0
235923,0,-0.30,0.48,10.161,1.987,1.331,0,0
235974,0,-0.30,0.00,9.740,1.561,1.714,0,0
236026,0,-0.29,0.00,9.625,1.302,2.131,0,0
236078,0,-0.31,0.52,9.639,1.365,2.332,0,0
236129,0,-0.31,0.00,9.764,1.393,2.231,0,0
236181,0,-0.31,-0.56,9.682,1.341,1.939,0,0
236232,0,-0.31,0.00,9.730,1.231,1.642,0,0
236283,0,-0.31,0.00,9.802,1.264,1.446,0,0
236334,0,-0.31,0.00,9.979,1.346,1.614,0,0
236388,0,-0.31,0.00,9.864,1.389,2.059,0,0
236438,0,-0.31,0.00,9.711,1.326,2.207,0,0
236489,0,-0.30,0.60,9.778,1.202,2.021,0,0
236539,0,-0.30,0.00,9.821,1.168,1.776,0,0
236591,0,-0.30,0.00,9.606,1.264,1.465,0,0
236641,0,-0.28,0.48,9.764,1.776,1.374,0,0
236693,0,-0.28,0.00,10.123,2.049,1.374,0,0
236744,0,-0.32,-1.34,9.936,1.432,1.618,0,0
236796,0,-0.28,0.00,9.457,0.929,1.820,0,0
236847,0,-0.27,0.48,9.835,1.183,2.121,0,0
236899,0,-0.26,0.00,9.821,1.489,2.011,0,0
236951,0,-0.26,0.00,9.591,1.384,1.705,0,0
237002,0,-0.26,0.00,9.792,1.465,1.537,0,0
237054,0,-0.22,0.00,9.802,1.834,1.518,0,0
237105,0,-0.26,0.00,9.625,2.025,1.259,0,0
237157,0,-0.26,0.00,9.960,2.370,1.101,0,0
237209,0,-0.28,-0.52,9.811,2.155,1.073,0,0
237260,0,-0.27,0.48,9.783,1.915,1.245,0,0
237312,0,-0.27,0.00,9.869,1.724,1.441,0,0
237363,0,-0.27,0.00,9.831,1.973,1.786,0,0
237414,0,-0.28,0.00,9.668,2.179,1.906,0,0
237464,0,-0.30,0.93,9.644,2.236,1.686,0,0
237514,0,-0.33,-1.43,9.706,2.509,1.317,0,0
237567,0,-0.31,0.00,9.816,2.567,0.876,0,0
237617,0,-0.32,-0.48,9.869,2.361,0.924,0,0
237668,0,-0.34,0.00,9.754,2.107,1.350,0,0
237720,0,-0.35,-0.48,9.716,2.002,1.681,0,0
237772,0,-0.35,0.00,9.744,2.083,1.781,0,0
237823,0,-0.40,-0.48,9.682,2.203,1.523,0,0
237875,0,-0.40,0.00,9.639,2.298,1.322,0,0
237926,0,-0.42,0.00,9.749,2.298,1.183,0,0
237978,0,-0.37,0.48,9.778,2.164,1.226,0,0
238030,0,-0.39,0.00,9.749,2.116,1.456,0,0
238081,0,-0.39,0.00,9.749,2.021,1.580,0,0
238133,0,-0.41,-0.52,9.720,2.002,1.504,0,0
238184,0,-0.44,-1.34,9.749,2.069,1.508,0,0
238236,0,-0.46,-0.48,9.706,2.083,1.408,0,0
238288,0,-0.46,0.00,9.759,2.078,1.331,0,0
238338,0,-0.46,0.00,9.740,2.011,1.369,0,0
238388,0,-0.46,0.00,9.759,1.997,1.508,0,0
238444,0,-0.43,0.36,9.711,1.968,1.614,0,0
238494,0,-0.43,0.00,9.673,1.935,1.470,0,0
238544,0,-0.45,0.00,9.773,1.963,1.393,0,0
238595,0,-0.46,-0.52,9.807,2.064,1.374,0,0
238646,0,-0.46,0.00,9.802,2.035,1.369,0,0
238698,0,-0.45,0.00,9.740,2.131,1.475,0,0
238749,0,-0.45,0.00,9.740,2.102,1.499,0,0
238801,0,-0.45,0.00,9.754,2.011,1.470,0,0
238853,0,-0.47,-0.86,9.764,1.973,1.393,0,0
238904,0,-0.44,0.00,9.811,2.059,1.389,0,0
238956,0,-0.42,0.52,9.811,2.045,1.604,0,0
239007,0,-0.44,0.00,9.706,1.901,1.623,0,0
239059,0,-0.41,0.48,9.926,2.198,1.609,0,0
239111,0,-0.40,0.52,9.663,2.490,1.326,0,0
239162,0,-0.40,0.00,9.816,1.939,1.231,0,0
239214,0,-0.37,0.52,9.716,1.887,1.475,0,0
239265,0,-0.35,0.00,9.816,1.911,1.666,0,0
239316,0,-0.34,0.48,9.874,1.729,1.729,0,0
239367,0,-0.33,0.00,9.773,1.920,1.915,0,0
239418,0,-0.35,0.00,9.835,1.671,2.035,0,0
239468,0,-0.34,0.56,9.629,1.437,2.107,0,0
239519,0,-0.32,0.00,9.586,1.322,1.997,0,0
239568,0,-0.31,0.52,9.634,1.326,1.834,0,0
239620,0,-0.35,-1.34,9.883,1.537,1.820,0,0
239671,0,-0.32,0.45,9.907,1.623,1.776,0,0
239723,0,-0.32,0.00,10.003,1.341,1.863,0,0
239775,0,-0.27,0.00,9.706,1.183,2.083,0,0
239826,0,-0.26,-0.34,9.653,1.188,2.308,0,0
239878,0,-0.26,0.00,9.730,1.101,2.251,0,0
239929,0,-0.23,-0.52,9.634,1.053,1.954,0,0
239981,0,-0.21,0.52,9.764,1.025,1.781,0,0
240033,0,-0.25,0.00,9.869,1.365,1.810,0,0
240084,0,-0.24,0.00,9.754,1.504,1.767,0,0
240136,0,-0.22,0.00,9.960,1.427,1.724,0,0
240186,0,-0.21,0.48,9.931,1.197,1.786,0,0
240238,0,-0.21,0.00,9.692,1.053,1.954,0,0
240289,0,-0.24,0.00,9.792,1.456,2.107,0,0
240341,0,-0.23,0.00,9.936,1.566,1.930,0,0
240391,0,-0.23,0.00,9.831,1.202,1.590,0,0
240441,0,-0.23,0.00,9.759,1.245,1.719,0,0
240498,0,-0.23,0.00,9.893,1.417,1.915,0,0
240548,0,-0.24,0.00,9.783,1.413,1.887,0,0
240600,0,-0.29,-0.48,9.754,1.130,1.666,0,0
240650,0,-0.29,0.00,9.859,1.288,1.695,0,0
240702,0,-0.29,0.00,9.821,1.221,1.666,0,0
240753,0,-0.29,0.00,9.749,1.197,1.776,0,0
240805,0,-0.28,0.48,9.787,1.585,1.681,0,0
240856,0,-0.29,-0.48,10.003,1.724,1.475,0,0
240908,0,-0.28,0.00,9.955,1.686,1.389,0,0
240960,0,-0.31,0.00,9.773,1.451,1.537,0,0
241011,0,-0.30,0.52,9.778,1.322,1.834,0,0
241063,0,-0.27,0.56,9.692,1.460,2.006,0,0
241114,0,-0.26,0.52,9.764,1.666,1.834,0,0
241166,0,-0.26,0.00,9.902,1.786,1.489,0,0
241218,0,-0.27,0.00,9.974,1.662,1.274,0,0
241269,0,-0.31,0.00,9.869,1.547,1.475,0,0
241321,0,-0.31,0.00,9.811,1.494,1.949,0,0
241372,0,-0.29,0.60,9.706,1.489,2.140,0,0
241423,0,-0.29,0.00,9.735,1.475,1.925,0,0
241473,0,-0.30,-0.88,9.826,1.480,1.628,0,0
241524,0,-0.30,0.00,9.912,1.513,1.499,0,0
241576,0,-0.32,0.00,9.840,1.480,1.571,0,0
241626,0,-0.33,-0.45,9.768,1.441,1.733,0,0
241678,0,-0.33,0.00,9.835,1.427,1.877,0,0
241729,0,-0.35,-0.56,9.768,1.403,1.844,0,0
241781,0,-0.35,0.00,9.816,1.355,1.767,0,0
241832,0,-0.38,-1.34,9.821,1.427,1.743,0,0
241884,0,-0.38,0.00,9.802,1.283,1.695,0,0
241935,0,-0.38,0.00,9.826,1.379,1.762,0,0
241987,0,-0.38,0.00,9.807,1.513,1.695,0,0
242039,0,-0.38,0.00,9.888,1.528,1.633,0,0
242090,0,-0.38,-0.56,9.831,1.408,1.595,0,0
242142,0,-0.38,0.00,9.826,1.413,1.796,0,0
242193,0,-0.38,0.00,9.792,1.298,1.930,0,0
242245,0,-0.38,0.00,9.749,1.331,2.006,0,0
242297,0,-0.38,0.00,9.754,1.389,1.867,0,0
242347,0,-0.38,0.00,9.898,1.537,1.628,0,0
242397,0,-0.38,0.00,9.888,1.566,1.374,0,0
242447,0,-0.38,0.00,9.912,1.556,1.374,0,0
242498,0,-0.37,0.00,9.859,1.480,1.686,0,0
242553,0,-0.34,0.36,9.692,1.417,1.891,0,0
242605,0,-0.36,0.00,9.783,1.417,1.882,0,0
242655,0,-0.36,0.00,9.864,1.441,1.719,0,0
242706,0,-0.38,-0.48,9.783,1.413,1.580,0,0
242758,0,-0.38,0.00,9.855,1.465,1.647,0,0
242807,0,-0.39,0.00,9.869,1.518,1.776,0,0
242859,0,-0.39,0.00,9.797,1.446,1.762,0,0
242910,0,-0.38,0.00,9.869,1.499,1.776,0,0
242962,0,-0.38,0.00,9.902,1.369,1.767,0,0
243013,0,-0.38,0.00,9.768,1.374,1.896,0,0
243065,0,-0.40,-1.34,9.778,1.293,1.935,0,0
243117,0,-0.40,0.00,9.749,1.235,1.877,0,0
243168,0,-0.40,0.00,9.754,1.255,1.815,0,0
243220,0,-0.40,0.00,9.831,1.293,1.709,0,0
243271,0,-0.45,0.00,9.740,1.326,1.504,0,0
243322,0,-0.46,-0.52,9.811,1.379,1.662,0,0
243374,0,-0.46,0.00,9.706,1.417,1.791,0,0
243424,0,-0.46,0.00,9.783,1.571,1.724,0,0
243475,0,-0.46,0.00,10.075,1.824,1.456,0,0
243525,0,-0.46,0.00,9.917,1.652,1.235,0,0
243574,0,-0.48,0.00,9.816,1.451,1.403,0,0
243626,0,-0.49,0.00,9.792,1.609,1.949,0,0
243677,0,-0.53,0.00,9.716,1.753,2.188,0,0
243729,0,-0.54,-0.52,9.706,1.776,1.872,0,0
243781,0,-0.50,0.00,9.840,1.796,1.408,0,0
243832,0,-0.55,0.00,9.893,1.829,1.240,0,0
243884,0,-0.57,0.00,9.797,1.829,1.341,0,0
243935,0,-0.60,-0.52,9.783,1.839,1.547,0,0
243987,0,-0.60,0.00,9.802,1.753,1.690,0,0
244038,0,-0.58,0.00,9.783,1.719,1.695,0,0
244090,0,-0.58,0.00,9.764,1.671,1.628,0,0
244142,0,-0.58,0.00,9.768,1.858,1.566,0,0
244192,0,-0.58,0.00,9.811,1.872,1.523,0,0
244244,0,-0.57,0.00,9.792,1.776,1.513,0,0
244334,0,-0.55,0.56,9.764,1.757,1.642,0,0
244384,0,-0.60,-1.33,9.744,1.753,1.666,0,0
244434,0,-0.62,-0.56,9.792,1.762,1.633,0,0
244484,0,-0.62,0.00,9.816,1.810,1.628,0,0
244535,0,-0.64,-0.56,9.778,1.767,1.642,0,0
244585,0,-0.64,0.00,9.730,1.772,1.580,0,0
244637,0,-0.66,-0.56,9.811,1.700,1.595,0,0
244688,0,-0.66,0.00,9.725,1.733,1.686,0,0
244740,0,-0.68,-0.52,9.749,1.753,1.733,0,0
244791,0,-0.68,0.00,9.783,1.805,1.705,0,0
244843,0,-0.71,-0.48,9.773,1.810,1.638,0,0
244895,0,-0.74,-1.01,9.759,1.786,1.575,0,0
244946,0,-0.75,0.00,9.811,1.839,1.580,0,0
244998,0,-0.75,0.71,9.783,1.810,1.652,0,0
245049,0,-0.77,-1.04,9.744,1.791,1.690,0,0
245101,0,-0.77,0.00,9.783,1.781,1.657,0,0
245153,0,-0.79,-0.52,9.807,1.776,1.686,0,0
245204,0,-0.80,0.00,9.744,1.776,1.743,0,0
245256,0,-0.83,-0.52,9.740,1.781,1.652,0,0
245307,0,-0.83,0.00,9.754,1.776,1.618,0,0
245358,0,-0.84,-0.52,9.768,1.762,1.647,0,0
245408,0,-0.84,0.00,9.754,1.791,1.686,0,0
245458,0,-0.82,0.00,9.792,1.829,1.695,0,0
245509,0,-0.82,0.00,9.744,1.796,1.690,0,0
245558,0,-0.82,0.00,9.754,1.863,1.709,0,0
245610,0,-0.80,0.00,9.821,1.848,1.628,0,0
245661,0,-0.80,0.00,9.759,1.810,1.628,0,0
245713,0,-0.81,-0.48,9.759,1.848,1.671,0,0
245765,0,-0.81,0.00,9.792,1.920,1.652,0,0
245816,0,-0.81,0.00,9.787,1.824,1.714,0,0
245868,0,-0.84,-0.48,9.730,1.820,1.762,0,0
245919,0,-0.85,-0.56,9.749,1.882,1.700,0,0
245971,0,-0.85,0.52,9.759,1.848,1.657,0,0
246023,0,-0.90,-1.82,9.754,1.791,1.671,0,0
246074,0,-0.90,0.00,9.773,1.829,1.695,0,0
246126,0,-0.93,-0.52,9.778,1.863,1.662,0,0
246177,0,-0.94,0.00,9.811,1.824,1.686,0,0
246228,0,-0.96,-0.52,9.778,1.772,1.686,0,0
246279,0,-0.97,0.00,9.821,1.781,1.719,0,0
246331,0,-1.00,-0.52,9.668,1.753,1.714,0,0
246386,0,-0.99,0.12,9.778,1.671,1.681,0,0
246436,0,-1.00,-0.56,9.787,1.776,1.647,0,0
246486,0,-1.02,0.00,9.811,1.733,1.681,0,0
246537,0,-1.07,-1.17,9.764,1.705,1.786,0,0
246588,0,-1.10,-1.05,9.706,1.700,1.738,0,0
246639,0,-1.08,0.86,9.778,1.671,1.714,0,0
246690,0,-1.08,0.00,9.783,1.681,1.690,0,0
246742,0,-1.08,0.34,9.744,1.652,1.686,0,0
246794,0,-1.10,-0.52,9.778,1.681,1.748,0,0
246845,0,-1.11,0.00,9.764,1.705,1.743,0,0
246897,0,-1.12,-0.56,9.783,1.714,1.762,0,0
246948,0,-1.14,0.00,9.792,1.714,1.690,0,0
247000,0,-1.11,1.34,9.773,1.657,1.714,0,0
247051,0,-1.11,0.00,9.735,1.681,1.738,0,0
247103,0,-1.13,0.00,9.778,1.767,1.690,0,0
247155,0,-1.13,0.00,9.855,1.753,1.623,0,0
247206,0,-1.13,0.00,9.816,1.681,1.733,0,0
247258,0,-1.16,0.00,9.735,1.609,1.867,0,0
247309,0,-1.14,0.89,9.711,1.604,1.858,0,0
247360,0,-1.18,-1.38,9.749,1.733,1.743,0,0
247410,0,-1.18,0.00,9.835,1.781,1.647,0,0
247460,0,-1.13,1.97,9.802,1.729,1.551,0,0
247511,0,-1.13,0.00,9.754,1.709,1.700,0,0
247561,0,-1.18,0.00,9.744,1.676,1.796,0,0
247612,0,-1.19,-0.52,9.768,1.772,1.757,0,0
247664,0,-1.20,-0.48,9.807,1.652,1.623,0,0
247715,0,-1.20,0.00,9.749,1.695,1.638,0,0
247767,0,-1.22,-0.52,9.821,1.863,1.705,0,0
247819,0,-1.22,0.00,9.754,1.719,1.628,0,0
247870,0,-1.23,-0.52,9.783,1.753,1.666,0,0
247922,0,-1.23,0.00,9.835,1.714,1.738,0,0
247973,0,-1.23,0.00,9.701,1.518,1.800,0,0
248025,0,-1.23,0.00,9.725,1.618,1.920,0,0
248077,0,-1.22,0.00,9.768,1.709,1.748,0,0
248128,0,-1.19,0.48,9.797,1.776,1.623,0,0
248180,0,-1.18,0.00,9.802,1.786,1.566,0,0
248230,0,-1.18,0.00,9.811,1.738,1.714,0,0
248282,0,-1.16,0.00,9.797,1.642,1.829,0,0
248333,0,-1.15,0.52,9.716,1.599,1.776,0,0
248385,0,-1.15,0.00,9.754,1.695,1.705,0,0
248440,0,-1.12,0.37,9.792,1.743,1.642,0,0
248491,0,-1.16,0.00,9.778,1.681,1.642,0,0
248541,0,-1.08,2.53,9.768,1.623,1.772,0,0
248592,0,-1.10,-1.45,9.778,1.738,1.906,0,0
248643,0,-1.05,1.86,9.749,1.681,1.805,0,0
248694,0,-1.08,0.00,9.759,1.671,1.623,0,0
248746,0,-1.05,0.52,9.831,1.791,1.618,0,0
248798,0,-1.04,0.48,9.802,1.719,1.652,0,0
248849,0,-0.98,1.04,9.773,1.599,1.753,0,0
248901,0,-0.97,0.48,9.749,1.599,1.867,0,0
248952,0,-0.94,0.00,9.768,1.585,1.877,0,0
249004,0,-0.95,-1.38,9.740,1.666,1.800,0,0
249055,0,-0.92,1.01,9.783,1.800,1.709,0,0
249107,0,-0.89,0.52,9.783,1.844,1.623,0,0
249159,0,-0.88,0.52,9.821,1.805,1.628,0,0
249210,0,-0.87,0.00,9.821,1.628,1.724,0,0
249262,0,-0.82,0.48,9.778,1.652,1.963,0,0
249313,0,-0.81,0.00,9.697,1.690,1.944,0,0
249364,0,-0.83,-0.86,9.759,1.719,1.709,0,0
249414,0,-0.82,0.00,9.821,1.791,1.604,0,0
249464,0,-0.78,0.56,9.811,1.753,1.633,0,0
249515,0,-0.78,0.00,9.749,1.681,1.719,0,0
249564,0,-0.75,0.00,9.759,1.714,1.882,0,0
249616,0,-0.72,0.52,9.773,1.666,1.834,0,0
249668,0,-0.71,0.52,9.778,1.657,1.767,0,0
249719,0,-0.75,-1.34,9.787,1.666,1.743,0,0
249771,0,-0.75,0.00,9.749,1.686,1.776,0,0
249822,0,-0.76,0.00,9.759,1.686,1.733,0,0
249874,0,-0.76,0.00,9.773,1.733,1.719,0,0
249926,0,-0.76,0.00,9.835,1.705,1.743,0,0
249977,0,-0.76,0.00,9.787,1.604,1.824,0,0
250029,0,-0.72,1.34,9.697,1.480,1.920,0,0
250080,0,-0.74,0.00,9.725,1.590,2.011,0,0
250132,0,-0.75,-0.56,9.768,1.633,1.824,0,0
250184,0,-0.77,0.00,9.821,1.580,1.657,0,0
250234,0,-0.77,0.00,9.821,1.714,1.676,0,0
250285,0,-0.74,0.00,9.764,1.748,1.714,0,0
250337,0,-0.76,-0.56,9.826,1.652,1.719,0,0
250387,0,-0.76,0.00,9.821,1.532,1.733,0,0
250437,0,-0.77,-0.56,9.701,1.369,1.877,0,0
250495,0,-0.77,0.00,9.706,1.484,1.978,0,0
250545,0,-0.73,1.49,9.768,1.724,1.877,0,0
250597,0,-0.75,-0.52,9.816,1.719,1.595,0,0
250648,0,-0.73,0.00,9.845,1.719,1.551,0,0
250699,0,-0.73,0.00,9.850,1.700,1.757,0,0
250750,0,-0.76,-0.52,9.787,1.518,1.853,0,0
250802,0,-0.76,0.00,9.740,1.403,1.887,0,0
250854,0,-0.76,0.00,9.744,1.566,1.872,0,0
250905,0,-0.76,0.00,9.821,1.666,1.709,0,0
250957,0,-0.76,0.00,9.840,1.705,1.652,0,0
251008,0,-0.75,0.52,9.773,1.700,1.657,0,0
251060,0,-0.75,0.00,9.807,1.638,1.796,0,0
251112,0,-0.75,0.00,9.759,1.556,1.815,0,0
251163,0,-0.73,0.56,9.773,1.566,1.853,0,0
251215,0,-0.75,0.00,9.792,1.657,1.776,0,0
251266,0,-0.77,-1.38,9.807,1.662,1.666,0,0
251318,0,-0.76,0.00,9.811,1.638,1.719,0,0
251370,0,-0.72,0.82,9.787,1.657,1.805,0,0
251420,0,-0.76,-1.45,9.773,1.618,1.767,0,0
251470,0,-0.74,0.00,9.778,1.547,1.733,0,0
251521,0,-0.74,0.00,9.787,1.528,1.786,0,0
251573,0,-0.74,0.00,9.787,1.638,1.800,0,0
251625,0,-0.74,0.00,9.807,1.614,1.738,0,0
251675,0,-0.73,0.48,9.802,1.652,1.753,0,0
251726,0,-0.71,0.00,9.792,1.618,1.748,0,0
251778,0,-0.71,0.00,9.754,1.556,1.753,0,0
251830,0,-0.71,0.00,9.768,1.571,1.829,0,0
251881,0,-0.69,0.48,9.768,1.647,1.815,0,0
251933,0,-0.69,0.00,9.826,1.666,1.757,0,0
251984,0,-0.67,0.52,9.792,1.609,1.690,0,0
252036,0,-0.67,0.00,9.768,1.657,1.805,0,0
252088,0,-0.66,0.00,9.773,1.657,1.863,0,0
252139,0,-0.68,-1.34,9.725,1.566,1.767,0,0
252191,0,-0.67,0.00,9.802,1.609,1.733,0,0
252242,0,-0.65,0.52,9.778,1.657,1.772,0,0
252294,0,-0.67,-0.56,9.759,1.647,1.748,0,0
252346,0,-0.65,0.00,9.807,1.676,1.800,0,0
252398,0,-0.63,0.48,9.773,1.638,1.791,0,0
252449,0,-0.63,0.00,9.773,1.633,1.815,0,0
252499,0,-0.64,0.00,9.826,1.729,1.748,0,0
252575,0,-0.63,0.16,9.773,1.623,1.757,0,0
252627,0,-0.66,-1.30,9.764,1.575,1.844,0,0
252677,0,-0.66,0.00,9.740,1.561,1.982,0,0
252729,0,-0.64,0.86,9.744,1.638,1.997,0,0
252780,0,-0.64,0.00,9.783,1.724,1.810,0,0
252832,0,-0.67,-0.52,9.821,1.753,1.623,0,0
252883,0,-0.67,0.00,9.835,1.709,1.609,0,0
252935,0,-0.67,0.00,9.787,1.623,1.776,0,0
252986,0,-0.67,0.00,9.759,1.513,1.896,0,0
253038,0,-0.69,0.48,9.692,1.475,1.939,0,0
253090,0,-0.70,-0.52,9.749,1.551,1.877,0,0
253141,0,-0.70,0.00,9.754,1.662,1.724,0,0
253193,0,-0.73,-0.48,9.807,1.767,1.652,0,0
253244,0,-0.73,0.00,9.792,1.714,1.657,0,0
253296,0,-0.73,0.52,9.740,1.566,1.738,0,0
253348,0,-0.78,-1.75,9.855,1.671,1.949,0,0
253400,0,-0.78,0.00,9.792,1.571,1.939,0,0
253451,0,-0.79,0.00,9.725,1.513,1.877,0,0
253501,0,-0.81,-0.52,9.701,1.575,1.786,0,0
253551,0,-0.81,0.00,9.787,1.628,1.820,0,0
253603,0,-0.81,0.00,9.816,1.772,1.705,0,0
253653,0,-0.81,0.00,9.797,1.690,1.652,0,0
253705,0,-0.81,0.00,9.807,1.551,1.729,0,0
253756,0,-0.79,0.00,9.792,1.451,1.920,0,0
253808,0,-0.82,-0.52,9.716,1.556,1.935,0,0
253859,0,-0.82,0.00,9.773,1.609,1.800,0,0
253911,0,-0.81,0.52,9.807,1.676,1.652,0,0
253963,0,-0.83,-0.86,9.816,1.686,1.676,0,0
254014,0,-0.80,0.00,9.783,1.623,1.800,0,0
254066,0,-0.75,2.01,9.787,1.561,1.935,0,0
254117,0,-0.77,-0.82,9.735,1.537,1.949,0,0
254169,0,-0.75,-0.34,9.768,1.580,1.815,0,0
254220,0,-0.73,0.52,9.835,1.652,1.686,0,0
254272,0,-0.72,0.00,9.826,1.604,1.666,0,0
254335,0,-0.69,0.43,9.754,1.580,1.805,0,0
254387,0,-0.68,0.00,9.768,1.595,1.858,0,0
254438,0,-0.68,-0.52,9.778,1.609,1.815,0,0
254488,0,-0.66,0.50,9.816,1.599,1.791,0,0
254538,0,-0.66,0.00,9.802,1.585,1.786,0,0
254590,0,-0.65,0.48,9.749,1.575,1.815,0,0
254642,0,-0.64,0.00,9.783,1.642,1.844,0,0
254692,0,-0.66,-0.82,9.792,1.595,1.753,0,0
254744,0,-0.65,0.00,9.792,1.537,1.786,0,0
254795,0,-0.63,0.48,9.783,1.618,1.891,0,0
254847,0,-0.63,0.00,9.797,1.662,1.791,0,0
254898,0,-0.60,0.56,9.802,1.537,1.733,0,0
254950,0,-0.60,0.00,9.787,1.446,1.781,0,0
255002,0,-0.60,0.00,9.768,1.513,1.982,0,0
255053,0,-0.60,0.00,9.706,1.614,2.002,0,0
255105,0,-0.62,0.00,9.802,1.499,1.695,0,0
255156,0,-0.65,-0.48,9.869,1.729,1.623,0,0
255208,0,-0.65,0.00,9.831,1.671,1.709,0,0
255260,0,-0.65,0.00,9.787,1.480,1.781,0,0
255311,0,-0.66,0.00,9.773,1.460,1.915,0,0
255363,0,-0.67,0.00,9.744,1.456,1.973,0,0
255413,0,-0.67,0.00,9.740,1.484,1.848,0,0
255463,0,-0.67,0.00,9.783,1.671,1.776,0,0
255514,0,-0.67,0.00,9.807,1.705,1.729,0,0
255563,0,-0.67,0.56,9.778,1.647,1.633,0,0
255614,0,-0.67,0.00,9.826,1.523,1.719,0,0
255665,0,-0.67,0.00,9.816,1.523,1.911,0,0
255717,0,-0.66,0.00,9.711,1.470,1.949,0,0
255768,0,-0.62,1.05,9.759,1.408,1.896,0,0
255820,0,-0.60,0.56,9.735,1.609,1.901,0,0
255872,0,-0.59,0.00,9.821,1.729,1.776,0,0
255923,0,-0.58,0.00,9.816,1.709,1.628,0,0
255975,0,-0.61,0.00,9.778,1.609,1.652,0,0
256026,0,-0.61,0.00,9.816,1.499,1.887,0,0
256078,0,-0.60,0.48,9.797,1.499,1.973,0,0
256130,0,-0.59,0.00,9.749,1.566,1.930,0,0
256181,0,-0.61,-0.82,9.778,1.666,1.829,0,0
256233,0,-0.60,0.00,9.787,1.729,1.695,0,0
256284,0,-0.60,-1.41,9.807,1.614,1.671,0,0
256335,0,-0.60,0.00,9.821,1.609,1.820,0,0
256388,0,-0.59,0.17,9.740,1.604,1.930,0,0
256439,0,-0.59,0.00,9.764,1.618,1.872,0,0
256489,0,-0.59,0.00,9.845,1.695,1.762,0,0
256540,0,-0.59,0.00,9.802,1.633,1.733,0,0
256591,0,-0.63,-1.45,9.764,1.494,1.772,0,0
256642,0,-0.63,0.00,9.773,1.618,1.911,0,0
256693,0,-0.64,-0.48,9.749,1.652,1.863,0,0
256745,0,-0.63,0.00,9.826,1.551,1.762,0,0
256796,0,-0.61,0.00,9.821,1.628,1.753,0,0
256848,0,-0.61,0.00,9.778,1.599,1.906,0,0
256900,0,-0.61,0.00,9.716,1.537,1.920,0,0
256951,0,-0.64,-0.93,9.749,1.580,1.791,0,0
257003,0,-0.62,0.00,9.816,1.575,1.719,0,0
257054,0,-0.62,0.00,9.778,1.595,1.762,0,0
257106,0,-0.64,0.00,9.744,1.599,1.824,0,0
257158,0,-0.61,0.00,9.773,1.604,1.872,0,0
257209,0,-0.61,0.00,9.768,1.618,1.820,0,0
257261,0,-0.65,0.00,9.816,1.585,1.786,0,0
257312,0,-0.65,0.00,9.821,1.571,1.772,0,0
257363,0,-0.65,0.00,9.720,1.551,1.844,0,0
257413,0,-0.66,-0.56,9.787,1.647,1.824,0,0
257463,0,-0.68,0.00,9.792,1.585,1.724,0,0
257514,0,-0.68,0.00,9.840,1.618,1.767,0,0
257563,0,-0.68,0.00,9.811,1.652,1.872,0,0
257615,0,-0.69,0.00,9.730,1.446,1.911,0,0
257667,0,-0.71,0.52,9.730,1.398,1.925,0,0
257718,0,-0.73,0.00,9.787,1.599,1.877,0,0
257770,0,-0.71,0.00,9.807,1.618,1.748,0,0
257821,0,-0.71,0.00,9.783,1.633,1.633,0,0
257873,0,-0.73,0.00,9.859,1.580,1.719,0,0
257925,0,-0.73,0.00,9.855,1.465,1.887,0,0
257976,0,-0.73,0.00,9.692,1.336,1.997,0,0
258028,0,-0.70,0.48,9.711,1.403,1.987,0,0
258079,0,-0.70,0.00,9.797,1.690,1.829,0,0
258131,0,-0.70,1.33,9.811,1.733,1.590,0,0
258183,0,-0.68,0.52,9.816,1.575,1.547,0,0
258233,0,-0.68,0.00,9.811,1.499,1.858,0,0
258284,0,-0.68,0.00,9.730,1.465,2.083,0,0
258336,0,-0.68,0.00,9.735,1.480,1.944,0,0
258386,0,-0.68,0.00,9.792,1.417,1.748,0,0
258441,0,-0.68,0.00,9.797,1.652,1.709,0,0
258492,0,-0.65,1.45,9.840,1.714,1.757,0,0
258542,0,-0.65,-0.52,9.811,1.566,1.786,0,0
258594,0,-0.66,-0.52,9.720,1.499,1.872,0,0
258644,0,-0.64,0.86,9.797,1.528,1.939,0,0
258695,0,-0.65,-0.52,9.792,1.542,1.887,0,0
258747,0,-0.65,0.00,9.787,1.537,1.772,0,0
258799,0,-0.64,0.86,9.821,1.647,1.786,0,0
258850,0,-0.66,0.00,9.792,1.638,1.781,0,0
258902,0,-0.69,-0.56,9.835,1.585,1.853,0,0
258953,0,-0.69,0.00,9.773,1.547,1.882,0,0
259005,0,-0.67,0.00,9.744,1.499,1.848,0,0
259057,0,-0.67,0.00,9.802,1.528,1.877,0,0
259108,0,-0.67,0.00,9.778,1.580,1.820,0,0
259160,0,-0.66,0.48,9.783,1.599,1.824,0,0
259211,0,-0.64,0.52,9.816,1.618,1.839,0,0
259263,0,-0.68,0.00,9.764,1.580,1.848,0,0
259315,0,-0.67,0.48,9.768,1.542,1.896,0,0
259365,0,-0.65,0.52,9.787,1.537,1.911,0,0
259415,0,-0.68,-0.93,9.759,1.618,1.887,0,0
259466,0,-0.68,0.00,9.778,1.681,1.805,0,0
259516,0,-0.66,0.00,9.826,1.652,1.700,0,0
259566,0,-0.70,-1.45,9.840,1.575,1.743,0,0
259617,0,-0.68,0.00,9.778,1.571,2.011,0,0
259669,0,-0.68,0.00,9.725,1.437,2.025,0,0
259720,0,-0.68,0.00,9.730,1.528,1.911,0,0
259772,0,-0.68,0.52,9.773,1.642,1.757,0,0
259824,0,-0.68,0.00,9.787,1.686,1.681,0,0
259875,0,-0.67,0.00,9.787,1.657,1.738,0,0
259927,0,-0.70,0.00,9.821,1.571,1.877,0,0
259978,0,-0.70,0.00,9.783,1.446,1.987,0,0
260030,0,-0.69,0.00,9.730,1.465,1.944,0,0
260082,0,-0.66,1.13,9.778,1.566,1.867,0,0
260133,0,-0.65,0.00,9.826,1.709,1.762,0,0
260185,0,-0.64,0.48,9.816,1.657,1.719,0,0
260235,0,-0.64,0.00,9.797,1.571,1.805,0,0
260287,0,-0.62,0.56,9.802,1.542,2.002,0,0
260338,0,-0.61,0.00,9.720,1.499,1.982,0,0
260390,0,-0.61,0.00,9.754,1.542,1.824,0,0
260441,0,-0.61,0.00,9.845,1.580,1.748,0,0
260498,0,-0.63,-0.30,9.778,1.575,1.776,0,0
260548,0,-0.62,0.56,9.778,1.595,1.824,0,0
260600,0,-0.62,0.00,9.783,1.595,1.872,0,0
260650,0,-0.60,0.52,9.811,1.633,1.805,0,0
260701,0,-0.58,1.01,9.821,1.566,1.781,0,0
260753,0,-0.56,0.00,9.792,1.403,1.867,0,0
260805,0,-0.55,0.00,9.787,1.556,2.160,0,0
260856,0,-0.55,0.00,9.730,1.642,2.054,0,0
260908,0,-0.55,0.00,9.725,1.465,1.666,0,0
260959,0,-0.55,0.00,9.878,1.595,1.647,0,0
261011,0,-0.56,0.00,9.840,1.666,1.810,0,0
261063,0,-0.60,-1.41,9.749,1.504,1.901,0,0
261114,0,-0.59,0.00,9.759,1.331,1.853,0,0
261166,0,-0.59,0.00,9.749,1.422,1.891,0,0
261217,0,-0.59,0.00,9.811,1.595,1.853,0,0
261269,0,-0.59,0.00,9.811,1.599,1.690,0,0
261321,0,-0.59,0.00,9.811,1.609,1.714,0,0
261372,0,-0.60,0.00,9.850,1.638,1.800,0,0
261423,0,-0.60,0.56,9.802,1.571,1.824,0,0
261473,0,-0.61,-0.56,9.778,1.288,1.958,0,0
261524,0,-0.61,0.00,9.697,1.384,2.073,0,0
261576,0,-0.59,0.48,9.792,1.642,2.016,0,0
261626,0,-0.59,0.00,9.787,1.561,1.714,0,0
261678,0,-0.62,-1.34,9.816,1.609,1.666,0,0
261729,0,-0.62,0.00,9.831,1.638,1.786,0,0
261781,0,-0.61,0.00,9.783,1.513,1.834,0,0
261832,0,-0.61,0.00,9.783,1.422,1.877,0,0
261884,0,-0.61,0.00,9.749,1.326,1.901,0,0
261935,0,-0.66,-1.86,9.764,1.403,1.939,0,0
261987,0,-0.66,0.00,9.764,1.652,1.863,0,0
262039,0,-0.64,0.00,9.831,1.709,1.705,0,0
262090,0,-0.66,-0.48,9.831,1.580,1.618,0,0
262142,0,-0.69,-1.34,9.802,1.604,1.772,0,0
262193,0,-0.69,0.00,9.826,1.489,1.911,0,0
262245,0,-0.69,0.00,9.773,1.518,1.935,0,0
262297,0,-0.68,0.52,9.783,1.398,1.863,0,0
262347,0,-0.67,0.48,9.759,1.408,1.939,0,0
262397,0,-0.67,0.00,9.764,1.609,2.002,0,0
262447,0,-0.65,0.00,9.773,1.662,1.853,0,0
262498,0,-0.65,0.00,9.802,1.614,1.638,0,0
262552,0,-0.65,0.00,9.835,1.623,1.676,0,0
262602,0,-0.65,0.00,9.826,1.494,1.887,0,0
262654,0,-0.68,0.00,9.744,1.379,1.954,0,0
262705,0,-0.66,0.52,9.744,1.551,1.958,0,0
262757,0,-0.66,0.00,9.787,1.662,1.824,0,0
262808,0,-0.68,-0.56,9.797,1.623,1.686,0,0
262860,0,-0.66,0.00,9.826,1.604,1.748,0,0
262912,0,-0.66,-0.52,9.778,1.599,1.896,0,0
262963,0,-0.65,0.00,9.783,1.561,1.963,0,0
263015,0,-0.68,0.00,9.764,1.547,1.901,0,0
263066,0,-0.67,0.48,9.845,1.599,1.853,0,0
263118,0,-0.68,0.00,9.764,1.599,1.810,0,0
263170,0,-0.68,0.00,9.773,1.628,1.781,0,0
263221,0,-0.68,0.00,9.811,1.528,1.834,0,0
263273,0,-0.71,-1.34,9.759,1.528,1.863,0,0
263324,0,-0.71,0.00,9.773,1.427,1.891,0,0
263375,0,-0.71,0.00,9.792,1.480,1.935,0,0
263425,0,-0.72,0.00,9.768,1.604,1.920,0,0
263476,0,-0.73,-0.56,9.807,1.618,1.796,0,0
263526,0,-0.73,0.00,9.826,1.518,1.729,0,0
263579,0,-0.72,0.56,9.783,1.446,1.872,0,0
263630,0,-0.71,0.48,9.759,1.417,1.997,0,0
263681,0,-0.69,0.52,9.730,1.528,2.011,0,0
263733,0,-0.68,0.00,9.821,1.504,1.834,0,0
263785,0,-0.68,-0.22,9.792,1.604,1.791,0,0
263836,0,-0.68,0.00,9.787,1.638,1.743,0,0
263888,0,-0.68,-0.52,9.807,1.542,1.719,0,0
263939,0,-0.68,0.00,9.787,1.393,1.839,0,0
263991,0,-0.68,0.00,9.735,1.403,1.982,0,0
264043,0,-0.72,0.00,9.773,1.484,1.935,0,0
264094,0,-0.71,0.00,9.826,1.604,1.810,0,0
264146,0,-0.69,0.00,9.787,1.623,1.700,0,0
264197,0,-0.69,0.00,9.797,1.575,1.767,0,0
264249,0,-0.68,0.52,9.792,1.518,1.920,0,0
264337,0,-0.67,0.21,9.773,1.518,1.915,0,0
264389,0,-0.65,0.00,9.816,1.551,1.829,0,0
264439,0,-0.68,0.00,9.816,1.523,1.800,0,0
264490,0,-0.61,2.53,9.816,1.590,1.901,0,0
264540,0,-0.60,0.00,9.740,1.489,1.930,0,0
264592,0,-0.58,0.52,9.744,1.470,1.872,0,0
264642,0,-0.58,0.00,9.811,1.542,1.820,0,0
264694,0,-0.62,-1.34,9.787,1.575,1.781,0,0
264745,0,-0.62,0.00,9.787,1.523,1.800,0,0
264797,0,-0.61,0.00,9.807,1.504,1.853,0,0
264848,0,-0.64,-1.38,9.783,1.470,1.906,0,0
264900,0,-0.66,0.00,9.773,1.542,1.891,0,0
264951,0,-0.66,0.00,9.807,1.571,1.853,0,0
265003,0,-0.66,0.00,9.783,1.508,1.791,0,0
265055,0,-0.63,0.56,9.797,1.590,1.820,0,0
265106,0,-0.63,0.00,9.816,1.542,1.796,0,0
265158,0,-0.62,0.00,9.816,1.604,1.834,0,0
265209,0,-0.59,0.52,9.807,1.499,1.963,0,0
265261,0,-0.59,0.00,9.697,1.336,1.935,0,0
265313,0,-0.61,-0.89,9.744,1.451,1.958,0,0
265363,0,-0.61,0.00,9.821,1.633,1.901,0,0
265413,0,-0.60,0.60,9.802,1.671,1.705,0,0
265464,0,-0.60,0.00,9.816,1.628,1.642,0,0
265514,0,-0.63,0.00,9.869,1.551,1.848,0,0
265564,0,-0.63,0.00,9.759,1.446,2.049,0,0
265615,0,-0.65,-0.48,9.687,1.417,2.006,0,0
265667,0,-0.67,0.52,9.768,1.580,1.853,0,0
265719,0,-0.67,0.00,9.778,1.623,1.753,0,0
265770,0,-0.65,0.00,9.835,1.647,1.705,0,0
265822,0,-0.68,-1.30,9.826,1.604,1.820,0,0
265873,0,-0.68,0.00,9.735,1.571,2.002,0,0
265925,0,-0.68,-1.82,9.740,1.537,1.982,0,0
265977,0,-0.66,0.52,9.764,1.528,1.858,0,0
266028,0,-0.65,0.00,9.826,1.551,1.786,0,0
266080,0,-0.62,0.52,9.759,1.561,1.805,0,0
266131,0,-0.62,0.00,9.759,1.599,1.906,0,0
266183,0,-0.61,0.56,9.787,1.580,1.867,0,0
266235,0,-0.60,0.52,9.778,1.523,1.853,0,0
266285,0,-0.60,0.00,9.797,1.504,1.858,0,0
266336,0,-0.58,0.00,9.773,1.504,1.872,0,0
266391,0,-0.57,0.19,9.749,1.566,1.901,0,0
266442,0,-0.60,-1.33,9.811,1.628,1.872,0,0
266492,0,-0.60,0.00,9.826,1.571,1.796,0,0
266542,0,-0.60,0.00,9.792,1.542,1.882,0,0
266594,0,-0.59,0.00,9.744,1.499,1.944,0,0
266645,0,-0.59,0.00,9.759,1.566,1.891,0,0
266696,0,-0.57,0.48,9.840,1.590,1.776,0,0
266747,0,-0.56,0.48,9.802,1.614,1.772,0,0
266799,0,-0.53,0.45,9.807,1.460,1.848,0,0
266850,0,-0.52,0.60,9.749,1.437,2.069,0,0
266902,0,-0.51,0.00,9.711,1.494,2.140,0,0
266954,0,-0.49,0.00,9.773,1.499,1.935,0,0
267005,0,-0.48,0.52,9.859,1.618,1.714,0,0
267057,0,-0.50,-0.82,9.811,1.652,1.729,0,0
267108,0,-0.49,0.52,9.826,1.537,1.887,0,0
267160,0,-0.47,0.00,9.802,1.408,1.939,0,0
267212,0,-0.47,0.48,9.749,1.369,1.997,0,0
267263,0,-0.47,0.00,9.749,1.518,2.002,0,0
267315,0,-0.46,0.52,9.807,1.566,1.776,0,0
267366,0,-0.46,0.00,9.831,1.542,1.652,0,0
267417,0,-0.43,0.00,9.797,1.465,1.767,0,0
267467,0,-0.45,-0.88,9.744,1.508,2.021,0,0
267518,0,-0.45,0.00,9.744,1.422,2.002,0,0
267570,0,-0.45,0.00,9.792,1.518,1.896,0,0
267620,0,-0.45,0.00,9.821,1.528,1.815,0,0
267672,0,-0.45,0.00,9.797,1.571,1.820,0,0
267723,0,-0.42,1.34,9.792,1.484,1.882,0,0
267775,0,-0.44,0.00,9.749,1.475,1.949,0,0
267826,0,-0.44,0.00,9.807,1.523,1.901,0,0
267878,0,-0.44,0.00,9.811,1.475,1.867,0,0
267930,0,-0.45,-0.52,9.783,1.489,1.891,0,0
267981,0,-0.45,0.00,9.797,1.551,1.848,0,0
268033,0,-0.45,0.00,9.768,1.542,1.834,0,0
268084,0,-0.48,-1.34,9.792,1.427,1.800,0,0
268136,0,-0.43,0.00,9.768,1.470,1.911,0,0
268187,0,-0.49,-0.52,9.778,1.542,1.920,0,0
268239,0,-0.49,0.00,9.787,1.528,1.863,0,0
268291,0,-0.48,0.00,9.826,1.590,1.834,0,0
268341,0,-0.48,0.00,9.802,1.508,1.853,0,0
268391,0,-0.48,-0.52,9.759,1.532,1.920,0,0
268445,0,-0.49,-0.12,9.744,1.480,1.911,0,0
268496,0,-0.45,1.49,9.764,1.571,1.915,0,0
268546,0,-0.49,0.00,9.811,1.547,1.800,0,0
268598,0,-0.47,0.00,9.797,1.532,1.853,0,0
268648,0,-0.47,0.00,9.749,1.566,1.954,0,0
268699,0,-0.47,0.00,9.754,1.590,1.901,0,0
268751,0,-0.47,0.00,9.787,1.551,1.815,0,0
268803,0,-0.46,0.52,9.783,1.542,1.834,0,0
268854,0,-0.46,0.00,9.768,1.571,1.896,0,0
268906,0,-0.45,0.00,9.759,1.547,1.915,0,0
268957,0,-0.43,0.52,9.783,1.585,1.949,0,0
269009,0,-0.43,0.00,9.797,1.590,1.872,0,0
269061,0,-0.48,-1.82,9.773,1.575,1.848,0,0
269112,0,-0.47,0.48,9.783,1.556,1.887,0,0
269164,0,-0.45,0.00,9.740,1.604,1.896,0,0
269215,0,-0.45,0.00,9.773,1.580,1.920,0,0
269267,0,-0.45,0.00,9.778,1.532,1.877,0,0
269319,0,-0.44,0.00,9.797,1.551,2.030,0,0
269369,0,-0.44,0.00,9.740,1.623,2.021,0,0
269419,0,-0.43,0.56,9.797,1.705,1.872,0,0
269470,0,-0.48,-1.97,9.840,1.580,1.772,0,0
269520,0,-0.48,0.00,9.744,1.508,1.844,0,0
269574,0,-0.48,0.00,9.754,1.542,2.054,0,0
269624,0,-0.46,0.52,9.764,1.599,2.016,0,0
269675,0,-0.45,0.52,9.783,1.523,1.810,0,0
269727,0,-0.45,0.00,9.826,1.585,1.820,0,0
269779,0,-0.43,0.00,9.807,1.494,1.877,0,0
269830,0,-0.43,0.52,9.725,1.417,1.958,0,0
269882,0,-0.45,0.00,9.797,1.460,1.925,0,0
269933,0,-0.46,-0.52,9.883,1.662,1.863,0,0
269985,0,-0.46,0.00,9.807,1.599,2.107,0,0
270037,0,-0.46,0.00,9.687,1.317,2.136,0,0
270088,0,-0.51,-1.86,10.003,1.288,2.040,0,0
270140,0,-0.49,0.00,9.673,1.456,1.757,0,0
270191,0,-0.49,0.00,9.787,1.202,1.786,0,0
270243,0,-0.52,-1.41,9.754,1.350,1.987,0,0
270295,0,-0.52,0.00,9.773,1.595,2.145,0,0
270345,0,-0.52,0.00,9.941,1.202,2.059,0,0
270395,0,-0.52,-0.48,9.864,1.202,2.116,0,0
270445,0,-0.52,0.00,9.620,1.116,2.193,0,0
270502,0,-0.58,-0.66,9.831,1.202,2.284,0,0
270552,0,-0.58,0.00,9.802,1.231,2.231,0,0
270604,0,-0.58,0.00,9.720,1.053,2.049,0,0
270654,0,-0.58,0.00,9.797,1.068,2.011,0,0
270705,0,-0.58,0.00,9.864,1.030,2.294,0,0
270757,0,-0.56,0.00,9.768,0.915,2.433,0,0
270809,0,-0.55,0.48,9.749,0.685,2.394,0,0
270860,0,-0.57,-0.71,9.706,0.709,2.203,0,0
270912,0,-0.58,0.00,9.802,0.666,1.992,0,0
270963,0,-0.57,0.00,9.826,0.819,1.997,0,0
271015,0,-0.57,0.00,9.802,0.929,2.054,0,0
271067,0,-0.57,0.00,9.840,1.015,2.136,0,0
271118,0,-0.57,0.00,9.749,0.977,2.011,0,0
271170,0,-0.60,0.00,9.941,0.939,2.078,0,0
271221,0,-0.60,0.00,9.682,0.852,2.174,0,0
271273,0,-0.60,0.00,9.711,0.795,2.174,0,0
271325,0,-0.60,0.52,9.850,1.001,2.064,0,0
271377,0,-0.63,-1.45,10.003,1.207,1.982,0,0
271427,0,-0.62,0.00,9.898,1.202,1.954,0,0
271477,0,-0.60,0.00,9.764,1.087,1.997,0,0
271528,0,-0.60,0.00,9.864,1.192,2.049,0,0
271580,0,-0.63,0.00,9.840,0.972,2.006,0,0
271630,0,-0.63,0.00,9.720,0.986,2.016,0,0
271681,0,-0.63,0.00,9.859,1.097,2.059,0,0
271733,0,-0.63,0.00,9.869,1.226,2.030,0,0
271785,0,-0.63,0.00,9.922,1.250,2.140,0,0
271836,0,-0.63,0.00,9.826,0.972,2.145,0,0
271888,0,-0.63,0.00,9.764,0.651,2.236,0,0
271939,0,-0.64,0.00,9.730,0.541,2.375,0,0
271991,0,-0.65,-0.52,9.716,0.752,2.188,0,0
272043,0,-0.67,0.00,9.783,0.824,1.992,0,0
272094,0,-0.68,-0.52,9.898,0.824,1.935,0,0
272146,0,-0.68,0.00,9.816,0.991,2.083,0,0
272197,0,-0.70,0.00,9.768,0.996,2.049,0,0
272249,0,-0.70,0.00,9.835,1.001,1.944,0,0
272301,0,-0.70,0.00,9.883,1.025,1.906,0,0
272351,0,-0.70,0.00,9.835,0.958,1.920,0,0
272401,0,-0.67,1.13,9.845,0.962,2.035,0,0
272451,0,-0.67,0.00,9.850,0.924,2.093,0,0
272502,0,-0.67,0.00,9.764,1.063,2.112,0,0
272565,0,-0.69,-0.28,9.912,1.369,1.992,0,0
272617,0,-0.68,0.52,9.883,1.437,1.834,0,0
272667,0,-0.65,1.01,9.835,1.283,1.748,0,0
272719,0,-0.65,0.00,9.859,1.389,1.891,0,0
272770,0,-0.64,0.00,9.807,1.317,2.069,0,0
272822,0,-0.66,-0.82,9.720,1.255,2.145,0,0
272873,0,-0.64,0.00,9.869,1.279,2.006,0,0
272925,0,-0.63,0.52,9.831,1.341,2.002,0,0
272977,0,-0.62,0.48,9.816,1.231,1.949,0,0
273028,0,-0.58,1.01,9.773,1.307,2.002,0,0
273080,0,-0.56,0.52,9.807,1.264,2.059,0,0
273131,0,-0.55,0.00,9.759,1.336,2.030,0,0
273183,0,-0.56,0.52,9.850,1.403,2.011,0,0
273235,0,-0.54,0.00,9.926,1.298,1.949,0,0
273286,0,-0.52,0.48,9.807,1.269,2.035,0,0
273338,0,-0.50,0.52,9.773,1.001,2.217,0,0
273390,0,-0.48,0.00,9.658,0.828,2.351,0,0
273440,0,-0.48,0.50,9.620,0.843,2.365,0,0
273491,0,-0.47,0.56,9.768,1.039,2.140,0,0
273541,0,-0.46,0.00,9.946,1.346,1.911,0,0
273593,0,-0.43,0.56,9.950,1.475,1.834,0,0
273645,0,-0.42,0.48,9.893,1.346,1.968,0,0
273695,0,-0.42,0.00,9.768,1.077,2.188,0,0
273746,0,-0.42,0.00,9.682,1.006,2.207,0,0
273798,0,-0.46,-0.52,9.768,1.068,2.251,0,0
273850,0,-0.45,0.52,9.831,1.135,2.088,0,0
273901,0,-0.44,0.48,9.840,1.015,1.987,0,0
273953,0,-0.44,0.00,9.835,1.116,2.040,0,0
274004,0,-0.44,0.00,9.821,1.183,2.054,0,0
274056,0,-0.42,0.52,9.783,1.178,2.016,0,0
274108,0,-0.42,0.00,9.902,0.886,1.987,0,0
274159,0,-0.42,0.00,9.701,0.747,2.097,0,0
274211,0,-0.42,0.00,9.754,0.838,2.255,0,0
274262,0,-0.44,0.00,9.807,1.168,2.265,0,0
274336,0,-0.45,-0.26,9.878,1.125,1.834,0,0
274389,0,-0.49,0.00,9.907,1.197,1.834,0,0
274439,0,-0.49,0.00,9.855,1.077,2.045,0,0
274489,0,-0.49,0.00,9.730,1.049,2.279,0,0
274540,0,-0.47,0.00,9.706,0.910,2.203,0,0
274591,0,-0.48,-0.22,9.840,1.001,2.011,0,0
274643,0,-0.47,0.48,9.912,1.293,1.930,0,0
274694,0,-0.42,1.93,9.936,1.360,1.930,0,0
274745,0,-0.47,-1.79,9.835,1.125,1.954,0,0
274796,0,-0.48,-0.48,9.826,1.125,2.045,0,0
274848,0,-0.49,-0.48,9.797,1.087,2.164,0,0
274899,0,-0.51,-0.60,9.783,1.010,2.265,0,0
274951,0,-0.51,0.00,9.792,1.097,2.121,0,0
275003,0,-0.53,-0.52,9.840,1.030,2.136,0,0
275054,0,-0.53,0.00,9.773,0.881,2.251,0,0
275106,0,-0.57,-1.34,9.730,0.915,2.370,0,0
275157,0,-0.56,0.52,9.807,0.871,2.236,0,0
275209,0,-0.54,0.00,9.744,0.809,1.939,0,0
275261,0,-0.53,0.56,9.893,0.943,1.920,0,0
275312,0,-0.49,1.34,9.864,1.221,2.035,0,0
275364,0,-0.51,0.00,9.859,1.053,2.069,0,0
275414,0,-0.53,-1.09,9.802,0.795,2.155,0,0
275465,0,-0.55,0.00,9.725,0.867,2.246,0,0
275515,0,-0.56,-0.52,9.859,1.030,2.255,0,0
275565,0,-0.54,0.76,9.821,1.034,2.179,0,0
275615,0,-0.58,-1.53,9.692,0.900,2.054,0,0
275666,0,-0.61,-1.01,9.831,1.097,2.002,0,0
275718,0,-0.62,0.00,9.960,1.168,1.963,0,0
275770,0,-0.67,-1.01,9.893,1.025,1.963,0,0
275821,0,-0.65,0.00,9.807,1.030,2.064,0,0
275873,0,-0.65,0.88,9.826,1.097,2.255,0,0
275924,0,-0.63,0.86,9.740,0.876,2.236,0,0
275976,0,-0.61,1.34,9.711,0.943,2.145,0,0
276028,0,-0.62,-0.56,9.845,1.006,2.116,0,0
276079,0,-0.64,0.00,9.869,0.991,2.083,0,0
276131,0,-0.63,-0.48,9.773,0.991,2.040,0,0
276182,0,-0.62,0.00,9.941,1.068,2.131,0,0
276234,0,-0.65,-0.52,9.922,1.034,2.217,0,0
276286,0,-0.62,0.86,9.720,0.637,2.265,0,0
276336,0,-0.64,-0.56,9.716,0.800,2.342,0,0
276391,0,-0.65,-0.15,9.725,1.120,2.212,0,0
276442,0,-0.66,0.00,9.898,1.025,1.901,0,0
276492,0,-0.63,1.33,9.859,0.891,1.815,0,0
276542,0,-0.63,0.00,9.874,0.828,2.064,0,0
276593,0,-0.66,-1.04,9.744,0.862,2.318,0,0
276644,0,-0.66,0.00,9.759,0.819,2.284,0,0
276696,0,-0.67,0.00,9.840,0.977,2.131,0,0
276747,0,-0.67,0.00,9.859,1.159,1.954,0,0
276799,0,-0.69,0.00,9.840,1.087,1.906,0,0
276851,0,-0.65,1.82,9.835,0.948,2.045,0,0
276902,0,-0.66,-0.52,9.730,0.862,2.169,0,0
276954,0,-0.68,0.00,9.787,0.895,2.327,0,0
277005,0,-0.67,0.00,9.845,1.039,2.255,0,0
277057,0,-0.68,0.00,9.864,1.120,2.025,0,0
277109,0,-0.71,0.00,9.883,1.039,1.896,0,0
277160,0,-0.69,0.86,9.811,1.144,2.035,0,0
277212,0,-0.69,0.82,9.778,1.025,2.184,0,0
277263,0,-0.72,-1.01,9.778,1.010,2.164,0,0
277314,0,-0.70,0.82,9.898,1.164,2.188,0,0
277365,0,-0.72,-1.01,9.855,1.130,2.160,0,0
277416,0,-0.70,0.00,9.735,0.843,2.203,0,0
277466,0,-0.71,1.39,9.716,0.718,2.274,0,0
277517,0,-0.73,-1.09,9.787,0.900,2.313,0,0
277566,0,-0.71,0.00,9.749,1.039,2.088,0,0
277618,0,-0.71,-0.52,9.840,0.881,1.863,0,0
277669,0,-0.68,0.00,9.864,0.891,1.997,0,0
277721,0,-0.70,0.36,9.735,0.953,2.270,0,0
277772,0,-0.68,0.86,9.764,0.991,2.236,0,0
277824,0,-0.72,-0.48,9.807,1.077,2.064,0,0
277876,0,-0.66,0.88,9.864,1.001,1.982,0,0
277927,0,-0.68,0.00,9.826,1.077,2.073,0,0
277979,0,-0.63,0.82,9.764,1.034,2.179,0,0
278030,0,-0.64,-0.52,9.816,1.130,2.169,0,0
278082,0,-0.61,0.00,9.826,1.326,2.045,0,0
278134,0,-0.60,0.37,9.845,1.159,1.939,0,0
278184,0,-0.62,-0.52,9.835,0.982,2.030,0,0
278236,0,-0.63,-0.56,9.740,1.010,2.212,0,0
278287,0,-0.59,0.00,9.840,1.322,2.246,0,0
278339,0,-0.58,-0.48,9.888,1.259,2.078,0,0
278388,0,-0.61,0.00,9.759,0.939,2.002,0,0
278446,0,-0.60,0.12,9.730,1.044,2.294,0,0
278496,0,-0.61,0.36,9.773,1.197,2.308,0,0
278546,0,-0.61,0.00,9.759,1.154,2.049,0,0
278598,0,-0.60,0.00,9.893,1.025,1.882,0,0
278649,0,-0.60,0.86,9.902,1.188,2.064,0,0
278700,0,-0.60,0.00,9.754,1.159,2.313,0,0
278751,0,-0.60,0.82,9.711,0.939,2.342,0,0
278803,0,-0.56,1.23,9.735,0.881,2.121,0,0
278855,0,-0.55,0.82,9.768,1.039,2.169,0,0
278906,0,-0.58,-1.01,9.778,1.111,2.169,0,0
278958,0,-0.56,0.00,9.941,1.168,2.255,0,0
279009,0,-0.57,0.00,9.783,0.967,2.207,0,0
279061,0,-0.59,0.00,9.778,0.929,2.274,0,0
279113,0,-0.60,-0.48,9.740,0.991,2.370,0,0
279164,0,-0.60,0.00,9.840,0.924,2.332,0,0
279216,0,-0.59,0.00,9.754,0.915,2.227,0,0
279267,0,-0.63,-0.52,9.816,0.876,2.246,0,0
279319,0,-0.63,0.00,9.792,0.694,2.227,0,0
279371,0,-0.63,0.00,9.620,0.804,2.308,0,0
279421,0,-0.63,0.00,9.802,0.900,2.265,0,0
279472,0,-0.66,0.00,9.792,0.953,2.069,0,0
279522,0,-0.65,0.00,9.855,0.934,1.925,0,0
279571,0,-0.64,0.52,9.783,1.039,1.954,0,0
279622,0,-0.66,-0.82,9.811,1.226,2.088,0,0
279673,0,-0.67,-0.48,9.869,1.288,2.083,0,0
279725,0,-0.64,0.48,9.716,0.991,1.949,0,0
279777,0,-0.68,-1.19,9.787,0.934,2.021,0,0
279828,0,-0.68,0.00,9.946,1.207,2.203,0,0
279880,0,-0.66,0.00,9.706,1.235,2.241,0,0
279931,0,-0.70,0.00,9.701,1.216,2.198,0,0
279983,0,-0.67,0.56,9.931,1.585,2.059,0,0
280035,0,-0.66,0.48,9.984,1.494,1.571,0,0
280086,0,-0.64,0.00,9.888,1.269,1.599,0,0
280138,0,-0.67,-0.86,9.859,1.226,2.011,0,0
280189,0,-0.67,0.00,9.744,1.125,2.279,0,0
280241,0,-0.65,0.52,9.668,1.082,2.231,0,0
280293,0,-0.65,0.00,9.840,1.168,1.906,0,0
280343,0,-0.64,0.52,9.835,1.183,1.628,0,0
280393,0,-0.66,0.00,9.859,1.413,1.776,0,0
280443,0,-0.65,0.00,9.926,1.283,2.021,0,0
280498,0,-0.64,0.18,9.735,1.437,2.188,0,0
280548,0,-0.64,0.00,9.783,1.111,2.021,0,0
280599,0,-0.64,0.00,9.864,1.030,1.987,0,0
280650,0,-0.65,-0.48,9.725,0.953,2.184,0,0
280702,0,-0.64,0.00,9.759,0.934,2.270,0,0
280754,0,-0.64,0.00,9.725,1.178,2.308,0,0
280805,0,-0.64,0.00,9.840,1.211,2.227,0,0
280857,0,-0.64,0.00,9.888,1.197,2.011,0,0
280908,0,-0.64,0.00,9.917,1.053,1.997,0,0
280960,0,-0.64,0.00,9.835,0.915,2.313,0,0
281012,0,-0.62,0.00,9.577,0.709,2.480,0,0
281063,0,-0.64,0.00,9.716,0.622,2.413,0,0
281115,0,-0.64,-0.52,9.749,0.766,2.222,0,0
281166,0,-0.64,0.00,9.787,0.967,2.016,0,0
281218,0,-0.65,-0.48,9.902,1.144,1.887,0,0
281270,0,-0.63,0.82,9.874,1.053,1.911,0,0
281320,0,-0.66,-1.34,9.883,0.924,2.025,0,0
281372,0,-0.66,0.00,9.720,0.958,2.136,0,0
281422,0,-0.66,0.00,9.845,0.996,2.155,0,0
281472,0,-0.66,0.00,9.893,0.934,2.193,0,0
281523,0,-0.66,0.00,9.697,0.632,2.222,0,0
281572,0,-0.63,0.00,9.644,0.867,2.313,0,0
281624,0,-0.68,0.00,9.893,1.245,2.298,0,0
281675,0,-0.68,0.00,9.912,1.302,1.935,0,0
281727,0,-0.69,0.00,9.883,1.120,1.666,0,0
281779,0,-0.69,0.00,9.936,1.207,1.949,0,0
281830,0,-0.70,0.00,9.787,1.063,2.322,0,0
281882,0,-0.70,0.00,9.629,0.939,2.399,0,0
281933,0,-0.72,0.00,9.787,0.943,2.351,0,0
281985,0,-0.72,0.00,9.845,1.087,2.179,0,0
282037,0,-0.72,0.00,9.811,1.030,2.030,0,0
282088,0,-0.72,0.00,9.792,0.972,2.121,0,0
282140,0,-0.70,0.48,9.697,1.001,2.260,0,0
282191,0,-0.70,0.00,9.692,0.934,2.212,0,0
282242,0,-0.70,0.00,9.850,1.010,2.078,0,0
282293,0,-0.75,0.00,9.931,1.140,1.973,0,0
282345,0,-0.75,0.00,9.835,1.168,1.911,0,0
282395,0,-0.75,0.00,9.869,1.087,2.069,0,0
282445,0,-0.75,0.00,9.787,0.948,2.308,0,0
282496,0,-0.75,0.00,9.649,1.049,2.433,0,0
282550,0,-0.74,0.19,9.816,1.216,2.260,0,0
282600,0,-0.75,-0.48,9.912,1.111,1.997,0,0
282652,0,-0.75,0.00,9.835,0.804,1.939,0,0
282703,0,-0.77,0.00,9.764,0.900,2.231,0,0
282755,0,-0.77,0.00,9.754,0.943,2.346,0,0
282806,0,-0.77,0.00,9.802,0.785,2.255,0,0
282858,0,-0.78,0.00,9.826,0.881,2.088,0,0
282910,0,-0.80,-0.52,9.826,1.092,2.021,0,0
282961,0,-0.80,0.00,9.811,1.039,2.016,0,0
283013,0,-0.81,-0.52,9.783,0.867,2.102,0,0
283064,0,-0.81,0.00,9.725,0.881,2.207,0,0
283116,0,-0.81,0.00,9.831,0.919,2.260,0,0
283168,0,-0.80,0.56,9.946,0.843,2.236,0,0
283219,0,-0.80,0.00,9.692,0.804,2.160,0,0
283271,0,-0.77,1.01,9.697,1.101,2.136,0,0
283322,0,-0.75,0.00,9.969,1.269,2.078,0,0
283373,0,-0.75,0.00,9.864,1.173,1.882,0,0
283423,0,-0.74,0.00,9.898,1.006,1.863,0,0
283474,0,-0.73,0.00,9.869,0.986,2.140,0,0
283524,0,-0.73,0.00,9.735,0.742,2.394,0,0
283573,0,-0.73,0.00,9.720,0.752,2.576,0,0
283625,0,-0.74,-0.52,9.773,0.915,2.533,0,0
283677,0,-0.73,0.52,9.701,0.972,2.222,0,0
283728,0,-0.69,1.30,9.725,0.848,1.824,0,0
283780,0,-0.71,-0.78,9.826,1.073,1.867,0,0
283831,0,-0.71,0.00,9.974,1.053,2.097,0,0
283883,0,-0.71,-0.48,9.850,0.939,2.270,0,0
283935,0,-0.70,0.00,9.797,0.967,2.365,0,0
283986,0,-0.71,0.00,9.720,0.891,2.303,0,0
284038,0,-0.71,0.00,9.697,0.871,2.083,0,0
284089,0,-0.73,-0.52,9.950,1.183,2.140,0,0
284141,0,-0.76,-1.49,9.878,1.034,2.160,0,0
284193,0,-0.73,0.00,9.720,0.771,2.174,0,0
284243,0,-0.71,0.52,9.869,0.757,2.313,0,0
284337,0,-0.76,-0.59,9.773,0.848,2.164,0,0
284390,0,-0.75,0.00,9.797,0.713,2.006,0,0
284440,0,-0.74,0.56,9.759,0.776,2.126,0,0
284490,0,-0.74,0.00,9.692,0.819,2.207,0,0
284541,0,-0.77,0.00,9.725,0.924,2.222,0,0
284592,0,-0.77,0.00,9.859,1.030,2.069,0,0
284644,0,-0.76,0.00,9.912,0.924,1.839,0,0
284695,0,-0.76,0.00,9.912,1.030,1.968,0,0
284746,0,-0.76,0.00,9.855,1.073,2.265,0,0
284797,0,-0.76,0.00,9.787,1.058,2.361,0,0
284849,0,-0.76,0.00,9.768,1.106,2.260,0,0
284900,0,-0.76,0.00,9.874,1.010,2.126,0,0
284952,0,-0.76,0.00,9.874,1.001,2.155,0,0
285004,0,-0.76,0.00,9.706,0.776,2.241,0,0
285055,0,-0.77,-0.60,9.620,0.761,2.255,0,0
285107,0,-0.76,0.00,9.711,0.977,2.270,0,0
285158,0,-0.76,0.00,9.955,1.135,2.107,0,0
285210,0,-0.79,-1.34,9.931,1.178,2.006,0,0
285262,0,-0.78,0.00,9.797,0.943,2.083,0,0
285313,0,-0.77,-1.38,9.730,0.934,2.303,0,0
285365,0,-0.75,0.00,9.744,0.924,2.466,0,0
285415,0,-0.74,1.13,9.773,0.919,2.365,0,0
285466,0,-0.74,0.00,9.840,1.025,2.184,0,0
285516,0,-0.73,0.00,9.926,1.188,2.140,0,0
285566,0,-0.76,-1.45,9.902,0.986,2.174,0,0
285616,0,-0.76,0.00,9.730,0.747,2.442,0,0
285667,0,-0.76,0.00,9.634,0.594,2.538,0,0
285719,0,-0.78,0.00,9.687,0.579,2.504,0,0
285771,0,-0.76,0.00,9.706,0.747,2.241,0,0
285822,0,-0.75,0.48,9.878,0.934,2.025,0,0
285874,0,-0.75,0.00,10.017,1.039,1.968,0,0
285925,0,-0.72,0.52,9.802,0.800,2.093,0,0
285977,0,-0.73,0.00,9.740,0.613,2.452,0,0
286029,0,-0.75,0.00,9.606,0.603,2.533,0,0
286080,0,-0.75,0.00,9.706,0.608,2.500,0,0
286132,0,-0.75,0.00,9.811,0.680,2.255,0,0
286183,0,-0.78,-0.52,9.869,1.010,2.160,0,0
286235,0,-0.78,0.00,10.036,1.173,2.164,0,0
286287,0,-0.76,0.00,9.859,0.781,2.126,0,0
286337,0,-0.76,0.00,9.687,0.383,2.303,0,0
286391,0,-0.80,-0.44,9.591,0.431,2.523,0,0
286441,0,-0.75,0.00,9.653,0.694,2.504,0,0
286492,0,-0.75,0.00,9.850,0.891,2.169,0,0
286542,0,-0.73,0.00,10.008,0.939,1.915,0,0
286593,0,-0.75,-0.56,9.946,1.025,1.982,0,0
286644,0,-0.76,-0.48,9.864,0.991,2.227,0,0
286695,0,-0.76,0.00,9.735,0.661,2.370,0,0
286747,0,-0.78,0.00,9.601,0.450,2.404,0,0
286799,0,-0.79,-0.52,9.644,0.603,2.476,0,0
286850,0,-0.79,0.00,9.902,0.924,2.399,0,0
286902,0,-0.79,0.00,9.969,0.948,2.164,0,0
286953,0,-0.79,0.00,9.850,0.862,2.002,0,0
287005,0,-0.80,0.00,9.888,0.919,2.116,0,0
287057,0,-0.82,-0.52,9.807,0.838,2.318,0,0
287108,0,-0.82,0.00,9.716,0.661,2.380,0,0
287160,0,-0.78,0.00,9.682,0.503,2.471,0,0
287211,0,-0.78,0.00,9.687,0.493,2.370,0,0
287263,0,-0.79,-0.48,9.773,0.704,2.322,0,0
287315,0,-0.81,-0.52,9.855,0.958,2.188,0,0
287365,0,-0.81,0.00,9.965,0.977,2.069,0,0
287415,0,-0.82,-0.56,9.902,0.838,2.025,0,0
287466,0,-0.82,0.00,9.778,0.728,2.203,0,0
287516,0,-0.83,-0.52,9.720,0.670,2.495,0,0
287566,0,-0.83,0.00,9.687,0.474,2.471,0,0
287617,0,-0.83,0.00,9.634,0.407,2.456,0,0
287669,0,-0.82,0.00,9.855,0.871,2.409,0,0
287720,0,-0.79,0.00,9.974,1.135,2.260,0,0
287772,0,-0.77,0.52,9.883,0.804,2.069,0,0
287823,0,-0.77,0.00,9.807,0.503,2.241,0,0
287875,0,-0.75,0.00,9.582,0.570,2.576,0,0
287927,0,-0.74,0.00,9.562,0.747,2.476,0,0
287978,0,-0.73,0.00,10.017,0.939,2.212,0,0
288030,0,-0.70,-0.82,10.003,1.053,2.131,0,0
288081,0,-0.70,0.00,9.787,0.776,2.332,0,0
288133,0,-0.68,0.00,9.601,0.599,2.523,0,0
288185,0,-0.68,0.00,9.629,0.532,2.504,0,0
288235,0,-0.67,0.48,9.701,0.560,2.179,0,0
288287,0,-0.66,0.56,9.802,0.575,2.002,0,0
288338,0,-0.66,0.00,9.768,0.881,2.083,0,0
288390,0,-0.63,0.52,9.740,1.144,2.188,0,0
288449,0,-0.65,-0.29,9.931,1.599,2.207,0,0
288500,0,-0.64,0.00,9.855,1.585,1.877,0,0
288550,0,-0.61,0.52,9.644,1.221,1.748,0,0
288600,0,-0.61,0.00,9.697,1.403,2.059,0,0
288651,0,-0.60,0.56,9.711,1.566,2.184,0,0
288703,0,-0.58,0.52,9.677,1.781,1.982,0,0
288752,0,-0.57,0.52,9.821,2.174,1.733,0,0
288804,0,-0.56,0.52,9.898,2.294,1.422,0,0
288855,0,-0.54,0.00,9.869,2.188,1.307,0,0
288907,0,-0.55,-0.74,9.701,2.083,1.475,0,0
288958,0,-0.53,0.00,9.586,1.978,1.671,0,0
289010,0,-0.52,0.00,9.543,2.236,1.772,0,0
289062,0,-0.51,0.48,9.749,2.456,1.432,0,0
289113,0,-0.51,0.00,9.764,2.399,1.010,0,0
289165,0,-0.48,0.00,9.826,2.394,1.039,0,0
289216,0,-0.47,0.00,9.711,2.361,1.489,0,0
289267,0,-0.47,0.00,9.572,2.452,1.925,0,0
289318,0,-0.47,0.00,9.510,2.557,1.978,0,0
289370,0,-0.45,0.00,9.673,2.653,1.738,0,0
289420,0,-0.44,0.52,9.625,2.586,1.379,0,0
289471,0,-0.44,0.00,9.596,2.552,1.168,0,0
289521,0,-0.44,-0.56,9.682,2.533,1.240,0,0
289574,0,-0.44,0.00,9.711,2.614,1.504,0,0
289625,0,-0.41,0.52,9.553,2.523,1.657,0,0
289677,0,-0.45,-1.34,9.562,2.480,1.623,0,0
289728,0,-0.45,0.00,9.668,2.595,1.551,0,0
289780,0,-0.45,0.00,9.610,2.634,1.437,0,0
289832,0,-0.43,0.48,9.649,2.591,1.417,0,0
289883,0,-0.42,0.52,9.601,2.619,1.504,0,0
289935,0,-0.41,0.48,9.625,2.509,1.614,0,0
289986,0,-0.39,0.00,9.582,2.413,1.652,0,0
290038,0,-0.38,0.52,9.601,2.447,1.781,0,0
290090,0,-0.31,0.00,9.582,2.562,1.839,0,0
290141,0,-0.30,0.52,9.567,2.595,1.733,0,0
290193,0,-0.29,0.52,9.644,2.519,1.705,0,0
290244,0,-0.27,0.00,9.596,2.471,1.700,0,0
290295,0,-0.25,1.01,9.610,2.437,1.776,0,0
290346,0,-0.23,0.48,9.629,2.389,1.796,0,0
290396,0,-0.22,0.56,9.577,2.409,1.853,0,0
290447,0,-0.22,0.00,9.567,2.342,1.767,0,0
290507,0,-0.21,0.17,9.634,2.490,1.738,0,0
290560,0,-0.19,0.00,9.596,2.571,1.709,0,0
290610,0,-0.18,0.52,9.567,2.504,1.652,0,0
290662,0,-0.18,0.00,9.634,2.557,1.676,0,0
290713,0,-0.18,0.00,9.649,2.591,1.767,0,0
290765,0,-0.21,0.00,9.519,2.576,1.776,0,0
290816,0,-0.23,-0.56,9.510,2.490,1.724,0,0
290868,0,-0.23,-0.52,9.606,2.705,1.743,0,0
290920,0,-0.21,0.52,9.548,2.490,1.642,0,0
290971,0,-0.21,0.00,9.572,2.610,1.657,0,0
291023,0,-0.21,0.00,9.519,2.849,1.642,0,0
291074,0,-0.21,0.00,9.553,3.017,1.652,0,0
291126,0,-0.24,-1.34,9.577,2.935,1.618,0,0
291178,0,-0.22,0.52,9.424,2.974,1.551,0,0
291229,0,-0.20,0.00,9.495,2.945,1.465,0,0
291281,0,-0.18,0.00,9.543,2.964,1.504,0,0
291332,0,-0.17,0.00,9.457,3.050,1.551,0,0
291384,0,-0.15,0.56,9.462,3.012,1.599,0,0
291435,0,-0.14,0.56,9.467,3.050,1.618,0,0
291485,0,-0.15,0.00,9.443,2.993,1.666,0,0
291536,0,-0.19,-1.45,9.476,2.964,1.690,0,0
291587,0,-0.18,0.56,9.433,2.945,1.700,0,0
291638,0,-0.16,0.48,9.433,2.974,1.709,0,0
291689,0,-0.16,0.00,9.486,3.041,1.767,0,0
291741,0,-0.15,0.56,9.424,3.060,1.738,0,0
291792,0,-0.15,0.00,9.428,3.060,1.762,0,0
291844,0,-0.19,0.00,9.462,3.060,1.724,0,0
291896,0,-0.19,-0.52,9.433,3.065,1.690,0,0
291947,0,-0.20,0.00,9.433,3.079,1.772,0,0
291999,0,-0.19,0.00,9.448,3.055,1.786,0,0
292050,0,-0.22,-1.34,9.448,3.007,1.848,0,0
292102,0,-0.22,0.00,9.438,3.050,1.891,0,0
292154,0,-0.22,0.00,9.380,3.012,1.743,0,0
292205,0,-0.22,0.00,9.471,3.002,1.729,0,0
292257,0,-0.24,-0.52,9.452,3.002,1.791,0,0
292308,0,-0.27,-1.30,9.385,2.935,1.820,0,0
292359,0,-0.25,0.82,9.428,2.974,1.839,0,0
292409,0,-0.24,0.00,9.438,2.993,1.834,0,0
292459,0,-0.24,0.00,9.448,3.050,1.829,0,0
292510,0,-0.25,-0.52,9.476,2.935,1.791,0,0
292564,0,-0.24,0.17,9.438,2.983,1.810,0,0
292614,0,-0.24,0.00,9.476,2.974,1.820,0,0
292666,0,-0.28,-1.83,9.424,2.998,1.800,0,0
292717,0,-0.28,0.00,9.438,2.950,1.844,0,0
292769,0,-0.30,0.00,9.452,3.045,1.863,0,0
292820,0,-0.31,0.00,9.419,2.978,1.815,0,0
292872,0,-0.35,-0.52,9.428,2.887,1.776,0,0
292923,0,-0.35,0.00,9.462,3.002,1.781,0,0
292975,0,-0.35,0.00,9.452,2.964,1.853,0,0
293027,0,-0.35,0.00,9.443,2.954,1.844,0,0
293078,0,-0.35,0.00,9.438,2.993,1.887,0,0
293130,0,-0.37,0.00,9.457,2.964,1.839,0,0
293181,0,-0.37,0.00,9.443,2.950,1.853,0,0
293233,0,-0.37,0.00,9.462,2.969,1.891,0,0
293285,0,-0.38,0.00,9.395,2.887,1.906,0,0
293335,0,-0.40,-0.52,9.471,2.940,1.848,0,0
293385,0,-0.41,-0.52,9.543,3.045,1.911,0,0
293435,0,-0.42,0.00,9.452,2.926,1.867,0,0
293485,0,-0.40,0.52,9.409,2.844,1.925,0,0
293536,0,-0.37,0.89,9.428,2.883,1.901,0,0
293587,0,-0.37,0.00,9.433,2.825,1.858,0,0
293639,0,-0.39,0.00,9.428,2.849,1.906,0,0
293690,0,-0.39,0.00,9.476,2.902,1.891,0,0
293742,0,-0.41,-0.48,9.476,2.887,1.858,0,0
293794,0,-0.43,-0.52,9.419,2.854,1.848,0,0
293845,0,-0.44,0.00,9.467,2.926,1.853,0,0
293897,0,-0.39,1.34,9.491,2.916,1.820,0,0
293948,0,-0.41,0.00,9.443,2.902,1.815,0,0
294000,0,-0.42,0.00,9.467,2.921,1.877,0,0
294052,0,-0.43,-0.52,9.457,2.921,1.824,0,0
294103,0,-0.47,-0.52,9.452,2.892,1.906,0,0
294155,0,-0.45,0.86,9.448,2.950,1.944,0,0
294206,0,-0.45,0.00,9.438,2.935,1.829,0,0
294257,0,-0.46,-0.52,9.481,2.959,1.772,0,0
294338,0,-0.48,0.00,9.414,2.907,1.867,0,0
294391,0,-0.48,0.00,9.414,2.935,1.954,0,0
294441,0,-0.49,0.00,9.424,2.954,1.901,0,0
294492,0,-0.51,-0.56,9.433,2.950,1.848,0,0
294542,0,-0.56,-1.97,9.443,2.969,1.834,0,0
294593,0,-0.57,0.00,9.476,2.998,1.848,0,0
294645,0,-0.56,0.00,9.419,2.935,1.853,0,0
294697,0,-0.56,0.00,9.424,3.002,1.863,0,0
294747,0,-0.56,0.00,9.462,3.007,1.810,0,0
294798,0,-0.56,0.00,9.448,2.954,1.844,0,0
294850,0,-0.56,0.00,9.409,2.993,1.944,0,0
294899,0,-0.56,0.00,9.409,3.002,1.925,0,0
294951,0,-0.58,-1.82,9.438,2.969,1.824,0,0
295002,0,-0.58,0.00,9.390,2.897,1.781,0,0
295054,0,-0.60,0.00,9.433,3.026,1.915,0,0
295105,0,-0.61,-0.56,9.443,3.031,1.891,0,0
295157,0,-0.61,0.00,9.395,3.021,1.887,0,0
295209,0,-0.61,0.00,9.443,2.998,1.815,0,0
295260,0,-0.61,0.00,9.452,3.017,1.872,0,0
295312,0,-0.61,0.00,9.438,2.978,1.834,0,0
295363,0,-0.62,-0.48,9.419,2.969,1.872,0,0
295414,0,-0.62,0.00,9.419,3.041,1.891,0,0
295464,0,-0.60,0.60,9.452,3.055,1.839,0,0
295514,0,-0.56,1.35,9.443,2.974,1.834,0,0
295567,0,-0.57,0.00,9.414,3.041,1.939,0,0
295617,0,-0.57,0.00,9.376,2.969,1.935,0,0
295669,0,-0.59,0.00,9.400,2.978,1.891,0,0
295720,0,-0.60,0.00,9.428,2.954,1.853,0,0
295772,0,-0.62,0.00,9.424,3.007,1.882,0,0
295823,0,-0.66,-0.48,9.409,2.959,1.920,0,0
295875,0,-0.67,-0.52,9.404,2.964,1.920,0,0
295927,0,-0.65,0.00,9.476,3.041,1.901,0,0
295978,0,-0.69,0.00,9.462,2.950,1.848,0,0
296030,0,-0.70,0.00,9.414,2.916,1.887,0,0
296081,0,-0.69,0.86,9.409,2.983,1.915,0,0
296133,0,-0.71,-0.52,9.481,3.002,1.906,0,0
296185,0,-0.72,0.00,9.424,2.969,1.882,0,0
296236,0,-0.74,-0.52,9.428,2.998,1.915,0,0
296288,0,-0.71,0.00,9.457,2.959,1.911,0,0
296338,0,-0.73,-0.52,9.452,2.959,1.839,0,0
296395,0,-0.74,-0.18,9.385,2.835,1.829,0,0
296446,0,-0.72,0.00,9.476,2.945,1.906,0,0
296496,0,-0.73,-0.56,9.495,2.964,1.992,0,0
296546,0,-0.75,0.00,9.352,2.902,1.887,0,0
296597,0,-0.71,1.34,9.467,2.907,1.867,0,0
296648,0,-0.73,0.00,9.515,2.978,1.896,0,0
296700,0,-0.73,0.00,9.414,2.840,1.882,0,0
296751,0,-0.69,0.00,9.424,2.873,1.935,0,0
296803,0,-0.69,0.00,9.481,2.878,1.949,0,0
296855,0,-0.69,0.00,9.457,2.902,1.882,0,0
296906,0,-0.69,0.00,9.457,2.854,1.906,0,0
296958,0,-0.67,0.00,9.495,2.907,2.002,0,0
297009,0,-0.68,0.00,9.419,2.868,1.982,0,0
297061,0,-0.67,-0.48,9.462,2.840,1.911,0,0
297113,0,-0.67,0.00,9.491,2.811,1.901,0,0
297164,0,-0.67,0.00,9.438,2.830,1.930,0,0
297216,0,-0.64,1.30,9.481,2.883,1.930,0,0
297267,0,-0.65,0.00,9.471,2.854,1.925,0,0
297318,0,-0.65,0.00,9.428,2.873,1.911,0,0
297369,0,-0.65,0.00,9.491,2.830,1.915,0,0
297420,0,-0.66,-0.56,9.476,2.792,1.944,0,0
297470,0,-0.64,0.00,9.462,2.863,1.954,0,0
297521,0,-0.64,0.00,9.519,2.916,1.954,0,0
297573,0,-0.65,-0.56,9.438,2.792,1.839,0,0
297624,0,-0.67,-0.52,9.457,2.840,1.915,0,0
297676,0,-0.67,0.00,9.462,2.878,2.040,0,0
297727,0,-0.70,-1.04,9.428,2.859,1.935,0,0
297779,0,-0.70,0.00,9.457,2.744,1.877,0,0
297831,0,-0.74,-0.52,9.491,2.825,1.906,0,0
297882,0,-0.74,0.00,9.433,2.825,1.930,0,0
297934,0,-0.74,0.00,9.471,2.825,1.954,0,0
297985,0,-0.74,0.00,9.476,2.883,1.915,0,0
298037,0,-0.71,0.00,9.486,2.840,1.896,0,0
298089,0,-0.73,-0.56,9.462,2.835,1.935,0,0
298140,0,-0.74,0.00,9.462,2.844,1.973,0,0
298192,0,-0.76,0.00,9.428,2.854,1.997,0,0
298242,0,-0.76,0.00,9.452,2.863,1.925,0,0
298294,0,-0.76,0.00,9.505,2.830,1.887,0,0
298345,0,-0.76,0.00,9.476,2.863,1.968,0,0
298398,0,-0.73,0.52,9.433,2.854,1.958,0,0
298452,0,-0.73,0.00,9.443,2.902,1.901,0,0
298503,0,-0.73,0.00,9.500,2.796,1.834,0,0
298553,0,-0.73,0.00,9.428,2.844,1.891,0,0
298604,0,-0.74,0.00,9.462,2.887,1.973,0,0
298655,0,-0.74,0.00,9.457,2.844,1.963,0,0
298706,0,-0.73,0.00,9.452,2.902,1.920,0,0
298758,0,-0.71,0.00,9.491,2.868,1.901,0,0
298810,0,-0.71,0.00,9.438,2.835,1.939,0,0
298861,0,-0.71,0.00,9.428,2.854,1.958,0,0
298913,0,-0.71,-0.52,9.495,2.945,2.006,0,0
298964,0,-0.73,-0.52,9.428,2.835,1.848,0,0
299016,0,-0.73,0.00,9.476,2.887,1.911,0,0
299068,0,-0.73,0.00,9.438,2.854,2.011,0,0
299119,0,-0.75,-0.84,9.400,2.883,1.958,0,0
299171,0,-0.72,0.00,9.486,2.849,1.891,0,0
299222,0,-0.71,0.52,9.467,2.844,1.877,0,0
299274,0,-0.71,0.00,9.419,2.931,1.944,0,0
299326,0,-0.70,0.00,9.438,2.892,1.982,0,0
299377,0,-0.70,0.00,9.448,2.935,1.925,0,0
299428,0,-0.68,0.00,9.452,2.940,1.915,0,0
299478,0,-0.67,0.52,9.476,2.931,1.911,0,0
299529,0,-0.67,0.00,9.457,2.878,1.935,0,0
299580,0,-0.64,0.52,9.424,2.911,1.978,0,0
299631,0,-0.64,0.00,9.476,2.940,1.968,0,0
299682,0,-0.63,0.48,9.491,2.926,1.896,0,0
299734,0,-0.61,0.52,9.471,2.873,1.949,0,0
299786,0,-0.60,0.00,9.414,2.863,1.987,0,0
299837,0,-0.59,0.00,9.438,2.902,1.954,0,0
299889,0,-0.59,0.00,9.481,2.830,1.925,0,0
299940,0,-0.61,0.00,9.443,2.849,1.939,0,0
299992,0,-0.61,0.00,9.448,2.863,2.006,0,0
300044,0,-0.59,0.48,9.457,2.883,1.987,0,0
300095,0,-0.61,-0.52,9.443,2.859,1.968,0,0
300147,0,-0.61,0.00,9.476,2.887,1.944,0,0
300198,0,-0.61,0.00,9.452,2.820,1.939,0,0
300250,0,-0.61,0.00,9.443,2.840,2.021,0,0
300302,0,-0.61,0.52,9.448,2.916,2.011,0,0
300352,0,-0.61,0.00,9.481,2.878,1.925,0,0
300402,0,-0.61,0.00,9.462,2.844,1.973,0,0
300452,0,-0.59,0.52,9.467,2.878,2.002,0,0
300507,0,-0.59,0.00,9.428,2.844,1.982,0,0
300556,0,-0.59,0.00,9.438,2.787,1.920,0,0
300607,0,-0.58,0.52,9.491,2.825,1.935,0,0
300658,0,-0.57,0.52,9.433,2.820,1.944,0,0
300710,0,-0.57,0.00,9.443,2.863,2.002,0,0
300761,0,-0.57,0.00,9.452,2.849,1.963,0,0
300813,0,-0.58,-0.52,9.457,2.883,1.954,0,0
300865,0,-0.57,0.52,9.471,2.830,1.968,0,0
300916,0,-0.58,-0.56,9.471,2.863,1.935,0,0
300968,0,-0.57,0.52,9.419,2.782,1.920,0,0
301019,0,-0.57,0.00,9.452,2.849,1.987,0,0
301071,0,-0.55,0.48,9.515,2.859,1.968,0,0
301123,0,-0.58,-0.82,9.457,2.883,1.944,0,0
301174,0,-0.56,0.00,9.471,2.787,1.982,0,0
301226,0,-0.55,0.52,9.433,2.859,2.011,0,0
301277,0,-0.55,0.00,9.448,2.811,1.944,0,0
301328,0,-0.53,0.52,9.476,2.801,1.935,0,0
301380,0,-0.53,0.00,9.438,2.787,2.006,0,0
301430,0,-0.51,1.09,9.476,2.859,1.958,0,0
301480,0,-0.49,0.00,9.510,2.811,1.987,0,0
301531,0,-0.48,0.56,9.476,2.854,1.997,0,0
301583,0,-0.48,0.00,9.471,2.787,2.006,0,0
301634,0,-0.50,0.00,9.448,2.792,2.011,0,0
301686,0,-0.47,0.52,9.448,2.777,1.944,0,0
301737,0,-0.47,0.00,9.471,2.772,1.968,0,0
301789,0,-0.46,0.00,9.462,2.825,1.982,0,0
301841,0,-0.46,0.00,9.510,2.806,1.930,0,0
301892,0,-0.45,0.00,9.467,2.705,1.939,0,0
301944,0,-0.42,0.56,9.462,2.806,1.992,0,0
301995,0,-0.41,0.00,9.510,2.806,2.035,0,0
302047,0,-0.38,0.52,9.457,2.806,1.963,0,0
302098,0,-0.39,-0.34,9.538,2.825,2.054,0,0
302150,0,-0.39,0.00,9.390,2.662,1.901,0,0
302202,0,-0.37,0.52,9.510,2.787,2.011,0,0
302252,0,-0.37,0.00,9.467,2.801,2.011,0,0
302304,0,-0.37,0.00,9.462,2.787,1.992,0,0
302355,0,-0.37,0.00,9.471,2.720,1.925,0,0
302405,0,-0.41,0.00,9.519,2.849,1.978,0,0
302456,0,-0.41,0.00,9.471,2.662,1.939,0,0
302506,0,-0.41,0.00,9.448,2.782,1.958,0,0
302561,0,-0.43,-0.32,9.515,2.830,2.006,0,0
302613,0,-0.43,0.00,9.448,2.720,1.944,0,0
302664,0,-0.43,0.00,9.486,2.749,1.997,0,0
302715,0,-0.43,0.00,9.471,2.806,2.030,0,0
302766,0,-0.45,0.00,9.419,2.753,2.002,0,0
302818,0,-0.43,0.00,9.471,2.744,1.935,0,0
302869,0,-0.42,0.52,9.491,2.739,1.935,0,0
302921,0,-0.41,0.00,9.467,2.840,2.006,0,0
302973,0,-0.41,0.00,9.481,2.801,2.002,0,0
303024,0,-0.39,0.00,9.452,2.792,1.968,0,0
303076,0,-0.38,0.00,9.471,2.849,1.949,0,0
303127,0,-0.36,0.52,9.471,2.796,1.939,0,0
303179,0,-0.40,-1.27,9.467,2.772,1.939,0,0
303231,0,-0.36,1.27,9.457,2.796,1.963,0,0
303282,0,-0.36,0.00,9.448,2.835,1.978,0,0
303334,0,-0.35,1.23,9.467,2.816,1.958,0,0
303386,0,-0.37,0.00,9.500,2.830,1.982,0,0
303436,0,-0.38,0.00,9.467,2.849,2.021,0,0
303487,0,-0.38,0.00,9.433,2.796,2.021,0,0
303537,0,-0.38,0.00,9.457,2.835,1.968,0,0
303589,0,-0.38,0.00,9.500,2.787,1.925,0,0
303640,0,-0.37,0.56,9.443,2.816,1.982,0,0
303691,0,-0.36,0.48,9.428,2.796,2.006,0,0
303742,0,-0.36,0.00,9.467,2.902,2.049,0,0
303794,0,-0.37,0.48,9.471,2.844,1.973,0,0
303845,0,-0.35,0.56,9.467,2.859,1.954,0,0
303897,0,-0.35,0.00,9.486,2.820,1.954,0,0
303949,0,-0.35,0.00,9.438,2.825,2.025,0,0
304000,0,-0.37,-0.56,9.438,2.844,2.040,0,0
304052,0,-0.39,-1.34,9.486,2.931,1.963,0,0
304103,0,-0.39,0.00,9.462,2.753,1.958,0,0
304155,0,-0.39,0.00,9.424,2.887,2.059,0,0
304207,0,-0.37,0.52,9.452,2.816,2.049,0,0
304258,0,-0.39,0.00,9.443,2.806,1.958,0,0
304338,0,-0.37,0.26,9.457,2.796,1.982,0,0
304391,0,-0.37,0.00,9.448,2.796,2.006,0,0
304441,0,-0.41,-1.39,9.471,2.811,2.021,0,0
304491,0,-0.40,0.00,9.476,2.844,2.054,0,0
304542,0,-0.37,0.56,9.476,2.782,2.006,0,0
304593,0,-0.35,0.52,9.452,2.792,1.992,0,0
304645,0,-0.34,0.00,9.505,2.792,2.025,0,0
304697,0,-0.34,0.00,9.457,2.739,1.992,0,0
304747,0,-0.34,0.00,9.452,2.720,2.059,0,0
304798,0,-0.34,0.00,9.495,2.844,2.025,0,0
304850,0,-0.33,0.00,9.476,2.734,2.035,0,0
304902,0,-0.36,-1.30,9.438,2.768,2.011,0,0
304953,0,-0.36,0.00,9.510,2.777,1.949,0,0
305005,0,-0.40,-1.38,9.495,2.729,2.040,0,0
305056,0,-0.41,-0.52,9.419,2.672,2.064,0,0
305108,0,-0.40,0.00,9.467,2.768,2.083,0,0
305160,0,-0.40,0.00,9.491,2.768,2.035,0,0
305211,0,-0.39,0.00,9.467,2.787,2.002,0,0
305263,0,-0.37,0.00,9.500,2.758,2.030,0,0
305314,0,-0.37,0.00,9.443,2.715,2.078,0,0
305366,0,-0.36,0.52,9.462,2.763,2.121,0,0
305416,0,-0.34,0.52,9.491,2.801,2.054,0,0
305467,0,-0.34,0.00,9.500,2.772,2.011,0,0
305517,0,-0.33,0.56,9.476,2.744,2.016,0,0
305567,0,-0.32,0.56,9.471,2.796,2.078,0,0
305617,0,-0.35,-1.34,9.471,2.744,2.078,0,0
305668,0,-0.35,0.00,9.419,2.725,2.021,0,0
305720,0,-0.34,0.00,9.476,2.729,2.011,0,0
305772,0,-0.33,0.00,9.457,2.725,2.045,0,0
305823,0,-0.33,0.00,9.467,2.744,2.069,0,0
305875,0,-0.28,0.48,9.471,2.787,2.083,0,0
305926,0,-0.29,-0.48,9.467,2.811,2.088,0,0
305978,0,-0.29,1.34,9.457,2.715,2.025,0,0
306030,0,-0.33,-1.34,9.476,2.744,2.035,0,0
306081,0,-0.33,0.00,9.457,2.792,2.097,0,0
306133,0,-0.31,0.00,9.424,2.782,2.078,0,0
306184,0,-0.33,-0.48,9.495,2.811,2.025,0,0
306236,0,-0.30,0.56,9.471,2.734,2.064,0,0
306288,0,-0.30,0.00,9.443,2.768,2.116,0,0
306338,0,-0.31,-0.52,9.443,2.749,2.126,0,0
306394,0,-0.31,0.00,9.433,2.744,2.040,0,0
306445,0,-0.31,0.00,9.486,2.696,2.002,0,0
306495,0,-0.30,0.00,9.457,2.796,2.049,0,0
306546,0,-0.33,0.00,9.452,2.792,2.126,0,0
306596,0,-0.33,0.00,9.452,2.753,2.097,0,0
306648,0,-0.32,0.52,9.467,2.782,2.064,0,0
306699,0,-0.33,0.00,9.491,2.782,2.030,0,0
306751,0,-0.33,0.00,9.443,2.768,2.049,0,0
306802,0,-0.32,0.52,9.433,2.715,2.049,0,0
306854,0,-0.29,0.56,9.462,2.820,2.107,0,0
306905,0,-0.27,1.01,9.510,2.859,2.035,0,0
306957,0,-0.25,0.00,9.486,2.744,1.973,0,0
307009,0,-0.25,0.00,9.462,2.811,2.112,0,0
307060,0,-0.29,0.00,9.433,2.725,2.102,0,0
307112,0,-0.30,-0.52,9.385,2.753,2.064,0,0
307163,0,-0.30,0.00,9.505,2.753,2.030,0,0
307215,0,-0.30,0.00,9.462,2.806,2.011,0,0
307267,0,-0.29,0.00,9.433,2.796,2.045,0,0
307317,0,-0.32,-1.34,9.457,2.744,2.054,0,0
307369,0,-0.32,0.00,9.448,2.840,2.083,0,0
307419,0,-0.34,0.00,9.471,2.801,2.107,0,0
307469,0,-0.34,0.00,9.443,2.796,2.045,0,0
307520,0,-0.39,-1.93,9.452,2.801,2.011,0,0
307569,0,-0.39,0.00,9.433,2.825,2.059,0,0
307621,0,-0.39,0.00,9.457,2.849,2.073,0,0
307672,0,-0.39,0.00,9.448,2.835,2.006,0,0
307724,0,-0.37,0.52,9.462,2.796,2.059,0,0
307776,0,-0.37,0.00,9.448,2.873,2.107,0,0
307827,0,-0.42,0.00,9.424,2.835,2.064,0,0
307879,0,-0.41,0.00,9.428,2.825,2.035,0,0
307930,0,-0.40,0.00,9.438,2.796,2.021,0,0
307982,0,-0.40,-0.52,9.419,2.887,2.097,0,0
308034,0,-0.40,0.00,9.428,2.830,2.093,0,0
308085,0,-0.43,0.00,9.433,2.907,2.059,0,0
308137,0,-0.43,0.00,9.467,2.863,2.078,0,0
308188,0,-0.42,0.00,9.433,2.863,2.073,0,0
308239,0,-0.42,0.00,9.404,2.863,2.097,0,0
308290,0,-0.42,0.00,9.414,2.940,2.126,0,0
308342,0,-0.42,0.00,9.467,2.897,2.136,0,0
308392,0,-0.42,0.00,9.414,2.902,2.140,0,0
308446,0,-0.45,-0.52,9.457,2.782,2.126,0,0
308496,0,-0.45,0.00,9.428,2.921,2.212,0,0
308546,0,-0.45,0.00,9.400,2.887,2.217,0,0
308597,0,-0.45,0.00,9.376,2.859,1.997,0,0
308648,0,-0.45,0.00,9.500,2.835,2.011,0,0
308700,0,-0.45,0.00,9.366,2.801,2.164,0,0
308751,0,-0.43,0.56,9.361,2.830,2.265,0,0
308803,0,-0.41,0.45,9.457,2.859,2.251,0,0
308855,0,-0.43,0.00,9.424,2.868,2.184,0,0
308906,0,-0.42,0.56,9.457,2.753,2.126,0,0
308958,0,-0.42,0.00,9.433,2.792,2.169,0,0
309009,0,-0.46,-1.38,9.395,2.772,2.212,0,0
309061,0,-0.44,0.00,9.438,2.801,2.260,0,0
309113,0,-0.44,0.00,9.476,2.801,2.174,0,0
309164,0,-0.43,0.52,9.457,2.753,2.164,0,0
309216,0,-0.47,0.00,9.448,2.777,2.236,0,0
309267,0,-0.47,-0.56,9.428,2.729,2.265,0,0
309318,0,-0.45,0.56,9.404,2.710,2.193,0,0
309369,0,-0.45,0.00,9.462,2.672,2.155,0,0
309420,0,-0.44,0.00,9.443,2.734,2.203,0,0
309470,0,-0.45,0.00,9.443,2.696,2.227,0,0
309521,0,-0.44,0.50,9.443,2.725,2.236,0,0
309570,0,-0.44,0.00,9.443,2.715,2.184,0,0
309622,0,-0.44,0.00,9.476,2.686,2.184,0,0
309673,0,-0.44,0.00,9.462,2.705,2.188,0,0
309725,0,-0.44,-0.74,9.438,2.667,2.231,0,0
309777,0,-0.44,0.00,9.419,2.720,2.222,0,0
309828,0,-0.44,0.00,9.476,2.729,2.160,0,0
309880,0,-0.44,0.00,9.481,2.696,2.150,0,0
309931,0,-0.44,0.00,9.452,2.701,2.260,0,0
309983,0,-0.48,-0.48,9.419,2.691,2.274,0,0
310035,0,-0.48,0.00,9.424,2.691,2.222,0,0
310086,0,-0.48,0.00,9.433,2.677,2.150,0,0
310138,0,-0.48,0.00,9.433,2.705,2.198,0,0
310189,0,-0.50,0.00,9.457,2.667,2.203,0,0
310240,0,-0.50,0.00,9.385,2.662,2.284,0,0
310291,0,-0.49,0.00,9.385,2.710,2.246,0,0
310343,0,-0.48,0.48,9.457,2.878,2.150,0,0
310393,0,-0.48,0.00,9.505,2.964,2.102,0,0
310443,0,-0.48,0.00,9.500,2.916,2.126,0,0
310499,0,-0.46,0.20,9.419,2.902,2.251,0,0
310549,0,-0.50,0.00,9.443,2.931,2.246,0,0
310600,0,-0.48,0.60,9.467,2.792,2.169,0,0
310651,0,-0.48,0.00,9.424,2.720,2.241,0,0
310702,0,-0.47,0.00,9.361,2.696,2.284,0,0
310754,0,-0.46,0.52,9.342,2.696,2.308,0,0
310805,0,-0.47,-0.52,9.452,2.777,2.217,0,0
310857,0,-0.51,0.00,9.505,2.849,2.193,0,0
310909,0,-0.49,0.56,9.428,2.734,2.131,0,0
310960,0,-0.48,0.00,9.366,2.749,2.289,0,0
311012,0,-0.44,0.48,9.433,2.840,2.260,0,0
311064,0,-0.44,0.00,9.481,2.696,2.184,0,0
311115,0,-0.42,0.56,9.361,2.715,2.184,0,0
311167,0,-0.41,0.48,9.471,2.811,2.227,0,0
311218,0,-0.40,0.00,9.476,2.772,2.255,0,0
311270,0,-0.42,-1.01,9.409,2.739,2.212,0,0
311322,0,-0.44,-0.52,9.419,2.658,2.251,0,0
311372,0,-0.47,-1.04,9.428,2.758,2.308,0,0
311422,0,-0.48,0.00,9.438,2.825,2.260,0,0
311473,0,-0.47,-1.08,9.448,2.614,2.131,0,0
311523,0,-0.47,0.00,9.424,2.629,2.193,0,0
311576,0,-0.47,0.00,9.395,2.772,2.313,0,0
311627,0,-0.47,0.00,9.467,2.715,2.274,0,0
311678,0,-0.47,0.00,9.448,2.792,2.188,0,0
311730,0,-0.47,0.00,9.462,2.911,2.136,0,0
311782,0,-0.47,1.34,9.500,2.749,2.136,0,0
311833,0,-0.46,0.00,9.404,2.552,2.231,0,0
311885,0,-0.47,0.00,9.404,2.643,2.418,0,0
311936,0,-0.48,-0.48,9.400,2.830,2.380,0,0
311988,0,-0.48,0.00,9.505,2.816,2.136,0,0
312040,0,-0.50,-0.56,9.443,2.792,2.040,0,0
312091,0,-0.50,0.00,9.433,2.749,2.222,0,0
312143,0,-0.50,0.82,9.419,2.801,2.428,0,0
312194,0,-0.50,0.00,9.380,2.720,2.260,0,0
312246,0,-0.48,0.56,9.448,2.715,2.116,0,0
312298,0,-0.50,-0.56,9.457,2.825,2.145,0,0
312348,0,-0.50,0.00,9.433,2.705,2.251,0,0
312398,0,-0.50,0.00,9.380,2.753,2.265,0,0
312448,0,-0.46,0.00,9.462,2.849,2.198,0,0
312499,0,-0.46,0.00,9.510,2.868,2.083,0,0
312559,0,-0.45,0.12,9.438,2.662,2.160,0,0
312610,0,-0.48,0.00,9.424,2.686,2.332,0,0
312661,0,-0.49,-0.52,9.438,2.811,2.361,0,0
312712,0,-0.51,0.00,9.395,2.715,2.150,0,0
312764,0,-0.55,-0.52,9.462,2.715,2.207,0,0
312815,0,-0.51,0.00,9.424,2.610,2.294,0,0
312867,0,-0.54,0.00,9.400,2.638,2.308,0,0
312919,0,-0.57,-1.01,9.428,2.725,2.265,0,0
312970,0,-0.55,0.00,9.467,2.710,2.160,0,0
313022,0,-0.60,-1.01,9.471,2.691,2.174,0,0
313073,0,-0.62,0.00,9.448,2.614,2.279,0,0
313125,0,-0.61,-0.52,9.433,2.595,2.413,0,0
313177,0,-0.64,-1.01,9.433,2.682,2.394,0,0
313228,0,-0.61,0.00,9.481,2.739,2.179,0,0
313280,0,-0.61,0.00,9.505,2.758,2.083,0,0
313331,0,-0.61,0.00,9.428,2.629,2.126,0,0
313383,0,-0.62,0.88,9.443,2.672,2.337,0,0
313434,0,-0.62,0.00,9.448,2.605,2.346,0,0
313484,0,-0.63,0.00,9.428,2.629,2.337,0,0
313535,0,-0.62,-0.52,9.409,2.705,2.274,0,0
313586,0,-0.64,-0.60,9.467,2.753,2.222,0,0
313637,0,-0.64,0.00,9.457,2.682,2.184,0,0
313688,0,-0.64,0.00,9.448,2.662,2.207,0,0
313740,0,-0.63,-0.52,9.424,2.734,2.322,0,0
313791,0,-0.63,0.00,9.467,2.653,2.313,0,0
313843,0,-0.59,0.00,9.443,2.677,2.294,0,0
313895,0,-0.61,0.00,9.457,2.758,2.284,0,0
313946,0,-0.57,0.00,9.481,2.734,2.193,0,0
313998,0,-0.58,-0.48,9.428,2.705,2.217,0,0
314049,0,-0.55,1.34,9.448,2.729,2.303,0,0
314101,0,-0.56,-0.56,9.419,2.677,2.337,0,0
314153,0,-0.54,0.74,9.433,2.686,2.322,0,0
314204,0,-0.55,0.00,9.438,2.686,2.356,0,0
314256,0,-0.53,-0.52,9.409,2.796,2.308,0,0
314338,0,-0.54,-0.09,9.452,2.677,2.174,0,0
314391,0,-0.53,0.00,9.409,2.662,2.255,0,0
314441,0,-0.52,0.89,9.448,2.691,2.356,0,0
314492,0,-0.55,-1.09,9.424,2.710,2.342,0,0
314542,0,-0.54,0.00,9.414,2.715,2.274,0,0
314593,0,-0.58,-0.48,9.433,2.725,2.260,0,0
314645,0,-0.56,0.88,9.433,2.701,2.251,0,0
314697,0,-0.56,0.00,9.428,2.720,2.303,0,0
314747,0,-0.57,-0.52,9.380,2.758,2.361,0,0
314798,0,-0.55,0.86,9.419,2.792,2.274,0,0
314850,0,-0.55,0.00,9.471,2.753,2.227,0,0
314902,0,-0.56,0.00,9.448,2.696,2.337,0,0
314953,0,-0.54,0.74,9.400,2.758,2.327,0,0
315005,0,-0.54,0.00,9.409,2.753,2.265,0,0
315056,0,-0.54,0.00,9.452,2.720,2.203,0,0
315108,0,-0.54,0.00,9.409,2.705,2.251,0,0
315157,0,-0.57,-0.52,9.414,2.710,2.308,0,0
315209,0,-0.57,0.00,9.395,2.753,2.356,0,0
315260,0,-0.57,0.00,9.419,2.758,2.308,0,0
315312,0,-0.57,0.00,9.462,2.715,2.222,0,0
315363,0,-0.57,0.00,9.438,2.662,2.298,0,0
315414,0,-0.57,0.00,9.400,2.734,2.370,0,0
315464,0,-0.57,0.00,9.409,2.725,2.322,0,0
315514,0,-0.56,0.54,9.414,2.758,2.241,0,0
315567,0,-0.53,0.52,9.491,2.705,2.332,0,0
315617,0,-0.53,0.00,9.376,2.624,2.361,0,0
315669,0,-0.55,0.00,9.390,2.710,2.346,0,0
315720,0,-0.55,0.00,9.467,2.796,2.289,0,0
315772,0,-0.55,0.00,9.443,2.758,2.217,0,0
315823,0,-0.55,0.00,9.452,2.677,2.184,0,0
315875,0,-0.55,0.00,9.424,2.667,2.351,0,0
315927,0,-0.56,-0.52,9.390,2.658,2.413,0,0
315978,0,-0.56,0.00,9.462,2.749,2.389,0,0
316030,0,-0.56,0.00,9.428,2.643,2.231,0,0
316081,0,-0.56,0.00,9.443,2.720,2.260,0,0
316133,0,-0.56,0.00,9.471,2.753,2.322,0,0
316185,0,-0.58,-1.45,9.424,2.701,2.322,0,0
316236,0,-0.57,0.48,9.419,2.638,2.342,0,0
316288,0,-0.56,0.52,9.424,2.720,2.413,0,0
316339,0,-0.54,0.56,9.404,2.662,2.318,0,0
316396,0,-0.54,0.00,9.433,2.696,2.231,0,0
316446,0,-0.54,0.56,9.481,2.653,2.188,0,0
316497,0,-0.54,0.00,9.443,2.682,2.289,0,0
316547,0,-0.58,0.00,9.428,2.715,2.332,0,0
316597,0,-0.57,0.48,9.424,2.715,2.322,0,0
316649,0,-0.57,0.00,9.424,2.686,2.255,0,0
316700,0,-0.57,0.00,9.467,2.710,2.274,0,0
316752,0,-0.57,0.00,9.448,2.691,2.279,0,0
316803,0,-0.57,0.00,9.400,2.691,2.308,0,0
316855,0,-0.55,0.52,9.443,2.705,2.322,0,0
316907,0,-0.55,0.00,9.438,2.653,2.279,0,0
316958,0,-0.55,0.00,9.433,2.562,2.356,0,0
317010,0,-0.54,0.00,9.443,2.696,2.380,0,0
317061,0,-0.56,0.00,9.438,2.672,2.308,0,0
317113,0,-0.55,0.00,9.428,2.624,2.188,0,0
317165,0,-0.53,0.48,9.515,2.720,2.179,0,0
317216,0,-0.53,0.00,9.433,2.672,2.294,0,0
317268,0,-0.52,0.00,9.409,2.610,2.342,0,0
317318,0,-0.52,0.00,9.452,2.638,2.322,0,0
317370,0,-0.51,0.00,9.462,2.715,2.298,0,0
317420,0,-0.51,0.00,9.462,2.658,2.231,0,0
317470,0,-0.49,0.00,9.471,2.614,2.284,0,0
317521,0,-0.48,0.52,9.457,2.610,2.361,0,0
317570,0,-0.46,0.56,9.400,2.677,2.389,0,0
317622,0,-0.46,0.00,9.428,2.658,2.289,0,0
317673,0,-0.45,0.00,9.457,2.662,2.231,0,0
317725,0,-0.44,0.00,9.457,2.677,2.298,0,0
317774,0,-0.44,0.00,9.424,2.658,2.294,0,0
317826,0,-0.44,0.00,9.428,2.667,2.265,0,0
317877,0,-0.44,0.00,9.457,2.648,2.265,0,0
317929,0,-0.44,0.00,9.438,2.667,2.298,0,0
317980,0,-0.44,0.00,9.433,2.677,2.318,0,0
318032,0,-0.45,-0.48,9.452,2.744,2.303,0,0
318084,0,-0.45,0.00,9.414,2.729,2.270,0,0
318134,0,-0.45,0.00,9.428,2.749,2.289,0,0
318186,0,-0.45,0.00,9.462,2.734,2.279,0,0
318237,0,-0.46,-0.52,9.419,2.705,2.308,0,0
318289,0,-0.46,0.00,9.404,2.696,2.332,0,0
318340,0,-0.46,0.00,9.448,2.772,2.274,0,0
318393,0,-0.48,-0.56,9.457,2.758,2.274,0,0
318448,0,-0.48,0.00,9.376,2.705,2.327,0,0
318498,0,-0.48,0.00,9.424,2.768,2.322,0,0
318548,0,-0.46,0.00,9.443,2.710,2.255,0,0
318599,0,-0.46,0.00,9.404,2.715,2.260,0,0
318650,0,-0.45,0.52,9.433,2.729,2.289,0,0
318702,0,-0.45,0.00,9.424,2.720,2.337,0,0
318753,0,-0.45,0.00,9.419,2.725,2.375,0,0
318805,0,-0.45,0.00,9.419,2.715,2.303,0,0
318854,0,-0.44,0.00,9.433,2.662,2.274,0,0
318906,0,-0.49,0.00,9.438,2.658,2.246,0,0
318957,0,-0.49,0.00,9.424,2.734,2.327,0,0
319009,0,-0.47,0.00,9.433,2.734,2.303,0,0
319060,0,-0.47,0.00,9.443,2.677,2.318,0,0
319112,0,-0.47,0.00,9.419,2.691,2.365,0,0
319164,0,-0.46,0.52,9.400,2.682,2.332,0,0
319214,0,-0.46,0.00,9.457,2.734,2.303,0,0
319266,0,-0.45,0.52,9.438,2.715,2.227,0,0
319317,0,-0.45,0.00,9.395,2.691,2.294,0,0
319369,0,-0.47,-0.86,9.448,2.701,2.337,0,0
319419,0,-0.45,0.56,9.462,2.758,2.356,0,0
319470,0,-0.45,0.00,9.419,2.658,2.313,0,0
319520,0,-0.44,0.00,9.428,2.715,2.327,0,0
319569,0,-0.43,0.52,9.414,2.658,2.303,0,0
319621,0,-0.41,0.00,9.366,2.648,2.294,0,0
319673,0,-0.39,0.52,9.371,2.691,2.279,0,0
319724,0,-0.39,0.00,9.457,2.696,2.270,0,0
319776,0,-0.37,0.52,9.491,2.868,2.342,0,0
319827,0,-0.37,0.00,9.462,2.873,2.365,0,0
319879,0,-0.37,0.00,9.443,2.816,2.284,0,0
319931,0,-0.42,-1.86,9.419,2.725,2.193,0,0
319982,0,-0.42,0.00,9.380,2.648,2.246,0,0
320034,0,-0.45,-1.79,9.414,2.619,2.370,0,0
320085,0,-0.45,0.00,9.414,2.729,2.423,0,0
320136,0,-0.45,0.00,9.409,2.825,2.351,0,0
320187,0,-0.46,0.00,9.462,2.691,2.274,0,0
320239,0,-0.46,0.00,9.433,2.682,2.298,0,0
320290,0,-0.46,0.00,9.400,2.734,2.298,0,0
320342,0,-0.45,0.00,9.448,2.662,2.303,0,0
320394,0,-0.45,0.00,9.476,2.648,2.322,0,0
320445,0,-0.45,0.00,9.366,2.744,2.356,0,0
320499,0,-0.45,0.00,9.433,2.672,2.428,0,0
320549,0,-0.45,0.00,9.409,2.691,2.346,0,0
320601,0,-0.45,0.00,9.433,2.686,2.279,0,0
320652,0,-0.45,0.00,9.452,2.782,2.260,0,0
320703,0,-0.44,0.45,9.510,2.562,2.251,0,0
320754,0,-0.44,0.00,9.385,2.614,2.370,0,0
320806,0,-0.41,0.52,9.404,2.677,2.480,0,0
320857,0,-0.41,0.00,9.404,2.725,2.365,0,0
320909,0,-0.43,-1.34,9.438,2.691,2.236,0,0
320961,0,-0.42,0.56,9.491,2.811,2.145,0,0
321012,0,-0.42,0.00,9.448,2.595,2.279,0,0
321064,0,-0.39,0.52,9.328,2.591,2.490,0,0
321115,0,-0.40,-0.52,9.409,2.744,2.495,0,0
321167,0,-0.42,-0.45,9.448,2.638,2.227,0,0
321219,0,-0.40,0.45,9.462,2.806,2.207,0,0
321270,0,-0.40,0.00,9.476,2.749,2.351,0,0
321322,0,-0.42,0.48,9.400,2.682,2.385,0,0
321374,0,-0.42,0.00,9.371,2.629,2.351,0,0
321424,0,-0.42,0.00,9.448,2.672,2.270,0,0
321474,0,-0.41,0.56,9.495,2.796,2.284,0,0
321525,0,-0.41,0.00,9.419,2.591,2.270,0,0
321577,0,-0.42,0.00,9.376,2.701,2.370,0,0
321627,0,-0.42,0.00,9.471,2.902,2.365,0,0
321679,0,-0.41,0.52,9.452,2.725,2.169,0,0
321730,0,-0.41,0.00,9.400,2.705,2.193,0,0
321782,0,-0.46,-1.34,9.457,2.610,2.303,0,0
321833,0,-0.46,0.00,9.390,2.648,2.442,0,0
321885,0,-0.45,0.00,9.395,2.701,2.346,0,0
321936,0,-0.45,0.00,9.495,2.739,2.284,0,0
321988,0,-0.43,0.00,9.428,2.720,2.274,0,0
322040,0,-0.43,0.00,9.371,2.624,2.289,0,0
322091,0,-0.43,0.00,9.448,2.763,2.346,0,0
322143,0,-0.42,0.00,9.467,2.835,2.274,0,0
322194,0,-0.42,0.00,9.438,2.567,2.184,0,0
322246,0,-0.42,0.00,9.357,2.753,2.351,0,0
322298,0,-0.41,0.48,9.452,2.677,2.375,0,0
322348,0,-0.41,0.00,9.428,2.667,2.308,0,0
322398,0,-0.41,-0.88,9.414,2.749,2.251,0,0
322448,0,-0.36,2.01,9.491,2.643,2.251,0,0
322499,0,-0.39,0.00,9.419,2.768,2.332,0,0
322553,0,-0.39,0.00,9.380,2.705,2.394,0,0
322603,0,-0.40,-0.52,9.424,2.701,2.294,0,0
322655,0,-0.39,0.00,9.438,2.696,2.212,0,0
322706,0,-0.40,-0.52,9.491,2.705,2.251,0,0
322758,0,-0.40,0.00,9.457,2.734,2.332,0,0
322809,0,-0.44,0.00,9.371,2.667,2.356,0,0
322861,0,-0.42,0.52,9.424,2.734,2.313,0,0
322913,0,-0.42,0.00,9.452,2.672,2.203,0,0
322964,0,-0.41,0.52,9.467,2.648,2.198,0,0
323016,0,-0.42,0.00,9.462,2.763,2.294,0,0
323067,0,-0.42,0.00,9.361,2.772,2.380,0,0
323119,0,-0.44,0.00,9.467,2.610,2.279,0,0
323171,0,-0.45,-0.48,9.443,2.720,2.198,0,0
323222,0,-0.45,0.00,9.443,2.686,2.322,0,0
323274,0,-0.46,-0.56,9.428,2.844,2.313,0,0
323325,0,-0.44,0.93,9.438,2.715,2.222,0,0
323376,0,-0.44,0.00,9.404,2.624,2.207,0,0
323426,0,-0.45,-0.56,9.467,2.705,2.337,0,0
323477,0,-0.44,0.00,9.443,2.715,2.318,0,0
323527,0,-0.44,0.00,9.438,2.691,2.184,0,0
323580,0,-0.44,0.56,9.476,2.725,2.236,0,0
323631,0,-0.44,0.00,9.462,2.840,2.279,0,0
323682,0,-0.44,0.00,9.471,2.768,2.222,0,0
323734,0,-0.43,0.00,9.467,2.662,2.193,0,0
323786,0,-0.44,0.00,9.448,2.691,2.327,0,0
323837,0,-0.43,0.48,9.390,2.624,2.356,0,0
323889,0,-0.41,0.00,9.395,2.571,2.313,0,0
323940,0,-0.41,0.00,9.471,2.634,2.188,0,0
323992,0,-0.45,0.00,9.409,2.682,2.241,0,0
324044,0,-0.46,0.00,9.452,2.811,2.337,0,0
324095,0,-0.46,0.00,9.443,2.768,2.342,0,0
324147,0,-0.46,0.00,9.414,2.715,2.313,0,0
324198,0,-0.44,0.45,9.448,2.705,2.274,0,0
324250,0,-0.45,0.00,9.452,2.710,2.246,0,0
324340,0,-0.44,0.19,9.424,2.701,2.308,0,0
324393,0,-0.44,0.00,9.404,2.667,2.327,0,0
324443,0,-0.42,0.00,9.452,2.725,2.332,0,0
324493,0,-0.42,0.00,9.452,2.610,2.260,0,0
324544,0,-0.42,0.00,9.414,2.638,2.298,0,0
324595,0,-0.42,0.00,9.467,2.605,2.318,0,0
324647,0,-0.42,0.00,9.443,2.629,2.346,0,0
324698,0,-0.42,0.00,9.400,2.638,2.318,0,0
324749,0,-0.41,0.52,9.452,2.715,2.294,0,0
324800,0,-0.41,0.00,9.457,2.662,2.270,0,0
324852,0,-0.40,0.48,9.424,2.595,2.294,0,0
324904,0,-0.40,0.00,9.486,2.763,2.337,0,0
324955,0,-0.38,0.00,9.443,2.629,2.260,0,0
325007,0,-0.37,0.52,9.409,2.514,2.255,0,0
325058,0,-0.40,0.00,9.471,2.638,2.322,0,0
325110,0,-0.39,0.52,9.448,2.691,2.303,0,0
325161,0,-0.38,0.00,9.452,2.648,2.265,0,0
325213,0,-0.35,0.52,9.486,2.686,2.279,0,0
325265,0,-0.35,0.00,9.457,2.638,2.313,0,0
325316,0,-0.36,0.52,9.433,2.571,2.337,0,0
325368,0,-0.36,0.00,9.428,2.682,2.303,0,0
325418,0,-0.34,0.00,9.515,2.686,2.251,0,0
325469,0,-0.33,0.56,9.419,2.667,2.217,0,0
325519,0,-0.33,0.00,9.471,2.638,2.351,0,0
325569,0,-0.32,0.00,9.428,2.667,2.346,0,0
325619,0,-0.35,-1.34,9.428,2.619,2.308,0,0
325670,0,-0.35,0.00,9.467,2.581,2.227,0,0
325722,0,-0.38,-0.52,9.476,2.653,2.246,0,0
325774,0,-0.40,-1.34,9.438,2.662,2.289,0,0
325825,0,-0.40,0.00,9.438,2.629,2.284,0,0
325877,0,-0.39,0.52,9.467,2.653,2.303,0,0
325928,0,-0.39,0.00,9.448,2.691,2.255,0,0
325980,0,-0.42,-1.34,9.481,2.682,2.255,0,0
326032,0,-0.42,0.00,9.414,2.600,2.274,0,0
326083,0,-0.42,0.00,9.424,2.686,2.346,0,0
326135,0,-0.44,-0.52,9.428,2.662,2.279,0,0
326186,0,-0.44,0.00,9.448,2.643,2.265,0,0
326238,0,-0.42,0.52,9.471,2.691,2.303,0,0
326290,0,-0.42,0.00,9.433,2.643,2.274,0,0
326340,0,-0.41,0.48,9.438,2.643,2.227,0,0
326397,0,-0.46,-0.59,9.462,2.619,2.298,0,0
326448,0,-0.44,0.00,9.438,2.677,2.298,0,0
326498,0,-0.44,0.00,9.438,2.672,2.318,0,0
326548,0,-0.44,0.00,9.448,2.662,2.289,0,0
326600,0,-0.44,0.00,9.443,2.677,2.298,0,0
326650,0,-0.44,0.00,9.409,2.629,2.260,0,0
326702,0,-0.43,0.00,9.481,2.643,2.322,0,0
326753,0,-0.43,0.00,9.419,2.715,2.303,0,0
326805,0,-0.42,0.00,9.462,2.701,2.260,0,0
326856,0,-0.44,-0.86,9.452,2.648,2.227,0,0
326908,0,-0.44,0.00,9.443,2.682,2.322,0,0
326960,0,-0.44,0.00,9.433,2.691,2.308,0,0
327011,0,-0.44,0.00,9.414,2.705,2.236,0,0
327063,0,-0.49,-1.38,9.443,2.614,2.231,0,0
327114,0,-0.49,0.00,9.443,2.739,2.274,0,0
327166,0,-0.48,0.00,9.457,2.772,2.322,0,0
327218,0,-0.48,0.00,9.457,2.734,2.255,0,0
327269,0,-0.48,0.00,9.409,2.686,2.207,0,0
327321,0,-0.48,0.00,9.462,2.634,2.251,0,0
327372,0,-0.51,-1.41,9.419,2.739,2.313,0,0
327423,0,-0.51,0.00,9.395,2.662,2.332,0,0
327473,0,-0.52,-0.52,9.448,2.696,2.298,0,0
327524,0,-0.52,0.00,9.462,2.677,2.198,0,0
327576,0,-0.54,0.00,9.414,2.653,2.251,0,0
327626,0,-0.58,-1.34,9.467,2.691,2.342,0,0
327677,0,-0.59,0.00,9.438,2.677,2.346,0,0
327729,0,-0.59,0.00,9.424,2.658,2.231,0,0
327781,0,-0.59,0.00,9.471,2.624,2.217,0,0
327832,0,-0.58,0.00,9.433,2.605,2.270,0,0
327884,0,-0.58,0.00,9.385,2.658,2.346,0,0
327935,0,-0.59,0.00,9.433,2.614,2.337,0,0
327987,0,-0.63,-1.34,9.457,2.629,2.251,0,0
328039,0,-0.61,0.00,9.476,2.658,2.279,0,0
328090,0,-0.60,0.52,9.505,2.686,2.294,0,0
328142,0,-0.60,0.00,9.404,2.600,2.212,0,0
328193,0,-0.60,0.52,9.476,2.696,2.184,0,0
328245,0,-0.62,-0.93,9.500,2.710,2.212,0,0
328297,0,-0.62,0.00,9.428,2.662,2.289,0,0
328347,0,-0.61,0.52,9.419,2.672,2.327,0,0
328397,0,-0.61,0.00,9.419,2.643,2.332,0,0
328462,0,-0.59,0.16,9.486,2.600,2.188,0,0
328512,0,-0.59,0.00,9.500,2.624,2.227,0,0
328565,0,-0.57,0.00,9.438,2.658,2.298,0,0
328615,0,-0.57,0.00,9.452,2.624,2.279,0,0
328667,0,-0.55,0.00,9.443,2.600,2.255,0,0
328718,0,-0.54,0.48,9.443,2.634,2.265,0,0
328770,0,-0.56,0.00,9.452,2.610,2.270,0,0
328821,0,-0.55,0.56,9.443,2.624,2.303,0,0
328873,0,-0.55,0.00,9.443,2.629,2.284,0,0
328922,0,-0.51,0.52,9.476,2.672,2.260,0,0
328974,0,-0.51,0.00,9.471,2.624,2.212,0,0
329025,0,-0.53,-1.38,9.448,2.634,2.313,0,0
329077,0,-0.53,0.00,9.433,2.648,2.332,0,0
329128,0,-0.51,0.00,9.452,2.686,2.241,0,0
329180,0,-0.50,0.52,9.438,2.595,2.227,0,0
329232,0,-0.50,0.00,9.419,2.624,2.270,0,0
329282,0,-0.50,0.00,9.476,2.744,2.332,0,0
329334,0,-0.52,0.00,9.419,2.662,2.265,0,0
329386,0,-0.52,0.00,9.457,2.696,2.265,0,0
329436,0,-0.52,0.00,9.448,2.624,2.260,0,0
329486,0,-0.51,0.00,9.505,2.749,2.342,0,0
329537,0,-0.53,0.60,9.428,2.643,2.298,0,0
329588,0,-0.53,0.00,9.433,2.715,2.227,0,0
329640,0,-0.55,-0.86,9.471,2.691,2.241,0,0
329692,0,-0.54,0.48,9.452,2.816,2.212,0,0
329743,0,-0.54,0.00,9.491,2.691,2.274,0,0
329795,0,-0.52,0.00,9.376,2.720,2.327,0,0
329846,0,-0.52,0.00,9.433,2.677,2.265,0,0
329898,0,-0.53,0.48,9.443,2.672,2.222,0,0
329950,0,-0.50,1.38,9.486,2.662,2.274,0,0
330001,0,-0.53,0.00,9.414,2.682,2.270,0,0
330053,0,-0.52,0.52,9.433,2.715,2.270,0,0
330104,0,-0.49,0.00,9.414,2.701,2.246,0,0
330156,0,-0.46,0.56,9.467,2.638,2.270,0,0
330208,0,-0.50,-1.34,9.443,2.624,2.308,0,0
330258,0,-0.50,0.00,9.419,2.638,2.370,0,0
330309,0,-0.47,1.01,9.452,2.691,2.308,0,0
330361,0,-0.46,0.56,9.471,2.667,2.260,0,0
330411,0,-0.45,0.52,9.419,2.658,2.227,0,0
330462,0,-0.48,0.00,9.471,2.696,2.327,0,0
330523,0,-0.47,0.18,9.404,2.648,2.322,0,0
330575,0,-0.49,-1.38,9.424,2.653,2.198,0,0
330626,0,-0.48,0.56,9.380,2.284,2.193,0,0
330677,0,-0.48,0.00,9.299,2.576,2.308,0,0
330728,0,-0.46,0.00,9.586,3.021,2.279,0,0
330780,0,-0.45,0.00,9.811,3.395,2.399,0,0
330831,0,-0.45,0.00,9.222,2.715,2.389,0,0
330883,0,-0.46,0.48,9.160,2.629,2.198,0,0
330932,0,-0.45,0.52,9.663,2.878,2.093,0,0
330984,0,-0.43,0.00,9.457,2.614,2.011,0,0
331035,0,-0.46,0.00,9.246,2.495,2.064,0,0
331087,0,-0.46,0.00,9.510,2.959,2.389,0,0
331138,0,-0.50,-1.34,9.457,2.916,2.303,0,0
331190,0,-0.50,0.00,9.361,2.729,2.054,0,0
331242,0,-0.49,0.00,9.481,2.892,2.030,0,0
331292,0,-0.49,0.00,9.524,3.050,2.035,0,0
331344,0,-0.50,-0.48,9.491,2.907,2.121,0,0
331393,0,-0.50,0.00,9.414,2.825,2.184,0,0
331444,0,-0.50,0.00,9.395,2.777,2.212,0,0
331494,0,-0.52,-0.85,9.342,2.495,2.097,0,0
331544,0,-0.52,0.00,9.419,2.380,2.006,0,0
331596,0,-0.52,0.00,9.558,2.571,2.184,0,0
331648,0,-0.51,0.48,9.448,2.725,2.361,0,0
331699,0,-0.53,-0.82,9.404,2.725,2.394,0,0
331751,0,-0.52,0.48,9.491,2.816,2.308,0,0
331802,0,-0.52,0.00,9.495,2.691,2.126,0,0
331854,0,-0.52,0.00,9.385,2.538,2.097,0,0
331906,0,-0.49,0.48,9.467,2.619,2.270,0,0
331957,0,-0.51,-0.88,9.457,2.653,2.356,0,0
332009,0,-0.49,0.48,9.390,2.610,2.327,0,0
332060,0,-0.49,0.00,9.467,2.658,2.207,0,0
332112,0,-0.49,0.00,9.476,2.705,2.140,0,0
332164,0,-0.47,0.52,9.486,2.739,2.116,0,0
332214,0,-0.49,-0.82,9.457,2.658,2.184,0,0
332265,0,-0.48,0.48,9.409,2.691,2.270,0,0
332317,0,-0.48,0.00,9.424,2.682,2.251,0,0
332369,0,-0.47,0.00,9.500,2.720,2.255,0,0
332419,0,-0.49,-0.88,9.457,2.686,2.188,0,0
332470,0,-0.49,0.00,9.467,2.758,2.184,0,0
332520,0,-0.49,0.00,9.448,2.720,2.150,0,0
332581,0,-0.46,0.35,9.428,2.662,2.313,0,0
332631,0,-0.46,0.00,9.452,2.725,2.289,0,0
332683,0,-0.46,0.00,9.438,2.682,2.203,0,0
332734,0,-0.50,0.00,9.428,2.557,2.212,0,0
332786,0,-0.49,0.48,9.457,2.691,2.298,0,0
332837,0,-0.50,0.00,9.462,2.772,2.255,0,0
332889,0,-0.53,0.00,9.448,2.691,2.179,0,0
332941,0,-0.52,0.48,9.452,2.691,2.174,0,0
332992,0,-0.52,0.00,9.471,2.672,2.236,0,0
333044,0,-0.49,0.56,9.457,2.638,2.289,0,0
333095,0,-0.51,0.00,9.428,2.691,2.313,0,0
333147,0,-0.53,0.00,9.515,2.725,2.212,0,0
333199,0,-0.51,0.52,9.438,2.643,2.174,0,0
333250,0,-0.50,0.00,9.462,2.720,2.313,0,0
333302,0,-0.49,0.00,9.452,2.686,2.313,0,0
333352,0,-0.52,-1.30,9.428,2.662,2.217,0,0
333402,0,-0.51,0.52,9.505,2.658,2.160,0,0
333452,0,-0.49,0.00,9.462,2.710,2.246,0,0
333503,0,-0.47,0.56,9.404,2.624,2.255,0,0
333553,0,-0.45,0.52,9.486,2.720,2.284,0,0
333604,0,-0.44,0.00,9.476,2.710,2.246,0,0
333656,0,-0.43,0.56,9.433,2.672,2.212,0,0
333708,0,-0.42,0.48,9.476,2.667,2.246,0,0
333759,0,-0.41,0.52,9.428,2.638,2.322,0,0
333811,0,-0.39,0.56,9.390,2.705,2.298,0,0
333862,0,-0.40,0.00,9.471,2.710,2.231,0,0
333914,0,-0.39,0.48,9.471,2.672,2.231,0,0
333966,0,-0.38,0.00,9.395,2.624,2.318,0,0
334017,0,-0.40,-1.30,9.414,2.696,2.361,0,0
334069,0,-0.38,0.48,9.467,2.720,2.184,0,0
334120,0,-0.37,0.52,9.481,2.638,2.160,0,0
334172,0,-0.37,0.00,9.438,2.667,2.284,0,0
334224,0,-0.39,0.00,9.424,2.715,2.380,0,0
334274,0,-0.39,0.00,9.385,2.682,2.361,0,0
334343,0,-0.37,0.22,9.476,2.792,2.236,0,0
334396,0,-0.35,0.00,9.476,2.744,2.169,0,0
334446,0,-0.39,-1.45,9.414,2.715,2.251,0,0
334496,0,-0.37,0.00,9.419,2.758,2.313,0,0
334546,0,-0.37,0.00,9.438,2.744,2.308,0,0
334598,0,-0.36,0.52,9.419,2.729,2.255,0,0
334650,0,-0.38,-1.34,9.467,2.816,2.251,0,0
334700,0,-0.38,0.00,9.428,2.777,2.255,0,0
334752,0,-0.37,0.56,9.400,2.739,2.212,0,0
334803,0,-0.37,0.00,9.467,2.729,2.260,0,0
334855,0,-0.37,0.00,9.414,2.710,2.294,0,0
334906,0,-0.41,-1.34,9.390,2.696,2.279,0,0
334958,0,-0.41,0.00,9.438,2.701,2.303,0,0
335010,0,-0.39,0.48,9.467,2.782,2.279,0,0
335061,0,-0.39,0.00,9.462,2.720,2.241,0,0
335113,0,-0.41,0.00,9.414,2.658,2.260,0,0
335164,0,-0.40,0.52,9.419,2.758,2.327,0,0
335216,0,-0.40,0.00,9.452,2.677,2.313,0,0
335268,0,-0.38,0.52,9.409,2.658,2.241,0,0
335319,0,-0.43,0.00,9.462,2.739,2.342,0,0
335371,0,-0.43,0.00,9.419,2.744,2.351,0,0
335421,0,-0.42,0.52,9.371,2.638,2.303,0,0
335472,0,-0.42,0.00,9.448,2.715,2.255,0,0
335522,0,-0.43,0.56,9.443,2.667,2.203,0,0
335574,0,-0.42,0.52,9.424,2.705,2.284,0,0
335626,0,-0.42,0.00,9.448,2.691,2.303,0,0
335676,0,-0.45,-1.34,9.443,2.777,2.298,0,0
335728,0,-0.42,0.52,9.404,2.658,2.251,0,0
335779,0,-0.42,0.00,9.452,2.705,2.241,0,0
335831,0,-0.41,0.00,9.481,2.701,2.298,0,0
335882,0,-0.38,0.48,9.438,2.705,2.298,0,0
335934,0,-0.41,-0.82,9.433,2.682,2.255,0,0
335986,0,-0.39,0.00,9.462,2.672,2.246,0,0
336037,0,-0.39,0.00,9.462,2.643,2.279,0,0
336089,0,-0.41,0.00,9.409,2.701,2.322,0,0
336140,0,-0.41,0.00,9.414,2.614,2.251,0,0
336192,0,-0.43,0.00,9.467,2.610,2.241,0,0
336244,0,-0.43,0.00,9.448,2.638,2.294,0,0
336295,0,-0.43,0.00,9.448,2.648,2.270,0,0
336347,0,-0.41,0.00,9.452,2.605,2.260,0,0
336400,0,-0.37,0.80,9.471,2.705,2.327,0,0
336451,0,-0.37,0.00,9.467,2.619,2.246,0,0
336501,0,-0.40,-0.93,9.448,2.638,2.265,0,0
336551,0,-0.37,1.13,9.452,2.581,2.308,0,0
336603,0,-0.37,0.00,9.452,2.720,2.308,0,0
336653,0,-0.35,0.48,9.481,2.658,2.203,0,0
336705,0,-0.35,0.00,9.471,2.591,2.260,0,0
336756,0,-0.34,0.00,9.448,2.638,2.361,0,0
336808,0,-0.34,0.00,9.438,2.705,2.337,0,0
336859,0,-0.36,-0.86,9.457,2.658,2.207,0,0
336911,0,-0.36,0.00,9.467,2.591,2.169,0,0
336962,0,-0.36,0.00,9.424,2.648,2.270,0,0
337014,0,-0.33,0.52,9.428,2.662,2.322,0,0
337066,0,-0.33,0.00,9.443,2.686,2.289,0,0
337117,0,-0.35,-0.74,9.462,2.710,2.184,0,0
337169,0,-0.35,0.00,9.486,2.758,2.203,0,0
337220,0,-0.34,0.00,9.452,2.662,2.246,0,0
337272,0,-0.33,0.52,9.395,2.720,2.289,0,0
337324,0,-0.33,0.00,9.419,2.595,2.294,0,0
337375,0,-0.35,0.00,9.395,2.614,2.203,0,0
337426,0,-0.34,0.56,9.500,2.763,2.212,0,0
337476,0,-0.34,0.00,9.548,3.002,2.375,0,0
337527,0,-0.31,0.52,9.409,2.816,2.385,0,0
337578,0,-0.33,-0.78,9.342,2.624,2.179,0,0
337629,0,-0.33,0.00,9.457,2.591,2.179,0,0
337680,0,-0.33,0.00,9.452,2.677,2.212,0,0
337732,0,-0.35,-0.86,9.433,2.643,2.251,0,0
337784,0,-0.35,0.00,9.414,2.619,2.260,0,0
337835,0,-0.35,0.00,9.438,2.667,2.313,0,0
337887,0,-0.39,-1.86,9.481,2.725,2.274,0,0
337938,0,-0.38,0.00,9.491,2.782,2.198,0,0
337990,0,-0.39,-0.52,9.500,2.753,2.174,0,0
338042,0,-0.39,0.00,9.457,2.768,2.260,0,0
338093,0,-0.38,0.56,9.457,2.701,2.251,0,0
338145,0,-0.41,0.00,9.471,2.638,2.332,0,0
338196,0,-0.41,0.00,9.424,2.614,2.356,0,0
338248,0,-0.41,0.00,9.385,2.591,2.308,0,0
338300,0,-0.43,-0.48,9.476,2.600,2.188,0,0
338350,0,-0.43,0.00,9.486,2.605,2.198,0,0
338400,0,-0.43,0.00,9.433,2.600,2.303,0,0
338454,0,-0.41,0.17,9.433,2.648,2.327,0,0
338504,0,-0.45,-1.35,9.462,2.696,2.265,0,0
338554,0,-0.45,0.00,9.452,2.648,2.145,0,0
338605,0,-0.46,-0.52,9.471,2.691,2.203,0,0
338656,0,-0.46,0.00,9.419,2.653,2.298,0,0
338708,0,-0.46,0.00,9.390,2.638,2.342,0,0
338759,0,-0.45,0.56,9.395,2.777,2.337,0,0
338811,0,-0.47,0.00,9.457,2.844,2.164,0,0
338863,0,-0.46,0.00,9.519,2.768,2.136,0,0
338914,0,-0.44,0.60,9.414,2.667,2.116,0,0
338966,0,-0.40,1.04,9.443,2.552,2.246,0,0
339017,0,-0.40,0.00,9.395,2.749,2.490,0,0
339069,0,-0.44,0.00,9.404,3.041,2.413,0,0
339118,0,-0.43,0.00,9.558,3.165,2.188,0,0
339170,0,-0.43,0.00,9.467,2.945,2.069,0,0
339220,0,-0.43,0.00,9.385,2.667,2.045,0,0
339272,0,-0.41,0.00,9.414,2.389,2.073,0,0
339323,0,-0.40,0.48,9.433,2.595,2.255,0,0
339375,0,-0.40,0.00,9.452,2.715,2.236,0,0
339425,0,-0.38,0.00,9.519,2.820,2.203,0,0
339476,0,-0.39,-0.80,9.515,2.734,2.116,0,0
339526,0,-0.39,0.00,9.462,2.758,2.164,0,0
339578,0,-0.39,0.00,9.376,2.643,2.164,0,0
339630,0,-0.40,-0.86,9.428,2.619,2.251,0,0
339681,0,-0.40,0.00,9.390,2.557,2.260,0,0
339733,0,-0.37,0.56,9.424,2.643,2.303,0,0
339785,0,-0.39,-0.86,9.505,2.883,2.308,0,0
339836,0,-0.38,0.52,9.534,2.907,2.217,0,0
339888,0,-0.35,1.09,9.491,2.844,2.145,0,0
339939,0,-0.39,0.00,9.438,2.423,2.102,0,0
339991,0,-0.38,0.00,9.333,2.380,2.260,0,0
340043,0,-0.36,0.00,9.452,2.433,2.303,0,0
340094,0,-0.38,-1.34,9.476,2.495,2.246,0,0
340146,0,-0.38,0.00,9.500,2.777,2.313,0,0
340196,0,-0.36,0.48,9.558,2.969,2.351,0,0
340245,0,-0.35,0.56,9.510,2.921,2.270,0,0
340297,0,-0.33,0.52,9.471,2.456,2.021,0,0
340348,0,-0.37,-1.34,9.409,2.184,2.002,0,0
340398,0,-0.37,0.00,9.395,2.298,2.279,0,0
340449,0,-0.34,0.52,9.481,2.763,2.495,0,0
340504,0,-0.34,0.00,9.543,2.825,2.399,0,0
340557,0,-0.32,0.52,9.457,2.725,2.260,0,0
340608,0,-0.32,0.00,9.467,2.567,2.069,0,0
340659,0,-0.32,0.00,9.491,2.442,2.054,0,0
340710,0,-0.30,0.00,9.424,2.337,2.150,0,0
340762,0,-0.34,0.00,9.428,2.485,2.413,0,0
340814,0,-0.34,0.00,9.486,2.739,2.500,0,0
340865,0,-0.34,-0.52,9.519,2.811,2.385,0,0
340917,0,-0.34,0.00,9.452,2.705,2.150,0,0
340968,0,-0.35,0.00,9.457,2.538,2.006,0,0
341020,0,-0.37,0.00,9.500,2.351,2.006,0,0
341072,0,-0.38,0.00,9.443,2.485,2.318,0,0
341123,0,-0.38,-0.56,9.385,2.672,2.480,0,0
341175,0,-0.38,0.00,9.538,2.878,2.480,0,0
341226,0,-0.36,0.00,9.467,2.739,2.155,0,0
341278,0,-0.36,0.00,9.467,2.471,1.968,0,0
341330,0,-0.38,0.00,9.476,2.514,2.102,0,0
341382,0,-0.36,-0.56,9.462,2.662,2.385,0,0
341432,0,-0.36,0.00,9.400,2.696,2.480,0,0
341482,0,-0.34,0.00,9.438,2.763,2.385,0,0
341533,0,-0.35,0.00,9.486,2.686,2.164,0,0
341585,0,-0.33,0.86,9.452,2.667,2.030,0,0
341635,0,-0.34,-0.52,9.438,2.619,2.121,0,0
341686,0,-0.34,0.00,9.424,2.658,2.318,0,0
341738,0,-0.33,0.88,9.457,2.705,2.375,0,0
341790,0,-0.33,0.00,9.433,2.705,2.289,0,0
341841,0,-0.32,0.00,9.476,2.753,2.227,0,0
341893,0,-0.31,0.86,9.443,2.705,2.184,0,0
341944,0,-0.32,0.00,9.424,2.677,2.184,0,0
341996,0,-0.31,0.34,9.452,2.667,2.222,0,0
342048,0,-0.31,0.00,9.433,2.648,2.313,0,0
342099,0,-0.33,0.00,9.414,2.643,2.318,0,0
342151,0,-0.32,-0.52,9.443,2.720,2.284,0,0
342202,0,-0.32,0.00,9.448,2.686,2.265,0,0
342254,0,-0.28,1.45,9.457,2.686,2.222,0,0
342306,0,-0.27,0.52,9.491,2.725,2.236,0,0
342356,0,-0.27,0.00,9.428,2.638,2.265,0,0
342406,0,-0.27,0.00,9.443,2.643,2.351,0,0
342456,0,-0.22,1.97,9.438,2.658,2.356,0,0
342507,0,-0.20,0.56,9.400,2.662,2.251,0,0
342561,0,-0.24,-0.48,9.471,2.739,2.231,0,0
342611,0,-0.23,0.52,9.471,2.772,2.198,0,0
342662,0,-0.23,0.00,9.448,2.677,2.160,0,0
342714,0,-0.23,0.00,9.452,2.653,2.265,0,0
342766,0,-0.23,0.00,9.438,2.638,2.342,0,0
342817,0,-0.26,0.00,9.424,2.614,2.337,0,0
342869,0,-0.25,0.52,9.443,2.696,2.265,0,0
342920,0,-0.23,0.52,9.462,2.715,2.179,0,0
342972,0,-0.25,-0.52,9.424,2.610,2.193,0,0
343024,0,-0.27,-0.82,9.452,2.672,2.318,0,0
343075,0,-0.27,0.00,9.462,2.782,2.294,0,0
343127,0,-0.26,0.00,9.433,2.782,2.284,0,0
343178,0,-0.26,0.00,9.452,2.768,2.184,0,0
343230,0,-0.27,0.00,9.462,2.686,2.150,0,0
343282,0,-0.27,0.00,9.424,2.749,2.203,0,0
343332,0,-0.27,0.00,9.515,2.811,2.289,0,0
343381,0,-0.27,0.00,9.486,2.801,2.246,0,0
343432,0,-0.28,0.00,9.357,2.634,2.160,0,0
343482,0,-0.26,-0.50,9.452,2.533,2.140,0,0
343532,0,-0.29,-1.09,9.462,2.591,2.155,0,0
343584,0,-0.30,0.00,9.452,2.576,2.231,0,0
343636,0,-0.28,-0.52,9.462,2.734,2.318,0,0
343687,0,-0.28,0.00,9.476,2.988,2.404,0,0
343739,0,-0.27,-0.48,9.452,2.796,2.217,0,0
343791,0,-0.30,-1.01,9.519,2.504,2.150,0,0
343842,0,-0.30,-1.01,9.357,2.351,2.150,0,0
343894,0,-0.31,-0.24,9.428,2.423,2.294,0,0
343945,0,-0.32,0.00,9.543,2.878,2.456,0,0
343997,0,-0.31,0.86,9.467,2.830,2.337,0,0
344049,0,-0.34,-1.13,9.428,2.543,2.136,0,0
344100,0,-0.35,0.74,9.491,2.466,2.112,0,0
344152,0,-0.38,-1.01,9.433,2.456,2.179,0,0
344202,0,-0.39,-0.52,9.424,2.672,2.289,0,0
344254,0,-0.42,-1.13,9.529,2.835,2.375,0,0
344345,0,-0.45,0.00,9.433,2.557,2.155,0,0
344395,0,-0.45,0.00,9.457,2.514,2.088,0,0
344445,0,-0.45,0.00,9.448,2.586,2.160,0,0
344496,0,-0.42,1.09,9.476,2.696,2.313,0,0
344546,0,-0.42,0.00,9.462,2.739,2.337,0,0
344597,0,-0.40,0.56,9.438,2.629,2.274,0,0
344648,0,-0.40,0.00,9.366,2.543,2.217,0,0
344699,0,-0.39,0.52,9.333,2.528,2.116,0,0
344751,0,-0.41,0.00,9.448,2.490,2.193,0,0
344802,0,-0.40,0.56,9.400,2.873,2.456,0,0
344854,0,-0.40,0.00,9.424,2.935,2.404,0,0
344906,0,-0.38,0.00,9.486,3.065,2.102,0,0
344957,0,-0.38,0.00,9.582,3.237,1.848,0,0
345009,0,-0.38,0.00,9.553,3.290,1.753,0,0
345060,0,-0.37,0.00,9.299,2.940,1.863,0,0
345112,0,-0.42,0.00,9.189,2.279,2.016,0,0
345164,0,-0.42,0.00,9.294,2.466,2.251,0,0
345215,0,-0.42,0.00,10.008,3.534,2.562,0,0
345267,0,-0.41,0.00,9.878,3.591,2.437,0,0
345318,0,-0.41,0.00,9.036,2.758,2.054,0,0
345369,0,-0.41,0.00,9.012,1.906,1.566,0,0
345419,0,-0.43,-0.88,9.553,2.064,1.633,0,0
345470,0,-0.43,0.00,9.644,2.509,2.279,0,0
345520,0,-0.43,0.00,9.328,2.691,2.658,0,0
345569,0,-0.41,0.52,9.538,2.868,2.753,0,0
345621,0,-0.40,0.00,9.610,2.859,2.289,0,0
345673,0,-0.44,0.00,9.668,2.749,1.915,0,0
345724,0,-0.44,0.00,9.476,2.294,1.700,0,0
345776,0,-0.41,0.56,9.304,1.858,1.915,0,0
345827,0,-0.41,0.00,9.285,1.772,2.203,0,0
345879,0,-0.40,0.00,9.448,2.270,2.715,0,0
345931,0,-0.42,0.48,9.577,2.902,3.002,0,0
345982,0,-0.42,0.00,9.586,2.729,2.523,0,0
346034,0,-0.40,0.52,9.697,2.413,1.987,0,0
346085,0,-0.39,0.52,9.443,1.968,1.700,0,0
346137,0,-0.39,0.00,9.371,1.772,1.872,0,0
346189,0,-0.38,0.00,9.357,2.322,2.375,0,0
346239,0,-0.38,0.00,9.577,2.782,2.715,0,0
346291,0,-0.41,-1.38,9.577,3.055,2.729,0,0
346342,0,-0.41,0.00,9.395,2.686,2.337,0,0
346395,0,-0.39,0.37,9.538,2.624,1.958,0,0
346446,0,-0.42,0.00,9.668,2.801,1.762,0,0
346496,0,-0.39,1.41,9.385,2.059,1.805,0,0
346546,0,-0.39,0.00,8.973,2.006,2.116,0,0
346597,0,-0.37,0.56,9.567,2.863,2.567,0,0
346648,0,-0.39,0.00,9.946,3.697,2.610,0,0
346700,0,-0.39,0.00,9.409,3.328,2.203,0,0
346752,0,-0.39,0.00,9.290,2.600,1.911,0,0
346803,0,-0.39,0.00,9.500,2.696,1.844,0,0
346855,0,-0.41,0.00,9.371,2.385,1.671,0,0
346906,0,-0.41,0.00,9.213,1.982,1.528,0,0
346958,0,-0.41,0.00,9.333,2.500,2.006,0,0
347010,0,-0.41,0.00,9.744,3.673,2.519,0,0
347061,0,-0.44,-1.45,9.792,4.051,2.586,0,0
347113,0,-0.43,0.00,9.404,3.237,2.116,0,0
347164,0,-0.43,0.00,9.194,2.672,1.518,0,0
347216,0,-0.43,0.00,9.361,2.231,1.494,0,0
347268,0,-0.43,0.00,9.357,2.294,2.164,0,0
347318,0,-0.44,-0.48,9.079,2.854,2.840,0,0
347369,0,-0.46,-0.56,9.471,3.165,2.725,0,0
347420,0,-0.47,-0.52,9.878,3.515,2.155,0,0
347470,0,-0.49,0.00,9.673,3.036,1.499,0,0
347521,0,-0.47,0.54,9.361,2.629,1.389,0,0
347570,0,-0.47,0.00,9.256,2.500,1.633,0,0
347622,0,-0.47,0.00,9.380,2.662,2.160,0,0
347673,0,-0.47,0.00,9.433,2.614,2.461,0,0
347725,0,-0.47,0.00,9.352,2.595,2.471,0,0
347777,0,-0.47,0.00,9.467,2.816,2.207,0,0
347828,0,-0.49,-0.52,9.658,2.959,1.920,0,0
347880,0,-0.49,0.00,9.534,2.648,1.858,0,0
347931,0,-0.47,0.00,9.347,2.351,2.069,0,0
347983,0,-0.47,0.00,9.357,2.705,2.375,0,0
348034,0,-0.47,0.00,9.510,2.830,2.294,0,0
348086,0,-0.47,0.00,9.404,2.701,2.045,0,0
348138,0,-0.49,-0.52,9.438,2.744,2.040,0,0
348188,0,-0.49,0.00,9.505,2.887,2.112,0,0
348240,0,-0.49,0.00,9.467,2.729,2.097,0,0
348291,0,-0.52,-1.34,9.337,2.691,2.059,0,0
348343,0,-0.51,0.00,9.510,2.801,2.088,0,0
348392,0,-0.51,0.00,9.476,2.902,2.155,0,0
348448,0,-0.49,0.20,9.414,2.878,2.164,0,0
348498,0,-0.48,0.52,9.414,2.777,2.083,0,0
348548,0,-0.48,0.00,9.443,2.840,2.059,0,0
348599,0,-0.47,0.52,9.481,2.892,2.030,0,0
348650,0,-0.45,0.00,9.414,2.964,2.126,0,0
348702,0,-0.45,0.00,9.428,2.768,2.140,0,0
348754,0,-0.49,0.00,9.390,2.801,2.107,0,0
348805,0,-0.49,-0.52,9.486,2.859,2.136,0,0
348857,0,-0.49,0.00,9.438,2.863,2.102,0,0
348908,0,-0.47,0.52,9.471,2.772,2.121,0,0
348960,0,-0.47,0.00,9.371,2.782,2.140,0,0
349012,0,-0.46,0.00,9.428,2.725,2.265,0,0
349063,0,-0.40,1.09,9.385,2.854,2.265,0,0
349115,0,-0.40,0.00,9.438,2.820,2.078,0,0
349166,0,-0.43,-1.34,9.448,2.710,1.939,0,0
349218,0,-0.43,0.00,9.457,2.830,2.112,0,0
349270,0,-0.43,0.00,9.424,2.844,2.227,0,0
349320,0,-0.43,0.00,9.414,2.792,2.193,0,0
349371,0,-0.44,0.00,9.404,2.768,2.131,0,0
349422,0,-0.44,0.00,9.428,2.840,2.097,0,0
349472,0,-0.45,0.00,9.452,2.897,2.116,0,0
349523,0,-0.50,-1.90,9.448,2.811,2.097,0,0
349572,0,-0.49,0.56,9.424,2.854,2.179,0,0
349624,0,-0.52,0.00,9.371,2.768,2.155,0,0
349676,0,-0.53,-0.48,9.500,2.844,2.203,0,0
349727,0,-0.53,0.00,9.438,2.940,2.179,0,0
349779,0,-0.57,-1.34,9.361,2.863,2.073,0,0
349830,0,-0.57,0.00,9.428,2.677,2.002,0,0
349882,0,-0.57,0.00,9.438,2.749,2.217,0,0
349934,0,-0.55,0.00,9.395,2.873,2.351,0,0
349985,0,-0.53,1.04,9.462,2.902,2.193,0,0
350037,0,-0.51,0.48,9.481,2.887,2.083,0,0
350088,0,-0.50,0.52,9.433,2.854,2.049,0,0
350140,0,-0.50,0.00,9.352,2.710,2.126,0,0
350192,0,-0.52,0.00,9.404,2.907,2.284,0,0
350242,0,-0.51,0.52,9.428,2.787,2.231,0,0
350293,0,-0.49,0.52,9.366,2.993,2.184,0,0
350345,0,-0.49,0.00,9.357,2.816,2.184,0,0
350395,0,-0.48,0.00,9.495,2.787,2.227,0,0
350445,0,-0.52,-1.35,9.385,2.840,2.284,0,0
350500,0,-0.50,0.20,9.337,2.806,2.227,0,0
350550,0,-0.49,0.00,9.428,2.825,2.174,0,0
350601,0,-0.46,0.52,9.385,2.820,2.164,0,0
350652,0,-0.46,0.00,9.361,2.739,2.322,0,0
350703,0,-0.45,0.00,9.400,2.772,2.365,0,0
350755,0,-0.43,0.00,9.395,2.993,2.298,0,0
350807,0,-0.46,0.45,9.486,3.079,2.112,0,0
350858,0,-0.46,0.00,9.448,2.897,2.025,0,0
350910,0,-0.44,0.56,9.361,2.811,2.145,0,0
350961,0,-0.43,0.48,9.380,2.667,2.509,0,0
351013,0,-0.43,0.00,9.208,3.117,2.485,0,0
351065,0,-0.42,0.00,9.457,2.935,1.978,0,0
351116,0,-0.47,-2.01,9.457,2.844,1.839,0,0
351168,0,-0.48,-0.48,9.357,3.012,2.064,0,0
351219,0,-0.48,0.00,9.433,3.160,2.231,0,0
351271,0,-0.48,0.00,9.582,3.352,2.409,0,0
351323,0,-0.47,0.48,9.280,2.787,2.265,0,0
351373,0,-0.47,0.00,9.333,2.346,1.930,0,0
351423,0,-0.49,0.56,9.572,2.772,1.906,0,0
351474,0,-0.49,0.00,9.457,2.873,2.188,0,0
351524,0,-0.46,0.52,9.208,2.840,2.241,0,0
351578,0,-0.45,0.56,9.448,2.796,1.963,0,0
351628,0,-0.45,0.00,9.606,2.638,1.724,0,0
351679,0,-0.43,0.52,9.452,2.792,1.786,0,0
351731,0,-0.45,-0.80,9.452,2.964,1.906,0,0
351783,0,-0.45,0.00,9.481,2.945,1.925,0,0
351834,0,-0.48,-0.86,9.395,2.878,1.920,0,0
351886,0,-0.48,0.00,9.395,3.112,1.949,0,0
351937,0,-0.48,0.00,9.476,3.026,1.935,0,0
351989,0,-0.46,0.52,9.337,2.859,1.973,0,0
352041,0,-0.45,0.00,9.424,2.863,2.073,0,0
352092,0,-0.43,0.52,9.395,2.863,2.140,0,0
352144,0,-0.43,0.00,9.323,2.749,2.045,0,0
352195,0,-0.47,0.00,9.457,2.926,2.155,0,0
352247,0,-0.46,0.00,9.409,3.160,2.160,0,0
352299,0,-0.46,-0.56,9.409,3.165,2.030,0,0
352349,0,-0.46,0.00,9.357,3.021,1.901,0,0
352399,0,-0.49,-1.41,9.404,3.089,1.954,0,0
352449,0,-0.49,0.00,9.452,3.179,1.992,0,0
352500,0,-0.48,0.00,9.414,2.830,2.131,0,0
352555,0,-0.49,-0.19,9.232,2.768,2.298,0,0
352606,0,-0.49,0.00,9.290,2.959,2.351,0,0
352657,0,-0.49,0.00,9.443,3.031,2.112,0,0
352708,0,-0.53,-0.52,9.424,3.227,2.088,0,0
352760,0,-0.51,0.00,9.290,3.160,2.121,0,0
352811,0,-0.50,0.00,9.304,2.950,2.140,0,0
352863,0,-0.47,1.01,9.280,2.863,2.222,0,0
352915,0,-0.50,0.48,9.251,3.045,2.260,0,0
352966,0,-0.48,0.56,9.251,2.954,2.136,0,0
353018,0,-0.47,0.00,9.361,3.179,2.274,0,0
353069,0,-0.47,0.00,9.294,3.309,2.270,0,0
353121,0,-0.50,0.00,9.299,3.294,2.332,0,0
353173,0,-0.50,-0.48,9.237,3.409,2.471,0,0
353224,0,-0.50,0.00,9.131,3.414,2.318,0,0
353276,0,-0.50,0.00,9.232,3.237,2.116,0,0
353327,0,-0.49,0.00,9.266,3.333,2.203,0,0
353379,0,-0.53,0.00,9.151,3.361,2.255,0,0
353430,0,-0.51,0.56,9.280,3.381,2.576,0,0
353480,0,-0.50,0.56,9.131,3.596,2.576,0,0
353531,0,-0.49,0.00,9.151,3.572,2.375,0,0
353582,0,-0.49,0.00,9.232,3.563,2.279,0,0
353633,0,-0.49,0.00,9.213,3.778,2.145,0,0
353684,0,-0.52,-0.52,9.290,3.663,2.231,0,0
353736,0,-0.51,0.52,8.806,2.897,2.274,0,0
353788,0,-0.54,0.48,9.098,3.539,2.595,0,0
353839,0,-0.54,0.00,9.457,3.749,2.485,0,0
353891,0,-0.54,0.00,8.969,3.266,2.471,0,0
353942,0,-0.57,-0.52,8.442,2.868,2.624,0,0
353994,0,-0.57,0.00,9.170,3.625,2.634,0,0
354046,0,-0.58,-0.56,9.677,4.424,2.456,0,0
354097,0,-0.62,-1.45,8.973,3.979,2.418,0,0
354149,0,-0.62,0.00,8.557,3.299,2.538,0,0
354200,0,-0.62,0.00,9.270,3.792,2.763,0,0
354252,0,-0.61,0.00,9.371,4.286,2.447,0,0
354346,0,-0.59,0.17,8.806,3.596,2.543,0,0
354396,0,-0.62,-0.88,8.825,3.687,2.667,0,0
354446,0,-0.62,0.00,9.179,3.893,2.222,0,0
354497,0,-0.62,-1.49,9.342,3.577,1.891,0,0
354547,0,-0.62,0.00,9.108,3.457,1.882,0,0
354598,0,-0.62,0.00,9.074,3.438,2.365,0,0
354649,0,-0.60,0.52,8.854,3.376,2.878,0,0
354700,0,-0.57,0.52,8.997,3.323,2.983,0,0
354752,0,-0.57,0.00,9.127,3.668,2.581,0,0
354803,0,-0.55,0.00,9.222,3.754,1.935,0,0
354855,0,-0.57,0.48,9.069,3.903,1.724,0,0
354907,0,-0.57,0.00,9.084,3.979,1.796,0,0
354958,0,-0.56,0.56,9.194,3.821,1.954,0,0
355010,0,-0.56,0.00,9.155,3.706,2.073,0,0
355061,0,-0.53,0.48,9.189,3.462,2.097,0,0
355113,0,-0.56,0.00,9.127,3.577,2.116,0,0
355165,0,-0.55,0.00,9.189,3.534,2.093,0,0
355216,0,-0.55,0.00,9.060,3.428,2.116,0,0
355268,0,-0.54,0.52,9.017,3.515,2.093,0,0
355319,0,-0.57,0.00,9.222,3.778,2.011,0,0
355370,0,-0.57,0.00,9.270,3.816,1.968,0,0
355420,0,-0.62,0.00,9.246,3.831,2.011,0,0
355471,0,-0.61,0.56,9.261,3.836,1.992,0,0
355521,0,-0.61,0.00,9.227,3.807,2.083,0,0
355570,0,-0.60,-0.93,9.122,3.625,2.231,0,0
355622,0,-0.56,1.34,9.184,3.572,2.207,0,0
355674,0,-0.55,0.00,9.476,3.371,2.140,0,0
355725,0,-0.55,0.48,9.165,2.969,2.035,0,0
355777,0,-0.55,0.00,8.954,2.744,2.069,0,0
355828,0,-0.56,-0.86,9.376,2.835,2.251,0,0
355880,0,-0.56,0.00,9.519,3.031,2.480,0,0
355932,0,-0.50,1.34,9.194,2.883,2.423,0,0
355983,0,-0.53,-1.45,9.275,3.213,2.227,0,0
356035,0,-0.52,0.00,9.443,3.290,2.021,0,0
356086,0,-0.53,-0.48,9.285,3.084,2.255,0,0
356138,0,-0.52,0.52,9.031,2.825,2.418,0,0
356190,0,-0.51,0.52,9.227,2.648,2.327,0,0
356240,0,-0.51,0.00,9.380,2.964,2.380,0,0
356291,0,-0.49,0.00,9.280,3.232,2.332,0,0
356343,0,-0.48,0.52,9.438,3.328,2.198,0,0
356398,0,-0.45,0.38,9.376,3.294,2.002,0,0
356448,0,-0.44,0.00,9.251,3.194,2.016,0,0
356498,0,-0.43,0.50,9.179,3.218,2.121,0,0
356548,0,-0.43,0.00,9.285,3.294,2.385,0,0
356599,0,-0.41,0.52,9.290,2.777,2.490,0,0
356650,0,-0.43,-0.74,9.151,2.653,2.322,0,0
356702,0,-0.43,-0.48,9.385,3.242,2.394,0,0
356754,0,-0.42,0.48,9.333,3.414,2.198,0,0
356805,0,-0.45,0.00,9.333,3.563,2.083,0,0
356857,0,-0.43,0.48,9.165,3.558,1.920,0,0
356908,0,-0.43,0.00,9.184,3.486,1.887,0,0
356960,0,-0.41,0.00,9.199,3.591,1.930,0,0
357012,0,-0.40,0.52,9.342,3.443,2.069,0,0
357063,0,-0.43,0.00,9.275,3.270,2.236,0,0
357115,0,-0.41,0.52,9.261,3.208,2.356,0,0
357166,0,-0.41,0.00,9.222,3.280,2.361,0,0
357218,0,-0.42,-0.56,9.218,3.400,2.150,0,0
357270,0,-0.41,0.52,9.246,3.572,1.939,0,0
357320,0,-0.41,0.00,9.309,3.543,1.906,0,0
357372,0,-0.41,0.00,9.280,3.524,2.097,0,0
357422,0,-0.43,0.00,9.232,3.266,2.236,0,0
357472,0,-0.43,0.00,9.170,3.132,2.203,0,0
357523,0,-0.43,0.00,9.246,3.084,2.217,0,0
357572,0,-0.42,0.52,9.246,3.227,2.270,0,0
357624,0,-0.42,0.00,9.256,3.385,2.246,0,0
357675,0,-0.42,0.00,9.318,3.443,2.227,0,0
357727,0,-0.44,-1.45,9.203,3.400,2.126,0,0
357779,0,-0.43,0.00,9.246,3.270,2.073,0,0
357830,0,-0.41,0.52,9.275,3.199,2.174,0,0
357882,0,-0.41,0.00,9.218,3.232,2.356,0,0
357933,0,-0.41,0.00,9.218,3.189,2.361,0,0
357985,0,-0.43,-0.86,9.261,3.122,2.342,0,0
358037,0,-0.42,0.00,9.261,3.227,2.289,0,0
358088,0,-0.41,0.00,9.304,3.376,2.255,0,0
358140,0,-0.41,0.00,9.227,3.381,2.236,0,0
358190,0,-0.39,0.48,9.203,3.414,2.246,0,0
358242,0,-0.41,0.00,9.270,3.328,2.251,0,0
358293,0,-0.44,-1.34,9.275,3.318,2.270,0,0
358345,0,-0.43,0.48,9.261,3.237,2.365,0,0
358395,0,-0.42,0.00,9.222,3.242,2.428,0,0
358449,0,-0.42,0.00,9.222,3.189,2.399,0,0
358499,0,-0.42,0.00,9.280,3.199,2.456,0,0
358550,0,-0.40,0.52,9.184,3.170,2.375,0,0
358600,0,-0.40,0.00,9.261,3.151,2.294,0,0
358651,0,-0.45,-1.82,9.290,3.208,2.251,0,0
358703,0,-0.45,0.00,9.261,3.156,2.313,0,0
358752,0,-0.45,0.00,9.261,3.122,2.399,0,0
358804,0,-0.44,0.00,9.256,3.108,2.452,0,0
358855,0,-0.45,0.56,9.266,3.146,2.466,0,0
358907,0,-0.45,0.00,9.256,3.117,2.394,0,0
358958,0,-0.43,0.52,9.266,3.122,2.394,0,0
359010,0,-0.43,0.00,9.275,3.132,2.370,0,0
359062,0,-0.43,0.00,9.270,3.194,2.442,0,0
359113,0,-0.42,1.01,9.275,3.136,2.437,0,0
359165,0,-0.42,0.00,9.218,3.112,2.399,0,0
359216,0,-0.45,-1.23,9.304,3.117,2.418,0,0
359267,0,-0.45,0.00,9.251,3.203,2.485,0,0
359318,0,-0.45,0.00,9.218,3.189,2.389,0,0
359370,0,-0.45,0.00,9.304,3.175,2.322,0,0
359420,0,-0.44,0.56,9.313,3.208,2.303,0,0
359471,0,-0.44,0.00,9.270,3.213,2.399,0,0
359521,0,-0.44,0.00,9.242,3.117,2.409,0,0
359573,0,-0.43,0.00,9.256,3.146,2.433,0,0
359625,0,-0.43,0.00,9.275,3.041,2.332,0,0
359676,0,-0.43,0.00,9.266,3.089,2.394,0,0
359728,0,-0.41,0.52,9.304,3.108,2.380,0,0
359780,0,-0.41,0.00,9.309,3.146,2.365,0,0
359831,0,-0.43,-0.52,9.299,3.179,2.346,0,0
359883,0,-0.43,0.00,9.242,3.189,2.313,0,0
359934,0,-0.43,0.00,9.280,3.132,2.342,0,0
359986,0,-0.44,-0.48,9.246,3.098,2.423,0,0
360038,0,-0.44,0.00,9.246,3.127,2.409,0,0
360089,0,-0.45,-0.52,9.280,3.055,2.394,0,0
360141,0,-0.45,0.00,9.261,3.079,2.452,0,0
360192,0,-0.47,0.00,9.189,3.141,2.490,0,0
360243,0,-0.52,-1.82,9.199,3.108,2.423,0,0
360294,0,-0.51,0.82,9.251,3.165,2.203,0,0
360346,0,-0.54,-1.34,9.304,3.314,2.193,0,0
360396,0,-0.56,0.00,9.328,3.285,2.294,0,0
360446,0,-0.54,0.00,9.266,3.347,2.423,0,0
360501,0,-0.56,-0.19,9.199,3.558,2.653,0,0
360551,0,-0.56,0.00,9.007,3.314,2.437,0,0
360601,0,-0.54,0.48,9.122,2.988,2.236,0,0
360652,0,-0.55,-0.34,9.342,3.026,2.466,0,0
360704,0,-0.57,0.00,9.309,3.323,2.648,0,0
360756,0,-0.59,-0.48,9.246,3.352,2.547,0,0
360807,0,-0.61,0.00,9.208,3.400,2.413,0,0
360859,0,-0.61,0.00,9.213,3.630,2.428,0,0
360910,0,-0.64,-1.34,9.079,3.515,2.375,0,0
360962,0,-0.64,0.00,9.017,3.213,2.294,0,0
361014,0,-0.64,0.00,9.098,3.496,2.342,0,0
361065,0,-0.64,0.00,9.275,3.558,2.327,0,0
361117,0,-0.68,-1.34,9.299,3.572,2.404,0,0
361168,0,-0.67,0.00,9.160,3.467,2.442,0,0
361220,0,-0.65,0.52,9.122,3.376,2.298,0,0
361272,0,-0.69,-1.34,9.232,3.452,2.332,0,0
361322,0,-0.69,0.00,9.179,3.318,2.303,0,0
361374,0,-0.67,0.52,9.050,3.433,2.351,0,0
361424,0,-0.65,0.52,9.189,3.548,2.437,0,0
361474,0,-0.65,0.00,9.323,3.567,2.523,0,0
361525,0,-0.63,0.00,9.141,3.309,2.298,0,0
361574,0,-0.66,0.52,9.136,3.122,2.121,0,0
361626,0,-0.66,0.00,9.275,3.251,2.255,0,0
361677,0,-0.64,0.00,9.184,3.304,2.567,0,0
361729,0,-0.64,0.00,9.050,3.237,2.686,0,0
361780,0,-0.66,-0.52,9.179,3.232,2.571,0,0
361832,0,-0.64,0.52,9.199,3.251,2.418,0,0
361884,0,-0.64,0.00,9.184,3.428,2.437,0,0
361935,0,-0.63,0.00,9.179,3.428,2.485,0,0
361987,0,-0.68,-1.82,9.160,3.395,2.461,0,0
362038,0,-0.67,0.00,9.170,3.381,2.456,0,0
362090,0,-0.68,-0.48,9.151,3.390,2.476,0,0
362142,0,-0.69,-0.56,9.160,3.405,2.543,0,0
362192,0,-0.71,-0.52,9.098,3.390,2.562,0,0
362243,0,-0.71,0.00,9.069,3.323,2.547,0,0
362295,0,-0.71,0.00,9.093,3.309,2.461,0,0
362347,0,-0.69,0.52,9.122,3.385,2.437,0,0
362397,0,-0.69,0.00,9.127,3.563,2.447,0,0
362447,0,-0.70,-1.33,9.112,3.596,2.509,0,0
362497,0,-0.70,0.00,9.103,3.682,2.523,0,0
362553,0,-0.70,0.00,9.117,3.515,2.399,0,0
362604,0,-0.68,0.00,9.045,3.644,2.337,0,0
362656,0,-0.67,0.52,9.098,3.649,2.356,0,0
362706,0,-0.67,0.00,9.064,3.577,2.418,0,0
362758,0,-0.69,-1.45,9.041,3.778,2.614,0,0
362809,0,-0.68,0.52,9.084,3.907,2.629,0,0
362861,0,-0.67,0.52,9.031,3.788,2.514,0,0
362912,0,-0.65,0.48,8.988,3.539,2.289,0,0
362964,0,-0.63,0.00,9.060,3.610,2.284,0,0
363016,0,-0.63,0.00,9.045,3.673,2.342,0,0
363067,0,-0.65,0.00,9.064,3.797,2.409,0,0
363119,0,-0.63,0.52,9.069,3.955,2.504,0,0
363170,0,-0.63,0.00,9.021,3.773,2.375,0,0
363222,0,-0.62,0.48,8.993,3.673,2.284,0,0
363274,0,-0.62,0.00,9.074,3.634,2.289,0,0
363325,0,-0.61,0.00,9.007,3.716,2.308,0,0
363377,0,-0.61,0.00,9.026,3.792,2.337,0,0
363427,0,-0.59,0.48,9.117,3.788,2.337,0,0
363478,0,-0.63,0.00,9.036,3.649,2.327,0,0
363528,0,-0.60,0.56,8.959,3.802,2.399,0,0
363580,0,-0.60,0.00,9.108,3.821,2.380,0,0
363632,0,-0.59,0.00,9.074,3.816,2.342,0,0
363682,0,-0.59,0.00,8.969,3.735,2.327,0,0
363733,0,-0.61,0.00,9.074,3.663,2.365,0,0
363785,0,-0.60,0.56,9.045,3.773,2.485,0,0
363837,0,-0.60,0.00,9.045,3.807,2.480,0,0
363888,0,-0.57,0.00,9.108,3.682,2.337,0,0
363940,0,-0.56,0.00,9.036,3.730,2.308,0,0
363991,0,-0.54,0.52,9.007,3.601,2.365,0,0
364043,0,-0.54,0.00,9.069,3.706,2.442,0,0
364095,0,-0.53,0.48,9.002,3.630,2.274,0,0
364146,0,-0.53,0.00,9.088,3.735,2.342,0,0
364198,0,-0.53,0.00,9.055,3.740,2.342,0,0
364249,0,-0.53,0.00,9.031,3.677,2.433,0,0
364347,0,-0.53,0.00,8.973,3.711,2.423,0,0
364397,0,-0.59,-2.01,9.074,3.797,2.313,0,0
364447,0,-0.59,0.00,9.079,3.859,2.265,0,0
364498,0,-0.58,0.00,9.069,3.883,2.346,0,0
364548,0,-0.55,0.56,9.064,3.974,2.413,0,0
364598,0,-0.55,0.00,9.021,3.836,2.471,0,0
364650,0,-0.55,0.00,8.950,3.673,2.514,0,0
364701,0,-0.60,0.00,8.993,3.716,2.509,0,0
364753,0,-0.60,0.00,9.069,3.591,2.428,0,0
364804,0,-0.61,-0.52,9.036,3.606,2.356,0,0
364856,0,-0.60,0.00,9.084,3.754,2.413,0,0
364908,0,-0.59,0.00,9.036,3.783,2.480,0,0
364959,0,-0.59,0.00,9.041,3.563,2.418,0,0
365011,0,-0.57,0.00,8.988,3.692,2.485,0,0
365062,0,-0.56,0.48,9.084,3.701,2.480,0,0
365114,0,-0.57,0.52,9.112,3.567,2.284,0,0
365166,0,-0.55,0.52,8.997,3.519,2.365,0,0
365217,0,-0.55,0.00,9.031,3.572,2.533,0,0
365269,0,-0.57,-0.48,9.079,3.730,2.576,0,0
365319,0,-0.57,0.00,9.041,3.716,2.490,0,0
365371,0,-0.57,0.00,9.045,3.716,2.433,0,0
365421,0,-0.60,0.00,9.079,3.754,2.447,0,0
365471,0,-0.60,0.56,9.031,3.567,2.385,0,0
365522,0,-0.60,0.00,8.988,3.610,2.428,0,0
365571,0,-0.60,0.00,9.112,3.721,2.437,0,0
365623,0,-0.62,-0.52,9.103,3.668,2.342,0,0
365674,0,-0.62,0.00,9.074,3.639,2.380,0,0
365726,0,-0.66,-1.01,9.050,3.783,2.471,0,0
365778,0,-0.66,0.00,9.194,3.706,2.356,0,0
365829,0,-0.66,0.00,9.079,3.543,2.279,0,0
365881,0,-0.64,0.52,9.050,3.620,2.375,0,0
365932,0,-0.64,0.00,9.098,3.443,2.461,0,0
365984,0,-0.68,0.00,9.093,3.553,2.562,0,0
366036,0,-0.68,0.00,9.179,3.491,2.456,0,0
366087,0,-0.63,0.00,9.103,3.496,2.327,0,0
366139,0,-0.66,0.00,9.122,3.424,2.265,0,0
366190,0,-0.66,0.00,9.170,3.596,2.318,0,0
366241,0,-0.68,-0.48,9.184,3.462,2.222,0,0
366292,0,-0.68,0.00,9.246,3.361,2.198,0,0
366344,0,-0.69,0.00,9.160,3.361,2.231,0,0
366397,0,-0.68,0.20,9.103,3.333,2.428,0,0
366448,0,-0.69,-0.56,9.203,3.496,2.538,0,0
366498,0,-0.74,0.00,9.328,3.572,2.595,0,0
366548,0,-0.74,-0.54,9.088,3.290,2.480,0,0
366599,0,-0.74,0.00,9.045,3.050,2.399,0,0
366650,0,-0.74,0.00,9.380,3.256,2.361,0,0
366702,0,-0.73,0.00,9.218,3.409,2.562,0,0
366753,0,-0.77,0.00,9.203,3.290,2.476,0,0
366805,0,-0.75,0.52,9.208,3.385,2.485,0,0
366857,0,-0.74,0.00,9.246,3.227,2.437,0,0
366908,0,-0.72,0.00,9.199,3.309,2.423,0,0
366960,0,-0.71,0.00,9.203,3.338,2.442,0,0
367011,0,-0.70,0.00,9.208,3.361,2.500,0,0
367063,0,-0.68,0.52,9.108,3.199,2.399,0,0
367115,0,-0.70,-1.38,9.208,3.247,2.409,0,0
367166,0,-0.70,0.00,9.227,3.390,2.389,0,0
367218,0,-0.69,0.00,9.203,3.376,2.241,0,0
367269,0,-0.69,0.00,9.400,3.357,2.437,0,0
367320,0,-0.69,0.00,9.246,3.424,2.404,0,0
367371,0,-0.69,0.00,9.021,3.443,2.600,0,0
367422,0,-0.69,0.00,8.811,3.405,2.969,0,0
367472,0,-0.69,0.00,9.079,3.309,2.782,0,0
367523,0,-0.71,-0.88,9.304,3.146,2.614,0,0
367575,0,-0.70,0.00,9.208,3.247,2.562,0,0
367626,0,-0.70,0.00,9.194,3.323,2.605,0,0
367678,0,-0.70,0.00,9.213,3.237,2.528,0,0
367729,0,-0.69,0.48,9.131,3.213,2.418,0,0
367781,0,-0.70,-0.52,9.232,3.213,2.332,0,0
367832,0,-0.70,0.00,9.266,3.218,2.308,0,0
367884,0,-0.70,0.52,9.184,3.194,2.409,0,0
367936,0,-0.71,-0.52,9.189,3.361,2.528,0,0
367987,0,-0.76,-0.52,9.218,3.357,2.571,0,0
368039,0,-0.76,0.00,9.189,3.146,2.528,0,0
368090,0,-0.76,0.00,9.179,3.409,2.600,0,0
368142,0,-0.75,0.00,9.347,3.428,2.442,0,0
368194,0,-0.75,0.00,9.251,3.452,2.251,0,0
368244,0,-0.75,0.00,9.189,2.998,2.241,0,0
368295,0,-0.75,0.00,9.333,3.132,2.447,0,0
368347,0,-0.78,-0.56,9.299,3.050,2.552,0,0
368397,0,-0.83,-1.86,9.184,3.194,2.514,0,0
368451,0,-0.80,0.39,9.256,3.620,2.830,0,0
368502,0,-0.79,0.00,9.361,2.964,2.279,0,0
368552,0,-0.77,0.00,8.997,2.878,2.184,0,0
368602,0,-0.77,0.00,9.261,3.328,2.131,0,0
368653,0,-0.77,1.30,9.807,2.557,2.006,0,0
368705,0,-0.81,0.00,9.902,3.227,2.217,0,0
368757,0,-0.81,0.00,9.002,2.710,1.901,0,0
368808,0,-0.81,0.00,9.218,2.294,2.456,0,0
368860,0,-0.80,0.00,9.304,2.394,3.089,0,0
368911,0,-0.80,0.00,9.050,2.308,3.160,0,0
368963,0,-0.78,0.00,9.404,3.141,3.175,0,0
369015,0,-0.75,2.35,9.452,3.069,2.643,0,0
369066,0,-0.75,0.00,9.390,2.701,2.428,0,0
369118,0,-0.78,0.00,9.208,2.054,2.500,0,0
369169,0,-0.73,1.82,9.309,2.519,3.036,0,0
369221,0,-0.71,0.00,9.567,2.849,3.045,0,0
369273,0,-0.68,0.00,8.997,2.365,3.610,0,0
369323,0,-0.68,0.00,8.748,2.145,3.625,0,0
369375,0,-0.66,1.01,9.170,2.648,3.706,0,0
369425,0,-0.66,0.00,9.151,2.610,3.496,0,0
369475,0,-0.64,0.00,9.141,2.346,3.261,0,0
369526,0,-0.64,0.00,9.285,2.500,3.031,0,0
369575,0,-0.63,0.00,9.409,2.772,2.787,0,0
369627,0,-0.63,0.00,9.333,2.658,2.279,0,0
369678,0,-0.67,-1.34,9.419,2.586,2.107,0,0
369730,0,-0.65,0.00,9.448,3.160,2.753,0,0
369781,0,-0.64,0.52,9.117,2.811,2.911,0,0
369833,0,-0.64,0.00,9.088,2.562,2.792,0,0
369882,0,-0.64,-0.71,9.275,2.940,2.643,0,0
369934,0,-0.63,0.52,9.433,3.476,2.658,0,0
369985,0,-0.64,-0.52,9.309,3.136,2.500,0,0
370037,0,-0.64,0.00,9.304,2.682,2.265,0,0
370088,0,-0.64,0.00,9.337,2.873,2.188,0,0
370139,0,-0.66,-0.52,9.400,3.017,2.064,0,0
370190,0,-0.66,0.00,9.452,2.978,1.987,0,0
370242,0,-0.69,0.00,9.428,2.978,2.102,0,0
370293,0,-0.69,0.00,9.361,2.830,2.016,0,0
370345,0,-0.67,0.52,9.380,3.026,2.064,0,0
370398,0,-0.64,1.09,9.457,3.692,2.025,0,0
370448,0,-0.64,0.00,9.299,3.385,2.078,0,0
370529,0,-0.61,0.28,9.227,3.007,2.131,0,0
370581,0,-0.65,0.00,9.404,2.911,1.968,0,0
370633,0,-0.62,0.48,9.361,3.170,1.887,0,0
370683,0,-0.62,0.00,9.452,3.112,1.796,0,0
370735,0,-0.61,0.00,9.419,3.247,1.652,0,0
370786,0,-0.59,0.00,9.433,2.959,1.513,0,0
370838,0,-0.57,0.52,9.337,3.050,1.575,0,0
370889,0,-0.54,1.01,9.448,3.247,1.609,0,0
370941,0,-0.51,0.52,9.471,3.294,1.719,0,0
370992,0,-0.53,-0.86,9.400,3.338,1.753,0,0
371044,0,-0.53,0.00,9.404,3.175,1.633,0,0
371096,0,-0.52,0.00,9.347,3.218,1.666,0,0
371147,0,-0.51,0.52,9.433,3.242,1.676,0,0
371199,0,-0.48,0.48,9.304,3.065,1.618,0,0
371250,0,-0.48,0.00,9.404,3.247,1.614,0,0
371302,0,-0.48,0.00,9.424,3.213,1.762,0,0
371354,0,-0.48,0.00,9.385,3.314,1.738,0,0
371406,0,-0.51,0.00,9.409,3.237,1.614,0,0
371457,0,-0.49,0.52,9.361,3.165,1.551,0,0
371507,0,-0.47,0.56,9.409,3.256,1.551,0,0
371557,0,-0.47,0.00,9.414,3.323,1.618,0,0
371609,0,-0.45,0.48,9.376,3.247,1.628,0,0
371659,0,-0.45,0.00,9.366,3.213,1.590,0,0
371711,0,-0.42,0.52,9.404,3.280,1.566,0,0
371762,0,-0.42,0.00,9.400,3.275,1.542,0,0
371814,0,-0.46,0.48,9.376,3.223,1.618,0,0
371865,0,-0.46,0.00,9.361,3.232,1.647,0,0
371917,0,-0.46,0.00,9.400,3.290,1.609,0,0
371968,0,-0.41,1.53,9.404,3.266,1.547,0,0
372020,0,-0.44,-0.82,9.357,3.170,1.618,0,0
372072,0,-0.45,0.00,9.371,3.251,1.652,0,0
372123,0,-0.45,0.00,9.361,3.261,1.638,0,0
372175,0,-0.45,0.00,9.366,3.227,1.623,0,0
372226,0,-0.49,0.00,9.371,3.232,1.604,0,0
372278,0,-0.49,0.00,9.366,3.256,1.590,0,0
372330,0,-0.49,0.00,9.352,3.242,1.652,0,0
372382,0,-0.49,0.00,9.414,3.390,1.595,0,0
372432,0,-0.47,0.00,9.400,3.256,1.595,0,0
372483,0,-0.46,0.00,9.270,3.175,1.614,0,0
372533,0,-0.45,0.56,9.419,3.323,1.638,0,0
372588,0,-0.40,0.75,9.404,3.299,1.671,0,0
372640,0,-0.44,-1.30,9.280,3.227,1.652,0,0
372691,0,-0.43,0.00,9.428,3.357,1.614,0,0
372742,0,-0.41,0.48,9.400,3.304,1.657,0,0
372793,0,-0.40,0.00,9.304,3.266,1.662,0,0
372845,0,-0.40,0.00,9.371,3.323,1.638,0,0
372896,0,-0.41,0.00,9.404,3.304,1.599,0,0
372948,0,-0.41,0.00,9.328,3.251,1.599,0,0
373000,0,-0.41,0.00,9.400,3.318,1.662,0,0
373051,0,-0.41,0.00,9.395,3.323,1.628,0,0
373103,0,-0.43,-0.48,9.342,3.251,1.585,0,0
373154,0,-0.40,0.00,9.361,3.266,1.604,0,0
373206,0,-0.37,0.52,9.342,3.299,1.623,0,0
373255,0,-0.36,0.52,9.318,3.189,1.638,0,0
373307,0,-0.33,0.52,9.352,3.309,1.666,0,0
373357,0,-0.33,0.00,9.448,3.328,1.590,0,0
373407,0,-0.34,0.56,9.352,3.256,1.537,0,0
373458,0,-0.34,0.00,9.376,3.261,1.590,0,0
373508,0,-0.32,0.00,9.390,3.333,1.690,0,0
373558,0,-0.32,0.00,9.342,3.256,1.628,0,0
373609,0,-0.34,-0.52,9.352,3.242,1.575,0,0
373661,0,-0.34,0.00,9.376,3.266,1.599,0,0
373713,0,-0.35,0.00,9.371,3.304,1.647,0,0
373764,0,-0.35,0.00,9.361,3.261,1.657,0,0
373816,0,-0.33,0.86,9.366,3.270,1.614,0,0
373867,0,-0.32,0.48,9.371,3.285,1.556,0,0
373919,0,-0.29,0.00,9.385,3.304,1.580,0,0
373971,0,-0.25,1.01,9.333,3.223,1.652,0,0
374022,0,-0.23,0.00,9.333,3.247,1.714,0,0
374074,0,-0.26,0.00,9.371,3.309,1.633,0,0
374125,0,-0.27,-0.52,9.404,3.299,1.532,0,0
374177,0,-0.27,-1.34,9.337,3.247,1.595,0,0
374229,0,-0.26,0.52,9.385,3.352,1.767,0,0
374279,0,-0.26,0.00,9.347,3.261,1.681,0,0
374345,0,-0.26,0.00,9.380,3.242,1.571,0,0
374395,0,-0.24,0.00,9.337,3.247,1.590,0,0
374446,0,-0.24,0.00,9.357,3.309,1.681,0,0
374496,0,-0.23,0.56,9.390,3.242,1.657,0,0
374546,0,-0.22,0.00,9.361,3.290,1.628,0,0
374598,0,-0.20,0.00,9.385,3.299,1.590,0,0
374648,0,-0.20,0.00,9.371,3.285,1.614,0,0
374700,0,-0.24,0.00,9.352,3.318,1.638,0,0
374751,0,-0.24,0.00,9.361,3.232,1.686,0,0
374803,0,-0.22,0.52,9.313,3.275,1.671,0,0
374854,0,-0.21,0.52,9.390,3.323,1.666,0,0
374906,0,-0.20,0.00,9.347,3.256,1.676,0,0
374958,0,-0.18,0.48,9.333,3.342,1.772,0,0
375009,0,-0.18,0.00,9.357,3.323,1.709,0,0
375061,0,-0.21,0.00,9.328,3.304,1.571,0,0
375112,0,-0.19,0.52,9.347,3.261,1.618,0,0
375164,0,-0.18,0.48,9.313,3.294,1.695,0,0
375216,0,-0.18,0.00,9.347,3.266,1.729,0,0
375267,0,-0.16,0.00,9.357,3.361,1.719,0,0
375319,0,-0.16,0.00,9.347,3.318,1.633,0,0
375370,0,-0.15,0.56,9.333,3.304,1.628,0,0
375421,0,-0.15,0.00,9.328,3.309,1.676,0,0
375471,0,-0.17,0.56,9.328,3.280,1.705,0,0
375521,0,-0.17,0.00,9.333,3.318,1.700,0,0
375574,0,-0.16,0.52,9.342,3.328,1.676,0,0
375624,0,-0.16,0.00,9.347,3.347,1.642,0,0
375676,0,-0.13,1.01,9.337,3.342,1.743,0,0
375727,0,-0.13,0.00,9.352,3.361,1.767,0,0
375779,0,-0.14,0.00,9.323,3.294,1.719,0,0
375830,0,-0.18,-1.38,9.361,3.290,1.657,0,0
375882,0,-0.20,0.00,9.342,3.261,1.681,0,0
375933,0,-0.18,0.00,9.299,3.232,1.762,0,0
375985,0,-0.18,0.00,9.347,3.304,1.815,0,0
376037,0,-0.17,0.00,9.380,3.347,1.705,0,0
376088,0,-0.17,0.00,9.357,3.333,1.623,0,0
376140,0,-0.17,0.00,9.385,3.342,1.604,0,0
376191,0,-0.19,-0.82,9.342,3.299,1.671,0,0
376243,0,-0.19,0.00,9.337,3.285,1.719,0,0
376295,0,-0.19,-0.48,9.366,3.328,1.647,0,0
376345,0,-0.19,0.00,9.347,3.323,1.633,0,0
376398,0,-0.20,-0.19,9.366,3.179,1.633,0,0
376449,0,-0.20,0.00,9.400,3.294,1.767,0,0
376499,0,-0.20,0.00,9.357,3.256,1.709,0,0
376552,0,-0.19,0.00,9.376,3.227,1.647,0,0
376604,0,-0.19,0.00,9.400,3.208,1.700,0,0
376654,0,-0.19,0.00,9.347,3.194,1.772,0,0
376705,0,-0.20,-0.52,9.404,3.189,1.690,0,0
376757,0,-0.19,0.00,9.486,3.270,1.633,0,0
376809,0,-0.18,1.01,9.385,3.266,1.652,0,0
376860,0,-0.18,0.00,9.304,3.089,1.676,0,0
376912,0,-0.18,0.00,9.390,3.151,1.695,0,0
376963,0,-0.11,2.38,9.409,3.184,1.714,0,0
377015,0,-0.09,0.00,9.471,3.170,1.786,0,0
377067,0,-0.06,1.04,9.941,3.548,1.666,0,0
377118,0,-0.04,0.48,10.625,4.013,1.384,0,0
377170,0,-0.04,0.00,10.831,3.721,2.356,0,0
377221,0,-0.04,0.00,10.089,3.869,2.720,0,0
377273,0,-0.04,0.00,10.587,2.998,1.935,0,0
377325,0,-0.04,0.00,10.534,2.351,1.599,0,0
377375,0,-0.07,-0.82,9.716,1.719,1.073,0,0
377425,0,-0.05,0.56,9.404,0.445,0.603,0,0
377476,0,-0.07,0.00,9.333,-0.043,0.570,0,0
377526,0,-0.03,1.45,9.203,-0.560,0.666,0,0
377579,0,-0.04,0.00,9.395,-0.795,0.484,0,0
377630,0,-0.04,0.00,9.912,-0.718,0.101,0,0
377681,0,-0.04,0.00,10.386,0.359,0.546,0,0
377733,0,-0.03,0.52,9.538,-0.804,0.172,0,0
377784,0,-0.02,0.52,9.433,-0.201,0.699,0,0
377836,0,-0.02,0.00,9.519,0.359,0.886,0,0
377888,0,-0.02,0.00,9.117,1.211,2.016,0,0
377939,0,-0.02,-0.52,8.495,2.030,3.132,0,0
377991,0,0.03,1.84,8.317,1.528,4.180,0,0
378042,0,0.03,0.00,7.786,1.915,4.951,0,0
378094,0,0.03,0.00,8.538,1.891,4.731,0,0
378143,0,0.02,0.00,8.744,2.471,4.875,0,0
378195,0,0.02,0.00,8.959,2.782,5.090,0,0
378245,0,0.06,1.34,8.648,2.270,5.440,0,0
378297,0,0.06,0.00,8.404,2.045,5.617,0,0
378348,0,0.06,0.00,8.437,2.222,5.349,0,0
378401,0,0.06,0.00,8.657,2.136,5.119,0,0
378456,0,0.07,0.18,8.428,2.064,5.057,0,0
378506,0,0.07,0.00,8.485,2.006,5.037,0,0
378556,0,0.08,0.00,8.499,2.116,5.085,0,0
378607,0,0.07,-0.52,8.428,1.896,4.961,0,0
378658,0,0.08,-1.34,8.408,1.820,4.688,0,0
378710,0,0.12,1.34,8.509,2.184,4.841,0,0
378761,0,0.11,0.00,8.691,2.126,4.707,0,0
378813,0,0.08,0.00,8.744,2.078,4.769,0,0
378865,0,0.11,0.00,8.758,2.126,4.745,0,0
378916,0,0.09,0.00,8.590,2.188,4.769,0,0
378968,0,0.09,0.00,8.452,2.078,4.496,0,0
379019,0,0.11,0.00,8.188,2.308,4.396,0,0
379071,0,0.14,1.36,7.269,2.059,3.946,0,0
379120,0,0.13,0.00,6.943,1.528,3.500,0,0
379172,0,0.13,0.00,7.250,2.126,3.994,0,0
379222,0,0.13,0.00,7.240,2.174,4.338,0,0
379274,0,0.11,0.00,8.562,0.876,3.845,0,0
379325,0,0.11,0.00,10.051,-0.685,2.069,0,0
379377,0,0.10,0.82,11.320,-0.263,1.255,0,0
379427,0,0.05,-1.97,11.741,0.599,1.403,0,0
379478,0,0.04,0.00,10.721,0.101,1.743,0,0
379528,0,0.01,-0.52,12.857,1.551,2.342,0,0
379577,0,-0.00,-0.50,11.952,2.907,2.567,0,0
379629,0,0.02,0.00,9.395,2.279,1.992,0,0
379681,0,0.00,0.00,8.222,0.622,1.748,0,0
379732,0,-0.02,0.00,10.027,1.561,2.318,0,0
379784,0,-0.06,-0.56,10.420,3.060,3.179,0,0
379835,0,-0.09,-1.01,9.735,2.480,2.658,0,0
379887,0,-0.12,-0.48,9.400,1.623,2.193,0,0
379939,0,-0.10,-0.52,9.481,1.901,2.198,0,0
379990,0,-0.12,0.00,9.644,1.925,2.155,0,0
380042,0,-0.17,-1.04,9.596,2.054,2.179,0,0
380092,0,-0.17,0.00,9.524,2.097,2.116,0,0
380144,0,-0.14,-0.56,9.601,2.322,2.097,0,0
380195,0,-0.17,0.00,9.673,2.686,2.035,0,0
380247,0,-0.18,0.82,9.711,2.787,1.992,0,0
380298,0,-0.19,-0.48,9.668,2.734,2.006,0,0
380350,0,-0.20,0.00,9.486,2.380,1.906,0,0
380400,0,-0.24,-0.56,9.519,2.471,2.025,0,0
380450,0,-0.26,0.00,9.538,2.576,2.083,0,0
380505,0,-0.27,-0.21,9.510,2.595,2.107,0,0
380555,0,-0.25,0.00,9.471,2.389,2.069,0,0
380605,0,-0.28,-1.01,9.548,2.547,2.088,0,0
380656,0,-0.29,0.00,9.586,2.701,2.002,0,0
380708,0,-0.30,0.00,9.510,2.634,1.848,0,0
380760,0,-0.30,0.00,9.577,2.749,1.935,0,0
380811,0,-0.33,-0.52,9.534,2.705,1.891,0,0
380863,0,-0.36,-1.01,9.419,2.629,1.887,0,0
380914,0,-0.36,0.00,9.534,2.696,1.930,0,0
380966,0,-0.40,-0.52,9.519,2.677,1.944,0,0
381018,0,-0.39,0.00,9.491,2.648,1.982,0,0
381069,0,-0.42,-1.34,9.510,2.667,2.049,0,0
381121,0,-0.44,-0.52,9.471,2.653,2.059,0,0
381172,0,-0.45,0.00,9.505,2.629,2.040,0,0
381224,0,-0.46,-0.52,9.534,2.600,2.073,0,0
381276,0,-0.46,0.00,9.467,2.600,2.025,0,0
381326,0,-0.46,0.00,9.486,2.667,2.006,0,0
381378,0,-0.48,0.00,9.529,2.720,1.949,0,0
381428,0,-0.46,0.56,9.491,2.662,2.088,0,0
381479,0,-0.46,0.00,9.448,2.662,2.231,0,0
381529,0,-0.49,-1.45,9.385,2.586,2.150,0,0
381578,0,-0.49,0.00,9.481,2.672,1.987,0,0
381630,0,-0.49,0.00,9.548,2.782,1.872,0,0
381681,0,-0.46,1.09,9.543,2.820,1.781,0,0
381733,0,-0.45,0.52,9.529,2.825,1.791,0,0
381782,0,-0.40,0.48,9.500,2.763,1.863,0,0
381834,0,-0.44,0.00,9.467,2.725,1.982,0,0
381885,0,-0.44,0.00,9.495,2.682,2.016,0,0
381937,0,-0.41,0.48,9.500,2.768,1.982,0,0
381988,0,-0.41,0.00,9.538,2.811,1.896,0,0
382040,0,-0.41,0.00,9.491,2.744,1.887,0,0
382092,0,-0.41,0.00,9.534,2.720,1.848,0,0
382142,0,-0.41,0.00,9.515,2.753,1.834,0,0
382194,0,-0.43,-0.48,9.481,2.710,1.901,0,0
382245,0,-0.41,0.00,9.510,2.634,1.949,0,0
382297,0,-0.44,-0.48,9.538,2.729,1.949,0,0
382348,0,-0.44,0.00,9.491,2.658,1.920,0,0
382398,0,-0.41,0.52,9.505,2.710,1.901,0,0
382449,0,-0.40,0.56,9.538,2.715,1.882,0,0
382499,0,-0.37,0.00,9.495,2.682,1.920,0,0
382557,0,-0.36,0.20,9.529,2.682,1.925,0,0
382607,0,-0.33,1.01,9.505,2.643,1.930,0,0
382659,0,-0.30,0.00,9.510,2.653,1.925,0,0
382710,0,-0.29,0.00,9.553,2.686,1.867,0,0
382762,0,-0.30,0.00,9.515,2.658,1.911,0,0
382813,0,-0.29,0.52,9.505,2.729,1.915,0,0
382865,0,-0.28,0.52,9.524,2.672,1.867,0,0
382916,0,-0.26,0.00,9.519,2.701,1.839,0,0
382968,0,-0.27,-1.34,9.510,2.662,1.853,0,0
383020,0,-0.26,0.00,9.505,2.648,1.915,0,0
383071,0,-0.23,0.52,9.534,2.682,1.882,0,0
383123,0,-0.22,0.52,9.529,2.725,1.853,0,0
383174,0,-0.20,0.00,9.510,2.701,1.824,0,0
383226,0,-0.20,0.00,9.515,2.682,1.858,0,0
383278,0,-0.22,0.00,9.510,2.682,1.906,0,0
383328,0,-0.22,0.00,9.515,2.691,1.920,0,0
383377,0,-0.20,0.00,9.505,2.682,1.848,0,0
383428,0,-0.19,0.56,9.586,2.686,1.872,0,0
383478,0,-0.21,-0.89,9.534,2.725,1.882,0,0
383528,0,-0.21,0.00,9.505,2.686,1.853,0,0
383580,0,-0.20,0.00,9.515,2.658,1.810,0,0
383632,0,-0.18,0.00,9.538,2.720,1.800,0,0
383684,0,-0.17,0.00,9.524,2.686,1.796,0,0
383735,0,-0.14,1.01,9.500,2.662,1.844,0,0
383787,0,-0.18,0.00,9.529,2.705,1.887,0,0
383838,0,-0.14,0.52,9.510,2.682,1.901,0,0
383890,0,-0.14,0.00,9.515,2.696,1.834,0,0
383942,0,-0.12,0.00,9.534,2.691,1.815,0,0
383993,0,-0.12,0.00,9.524,2.686,1.853,0,0
384045,0,-0.15,0.00,9.519,2.744,1.839,0,0
384096,0,-0.16,-0.52,9.524,2.720,1.781,0,0
384148,0,-0.16,0.00,9.543,2.682,1.791,0,0
384199,0,-0.18,0.00,9.486,2.667,1.906,0,0
384250,0,-0.18,0.00,9.486,2.658,1.820,0,0
384345,0,-0.16,0.00,9.558,2.758,1.666,0,0
384395,0,-0.19,-1.09,9.534,2.830,1.724,0,0
384445,0,-0.19,0.00,9.505,2.782,1.733,0,0
384496,0,-0.23,-1.13,9.534,2.753,1.729,0,0
384546,0,-0.26,-1.09,9.510,2.758,1.743,0,0
384597,0,-0.27,0.00,9.529,2.777,1.733,0,0
384648,0,-0.29,-0.48,9.500,2.739,1.738,0,0
384699,0,-0.31,0.00,9.495,2.806,1.709,0,0
384751,0,-0.33,-0.56,9.495,2.830,1.709,0,0
384802,0,-0.34,0.00,9.524,3.012,1.633,0,0
384854,0,-0.36,-0.48,9.519,2.916,1.532,0,0
384906,0,-0.36,0.00,9.529,2.911,1.566,0,0
384957,0,-0.34,0.00,9.534,2.916,1.767,0,0
385009,0,-0.33,0.48,9.491,2.772,1.690,0,0
385060,0,-0.34,0.00,9.409,2.595,1.733,0,0
385112,0,-0.31,0.00,9.347,2.452,1.556,0,0
385161,0,-0.34,-0.86,9.400,2.844,1.556,0,0
385213,0,-0.34,0.52,9.773,3.409,1.690,0,0
385263,0,-0.34,0.00,9.697,3.400,1.930,0,0
385315,0,-0.31,0.48,9.021,2.983,1.666,0,0
385366,0,-0.30,0.56,9.567,3.012,1.441,0,0
385416,0,-0.28,0.00,9.505,2.969,1.374,0,0
385467,0,-0.27,0.00,9.424,2.849,1.532,0,0
385517,0,-0.28,-0.52,9.409,3.127,1.810,0,0
385569,0,-0.28,0.00,9.567,3.175,1.834,0,0
385621,0,-0.28,0.00,9.395,2.959,1.551,0,0
385673,0,-0.28,0.00,9.457,3.112,1.523,0,0
385724,0,-0.30,0.56,9.558,3.309,1.566,0,0
385776,0,-0.28,0.48,9.232,2.638,1.173,0,0
385827,0,-0.28,0.00,9.414,2.954,1.590,0,0
385879,0,-0.31,0.52,9.558,3.285,1.796,0,0
385931,0,-0.29,0.00,9.538,3.299,1.978,0,0
385982,0,-0.28,0.00,9.136,3.045,1.791,0,0
386034,0,-0.26,0.52,9.500,3.237,1.446,0,0
386085,0,-0.28,-0.52,9.653,3.314,1.235,0,0
386137,0,-0.28,0.00,9.213,3.184,1.360,0,0
386189,0,-0.28,0.00,9.352,2.978,1.475,0,0
386239,0,-0.29,-0.52,9.486,3.361,1.695,0,0
386290,0,-0.29,0.00,9.529,3.472,1.642,0,0
386342,0,-0.31,-0.56,9.380,3.175,1.460,0,0
386397,0,-0.31,0.00,9.304,3.117,1.307,0,0
386447,0,-0.32,0.00,9.457,3.223,1.207,0,0
386498,0,-0.35,-0.54,9.586,3.395,1.480,0,0
386548,0,-0.36,-0.52,9.318,3.352,1.504,0,0
386598,0,-0.34,0.82,9.548,3.117,1.575,0,0
386650,0,-0.37,-1.45,9.313,2.926,1.580,0,0
386701,0,-0.35,0.00,9.294,2.729,1.427,0,0
386753,0,-0.38,-0.52,9.519,3.184,1.322,0,0
386804,0,-0.43,0.00,9.534,3.299,1.417,0,0
386856,0,-0.44,-0.52,9.347,3.194,1.590,0,0
386908,0,-0.44,0.00,9.404,3.151,1.585,0,0
386959,0,-0.44,0.00,9.452,3.280,1.341,0,0
387011,0,-0.44,0.00,9.500,3.405,1.130,0,0
387062,0,-0.43,0.00,9.448,3.309,1.063,0,0
387114,0,-0.39,0.48,9.371,3.079,1.135,0,0
387166,0,-0.39,0.00,9.438,3.041,1.518,0,0
387217,0,-0.35,0.48,9.237,3.285,1.848,0,0
387269,0,-0.35,0.00,9.486,3.553,1.676,0,0
387319,0,-0.35,0.00,9.582,3.577,1.451,0,0
387371,0,-0.35,0.00,9.280,3.333,1.202,0,0
387421,0,-0.33,0.00,9.433,3.122,1.125,0,0
387471,0,-0.34,0.52,9.414,3.156,1.149,0,0
387522,0,-0.34,0.00,9.414,3.045,1.269,0,0
387571,0,-0.33,0.00,9.371,3.156,1.413,0,0
387623,0,-0.33,0.52,9.404,3.366,1.374,0,0
387674,0,-0.31,0.00,9.428,3.452,1.202,0,0
387726,0,-0.31,0.00,9.400,3.385,1.097,0,0
387778,0,-0.30,0.56,9.438,3.448,1.140,0,0
387829,0,-0.30,0.00,9.390,3.328,1.226,0,0
387881,0,-0.29,0.00,9.400,3.251,1.307,0,0
387932,0,-0.30,0.00,9.395,3.223,1.336,0,0
387984,0,-0.31,0.00,9.390,3.270,1.317,0,0
388033,0,-0.30,0.56,9.385,3.333,1.283,0,0
388085,0,-0.31,0.00,9.371,3.381,1.226,0,0
388135,0,-0.31,0.00,9.409,3.409,1.197,0,0
388187,0,-0.35,0.00,9.380,3.366,1.264,0,0
388238,0,-0.34,0.52,9.400,3.285,1.283,0,0
388290,0,-0.34,0.00,9.395,3.318,1.336,0,0
388341,0,-0.34,0.00,9.385,3.352,1.302,0,0
388394,0,-0.34,0.00,9.376,3.342,1.264,0,0
388448,0,-0.36,-0.37,9.395,3.424,1.312,0,0
388498,0,-0.40,0.00,9.400,3.385,1.293,0,0
388549,0,-0.41,0.52,9.342,3.304,1.274,0,0
388599,0,-0.44,-1.01,9.390,3.361,1.312,0,0
388650,0,-0.43,0.52,9.323,3.299,1.283,0,0
388702,0,-0.43,0.00,9.337,3.491,1.312,0,0
388751,0,-0.46,-0.52,9.438,3.419,1.336,0,0
388803,0,-0.47,-0.48,9.342,3.414,1.298,0,0
388854,0,-0.50,-1.85,9.380,3.409,1.322,0,0
388906,0,-0.47,1.23,9.352,3.371,1.341,0,0
388957,0,-0.46,0.00,9.337,3.438,1.326,0,0
389009,0,-0.48,0.00,9.357,3.448,1.322,0,0
389061,0,-0.45,1.04,9.328,3.405,1.302,0,0
389112,0,-0.42,0.48,9.366,3.476,1.346,0,0
389164,0,-0.42,0.00,9.342,3.500,1.360,0,0
389215,0,-0.42,0.00,9.309,3.381,1.298,0,0
389266,0,-0.42,0.00,9.366,3.438,1.350,0,0
389317,0,-0.42,0.00,9.342,3.448,1.360,0,0
389369,0,-0.41,0.52,9.304,3.390,1.346,0,0
389419,0,-0.41,0.00,9.309,3.424,1.341,0,0
389470,0,-0.38,0.00,9.337,3.543,1.279,0,0
389520,0,-0.38,0.00,9.366,3.615,1.245,0,0
389572,0,-0.42,0.00,9.323,3.553,1.259,0,0
389624,0,-0.39,0.48,9.309,3.519,1.365,0,0
389675,0,-0.40,-0.48,9.294,3.587,1.369,0,0
389727,0,-0.42,-0.52,9.309,3.553,1.312,0,0
389779,0,-0.42,0.00,9.333,3.529,1.307,0,0
389830,0,-0.43,0.00,9.313,3.625,1.379,0,0
389882,0,-0.43,0.00,9.270,3.481,1.389,0,0
389933,0,-0.44,0.00,9.318,3.567,1.346,0,0
389985,0,-0.46,0.00,9.299,3.500,1.360,0,0
390037,0,-0.44,0.48,9.275,3.563,1.365,0,0
390088,0,-0.44,0.00,9.352,3.563,1.341,0,0
390140,0,-0.46,0.00,9.309,3.539,1.331,0,0
390191,0,-0.49,0.00,9.333,3.539,1.341,0,0
390242,0,-0.46,1.34,9.270,3.476,1.350,0,0
390293,0,-0.48,0.00,9.309,3.596,1.422,0,0
390345,0,-0.48,0.00,9.285,3.481,1.331,0,0
390395,0,-0.49,0.00,9.304,3.596,1.302,0,0
390445,0,-0.49,-0.52,9.352,3.510,1.341,0,0
390508,0,-0.49,0.00,9.275,3.563,1.413,0,0
390557,0,-0.49,0.00,9.294,3.553,1.403,0,0
390608,0,-0.46,1.01,9.299,3.519,1.312,0,0
390659,0,-0.50,-1.34,9.328,3.563,1.302,0,0
390711,0,-0.46,0.52,9.261,3.572,1.336,0,0
390763,0,-0.46,0.00,9.294,3.587,1.389,0,0
390814,0,-0.45,0.00,9.299,3.582,1.355,0,0
390866,0,-0.43,0.00,9.266,3.524,1.331,0,0
390917,0,-0.42,0.52,9.342,3.601,1.384,0,0
390969,0,-0.41,0.48,9.266,3.543,1.355,0,0
391021,0,-0.41,0.00,9.285,3.644,1.365,0,0
391072,0,-0.41,0.00,9.266,3.601,1.336,0,0
391124,0,-0.43,-1.01,9.280,3.639,1.317,0,0
391175,0,-0.47,0.00,9.299,3.673,1.384,0,0
391227,0,-0.50,-0.56,9.246,3.567,1.350,0,0
391279,0,-0.48,0.52,9.280,3.591,1.384,0,0
391329,0,-0.48,0.00,9.237,3.596,1.365,0,0
391378,0,-0.48,0.00,9.294,3.677,1.250,0,0
391429,0,-0.52,-0.56,9.304,3.697,1.144,0,0
391479,0,-0.50,0.56,9.313,3.725,1.164,0,0
391529,0,-0.49,0.00,9.285,3.682,1.178,0,0
391581,0,-0.48,0.56,9.275,3.625,1.274,0,0
391633,0,-0.46,0.52,9.347,3.634,1.355,0,0
391684,0,-0.45,0.00,9.160,3.323,1.360,0,0
391736,0,-0.42,0.48,9.309,3.692,1.451,0,0
391788,0,-0.41,0.52,9.357,3.596,1.255,0,0
391839,0,-0.45,0.00,9.270,3.587,1.197,0,0
391891,0,-0.45,0.00,9.342,3.591,1.317,0,0
391942,0,-0.46,0.00,9.261,3.620,1.322,0,0
391994,0,-0.46,0.00,9.290,3.539,1.283,0,0
392046,0,-0.46,0.00,9.261,3.548,1.279,0,0
392097,0,-0.49,-1.30,9.347,3.740,1.231,0,0
392149,0,-0.47,0.82,9.290,3.582,1.221,0,0
392200,0,-0.51,0.00,9.270,3.587,1.274,0,0
392251,0,-0.49,0.52,9.318,3.630,1.398,0,0
392302,0,-0.49,-0.48,9.222,3.553,1.355,0,0
392354,0,-0.49,0.00,9.313,3.615,1.379,0,0
392404,0,-0.49,0.00,9.285,3.596,1.302,0,0
392454,0,-0.48,0.52,9.280,3.677,1.250,0,0
392505,0,-0.49,-0.52,9.361,3.697,1.259,0,0
392561,0,-0.55,-0.70,9.213,3.606,1.326,0,0
392613,0,-0.55,0.00,9.261,3.625,1.427,0,0
392663,0,-0.55,0.00,9.261,3.610,1.317,0,0
392715,0,-0.53,0.00,9.256,3.658,1.255,0,0
392766,0,-0.55,-0.52,9.246,3.644,1.255,0,0
392818,0,-0.59,0.00,9.256,3.677,1.312,0,0
392869,0,-0.61,-1.85,9.266,3.644,1.331,0,0
392921,0,-0.59,0.71,9.280,3.673,1.312,0,0
392973,0,-0.61,0.52,9.328,3.687,1.312,0,0
393024,0,-0.62,-0.52,9.275,3.582,1.293,0,0
393076,0,-0.61,0.00,9.294,3.711,1.331,0,0
393127,0,-0.61,0.52,9.246,3.548,1.331,0,0
393179,0,-0.61,0.00,9.266,3.615,1.317,0,0
393231,0,-0.58,0.52,9.347,3.654,1.293,0,0
393282,0,-0.55,0.97,9.232,3.577,1.331,0,0
393334,0,-0.55,0.00,9.285,3.620,1.346,0,0
393386,0,-0.52,0.56,9.275,3.505,1.341,0,0
393436,0,-0.51,0.52,9.285,3.587,1.341,0,0
393487,0,-0.52,0.00,9.309,3.543,1.307,0,0
393537,0,-0.50,0.56,9.290,3.539,1.298,0,0
393589,0,-0.50,0.00,9.318,3.601,1.341,0,0
393639,0,-0.50,0.00,9.304,3.587,1.322,0,0
393691,0,-0.50,0.00,9.304,3.567,1.322,0,0
393742,0,-0.48,0.48,9.290,3.534,1.346,0,0
393794,0,-0.48,0.00,9.313,3.582,1.331,0,0
393845,0,-0.49,0.00,9.256,3.524,1.346,0,0
393897,0,-0.47,0.48,9.285,3.587,1.302,0,0
393949,0,-0.46,0.00,9.304,3.601,1.269,0,0
394000,0,-0.46,0.00,9.285,3.510,1.326,0,0
394052,0,-0.43,0.00,9.318,3.625,1.403,0,0
394103,0,-0.39,1.01,9.285,3.524,1.331,0,0
394155,0,-0.38,0.52,9.309,3.596,1.245,0,0
394206,0,-0.38,0.00,9.285,3.486,1.293,0,0
394258,0,-0.39,0.00,9.285,3.553,1.355,0,0
394348,0,-0.41,0.19,9.270,3.500,1.355,0,0
394398,0,-0.40,0.56,9.304,3.610,1.326,0,0
394448,0,-0.39,0.56,9.342,3.644,1.331,0,0
394499,0,-0.37,0.00,9.275,3.591,1.274,0,0
394549,0,-0.38,0.56,9.318,3.563,1.216,0,0
394599,0,-0.38,0.00,9.285,3.529,1.341,0,0
394651,0,-0.37,0.52,9.270,3.620,1.322,0,0
394702,0,-0.35,0.48,9.270,3.548,1.288,0,0
394754,0,-0.34,0.00,9.328,3.601,1.264,0,0
394805,0,-0.38,-1.34,9.304,3.591,1.393,0,0
394857,0,-0.38,0.00,9.232,3.558,1.326,0,0
394909,0,-0.36,0.52,9.309,3.596,1.207,0,0
394960,0,-0.36,0.00,9.275,3.553,1.221,0,0
395012,0,-0.35,0.00,9.304,3.634,1.283,0,0
395063,0,-0.33,0.48,9.256,3.625,1.283,0,0
395115,0,-0.32,0.00,9.299,3.687,1.269,0,0
395167,0,-0.31,0.00,9.299,3.596,1.259,0,0
395218,0,-0.34,-1.34,9.246,3.630,1.298,0,0
395270,0,-0.33,0.00,9.333,3.654,1.250,0,0
395321,0,-0.33,0.00,9.246,3.572,1.269,0,0
395372,0,-0.31,0.52,9.294,3.692,1.288,0,0
395422,0,-0.31,0.00,9.218,3.567,1.360,0,0
395473,0,-0.31,0.00,9.246,3.701,1.360,0,0
395523,0,-0.31,0.00,9.342,3.673,1.317,0,0
395572,0,-0.34,-0.93,9.242,3.663,1.264,0,0
395624,0,-0.32,0.00,9.333,3.673,1.250,0,0
395676,0,-0.32,0.00,9.213,3.543,1.269,0,0
395727,0,-0.32,0.00,9.285,3.639,1.326,0,0
395779,0,-0.31,0.48,9.251,3.534,1.322,0,0
395830,0,-0.31,0.00,9.213,3.677,1.293,0,0
395882,0,-0.35,-1.30,9.313,3.668,1.264,0,0
395934,0,-0.35,0.00,9.222,3.673,1.274,0,0
395985,0,-0.33,0.00,9.313,3.701,1.269,0,0
396037,0,-0.32,0.52,9.237,3.644,1.312,0,0
396088,0,-0.32,0.00,9.246,3.687,1.312,0,0
396140,0,-0.33,-0.52,9.232,3.658,1.326,0,0
396191,0,-0.37,-1.23,9.237,3.697,1.307,0,0
396242,0,-0.38,-0.48,9.304,3.773,1.250,0,0
396293,0,-0.38,0.00,9.242,3.639,1.274,0,0
396345,0,-0.38,0.00,9.304,3.764,1.317,0,0
396399,0,-0.39,-0.20,9.222,3.553,1.322,0,0
396449,0,-0.39,0.00,9.232,3.682,1.264,0,0
396499,0,-0.39,0.00,9.342,3.663,1.279,0,0
396550,0,-0.39,0.00,9.179,3.587,1.250,0,0
396600,0,-0.39,0.00,9.299,3.711,1.331,0,0
396651,0,-0.42,0.00,9.237,3.620,1.336,0,0
396703,0,-0.43,-0.52,9.261,3.649,1.341,0,0
396755,0,-0.43,0.00,9.266,3.625,1.365,0,0
396806,0,-0.42,0.48,9.218,3.735,1.384,0,0
396858,0,-0.40,0.00,9.294,3.850,1.322,0,0
396909,0,-0.40,0.00,9.285,3.582,1.092,0,0
396961,0,-0.39,0.52,9.256,3.539,1.178,0,0
397013,0,-0.37,0.52,9.175,3.476,1.389,0,0
397064,0,-0.39,-0.56,9.280,3.831,1.523,0,0
397116,0,-0.37,0.00,9.290,3.759,1.441,0,0
397167,0,-0.36,0.48,9.237,3.558,1.255,0,0
397219,0,-0.36,0.00,9.299,3.687,1.269,0,0
397271,0,-0.38,-0.86,9.237,3.476,1.374,0,0
397321,0,-0.38,0.00,9.237,3.663,1.618,0,0
397373,0,-0.38,0.00,9.203,3.730,1.575,0,0
397423,0,-0.37,0.60,9.203,3.644,1.417,0,0
397473,0,-0.36,0.00,9.242,3.836,1.226,0,0
397524,0,-0.34,0.54,9.222,3.620,1.207,0,0
397573,0,-0.34,0.00,9.170,3.821,1.365,0,0
397625,0,-0.33,0.00,9.146,3.673,1.374,0,0
397676,0,-0.31,0.52,9.352,4.305,1.422,0,0
397728,0,-0.33,0.00,9.222,3.970,1.025,0,0
397779,0,-0.29,0.56,9.347,3.366,0.651,0,0
397831,0,-0.27,0.48,9.194,3.390,1.049,0,0
397883,0,-0.27,0.00,8.988,3.836,1.681,0,0
397934,0,-0.27,0.00,9.160,4.142,1.604,0,0
397986,0,-0.27,0.00,9.347,3.955,0.967,0,0
398037,0,-0.26,0.00,9.409,3.845,0.527,0,0
398089,0,-0.25,0.52,9.366,3.893,0.838,0,0
398141,0,-0.23,0.48,9.155,3.950,1.403,0,0
398191,0,-0.23,0.00,9.002,3.711,1.470,0,0
398243,0,-0.23,0.00,9.112,3.725,1.044,0,0
398294,0,-0.27,-1.34,9.213,3.807,0.555,0,0
398346,0,-0.25,0.56,9.275,3.716,0.359,0,0
398395,0,-0.25,0.00,9.390,3.658,0.541,0,0
398451,0,-0.25,0.00,9.294,3.701,1.063,0,0
398502,0,-0.24,0.00,9.227,3.687,1.288,0,0
398552,0,-0.19,-0.56,9.237,3.768,1.149,0,0
398602,0,-0.19,0.00,9.251,3.893,0.757,0,0
398654,0,-0.19,0.00,9.237,3.941,0.503,0,0
398705,0,-0.15,1.34,9.179,3.970,0.512,0,0
398757,0,-0.15,0.00,9.184,3.807,0.685,0,0
398808,0,-0.15,0.52,9.299,3.807,1.001,0,0
398860,0,-0.13,0.00,9.256,3.859,1.106,0,0
398911,0,-0.15,-0.48,9.227,3.898,1.025,0,0
398963,0,-0.15,0.00,9.213,3.850,0.694,0,0
399015,0,-0.15,0.00,9.227,3.883,0.474,0,0
399066,0,-0.16,0.00,9.222,3.721,0.441,0,0
399118,0,-0.16,0.00,9.218,3.639,0.622,0,0
399169,0,-0.14,1.23,9.285,3.610,0.943,0,0
399221,0,-0.17,-1.23,9.285,3.682,1.298,0,0
399273,0,-0.14,-0.52,9.266,3.898,1.422,0,0
399323,0,-0.14,0.00,9.323,3.917,1.221,0,0
399375,0,-0.13,0.00,9.261,3.663,1.020,0,0
399425,0,-0.13,0.00,9.179,3.452,0.876,0,0
399476,0,-0.13,0.00,9.304,3.701,1.164,0,0
399526,0,-0.11,0.56,9.318,3.941,1.551,0,0
399575,0,-0.11,0.00,9.155,3.783,1.623,0,0
399627,0,-0.10,0.00,9.122,3.725,1.331,0,0
399679,0,-0.10,0.00,9.232,3.850,1.058,0,0
399730,0,-0.10,0.00,9.208,3.831,0.924,0,0
399782,0,-0.09,0.00,9.246,3.768,1.116,0,0
399833,0,-0.12,-1.33,9.218,3.773,1.326,0,0
399885,0,-0.09,0.48,9.194,3.840,1.312,0,0
399936,0,-0.09,0.00,9.222,3.926,1.159,0,0
399988,0,-0.09,0.00,9.203,4.041,1.034,0,0
400040,0,-0.11,-0.82,9.165,3.950,0.939,0,0
400091,0,-0.10,0.48,9.141,3.984,1.025,0,0
400143,0,-0.09,0.00,9.155,3.994,1.068,0,0
400194,0,-0.12,-1.45,9.136,3.907,1.101,0,0
400245,0,-0.12,0.00,9.160,3.917,1.159,0,0
400296,0,-0.11,0.52,9.151,3.950,1.149,0,0
400348,0,-0.10,0.48,9.170,4.003,1.164,0,0
400398,0,-0.10,0.00,9.151,3.984,1.111,0,0
400448,0,-0.10,0.00,9.141,4.065,1.130,0,0
400503,0,-0.07,0.40,9.136,3.994,1.120,0,0
400553,0,-0.07,0.00,9.141,4.003,1.183,0,0
400604,0,-0.07,0.00,9.208,3.960,1.211,0,0
400655,0,-0.09,-0.86,9.141,3.974,1.264,0,0
400706,0,-0.08,0.56,9.122,3.917,1.250,0,0
400758,0,-0.08,0.00,9.155,3.922,1.188,0,0
400809,0,-0.10,-0.52,9.146,3.912,1.149,0,0
400861,0,-0.09,0.48,9.146,3.903,1.183,0,0
400910,0,-0.12,-0.52,9.199,3.874,1.192,0,0
400962,0,-0.13,-0.52,9.179,3.903,1.221,0,0
401013,0,-0.13,0.00,9.184,3.903,1.231,0,0
401065,0,-0.14,0.00,9.203,3.869,1.183,0,0
401116,0,-0.18,0.00,9.189,3.831,1.226,0,0
401168,0,-0.17,0.00,9.141,3.917,1.274,0,0
401220,0,-0.15,0.52,9.222,3.893,1.192,0,0
401270,0,-0.17,-0.52,9.194,3.740,1.130,0,0
401322,0,-0.17,0.00,9.184,3.864,1.245,0,0
401373,0,-0.18,0.52,9.194,3.874,1.322,0,0
401424,0,-0.18,0.00,9.160,3.812,1.216,0,0
401474,0,-0.16,0.00,9.199,3.812,1.183,0,0
401524,0,-0.20,0.52,9.213,3.840,1.164,0,0
401576,0,-0.20,0.00,9.165,3.807,1.264,0,0
401628,0,-0.19,0.00,9.213,3.836,1.312,0,0
401680,0,-0.17,0.00,9.175,3.826,1.202,0,0
401731,0,-0.17,0.00,9.179,3.840,1.173,0,0
401783,0,-0.21,-0.48,9.213,3.893,1.211,0,0
401834,0,-0.21,0.00,9.194,3.816,1.211,0,0
401886,0,-0.21,0.00,9.203,3.883,1.259,0,0
401937,0,-0.21,0.00,9.203,3.807,1.159,0,0
401989,0,-0.19,0.00,9.203,3.864,1.211,0,0
402041,0,-0.17,0.48,9.179,3.864,1.288,0,0
402092,0,-0.15,0.52,9.184,3.874,1.211,0,0
402144,0,-0.15,0.00,9.203,3.859,1.149,0,0
402195,0,-0.15,0.00,9.208,3.836,1.188,0,0
402246,0,-0.17,-0.74,9.194,3.831,1.250,0,0
402297,0,-0.14,1.04,9.199,3.836,1.269,0,0
402349,0,-0.13,0.52,9.213,3.864,1.173,0,0
402399,0,-0.12,0.48,9.208,3.864,1.149,0,0
402449,0,-0.10,0.00,9.179,3.859,1.197,0,0
402499,0,-0.10,0.54,9.222,3.816,1.245,0,0
402556,0,-0.14,-0.50,9.179,3.840,1.235,0,0
402607,0,-0.15,0.00,9.213,3.850,1.207,0,0
402658,0,-0.15,0.00,9.208,3.802,1.178,0,0
402709,0,-0.17,-0.52,9.203,3.840,1.245,0,0
402761,0,-0.17,0.00,9.194,3.840,1.283,0,0
402812,0,-0.17,0.00,9.189,3.807,1.188,0,0
402864,0,-0.17,0.00,9.213,3.807,1.164,0,0
402916,0,-0.17,0.00,9.208,3.778,1.216,0,0
402967,0,-0.17,0.00,9.222,3.845,1.255,0,0
403019,0,-0.17,0.00,9.222,3.821,1.216,0,0
403070,0,-0.17,-0.52,9.189,3.816,1.192,0,0
403122,0,-0.15,0.00,9.232,3.883,1.250,0,0
403171,0,-0.15,0.00,9.213,3.768,1.231,0,0
403223,0,-0.18,-0.82,9.184,3.783,1.259,0,0
403273,0,-0.18,0.00,9.218,3.821,1.298,0,0
403325,0,-0.14,0.00,9.199,3.831,1.245,0,0
403376,0,-0.16,0.00,9.208,3.812,1.202,0,0
403427,0,-0.16,0.00,9.232,3.768,1.226,0,0
403477,0,-0.16,0.00,9.179,3.883,1.269,0,0
403527,0,-0.15,0.60,9.203,3.768,1.245,0,0
403579,0,-0.13,0.52,9.175,3.840,1.197,0,0
403631,0,-0.12,0.00,9.242,3.821,1.192,0,0
403683,0,-0.13,-0.48,9.203,3.816,1.245,0,0
403734,0,-0.13,0.00,9.218,3.812,1.264,0,0
403786,0,-0.17,-1.34,9.237,3.768,1.207,0,0
403837,0,-0.16,0.48,9.184,3.802,1.240,0,0
403889,0,-0.14,0.00,9.208,3.788,1.255,0,0
403941,0,-0.14,-0.45,9.218,3.778,1.240,0,0
403992,0,-0.13,0.00,9.237,3.749,1.192,0,0
404044,0,-0.12,0.56,9.213,3.797,1.226,0,0
404095,0,-0.10,0.48,9.208,3.783,1.211,0,0
404147,0,-0.10,0.00,9.232,3.812,1.154,0,0
404199,0,-0.09,0.48,9.227,3.764,1.173,0,0
404249,0,-0.07,0.56,9.218,3.812,1.250,0,0
404300,0,-0.07,0.00,9.237,3.807,1.178,0,0
404351,0,-0.06,0.18,9.222,3.745,1.164,0,0
404401,0,-0.06,0.00,9.232,3.768,1.202,0,0
404451,0,-0.07,-0.88,9.227,3.783,1.197,0,0
404502,0,-0.06,0.54,9.232,3.788,1.188,0,0
404552,0,-0.07,0.00,9.222,3.768,1.178,0,0
404602,0,-0.07,0.00,9.237,3.826,1.216,0,0
404653,0,-0.07,0.00,9.227,3.754,1.202,0,0
404705,0,-0.07,0.52,9.194,3.740,1.188,0,0
404757,0,-0.08,0.00,9.275,3.788,1.211,0,0
404808,0,-0.08,-0.52,9.227,3.768,1.231,0,0
404860,0,-0.07,0.56,9.232,3.788,1.197,0,0
404912,0,-0.07,0.00,9.251,3.807,1.135,0,0
404963,0,-0.08,0.00,9.246,3.778,1.183,0,0
405015,0,-0.08,0.00,9.222,3.812,1.279,0,0
405066,0,-0.10,-0.52,9.237,3.735,1.211,0,0
405118,0,-0.11,-0.48,9.222,3.725,1.159,0,0
405170,0,-0.12,0.00,9.213,3.749,1.168,0,0
405221,0,-0.12,0.00,9.227,3.773,1.207,0,0
405273,0,-0.12,0.00,9.227,3.788,1.202,0,0
405323,0,-0.12,0.00,9.246,3.792,1.202,0,0
405372,0,-0.14,0.00,9.251,3.759,1.211,0,0
405423,0,-0.14,0.00,9.222,3.768,1.226,0,0
405473,0,-0.14,0.00,9.218,3.725,1.207,0,0
405523,0,-0.14,0.00,9.232,3.783,1.226,0,0
405575,0,-0.12,0.88,9.256,3.768,1.216,0,0
405627,0,-0.13,0.00,9.213,3.754,1.207,0,0
405678,0,-0.13,0.00,9.246,3.783,1.178,0,0
405730,0,-0.12,0.56,9.256,3.797,1.255,0,0
405782,0,-0.12,0.00,9.199,3.783,1.264,0,0
405833,0,-0.10,0.00,9.218,3.754,1.197,0,0
405885,0,-0.10,0.00,9.218,3.768,1.197,0,0
405936,0,-0.10,0.48,9.208,3.778,1.202,0,0
405988,0,-0.09,0.48,9.189,3.797,1.255,0,0
406040,0,-0.07,0.56,9.242,3.816,1.255,0,0
406091,0,-0.06,0.48,9.218,3.816,1.240,0,0
406143,0,-0.06,0.00,9.222,3.826,1.183,0,0
406194,0,-0.05,0.00,9.213,3.831,1.202,0,0
406245,0,-0.05,0.00,9.194,3.797,1.188,0,0
406296,0,-0.03,0.52,9.222,3.869,1.221,0,0
406348,0,-0.07,0.00,9.189,3.812,1.240,0,0
406403,0,-0.03,0.50,9.213,3.831,1.207,0,0
406453,0,-0.02,0.52,9.232,3.859,1.202,0,0
406504,0,-0.02,0.00,9.199,3.864,1.245,0,0
406554,0,-0.02,0.00,9.189,3.778,1.231,0,0
406604,0,-0.01,0.52,9.194,3.802,1.211,0,0
406655,0,-0.03,0.00,9.246,3.807,1.211,0,0
406707,0,-0.03,0.48,9.208,3.764,1.221,0,0
406759,0,-0.03,0.00,9.203,3.816,1.235,0,0
406810,0,-0.03,0.48,9.242,3.807,1.235,0,0
406862,0,-0.03,0.00,9.208,3.797,1.197,0,0
406913,0,-0.02,0.00,9.251,3.792,1.240,0,0
406965,0,-0.03,0.00,9.222,3.788,1.231,0,0
407017,0,-0.03,0.00,9.199,3.749,1.245,0,0
407068,0,-0.04,-0.48,9.232,3.826,1.279,0,0
407120,0,-0.04,0.00,9.232,3.788,1.202,0,0
407171,0,-0.04,0.00,9.213,3.721,1.168,0,0
407223,0,-0.04,0.00,9.227,3.826,1.283,0,0
407275,0,-0.04,0.00,9.208,3.749,1.264,0,0
407325,0,-0.01,1.34,9.227,3.721,1.226,0,0
407374,0,-0.04,0.00,9.246,3.778,1.183,0,0
407424,0,-0.04,0.00,9.227,3.735,1.235,0,0
407475,0,-0.06,-0.52,9.208,3.701,1.269,0,0
407525,0,-0.06,0.00,9.256,3.821,1.250,0,0
407577,0,-0.12,-2.01,9.218,3.740,1.183,0,0
407629,0,-0.13,0.00,9.218,3.754,1.245,0,0
407680,0,-0.15,0.00,9.261,3.749,1.245,0,0
407732,0,-0.13,0.48,9.237,3.749,1.255,0,0
407784,0,-0.15,0.00,9.218,3.740,1.269,0,0
407835,0,-0.15,0.00,9.242,3.768,1.235,0,0
407887,0,-0.15,0.00,9.256,3.754,1.178,0,0
407938,0,-0.16,0.00,9.251,3.701,1.188,0,0
407990,0,-0.16,0.00,9.222,3.826,1.312,0,0
408042,0,-0.17,0.00,9.242,3.716,1.231,0,0
408093,0,-0.22,-1.83,9.227,3.706,1.164,0,0
408145,0,-0.22,0.00,9.251,3.745,1.216,0,0
408196,0,-0.22,0.56,9.251,3.745,1.240,0,0
408247,0,-0.22,0.00,9.213,3.759,1.274,0,0
408298,0,-0.22,0.00,9.261,3.768,1.221,0,0
408350,0,-0.21,0.00,9.237,3.754,1.216,0,0
408400,0,-0.21,0.00,9.251,3.740,1.245,0,0
408461,0,-0.21,0.00,9.213,3.730,1.226,0,0
408511,0,-0.20,0.46,9.242,3.740,1.279,0,0
408564,0,-0.20,0.00,9.222,3.759,1.231,0,0
408615,0,-0.17,0.60,9.242,3.721,1.207,0,0
408666,0,-0.17,0.00,9.227,3.706,1.173,0,0
408717,0,-0.16,0.45,9.222,3.764,1.245,0,0
408769,0,-0.16,0.00,9.222,3.716,1.259,0,0
408821,0,-0.16,0.45,9.261,3.735,1.240,0,0
408872,0,-0.16,0.00,9.270,3.735,1.216,0,0
408924,0,-0.16,-0.56,9.251,3.716,1.231,0,0
408975,0,-0.14,0.60,9.218,3.749,1.235,0,0
409027,0,-0.13,0.00,9.256,3.754,1.216,0,0
409078,0,-0.11,0.00,9.213,3.749,1.202,0,0
409130,0,-0.11,0.00,9.280,3.745,1.240,0,0
409182,0,-0.11,0.00,9.237,3.730,1.192,0,0
409233,0,-0.11,0.00,9.232,3.711,1.226,0,0
409285,0,-0.13,0.00,9.251,3.735,1.235,0,0
409336,0,-0.09,1.34,9.242,3.783,1.221,0,0
409389,0,-0.13,0.00,9.256,3.759,1.140,0,0
409439,0,-0.11,0.56,9.237,3.745,1.226,0,0
409489,0,-0.10,0.50,9.213,3.759,1.322,0,0
409540,0,-0.09,0.00,9.222,3.701,1.245,0,0
409592,0,-0.09,0.00,9.237,3.725,1.178,0,0
409642,0,-0.09,0.00,9.261,3.807,1.178,0,0
409694,0,-0.11,-0.48,9.208,3.725,1.178,0,0
409745,0,-0.13,-0.52,9.227,3.797,1.207,0,0
409797,0,-0.16,0.00,9.242,3.807,1.231,0,0
409848,0,-0.16,0.00,9.213,3.812,1.221,0,0
409900,0,-0.16,0.00,9.227,3.778,1.183,0,0
409951,0,-0.14,1.04,9.218,3.788,1.211,0,0
410003,0,-0.15,0.00,9.237,3.792,1.255,0,0
410055,0,-0.14,0.00,9.199,3.754,1.211,0,0
410106,0,-0.12,0.48,9.246,3.783,1.240,0,0
410158,0,-0.12,0.00,9.227,3.807,1.235,0,0
410209,0,-0.14,-0.48,9.227,3.831,1.245,0,0
410261,0,-0.10,0.00,9.213,3.792,1.250,0,0
410313,0,-0.13,-0.52,9.179,3.816,1.231,0,0
410363,0,-0.13,0.00,9.242,3.788,1.226,0,0
410413,0,-0.13,0.00,9.199,3.711,1.250,0,0
410464,0,-0.13,0.00,9.203,3.797,1.288,0,0
410520,0,-0.13,0.00,9.242,3.812,1.226,0,0
410573,0,-0.13,0.00,9.194,3.735,1.221,0,0
410623,0,-0.13,0.00,9.242,3.768,1.259,0,0
410674,0,-0.14,-0.48,9.246,3.797,1.269,0,0
410726,0,-0.14,0.00,9.189,3.725,1.250,0,0
410778,0,-0.09,0.00,9.218,3.792,1.231,0,0
410829,0,-0.09,0.00,9.251,3.797,1.211,0,0
410881,0,-0.11,0.00,9.232,3.759,1.221,0,0
410932,0,-0.12,-0.52,9.222,3.788,1.288,0,0
410984,0,-0.07,1.86,9.184,3.711,1.279,0,0
411036,0,-0.08,0.00,9.232,3.773,1.202,0,0
411087,0,-0.10,-0.52,9.256,3.778,1.211,0,0
411139,0,-0.10,0.00,9.189,3.725,1.221,0,0
411190,0,-0.07,0.00,9.246,3.788,1.283,0,0
411242,0,-0.09,0.00,9.246,3.773,1.259,0,0
411294,0,-0.08,-0.56,9.218,3.754,1.259,0,0
411344,0,-0.08,0.00,9.280,3.745,1.231,0,0
411394,0,-0.09,0.00,9.227,3.745,1.259,0,0
411444,0,-0.09,0.00,9.237,3.730,1.302,0,0
411494,0,-0.12,-0.56,9.232,3.706,1.288,0,0
411545,0,-0.09,0.00,9.246,3.764,1.235,0,0
411596,0,-0.09,0.00,9.266,3.716,1.250,0,0
411648,0,-0.07,0.00,9.232,3.788,1.283,0,0
411699,0,-0.09,-0.56,9.246,3.711,1.250,0,0
411751,0,-0.09,0.00,9.237,3.706,1.207,0,0
411803,0,-0.10,-0.48,9.251,3.673,1.259,0,0
411854,0,-0.10,0.00,9.242,3.668,1.274,0,0
411906,0,-0.11,0.82,9.246,3.740,1.307,0,0
411957,0,-0.13,-0.48,9.275,3.773,1.211,0,0
412009,0,-0.13,0.00,9.242,3.764,1.221,0,0
412061,0,-0.14,0.00,9.227,3.711,1.240,0,0
412112,0,-0.14,0.00,9.251,3.682,1.288,0,0
412164,0,-0.14,0.00,9.251,3.725,1.274,0,0
412215,0,-0.14,0.00,9.246,3.716,1.240,0,0
412266,0,-0.14,0.00,9.266,3.788,1.164,0,0
412317,0,-0.10,1.34,9.246,3.725,1.164,0,0
412369,0,-0.10,0.00,9.222,3.754,1.288,0,0
412419,0,-0.09,0.52,9.237,3.725,1.269,0,0
412470,0,-0.09,0.00,9.251,3.711,1.188,0,0
412520,0,-0.10,-0.52,9.261,3.730,1.192,0,0
412574,0,-0.07,0.46,9.227,3.668,1.250,0,0
412626,0,-0.08,-0.52,9.246,3.759,1.245,0,0
412678,0,-0.10,0.00,9.261,3.764,1.216,0,0
412728,0,-0.11,-0.48,9.218,3.749,1.197,0,0
412779,0,-0.09,0.00,9.280,3.749,1.207,0,0
412831,0,-0.09,0.00,9.237,3.682,1.231,0,0
412880,0,-0.10,0.00,9.227,3.687,1.255,0,0
412932,0,-0.07,1.34,9.261,3.778,1.216,0,0
412983,0,-0.07,0.00,9.251,3.749,1.168,0,0
413035,0,-0.08,0.00,9.246,3.692,1.221,0,0
413086,0,-0.11,-0.48,9.256,3.716,1.336,0,0
413138,0,-0.12,0.00,9.213,3.649,1.302,0,0
413190,0,-0.11,-0.48,9.275,3.706,1.202,0,0
413241,0,-0.10,0.48,9.270,3.740,1.140,0,0
413293,0,-0.10,0.00,9.218,3.692,1.245,0,0
413344,0,-0.10,0.00,9.227,3.730,1.269,0,0
413397,0,-0.10,0.00,9.266,3.716,1.231,0,0
413447,0,-0.06,0.00,9.242,3.716,1.221,0,0
413498,0,-0.06,0.00,9.323,3.768,1.250,0,0
413548,0,-0.06,0.00,9.237,3.697,1.255,0,0
413599,0,-0.05,0.00,9.218,3.773,1.235,0,0
413650,0,-0.05,0.00,9.227,3.821,1.207,0,0
413701,0,-0.05,0.00,9.242,3.735,1.140,0,0
413753,0,-0.01,0.00,9.261,3.701,1.250,0,0
413805,0,-0.03,-0.52,9.232,3.792,1.365,0,0
413856,0,-0.04,-0.45,9.237,3.663,1.250,0,0
413908,0,-0.04,0.00,9.242,3.788,1.154,0,0
413959,0,-0.04,0.00,9.266,3.759,1.207,0,0
414011,0,-0.04,0.00,9.208,3.692,1.250,0,0
414063,0,-0.04,0.56,9.256,3.788,1.302,0,0
414114,0,-0.03,0.48,9.261,3.773,1.245,0,0
414166,0,-0.03,0.00,9.208,3.730,1.221,0,0
414217,0,-0.03,0.00,9.237,3.754,1.216,0,0
414269,0,-0.03,0.00,9.222,3.721,1.207,0,0
414351,0,-0.04,-0.21,9.266,3.773,1.250,0,0
414401,0,-0.05,-0.60,9.251,3.749,1.226,0,0
414452,0,-0.07,0.00,9.242,3.745,1.298,0,0
414502,0,-0.05,0.88,9.222,3.831,1.350,0,0
414552,0,-0.06,-0.56,9.213,3.716,1.197,0,0
414604,0,-0.11,0.00,9.203,3.706,1.164,0,0
414654,0,-0.12,-0.52,9.266,3.797,1.211,0,0
414705,0,-0.11,0.00,9.237,3.697,1.274,0,0
414757,0,-0.09,0.00,9.208,3.721,1.288,0,0
414809,0,-0.09,0.00,9.266,3.816,1.250,0,0
414860,0,-0.11,0.00,9.203,3.788,1.202,0,0
414912,0,-0.11,0.00,9.232,3.735,1.202,0,0
414963,0,-0.09,0.00,9.251,3.725,1.269,0,0
415015,0,-0.10,-0.48,9.208,3.730,1.293,0,0
415067,0,-0.12,0.00,9.266,3.773,1.269,0,0
415118,0,-0.13,0.76,9.218,3.721,1.192,0,0
415170,0,-0.13,0.00,9.237,3.759,1.302,0,0
415221,0,-0.17,-1.01,9.208,3.745,1.293,0,0
415273,0,-0.13,1.45,9.237,3.663,1.211,0,0
415325,0,-0.14,0.00,9.270,3.721,1.202,0,0
415375,0,-0.16,-0.52,9.285,3.701,1.269,0,0
415425,0,-0.19,0.00,9.189,3.677,1.245,0,0
415476,0,-0.18,0.32,9.266,3.730,1.279,0,0
415526,0,-0.18,0.00,9.280,3.764,1.235,0,0
415579,0,-0.19,-0.52,9.194,3.654,1.250,0,0
415630,0,-0.21,-0.52,9.270,3.677,1.235,0,0
415681,0,-0.22,0.00,9.246,3.711,1.274,0,0
415733,0,-0.21,-0.52,9.218,3.668,1.293,0,0
415785,0,-0.22,-0.48,9.285,3.730,1.259,0,0
415836,0,-0.20,0.00,9.261,3.677,1.197,0,0
415888,0,-0.24,-0.48,9.261,3.740,1.322,0,0
415939,0,-0.22,0.00,9.227,3.682,1.288,0,0
415991,0,-0.22,0.00,9.251,3.692,1.226,0,0
416043,0,-0.20,0.78,9.266,3.677,1.192,0,0
416094,0,-0.21,0.00,9.246,3.716,1.250,0,0
416146,0,-0.19,0.78,9.261,3.692,1.298,0,0
416197,0,-0.19,0.00,9.266,3.721,1.245,0,0
416249,0,-0.18,0.82,9.246,3.706,1.235,0,0
416301,0,-0.21,-1.01,9.294,3.721,1.274,0,0
416351,0,-0.22,-0.52,9.218,3.701,1.279,0,0
416405,0,-0.20,0.26,9.227,3.682,1.245,0,0
416455,0,-0.20,0.00,9.246,3.711,1.279,0,0
416506,0,-0.19,0.93,9.270,3.701,1.250,0,0
416555,0,-0.21,-0.60,9.270,3.654,1.202,0,0
416606,0,-0.20,0.34,9.270,3.701,1.279,0,0
416657,0,-0.21,-0.48,9.261,3.716,1.307,0,0
416709,0,-0.20,0.00,9.246,3.639,1.211,0,0
416761,0,-0.24,-1.04,9.266,3.677,1.250,0,0
416812,0,-0.24,0.00,9.246,3.630,1.264,0,0
416864,0,-0.25,-0.52,9.213,3.654,1.293,0,0
416915,0,-0.23,0.86,9.266,3.711,1.264,0,0
416967,0,-0.25,-0.48,9.275,3.711,1.231,0,0
417019,0,-0.23,0.82,9.256,3.697,1.279,0,0
417070,0,-0.23,0.00,9.256,3.692,1.283,0,0
417122,0,-0.26,-0.48,9.280,3.697,1.302,0,0
417173,0,-0.24,0.78,9.266,3.687,1.293,0,0
417225,0,-0.24,0.00,9.261,3.716,1.231,0,0
417277,0,-0.26,-0.97,9.242,3.687,1.216,0,0
417327,0,-0.28,-0.52,9.261,3.682,1.322,0,0
417379,0,-0.26,0.82,9.222,3.725,1.317,0,0
417429,0,-0.27,0.00,9.266,3.668,1.221,0,0
417479,0,-0.28,0.76,9.256,3.687,1.235,0,0
417530,0,-0.32,-1.69,9.256,3.663,1.288,0,0
417579,0,-0.35,0.00,9.227,3.663,1.312,0,0
417631,0,-0.37,-0.52,9.256,3.716,1.288,0,0
417683,0,-0.34,0.00,9.266,3.730,1.259,0,0
417734,0,-0.35,0.00,9.256,3.706,1.235,0,0
417786,0,-0.35,0.00,9.270,3.663,1.312,0,0
417837,0,-0.35,0.00,9.222,3.677,1.326,0,0
417889,0,-0.35,0.00,9.270,3.697,1.288,0,0
417941,0,-0.35,0.00,9.266,3.725,1.264,0,0
417992,0,-0.33,0.93,9.237,3.668,1.235,0,0
418044,0,-0.33,0.00,9.275,3.697,1.298,0,0
418095,0,-0.36,-1.30,9.246,3.740,1.346,0,0
418147,0,-0.34,0.78,9.246,3.658,1.269,0,0
418198,0,-0.34,0.00,9.261,3.745,1.202,0,0
418249,0,-0.34,0.00,9.280,3.725,1.250,0,0
418300,0,-0.33,0.52,9.227,3.706,1.293,0,0
418352,0,-0.31,0.48,9.237,3.706,1.322,0,0
418402,0,-0.30,0.00,9.270,3.759,1.288,0,0
418457,0,-0.29,0.19,9.261,3.735,1.216,0,0
418507,0,-0.27,1.49,9.246,3.663,1.264,0,0
418557,0,-0.31,-1.49,9.256,3.634,1.264,0,0
418608,0,-0.29,0.00,9.242,3.735,1.355,0,0
418659,0,-0.29,0.00,9.256,3.711,1.274,0,0
418710,0,-0.29,0.00,9.266,3.697,1.178,0,0
418762,0,-0.29,0.00,9.285,3.706,1.274,0,0
418814,0,-0.31,-0.56,9.251,3.706,1.398,0,0
418865,0,-0.29,0.56,9.208,3.634,1.317,0,0
418917,0,-0.29,0.00,9.270,3.697,1.226,0,0
418968,0,-0.29,0.00,9.285,3.677,1.231,0,0
419020,0,-0.29,0.00,9.237,3.615,1.288,0,0
419072,0,-0.28,0.00,9.266,3.687,1.336,0,0
419123,0,-0.27,0.56,9.261,3.721,1.298,0,0
419175,0,-0.27,0.00,9.256,3.692,1.197,0,0
419226,0,-0.33,-0.45,9.290,3.677,1.240,0,0
419278,0,-0.33,0.00,9.251,3.658,1.307,0,0
419329,0,-0.33,0.00,9.251,3.687,1.336,0,0
419381,0,-0.33,0.00,9.261,3.677,1.245,0,0
419432,0,-0.38,-1.89,9.270,3.582,1.245,0,0
419482,0,-0.38,0.00,9.299,3.692,1.322,0,0
419533,0,-0.38,0.00,9.242,3.745,1.307,0,0
419584,0,-0.41,-1.04,9.251,3.658,1.221,0,0
419635,0,-0.42,-0.52,9.280,3.673,1.192,0,0
419686,0,-0.39,1.23,9.275,3.630,1.259,0,0
419738,0,-0.45,-1.75,9.227,3.625,1.355,0,0
419790,0,-0.44,0.22,9.285,3.706,1.317,0,0
419841,0,-0.48,0.00,9.261,3.644,1.202,0,0
419893,0,-0.52,-1.75,9.280,3.687,1.245,0,0
419944,0,-0.53,0.00,9.294,3.630,1.293,0,0
419996,0,-0.54,0.00,9.242,3.630,1.326,0,0
420048,0,-0.54,0.00,9.270,3.706,1.322,0,0
420099,0,-0.51,0.00,9.275,3.663,1.259,0,0
420151,0,-0.51,0.00,9.261,3.644,1.255,0,0
420202,0,-0.51,0.00,9.275,3.682,1.379,0,0
420254,0,-0.52,0.74,9.237,3.606,1.326,0,0
420305,0,-0.56,-1.23,9.270,3.692,1.235,0,0
420356,0,-0.54,0.71,9.290,3.711,1.235,0,0
420406,0,-0.54,0.00,9.232,3.620,1.245,0,0
420456,0,-0.54,0.56,9.246,3.644,1.288,0,0
420514,0,-0.55,-0.18,9.280,3.677,1.298,0,0
420566,0,-0.57,-0.48,9.242,3.610,1.259,0,0
420617,0,-0.57,0.00,9.280,3.716,1.298,0,0
420668,0,-0.54,1.01,9.275,3.706,1.326,0,0
420720,0,-0.55,0.00,9.227,3.668,1.317,0,0
420772,0,-0.54,0.52,9.285,3.745,1.264,0,0
420823,0,-0.52,0.00,9.270,3.630,1.274,0,0
420875,0,-0.52,0.00,9.237,3.587,1.355,0,0
420926,0,-0.50,0.00,9.270,3.706,1.398,0,0
420978,0,-0.47,0.00,9.256,3.668,1.235,0,0
421030,0,-0.46,0.48,9.270,3.740,1.245,0,0
421081,0,-0.50,0.00,9.266,3.745,1.269,0,0
421133,0,-0.50,-1.23,9.232,3.649,1.274,0,0
421184,0,-0.47,0.00,9.246,3.706,1.331,0,0
421236,0,-0.46,0.48,9.256,3.668,1.312,0,0
421288,0,-0.47,-0.48,9.285,3.697,1.331,0,0
421338,0,-0.47,0.00,9.270,3.701,1.302,0,0
421387,0,-0.48,0.00,9.213,3.677,1.307,0,0
421438,0,-0.48,0.00,9.256,3.816,1.298,0,0
421488,0,-0.48,0.00,9.266,3.721,1.250,0,0
421539,0,-0.53,0.00,9.232,3.673,1.269,0,0
421590,0,-0.53,0.00,9.290,3.721,1.369,0,0
421642,0,-0.53,0.00,9.218,3.663,1.393,0,0
421693,0,-0.54,0.00,9.232,3.701,1.250,0,0
421745,0,-0.57,-0.52,9.323,3.788,1.197,0,0
421797,0,-0.60,0.00,9.208,3.634,1.274,0,0
421848,0,-0.63,-1.04,9.251,3.649,1.322,0,0
421900,0,-0.61,0.52,9.309,3.701,1.341,0,0
421951,0,-0.61,0.00,9.222,3.639,1.317,0,0
422003,0,-0.59,0.00,9.290,3.735,1.322,0,0
422055,0,-0.59,0.00,9.256,3.634,1.283,0,0
422106,0,-0.59,0.00,9.237,3.682,1.326,0,0
422158,0,-0.54,1.75,9.290,3.711,1.322,0,0
422209,0,-0.57,0.00,9.256,3.601,1.279,0,0
422260,0,-0.57,0.00,9.266,3.663,1.374,0,0
422311,0,-0.59,0.00,9.275,3.701,1.389,0,0
422363,0,-0.59,0.00,9.256,3.630,1.250,0,0
422413,0,-0.57,0.00,9.246,3.639,1.231,0,0
422464,0,-0.57,0.00,9.285,3.658,1.283,0,0
422514,0,-0.57,0.00,9.246,3.615,1.326,0,0
422567,0,-0.62,-0.73,9.266,3.601,1.317,0,0
422619,0,-0.62,0.00,9.275,3.706,1.312,0,0
422670,0,-0.59,0.56,9.266,3.735,1.312,0,0
422721,0,-0.59,0.00,9.261,3.721,1.235,0,0
422772,0,-0.55,1.01,9.261,3.639,1.226,0,0
422824,0,-0.55,0.00,9.251,3.654,1.331,0,0
422875,0,-0.52,1.13,9.290,3.639,1.336,0,0
422927,0,-0.52,0.00,9.251,3.610,1.250,0,0
422979,0,-0.55,-0.52,9.261,3.677,1.336,0,0
423030,0,-0.55,0.00,9.275,3.735,1.293,0,0
423082,0,-0.55,0.00,9.232,3.634,1.235,0,0
423133,0,-0.58,-1.01,9.285,3.639,1.274,0,0
423185,0,-0.60,-0.97,9.280,3.658,1.322,0,0
423237,0,-0.62,0.00,9.237,3.582,1.365,0,0
423288,0,-0.63,-0.48,9.294,3.687,1.298,0,0
423340,0,-0.63,0.00,9.261,3.677,1.235,0,0
423389,0,-0.63,0.00,9.270,3.639,1.235,0,0
423440,0,-0.62,0.52,9.280,3.663,1.283,0,0
423490,0,-0.62,0.00,9.266,3.620,1.312,0,0
423541,0,-0.62,0.00,9.251,3.625,1.346,0,0
423591,0,-0.62,0.00,9.290,3.649,1.274,0,0
423643,0,-0.61,1.09,9.266,3.572,1.269,0,0
423694,0,-0.61,0.00,9.275,3.711,1.374,0,0
423746,0,-0.61,0.00,9.261,3.677,1.317,0,0
423797,0,-0.60,0.56,9.246,3.601,1.188,0,0
423849,0,-0.60,0.56,9.285,3.658,1.231,0,0
423901,0,-0.60,0.00,9.270,3.596,1.288,0,0
423952,0,-0.63,0.00,9.237,3.563,1.350,0,0
424004,0,-0.61,1.04,9.280,3.725,1.279,0,0
424055,0,-0.61,0.00,9.270,3.677,1.211,0,0
424107,0,-0.61,0.00,9.261,3.639,1.283,0,0
424159,0,-0.59,0.48,9.261,3.663,1.322,0,0
424210,0,-0.59,0.00,9.275,3.601,1.302,0,0
424262,0,-0.66,-1.90,9.261,3.663,1.317,0,0
424352,0,-0.62,0.00,9.237,3.658,1.288,0,0
424402,0,-0.64,-0.88,9.266,3.658,1.269,0,0
424452,0,-0.63,0.56,9.251,3.697,1.326,0,0
424502,0,-0.64,0.00,9.261,3.639,1.302,0,0
424552,0,-0.64,0.00,9.261,3.644,1.259,0,0
424603,0,-0.64,0.00,9.246,3.610,1.302,0,0
424654,0,-0.62,0.48,9.251,3.663,1.350,0,0
424706,0,-0.60,0.52,9.246,3.658,1.302,0,0
424758,0,-0.62,0.00,9.246,3.668,1.269,0,0
424809,0,-0.60,0.52,9.270,3.725,1.317,0,0
424861,0,-0.60,0.00,9.246,3.663,1.350,0,0
424912,0,-0.58,0.00,9.251,3.639,1.346,0,0
424964,0,-0.58,0.00,9.246,3.692,1.312,0,0
425016,0,-0.60,0.00,9.237,3.716,1.317,0,0
425067,0,-0.60,0.00,9.261,3.745,1.240,0,0
425119,0,-0.57,0.00,9.285,3.687,1.245,0,0
425170,0,-0.56,0.52,9.232,3.697,1.403,0,0
425222,0,-0.56,0.00,9.232,3.654,1.384,0,0
425274,0,-0.54,0.00,9.246,3.649,1.269,0,0
425324,0,-0.54,0.00,9.280,3.697,1.231,0,0
425376,0,-0.54,-0.52,9.246,3.682,1.298,0,0
425426,0,-0.56,-0.93,9.227,3.673,1.298,0,0
425476,0,-0.58,0.00,9.275,3.687,1.322,0,0
425527,0,-0.56,0.00,9.261,3.697,1.322,0,0
425576,0,-0.56,0.00,9.261,3.654,1.336,0,0
425628,0,-0.55,0.52,9.266,3.654,1.317,0,0
425679,0,-0.55,0.00,9.270,3.649,1.331,0,0
425731,0,-0.54,0.00,9.251,3.668,1.322,0,0
425783,0,-0.52,0.00,9.256,3.682,1.274,0,0
425834,0,-0.52,0.00,9.261,3.630,1.288,0,0
425886,0,-0.51,0.00,9.266,3.668,1.389,0,0
425937,0,-0.49,0.52,9.237,3.615,1.346,0,0
425989,0,-0.52,0.00,9.256,3.634,1.269,0,0
426041,0,-0.50,0.56,9.290,3.677,1.231,0,0
426092,0,-0.49,0.52,9.285,3.639,1.264,0,0
426144,0,-0.48,0.48,9.266,3.654,1.326,0,0
426194,0,-0.48,0.00,9.261,3.596,1.317,0,0
426246,0,-0.49,0.00,9.256,3.625,1.350,0,0
426297,0,-0.50,-0.52,9.313,3.634,1.326,0,0
426349,0,-0.52,0.52,9.246,3.587,1.312,0,0
426403,0,-0.52,0.00,9.256,3.644,1.307,0,0
426453,0,-0.51,0.52,9.318,3.721,1.279,0,0
426503,0,-0.51,0.00,9.266,3.606,1.269,0,0
426553,0,-0.55,0.00,9.275,3.591,1.293,0,0
426604,0,-0.53,0.52,9.266,3.673,1.413,0,0
426655,0,-0.49,-0.82,9.261,3.587,1.326,0,0
426707,0,-0.49,0.00,9.275,3.654,1.221,0,0
426758,0,-0.48,0.00,9.290,3.644,1.221,0,0
426810,0,-0.45,0.52,9.266,3.615,1.326,0,0
426862,0,-0.45,0.00,9.246,3.677,1.403,0,0
426913,0,-0.46,0.56,9.304,3.668,1.355,0,0
426965,0,-0.45,0.48,9.246,3.634,1.336,0,0
427016,0,-0.42,0.52,9.304,3.639,1.355,0,0
427068,0,-0.42,0.00,9.256,3.692,1.341,0,0
427120,0,-0.44,0.00,9.237,3.591,1.331,0,0
427171,0,-0.41,0.45,9.290,3.692,1.336,0,0
427223,0,-0.41,0.00,9.299,3.692,1.307,0,0
427274,0,-0.43,0.00,9.213,3.543,1.307,0,0
427325,0,-0.43,0.00,9.290,3.687,1.408,0,0
427377,0,-0.45,-0.86,9.266,3.606,1.322,0,0
427427,0,-0.42,1.13,9.285,3.606,1.264,0,0
427477,0,-0.42,0.00,9.294,3.625,1.302,0,0
427528,0,-0.41,0.50,9.227,3.639,1.355,0,0
427580,0,-0.39,0.56,9.266,3.673,1.331,0,0
427631,0,-0.42,0.00,9.299,3.654,1.283,0,0
427683,0,-0.39,0.52,9.251,3.668,1.298,0,0
427734,0,-0.39,0.00,9.304,3.587,1.355,0,0
427786,0,-0.38,0.48,9.285,3.654,1.346,0,0
427838,0,-0.39,-0.48,9.266,3.625,1.331,0,0
427889,0,-0.40,0.00,9.242,3.706,1.350,0,0
427941,0,-0.40,0.00,9.251,3.692,1.346,0,0
427992,0,-0.40,0.00,9.280,3.610,1.259,0,0
428044,0,-0.38,0.48,9.280,3.663,1.374,0,0
428096,0,-0.42,-1.45,9.242,3.663,1.422,0,0
428147,0,-0.42,0.00,9.227,3.567,1.307,0,0
428199,0,-0.41,0.52,9.275,3.697,1.302,0,0
428250,0,-0.39,0.00,9.290,3.764,1.283,0,0
428301,0,-0.38,0.56,9.203,3.543,1.298,0,0
428352,0,-0.40,-1.34,9.261,3.668,1.413,0,0
428402,0,-0.40,0.00,9.313,3.701,1.389,0,0
428476,0,-0.40,0.00,9.261,3.620,1.302,0,0
428527,0,-0.40,0.00,9.304,3.682,1.331,0,0
428579,0,-0.45,-1.75,9.246,3.644,1.379,0,0
428629,0,-0.45,0.00,9.232,3.630,1.398,0,0
428681,0,-0.45,0.00,9.299,3.716,1.317,0,0
428732,0,-0.45,0.00,9.285,3.658,1.312,0,0
428784,0,-0.46,-0.52,9.266,3.687,1.365,0,0
428835,0,-0.45,0.00,9.251,3.567,1.312,0,0
428887,0,-0.46,-0.52,9.246,3.634,1.317,0,0
428939,0,-0.46,0.00,9.294,3.625,1.331,0,0
428990,0,-0.50,0.00,9.232,3.534,1.346,0,0
429042,0,-0.48,0.60,9.290,3.687,1.355,0,0
429093,0,-0.48,0.00,9.313,3.644,1.293,0,0
429145,0,-0.46,0.00,9.246,3.606,1.331,0,0
429197,0,-0.46,0.00,9.275,3.654,1.379,0,0
429248,0,-0.47,-1.38,9.256,3.615,1.355,0,0
429300,0,-0.45,0.56,9.266,3.610,1.326,0,0
429350,0,-0.44,0.48,9.294,3.625,1.317,0,0
429400,0,-0.44,0.00,9.270,3.591,1.317,0,0
429450,0,-0.42,0.00,9.280,3.567,1.374,0,0
429501,0,-0.42,0.00,9.280,3.677,1.374,0,0
429551,0,-0.46,0.00,9.275,3.582,1.341,0,0
429602,0,-0.45,0.00,9.309,3.601,1.259,0,0
429654,0,-0.45,0.00,9.299,3.558,1.336,0,0
429706,0,-0.45,0.00,9.266,3.558,1.360,0,0
429757,0,-0.48,0.00,9.313,3.615,1.341,0,0
429809,0,-0.47,0.00,9.304,3.601,1.322,0,0
429860,0,-0.46,0.00,9.275,3.577,1.326,0,0
429912,0,-0.48,-0.86,9.275,3.601,1.360,0,0
429964,0,-0.48,0.00,9.275,3.539,1.384,0,0
430015,0,-0.46,0.52,9.290,3.567,1.384,0,0
430067,0,-0.44,0.00,9.323,3.601,1.346,0,0
430118,0,-0.40,1.01,9.285,3.496,1.331,0,0
430170,0,-0.40,0.00,9.285,3.572,1.441,0,0
430222,0,-0.42,-0.82,9.294,3.577,1.408,0,0
430272,0,-0.42,0.00,9.275,3.534,1.317,0,0
430324,0,-0.41,0.48,9.280,3.539,1.341,0,0
430375,0,-0.41,0.00,9.270,3.486,1.417,0,0
430426,0,-0.41,0.00,9.256,3.515,1.432,0,0
430476,0,-0.39,0.00,9.337,3.634,1.350,0,0
430533,0,-0.41,-0.31,9.313,3.543,1.274,0,0
430585,0,-0.41,0.00,9.290,3.587,1.365,0,0
430636,0,-0.40,0.00,9.313,3.587,1.365,0,0
430687,0,-0.40,0.00,9.285,3.572,1.360,0,0
430738,0,-0.40,0.00,9.304,3.601,1.326,0,0
430790,0,-0.39,0.52,9.304,3.587,1.341,0,0
430841,0,-0.39,0.00,9.237,3.510,1.346,0,0
430893,0,-0.39,-0.74,9.304,3.620,1.446,0,0
430945,0,-0.38,0.00,9.299,3.591,1.413,0,0
430996,0,-0.37,0.00,9.266,3.548,1.293,0,0
431048,0,-0.37,0.00,9.352,3.658,1.293,0,0
431099,0,-0.35,0.00,9.285,3.510,1.379,0,0
431151,0,-0.35,0.00,9.256,3.486,1.422,0,0
431203,0,-0.34,0.00,9.371,3.615,1.403,0,0
431254,0,-0.34,0.00,9.242,3.529,1.379,0,0
431306,0,-0.32,0.00,9.299,3.572,1.360,0,0
431357,0,-0.35,0.52,9.270,3.548,1.398,0,0
431410,0,-0.35,0.00,9.280,3.601,1.374,0,0
431461,0,-0.33,0.00,9.304,3.587,1.389,0,0
431511,0,-0.32,0.56,9.294,3.615,1.379,0,0
431561,0,-0.32,0.00,9.285,3.510,1.360,0,0
431612,0,-0.34,0.00,9.280,3.649,1.417,0,0
431663,0,-0.33,0.48,9.290,3.534,1.374,0,0
431714,0,-0.31,0.00,9.256,3.543,1.336,0,0
431766,0,-0.30,0.52,9.318,3.639,1.365,0,0
431818,0,-0.32,0.00,9.290,3.649,1.369,0,0
431869,0,-0.31,0.48,9.256,3.615,1.302,0,0
431921,0,-0.31,0.00,9.304,3.644,1.389,0,0
431972,0,-0.32,0.00,9.285,3.634,1.465,0,0
432024,0,-0.32,0.00,9.270,3.582,1.389,0,0
432076,0,-0.31,0.00,9.304,3.553,1.322,0,0
432127,0,-0.34,0.00,9.266,3.606,1.393,0,0
432179,0,-0.34,0.00,9.290,3.587,1.389,0,0
432230,0,-0.34,0.00,9.313,3.625,1.336,0,0
432282,0,-0.36,-0.52,9.294,3.582,1.408,0,0
432334,0,-0.36,0.00,9.275,3.577,1.451,0,0
432386,0,-0.36,0.00,9.285,3.543,1.398,0,0
432436,0,-0.36,0.00,9.313,3.543,1.350,0,0
432486,0,-0.37,0.00,9.299,3.543,1.355,0,0
432537,0,-0.41,-0.52,9.285,3.539,1.408,0,0
432589,0,-0.41,0.00,9.309,3.591,1.413,0,0
432641,0,-0.40,0.00,9.328,3.558,1.398,0,0
432693,0,-0.38,0.52,9.280,3.534,1.389,0,0
432743,0,-0.40,-0.52,9.304,3.577,1.427,0,0
432795,0,-0.40,0.00,9.309,3.539,1.398,0,0
432846,0,-0.40,0.00,9.294,3.539,1.379,0,0
432898,0,-0.37,-0.52,9.323,3.587,1.393,0,0
432949,0,-0.37,0.00,9.275,3.505,1.317,0,0
433001,0,-0.35,0.93,9.304,3.529,1.427,0,0
433053,0,-0.36,-0.52,9.304,3.563,1.451,0,0
433104,0,-0.39,-0.56,9.280,3.505,1.336,0,0
433156,0,-0.41,-0.56,9.318,3.615,1.279,0,0
433207,0,-0.42,0.00,9.304,3.519,1.360,0,0
433259,0,-0.42,0.00,9.242,3.472,1.360,0,0
433310,0,-0.42,0.00,9.352,3.572,1.427,0,0
433362,0,-0.42,0.52,9.280,3.515,1.360,0,0
433412,0,-0.42,0.00,9.318,3.500,1.341,0,0
433463,0,-0.42,0.00,9.318,3.572,1.393,0,0
433513,0,-0.43,0.00,9.285,3.519,1.408,0,0
433566,0,-0.45,-0.48,9.299,3.539,1.379,0,0
433617,0,-0.41,0.00,9.361,3.577,1.322,0,0
433669,0,-0.44,-0.52,9.294,3.481,1.379,0,0
433719,0,-0.44,0.00,9.299,3.529,1.518,0,0
433771,0,-0.46,-0.56,9.270,3.481,1.389,0,0
433822,0,-0.48,0.00,9.304,3.553,1.302,0,0
433874,0,-0.46,-0.52,9.328,3.558,1.312,0,0
433925,0,-0.46,0.00,9.275,3.486,1.350,0,0
433977,0,-0.47,0.00,9.294,3.510,1.389,0,0
434029,0,-0.48,-0.48,9.328,3.591,1.441,0,0
434080,0,-0.48,0.00,9.294,3.467,1.369,0,0
434132,0,-0.43,1.82,9.333,3.539,1.413,0,0
434183,0,-0.43,0.00,9.309,3.596,1.417,0,0
434235,0,-0.42,0.52,9.246,3.515,1.389,0,0
434287,0,-0.42,0.00,9.280,3.572,1.417,0,0
434352,0,-0.42,0.00,9.328,3.563,1.355,0,0
434405,0,-0.43,0.00,9.304,3.500,1.427,0,0
434455,0,-0.43,0.00,9.294,3.606,1.460,0,0
434506,0,-0.43,0.00,9.290,3.505,1.398,0,0
434556,0,-0.42,0.00,9.285,3.529,1.341,0,0
434607,0,-0.44,-0.82,9.290,3.543,1.365,0,0
434659,0,-0.44,0.00,9.285,3.591,1.427,0,0
434710,0,-0.44,0.00,9.280,3.567,1.403,0,0
434761,0,-0.43,0.48,9.285,3.634,1.374,0,0
434812,0,-0.42,0.48,9.294,3.610,1.403,0,0
434864,0,-0.44,-0.82,9.261,3.534,1.374,0,0
434916,0,-0.42,0.00,9.266,3.563,1.432,0,0
434967,0,-0.41,0.00,9.290,3.630,1.441,0,0
435019,0,-0.43,-0.86,9.270,3.572,1.393,0,0
435070,0,-0.41,0.48,9.280,3.615,1.331,0,0
435122,0,-0.42,-0.48,9.304,3.673,1.427,0,0
435174,0,-0.41,0.00,9.246,3.587,1.441,0,0
435225,0,-0.38,0.60,9.280,3.553,1.413,0,0
435277,0,-0.38,0.00,9.304,3.567,1.379,0,0
435328,0,-0.40,0.48,9.270,3.500,1.460,0,0
435380,0,-0.40,0.00,9.266,3.577,1.432,0,0
435431,0,-0.40,0.00,9.328,3.606,1.422,0,0
435481,0,-0.44,-1.39,9.251,3.582,1.403,0,0
435531,0,-0.42,0.56,9.333,3.567,1.413,0,0
435583,0,-0.42,0.00,9.328,3.582,1.422,0,0
435635,0,-0.42,0.00,9.256,3.491,1.417,0,0
435686,0,-0.42,0.00,9.333,3.572,1.417,0,0
435737,0,-0.47,-1.86,9.323,3.524,1.369,0,0
435788,0,-0.47,0.00,9.294,3.472,1.389,0,0
435840,0,-0.47,-0.52,9.323,3.543,1.504,0,0
435891,0,-0.47,0.00,9.275,3.505,1.470,0,0
435943,0,-0.49,-0.48,9.266,3.539,1.360,0,0
435995,0,-0.49,0.00,9.299,3.548,1.341,0,0
436046,0,-0.49,0.00,9.333,3.558,1.384,0,0
436098,0,-0.47,0.00,9.318,3.496,1.413,0,0
436149,0,-0.51,-1.34,9.304,3.553,1.470,0,0
436201,0,-0.49,0.52,9.285,3.462,1.437,0,0
436253,0,-0.48,0.52,9.313,3.524,1.374,0,0
436304,0,-0.48,0.00,9.318,3.515,1.355,0,0
436356,0,-0.45,0.56,9.294,3.481,1.408,0,0
436411,0,-0.43,0.49,9.290,3.558,1.446,0,0
436462,0,-0.46,0.00,9.361,3.563,1.369,0,0
436512,0,-0.45,0.56,9.313,3.448,1.379,0,0
436562,0,-0.43,0.00,9.266,3.500,1.480,0,0
436612,0,-0.42,0.52,9.328,3.505,1.446,0,0
436664,0,-0.42,0.00,9.294,3.510,1.350,0,0
436715,0,-0.39,0.52,9.347,3.543,1.336,0,0
436767,0,-0.39,0.00,9.299,3.515,1.379,0,0
436818,0,-0.38,0.00,9.299,3.534,1.384,0,0
436870,0,-0.37,0.48,9.342,3.572,1.379,0,0
436922,0,-0.35,0.00,9.299,3.519,1.341,0,0
436973,0,-0.35,0.00,9.313,3.543,1.417,0,0
437025,0,-0.35,0.00,9.313,3.515,1.398,0,0
437076,0,-0.35,0.00,9.304,3.548,1.384,0,0
437128,0,-0.34,0.52,9.318,3.596,1.379,0,0
437180,0,-0.36,0.00,9.299,3.491,1.360,0,0
437231,0,-0.36,0.00,9.304,3.457,1.427,0,0
437283,0,-0.34,0.00,9.318,3.572,1.465,0,0
437334,0,-0.34,0.00,9.323,3.476,1.346,0,0
437386,0,-0.33,0.00,9.299,3.462,1.341,0,0
437437,0,-0.32,0.00,9.328,3.476,1.417,0,0
437487,0,-0.37,-0.56,9.227,3.428,1.456,0,0
437538,0,-0.37,0.00,9.371,3.529,1.398,0,0
437588,0,-0.35,0.52,9.337,3.510,1.317,0,0
437640,0,-0.37,0.00,9.280,3.481,1.403,0,0
437691,0,-0.32,0.00,9.323,3.491,1.432,0,0
437743,0,-0.35,-1.34,9.299,3.476,1.437,0,0
437794,0,-0.38,-1.83,9.290,3.486,1.403,0,0
437846,0,-0.38,0.00,9.337,3.567,1.393,0,0
437898,0,-0.37,0.00,9.299,3.472,1.346,0,0
437949,0,-0.37,0.00,9.313,3.505,1.417,0,0
438001,0,-0.39,-1.49,9.318,3.553,1.456,0,0
438052,0,-0.36,0.48,9.285,3.486,1.336,0,0
438104,0,-0.35,0.52,9.318,3.524,1.365,0,0
438156,0,-0.33,0.00,9.318,3.543,1.456,0,0
438207,0,-0.31,0.52,9.275,3.529,1.432,0,0
438259,0,-0.29,0.00,9.304,3.591,1.393,0,0
438309,0,-0.29,0.00,9.309,3.553,1.355,0,0
438361,0,-0.28,0.00,9.285,3.553,1.413,0,0
438411,0,-0.28,0.00,9.270,3.548,1.441,0,0
438465,0,-0.30,-0.29,9.290,3.534,1.403,0,0
438516,0,-0.30,0.00,9.294,3.543,1.413,0,0
438565,0,-0.30,0.00,9.299,3.610,1.398,0,0
438616,0,-0.30,0.00,9.290,3.610,1.398,0,0
438667,0,-0.32,0.00,9.237,3.639,1.408,0,0
438719,0,-0.32,0.00,9.280,3.515,1.417,0,0
438771,0,-0.30,0.00,9.266,3.524,1.365,0,0
438822,0,-0.34,-1.34,9.328,3.577,1.441,0,0
438874,0,-0.32,0.48,9.304,3.486,1.398,0,0
438925,0,-0.32,0.00,9.280,3.462,1.389,0,0
438977,0,-0.31,0.52,9.337,3.615,1.484,0,0
439029,0,-0.31,0.00,9.270,3.582,1.422,0,0
439080,0,-0.28,0.56,9.318,3.519,1.360,0,0
439132,0,-0.27,0.52,9.304,3.500,1.403,0,0
439183,0,-0.27,0.00,9.294,3.510,1.456,0,0
439235,0,-0.28,-0.52,9.337,3.519,1.489,0,0
439286,0,-0.28,0.00,9.280,3.510,1.398,0,0
439337,0,-0.28,0.00,9.323,3.534,1.413,0,0
439386,0,-0.26,0.48,9.290,3.515,1.470,0,0
439437,0,-0.26,0.00,9.280,3.472,1.417,0,0
439487,0,-0.28,0.00,9.299,3.539,1.451,0,0
439538,0,-0.28,0.00,9.323,3.519,1.393,0,0
439589,0,-0.28,0.00,9.313,3.519,1.389,0,0
439641,0,-0.26,0.00,9.290,3.419,1.456,0,0
439692,0,-0.25,0.48,9.333,3.476,1.504,0,0
439744,0,-0.25,0.00,9.318,3.505,1.422,0,0
439796,0,-0.24,0.00,9.309,3.448,1.365,0,0
439847,0,-0.26,-0.86,9.304,3.452,1.427,0,0
439899,0,-0.25,0.00,9.304,3.500,1.427,0,0
439950,0,-0.26,0.00,9.337,3.472,1.398,0,0
440002,0,-0.25,0.00,9.290,3.414,1.451,0,0
440054,0,-0.25,0.00,9.323,3.496,1.561,0,0
440105,0,-0.25,0.00,9.337,3.414,1.489,0,0
440157,0,-0.23,0.00,9.342,3.476,1.408,0,0
440207,0,-0.23,0.00,9.347,3.510,1.384,0,0
440259,0,-0.23,0.00,9.275,3.433,1.417,0,0
440310,0,-0.25,-0.48,9.337,3.443,1.460,0,0
440362,0,-0.23,0.00,9.337,3.433,1.441,0,0
440412,0,-0.25,-0.52,9.313,3.457,1.403,0,0
440462,0,-0.23,0.50,9.361,3.491,1.417,0,0
440519,0,-0.25,-0.31,9.313,3.462,1.403,0,0
440571,0,-0.25,0.00,9.342,3.481,1.451,0,0
440622,0,-0.25,0.00,9.333,3.505,1.384,0,0
440673,0,-0.25,0.00,9.328,3.452,1.365,0,0
440725,0,-0.24,0.52,9.313,3.481,1.518,0,0
440777,0,-0.24,0.00,9.318,3.433,1.484,0,0
440828,0,-0.23,0.48,9.323,3.419,1.350,0,0
440880,0,-0.23,0.00,9.361,3.572,1.384,0,0
440931,0,-0.21,0.00,9.294,3.400,1.369,0,0
440983,0,-0.20,0.52,9.299,3.529,1.451,0,0
441035,0,-0.21,0.52,9.328,3.515,1.437,0,0
441086,0,-0.20,0.52,9.275,3.428,1.393,0,0
441138,0,-0.20,0.00,9.285,3.472,1.413,0,0
441189,0,-0.18,0.52,9.309,3.539,1.470,0,0
441241,0,-0.17,0.56,9.328,3.519,1.384,0,0
441293,0,-0.15,0.48,9.318,3.524,1.341,0,0
441343,0,-0.15,0.00,9.309,3.543,1.393,0,0
441393,0,-0.20,-1.71,9.323,3.476,1.484,0,0
441443,0,-0.20,0.00,9.294,3.519,1.494,0,0
441493,0,-0.20,0.00,9.313,3.500,1.403,0,0
441544,0,-0.17,0.56,9.299,3.572,1.365,0,0
441595,0,-0.17,0.00,9.299,3.515,1.384,0,0
441647,0,-0.17,0.00,9.256,3.510,1.417,0,0
441698,0,-0.20,0.00,9.333,3.625,1.417,0,0
441750,0,-0.21,0.00,9.299,3.500,1.393,0,0
441802,0,-0.20,0.00,9.270,3.519,1.432,0,0
441853,0,-0.18,0.52,9.328,3.587,1.422,0,0
441905,0,-0.18,0.00,9.237,3.510,1.403,0,0
441956,0,-0.18,0.00,9.294,3.596,1.427,0,0
442008,0,-0.20,0.00,9.309,3.634,1.365,0,0
442060,0,-0.19,0.00,9.285,3.515,1.417,0,0
442111,0,-0.18,0.48,9.275,3.596,1.528,0,0
442163,0,-0.15,0.52,9.294,3.510,1.432,0,0
442214,0,-0.14,0.48,9.290,3.553,1.379,0,0
442265,0,-0.12,0.52,9.347,3.534,1.365,0,0
442316,0,-0.12,0.00,9.246,3.467,1.437,0,0
442368,0,-0.14,0.00,9.333,3.548,1.460,0,0
442418,0,-0.14,0.00,9.304,3.529,1.441,0,0
442469,0,-0.14,0.00,9.323,3.524,1.413,0,0
442519,0,-0.14,0.00,9.328,3.515,1.427,0,0
442573,0,-0.13,0.20,9.290,3.491,1.417,0,0
442625,0,-0.13,0.00,9.294,3.500,1.432,0,0
442677,0,-0.13,0.00,9.328,3.548,1.427,0,0
442727,0,-0.12,0.52,9.313,3.472,1.398,0,0
442778,0,-0.15,0.00,9.299,3.529,1.504,0,0
442830,0,-0.14,0.00,9.318,3.457,1.456,0,0
442882,0,-0.12,0.56,9.309,3.500,1.374,0,0
442933,0,-0.12,0.00,9.328,3.448,1.374,0,0
442985,0,-0.12,0.00,9.309,3.443,1.441,0,0
443036,0,-0.11,0.00,9.337,3.505,1.460,0,0
443088,0,-0.08,0.52,9.328,3.500,1.441,0,0
443140,0,-0.07,0.52,9.323,3.481,1.389,0,0
443191,0,-0.09,-1.30,9.337,3.505,1.417,0,0
443243,0,-0.08,0.45,9.313,3.405,1.446,0,0
443294,0,-0.08,0.00,9.318,3.472,1.475,0,0
443346,0,-0.07,0.00,9.357,3.486,1.427,0,0
443396,0,-0.07,0.00,9.328,3.414,1.365,0,0
443446,0,-0.04,0.56,9.337,3.476,1.460,0,0
443497,0,-0.04,0.00,9.328,3.481,1.470,0,0
443547,0,-0.02,0.00,9.309,3.400,1.393,0,0
443599,0,-0.05,-1.34,9.342,3.433,1.393,0,0
443649,0,-0.05,0.00,9.342,3.390,1.422,0,0
443701,0,-0.03,0.00,9.294,3.390,1.499,0,0
443752,0,-0.02,0.48,9.342,3.505,1.484,0,0
443804,0,-0.02,0.00,9.313,3.481,1.398,0,0
443855,0,-0.04,0.48,9.304,3.543,1.393,0,0
443907,0,-0.03,0.00,9.342,3.462,1.417,0,0
443959,0,-0.04,0.00,9.337,3.376,1.484,0,0
444010,0,-0.03,0.52,9.299,3.467,1.446,0,0
444062,0,-0.04,0.00,9.380,3.496,1.365,0,0
444113,0,-0.09,-1.75,9.323,3.472,1.393,0,0
444165,0,-0.09,0.00,9.309,3.577,1.460,0,0
444217,0,-0.08,0.56,9.304,3.452,1.384,0,0
444268,0,-0.11,-1.34,9.313,3.452,1.379,0,0
444353,0,-0.10,0.00,9.323,3.457,1.480,0,0
444403,0,-0.08,0.60,9.294,3.467,1.460,0,0
444453,0,-0.08,0.00,9.342,3.548,1.350,0,0
444504,0,-0.08,0.00,9.280,3.500,1.379,0,0
444554,0,-0.12,0.00,9.318,3.491,1.446,0,0
444604,0,-0.11,0.52,9.347,3.462,1.480,0,0
444656,0,-0.11,0.00,9.304,3.462,1.427,0,0
444707,0,-0.11,0.00,9.309,3.510,1.432,0,0
444759,0,-0.09,0.52,9.323,3.567,1.398,0,0
444810,0,-0.08,0.52,9.333,3.515,1.427,0,0
444862,0,-0.07,0.52,9.280,3.515,1.489,0,0
444914,0,-0.07,0.00,9.304,3.539,1.441,0,0
444965,0,-0.07,0.00,9.304,3.476,1.360,0,0
445017,0,-0.09,0.52,9.313,3.486,1.408,0,0
445068,0,-0.07,0.00,9.290,3.510,1.456,0,0
445120,0,-0.07,0.00,9.299,3.543,1.441,0,0
445172,0,-0.07,0.00,9.318,3.587,1.408,0,0
445223,0,-0.06,0.00,9.313,3.543,1.408,0,0
445275,0,-0.11,-1.38,9.309,3.481,1.484,0,0
445326,0,-0.10,0.00,9.328,3.515,1.451,0,0
445377,0,-0.10,0.00,9.304,3.457,1.437,0,0
445427,0,-0.08,0.00,9.309,3.524,1.441,0,0
445478,0,-0.06,0.54,9.337,3.496,1.389,0,0
445528,0,-0.06,0.00,9.299,3.505,1.446,0,0
445580,0,-0.09,0.00,9.323,3.505,1.484,0,0
445632,0,-0.09,0.00,9.309,3.390,1.456,0,0
445683,0,-0.09,0.00,9.313,3.467,1.465,0,0
445735,0,-0.09,0.00,9.313,3.433,1.432,0,0
445786,0,-0.09,0.00,9.270,3.424,1.441,0,0
445838,0,-0.13,0.00,9.376,3.486,1.441,0,0
445890,0,-0.11,0.00,9.333,3.457,1.465,0,0
445941,0,-0.11,0.00,9.328,3.443,1.446,0,0
445993,0,-0.11,0.00,9.347,3.476,1.422,0,0
446044,0,-0.11,0.00,9.333,3.433,1.403,0,0
446096,0,-0.10,0.00,9.328,3.448,1.499,0,0
446148,0,-0.09,0.00,9.318,3.424,1.451,0,0
446199,0,-0.07,0.00,9.333,3.438,1.403,0,0
446251,0,-0.05,0.52,9.361,3.496,1.460,0,0
446302,0,-0.05,0.00,9.337,3.472,1.480,0,0
446353,0,-0.08,-1.38,9.309,3.438,1.427,0,0
446407,0,-0.07,0.19,9.323,3.457,1.360,0,0
446457,0,-0.07,0.00,9.371,3.433,1.417,0,0
446507,0,-0.09,0.56,9.294,3.409,1.427,0,0
446560,0,-0.09,0.00,9.347,3.438,1.451,0,0
446611,0,-0.08,0.00,9.357,3.496,1.413,0,0
446662,0,-0.08,0.00,9.309,3.510,1.393,0,0
446713,0,-0.10,0.00,9.313,3.438,1.422,0,0
446765,0,-0.08,0.00,9.337,3.472,1.451,0,0
446816,0,-0.07,0.00,9.352,3.433,1.432,0,0
446868,0,-0.11,-1.34,9.285,3.428,1.446,0,0
446920,0,-0.11,0.00,9.337,3.529,1.437,0,0
446971,0,-0.11,0.00,9.304,3.467,1.355,0,0
447023,0,-0.11,0.00,9.342,3.558,1.408,0,0
447074,0,-0.11,0.00,9.304,3.524,1.451,0,0
447126,0,-0.13,-0.82,9.294,3.452,1.422,0,0
447178,0,-0.13,0.00,9.313,3.486,1.422,0,0
447229,0,-0.14,-0.48,9.333,3.448,1.417,0,0
447281,0,-0.15,-0.52,9.280,3.519,1.427,0,0
447332,0,-0.14,0.00,9.347,3.558,1.365,0,0
447384,0,-0.16,-1.45,9.261,3.505,1.374,0,0
447435,0,-0.18,-0.56,9.347,3.534,1.446,0,0
447485,0,-0.18,0.00,9.328,3.476,1.460,0,0
447536,0,-0.23,-1.39,9.318,3.462,1.427,0,0
447586,0,-0.23,0.00,9.323,3.534,1.408,0,0
447638,0,-0.21,0.48,9.299,3.500,1.413,0,0
447689,0,-0.20,0.00,9.290,3.486,1.398,0,0
447741,0,-0.19,0.00,9.357,3.505,1.374,0,0
447792,0,-0.17,0.48,9.318,3.496,1.427,0,0
447844,0,-0.16,0.00,9.318,3.567,1.499,0,0
447896,0,-0.20,0.48,9.299,3.452,1.427,0,0
447947,0,-0.18,0.00,9.280,3.524,1.403,0,0
447999,0,-0.17,0.52,9.333,3.515,1.408,0,0
448050,0,-0.17,0.00,9.309,3.510,1.441,0,0
448102,0,-0.19,0.00,9.313,3.515,1.451,0,0
448154,0,-0.18,0.56,9.323,3.543,1.437,0,0
448205,0,-0.23,0.00,9.337,3.553,1.451,0,0
448257,0,-0.23,0.00,9.318,3.491,1.422,0,0
448307,0,-0.23,0.00,9.294,3.462,1.451,0,0
448359,0,-0.21,0.56,9.352,3.519,1.398,0,0
448409,0,-0.21,0.00,9.285,3.500,1.437,0,0
448480,0,-0.20,0.14,9.194,3.754,1.413,0,0
448530,0,-0.19,0.56,9.457,3.706,1.336,0,0
448582,0,-0.17,0.00,9.409,3.103,1.269,0,0
448634,0,-0.21,0.00,9.357,3.170,1.705,0,0
448684,0,-0.21,0.00,9.275,3.299,1.906,0,0
448735,0,-0.21,0.00,9.256,3.400,1.652,0,0
448787,0,-0.21,0.00,9.448,3.438,1.259,0,0
448836,0,-0.19,0.00,9.385,3.457,1.183,0,0
448888,0,-0.19,0.00,9.361,3.467,1.355,0,0
448939,0,-0.21,-0.56,9.443,3.261,1.489,0,0
448991,0,-0.24,-1.23,9.424,3.012,1.652,0,0
449042,0,-0.25,0.00,9.376,2.763,1.882,0,0
449094,0,-0.27,-0.56,9.313,2.911,1.978,0,0
449146,0,-0.27,0.00,9.409,3.256,1.805,0,0
449197,0,-0.27,0.00,9.519,3.381,1.480,0,0
449249,0,-0.25,0.56,9.500,3.270,1.302,0,0
449300,0,-0.30,0.00,9.548,3.050,1.312,0,0
449351,0,-0.30,0.00,9.390,2.911,1.681,0,0
449401,0,-0.30,0.00,9.246,2.978,1.944,0,0
449451,0,-0.29,0.54,9.414,2.902,1.944,0,0
449501,0,-0.29,0.00,9.495,2.931,1.671,0,0
449552,0,-0.26,0.56,9.491,2.887,1.542,0,0
449603,0,-0.30,-1.45,9.452,3.021,1.681,0,0
449655,0,-0.30,0.00,9.395,3.065,1.853,0,0
449706,0,-0.27,0.48,9.500,3.036,1.738,0,0
449758,0,-0.26,0.52,9.486,3.055,1.532,0,0
449810,0,-0.25,0.00,9.467,3.036,1.542,0,0
449861,0,-0.25,0.00,9.476,2.878,1.575,0,0
449913,0,-0.23,0.00,9.471,2.729,1.820,0,0
449964,0,-0.22,0.00,9.376,2.887,1.958,0,0
450016,0,-0.20,0.00,9.476,2.983,1.652,0,0
450068,0,-0.23,-0.88,9.505,3.007,1.489,0,0
450119,0,-0.23,0.00,9.452,2.950,1.690,0,0
450171,0,-0.21,0.00,9.433,2.883,1.767,0,0
450221,0,-0.21,0.00,9.491,2.921,1.690,0,0
450273,0,-0.22,0.56,9.462,3.060,1.595,0,0
450324,0,-0.21,0.52,9.424,3.103,1.575,0,0
450376,0,-0.21,0.00,9.404,3.060,1.623,0,0
450426,0,-0.19,0.00,9.467,2.983,1.776,0,0
450477,0,-0.18,0.56,9.347,2.964,1.815,0,0
450532,0,-0.15,0.37,9.500,3.098,1.690,0,0
450584,0,-0.17,0.00,9.481,3.223,1.513,0,0
450636,0,-0.16,0.48,9.390,3.232,1.393,0,0
450686,0,-0.16,0.00,9.414,3.189,1.494,0,0
450737,0,-0.15,0.00,9.414,3.175,1.595,0,0
450789,0,-0.15,0.00,9.414,3.127,1.585,0,0
450841,0,-0.13,0.48,9.380,3.189,1.599,0,0
450892,0,-0.17,-1.34,9.414,3.290,1.561,0,0
450944,0,-0.17,0.00,9.419,3.390,1.475,0,0
450995,0,-0.16,0.48,9.462,3.409,1.451,0,0
451047,0,-0.19,0.00,9.443,3.256,1.504,0,0
451099,0,-0.19,0.00,9.400,3.093,1.647,0,0
451150,0,-0.21,-0.52,9.395,3.156,1.657,0,0
451202,0,-0.23,0.00,9.409,3.309,1.528,0,0
451253,0,-0.18,1.79,9.428,3.218,1.360,0,0
451305,0,-0.19,0.00,9.419,3.074,1.432,0,0
451357,0,-0.17,0.45,9.361,2.978,1.494,0,0
451407,0,-0.17,0.00,9.443,2.959,1.633,0,0
451457,0,-0.20,0.00,9.390,2.988,1.614,0,0
451508,0,-0.20,0.00,9.400,3.223,1.398,0,0
451557,0,-0.20,0.00,9.510,3.510,1.211,0,0
451608,0,-0.20,0.00,9.419,3.280,1.130,0,0
451659,0,-0.20,0.00,9.342,3.270,1.360,0,0
451711,0,-0.17,0.52,9.414,3.275,1.398,0,0
451763,0,-0.19,-0.52,9.380,3.232,1.307,0,0
451814,0,-0.20,0.00,9.275,3.304,1.255,0,0
451866,0,-0.21,-0.52,9.424,3.500,1.159,0,0
451917,0,-0.21,0.00,9.438,3.625,1.120,0,0
451969,0,-0.19,1.86,9.400,3.620,1.101,0,0
452021,0,-0.22,-1.34,9.404,3.462,1.149,0,0
452072,0,-0.22,0.00,9.409,3.338,1.274,0,0
452124,0,-0.22,0.00,9.376,3.237,1.422,0,0
452175,0,-0.21,0.00,9.328,3.371,1.341,0,0
452227,0,-0.21,0.00,9.376,3.419,1.221,0,0
452279,0,-0.21,0.00,9.438,3.467,1.240,0,0
452329,0,-0.21,0.00,9.400,3.424,1.379,0,0
452378,0,-0.21,0.00,9.323,3.448,1.475,0,0
452429,0,-0.22,-0.56,9.333,3.275,1.441,0,0
452479,0,-0.22,0.00,9.380,3.361,1.446,0,0
452529,0,-0.22,0.00,9.371,3.352,1.403,0,0
452582,0,-0.22,0.00,9.371,3.318,1.403,0,0
452634,0,-0.24,0.00,9.371,3.294,1.398,0,0
452685,0,-0.24,0.00,9.371,3.323,1.441,0,0
452736,0,-0.25,-0.48,9.376,3.409,1.480,0,0
452787,0,-0.25,0.00,9.361,3.342,1.393,0,0
452839,0,-0.23,1.30,9.380,3.419,1.346,0,0
452891,0,-0.24,-0.48,9.357,3.405,1.307,0,0
452942,0,-0.24,0.00,9.357,3.390,1.326,0,0
452994,0,-0.22,0.74,9.357,3.357,1.413,0,0
453045,0,-0.23,-0.52,9.342,3.376,1.499,0,0
453097,0,-0.26,0.00,9.328,3.347,1.446,0,0
453149,0,-0.29,-1.01,9.414,3.428,1.369,0,0
453200,0,-0.25,0.00,9.342,3.390,1.346,0,0
453252,0,-0.27,-0.52,9.323,3.385,1.432,0,0
453303,0,-0.26,0.00,9.395,3.419,1.480,0,0
453355,0,-0.24,0.00,9.323,3.395,1.422,0,0
453405,0,-0.21,1.45,9.361,3.419,1.460,0,0
453455,0,-0.24,0.00,9.390,3.438,1.470,0,0
453506,0,-0.22,1.45,9.342,3.395,1.427,0,0
453556,0,-0.22,0.00,9.333,3.414,1.460,0,0
453606,0,-0.25,-1.01,9.385,3.409,1.432,0,0
453658,0,-0.25,0.00,9.366,3.414,1.484,0,0
453709,0,-0.24,-0.52,9.309,3.361,1.532,0,0
453761,0,-0.24,0.00,9.342,3.299,1.489,0,0
453812,0,-0.24,0.00,9.371,3.366,1.427,0,0
453864,0,-0.25,0.00,9.380,3.347,1.417,0,0
453916,0,-0.22,1.34,9.342,3.266,1.475,0,0
453967,0,-0.25,0.00,9.376,3.366,1.499,0,0
454019,0,-0.25,0.00,9.404,3.371,1.518,0,0
454070,0,-0.25,0.00,9.371,3.342,1.499,0,0
454122,0,-0.27,-0.52,9.390,3.323,1.504,0,0
454173,0,-0.27,0.00,9.357,3.314,1.518,0,0
454225,0,-0.28,0.00,9.352,3.280,1.513,0,0
454277,0,-0.27,0.48,9.414,3.333,1.484,0,0
454354,0,-0.27,0.26,9.400,3.285,1.504,0,0
454404,0,-0.27,0.00,9.400,3.342,1.528,0,0
454454,0,-0.27,0.00,9.380,3.247,1.508,0,0
454505,0,-0.25,0.56,9.333,3.251,1.446,0,0
454555,0,-0.29,0.00,9.419,3.290,1.470,0,0
454605,0,-0.28,0.48,9.361,3.251,1.508,0,0
454656,0,-0.28,0.00,9.380,3.251,1.537,0,0
454708,0,-0.31,-1.45,9.409,3.261,1.518,0,0
454757,0,-0.28,0.00,9.395,3.261,1.494,0,0
454809,0,-0.26,1.34,9.409,3.194,1.494,0,0
454860,0,-0.30,0.00,9.419,3.227,1.528,0,0
454912,0,-0.30,0.00,9.376,3.208,1.508,0,0
454963,0,-0.31,-0.52,9.395,3.247,1.494,0,0
455015,0,-0.31,0.00,9.443,3.151,1.451,0,0
455064,0,-0.30,0.00,9.414,3.232,1.580,0,0
455116,0,-0.33,0.00,9.395,3.175,1.585,0,0
455166,0,-0.35,-0.48,9.385,3.151,1.508,0,0
455218,0,-0.35,0.00,9.448,3.170,1.460,0,0
455269,0,-0.38,-0.52,9.390,3.117,1.518,0,0
455321,0,-0.39,0.00,9.400,3.151,1.599,0,0
455372,0,-0.39,0.00,9.404,3.194,1.604,0,0
455423,0,-0.44,-1.97,9.376,3.194,1.518,0,0
455473,0,-0.42,0.00,9.409,3.184,1.465,0,0
455524,0,-0.43,-0.60,9.443,3.251,1.484,0,0
455576,0,-0.45,-0.84,9.424,3.189,1.532,0,0
455627,0,-0.45,0.00,9.357,3.270,1.532,0,0
455679,0,-0.45,0.00,9.390,3.275,1.484,0,0
455730,0,-0.45,0.00,9.380,3.184,1.484,0,0
455782,0,-0.43,0.52,9.385,3.266,1.590,0,0
455834,0,-0.43,0.00,9.385,3.232,1.537,0,0
455885,0,-0.43,0.00,9.395,3.290,1.437,0,0
455937,0,-0.38,0.00,9.433,3.304,1.417,0,0
455988,0,-0.36,0.00,9.361,3.270,1.484,0,0
456040,0,-0.38,0.00,9.361,3.294,1.547,0,0
456092,0,-0.33,1.86,9.404,3.294,1.513,0,0
456142,0,-0.34,-0.52,9.376,3.294,1.446,0,0
456193,0,-0.35,0.00,9.404,3.304,1.470,0,0
456245,0,-0.37,0.00,9.380,3.270,1.513,0,0
456294,0,-0.38,-0.52,9.333,3.290,1.551,0,0
456346,0,-0.38,0.00,9.380,3.314,1.494,0,0
456400,0,-0.33,0.76,9.395,3.285,1.422,0,0
456450,0,-0.34,0.00,9.404,3.285,1.499,0,0
456500,0,-0.34,0.00,9.390,3.323,1.604,0,0
456550,0,-0.33,0.00,9.352,3.285,1.537,0,0
456601,0,-0.32,0.52,9.376,3.285,1.465,0,0
456652,0,-0.32,0.00,9.400,3.261,1.460,0,0
456704,0,-0.30,0.00,9.361,3.227,1.547,0,0
456755,0,-0.30,0.00,9.371,3.247,1.547,0,0
456807,0,-0.30,-0.48,9.395,3.280,1.528,0,0
456859,0,-0.27,1.30,9.395,3.285,1.547,0,0
456910,0,-0.28,0.00,9.409,3.275,1.528,0,0
456962,0,-0.27,0.00,9.366,3.194,1.532,0,0
457013,0,-0.27,0.00,9.371,3.294,1.571,0,0
457065,0,-0.30,-0.82,9.409,3.290,1.595,0,0
457117,0,-0.29,0.52,9.342,3.218,1.518,0,0
457168,0,-0.29,0.48,9.395,3.232,1.556,0,0
457220,0,-0.29,0.00,9.395,3.304,1.614,0,0
457271,0,-0.28,0.00,9.361,3.170,1.504,0,0
457322,0,-0.30,-0.82,9.395,3.247,1.470,0,0
457373,0,-0.30,0.00,9.428,3.232,1.537,0,0
457424,0,-0.28,0.56,9.347,3.189,1.566,0,0
457474,0,-0.27,0.00,9.395,3.223,1.556,0,0
457525,0,-0.24,0.56,9.428,3.285,1.513,0,0
457577,0,-0.24,0.00,9.371,3.294,1.513,0,0
457628,0,-0.23,0.48,9.424,3.247,1.508,0,0
457680,0,-0.27,0.00,9.380,3.199,1.513,0,0
457731,0,-0.25,0.52,9.390,3.232,1.547,0,0
457783,0,-0.25,0.00,9.390,3.237,1.580,0,0
457835,0,-0.24,0.00,9.395,3.213,1.504,0,0
457886,0,-0.22,0.00,9.400,3.208,1.494,0,0
457938,0,-0.21,0.56,9.380,3.280,1.623,0,0
457989,0,-0.23,-0.86,9.380,3.232,1.561,0,0
458041,0,-0.23,0.52,9.395,3.285,1.451,0,0
458092,0,-0.25,-0.52,9.433,3.280,1.437,0,0
458144,0,-0.23,0.00,9.371,3.184,1.499,0,0
458196,0,-0.22,0.00,9.371,3.189,1.585,0,0
458246,0,-0.22,0.00,9.400,3.208,1.547,0,0
458298,0,-0.22,0.00,9.385,3.256,1.484,0,0
458349,0,-0.24,0.00,9.414,3.304,1.489,0,0
458402,0,-0.23,0.00,9.376,3.208,1.480,0,0
458460,0,-0.23,0.00,9.400,3.242,1.508,0,0
458510,0,-0.24,-0.52,9.409,3.247,1.556,0,0
458560,0,-0.25,0.00,9.395,3.208,1.475,0,0
458611,0,-0.27,-0.52,9.419,3.270,1.456,0,0
458662,0,-0.27,0.00,9.361,3.160,1.537,0,0
458713,0,-0.27,0.00,9.400,3.223,1.580,0,0
458765,0,-0.29,0.00,9.428,3.242,1.475,0,0
458817,0,-0.29,0.00,9.357,3.165,1.460,0,0
458868,0,-0.29,0.00,9.385,3.270,1.504,0,0
458920,0,-0.29,0.48,9.390,3.270,1.504,0,0
458971,0,-0.30,-0.52,9.433,3.223,1.456,0,0
459023,0,-0.33,0.00,9.419,3.261,1.441,0,0
459075,0,-0.33,-0.52,9.400,3.237,1.532,0,0
459126,0,-0.32,0.00,9.395,3.136,1.532,0,0
459178,0,-0.34,-0.48,9.376,3.175,1.532,0,0
459229,0,-0.33,0.48,9.448,3.352,1.499,0,0
459281,0,-0.38,0.00,9.433,3.491,1.437,0,0
459332,0,-0.40,-0.56,9.380,3.242,1.393,0,0
459384,0,-0.40,0.00,9.323,3.007,1.499,0,0
459435,0,-0.41,-1.97,9.424,3.218,1.705,0,0
459485,0,-0.41,0.00,9.428,3.199,1.609,0,0
459536,0,-0.41,0.00,9.347,3.098,1.417,0,0
459586,0,-0.40,0.45,9.452,3.299,1.451,0,0
459635,0,-0.40,0.00,9.390,3.270,1.480,0,0
459687,0,-0.40,0.00,9.323,3.199,1.494,0,0
459738,0,-0.40,0.00,9.457,3.270,1.547,0,0
459790,0,-0.43,-0.97,9.404,3.232,1.475,0,0
459841,0,-0.40,1.34,9.400,3.223,1.547,0,0
459893,0,-0.42,0.00,9.400,3.199,1.556,0,0
459942,0,-0.40,0.45,9.414,3.275,1.528,0,0
459994,0,-0.40,0.00,9.400,3.285,1.451,0,0
460045,0,-0.40,0.00,9.371,3.285,1.484,0,0
460097,0,-0.40,0.00,9.395,3.218,1.489,0,0
460148,0,-0.42,0.00,9.404,3.218,1.551,0,0
460199,0,-0.42,0.00,9.400,3.314,1.585,0,0
460250,0,-0.43,-0.78,9.366,3.261,1.460,0,0
460302,0,-0.39,1.30,9.409,3.338,1.441,0,0
460354,0,-0.38,0.00,9.390,3.270,1.465,0,0
460403,0,-0.41,0.00,9.333,3.237,1.542,0,0
460454,0,-0.41,0.00,9.414,3.338,1.566,0,0
460508,0,-0.43,-0.19,9.357,3.256,1.499,0,0
460558,0,-0.44,0.00,9.409,3.333,1.508,0,0
460610,0,-0.44,0.00,9.404,3.285,1.494,0,0
460660,0,-0.44,0.00,9.371,3.285,1.532,0,0
460711,0,-0.43,0.00,9.376,3.275,1.547,0,0
460763,0,-0.41,0.00,9.342,3.261,1.499,0,0
460815,0,-0.45,0.00,9.385,3.280,1.494,0,0
460866,0,-0.45,0.00,9.404,3.261,1.504,0,0
460918,0,-0.45,0.00,9.366,3.213,1.580,0,0
460969,0,-0.42,1.01,9.380,3.199,1.580,0,0
461021,0,-0.42,0.00,9.395,3.275,1.513,0,0
461073,0,-0.42,0.00,9.414,3.218,1.446,0,0
461124,0,-0.41,0.48,9.380,3.232,1.518,0,0
461176,0,-0.41,0.00,9.404,3.218,1.575,0,0
461227,0,-0.41,0.00,9.400,3.218,1.542,0,0
461279,0,-0.39,0.00,9.400,3.199,1.532,0,0
461331,0,-0.39,0.00,9.390,3.175,1.518,0,0
461383,0,-0.39,0.00,9.428,3.203,1.528,0,0
461433,0,-0.39,0.00,9.385,3.223,1.532,0,0
461483,0,-0.39,0.00,9.424,3.285,1.508,0,0
461534,0,-0.38,0.56,9.462,3.199,1.437,0,0
461585,0,-0.40,0.00,9.400,3.156,1.499,0,0
461636,0,-0.37,1.04,9.361,3.189,1.595,0,0
461687,0,-0.33,0.52,9.404,3.199,1.537,0,0
461739,0,-0.32,0.48,9.390,3.218,1.427,0,0
461791,0,-0.31,0.00,9.438,3.175,1.446,0,0
461842,0,-0.28,0.56,9.395,3.170,1.561,0,0
461894,0,-0.28,0.00,9.395,3.084,1.604,0,0
461945,0,-0.25,0.48,9.390,3.309,1.633,0,0
461997,0,-0.22,1.04,9.486,3.673,1.460,0,0
462049,0,-0.25,0.00,9.538,3.203,1.154,0,0
462100,0,-0.25,0.00,9.294,3.041,1.140,0,0
462152,0,-0.25,0.00,9.395,2.787,1.417,0,0
462203,0,-0.25,0.00,9.313,3.103,1.772,0,0
462255,0,-0.23,0.52,9.385,3.247,1.652,0,0
462307,0,-0.28,-1.83,9.491,3.290,1.427,0,0
462357,0,-0.28,0.00,9.438,3.199,1.389,0,0
462407,0,-0.28,0.00,9.634,3.112,1.293,0,0
462457,0,-0.28,0.00,11.487,5.473,0.321,0,0
462508,0,-0.30,0.00,10.908,4.420,1.207,0,0
462561,0,-0.31,-0.19,8.562,1.724,2.844,0,0
462613,0,-0.31,0.52,9.213,1.092,4.003,0,0
462664,0,-0.31,0.00,10.884,2.164,4.247,0,0
462715,0,-0.32,-0.52,10.697,2.217,4.305,0,0
462766,0,-0.36,-1.19,10.252,1.413,4.027,0,0
462818,0,-0.36,0.00,9.941,1.207,3.371,0,0
462869,0,-0.34,0.52,9.859,0.948,2.892,0,0
462921,0,-0.34,0.00,9.625,0.393,2.131,0,0
462973,0,-0.33,0.00,8.988,0.086,1.762,0,0
463024,0,-0.32,0.00,9.098,-0.335,1.451,0,0
463076,0,-0.30,0.00,9.141,-0.704,1.149,0,0
463127,0,-0.29,0.48,9.031,-1.192,0.939,0,0
463179,0,-0.29,0.00,9.079,-1.537,1.235,0,0
463231,0,-0.27,0.00,9.170,-1.575,1.322,0,0
463282,0,-0.29,0.00,9.151,-2.126,1.307,0,0
463334,0,-0.25,0.00,9.366,-1.231,1.403,0,0
463386,0,-0.25,0.00,9.510,-1.432,1.116,0,0
463436,0,-0.25,0.00,9.807,-1.748,0.943,0,0
463487,0,-0.25,-0.56,10.281,-1.346,0.934,0,0
463537,0,-0.20,2.01,9.946,-0.704,1.360,0,0
463589,0,-0.20,0.00,9.304,-0.962,0.910,0,0
463640,0,-0.18,0.88,9.529,-1.001,0.694,0,0
463691,0,-0.18,0.00,9.462,-1.168,0.010,0,0
463742,0,-0.18,0.00,9.831,-1.097,-0.115,0,0
463794,0,-0.18,0.00,10.214,-1.604,-0.330,0,0
463846,0,-0.16,1.34,11.066,-2.054,0.124,0,0
463897,0,-0.19,-1.01,11.961,-2.035,1.202,0,0
463949,0,-0.18,0.82,12.943,-1.614,1.379,0,0
464000,0,-0.19,-0.56,12.186,-1.590,0.910,0,0
464052,0,-0.16,0.00,11.416,-0.646,-0.594,0,0
464104,0,-0.15,0.82,11.372,0.522,-1.844,0,0
464155,0,-0.16,0.00,10.396,-0.182,-2.337,0,0
464207,0,-0.12,0.00,10.132,0.450,-1.480,0,0
464258,0,-0.12,0.00,10.137,-0.110,-1.437,0,0
464354,0,-0.07,0.30,8.389,0.134,-1.073,0,0
464404,0,-0.07,0.00,8.643,0.239,-0.532,0,0
464454,0,-0.03,0.00,8.384,0.646,-1.087,0,0
464505,0,0.02,1.45,8.758,1.513,-0.919,0,0
464555,0,0.02,0.00,9.246,1.781,-0.656,0,0
464605,0,0.02,0.00,9.481,2.289,0.407,0,0
464657,0,0.02,0.00,9.835,2.557,1.168,0,0
464708,0,0.03,0.84,9.850,2.682,1.456,0,0
464760,0,0.01,-0.52,9.946,1.944,1.216,0,0
464811,0,-0.00,0.00,9.491,0.900,0.838,0,0
464863,0,0.01,0.00,9.160,0.905,0.881,0,0
464915,0,0.03,0.84,7.570,0.235,0.848,0,0
464966,0,0.02,0.00,6.900,-1.346,1.480,0,0
465018,0,0.02,0.00,6.048,-1.595,3.012,0,0
465069,0,0.06,0.00,6.144,-4.472,2.164,0,0
465121,0,0.04,-0.54,7.221,-3.127,1.887,0,0
465173,0,0.03,0.00,7.580,-3.012,-0.034,0,0
465224,0,0.03,-0.54,9.572,-3.994,-1.705,0,0
465276,0,0.02,-0.20,10.793,-1.226,-2.480,0,0
465326,0,-0.01,-0.99,11.957,-1.791,-3.409,0,0
465375,0,-0.02,0.00,14.389,1.992,-3.361,0,0
465785,1,-0.04,-0.20,14.303,4.094,-2.112,0,0
465812,1,-0.06,-0.04,9.136,2.729,-3.970,0,0
465864,1,0.98,41.72,9.816,3.160,-4.338,0,0
465916,1,2.04,39.26,9.625,2.638,-4.367,0,0
465966,1,3.07,37.91,9.007,2.102,-3.232,0,0
466017,1,4.02,35.25,7.910,2.160,-2.337,0,0
466069,1,5.00,0.00,7.657,1.968,-2.619,0,0
466121,1,7.05,38.95,8.059,1.925,-2.739,0,0
466172,1,8.10,0.00,8.571,2.614,-2.840,0,0
466225,1,8.70,13.25,8.543,2.634,-2.160,0,0
466276,1,8.13,-20.93,8.260,2.796,-1.719,0,0
466328,1,9.29,0.00,7.867,3.424,-1.551,0,0
466380,1,11.19,32.75,8.174,1.839,-1.997,0,0
466430,1,11.99,31.89,8.739,1.226,-2.169,0,0
466480,1,12.70,0.00,9.352,1.762,-1.997,0,0
466531,1,14.05,27.33,9.606,2.045,-1.753,0,0
466580,1,14.66,24.45,10.065,1.571,-1.451,0,0
466632,1,13.74,0.00,10.506,1.700,-1.077,0,0
467454,2,3.22,-11.30,9.706,2.672,-1.360,0,0
467531,2,2.84,-4.99,9.582,2.562,-1.484,0,0
469746,3,2.22,-0.43,9.467,-0.421,-2.303,0,0
469755,3,6.22,5.36,9.989,0.148,-1.044,0,0
469805,3,5.86,-13.49,10.108,-0.005,-0.508,0,0
469856,3,5.53,0.00,9.764,-0.077,-0.488,0,0
469908,3,4.90,-12.23,10.060,-0.177,-0.350,0,0
469960,3,4.62,0.00,10.611,-0.891,-0.311,0,0
470011,3,4.10,-9.99,10.932,-1.164,-0.934,0,0
470063,3,3.86,-8.74,11.344,-1.647,-0.838,0,0
470114,3,3.43,-9.24,10.894,-0.709,-0.340,0,0
470166,3,3.23,-7.30,9.950,-3.314,-0.809,0,0
470218,3,3.04,0.00,10.391,-1.274,-0.958,0,0
470269,3,2.76,-5.05,9.208,-2.049,-0.053,0,0
470321,3,2.59,-6.37,8.863,-2.643,-0.383,0,0
470372,3,2.35,-5.05,8.279,-2.011,-0.843,0,0
470423,3,2.22,-5.43,9.409,-1.001,-1.283,0,0
470473,3,2.14,0.00,9.443,-0.776,-1.805,0,0
470524,3,1.95,-3.98,9.912,-0.809,-1.365,0,0
470576,3,1.80,-5.97,10.338,-0.053,-0.627,0,0
470627,3,1.73,0.00,10.214,0.038,0.431,0,0
470679,3,1.57,-3.19,10.927,-0.029,0.804,0,0
470730,3,1.53,-1.47,11.483,0.373,1.384,0,0
470781,3,1.43,-3.69,10.683,0.450,1.336,0,0
470832,3,1.38,0.00,10.836,1.279,2.045,0,0
470884,3,1.29,-0.80,9.409,0.536,1.839,0,0
470935,3,1.27,-0.86,9.093,1.336,2.370,0,0
470987,3,1.23,-0.86,9.328,1.374,0.541,0,0
471039,3,1.18,-2.16,9.400,1.015,1.652,0,0
471090,3,1.16,0.00,8.782,1.867,1.245,0,0
471142,3,1.13,-0.82,9.773,1.757,1.662,0,0
471193,3,1.10,-0.88,9.792,1.355,1.757,0,0
471245,3,1.07,-0.32,10.329,0.618,1.561,0,0
471297,3,1.05,-0.84,11.444,1.566,1.269,0,0
471348,3,1.01,0.00,10.726,0.670,1.183,0,0
471401,3,1.00,-0.89,10.673,1.580,1.901,0,0
471451,3,0.97,-1.28,8.140,0.048,1.523,0,0
471501,3,0.97,0.00,9.984,1.657,1.082,0,0
471552,3,0.92,-0.93,9.692,0.622,0.886,0,0
471603,3,0.92,0.00,9.505,1.250,1.336,0,0
471655,3,0.90,0.50,9.227,0.843,1.149,0,0
471705,3,0.90,0.00,9.376,0.862,0.996,0,0
471761,3,0.89,-0.11,9.969,0.704,0.862,0,0
471811,3,0.86,-1.36,10.027,0.996,1.341,0,0
471862,3,0.82,-1.30,10.439,0.876,1.307,0,0
471914,3,0.82,0.00,10.908,0.819,0.584,0,0
471963,3,0.78,0.00,11.904,1.705,0.757,0,0
472015,3,0.80,0.00,10.491,3.012,1.915,0,0
472066,3,0.76,-1.45,8.313,1.733,1.647,0,0
472118,3,0.78,0.00,8.337,1.087,1.422,0,0
472169,3,0.78,0.00,8.384,0.115,0.441,0,0
472221,3,0.78,0.00,8.935,0.043,0.311,0,0
472273,3,0.79,0.52,9.251,-0.603,-0.148,0,0
472324,3,0.78,0.00,10.008,-0.579,-0.742,0,0
472376,3,0.76,-0.54,11.693,0.843,-0.977,0,0
472426,3,0.75,-0.54,12.321,0.680,-0.800,0,0
472477,3,0.75,0.00,11.688,0.148,-1.125,0,0
472527,3,0.72,-0.56,11.439,1.542,-1.460,0,0
472579,3,0.68,-1.49,9.069,0.402,-1.322,0,0
472631,3,0.69,0.00,8.198,-2.313,-2.188,0,0
472682,3,0.66,-0.22,9.112,-0.886,-3.012,0,0
472733,3,0.60,-2.03,7.973,-2.705,-3.491,0,0
472784,3,0.60,-0.17,8.183,-2.346,-3.338,0,0
472836,3,0.59,0.00,7.800,-3.108,-3.400,0,0
472887,3,0.54,-0.67,8.112,-2.729,-3.448,0,0
472939,3,0.49,-1.73,8.772,-2.916,-3.649,0,0
472991,3,0.46,-1.21,8.830,-3.270,-3.740,0,0
473042,3,0.45,-0.42,9.558,-3.625,-4.386,0,0
473094,3,0.41,0.00,8.260,-3.548,-5.861,0,0
473146,3,0.39,-1.21,8.701,-3.041,-4.424,0,0
473197,3,0.39,0.00,7.796,-2.447,-4.065,0,0
473249,3,0.36,-1.19,8.317,-2.921,-4.444,0,0
473300,3,0.38,0.65,8.696,-2.265,-3.697,0,0
473352,3,0.31,-2.07,8.815,-2.203,-2.763,0,0
473402,3,0.36,-0.74,9.002,-2.294,-2.825,0,0
473452,3,0.37,1.43,9.902,-0.996,-3.539,0,0
473503,3,0.36,-1.59,10.889,-0.876,-3.764,0,0
473553,3,0.40,0.32,11.746,-1.939,-3.701,0,0
473603,3,0.41,0.32,11.238,-1.652,-3.098,0,0
473654,3,0.45,1.60,9.625,-1.226,-3.151,0,0
473706,3,0.45,0.00,8.629,-1.499,-1.911,0,0
473758,3,0.41,-0.73,8.471,-1.647,-3.256,0,0
473812,3,0.39,-0.32,8.835,-1.240,-3.807,0,0
473862,3,0.39,0.00,8.543,-1.432,-3.797,0,0
473914,3,0.40,-0.76,8.140,-1.216,-3.122,0,0
473965,3,0.39,-0.32,8.705,-1.116,-3.567,0,0
474017,3,0.37,-0.71,9.079,-0.848,-3.606,0,0
474068,3,0.36,-0.17,9.457,-0.249,-4.401,0,0
474120,3,0.35,0.00,10.142,-0.608,-4.223,0,0
474172,3,0.35,-0.19,10.630,0.091,-5.248,0,0
474223,3,0.34,0.00,10.113,0.206,-5.047,0,0
474275,3,0.32,-0.69,8.696,0.570,-3.299,0,0
474326,3,0.30,-0.67,8.226,-0.072,-3.299,0,0
474378,3,0.28,-0.19,8.250,-0.498,-3.189,0,0
474429,3,0.27,-0.22,8.198,-0.910,-2.768,0,0
474479,3,0.22,0.00,8.442,-0.915,-2.365,0,0
474529,3,0.22,0.36,9.596,-0.330,-2.198,0,0
474581,3,0.21,-0.22,9.227,-1.120,-2.782,0,0
474633,3,0.22,0.00,10.113,-0.081,-2.126,0,0
474685,3,0.20,-0.20,9.826,-0.828,-4.118,0,0
474736,3,0.21,0.34,11.195,-1.063,-3.802,0,0
474788,3,0.18,-1.01,10.999,-0.852,-3.807,0,0
474838,3,0.21,1.34,10.563,0.383,-2.691,0,0
474887,3,0.18,0.36,9.692,-0.709,-0.560,0,0
474939,3,0.18,-0.19,9.476,0.105,0.115,0,0
474990,3,0.17,0.00,9.414,1.743,0.781,0,0
475042,3,0.16,-0.32,8.748,0.512,0.656,0,0
475093,3,0.13,0.00,8.945,1.106,1.058,0,0
475145,3,0.14,-0.19,9.562,0.594,0.326,0,0
475197,3,0.11,-1.11,10.075,0.503,0.091,0,0
475248,3,0.13,0.00,11.243,0.876,0.168,0,0
475300,3,0.11,-0.52,11.104,-0.766,0.321,0,0
475351,3,0.11,0.00,11.487,2.638,1.274,0,0
475401,3,0.09,0.34,8.490,0.263,1.336,0,0
475452,3,0.10,0.32,9.538,-0.488,0.757,0,0
475502,3,0.07,0.00,9.529,-0.321,0.713,0,0
475552,3,0.08,0.91,9.155,-0.182,0.345,0,0
475604,3,0.06,-1.02,8.921,-1.001,0.412,0,0
475655,3,0.05,0.00,9.385,-1.604,0.124,0,0
475706,3,0.05,-0.19,9.807,-1.676,0.081,0,0
475757,3,0.01,0.32,10.266,-1.872,-0.034,0,0
475809,3,0.01,-0.17,11.387,-1.705,0.038,0,0
475862,3,0.01,0.06,12.277,-2.648,-0.464,0,0
475913,3,0.01,0.00,10.989,3.002,1.221,0,0
475964,3,-0.03,-1.53,8.298,-0.666,1.729,0,0
476015,3,-0.03,0.00,9.692,1.326,1.542,0,0
476067,3,-0.04,-0.19,9.108,0.939,0.330,0,0
476119,3,-0.01,0.00,9.155,0.809,-0.034,0,0
476170,3,-0.03,-0.19,9.261,1.518,-0.393,0,0
476222,3,-0.03,-0.19,9.467,0.618,-0.747,0,0
476273,3,-0.04,0.00,10.022,0.120,-0.211,0,0
476325,3,-0.04,-0.71,10.669,0.350,0.215,0,0
476374,3,-0.03,0.00,11.880,0.139,-0.148,0,0
476425,3,-0.01,0.60,11.406,1.599,0.503,0,0
476475,3,0.01,0.68,9.821,3.074,1.599,0,0
476525,3,0.01,0.00,8.859,2.260,1.216,0,0
476577,3,0.01,-0.42,8.672,1.690,0.771,0,0
476629,3,0.01,0.06,9.304,0.886,0.474,0,0
476680,3,-0.06,-2.55,9.251,0.618,0.694,0,0
476732,3,0.02,0.15,9.179,-0.187,1.135,0,0
476784,3,0.02,0.00,10.285,0.469,1.451,0,0
476834,3,0.03,0.13,10.611,0.096,1.609,0,0
476886,3,0.04,0.00,11.564,-0.029,1.911,0,0
476937,3,0.03,0.13,12.196,0.196,1.896,0,0
476989,3,0.03,0.00,12.780,0.340,2.116,0,0
477040,3,0.03,1.14,11.186,1.911,3.074,0,0
477092,3,0.01,-0.69,8.633,0.728,3.045,0,0
477144,3,0.04,0.00,9.251,0.651,2.528,0,0
477195,3,0.01,-0.28,8.772,1.149,1.973,0,0
477247,3,0.01,0.00,8.576,1.470,1.590,0,0
477298,3,0.01,0.32,8.815,1.633,0.733,0,0
477350,3,0.02,0.32,8.873,1.125,0.139,0,0
477400,3,0.04,0.38,9.093,0.934,-0.067,0,0
477450,3,0.05,0.33,9.596,1.197,0.086,0,0
477501,3,0.02,0.00,10.434,1.269,-0.785,0,0
477551,3,0.02,0.22,11.535,1.101,-1.566,0,0
477602,3,0.03,0.34,11.310,2.500,0.034,0,0
477654,3,0.00,0.00,8.404,1.408,0.819,0,0
477705,3,0.04,0.00,8.734,1.762,1.116,0,0
477756,3,0.04,0.00,8.341,0.666,0.781,0,0
477807,3,0.06,-0.50,9.337,0.642,0.656,0,0
477859,3,0.09,0.00,9.586,0.340,0.690,0,0
477913,3,0.12,0.50,10.783,0.469,0.450,0,0
477963,3,0.11,-0.52,11.679,0.340,0.057,0,0
478012,3,0.09,0.00,11.923,0.680,-0.110,0,0
478064,3,0.10,-0.52,12.378,0.900,-0.373,0,0
478115,3,0.14,1.36,11.995,-0.967,-0.388,0,0
478167,3,0.11,-0.56,11.411,2.327,1.709,0,0
478218,3,0.16,1.73,8.016,0.335,2.600,0,0
478270,3,0.15,0.00,9.117,0.924,1.824,0,0
478322,3,0.15,0.82,8.863,0.804,0.795,0,0
478373,3,0.13,-1.02,8.859,1.221,0.350,0,0
478424,3,0.11,-1.11,9.299,0.718,-0.129,0,0
478474,3,0.17,0.88,9.141,0.340,0.139,0,0
478525,3,0.16,1.35,9.213,0.412,-0.062,0,0
478574,3,0.12,0.00,10.185,0.632,0.110,0,0
478626,3,0.12,-0.67,10.965,1.618,0.239,0,0
478677,3,0.10,0.00,11.286,1.762,-0.211,0,0
478729,3,0.08,-1.31,9.898,2.749,1.125,0,0
478781,3,0.11,1.15,9.189,2.825,2.088,0,0
478831,3,0.07,-1.73,8.461,3.189,0.747,0,0
478882,3,0.07,0.00,8.313,2.935,-0.273,0,0
478934,3,0.08,0.16,9.649,2.720,-0.244,0,0
478986,3,0.07,-0.35,10.501,2.854,-0.163,0,0
479037,3,0.06,-0.45,10.180,1.504,-0.622,0,0
479089,3,0.06,0.16,10.616,0.115,-1.250,0,0
479140,3,0.05,0.00,10.865,0.388,-0.962,0,0
479192,3,0.04,0.02,12.143,-0.297,-1.671,0,0
479244,3,0.03,-0.34,11.650,-1.164,-2.495,0,0
479295,3,-0.01,0.15,10.578,-0.297,-2.792,0,0
479347,3,-0.02,-0.34,9.955,0.230,-2.705,0,0
479397,3,-0.02,0.00,8.337,-0.948,-2.729,0,0
479447,3,-0.02,-0.40,8.643,-1.279,-2.184,0,0
479497,3,-0.01,0.68,8.806,-1.705,-2.648,0,0
479548,3,-0.01,0.00,7.992,-3.735,-0.661,0,0
479599,3,-0.01,0.63,8.212,-4.362,-0.709,0,0
479651,3,-0.01,-0.04,8.030,-4.611,-0.225,0,0
479701,3,0.01,0.63,8.715,-4.396,-1.317,0,0
479753,3,-0.02,0.00,9.697,-4.453,-2.217,0,0
479804,3,-0.04,-1.19,9.203,-4.051,-2.480,0,0
479856,3,-0.01,1.12,8.107,-4.621,-3.658,0,0
479907,3,-0.10,-2.17,7.638,-3.955,-3.745,0,0
479961,3,-0.04,0.75,6.120,-4.932,-4.386,0,0
480011,3,-0.06,-0.67,6.642,-5.397,-2.409,0,0
480063,3,-0.06,-0.71,7.374,-5.612,-1.580,0,0
480114,3,-0.03,1.15,8.413,-5.076,-1.369,0,0
480166,3,-0.05,0.00,9.304,-4.946,-1.604,0,0
480217,3,-0.04,0.63,10.525,-4.606,-2.145,0,0
480269,3,-0.06,-0.78,11.190,-3.663,-2.629,0,0
480321,3,-0.10,-0.71,12.421,-4.046,-2.002,0,0
480372,3,-0.08,0.67,10.760,-2.830,-3.170,0,0
480423,3,-0.07,0.00,10.444,-0.867,-1.978,0,0
480473,3,-0.06,0.56,9.017,-0.417,-1.796,0,0
480523,3,-0.07,-0.20,9.036,-1.149,-2.543,0,0
480575,3,-0.07,0.00,8.499,-1.815,-3.314,0,0
480627,3,-0.08,-0.22,8.150,-2.274,-3.424,0,0
480679,3,-0.05,1.15,7.891,-3.481,-3.151,0,0
480730,3,-0.05,0.34,7.800,-4.156,-2.911,0,0
480782,3,-0.05,-0.30,7.982,-4.750,-2.370,0,0
480833,3,-0.02,0.00,9.256,-5.507,-1.786,0,0
480885,3,-0.05,-0.16,9.261,-5.899,-2.284,0,0
480937,3,-0.00,2.68,9.194,-4.152,-4.396,0,0
480987,3,0.01,0.34,9.050,-2.533,-2.471,0,0
481039,3,-0.01,0.00,6.895,-2.456,-2.102,0,0
481090,3,-0.01,0.34,7.523,-3.084,-1.073,0,0
481142,3,0.02,1.14,7.685,-3.869,-1.144,0,0
481193,3,0.02,0.15,8.720,-3.711,-1.369,0,0
481245,3,-0.01,-1.29,9.495,-3.563,-1.489,0,0
481296,3,0.00,0.00,10.444,-3.084,-1.858,0,0
481348,3,-0.03,-0.37,11.152,-2.998,-2.021,0,0
481401,3,-0.06,0.00,12.134,-3.467,-0.919,0,0
481451,3,-0.09,-1.29,11.540,-3.706,-0.599,0,0
481501,3,-0.08,0.04,11.042,-1.207,-0.977,0,0
481551,3,-0.08,0.00,9.989,-0.278,-1.800,0,0
481603,3,-0.11,-1.23,9.433,-0.560,-2.926,0,0
481655,3,-0.12,-0.34,8.169,-2.270,-2.073,0,0
481706,3,-0.12,0.00,8.140,-2.471,-2.998,0,0
481758,3,-0.13,-1.19,7.906,-2.519,-2.830,0,0
481809,3,-0.14,0.00,8.313,-3.275,-2.298,0,0
481861,3,-0.15,-0.40,8.375,-4.487,-2.840,0,0
481913,3,-0.15,0.15,9.591,-5.286,-2.509,0,0
481963,3,-0.14,0.15,9.610,-5.957,-2.447,0,0
482020,3,-0.17,-0.29,10.108,-2.638,-1.920,0,0
482071,3,-0.16,0.00,8.882,-1.887,-1.379,0,0
482122,3,-0.12,1.49,8.471,-1.887,-2.605,0,0
482173,3,-0.12,0.00,8.801,-2.217,-1.872,0,0
482225,3,-0.13,-0.34,8.418,-3.017,-0.527,0,0
482277,3,-0.12,4.06,8.954,-3.534,-0.450,0,0
482328,3,-0.17,-0.86,9.898,-2.677,-0.939,0,0
482380,3,-0.19,-0.86,10.649,-2.207,-1.135,0,0
482430,3,-0.18,0.00,10.477,-2.217,-1.164,0,0
482481,3,-0.20,-0.39,11.564,-3.108,-0.551,0,0
482531,3,-0.21,-0.36,10.870,-2.169,-0.316,0,0
482583,3,-0.24,0.00,11.152,0.014,-1.437,0,0
482632,3,-0.24,0.15,10.204,-0.168,-2.265,0,0
482684,3,-0.24,0.00,9.697,-0.924,-2.485,0,0
482735,3,-0.18,0.04,8.849,-1.360,-2.547,0,0
482787,3,-0.18,0.15,8.552,-1.408,-3.582,0,0
482838,3,-0.22,-2.01,8.404,-2.169,-3.476,0,0
482890,3,-0.16,-0.71,8.681,-2.758,-3.888,0,0
482942,3,-0.13,0.00,8.145,-3.500,-2.897,0,0
482992,3,-0.10,1.15,8.854,-4.865,-1.039,0,0
483044,3,-0.11,0.00,9.855,-5.033,-1.226,0,0
483095,3,-0.11,-0.67,9.979,-2.581,-3.663,0,0
483147,3,-0.13,0.00,9.955,-2.523,-2.437,0,0
483198,3,-0.08,0.34,9.031,-2.772,-2.107,0,0
483250,3,-0.07,0.30,9.060,-2.322,-1.168,0,0
483302,3,-0.07,0.00,9.160,-1.992,-1.350,0,0
483353,3,-0.03,-0.15,9.141,-2.116,-1.547,0,0
483406,3,-0.02,0.00,9.227,-2.940,-2.155,0,0
483456,3,-0.03,-0.16,9.519,-2.816,-2.954,0,0
483507,3,-0.01,0.68,9.117,-3.213,-3.409,0,0
483556,3,0.02,0.00,9.079,-3.208,-3.534,0,0
483608,3,0.00,0.06,9.601,-3.515,-2.581,0,0
483657,3,-0.03,-1.21,9.170,-4.329,-2.638,0,0
483709,3,-0.01,0.00,9.697,-2.332,-2.543,0,0
483760,3,0.00,0.65,9.074,-2.040,-1.767,0,0
483812,3,-0.02,0.00,8.657,-2.145,-1.547,0,0
483863,3,0.03,0.32,9.433,-2.394,-1.968,0,0
483914,3,0.03,0.00,9.625,-2.207,-2.188,0,0
483965,3,0.05,0.82,9.337,-2.025,-1.978,0,0
484017,3,0.03,0.00,9.491,-1.374,-2.504,0,0
484070,3,0.07,0.64,9.491,-1.326,-3.270,0,0
484122,3,0.08,0.00,9.409,-1.772,-4.276,0,0
484174,3,0.07,0.24,9.232,-2.394,-4.942,0,0
484224,3,0.06,-0.52,8.916,-3.060,-4.434,0,0
484275,3,0.03,-1.02,8.571,-3.668,-3.448,0,0
484327,3,0.07,0.00,8.509,-4.156,-2.696,0,0
484379,3,0.08,0.32,8.701,-3.725,-2.241,0,0
484429,3,0.06,0.00,8.945,-3.117,-1.949,0,0
484480,3,0.08,0.00,9.084,-2.796,-1.949,0,0
484530,3,0.11,0.88,9.208,-2.500,-1.920,0,0
484582,3,0.09,0.00,9.428,-2.375,-1.848,0,0
484634,3,0.12,-0.50,9.481,-2.466,-1.853,0,0
484685,3,0.10,-0.52,9.615,-2.567,-1.987,0,0
484737,3,0.11,0.00,9.792,-2.298,-2.380,0,0
484788,3,0.10,-0.50,9.697,-2.227,-2.816,0,0
484840,3,0.12,0.00,9.553,-2.140,-3.223,0,0
484892,3,0.11,0.00,9.328,-2.342,-3.414,0,0
484943,3,0.09,-0.47,9.088,-2.701,-3.433,0,0
484995,3,0.07,0.84,8.964,-2.873,-3.251,0,0
485046,3,0.06,-0.50,8.916,-2.907,-3.103,0,0
485098,3,0.05,0.00,8.983,-2.816,-3.069,0,0
485150,3,0.08,0.00,9.131,-2.437,-3.117,0,0
485200,3,0.08,0.00,9.199,-2.456,-2.935,0,0
485252,3,0.07,0.88,9.290,-2.289,-2.954,0,0
485303,3,0.05,0.00,9.380,-2.289,-2.835,0,0
485355,3,0.07,-0.48,9.395,-2.227,-2.701,0,0
485405,3,0.04,-1.11,9.404,-2.093,-2.763,0,0
485455,3,0.03,0.00,9.409,-2.059,-2.921,0,0
485506,3,0.04,-0.54,9.313,-2.093,-2.988,0,0
485556,3,0.05,0.36,9.232,-2.203,-2.940,0,0
485607,3,0.03,0.00,9.242,-2.184,-2.978,0,0
485659,3,0.04,-0.47,9.237,-2.169,-2.964,0,0
485710,3,0.06,0.00,9.208,-2.231,-2.830,0,0
485762,3,0.07,-0.50,9.290,-2.126,-2.825,0,0
485814,3,0.10,0.82,9.428,-1.920,-2.998,0,0
485865,3,0.10,0.00,9.414,-1.810,-3.065,0,0
485917,3,0.10,-1.01,9.328,-1.901,-2.868,0,0
485968,3,0.11,0.00,9.309,-1.992,-2.725,0,0
486020,3,0.13,0.34,9.347,-1.987,-2.701,0,0
486072,3,0.07,-2.05,9.395,-1.906,-2.710,0,0
486126,3,0.09,0.34,9.505,-1.858,-2.696,0,0
486177,3,0.10,0.34,9.582,-1.652,-2.782,0,0
486228,3,0.07,-1.01,9.572,-1.714,-2.825,0,0
486279,3,0.08,0.34,9.558,-1.753,-2.777,0,0
486331,3,0.10,0.34,9.500,-1.887,-2.734,0,0
486380,3,0.07,-1.02,9.452,-1.887,-2.734,0,0
486431,3,0.08,0.00,9.414,-1.882,-2.840,0,0
486481,3,0.09,0.88,9.390,-1.805,-2.945,0,0
486531,3,0.06,-1.04,9.323,-2.002,-2.844,0,0
486583,3,0.08,0.00,9.237,-2.016,-2.859,0,0
486635,3,0.09,0.84,9.155,-2.030,-3.012,0,0
486686,3,0.08,-0.50,9.146,-2.040,-3.165,0,0
486738,3,0.11,0.84,9.093,-2.164,-3.223,0,0
486790,3,0.10,-0.52,9.064,-2.121,-3.237,0,0
486841,3,0.09,0.00,9.127,-2.145,-3.213,0,0
486893,3,0.11,-0.56,9.246,-2.006,-3.055,0,0
486944,3,0.09,0.00,9.376,-1.987,-2.954,0,0
486996,3,0.10,0.32,9.448,-1.882,-2.988,0,0
487048,3,0.10,0.00,9.419,-1.944,-2.983,0,0
487098,3,0.09,-0.50,9.467,-1.896,-2.921,0,0
487149,3,0.11,0.74,9.395,-1.901,-2.897,0,0
487201,3,0.13,1.38,9.352,-1.872,-2.887,0,0
487253,3,0.13,0.00,9.380,-1.882,-2.911,0,0
487304,3,0.12,0.00,9.352,-1.954,-2.988,0,0
487356,3,0.14,0.86,9.352,-1.992,-3.041,0,0
487406,3,0.14,0.00,9.357,-1.987,-2.940,0,0
487456,3,0.11,-0.56,9.371,-1.930,-3.036,0,0
487507,3,0.14,-0.54,9.313,-1.848,-3.093,0,0
487556,3,0.12,0.00,9.227,-1.954,-3.093,0,0
487608,3,0.12,-0.54,9.155,-2.064,-3.117,0,0
487660,3,0.09,-1.09,9.117,-2.054,-3.141,0,0
487711,3,0.12,0.00,9.194,-2.131,-3.146,0,0
487763,3,0.10,0.00,9.232,-1.963,-3.175,0,0
487814,3,0.12,0.00,9.285,-1.954,-3.203,0,0
487866,3,0.12,0.35,9.270,-1.906,-3.170,0,0
487918,3,0.09,-1.02,9.280,-1.877,-3.084,0,0
487968,3,0.08,-0.48,9.361,-1.992,-3.045,0,0
488020,3,0.10,1.34,9.433,-1.791,-2.926,0,0
488071,3,0.09,0.00,9.471,-1.676,-2.988,0,0
488123,3,0.12,1.23,9.495,-1.590,-3.074,0,0
488176,3,0.08,-0.57,9.371,-1.666,-3.108,0,0
488228,3,0.08,0.00,9.280,-1.810,-3.041,0,0
488278,3,0.10,0.84,9.117,-2.049,-2.940,0,0
488330,3,0.09,0.00,9.242,-1.920,-3.093,0,0
488381,3,0.06,-0.50,9.285,-1.925,-3.036,0,0
488432,3,0.10,1.41,9.390,-1.834,-2.993,0,0
488482,3,0.08,0.00,9.424,-1.743,-3.002,0,0
488533,3,0.11,0.83,9.337,-1.690,-2.931,0,0
488584,3,0.09,-0.47,9.318,-1.781,-2.806,0,0
488636,3,0.07,-1.11,9.371,-1.666,-2.978,0,0
488685,3,0.05,-0.99,9.333,-1.618,-3.165,0,0
488737,3,0.07,0.00,9.380,-1.738,-3.223,0,0
488788,3,0.03,-0.56,9.290,-1.714,-3.146,0,0
488840,3,0.05,1.34,9.390,-1.805,-3.007,0,0
488891,3,0.01,-0.48,9.495,-1.676,-2.710,0,0
488943,3,0.03,0.82,9.692,-1.590,-2.509,0,0
488992,3,0.00,0.00,9.730,-1.393,-2.528,0,0
489044,3,-0.00,-1.02,9.677,-1.326,-2.236,0,0
489094,3,0.01,0.34,9.778,-1.264,-2.131,0,0
489146,3,-0.02,-1.09,9.620,-1.197,-1.848,0,0
489197,3,-0.01,0.00,9.768,-1.216,-1.877,0,0
489249,3,-0.02,-1.02,9.701,-1.331,-1.930,0,0
489300,3,-0.02,0.00,9.792,-1.116,-1.920,0,0
489352,3,-0.04,0.34,9.874,-0.953,-1.824,0,0
489402,3,-0.07,-1.13,9.701,-1.144,-1.987,0,0
489452,3,-0.05,0.00,9.730,-1.235,-1.532,0,0
489503,3,-0.04,0.88,9.835,-1.120,-1.504,0,0
489553,3,-0.02,0.93,9.926,-0.867,-1.638,0,0
489604,3,-0.03,0.00,9.740,-0.718,-1.820,0,0
489656,3,-0.04,-1.04,9.448,-0.536,-1.662,0,0
489707,3,-0.04,0.00,9.524,-0.254,-1.930,0,0
489759,3,-0.06,0.34,10.065,1.049,-2.131,0,0
489811,3,-0.07,-0.48,9.931,1.508,-2.567,0,0
489862,3,-0.12,-1.53,10.127,2.298,-2.701,0,0
489914,3,-0.10,-0.52,9.969,1.700,-2.500,0,0
489965,3,-0.11,0.00,9.658,0.886,-1.925,0,0
490016,3,-0.08,1.34,9.615,0.326,-1.743,0,0
490067,3,-0.09,0.00,9.591,0.177,-1.695,0,0
490119,3,-0.12,-0.52,9.582,0.283,-1.657,0,0
490171,3,-0.10,0.00,9.596,0.311,-1.523,0,0
490243,3,-0.07,0.25,9.759,0.249,-1.599,0,0
490295,3,-0.10,-1.09,9.811,0.345,-1.604,0,0
490347,3,-0.08,0.00,9.902,0.503,-1.609,0,0
490399,3,-0.11,-0.60,9.941,0.551,-1.470,0,0
490450,3,-0.07,1.43,9.874,0.455,-1.508,0,0
490500,3,-0.10,0.00,9.816,0.388,-1.642,0,0
490550,3,-0.06,0.00,9.764,0.235,-1.609,0,0
490602,3,-0.08,-0.52,9.797,0.067,-1.556,0,0
490652,3,-0.09,-0.52,9.840,-0.134,-1.528,0,0
490704,3,-0.09,0.00,9.912,-0.273,-1.379,0,0
490755,3,-0.08,-0.52,9.941,-0.393,-1.049,0,0
490807,3,-0.10,-0.48,10.094,-0.268,-1.001,0,0
490858,3,-0.09,0.86,10.362,-0.302,-1.144,0,0
490910,3,-0.09,0.00,10.587,-0.488,-1.101,0,0
490962,3,-0.10,0.00,10.740,-0.532,-0.857,0,0
491013,3,-0.09,-0.48,10.697,-0.929,-0.555,0,0
491065,3,-0.11,-0.52,9.792,-2.121,0.321,0,0
491116,3,-0.10,0.82,9.802,-2.418,0.096,0,0
491168,3,-0.11,-0.48,9.591,-1.034,0.354,0,0
491220,3,-0.11,0.00,9.653,-0.929,-0.378,0,0
491271,3,-0.11,-1.34,9.826,-0.536,-0.579,0,0
491323,3,-0.07,0.00,9.467,-0.862,-0.263,0,0
491374,3,-0.07,0.00,9.318,-1.111,-0.838,0,0
491425,3,-0.07,0.00,9.380,-0.685,-0.939,0,0
491475,3,-0.07,0.00,9.414,-1.073,-0.852,0,0
491526,3,-0.07,0.00,9.380,-1.800,-1.101,0,0
491578,3,-0.07,0.00,9.428,-1.834,-1.408,0,0
491628,3,-0.06,0.48,9.409,-1.997,-1.604,0,0
491680,3,-0.01,1.86,9.510,-1.906,-1.350,0,0
491731,3,-0.01,0.00,9.495,-1.853,-0.982,0,0
491783,3,-0.01,0.00,9.792,-1.776,-1.255,0,0
491834,3,-0.01,0.00,10.262,-1.226,-1.504,0,0
491886,3,0.05,1.84,10.669,-1.077,-1.566,0,0
491938,3,0.05,0.00,10.860,-0.728,-1.307,0,0
491989,3,0.08,0.50,10.544,-0.441,-1.202,0,0
492041,3,0.08,0.00,10.266,-0.646,-1.164,0,0
492092,3,0.12,0.00,9.974,-1.001,-0.723,0,0
492144,3,0.09,-0.52,9.716,-1.116,-0.273,0,0
492196,3,0.05,0.00,9.835,-1.063,0.383,0,0
492247,3,0.04,-1.01,9.955,-1.140,0.211,0,0
492300,3,0.03,-0.26,10.238,-1.283,-0.694,0,0
492352,3,0.03,0.00,10.266,-1.149,-1.001,0,0
492402,3,0.01,0.00,10.041,-1.231,-0.704,0,0
492452,3,0.02,0.34,9.826,-1.255,-0.326,0,0
492503,3,0.00,0.00,9.768,-1.518,-0.283,0,0
492553,3,0.03,1.45,9.740,-1.666,-0.206,0,0
492603,3,0.01,-0.50,9.749,-1.729,-0.096,0,0
492655,3,0.01,0.00,9.840,-1.642,-0.105,0,0
492706,3,0.01,0.00,9.826,-1.590,-0.412,0,0
492758,3,0.02,-0.50,9.931,-1.547,-0.838,0,0
492809,3,0.04,0.84,9.907,-1.599,-0.924,0,0
492861,3,0.05,0.88,9.893,-1.738,-0.675,0,0
492913,3,0.04,-0.54,9.946,-1.724,-0.613,0,0
492964,3,0.02,0.00,9.922,-1.719,-0.651,0,0
493016,3,0.03,-0.54,9.859,-1.681,-0.666,0,0
493067,3,0.01,0.00,9.754,-1.844,-0.651,0,0
493119,3,0.03,-0.50,9.740,-1.820,-0.532,0,0
493171,3,0.01,-0.56,9.835,-1.848,-0.613,0,0
493222,3,0.03,0.00,9.898,-1.824,-0.675,0,0
493274,3,0.01,-0.52,9.878,-1.748,-0.651,0,0
493325,3,0.02,0.00,9.768,-1.709,-0.512,0,0
493376,3,0.02,0.00,9.711,-1.657,-0.302,0,0
493426,3,0.00,0.00,9.692,-1.609,-0.455,0,0
493477,3,0.03,1.45,9.754,-1.633,-0.967,0,0
493527,3,0.01,-0.58,9.845,-1.887,-1.183,0,0
493576,3,-0.00,0.00,9.893,-1.978,-1.144,0,0
493628,3,0.02,1.43,9.969,-1.815,-1.063,0,0
493680,3,0.02,0.00,9.907,-1.729,-0.757,0,0
493731,3,0.03,0.84,9.941,-1.614,-0.584,0,0
493783,3,0.01,-0.56,9.984,-1.623,-0.517,0,0
493834,3,0.02,0.00,9.960,-1.642,-0.522,0,0
493886,3,-0.00,-0.52,9.969,-1.585,-0.412,0,0
493938,3,0.01,0.00,9.835,-1.638,-0.474,0,0
493989,3,0.01,0.86,9.898,-1.609,-0.771,0,0
494041,3,-0.01,-1.01,9.831,-1.844,-1.010,0,0
494092,3,-0.03,-0.19,9.673,-2.030,-1.403,0,0
494144,3,-0.06,-1.01,9.510,-2.193,-1.178,0,0
494196,3,-0.07,0.00,9.424,-1.968,-0.828,0,0
494246,3,-0.04,0.82,9.553,-1.657,-0.924,0,0
494298,3,-0.07,0.00,9.749,-1.762,-1.034,0,0
494352,3,-0.05,0.23,9.898,-2.049,-1.130,0,0
494402,3,-0.05,0.93,9.998,-2.064,-1.092,0,0
494452,3,-0.05,0.00,10.137,-1.652,-0.910,0,0
494503,3,-0.04,0.00,10.036,-1.537,-0.503,0,0
494553,3,-0.04,0.36,9.878,-1.417,-0.192,0,0
494603,3,-0.07,-1.01,9.649,-1.279,-0.335,0,0
494655,3,-0.06,0.34,9.606,-1.322,-0.737,0,0
494706,3,-0.09,0.00,9.649,-1.542,-1.130,0,0
494758,3,-0.08,0.00,9.764,-1.259,-1.044,0,0
494809,3,-0.07,0.26,9.955,-1.355,-1.417,0,0
494861,3,-0.06,-0.45,10.108,-1.489,-1.786,0,0
494913,3,-0.05,0.30,9.941,-1.695,-1.867,0,0
494964,3,-0.03,0.00,9.658,-1.824,-1.633,0,0
495016,3,-0.01,1.81,9.644,-1.920,-1.365,0,0
495067,3,-0.02,1.34,9.725,-1.882,-0.919,0,0
495119,3,-0.05,0.34,9.864,-1.872,-0.589,0,0
495171,3,-0.06,-0.32,10.046,-1.753,-0.685,0,0
495222,3,-0.03,0.00,10.008,-1.729,-1.235,0,0
495274,3,-0.07,-0.19,9.740,-1.848,-1.226,0,0
495324,3,-0.06,0.34,9.443,-2.006,-1.393,0,0
495373,3,-0.07,-0.20,9.481,-2.045,-1.518,0,0
495424,3,-0.07,0.00,9.443,-2.265,-1.355,0,0
495474,3,-0.06,0.36,9.486,-2.931,-1.034,0,0
495524,3,-0.06,-0.32,10.003,-2.126,-1.006,0,0
495576,3,-0.04,0.00,9.998,-2.241,-1.274,0,0
495628,3,-0.04,0.30,10.621,-0.637,-1.982,0,0
495680,3,-0.03,0.34,10.506,-0.005,-2.591,0,0
495731,3,-0.06,0.30,9.926,-0.220,-2.562,0,0
495783,3,-0.05,0.34,9.764,-0.311,-2.696,0,0
495834,3,-0.03,0.00,9.419,-0.594,-2.476,0,0
495886,3,-0.02,0.00,9.208,-0.642,-2.011,0,0
495938,3,-0.00,0.00,9.414,-0.412,-1.638,0,0
495989,3,0.02,0.36,9.606,0.144,-1.786,0,0
496041,3,-0.01,-1.04,9.783,0.900,-1.776,0,0
496092,3,-0.02,-0.48,9.883,0.977,-1.834,0,0
496144,3,-0.01,-1.04,9.701,0.455,-1.709,0,0
496196,3,0.02,0.00,9.898,0.512,-1.848,0,0
496246,3,0.03,0.34,10.032,0.493,-1.820,0,0
496297,3,0.01,0.00,9.816,0.335,-1.470,0,0
496349,3,0.05,0.78,9.787,0.144,-1.609,0,0
