Tempo,Estado,Alt,Vel,AccX,AccY,AccZ,Lat,Lon
14086,0,0.06,0.00,9.917,-1.015,-1.130,0,0
14138,0,0.06,0.00,9.936,-1.025,-1.135,-7.002079,-34.832783
14189,0,0.06,0.00,9.931,-1.001,-1.120,-7.002079,-34.832783
14239,0,0.05,0.00,9.922,-1.020,-1.135,-7.002079,-34.832783
14290,0,0.09,1.45,9.917,-1.010,-1.120,-7.002079,-34.832783
14340,0,0.07,-0.54,9.917,-1.020,-1.125,-7.002079,-34.832783
14390,0,0.06,0.00,9.917,-1.015,-1.082,-7.002079,-34.832783
14441,0,0.03,-0.58,9.931,-1.015,-1.140,-7.002079,-34.832783
14491,0,0.03,0.00,9.941,-1.001,-1.120,-7.002079,-34.832783
14542,0,0.03,0.00,9.926,-1.001,-1.130,-7.002079,-34.832783
14592,0,0.05,0.54,9.931,-1.010,-1.106,-7.002079,-34.832783
14644,0,0.05,0.00,9.922,-1.020,-1.140,-7.002079,-34.832783
14695,0,0.03,0.00,9.946,-1.025,-1.154,-7.002079,-34.832783
14747,0,0.03,0.00,9.936,-1.020,-1.130,-7.002079,-34.832783
14798,0,0.02,0.00,9.936,-1.010,-1.130,-7.002079,-34.832783
14850,0,0.02,0.00,9.926,-1.010,-1.120,-7.002079,-34.832783
14902,0,0.02,0.00,9.941,-1.006,-1.164,-7.002079,-34.832783
14953,0,0.01,-0.54,9.931,-1.030,-1.168,-7.002079,-34.832783
15005,0,0.01,0.00,9.931,-1.020,-1.120,-7.002079,-34.832783
15057,0,-0.04,0.00,9.931,-1.020,-1.140,-7.002079,-34.832783
15107,0,-0.04,0.00,9.912,-1.034,-1.116,-7.002079,-34.832783
15157,0,-0.04,0.00,9.912,-0.991,-1.135,-7.002079,-34.832783
15208,0,-0.06,-0.56,9.941,-1.006,-1.130,-7.002079,-34.832783
15258,0,-0.06,0.00,9.926,-1.020,-1.106,-7.002079,-34.832783
15309,0,-0.07,0.00,9.926,-0.996,-1.140,-7.002079,-34.832783
15359,0,-0.07,0.00,9.941,-1.010,-1.125,-7.002079,-34.832783
15409,0,-0.07,0.00,9.931,-1.010,-1.149,-7.002079,-34.832783
15460,0,-0.11,0.00,9.922,-1.006,-1.130,-7.002079,-34.832783
15510,0,-0.12,-0.52,9.926,-1.010,-1.135,-7.002079,-34.832783
15560,0,-0.12,0.00,9.922,-1.006,-1.135,-7.002079,-34.832783
15612,0,-0.13,0.00,9.917,-1.001,-1.130,-7.002079,-34.832783
15663,0,-0.12,0.48,9.917,-1.010,-1.116,-7.002079,-34.832783
15715,0,-0.12,0.00,9.922,-1.020,-1.154,-7.002079,-34.832783
15767,0,-0.13,0.00,9.917,-1.020,-1.140,-7.002079,-34.832783
15817,0,-0.15,-0.52,9.922,-1.030,-1.125,-7.002079,-34.832783
15868,0,-0.15,0.00,9.917,-1.015,-1.140,-7.002079,-34.832783
15920,0,-0.16,0.00,9.902,-1.010,-1.125,-7.002079,-34.832783
15972,0,-0.16,-0.48,9.917,-1.001,-1.149,-7.002079,-34.832783
16023,0,-0.18,-0.52,9.936,-1.006,-1.130,-7.002079,-34.832783
16076,0,-0.19,0.00,9.946,-1.001,-1.164,-7.002079,-34.832783
16126,0,-0.19,0.00,9.936,-1.020,-1.135,-7.002080,-34.832783
16187,0,-0.18,0.18,9.936,-1.006,-1.149,-7.002080,-34.832783
16237,0,-0.18,0.00,9.917,-1.015,-1.135,-7.002080,-34.832783
16288,0,-0.16,0.00,9.917,-1.006,-1.130,-7.002080,-34.832783
16338,0,-0.15,0.52,9.898,-1.010,-1.120,-7.002080,-34.832783
16389,0,-0.13,0.00,9.969,-0.996,-1.168,-7.002080,-34.832783
16439,0,-0.12,0.52,9.941,-1.020,-1.149,-7.002080,-34.832783
16490,0,-0.12,0.00,9.931,-1.015,-1.140,-7.002080,-34.832783
16540,0,-0.09,0.00,9.936,-1.015,-1.101,-7.002080,-34.832783
16592,0,-0.09,0.00,9.907,-1.010,-1.135,-7.002080,-34.832783
16642,0,-0.09,0.00,9.922,-1.001,-1.144,-7.002080,-34.832783
16694,0,-0.07,0.56,9.912,-1.020,-1.144,-7.002080,-34.832783
16745,0,-0.06,0.48,9.950,-1.010,-1.149,-7.002080,-34.832783
16797,0,-0.04,0.00,9.926,-1.010,-1.159,-7.002080,-34.832783
16848,0,-0.03,0.48,9.946,-1.025,-1.097,-7.002080,-34.832783
16900,0,-0.03,0.00,9.926,-1.015,-1.140,-7.002080,-34.832783
16952,0,-0.02,0.52,9.931,-1.020,-1.106,-7.002080,-34.832783
17003,0,-0.02,0.00,9.902,-1.001,-1.140,-7.002080,-34.832783
17055,0,-0.05,-1.34,9.931,-1.030,-1.101,-7.002080,-34.832783
17105,0,-0.07,-0.56,9.912,-1.010,-1.120,-7.002080,-34.832783
17156,0,-0.05,0.00,9.917,-1.039,-1.154,-7.002080,-34.832783
17206,0,-0.04,0.00,9.922,-1.001,-1.140,-7.002080,-34.832783
17257,0,-0.03,0.56,9.946,-1.010,-1.149,-7.002080,-34.832783
17307,0,-0.03,0.00,9.936,-0.986,-1.106,-7.002080,-34.832783
17357,0,-0.01,0.52,9.912,-1.020,-1.130,-7.002080,-34.832783
17408,0,-0.01,0.00,9.912,-1.015,-1.101,-7.002080,-34.832783
17458,0,-0.01,0.00,9.926,-1.020,-1.120,-7.002080,-34.832783
17509,0,-0.01,0.00,9.922,-1.015,-1.125,-7.002080,-34.832783
17559,0,-0.05,-1.45,9.917,-1.001,-1.135,-7.002080,-34.832783
17610,0,-0.05,0.00,9.931,-1.020,-1.120,-7.002080,-34.832783
17662,0,-0.04,0.00,9.931,-1.006,-1.106,-7.002080,-34.832783
17713,0,-0.04,0.00,9.912,-1.020,-1.154,-7.002080,-34.832783
17765,0,-0.04,0.00,9.922,-1.006,-1.149,-7.002080,-34.832783
17817,0,-0.02,0.48,9.917,-1.015,-1.106,-7.002080,-34.832783
17868,0,-0.01,0.00,9.926,-1.001,-1.135,-7.002080,-34.832783
17920,0,-0.01,0.00,9.936,-1.006,-1.149,-7.002080,-34.832783
17971,0,0.01,0.00,9.931,-1.020,-1.135,-7.002080,-34.832783
18022,0,0.02,0.50,9.917,-1.025,-1.164,-7.002080,-34.832783
18071,0,0.02,0.00,9.907,-1.015,-1.149,-7.002080,-34.832783
18122,0,0.03,0.00,9.912,-1.006,-1.125,-7.002080,-34.832783
18172,0,0.03,0.00,9.926,-1.020,-1.154,-7.002080,-34.832783
18228,0,0.02,-0.17,9.922,-1.020,-1.116,-7.002080,-34.832783
18278,0,0.03,0.00,9.922,-0.991,-1.140,-7.002080,-34.832783
18329,0,0.03,-0.56,9.917,-1.010,-1.116,-7.002080,-34.832783
18379,0,0.03,0.00,9.902,-1.010,-1.144,-7.002080,-34.832783
18429,0,0.03,0.00,9.917,-1.015,-1.106,-7.002080,-34.832783
18480,0,0.05,0.58,9.936,-1.039,-1.173,-7.002080,-34.832783
18530,0,0.06,0.54,9.936,-1.025,-1.140,-7.002080,-34.832783
18582,0,0.06,0.00,9.926,-1.030,-1.116,-7.002080,-34.832783
18634,0,0.06,0.00,9.936,-0.991,-1.144,-7.002080,-34.832783
18684,0,0.06,0.00,9.931,-1.020,-1.154,-7.002080,-34.832783
18736,0,0.05,-0.54,9.907,-1.006,-1.116,-7.002080,-34.832783
18787,0,0.05,0.00,9.936,-1.030,-1.135,-7.002080,-34.832783
18839,0,0.05,0.00,9.931,-1.025,-1.135,-7.002080,-34.832783
18890,0,0.05,0.00,9.941,-1.010,-1.159,-7.002080,-34.832783
18942,0,0.07,0.50,9.907,-1.020,-1.154,-7.002080,-34.832783
18994,0,0.07,0.00,9.931,-1.006,-1.149,-7.002080,-34.832783
19045,0,0.06,0.00,9.907,-0.972,-1.125,-7.002080,-34.832783
19096,0,0.05,-0.54,9.941,-1.010,-1.125,-7.002080,-34.832783
19146,0,0.05,0.00,9.902,-0.996,-1.140,-7.002080,-34.832783
19196,0,0.05,0.00,9.893,-0.991,-1.140,-7.002080,-34.832783
19247,0,0.06,0.54,9.907,-0.986,-1.106,-7.002080,-34.832783
19297,0,0.05,-0.52,9.941,-1.010,-1.149,-7.002080,-34.832783
19348,0,0.06,0.00,9.912,-1.001,-1.140,-7.002080,-34.832783
19398,0,0.06,0.00,9.917,-1.006,-1.116,-7.002080,-34.832783
19448,0,0.06,0.00,9.946,-1.015,-1.135,-7.002080,-34.832783
19499,0,0.06,0.00,9.902,-0.996,-1.149,-7.002080,-34.832783
19549,0,0.07,0.00,9.922,-1.001,-1.140,-7.002080,-34.832783
19601,0,0.07,0.00,9.883,-0.986,-1.135,-7.002080,-34.832783
19652,0,0.07,0.00,9.936,-0.982,-1.135,-7.002080,-34.832783
19704,0,0.12,1.86,9.950,-1.010,-1.130,-7.002080,-34.832783
19755,0,0.14,0.00,9.955,-1.010,-1.140,-7.002080,-34.832783
19807,0,0.15,0.56,9.912,-1.015,-1.149,-7.002080,-34.832783
19859,0,0.15,0.00,9.926,-1.025,-1.154,-7.002080,-34.832783
19909,0,0.16,0.47,9.922,-1.030,-1.159,-7.002080,-34.832783
19960,0,0.15,0.00,9.917,-1.020,-1.144,-7.002080,-34.832783
20012,0,0.11,-1.49,9.936,-1.025,-1.149,-7.002080,-34.832783
20064,0,0.11,0.00,9.917,-1.006,-1.130,-7.002080,-34.832783
20114,0,0.10,0.00,9.936,-1.015,-1.135,-7.002080,-34.832783
20165,0,0.09,-0.52,9.950,-0.991,-1.159,-7.002081,-34.832779
20215,0,0.07,0.00,9.946,-0.996,-1.130,-7.002081,-34.832779
20271,0,0.05,-0.37,9.969,-1.006,-1.135,-7.002081,-34.832779
20321,0,0.02,-0.50,9.960,-1.006,-1.159,-7.002081,-34.832779
20371,0,0.02,0.00,9.941,-1.030,-1.144,-7.002081,-34.832779
20422,0,0.01,0.00,9.936,-1.044,-1.135,-7.002081,-34.832779
20472,0,-0.01,-0.56,9.941,-1.015,-1.144,-7.002081,-34.832779
20523,0,0.03,1.47,9.922,-0.996,-1.101,-7.002081,-34.832779
20575,0,0.02,0.00,9.936,-0.982,-1.135,-7.002081,-34.832779
20626,0,-0.03,-1.11,9.926,-0.986,-1.140,-7.002081,-34.832779
20677,0,-0.03,0.00,9.926,-1.001,-1.135,-7.002081,-34.832779
20728,0,-0.09,0.00,9.946,-1.006,-1.173,-7.002081,-34.832779
20780,0,-0.05,0.00,9.931,-1.030,-1.149,-7.002081,-34.832779
20832,0,-0.07,-0.52,9.907,-1.049,-1.125,-7.002081,-34.832779
20883,0,-0.07,0.00,9.941,-0.996,-1.130,-7.002081,-34.832779
20935,0,-0.07,0.00,9.931,-0.982,-1.135,-7.002081,-34.832779
20986,0,-0.09,-1.09,9.941,-1.001,-1.120,-7.002081,-34.832779
21038,0,-0.09,0.00,9.912,-1.001,-1.130,-7.002081,-34.832779
21088,0,-0.11,0.00,9.931,-1.006,-1.140,-7.002081,-34.832779
21138,0,-0.11,0.00,9.946,-0.996,-1.116,-7.002081,-34.832779
21189,0,-0.12,0.00,9.941,-1.010,-1.120,-7.002081,-34.832779
21239,0,-0.13,0.00,9.926,-1.006,-1.125,-7.002081,-34.832779
21290,0,-0.13,0.00,9.917,-1.020,-1.116,-7.002081,-34.832779
21340,0,-0.13,0.00,9.926,-1.030,-1.130,-7.002081,-34.832779
21391,0,-0.16,-0.52,9.922,-1.001,-1.149,-7.002081,-34.832779
21441,0,-0.20,-1.49,9.926,-1.001,-1.120,-7.002081,-34.832779
21491,0,-0.21,0.00,9.926,-1.015,-1.106,-7.002081,-34.832779
21542,0,-0.21,0.00,9.907,-1.001,-1.120,-7.002081,-34.832779
21593,0,-0.21,0.00,9.922,-1.020,-1.144,-7.002081,-34.832779
21645,0,-0.20,0.00,9.922,-1.025,-1.149,-7.002081,-34.832779
21697,0,-0.20,0.00,9.931,-1.020,-1.135,-7.002081,-34.832779
21748,0,-0.19,0.00,9.926,-1.015,-1.120,-7.002081,-34.832779
21800,0,-0.17,0.00,9.926,-1.006,-1.144,-7.002081,-34.832779
21851,0,-0.17,0.00,9.922,-1.025,-1.144,-7.002081,-34.832779
21902,0,-0.17,0.00,9.926,-1.006,-1.120,-7.002081,-34.832779
21953,0,-0.16,0.00,9.907,-1.010,-1.125,-7.002081,-34.832779
22005,0,-0.19,-1.34,9.931,-1.001,-1.106,-7.002081,-34.832779
22054,0,-0.19,0.00,9.917,-1.006,-1.149,-7.002081,-34.832779
22105,0,-0.21,0.00,9.936,-1.001,-1.140,-7.002081,-34.832779
22155,0,-0.17,1.97,9.931,-1.015,-1.120,-7.002082,-34.832779
22205,0,-0.16,0.54,9.950,-1.015,-1.130,-7.002082,-34.832779
22256,0,-0.16,0.00,9.936,-1.010,-1.120,-7.002082,-34.832779
22312,0,-0.14,0.18,9.917,-1.030,-1.135,-7.002082,-34.832779
22362,0,-0.18,0.00,9.922,-1.030,-1.140,-7.002082,-34.832779
22412,0,-0.18,0.00,9.912,-1.010,-1.154,-7.002082,-34.832779
22463,0,-0.19,0.00,9.926,-1.020,-1.120,-7.002082,-34.832779
22513,0,-0.21,-0.56,9.917,-1.030,-1.154,-7.002082,-34.832779
22566,0,-0.21,0.00,9.912,-1.020,-1.125,-7.002082,-34.832779
22616,0,-0.22,-0.48,9.941,-1.034,-1.125,-7.002082,-34.832779
22668,0,-0.21,0.00,9.936,-1.006,-1.135,-7.002082,-34.832779
22719,0,-0.21,0.48,9.926,-1.006,-1.144,-7.002082,-34.832779
22771,0,-0.19,0.52,9.917,-1.025,-1.140,-7.002082,-34.832779
22822,0,-0.18,0.48,9.941,-1.030,-1.130,-7.002082,-34.832779
22874,0,-0.18,0.00,9.917,-1.025,-1.125,-7.002082,-34.832779
22926,0,-0.18,0.00,9.931,-1.015,-1.149,-7.002082,-34.832779
22977,0,-0.17,0.00,9.922,-1.001,-1.130,-7.002082,-34.832779
23029,0,-0.18,-0.56,9.922,-0.996,-1.149,-7.002082,-34.832779
23079,0,-0.18,0.00,9.912,-1.020,-1.144,-7.002082,-34.832779
23129,0,-0.19,0.00,9.941,-1.015,-1.149,-7.002082,-34.832775
23180,0,-0.19,0.00,9.936,-1.030,-1.125,-7.002082,-34.832775
23230,0,-0.18,0.52,9.946,-1.010,-1.140,-7.002082,-34.832775
23280,0,-0.18,0.00,9.917,-1.015,-1.159,-7.002082,-34.832775
23331,0,-0.18,0.00,9.931,-0.996,-1.135,-7.002082,-34.832775
23381,0,-0.18,0.00,9.941,-1.001,-1.116,-7.002082,-34.832775
23432,0,-0.18,0.00,9.926,-1.010,-1.140,-7.002082,-34.832775
23482,0,-0.18,0.00,9.926,-1.030,-1.135,-7.002082,-34.832775
23532,0,-0.17,0.00,9.941,-1.030,-1.130,-7.002082,-34.832775
23584,0,-0.18,-0.52,9.931,-1.010,-1.125,-7.002082,-34.832775
23636,0,-0.18,0.00,9.926,-1.006,-1.130,-7.002082,-34.832775
23687,0,-0.17,0.52,9.912,-0.986,-1.111,-7.002082,-34.832775
23739,0,-0.17,0.00,9.902,-1.010,-1.130,-7.002082,-34.832775
23791,0,-0.18,-0.52,9.931,-1.010,-1.111,-7.002082,-34.832775
23841,0,-0.18,0.00,9.936,-1.025,-1.135,-7.002082,-34.832775
23893,0,-0.19,-0.48,9.936,-1.020,-1.135,-7.002082,-34.832775
23944,0,-0.19,0.00,9.936,-1.010,-1.116,-7.002082,-34.832775
23996,0,-0.14,1.34,9.898,-1.010,-1.116,-7.002082,-34.832775
24047,0,-0.14,0.00,9.912,-1.010,-1.140,-7.002082,-34.832775
24138,0,-0.14,0.00,9.922,-1.010,-1.135,-7.002083,-34.832775
24189,0,-0.14,0.00,9.907,-1.006,-1.116,-7.002083,-34.832775
24239,0,-0.14,0.00,9.965,-1.010,-1.154,-7.002083,-34.832775
24289,0,-0.16,-0.50,9.907,-1.030,-1.135,-7.002083,-34.832775
24340,0,-0.16,0.00,9.912,-1.010,-1.106,-7.002083,-34.832775
24390,0,-0.16,0.00,9.946,-1.025,-1.116,-7.002083,-34.832775
24441,0,-0.13,-0.52,9.922,-0.996,-1.125,-7.002083,-34.832775
24491,0,-0.12,0.00,9.926,-1.025,-1.144,-7.002083,-34.832775
24542,0,-0.12,0.00,9.931,-1.025,-1.149,-7.002083,-34.832775
24592,0,-0.12,0.00,9.926,-1.006,-1.159,-7.002083,-34.832775
24644,0,-0.12,0.00,9.936,-1.010,-1.125,-7.002083,-34.832775
24695,0,-0.12,0.00,9.931,-1.020,-1.130,-7.002083,-34.832775
24747,0,-0.13,0.00,9.936,-1.001,-1.130,-7.002083,-34.832775
24798,0,-0.15,-0.52,9.922,-1.015,-1.144,-7.002083,-34.832775
24850,0,-0.15,0.00,9.898,-1.001,-1.140,-7.002083,-34.832775
24902,0,-0.13,0.00,9.931,-1.010,-1.149,-7.002083,-34.832775
24953,0,-0.13,0.00,9.931,-1.001,-1.106,-7.002083,-34.832775
25005,0,-0.13,0.00,9.912,-1.034,-1.144,-7.002083,-34.832775
25057,0,-0.13,0.00,9.902,-1.001,-1.116,-7.002083,-34.832775
25107,0,-0.13,0.00,9.936,-1.015,-1.120,-7.002083,-34.832775
25157,0,-0.12,0.00,9.946,-1.006,-1.140,-7.002084,-34.832775
25208,0,-0.12,0.00,9.965,-1.020,-1.144,-7.002084,-34.832775
25258,0,-0.13,0.00,9.936,-1.034,-1.164,-7.002084,-34.832775
25309,0,-0.11,0.52,9.946,-1.020,-1.111,-7.002084,-34.832775
25359,0,-0.12,-0.52,9.917,-1.020,-1.140,-7.002084,-34.832775
25410,0,-0.11,0.00,9.955,-1.010,-1.111,-7.002084,-34.832775
25460,0,-0.13,-0.88,9.922,-1.010,-1.125,-7.002084,-34.832775
25510,0,-0.13,0.00,9.926,-1.006,-1.168,-7.002084,-34.832775
25560,0,-0.12,0.00,9.965,-1.020,-1.149,-7.002084,-34.832775
25612,0,-0.13,-0.52,9.912,-1.044,-1.116,-7.002084,-34.832775
25664,0,-0.12,0.52,9.931,-1.025,-1.111,-7.002084,-34.832775
25715,0,-0.12,0.00,9.941,-0.996,-1.135,-7.002084,-34.832775
25767,0,-0.12,0.00,9.936,-1.034,-1.116,-7.002084,-34.832775
25817,0,-0.09,0.82,9.917,-1.006,-1.125,-7.002084,-34.832775
25869,0,-0.09,0.00,9.926,-1.006,-1.173,-7.002084,-34.832775
25920,0,-0.08,0.00,9.912,-1.015,-1.144,-7.002084,-34.832775
25972,0,-0.09,-0.52,9.936,-0.991,-1.144,-7.002084,-34.832775
26023,0,-0.11,0.00,9.946,-1.030,-1.159,-7.002084,-34.832775
26073,0,-0.12,0.00,9.936,-0.986,-1.130,-7.002084,-34.832775
26124,0,-0.12,0.00,9.917,-1.006,-1.116,-7.002084,-34.832775
26180,0,-0.16,-0.52,9.936,-1.010,-1.125,-7.002084,-34.832775
26230,0,-0.16,0.00,9.931,-1.006,-1.140,-7.002084,-34.832775
26280,0,-0.11,0.52,9.902,-0.982,-1.140,-7.002084,-34.832775
26331,0,-0.11,0.00,9.941,-1.015,-1.125,-7.002084,-34.832775
26381,0,-0.11,0.00,9.936,-1.034,-1.140,-7.002084,-34.832775
26432,0,-0.13,-0.50,9.912,-1.006,-1.135,-7.002084,-34.832775
26482,0,-0.13,0.00,9.926,-1.001,-1.116,-7.002084,-34.832775
26532,0,-0.13,0.00,9.936,-1.006,-1.140,-7.002084,-34.832775
26584,0,-0.15,-0.56,9.926,-1.015,-1.116,-7.002084,-34.832775
26636,0,-0.15,0.00,9.912,-1.015,-1.130,-7.002084,-34.832775
26687,0,-0.10,0.00,9.931,-1.010,-1.135,-7.002084,-34.832775
26738,0,-0.10,0.00,9.922,-1.015,-1.125,-7.002084,-34.832775
26789,0,-0.13,-1.83,9.907,-1.001,-1.135,-7.002084,-34.832775
26841,0,-0.13,0.00,9.907,-1.006,-1.125,-7.002084,-34.832775
26892,0,-0.12,0.00,9.936,-1.010,-1.106,-7.002084,-34.832775
26944,0,-0.11,0.48,9.950,-1.001,-1.135,-7.002084,-34.832775
26996,0,-0.11,0.00,9.926,-1.015,-1.140,-7.002084,-34.832775
27047,0,-0.08,0.56,9.902,-1.010,-1.125,-7.002084,-34.832775
27098,0,-0.07,0.52,9.917,-1.010,-1.140,-7.002084,-34.832775
27148,0,-0.05,0.00,9.907,-1.015,-1.154,-7.002085,-34.832771
27199,0,-0.05,-0.52,9.902,-1.025,-1.144,-7.002085,-34.832771
27249,0,-0.05,0.00,9.931,-0.996,-1.130,-7.002085,-34.832771
27299,0,-0.05,0.00,9.922,-1.020,-1.116,-7.002085,-34.832771
27350,0,-0.05,0.00,9.898,-1.006,-1.082,-7.002085,-34.832771
27400,0,-0.05,0.00,9.907,-1.006,-1.125,-7.002085,-34.832771
27451,0,-0.05,0.00,9.912,-1.006,-1.106,-7.002085,-34.832771
27501,0,-0.04,0.00,9.888,-1.020,-1.120,-7.002085,-34.832771
27551,0,-0.04,0.00,9.907,-1.001,-1.111,-7.002085,-34.832771
27603,0,-0.04,0.00,9.926,-1.025,-1.101,-7.002085,-34.832771
27654,0,-0.03,0.52,9.936,-1.039,-1.140,-7.002085,-34.832771
27706,0,-0.03,0.00,9.955,-1.015,-1.135,-7.002085,-34.832771
27758,0,-0.01,0.00,9.931,-1.001,-1.106,-7.002085,-34.832771
27809,0,-0.04,-0.82,9.931,-1.044,-1.168,-7.002085,-34.832771
27861,0,-0.02,0.48,9.907,-1.020,-1.130,-7.002085,-34.832771
27911,0,-0.02,0.00,9.936,-0.967,-1.159,-7.002085,-34.832771
27960,0,-0.04,-2.01,9.907,-1.001,-1.130,-7.002085,-34.832771
28012,0,0.00,1.36,9.965,-0.986,-1.135,-7.002085,-34.832771
28061,0,0.00,0.54,9.936,-1.001,-1.140,-7.002085,-34.832771
28112,0,-0.01,-0.58,9.922,-0.996,-1.140,-7.002085,-34.832771
28162,0,-0.01,0.00,9.907,-1.015,-1.106,-7.002085,-34.832771
28219,0,-0.03,-0.19,9.922,-1.025,-1.159,-7.002085,-34.832771
28269,0,-0.04,0.00,9.946,-1.049,-1.188,-7.002085,-34.832771
28320,0,-0.05,0.00,9.898,-1.034,-1.116,-7.002085,-34.832771
28370,0,-0.05,0.00,9.931,-1.010,-1.116,-7.002085,-34.832771
28421,0,-0.08,0.00,9.902,-0.991,-1.092,-7.002085,-34.832771
28471,0,-0.11,-0.56,9.917,-1.001,-1.135,-7.002085,-34.832771
28521,0,-0.11,0.00,9.979,-1.010,-1.140,-7.002085,-34.832771
28573,0,-0.12,0.00,9.965,-1.030,-1.168,-7.002085,-34.832771
28624,0,-0.11,0.48,9.998,-1.020,-1.188,-7.002085,-34.832771
28675,0,-0.09,0.52,9.888,-1.015,-1.073,-7.002085,-34.832771
28727,0,-0.08,0.56,9.955,-0.991,-1.140,-7.002085,-34.832771
28779,0,-0.09,0.00,9.888,-0.996,-1.140,-7.002085,-34.832771
28830,0,-0.07,0.48,9.917,-0.991,-1.125,-7.002085,-34.832771
28882,0,-0.07,0.00,9.907,-0.991,-1.116,-7.002085,-34.832771
28933,0,-0.07,0.00,9.898,-1.015,-1.106,-7.002085,-34.832771
28985,0,-0.07,0.00,9.926,-1.020,-1.111,-7.002085,-34.832771
29034,0,-0.08,-0.48,9.936,-1.010,-1.111,-7.002085,-34.832771
29084,0,-0.12,-1.45,9.931,-1.030,-1.111,-7.002085,-34.832771
29135,0,-0.12,0.00,9.931,-1.015,-1.154,-7.002086,-34.832771
29185,0,-0.12,-0.52,9.907,-1.006,-1.116,-7.002086,-34.832771
29235,0,-0.11,0.32,9.922,-1.006,-1.125,-7.002086,-34.832771
29286,0,-0.14,0.00,9.926,-1.001,-1.135,-7.002086,-34.832771
29336,0,-0.14,0.00,9.936,-1.025,-1.125,-7.002086,-34.832771
29387,0,-0.16,-0.52,9.931,-1.001,-1.140,-7.002086,-34.832771
29437,0,-0.14,0.00,9.912,-1.015,-1.140,-7.002086,-34.832771
29487,0,-0.14,0.00,9.941,-1.025,-1.140,-7.002086,-34.832771
29538,0,-0.14,0.00,9.969,-1.025,-1.135,-7.002086,-34.832771
29589,0,-0.14,0.00,9.931,-1.025,-1.159,-7.002086,-34.832771
29641,0,-0.15,-0.52,9.931,-1.020,-1.130,-7.002086,-34.832771
29693,0,-0.15,0.00,9.922,-1.034,-1.135,-7.002086,-34.832771
29743,0,-0.16,-0.48,9.922,-1.030,-1.154,-7.002086,-34.832771
29795,0,-0.20,0.00,9.917,-1.001,-1.130,-7.002086,-34.832771
29846,0,-0.03,2.16,9.922,-0.991,-1.140,-7.002086,-34.832771
29898,0,0.03,2.10,9.941,-1.010,-1.116,-7.002086,-34.832771
29977,0,0.12,0.50,9.922,-1.034,-1.125,-7.002086,-34.832771
30028,0,0.12,0.00,9.917,-1.025,-1.135,-7.002086,-34.832771
30077,0,2.58,91.97,9.936,-1.034,-1.125,-7.002086,-34.832771
30128,0,4.87,93.80,9.907,-1.010,-1.116,-7.002086,-34.832771
30178,0,7.11,0.00,9.912,-1.001,-1.149,-7.002086,-34.832771
30229,0,11.14,78.20,9.941,-1.010,-1.140,-7.002086,-34.832771
30285,0,15.28,56.01,9.926,-1.010,-1.120,-7.002086,-34.832771
30335,0,17.43,86.00,9.936,-1.015,-1.097,-7.002086,-34.832771
30385,0,16.30,0.00,9.931,-1.025,-1.120,-7.002086,-34.832771
30436,0,14.35,-39.36,9.946,-1.025,-1.140,-7.002086,-34.832771
30486,0,13.44,-36.41,9.936,-1.010,-1.159,-7.002086,-34.832771
30537,0,12.57,0.00,9.931,-1.034,-1.140,-7.002086,-34.832771
30588,0,11.01,-28.88,9.922,-1.015,-1.135,-7.002086,-34.832771
30639,0,10.30,-26.21,9.912,-0.996,-1.120,-7.002086,-34.832771
30690,0,9.66,-23.54,9.936,-1.025,-1.135,-7.002086,-34.832771
30742,0,9.02,0.00,9.926,-1.015,-1.106,-7.002086,-34.832771
30794,0,7.90,-20.37,9.926,-1.010,-1.144,-7.002086,-34.832771
30845,0,7.39,-18.62,9.912,-1.020,-1.168,-7.002086,-34.832771
30897,0,6.46,-15.99,9.922,-1.001,-1.135,-7.002086,-34.832771
30948,0,6.04,-15.56,9.950,-1.020,-1.116,-7.002086,-34.832771
31000,0,5.64,0.00,9.931,-1.006,-1.125,-7.002086,-34.832771
31049,0,4.93,-13.36,9.931,-1.015,-1.135,-7.002086,-34.832771
31100,0,4.61,0.00,9.922,-1.010,-1.149,-7.002086,-34.832771
31150,0,4.00,-11.53,9.941,-1.010,-1.168,-7.002087,-34.832771
31200,0,3.72,-10.99,9.926,-1.020,-1.120,-7.002087,-34.832771
31251,0,3.47,0.00,9.893,-1.020,-1.120,-7.002087,-34.832771
31301,0,3.04,-8.07,9.917,-1.001,-1.111,-7.002087,-34.832771
31352,0,2.82,-8.30,9.917,-1.001,-1.092,-7.002087,-34.832771
31402,0,2.59,0.00,9.917,-1.020,-1.125,-7.002087,-34.832771
31453,0,2.26,-6.36,9.902,-1.010,-1.120,-7.002087,-34.832771
31503,0,2.09,-7.16,9.922,-1.015,-1.144,-7.002087,-34.832771
31553,0,1.94,0.00,9.936,-1.020,-1.154,-7.002087,-34.832771
31605,0,1.72,-3.78,9.941,-1.015,-1.125,-7.002087,-34.832771
31656,0,1.59,-4.81,9.946,-0.991,-1.106,-7.002087,-34.832771
31708,0,1.46,0.00,9.917,-1.006,-1.120,-7.002087,-34.832771
31759,0,1.27,-3.70,9.898,-1.001,-1.140,-7.002087,-34.832771
31810,0,1.22,-2.18,9.941,-1.010,-1.140,-7.002087,-34.832771
31861,0,1.11,-4.06,9.907,-1.015,-1.120,-7.002087,-34.832771
31913,0,1.03,0.00,9.931,-1.010,-1.135,-7.002087,-34.832771
31964,0,0.89,-2.70,9.926,-1.015,-1.120,-7.002087,-34.832771
32016,0,0.82,0.00,9.931,-1.020,-1.097,-7.002087,-34.832771
32068,0,0.68,-2.23,9.936,-1.015,-1.140,-7.002087,-34.832771
32119,0,0.64,-1.47,9.917,-1.025,-1.125,-7.002087,-34.832771
32169,0,0.59,0.00,9.917,-1.020,-1.135,-7.002087,-34.832771
32220,0,0.47,-2.01,9.926,-1.034,-1.154,-7.002087,-34.832771
32270,0,0.43,-1.47,9.917,-1.030,-1.116,-7.002087,-34.832771
32325,0,0.34,-1.22,9.926,-1.015,-1.130,-7.002087,-34.832771
32376,0,0.26,0.00,9.926,-1.001,-1.159,-7.002087,-34.832771
32426,0,0.17,-2.03,9.960,-1.025,-1.116,-7.002087,-34.832771
32477,0,0.16,-0.54,9.931,-1.030,-1.154,-7.002087,-34.832771
32527,0,0.12,0.00,9.926,-1.015,-1.140,-7.002087,-34.832771
32579,0,0.09,0.00,9.926,-0.996,-1.173,-7.002087,-34.832771
32631,0,0.05,-1.45,9.926,-1.020,-1.140,-7.002087,-34.832771
32681,0,0.05,0.00,9.936,-1.025,-1.144,-7.002087,-34.832771
32733,0,0.01,-1.47,9.936,-1.015,-1.125,-7.002087,-34.832771
32784,0,-0.01,0.52,9.931,-1.030,-1.116,-7.002087,-34.832771
32836,0,0.01,0.48,9.922,-0.996,-1.120,-7.002087,-34.832771
32887,0,-0.03,0.00,9.912,-1.015,-1.135,-7.002087,-34.832771
32939,0,-0.02,0.00,9.917,-1.025,-1.140,-7.002087,-34.832771
32991,0,-0.02,0.00,9.941,-1.015,-1.154,-7.002087,-34.832771
33042,0,-0.05,0.00,9.936,-1.025,-1.125,-7.002087,-34.832771
33093,0,-0.05,0.00,9.941,-1.015,-1.130,-7.002087,-34.832771
33143,0,-0.09,0.00,9.936,-1.015,-1.111,-7.002087,-34.832767
33193,0,-0.09,0.00,9.936,-1.010,-1.144,-7.002087,-34.832767
33244,0,-0.09,0.00,9.926,-1.010,-1.130,-7.002087,-34.832767
33294,0,-0.14,0.00,9.922,-1.001,-1.111,-7.002087,-34.832767
33345,0,-0.14,0.00,9.926,-1.015,-1.149,-7.002087,-34.832767
33395,0,-0.14,0.00,9.960,-1.015,-1.135,-7.002087,-34.832767
33445,0,-0.13,0.00,9.936,-1.025,-1.130,-7.002087,-34.832767
33496,0,-0.13,0.00,9.912,-1.030,-1.097,-7.002087,-34.832767
33546,0,-0.15,-0.89,9.926,-1.010,-1.149,-7.002087,-34.832767
33598,0,-0.11,0.00,9.917,-1.010,-1.120,-7.002087,-34.832767
33649,0,-0.12,-0.88,9.922,-1.015,-1.149,-7.002087,-34.832767
33701,0,-0.09,1.34,9.912,-1.020,-1.120,-7.002087,-34.832767
33752,0,-0.09,1.34,9.917,-1.034,-1.125,-7.002087,-34.832767
33804,0,-0.12,-1.45,9.917,-1.006,-1.135,-7.002087,-34.832767
33856,0,-0.12,0.00,9.931,-1.025,-1.120,-7.002087,-34.832767
33906,0,-0.12,0.00,9.912,-1.020,-1.144,-7.002087,-34.832767
33958,0,-0.12,0.00,9.936,-1.049,-1.130,-7.002087,-34.832767
34009,0,-0.04,3.20,9.931,-1.020,-1.140,-7.002087,-34.832767
34061,0,0.07,0.00,9.926,-1.020,-1.140,-7.002087,-34.832767
34180,0,0.37,2.02,9.922,-1.015,-1.135,-7.002089,-34.832767
34231,0,0.32,0.00,9.922,-1.015,-1.130,-7.002089,-34.832767
34281,0,5.28,91.84,9.926,-1.030,-1.135,-7.002089,-34.832767
34332,0,7.51,89.26,9.922,-1.020,-1.111,-7.002089,-34.832767
34382,0,9.66,0.00,9.922,-1.025,-1.140,-7.002089,-34.832767
34433,0,13.44,73.04,9.917,-1.015,-1.140,-7.002089,-34.832767
34483,0,15.21,70.77,9.936,-1.015,-1.116,-7.002089,-34.832767
34533,0,16.78,0.00,9.907,-1.015,-1.120,-7.002089,-34.832767
34585,0,17.18,-46.50,9.926,-1.010,-1.130,-7.002089,-34.832767
34637,0,16.13,-38.63,9.941,-1.025,-1.135,-7.002089,-34.832767
34688,0,15.15,0.00,9.936,-1.025,-1.140,-7.002089,-34.832767
34739,0,14.20,-35.08,9.922,-1.025,-1.135,-7.002089,-34.832767
34790,0,12.47,-30.67,9.926,-1.010,-1.135,-7.002089,-34.832767
34842,0,11.71,-28.32,9.931,-1.020,-1.130,-7.002089,-34.832767
34894,0,10.95,0.00,9.936,-1.001,-1.164,-7.002089,-34.832767
34945,0,9.61,-24.07,9.941,-1.030,-1.159,-7.002089,-34.832767
34997,0,9.00,0.00,9.936,-1.030,-1.149,-7.002089,-34.832767
35048,0,7.87,-22.12,9.946,-1.030,-1.130,-7.002089,-34.832767
35099,0,7.40,-18.82,9.922,-1.025,-1.120,-7.002089,-34.832767
35149,0,6.93,0.00,9.926,-1.015,-1.130,-7.002092,-34.832764
35200,0,6.07,-17.29,9.926,-1.025,-1.140,-7.002092,-34.832764
35250,0,5.71,-13.85,9.907,-1.025,-1.135,-7.002092,-34.832764
35300,0,5.34,0.00,9.936,-1.015,-1.144,-7.002092,-34.832764
35351,0,4.70,-11.51,9.965,-1.010,-1.164,-7.002092,-34.832764
35401,0,4.37,-12.96,9.898,-1.020,-1.120,-7.002092,-34.832764
35452,0,4.12,0.00,9.931,-1.015,-1.130,-7.002092,-34.832764
35502,0,3.60,-9.77,9.950,-1.015,-1.125,-7.002092,-34.832764
35552,0,3.38,-8.61,9.926,-1.015,-1.111,-7.002092,-34.832764
35604,0,2.96,-7.58,9.926,-1.020,-1.140,-7.002092,-34.832764
35655,0,2.78,-6.61,9.936,-1.010,-1.154,-7.002092,-34.832764
35707,0,2.60,0.00,9.922,-1.025,-1.130,-7.002092,-34.832764
35758,0,2.29,-5.29,9.931,-1.044,-1.144,-7.002092,-34.832764
35810,0,2.15,-5.40,9.931,-1.006,-1.130,-7.002092,-34.832764
35862,0,1.87,-4.84,9.931,-1.015,-1.144,-7.002092,-34.832764
35912,0,1.87,0.00,9.922,-1.030,-1.130,-7.002092,-34.832764
35964,0,1.66,-4.26,9.936,-1.006,-1.125,-7.002092,-34.832764
36015,0,1.54,-4.53,9.926,-1.030,-1.149,-7.002092,-34.832764
36067,0,1.34,-3.09,9.907,-1.030,-1.140,-7.002092,-34.832764
36118,0,1.23,-4.37,9.941,-1.010,-1.111,-7.002093,-34.832764
36168,0,1.15,0.00,9.931,-1.053,-1.125,-7.002093,-34.832764
36224,0,1.00,-1.94,9.931,-1.020,-1.154,-7.002093,-34.832764
36274,0,0.85,-3.44,9.936,-1.020,-1.106,-7.002093,-34.832764
36325,0,0.79,-2.37,9.912,-1.030,-1.125,-7.002093,-34.832764
36375,0,0.74,0.00,9.917,-1.020,-1.111,-7.002093,-34.832764
36425,0,0.63,-1.41,9.931,-1.034,-1.116,-7.002093,-34.832764
36476,0,0.59,-1.43,9.926,-1.025,-1.120,-7.002093,-34.832764
36526,0,0.54,0.00,9.912,-1.015,-1.144,-7.002093,-34.832764
36578,0,0.41,-3.46,9.922,-1.006,-1.120,-7.002093,-34.832764
36630,0,0.41,0.00,9.931,-1.025,-1.125,-7.002093,-34.832764
36681,0,0.37,0.00,9.926,-0.996,-1.130,-7.002093,-34.832764
36732,0,0.32,-1.77,9.936,-1.020,-1.164,-7.002093,-34.832764
36783,0,0.27,0.00,9.922,-1.025,-1.106,-7.002093,-34.832764
36835,0,0.22,-1.34,9.912,-1.030,-1.130,-7.002093,-34.832764
36887,0,0.17,0.00,9.936,-1.025,-1.140,-7.002093,-34.832764
36938,0,0.12,-1.32,9.950,-1.020,-1.130,-7.002093,-34.832764
36990,0,0.11,-0.52,9.902,-1.010,-1.144,-7.002093,-34.832764
37041,0,0.05,-0.50,9.917,-1.020,-1.116,-7.002093,-34.832764
37092,0,0.01,-1.59,9.922,-1.015,-1.116,-7.002093,-34.832764
37142,0,-0.01,0.00,9.912,-1.001,-1.159,-7.002094,-34.832764
37193,0,-0.06,-1.45,9.931,-1.020,-1.125,-7.002094,-34.832764
37243,0,-0.06,0.00,9.926,-1.020,-1.097,-7.002094,-34.832764
37293,0,-0.07,0.00,9.936,-1.006,-1.087,-7.002094,-34.832764
37344,0,-0.12,-1.89,9.917,-1.020,-1.106,-7.002094,-34.832764
37394,0,-0.13,-0.54,9.926,-1.025,-1.144,-7.002094,-34.832764
37445,0,-0.13,0.00,9.922,-1.025,-1.125,-7.002094,-34.832764
37495,0,-0.14,-0.54,9.922,-1.025,-1.130,-7.002094,-34.832764
37545,0,-0.16,-0.52,9.941,-1.006,-1.164,-7.002094,-34.832764
37597,0,-0.19,0.00,9.941,-1.001,-1.144,-7.002094,-34.832764
37649,0,-0.19,0.00,9.926,-1.025,-1.149,-7.002094,-34.832764
37700,0,-0.19,0.00,9.936,-1.020,-1.120,-7.002094,-34.832764
37752,0,-0.21,0.00,9.926,-1.006,-1.120,-7.002094,-34.832764
37803,0,-0.22,-0.48,9.922,-1.020,-1.106,-7.002094,-34.832764
37855,0,-0.22,0.00,9.936,-1.025,-1.120,-7.002094,-34.832764
37907,0,-0.24,0.00,9.926,-1.020,-1.106,-7.002094,-34.832764
37957,0,-0.24,0.00,9.941,-1.006,-1.120,-7.002094,-34.832764
38008,0,-0.26,-0.86,9.941,-1.015,-1.135,-7.002094,-34.832764
38060,0,-0.25,0.00,9.936,-1.020,-1.144,-7.002094,-34.832764
38111,0,-0.22,0.52,9.922,-1.015,-1.130,-7.002094,-34.832764
38161,0,-0.22,0.00,9.922,-1.030,-1.130,-7.002092,-34.832764
38212,0,-0.23,0.00,9.926,-1.006,-1.140,-7.002092,-34.832764
38267,0,-0.22,0.18,9.931,-1.010,-1.149,-7.002092,-34.832764
38318,0,-0.22,0.00,9.931,-1.010,-1.120,-7.002092,-34.832764
38368,0,-0.22,0.00,9.917,-1.015,-1.135,-7.002092,-34.832764
38419,0,-0.22,0.00,9.907,-1.006,-1.111,-7.002092,-34.832764
38469,0,-0.20,0.56,9.917,-1.001,-1.120,-7.002092,-34.832764
38520,0,-0.22,-0.54,9.931,-1.020,-1.106,-7.002092,-34.832764
38572,0,-0.22,0.00,9.922,-0.991,-1.144,-7.002092,-34.832764
38623,0,-0.22,0.00,9.931,-1.025,-1.130,-7.002092,-34.832764
38674,0,-0.22,0.00,9.926,-1.015,-1.140,-7.002092,-34.832764
38725,0,-0.20,0.52,9.907,-1.020,-1.140,-7.002092,-34.832764
38777,0,-0.19,0.00,9.931,-1.006,-1.168,-7.002092,-34.832764
38829,0,-0.17,1.34,9.941,-1.006,-1.130,-7.002092,-34.832764
38880,0,-0.17,0.00,9.917,-1.025,-1.111,-7.002092,-34.832764
38932,0,-0.14,0.52,9.931,-1.020,-1.116,-7.002092,-34.832764
38983,0,-0.13,0.52,9.922,-1.020,-1.144,-7.002092,-34.832764
39035,0,-0.11,0.00,9.941,-1.020,-1.135,-7.002092,-34.832764
39085,0,-0.10,0.00,9.955,-1.020,-1.144,-7.002092,-34.832764
39135,0,-0.10,0.00,9.917,-1.025,-1.144,-7.002093,-34.832764
39186,0,-0.10,-0.56,9.946,-1.030,-1.135,-7.002093,-34.832764
39236,0,-0.10,0.00,9.922,-1.015,-1.125,-7.002093,-34.832764
39287,0,-0.10,0.00,9.926,-1.025,-1.140,-7.002093,-34.832764
39337,0,-0.10,0.00,9.917,-1.006,-1.154,-7.002093,-34.832764
39388,0,-0.10,0.00,9.936,-1.015,-1.144,-7.002093,-34.832764
39438,0,-0.10,0.00,9.926,-1.020,-1.120,-7.002093,-34.832764
39488,0,-0.11,-0.50,9.912,-1.030,-1.159,-7.002093,-34.832764
39539,0,-0.11,0.00,9.941,-1.030,-1.120,-7.002093,-34.832764
39590,0,-0.10,0.00,9.931,-1.015,-1.130,-7.002093,-34.832764
39642,0,-0.05,0.00,9.931,-1.006,-1.149,-7.002093,-34.832764
39694,0,-0.05,0.00,9.931,-1.006,-1.125,-7.002093,-34.832764
39745,0,-0.06,-0.48,9.917,-1.020,-1.130,-7.002093,-34.832764
39797,0,-0.06,0.00,9.931,-1.001,-1.125,-7.002093,-34.832764
39848,0,-0.13,0.00,9.907,-0.996,-1.130,-7.002093,-34.832764
39899,0,-0.10,0.82,9.922,-1.030,-1.159,-7.002093,-34.832764
39950,0,-0.15,0.00,9.907,-1.015,-1.125,-7.002093,-34.832764
40002,0,-0.13,-0.56,9.950,-1.034,-1.130,-7.002093,-34.832764
40051,0,-0.12,0.00,9.936,-1.010,-1.116,-7.002093,-34.832764
40102,0,-0.14,-0.56,9.926,-0.996,-1.116,-7.002093,-34.832764
40152,0,-0.14,0.00,9.926,-1.015,-1.140,-7.002094,-34.832764
40202,0,-0.16,0.00,9.946,-1.025,-1.130,-7.002094,-34.832764
40253,0,-0.14,0.00,9.907,-1.020,-1.111,-7.002094,-34.832764
40310,0,-0.13,0.19,9.922,-1.025,-1.125,-7.002094,-34.832764
40360,0,-0.13,0.00,9.902,-1.030,-1.106,-7.002094,-34.832764
40411,0,-0.13,0.00,9.907,-1.001,-1.140,-7.002094,-34.832764
40461,0,-0.12,0.56,9.926,-1.020,-1.130,-7.002094,-34.832764
40512,0,-0.10,0.52,9.936,-1.030,-1.125,-7.002094,-34.832764
40562,0,-0.09,0.00,9.931,-1.020,-1.135,-7.002094,-34.832764
40612,0,-0.09,0.00,9.926,-1.034,-1.101,-7.002094,-34.832764
40663,0,-0.09,0.00,9.926,-1.030,-1.116,-7.002094,-34.832764
40715,0,-0.09,0.00,9.931,-1.025,-1.135,-7.002094,-34.832764
40767,0,-0.09,0.00,9.936,-1.001,-1.130,-7.002094,-34.832764
40818,0,-0.09,1.34,9.936,-1.010,-1.144,-7.002094,-34.832764
40870,0,-0.08,0.52,9.922,-1.034,-1.149,-7.002094,-34.832764
40922,0,-0.06,0.00,9.917,-1.025,-1.149,-7.002094,-34.832764
40973,0,-0.09,-0.86,9.946,-1.015,-1.135,-7.002094,-34.832764
41025,0,-0.09,0.00,9.922,-1.015,-1.135,-7.002094,-34.832764
41074,0,-0.06,0.93,9.902,-1.039,-1.125,-7.002094,-34.832764
41125,0,-0.06,0.00,9.936,-1.010,-1.140,-7.002094,-34.832764
41175,0,-0.05,0.00,9.931,-1.015,-1.135,-7.002094,-34.832764
41226,0,-0.05,0.00,9.931,-1.034,-1.144,-7.002094,-34.832764
41276,0,-0.04,0.56,9.922,-1.044,-1.159,-7.002094,-34.832764
41327,0,-0.04,0.00,9.912,-1.020,-1.140,-7.002094,-34.832764
41377,0,-0.04,0.00,9.922,-1.020,-1.140,-7.002094,-34.832764
41427,0,-0.02,0.50,9.950,-1.015,-1.120,-7.002094,-34.832764
41478,0,-0.02,0.00,9.917,-0.996,-1.125,-7.002094,-34.832764
41528,0,-0.01,0.00,9.931,-1.010,-1.125,-7.002094,-34.832764
41580,0,-0.01,0.00,9.936,-1.015,-1.144,-7.002094,-34.832764
41632,0,-0.01,0.00,9.922,-1.039,-1.106,-7.002094,-34.832764
41683,0,-0.02,-0.52,9.931,-1.006,-1.154,-7.002094,-34.832764
41735,0,-0.01,0.00,9.907,-0.996,-1.125,-7.002094,-34.832764
41787,0,-0.04,-0.52,9.941,-1.030,-1.116,-7.002094,-34.832764
41838,0,-0.04,0.00,9.912,-1.020,-1.116,-7.002094,-34.832764
41890,0,-0.04,0.00,9.931,-1.020,-1.120,-7.002094,-34.832764
41941,0,-0.07,0.00,9.931,-1.010,-1.140,-7.002094,-34.832764
41992,0,-0.09,-0.52,9.912,-1.001,-1.125,-7.002094,-34.832764
42043,0,-0.10,-0.52,9.931,-1.015,-1.135,-7.002094,-34.832764
42094,0,-0.11,0.00,9.926,-1.030,-1.144,-7.002094,-34.832764
42144,0,-0.10,0.00,9.917,-1.015,-1.135,-7.002098,-34.832764
42194,0,-0.09,0.56,9.917,-1.015,-1.125,-7.002098,-34.832764
42245,0,-0.07,0.00,9.926,-1.001,-1.120,-7.002098,-34.832764
42295,0,-0.07,0.00,9.936,-1.020,-1.120,-7.002098,-34.832764
42361,0,-0.07,0.00,9.926,-1.015,-1.140,-7.002098,-34.832764
42411,0,-0.07,0.00,9.912,-1.006,-1.130,-7.002098,-34.832764
42462,0,-0.07,0.00,9.931,-1.020,-1.120,-7.002098,-34.832764
42512,0,-0.07,0.00,9.926,-1.001,-1.135,-7.002098,-34.832764
42562,0,-0.07,0.00,9.912,-1.025,-1.130,-7.002098,-34.832764
42613,0,-0.04,0.56,9.922,-1.025,-1.135,-7.002098,-34.832764
42664,0,-0.04,0.00,9.941,-1.015,-1.116,-7.002098,-34.832764
42715,0,-0.04,0.00,9.931,-1.030,-1.130,-7.002098,-34.832764
42767,0,-0.03,0.00,9.926,-1.010,-1.144,-7.002098,-34.832764
42819,0,-0.00,0.48,9.931,-1.001,-1.149,-7.002098,-34.832764
42870,0,0.01,0.54,9.922,-1.030,-1.135,-7.002098,-34.832764
42922,0,0.02,0.47,9.931,-1.010,-1.135,-7.002098,-34.832764
42973,0,0.04,0.52,9.917,-1.025,-1.130,-7.002098,-34.832764
43025,0,0.04,0.00,9.936,-1.020,-1.125,-7.002098,-34.832764
43075,0,0.04,0.00,9.926,-1.030,-1.106,-7.002098,-34.832764
43125,0,0.07,1.47,9.922,-0.991,-1.159,-7.002099,-34.832764
43176,0,0.07,0.00,9.907,-1.015,-1.135,-7.002099,-34.832764
43226,0,0.04,-1.47,9.907,-0.991,-1.120,-7.002099,-34.832764
43276,0,0.06,0.89,9.926,-1.044,-1.140,-7.002099,-34.832764
43327,0,0.06,0.00,9.931,-1.058,-1.130,-7.002099,-34.832764
43377,0,0.12,2.25,9.917,-1.025,-1.149,-7.002099,-34.832764
43428,0,0.18,2.45,9.922,-0.996,-1.140,-7.002099,-34.832764
43478,0,0.29,0.00,9.941,-1.015,-1.140,-7.002099,-34.832764
43564,0,0.44,0.32,9.907,-1.006,-1.130,-7.002099,-34.832764
43616,0,0.39,0.00,9.941,-1.006,-1.159,-7.002099,-34.832764
43667,0,3.02,97.36,9.931,-1.006,-1.135,-7.002099,-34.832764
43718,0,5.51,0.00,9.950,-1.039,-1.140,-7.002099,-34.832764
43770,0,10.06,81.94,9.917,-1.010,-1.140,-7.002099,-34.832764
43821,0,12.08,0.00,9.936,-1.015,-1.154,-7.002099,-34.832764
43873,0,15.79,66.26,9.917,-1.006,-1.144,-7.002099,-34.832764
43925,0,17.39,59.15,9.936,-1.006,-1.130,-7.002099,-34.832764
43976,0,16.31,0.00,9.907,-1.030,-1.140,-7.002099,-34.832764
44028,0,14.33,-35.58,9.936,-1.044,-1.135,-7.002099,-34.832764
44078,0,13.46,0.00,9.917,-1.034,-1.149,-7.002099,-34.832764
44148,0,11.83,-20.93,9.917,-1.010,-1.154,-7.002097,-34.832764
44199,0,10.37,-27.28,9.922,-1.010,-1.125,-7.002097,-34.832764
44249,0,9.74,-25.41,9.941,-1.020,-1.130,-7.002097,-34.832764
44299,0,9.14,0.00,9.917,-1.006,-1.116,-7.002097,-34.832764
44350,0,8.03,-20.51,9.912,-1.010,-1.154,-7.002097,-34.832764
44400,0,7.55,-19.06,9.965,-1.001,-1.140,-7.002097,-34.832764
44451,0,7.09,0.00,9.926,-1.030,-1.159,-7.002097,-34.832764
44501,0,6.26,-16.68,9.922,-1.020,-1.144,-7.002097,-34.832764
44551,0,5.87,-15.38,9.931,-1.030,-1.140,-7.002097,-34.832764
44603,0,5.51,0.00,9.941,-1.006,-1.144,-7.002097,-34.832764
44654,0,4.87,-12.46,9.926,-1.006,-1.135,-7.002097,-34.832764
44705,0,4.87,0.00,9.926,-1.034,-1.140,-7.002097,-34.832764
44756,0,4.31,-10.17,9.922,-1.010,-1.154,-7.002097,-34.832764
44808,0,4.04,0.00,9.931,-1.001,-1.149,-7.002097,-34.832764
44860,0,3.56,-9.31,9.926,-1.039,-1.140,-7.002097,-34.832764
44911,0,3.34,-8.09,9.917,-1.030,-1.125,-7.002097,-34.832764
44963,0,2.94,-8.49,9.936,-1.020,-1.144,-7.002097,-34.832764
45014,0,2.76,-6.72,9.922,-1.006,-1.130,-7.002097,-34.832764
45067,0,2.57,0.00,9.931,-1.010,-1.111,-7.002097,-34.832764
45117,0,2.28,-5.19,9.902,-1.025,-1.140,-7.002098,-34.832764
45167,0,2.13,-5.81,9.917,-1.015,-1.120,-7.002098,-34.832764
45218,0,2.01,0.00,9.926,-1.025,-1.120,-7.002098,-34.832764
45268,0,1.77,-4.18,9.941,-1.010,-1.135,-7.002098,-34.832764
45319,0,1.67,-4.28,9.936,-1.001,-1.149,-7.002098,-34.832764
45369,0,1.56,0.00,9.946,-1.020,-1.144,-7.002098,-34.832764
45419,0,1.38,-4.37,9.917,-1.010,-1.135,-7.002098,-34.832764
45470,0,1.32,-2.27,9.922,-1.025,-1.125,-7.002098,-34.832764
45520,0,1.21,0.00,9.946,-1.039,-1.135,-7.002098,-34.832764
45572,0,1.07,-2.80,9.936,-1.039,-1.140,-7.002098,-34.832764
45624,0,1.01,-2.22,9.922,-0.996,-1.135,-7.002098,-34.832764
45676,0,0.90,-2.70,9.926,-1.010,-1.140,-7.002098,-34.832764
45727,0,0.83,-2.68,9.936,-1.015,-1.154,-7.002098,-34.832764
45779,0,0.79,0.00,9.931,-1.039,-1.168,-7.002098,-34.832764
45830,0,0.67,-3.22,9.950,-1.025,-1.159,-7.002098,-34.832764
45882,0,0.64,0.00,9.907,-1.001,-1.135,-7.002098,-34.832764
45934,0,0.58,-0.52,9.926,-1.010,-1.135,-7.002098,-34.832764
45984,0,0.58,0.00,9.902,-0.986,-1.130,-7.002098,-34.832764
46036,0,0.53,-1.34,9.936,-1.020,-1.106,-7.002098,-34.832764
46086,0,0.50,-0.88,9.922,-1.034,-1.159,-7.002098,-34.832764
46136,0,0.45,-0.77,9.907,-1.006,-1.168,-7.002097,-34.832764
46195,0,0.42,-0.30,9.898,-1.030,-1.135,-7.002097,-34.832764
46245,0,0.42,0.00,9.941,-1.010,-1.144,-7.002097,-34.832764
46296,0,0.39,0.00,9.941,-1.010,-1.106,-7.002097,-34.832764
46346,0,0.35,-1.47,9.926,-1.006,-1.111,-7.002097,-34.832764
46397,0,0.35,0.00,9.917,-1.010,-1.116,-7.002097,-34.832764
46447,0,0.31,0.00,9.902,-1.025,-1.140,-7.002097,-34.832764
46497,0,0.34,0.52,9.941,-1.030,-1.135,-7.002097,-34.832764
46548,0,0.31,-1.45,9.922,-1.006,-1.144,-7.002097,-34.832764
46598,0,0.32,0.50,9.922,-1.001,-1.125,-7.002097,-34.832764
46650,0,0.33,0.54,9.931,-1.015,-1.130,-7.002097,-34.832764
46701,0,0.29,0.00,9.898,-1.010,-1.154,-7.002097,-34.832764
46753,0,0.32,0.50,9.941,-1.020,-1.140,-7.002097,-34.832764
46804,0,0.33,0.00,9.950,-1.010,-1.125,-7.002097,-34.832764
46856,0,0.33,0.00,9.912,-0.996,-1.135,-7.002097,-34.832764
46908,0,0.36,1.02,9.902,-1.020,-1.159,-7.002097,-34.832764
46959,0,0.31,-0.48,9.912,-1.015,-1.144,-7.002097,-34.832764
47011,0,0.33,0.48,9.926,-1.030,-1.097,-7.002097,-34.832764
47060,0,0.33,0.00,9.931,-1.010,-1.135,-7.002097,-34.832764
47111,0,0.34,0.56,9.907,-0.996,-1.149,-7.002097,-34.832764
47161,0,0.31,-1.35,9.907,-1.015,-1.120,-7.002095,-34.832764
47211,0,0.31,0.00,9.936,-1.025,-1.140,-7.002095,-34.832764
47262,0,0.28,-1.49,9.941,-1.015,-1.106,-7.002095,-34.832764
47312,0,0.30,0.58,9.922,-1.006,-1.130,-7.002095,-34.832764
47363,0,0.28,0.00,9.912,-1.034,-1.149,-7.002095,-34.832764
47413,0,0.28,0.00,9.922,-1.020,-1.130,-7.002095,-34.832764
47464,0,0.30,0.58,9.922,-1.001,-1.144,-7.002095,-34.832764
47514,0,0.29,0.00,9.922,-1.015,-1.120,-7.002095,-34.832764
47564,0,0.30,0.00,9.931,-0.996,-1.140,-7.002095,-34.832764
47615,0,0.30,0.00,9.917,-1.034,-1.130,-7.002095,-34.832764
47667,0,0.31,0.54,9.931,-1.058,-1.140,-7.002095,-34.832764
47719,0,0.31,0.00,9.960,-1.010,-1.125,-7.002095,-34.832764
47769,0,0.33,0.52,9.931,-0.996,-1.120,-7.002095,-34.832764
47821,0,0.34,0.48,9.912,-0.991,-1.116,-7.002095,-34.832764
47872,0,0.29,0.00,9.926,-1.001,-1.154,-7.002095,-34.832764
47924,0,0.29,0.00,9.917,-1.025,-1.120,-7.002095,-34.832764
47975,0,0.31,0.00,9.922,-1.010,-1.130,-7.002095,-34.832764
48027,0,0.31,0.00,9.926,-1.020,-1.140,-7.002095,-34.832764
48077,0,0.31,0.00,9.955,-1.020,-1.154,-7.002095,-34.832764
48127,0,0.31,0.00,9.922,-1.025,-1.144,-7.002095,-34.832764
48178,0,0.32,0.58,9.926,-1.001,-1.144,-7.002095,-34.832764
48236,0,0.32,0.00,9.926,-1.006,-1.140,-7.002095,-34.832764
48287,0,0.31,-0.58,9.917,-1.015,-1.116,-7.002095,-34.832764
48337,0,0.31,0.00,9.941,-1.044,-1.140,-7.002095,-34.832764
48388,0,0.24,-0.52,9.941,-1.044,-1.130,-7.002095,-34.832764
48438,0,0.24,0.00,9.912,-1.044,-1.111,-7.002095,-34.832764
48488,0,0.24,0.00,9.936,-0.991,-1.130,-7.002095,-34.832764
48539,0,0.23,-0.56,9.922,-0.991,-1.125,-7.002095,-34.832764
48590,0,0.23,0.00,9.907,-1.006,-1.140,-7.002095,-34.832764
48641,0,0.24,0.52,9.931,-1.006,-1.135,-7.002095,-34.832764
48692,0,0.23,0.00,9.922,-1.015,-1.159,-7.002095,-34.832764
48744,0,0.24,0.00,9.922,-1.015,-1.164,-7.002095,-34.832764
48796,0,0.26,0.50,9.931,-1.020,-1.120,-7.002095,-34.832764
48847,0,0.26,0.00,9.936,-1.030,-1.140,-7.002095,-34.832764
48899,0,0.24,-0.50,9.931,-1.015,-1.140,-7.002095,-34.832764
48950,0,0.24,0.00,9.926,-1.006,-1.120,-7.002095,-34.832764
49002,0,0.22,-0.48,9.917,-0.991,-1.154,-7.002095,-34.832764
49051,0,0.24,0.84,9.936,-1.020,-1.144,-7.002095,-34.832764
49101,0,0.20,0.00,9.936,-1.039,-1.135,-7.002095,-34.832764
49152,0,0.20,0.00,9.912,-1.039,-1.144,-7.002097,-34.832764
49202,0,0.20,0.00,9.926,-1.020,-1.140,-7.002097,-34.832764
49253,0,0.19,0.00,9.926,-1.015,-1.120,-7.002097,-34.832764
49303,0,0.19,0.00,9.926,-1.030,-1.116,-7.002097,-34.832764
49354,0,0.19,0.00,9.946,-1.020,-1.149,-7.002097,-34.832764
49404,0,0.17,-0.56,9.926,-1.034,-1.149,-7.002097,-34.832764
49454,0,0.19,0.56,9.931,-1.015,-1.120,-7.002097,-34.832764
49505,0,0.25,0.00,9.936,-1.010,-1.135,-7.002097,-34.832764
49555,0,0.43,3.04,9.936,-1.001,-1.101,-7.002097,-34.832764
49606,0,0.55,4.53,9.922,-0.996,-1.101,-7.002097,-34.832764
49677,0,0.67,0.94,9.931,-1.020,-1.149,-7.002097,-34.832764
49728,0,0.64,-1.23,9.912,-1.015,-1.149,-7.002097,-34.832764
49779,0,3.36,100.79,9.907,-1.025,-1.130,-7.002097,-34.832764
49831,0,8.22,87.94,9.926,-1.010,-1.130,-7.002097,-34.832764
49882,0,10.41,87.93,9.926,-1.015,-1.106,-7.002097,-34.832764
49934,0,12.46,0.00,9.936,-1.010,-1.101,-7.002097,-34.832764
49986,0,16.17,67.10,9.922,-0.982,-1.135,-7.002097,-34.832764
50037,0,17.84,61.86,9.907,-1.006,-1.116,-7.002097,-34.832764
50087,0,17.75,0.00,9.926,-1.015,-1.125,-7.002097,-34.832764
50138,0,15.64,-39.32,9.922,-1.030,-1.111,-7.002092,-34.832760
50188,0,14.68,-36.97,9.926,-1.006,-1.144,-7.002092,-34.832760
50239,0,13.77,0.00,9.917,-1.020,-1.144,-7.002092,-34.832760
50299,0,12.17,-22.62,9.917,-1.001,-1.149,-7.002092,-34.832760
50349,0,10.73,-27.79,9.917,-1.015,-1.173,-7.002092,-34.832760
50400,0,10.09,-25.45,9.917,-1.025,-1.149,-7.002092,-34.832760
50450,0,9.44,0.00,9.912,-1.049,-1.106,-7.002092,-34.832760
50500,0,8.30,-21.33,9.917,-1.034,-1.154,-7.002092,-34.832760
50551,0,7.78,-20.67,9.946,-1.025,-1.130,-7.002092,-34.832760
50601,0,7.31,-17.43,9.946,-0.982,-1.144,-7.002092,-34.832760
50652,0,6.88,-16.08,9.936,-0.996,-1.140,-7.002092,-34.832760
50704,0,6.04,-16.42,9.931,-1.006,-1.135,-7.002092,-34.832760
50753,0,5.66,-13.88,9.931,-1.020,-1.154,-7.002092,-34.832760
50805,0,5.34,0.00,9.907,-1.058,-1.154,-7.002092,-34.832760
50856,0,4.66,-13.52,9.912,-1.034,-1.106,-7.002092,-34.832760
50908,0,4.39,-9.33,9.926,-1.015,-1.111,-7.002092,-34.832760
50959,0,3.88,-7.96,9.912,-1.001,-1.106,-7.002092,-34.832760
51011,0,3.61,-10.64,9.917,-1.006,-1.106,-7.002092,-34.832760
51063,0,3.39,0.00,9.917,-1.020,-1.097,-7.002092,-34.832760
51114,0,3.00,-6.64,9.922,-1.025,-1.120,-7.002092,-34.832760
51164,0,2.80,-7.85,9.950,-1.039,-1.120,-7.002095,-34.832764
51214,0,2.65,0.00,9.941,-1.030,-1.120,-7.002095,-34.832764
51265,0,2.31,-6.02,9.902,-0.986,-1.159,-7.002095,-34.832764
51315,0,2.15,-5.83,9.926,-1.010,-1.140,-7.002095,-34.832764
51366,0,1.99,0.00,9.922,-1.025,-1.149,-7.002095,-34.832764
51416,0,1.76,-4.89,9.926,-1.020,-1.135,-7.002095,-34.832764
51466,0,1.64,-4.24,9.922,-1.025,-1.144,-7.002095,-34.832764
51517,0,1.42,-4.20,9.941,-1.030,-1.135,-7.002095,-34.832764
51567,0,1.35,-2.92,9.922,-0.982,-1.130,-7.002095,-34.832764
51618,0,1.23,0.00,9.907,-0.982,-1.140,-7.002095,-34.832764
51670,0,1.11,-1.66,9.931,-1.020,-1.135,-7.002095,-34.832764
51720,0,1.11,0.00,9.936,-1.020,-1.164,-7.002095,-34.832764
51769,0,1.02,-1.45,9.912,-1.034,-1.154,-7.002095,-34.832764
51821,0,0.95,0.00,9.926,-1.049,-1.144,-7.002095,-34.832764
51872,0,0.84,-2.68,9.941,-1.010,-1.120,-7.002095,-34.832764
51924,0,0.76,-2.94,9.922,-0.991,-1.130,-7.002095,-34.832764
51975,0,0.73,0.00,9.946,-0.982,-1.125,-7.002095,-34.832764
52027,0,0.66,-1.38,9.931,-1.001,-1.144,-7.002095,-34.832764
52080,0,0.62,0.00,9.946,-1.034,-1.130,-7.002095,-34.832764
52130,0,0.56,-1.39,9.931,-1.039,-1.140,-7.002093,-34.832764
52180,0,0.58,0.52,9.922,-1.034,-1.154,-7.002093,-34.832764
52231,0,0.55,0.00,9.926,-1.015,-1.130,-7.002093,-34.832764
52281,0,0.60,2.92,9.931,-0.972,-1.140,-7.002093,-34.832764
52340,0,0.65,0.73,9.912,-1.001,-1.149,-7.002093,-34.832764
52390,0,0.73,1.47,9.922,-1.025,-1.144,-7.002093,-34.832764
52480,0,0.83,1.81,9.917,-1.049,-1.130,-7.002093,-34.832764
52532,0,3.43,105.90,9.917,-1.053,-1.116,-7.002093,-34.832764
52584,0,5.88,90.64,9.931,-1.001,-1.135,-7.002093,-34.832764
52634,0,8.22,86.58,9.907,-0.962,-1.120,-7.002093,-34.832764
52686,0,10.39,80.60,9.907,-0.991,-1.135,-7.002093,-34.832764
52737,0,12.46,0.00,9.941,-1.030,-1.125,-7.002093,-34.832764
52789,0,16.10,64.44,9.931,-1.049,-1.116,-7.002093,-34.832764
52840,0,17.76,0.00,9.931,-1.039,-1.135,-7.002093,-34.832764
52892,0,18.19,-47.53,9.926,-1.030,-1.135,-7.002093,-34.832764
52943,0,17.07,-41.75,9.922,-0.972,-1.140,-7.002093,-34.832764
52995,0,16.05,0.48,9.926,-0.982,-1.135,-7.002093,-34.832764
53047,0,14.08,-38.41,9.926,-1.015,-1.125,-7.002093,-34.832764
53097,0,13.21,0.00,9.917,-1.034,-1.135,-7.002093,-34.832764
53148,0,11.60,-31.15,9.931,-1.053,-1.135,-7.002089,-34.832764
53198,0,10.89,-28.35,9.922,-1.034,-1.120,-7.002089,-34.832764
53248,0,10.21,0.00,9.931,-1.025,-1.154,-7.002089,-34.832764
53299,0,9.00,-23.21,9.950,-0.977,-1.140,-7.002089,-34.832764
53349,0,8.42,-23.07,9.912,-0.982,-1.116,-7.002089,-34.832764
53400,0,7.95,0.00,9.917,-1.030,-1.125,-7.002089,-34.832764
53450,0,6.96,-19.26,9.931,-1.044,-1.101,-7.002089,-34.832764
53501,0,6.54,-16.16,9.902,-1.058,-1.144,-7.002089,-34.832764
53551,0,6.15,0.00,9.926,-1.049,-1.116,-7.002089,-34.832764
53602,0,5.41,-12.88,9.950,-1.001,-1.120,-7.002089,-34.832764
53654,0,5.09,-12.06,9.936,-0.962,-1.120,-7.002089,-34.832764
53705,0,4.49,-10.68,9.922,-0.996,-1.144,-7.002089,-34.832764
53757,0,4.24,-9.33,9.922,-1.006,-1.135,-7.002089,-34.832764
53809,0,3.95,0.00,9.926,-1.034,-1.120,-7.002089,-34.832764
53859,0,3.74,-7.56,9.926,-1.053,-1.135,-7.002089,-34.832764
53911,0,3.31,-6.65,9.941,-1.049,-1.135,-7.002089,-34.832764
53962,0,3.08,-8.59,9.931,-1.006,-1.164,-7.002089,-34.832764
54014,0,2.90,0.00,9.926,-0.996,-1.101,-7.002089,-34.832764
54063,0,2.53,-7.71,9.926,-0.977,-1.101,-7.002089,-34.832764
54141,0,2.26,-3.91,9.922,-1.044,-1.125,-7.002090,-34.832767
54192,0,1.99,-5.73,9.931,-1.044,-1.159,-7.002090,-34.832767
54242,0,1.89,-3.80,9.922,-1.044,-1.135,-7.002090,-34.832767
54293,0,1.77,0.00,9.922,-1.030,-1.154,-7.002090,-34.832767
54343,0,1.54,-4.91,9.936,-0.982,-1.111,-7.002090,-34.832767
54394,0,1.47,-2.79,9.912,-0.977,-1.120,-7.002090,-34.832767
54444,0,1.36,0.00,9.926,-1.010,-1.164,-7.002090,-34.832767
54494,0,1.23,-2.90,9.931,-1.044,-1.144,-7.002090,-34.832767
54545,0,1.17,-2.39,9.926,-1.058,-1.135,-7.002090,-34.832767
54595,0,1.14,-1.21,9.931,-1.020,-1.130,-7.002090,-34.832767
54647,0,1.09,-1.69,9.917,-1.020,-1.125,-7.002090,-34.832767
54698,0,1.02,0.00,9.902,-1.010,-1.106,-7.002090,-34.832767
54750,0,0.95,-1.34,9.931,-1.015,-1.144,-7.002090,-34.832767
54801,0,0.89,0.00,9.922,-0.986,-1.120,-7.002090,-34.832767
54853,0,0.80,-1.34,9.917,-0.996,-1.144,-7.002090,-34.832767
54905,0,0.77,-1.34,9.936,-1.034,-1.140,-7.002090,-34.832767
54956,0,0.69,-1.34,9.931,-1.049,-1.164,-7.002090,-34.832767
55008,0,0.66,-1.38,9.941,-1.020,-1.149,-7.002090,-34.832767
55057,0,0.61,0.00,9.902,-1.006,-1.120,-7.002090,-34.832767
55108,0,0.56,-1.99,9.922,-1.001,-1.135,-7.002090,-34.832767
55158,0,0.51,-1.99,9.917,-0.982,-1.120,-7.002092,-34.832764
55208,0,0.49,0.00,9.941,-0.982,-1.111,-7.002092,-34.832764
55259,0,0.46,0.52,9.917,-1.010,-1.135,-7.002092,-34.832764
55309,0,0.45,-0.54,9.922,-1.034,-1.116,-7.002092,-34.832764
55360,0,0.41,0.00,9.926,-1.010,-1.168,-7.002092,-34.832764
55410,0,0.40,-0.52,9.941,-1.034,-1.111,-7.002092,-34.832764
55460,0,0.37,-0.91,9.936,-1.020,-1.111,-7.002092,-34.832764
55511,0,0.34,0.00,9.926,-1.001,-1.106,-7.002092,-34.832764
55561,0,0.32,0.00,9.936,-1.015,-1.120,-7.002092,-34.832764
55612,0,0.32,0.00,9.936,-1.010,-1.159,-7.002092,-34.832764
55664,0,0.27,0.00,9.917,-1.001,-1.154,-7.002092,-34.832764
55716,0,0.27,0.00,9.931,-1.058,-1.140,-7.002092,-34.832764
55766,0,0.27,0.00,9.922,-1.044,-1.140,-7.002092,-34.832764
55817,0,0.27,0.00,9.926,-1.001,-1.130,-7.002092,-34.832764
55869,0,0.27,0.00,9.936,-1.044,-1.120,-7.002092,-34.832764
55921,0,0.25,0.00,9.922,-1.001,-1.140,-7.002092,-34.832764
55972,0,0.25,0.00,9.902,-0.991,-1.140,-7.002092,-34.832764
56024,0,0.24,-0.56,9.917,-1.006,-1.120,-7.002092,-34.832764
56074,0,0.22,-0.52,9.946,-1.034,-1.144,-7.002092,-34.832764
56124,0,0.22,0.00,9.907,-1.030,-1.135,-7.002093,-34.832764
56182,0,0.22,0.00,9.917,-1.015,-1.106,-7.002093,-34.832764
56233,0,0.24,0.00,9.912,-0.991,-1.130,-7.002093,-34.832764
56283,0,0.24,0.00,9.912,-1.010,-1.140,-7.002093,-34.832764
56334,0,0.22,0.00,9.902,-1.006,-1.140,-7.002093,-34.832764
56384,0,0.24,0.52,9.941,-1.010,-1.135,-7.002093,-34.832764
56435,0,0.24,0.00,9.926,-1.030,-1.149,-7.002093,-34.832764
56485,0,0.25,0.00,9.941,-1.053,-1.120,-7.002093,-34.832764
56535,0,0.21,0.00,9.922,-1.030,-1.130,-7.002093,-34.832764
56586,0,0.21,0.00,9.946,-1.020,-1.135,-7.002093,-34.832764
56638,0,0.21,0.52,9.922,-0.991,-1.116,-7.002093,-34.832764
56689,0,0.21,0.00,9.926,-0.986,-1.125,-7.002093,-34.832764
56741,0,0.21,0.00,9.931,-1.006,-1.120,-7.002093,-34.832764
56792,0,0.24,0.93,9.926,-1.020,-1.125,-7.002093,-34.832764
56844,0,0.21,0.00,9.912,-1.015,-1.125,-7.002093,-34.832764
56896,0,0.24,0.00,9.917,-1.034,-1.125,-7.002093,-34.832764
56947,0,0.20,0.00,9.898,-1.015,-1.092,-7.002093,-34.832764
56999,0,0.22,0.00,9.917,-1.001,-1.144,-7.002093,-34.832764
57051,0,0.21,-0.52,9.931,-1.001,-1.140,-7.002093,-34.832764
57101,0,0.21,0.00,9.917,-1.006,-1.101,-7.002093,-34.832764
57151,0,0.18,-0.54,9.926,-1.025,-1.135,-7.002095,-34.832764
57202,0,0.20,0.56,9.931,-1.034,-1.120,-7.002095,-34.832764
57252,0,0.20,0.00,9.946,-1.015,-1.111,-7.002095,-34.832764
57303,0,0.22,0.91,9.936,-1.039,-1.130,-7.002095,-34.832764
57353,0,0.22,0.00,9.907,-0.991,-1.135,-7.002095,-34.832764
57404,0,0.21,-0.50,9.912,-1.001,-1.135,-7.002095,-34.832764
57454,0,0.21,0.00,9.926,-1.010,-1.111,-7.002095,-34.832764
57504,0,0.21,0.00,9.917,-1.020,-1.116,-7.002095,-34.832764
57554,0,0.16,-1.45,9.902,-1.010,-1.116,-7.002095,-34.832764
57606,0,0.14,-0.47,9.931,-1.039,-1.144,-7.002095,-34.832764
57658,0,0.14,0.00,9.907,-1.020,-1.144,-7.002095,-34.832764
57709,0,0.14,0.00,9.917,-1.034,-1.164,-7.002095,-34.832764
57761,0,0.13,-0.52,9.912,-1.006,-1.116,-7.002095,-34.832764
57812,0,0.15,-0.50,9.917,-1.010,-1.140,-7.002095,-34.832764
57863,0,0.15,0.00,9.917,-1.010,-1.130,-7.002095,-34.832764
57914,0,0.15,0.00,9.931,-1.025,-1.120,-7.002095,-34.832764
57966,0,0.15,0.00,9.931,-1.006,-1.144,-7.002095,-34.832764
58017,0,0.16,0.47,9.950,-1.010,-1.140,-7.002095,-34.832764
58070,0,0.16,0.00,9.926,-1.020,-1.154,-7.002095,-34.832764
58120,0,0.19,0.00,9.926,-1.030,-1.135,-7.002096,-34.832771
58171,0,0.12,-1.11,9.941,-1.015,-1.159,-7.002096,-34.832771
58236,0,0.10,-0.35,9.922,-1.025,-1.140,-7.002096,-34.832771
58286,0,0.13,1.49,9.907,-1.010,-1.135,-7.002096,-34.832771
58336,0,0.11,0.00,9.936,-0.977,-1.106,-7.002096,-34.832771
58387,0,0.11,0.00,9.941,-0.996,-1.130,-7.002096,-34.832771
58437,0,0.11,0.00,9.922,-1.020,-1.116,-7.002096,-34.832771
58488,0,0.09,0.00,9.912,-1.039,-1.135,-7.002096,-34.832771
58538,0,0.09,0.00,9.926,-1.025,-1.116,-7.002096,-34.832771
58590,0,0.09,0.00,9.926,-1.034,-1.149,-7.002096,-34.832771
58641,0,0.06,-1.09,9.926,-1.034,-1.120,-7.002096,-34.832771
58692,0,0.06,0.00,9.922,-1.025,-1.130,-7.002096,-34.832771
58743,0,0.05,0.00,9.946,-1.015,-1.125,-7.002096,-34.832771
58795,0,0.04,-0.50,9.922,-0.982,-1.135,-7.002096,-34.832771
58847,0,0.04,0.00,9.898,-0.967,-1.116,-7.002096,-34.832771
58898,0,0.07,1.36,9.912,-1.006,-1.159,-7.002096,-34.832771
58950,0,0.06,0.00,9.922,-1.025,-1.154,-7.002096,-34.832771
59001,0,0.06,0.00,9.922,-1.034,-1.130,-7.002096,-34.832771
59053,0,0.10,1.34,9.912,-1.044,-1.135,-7.002096,-34.832771
59104,0,0.10,0.00,9.922,-1.049,-1.116,-7.002096,-34.832771
59154,0,0.08,-0.52,9.922,-1.010,-1.116,-7.002092,-34.832771
59204,0,0.08,0.00,9.926,-0.991,-1.154,-7.002092,-34.832771
59255,0,0.07,0.00,9.917,-1.006,-1.120,-7.002092,-34.832771
59305,0,0.07,0.00,9.907,-1.001,-1.111,-7.002092,-34.832771
59356,0,0.07,0.00,9.946,-1.030,-1.135,-7.002092,-34.832771
59406,0,0.06,0.00,9.917,-1.058,-1.135,-7.002092,-34.832771
59456,0,0.06,0.00,9.950,-0.982,-1.106,-7.002092,-34.832771
59507,0,0.04,0.00,9.931,-0.972,-1.101,-7.002092,-34.832771
59557,0,0.03,-0.52,9.936,-0.972,-1.130,-7.002092,-34.832771
59608,0,0.03,0.00,9.917,-1.020,-1.101,-7.002092,-34.832771
59660,0,0.03,0.00,9.931,-1.053,-1.159,-7.002092,-34.832771
59709,0,0.01,0.00,9.922,-1.049,-1.159,-7.002092,-34.832771
59761,0,0.01,0.00,9.926,-1.044,-1.130,-7.002092,-34.832771
59811,0,0.01,0.00,9.917,-1.006,-1.097,-7.002092,-34.832771
59863,0,0.01,0.00,9.922,-0.996,-1.135,-7.002092,-34.832771
59914,0,0.01,-0.54,9.912,-1.001,-1.149,-7.002092,-34.832771
59966,0,0.01,0.00,9.931,-1.044,-1.168,-7.002092,-34.832771
60017,0,0.03,0.58,9.946,-1.063,-1.144,-7.002092,-34.832771
60070,0,0.04,0.48,9.907,-1.039,-1.135,-7.002092,-34.832771
60120,0,0.04,0.00,9.907,-0.982,-1.111,-7.002094,-34.832767
60170,0,0.04,-1.41,9.922,-0.953,-1.116,-7.002094,-34.832767
60221,0,0.03,-0.52,9.931,-0.972,-1.116,-7.002094,-34.832767
60279,0,0.01,-0.20,9.931,-1.030,-1.159,-7.002094,-34.832767
60329,0,0.01,0.00,9.922,-1.077,-1.135,-7.002094,-34.832767
60380,0,0.01,0.54,9.946,-1.068,-1.125,-7.002094,-34.832767
60430,0,0.01,0.00,9.926,-1.025,-1.135,-7.002094,-34.832767
60480,0,0.03,0.00,9.912,-0.986,-1.116,-7.002094,-34.832767
60531,0,0.05,-0.56,9.936,-0.982,-1.111,-7.002094,-34.832767
60583,0,0.05,0.00,9.936,-1.010,-1.135,-7.002094,-34.832767
60635,0,0.05,0.00,9.936,-1.049,-1.154,-7.002094,-34.832767
60685,0,0.06,0.52,9.931,-1.082,-1.149,-7.002094,-34.832767
60736,0,0.08,0.50,9.931,-1.039,-1.149,-7.002094,-34.832767
60788,0,0.08,0.00,9.907,-0.967,-1.101,-7.002094,-34.832767
60840,0,0.06,0.00,9.912,-0.924,-1.092,-7.002094,-34.832767
60891,0,0.08,0.50,9.946,-0.939,-1.116,-7.002094,-34.832767
60943,0,0.08,0.00,9.926,-1.039,-1.135,-7.002094,-34.832767
60994,0,0.08,0.00,9.917,-1.087,-1.168,-7.002094,-34.832767
61046,0,0.08,0.00,9.931,-1.106,-1.140,-7.002094,-34.832767
61096,0,0.09,0.00,9.926,-1.063,-1.120,-7.002094,-34.832767
61147,0,0.11,0.52,9.931,-0.996,-1.125,-7.002094,-34.832760
61197,0,0.12,0.54,9.936,-0.972,-1.116,-7.002094,-34.832760
61248,0,0.12,0.00,9.907,-0.977,-1.149,-7.002094,-34.832760
61298,0,0.13,0.54,9.922,-1.006,-1.159,-7.002094,-34.832760
61348,0,0.13,0.00,9.926,-1.034,-1.130,-7.002094,-34.832760
61399,0,0.13,0.00,9.931,-1.039,-1.106,-7.002094,-34.832760
61449,0,0.12,-0.56,9.917,-1.044,-1.159,-7.002094,-34.832760
61500,0,0.08,-1.45,9.917,-1.020,-1.116,-7.002094,-34.832760
61550,0,0.07,0.00,9.926,-0.996,-1.173,-7.002094,-34.832760
61601,0,0.11,0.00,9.917,-0.996,-1.149,-7.002094,-34.832760
61653,0,0.11,0.00,9.931,-1.039,-1.168,-7.002094,-34.832760
61705,0,0.11,0.00,9.941,-1.039,-1.130,-7.002094,-34.832760
61756,0,0.12,0.52,9.912,-1.030,-1.130,-7.002094,-34.832760
61808,0,0.11,-0.52,9.922,-1.006,-1.154,-7.002094,-34.832760
61860,0,0.11,0.00,9.936,-0.996,-1.130,-7.002094,-34.832760
61910,0,0.14,1.25,9.917,-0.986,-1.130,-7.002094,-34.832760
61961,0,0.14,0.00,9.907,-1.001,-1.125,-7.002094,-34.832760
62013,0,0.14,0.00,9.936,-1.006,-1.149,-7.002094,-34.832760
62062,0,0.14,0.00,9.931,-1.039,-1.164,-7.002094,-34.832760
62113,0,0.15,0.00,9.946,-1.034,-1.140,-7.002094,-34.832760
62163,0,0.15,0.00,9.917,-1.030,-1.130,-7.002096,-34.832756
62214,0,0.17,0.54,9.931,-1.015,-1.101,-7.002096,-34.832756
62264,0,0.17,0.00,9.912,-1.010,-1.135,-7.002096,-34.832756
62323,0,0.19,0.36,9.917,-1.015,-1.111,-7.002096,-34.832756
62373,0,0.21,0.54,9.931,-1.015,-1.140,-7.002096,-34.832756
62424,0,0.21,0.00,9.917,-1.020,-1.168,-7.002096,-34.832756
62474,0,0.21,0.00,9.931,-1.030,-1.140,-7.002096,-34.832756
62525,0,0.23,0.54,9.922,-1.034,-1.111,-7.002096,-34.832756
62577,0,0.25,0.52,9.922,-1.006,-1.120,-7.002096,-34.832756
62628,0,0.25,0.00,9.912,-1.006,-1.111,-7.002096,-34.832756
62679,0,0.23,-0.52,9.922,-0.991,-1.135,-7.002096,-34.832756
62730,0,0.25,0.52,9.917,-1.025,-1.135,-7.002096,-34.832756
62782,0,0.25,0.00,9.926,-1.030,-1.130,-7.002096,-34.832756
62834,0,0.23,0.00,9.931,-1.030,-1.125,-7.002096,-34.832756
62885,0,0.23,0.00,9.902,-1.001,-1.106,-7.002096,-34.832756
62937,0,0.23,0.00,9.917,-1.015,-1.135,-7.002096,-34.832756
62988,0,0.28,0.00,9.912,-1.015,-1.149,-7.002096,-34.832756
63040,0,0.23,-1.75,9.917,-0.996,-1.135,-7.002096,-34.832756
63090,0,0.23,0.00,9.912,-1.006,-1.149,-7.002096,-34.832756
63141,0,0.22,0.00,9.931,-1.020,-1.125,-7.002097,-34.832756
63191,0,0.23,0.50,9.907,-1.030,-1.154,-7.002097,-34.832756
63241,0,0.22,0.00,9.931,-1.006,-1.140,-7.002097,-34.832756
63292,0,0.22,0.00,9.926,-1.001,-1.130,-7.002097,-34.832756
63342,0,0.23,0.52,9.926,-0.967,-1.125,-7.002097,-34.832756
63393,0,0.23,0.00,9.931,-1.020,-1.159,-7.002097,-34.832756
63443,0,0.24,0.00,9.946,-1.025,-1.130,-7.002097,-34.832756
63493,0,0.23,-0.56,9.931,-1.025,-1.130,-7.002097,-34.832756
63544,0,0.23,0.00,9.941,-1.034,-1.130,-7.002097,-34.832756
63595,0,0.22,0.00,9.936,-1.020,-1.135,-7.002097,-34.832756
63647,0,0.22,0.00,9.941,-1.006,-1.144,-7.002097,-34.832756
63696,0,0.22,0.00,9.931,-1.006,-1.149,-7.002097,-34.832756
63748,0,0.22,0.00,9.931,-1.020,-1.130,-7.002097,-34.832756
63799,0,0.22,0.00,9.926,-1.030,-1.144,-7.002097,-34.832756
63851,0,0.25,0.00,9.917,-1.034,-1.130,-7.002097,-34.832756
63902,0,0.25,0.00,9.922,-1.025,-1.140,-7.002097,-34.832756
63953,0,0.25,0.00,9.926,-1.015,-1.149,-7.002097,-34.832756
64004,0,0.26,0.00,9.922,-1.030,-1.125,-7.002097,-34.832756
64056,0,0.25,0.00,9.926,-1.015,-1.140,-7.002097,-34.832756
64145,0,0.26,0.00,9.917,-1.010,-1.116,-7.002098,-34.832752
64195,0,0.28,0.56,9.912,-1.025,-1.120,-7.002098,-34.832752
64246,0,0.29,0.00,9.936,-1.020,-1.125,-7.002098,-34.832752
64296,0,0.26,-0.54,9.917,-1.006,-1.140,-7.002098,-34.832752
64346,0,0.26,0.00,9.926,-1.006,-1.154,-7.002098,-34.832752
64397,0,0.26,0.00,9.922,-1.010,-1.130,-7.002098,-34.832752
64447,0,0.26,0.00,9.922,-1.025,-1.159,-7.002098,-34.832752
64498,0,0.26,0.00,9.917,-1.025,-1.120,-7.002098,-34.832752
64548,0,0.26,0.00,9.931,-1.006,-1.120,-7.002098,-34.832752
64600,0,0.28,0.97,9.936,-1.010,-1.120,-7.002098,-34.832752
64650,0,0.28,0.00,9.941,-1.006,-1.144,-7.002098,-34.832752
64702,0,0.27,-0.47,9.907,-1.010,-1.144,-7.002098,-34.832752
64753,0,0.26,-0.50,9.950,-1.030,-1.135,-7.002098,-34.832752
64805,0,0.27,0.50,9.922,-1.015,-1.144,-7.002098,-34.832752
64856,0,0.27,0.00,9.941,-1.030,-1.125,-7.002098,-34.832752
64908,0,0.27,0.00,9.946,-1.034,-1.130,-7.002098,-34.832752
64960,0,0.27,0.00,9.936,-1.025,-1.130,-7.002098,-34.832752
65011,0,0.26,0.00,9.912,-1.015,-1.111,-7.002098,-34.832752
65063,0,0.27,0.00,9.902,-1.025,-1.116,-7.002098,-34.832752
65114,0,0.28,0.50,9.941,-1.020,-1.120,-7.002098,-34.832752
65164,0,0.28,0.00,9.936,-1.025,-1.149,-7.002099,-34.832748
65214,0,0.30,0.58,9.941,-1.015,-1.106,-7.002099,-34.832748
65265,0,0.30,0.00,9.936,-1.025,-1.144,-7.002099,-34.832748
65315,0,0.28,0.00,9.922,-1.010,-1.125,-7.002099,-34.832748
65366,0,0.28,0.00,9.931,-1.025,-1.111,-7.002099,-34.832748
65416,0,0.26,-0.83,9.922,-1.010,-1.111,-7.002099,-34.832748
65466,0,0.25,0.00,9.931,-1.025,-1.120,-7.002099,-34.832748
65517,0,0.43,2.33,9.922,-1.020,-1.111,-7.002099,-34.832748
65567,0,0.48,2.20,9.931,-1.020,-1.140,-7.002099,-34.832748
65618,0,0.56,0.00,9.922,-1.010,-1.125,-7.002099,-34.832748
65671,1,0.63,0.00,9.907,-1.006,-1.154,-7.002099,-34.832748
65723,1,0.58,0.00,9.907,-1.010,-1.111,-7.002099,-34.832748
65773,1,3.30,100.77,9.922,-1.020,-1.125,-7.002099,-34.832748
65824,1,8.20,87.55,9.922,-1.025,-1.159,-7.002099,-34.832748
65876,1,10.45,83.15,9.936,-1.015,-1.130,-7.002099,-34.832748
65928,1,12.55,0.00,9.946,-1.006,-1.144,-7.002099,-34.832748
65979,1,16.26,67.16,9.946,-1.034,-1.149,-7.002099,-34.832748
66031,1,18.02,64.90,9.941,-1.015,-1.144,-7.002099,-34.832748
66081,1,17.22,-45.05,9.922,-1.015,-1.125,-7.002099,-34.832748
66907,2,4.27,-15.09,9.931,-1.001,-1.130,-7.002098,-34.832748
66983,2,3.75,-6.84,9.917,-1.025,-1.159,-7.002098,-34.832748
69194,3,3.65,-0.06,9.950,-1.030,-1.149,-7.002098,-34.832748
69204,3,14.85,14.93,9.931,-1.006,-1.135,-7.002102,-34.832745
69255,3,13.05,-36.17,9.946,-1.025,-1.120,-7.002102,-34.832745
69305,3,12.26,-31.70,9.931,-1.020,-1.159,-7.002102,-34.832745
69356,3,11.46,0.00,9.950,-1.020,-1.140,-7.002102,-34.832745
69406,3,10.09,-27.42,9.917,-1.020,-1.135,-7.002102,-34.832745
69456,3,9.48,-23.60,9.936,-1.015,-1.130,-7.002102,-34.832745
69507,3,8.86,0.00,9.936,-1.030,-1.144,-7.002102,-34.832745
69557,3,7.82,-20.27,9.902,-1.030,-1.130,-7.002102,-34.832745
69609,3,7.35,-17.28,9.907,-1.015,-1.144,-7.002102,-34.832745
69659,3,6.88,-17.44,9.941,-1.020,-1.120,-7.002102,-34.832745
69711,3,6.43,0.00,9.922,-1.020,-1.149,-7.002102,-34.832745
69762,3,5.65,-14.22,9.917,-1.034,-1.144,-7.002102,-34.832745
69814,3,5.34,-11.50,9.917,-1.030,-1.135,-7.002102,-34.832745
69865,3,4.68,-11.18,9.946,-1.025,-1.144,-7.002102,-34.832745
69917,3,4.40,-10.99,9.917,-1.034,-1.116,-7.002102,-34.832745
69969,3,4.12,0.00,9.931,-1.001,-1.125,-7.002102,-34.832745
70020,3,3.64,-8.79,9.926,-1.006,-1.164,-7.002102,-34.832745
70072,3,3.42,-8.75,9.941,-1.015,-1.144,-7.002102,-34.832745
70123,3,3.22,0.00,9.917,-1.030,-1.130,-7.002102,-34.832745
70173,3,2.84,-7.28,9.936,-1.044,-1.101,-7.002102,-34.832745
70224,3,2.67,-6.60,9.936,-1.025,-1.111,-7.002102,-34.832745
70274,3,2.52,0.00,9.936,-1.006,-1.130,-7.002102,-34.832745
70324,3,2.25,-5.81,9.926,-1.015,-1.144,-7.002102,-34.832745
70375,3,2.11,-5.71,9.912,-1.020,-1.135,-7.002102,-34.832745
70425,3,2.00,0.00,9.946,-1.030,-1.130,-7.002102,-34.832745
70476,3,1.75,-4.39,9.936,-1.030,-1.135,-7.002102,-34.832745
70526,3,1.62,-4.35,9.917,-1.030,-1.154,-7.002102,-34.832745
70575,3,1.44,-2.68,9.931,-1.030,-1.087,-7.002102,-34.832745
70627,3,1.35,-3.54,9.931,-1.015,-1.144,-7.002102,-34.832745
70679,3,1.28,0.00,9.907,-1.020,-1.111,-7.002102,-34.832745
70730,3,1.13,-2.72,9.922,-1.020,-1.120,-7.002102,-34.832745
70782,3,1.08,0.00,9.931,-1.020,-1.125,-7.002102,-34.832745
70832,3,1.05,-0.86,9.926,-1.034,-1.130,-7.002102,-34.832745
70881,3,0.98,0.00,9.931,-1.010,-1.130,-7.002102,-34.832745
70933,3,0.87,-1.32,9.941,-1.015,-1.125,-7.002102,-34.832745
70984,3,0.81,-2.22,9.917,-1.030,-1.135,-7.002102,-34.832745
71036,3,0.74,-0.89,9.922,-1.015,-1.125,-7.002102,-34.832745
71086,3,0.72,-0.91,9.946,-1.034,-1.120,-7.002102,-34.832745
71136,3,0.68,0.00,9.936,-1.010,-1.140,-7.002100,-34.832748
71195,3,0.59,-1.28,9.931,-1.020,-1.135,-7.002100,-34.832748
71245,3,0.57,0.00,9.926,-1.025,-1.135,-7.002100,-34.832748
71296,3,0.53,-1.45,9.931,-1.030,-1.144,-7.002100,-34.832748
71346,3,0.49,0.00,9.926,-1.030,-1.125,-7.002100,-34.832748
71397,3,0.42,-1.47,9.936,-1.025,-1.111,-7.002100,-34.832748
71447,3,0.43,0.56,9.926,-1.001,-1.087,-7.002100,-34.832748
71497,3,0.40,0.00,9.917,-1.015,-1.130,-7.002100,-34.832748
71548,3,0.38,-0.78,9.941,-1.025,-1.140,-7.002100,-34.832748
71598,3,0.38,0.00,9.926,-1.039,-1.164,-7.002100,-34.832748
71650,3,0.39,0.00,9.912,-1.015,-1.135,-7.002100,-34.832748
71701,3,0.36,-1.38,9.912,-1.015,-1.120,-7.002100,-34.832748
71753,3,0.37,0.00,9.926,-1.025,-1.125,-7.002100,-34.832748
71804,3,0.33,-1.47,9.931,-1.015,-1.130,-7.002100,-34.832748
71856,3,0.35,0.00,9.941,-1.020,-1.101,-7.002100,-34.832748
71908,3,0.32,-1.34,9.926,-1.025,-1.135,-7.002100,-34.832748
71959,3,0.34,0.50,9.907,-1.015,-1.140,-7.002100,-34.832748
72011,3,0.31,0.00,9.902,-1.006,-1.120,-7.002100,-34.832748
72060,3,0.33,0.50,9.941,-1.025,-1.144,-7.002100,-34.832748
72111,3,0.34,0.00,9.941,-1.025,-1.130,-7.002100,-34.832748
72161,3,0.31,0.00,9.941,-1.025,-1.149,-7.002101,-34.832748
72211,3,0.32,0.54,9.922,-1.025,-1.144,-7.002101,-34.832748
72262,3,0.27,0.00,9.926,-1.006,-1.149,-7.002101,-34.832748
72312,3,0.28,0.00,9.907,-1.025,-1.130,-7.002101,-34.832748
72363,3,0.28,0.00,9.931,-1.015,-1.130,-7.002101,-34.832748
72413,3,0.28,0.00,9.922,-1.010,-1.125,-7.002101,-34.832748
72464,3,0.26,0.58,9.931,-1.025,-1.135,-7.002101,-34.832748
72514,3,0.26,0.00,9.912,-1.034,-1.101,-7.002101,-34.832748
72564,3,0.27,0.00,9.907,-1.006,-1.154,-7.002101,-34.832748
72615,3,0.28,0.00,9.931,-1.015,-1.130,-7.002101,-34.832748
72667,3,0.30,0.00,9.926,-1.015,-1.149,-7.002101,-34.832748
72719,3,0.28,0.54,9.922,-1.015,-1.154,-7.002101,-34.832748
72769,3,0.28,0.00,9.907,-1.015,-1.135,-7.002101,-34.832748
72820,3,0.28,0.00,9.941,-1.006,-1.149,-7.002101,-34.832748
72872,3,0.28,0.00,9.931,-1.010,-1.144,-7.002101,-34.832748
72924,3,0.31,0.50,9.941,-1.025,-1.111,-7.002101,-34.832748
72975,3,0.32,0.50,9.936,-1.015,-1.140,-7.002101,-34.832748
73027,3,0.31,0.00,9.931,-1.001,-1.154,-7.002101,-34.832748
73077,3,0.28,0.00,9.931,-1.025,-1.140,-7.002101,-34.832748
73127,3,0.28,0.00,9.926,-1.020,-1.116,-7.002100,-34.832745
73177,3,0.30,0.58,9.936,-1.015,-1.140,-7.002100,-34.832745
73243,3,0.32,0.36,9.946,-1.025,-1.159,-7.002100,-34.832745
73294,3,0.32,0.00,9.931,-1.034,-1.135,-7.002100,-34.832745
73344,3,0.32,0.00,9.926,-1.030,-1.130,-7.002100,-34.832745
73394,3,0.35,0.52,9.931,-1.025,-1.130,-7.002100,-34.832745
73445,3,0.34,-0.54,9.931,-1.020,-1.154,-7.002100,-34.832745
73495,3,0.34,0.00,9.922,-1.010,-1.154,-7.002100,-34.832745
73546,3,0.32,-0.54,9.922,-1.010,-1.159,-7.002100,-34.832745
73596,3,0.32,0.00,9.922,-1.015,-1.125,-7.002100,-34.832745
73648,3,0.31,0.00,9.917,-1.010,-1.101,-7.002100,-34.832745
73699,3,0.32,0.50,9.907,-1.020,-1.130,-7.002100,-34.832745
73751,3,0.27,0.00,9.926,-1.030,-1.140,-7.002100,-34.832745
73802,3,0.29,0.56,9.936,-1.010,-1.135,-7.002100,-34.832745
73854,3,0.27,0.00,9.922,-1.020,-1.140,-7.002100,-34.832745
73906,3,0.29,0.00,9.926,-1.020,-1.130,-7.002100,-34.832745
73957,3,0.27,-0.56,9.922,-1.020,-1.101,-7.002100,-34.832745
74009,3,0.27,0.00,9.941,-1.020,-1.130,-7.002100,-34.832745
74058,3,0.29,0.56,9.936,-1.010,-1.135,-7.002100,-34.832745
74109,3,0.27,0.00,9.936,-1.030,-1.120,-7.002100,-34.832745
74159,3,0.24,-1.41,9.926,-1.006,-1.135,-7.002100,-34.832741
74209,3,0.24,0.00,9.912,-1.020,-1.144,-7.002100,-34.832741
74260,3,0.24,0.00,9.926,-0.996,-1.144,-7.002100,-34.832741
74310,3,0.25,-0.86,9.941,-1.020,-1.140,-7.002100,-34.832741
74361,3,0.25,0.00,9.936,-1.020,-1.120,-7.002100,-34.832741
74411,3,0.26,0.00,9.917,-1.025,-1.135,-7.002100,-34.832741
74461,3,0.25,0.00,9.907,-1.034,-1.140,-7.002100,-34.832741
74512,3,0.24,-0.52,9.922,-1.025,-1.106,-7.002100,-34.832741
74562,3,0.24,0.00,9.936,-1.025,-1.140,-7.002100,-34.832741
74613,3,0.24,0.00,9.898,-1.020,-1.120,-7.002100,-34.832741
74665,3,0.24,0.00,9.936,-1.015,-1.116,-7.002100,-34.832741
74716,3,0.24,0.00,9.931,-1.015,-1.116,-7.002100,-34.832741
74767,3,0.24,0.00,9.946,-1.030,-1.144,-7.002100,-34.832741
74818,3,0.24,0.00,9.941,-1.001,-1.140,-7.002100,-34.832741
74870,3,0.22,-0.50,9.931,-1.025,-1.135,-7.002100,-34.832741
74922,3,0.24,0.50,9.946,-1.020,-1.135,-7.002100,-34.832741
74973,3,0.24,0.00,9.912,-1.025,-1.116,-7.002100,-34.832741
75025,3,0.24,0.00,9.926,-1.030,-1.120,-7.002100,-34.832741
75074,3,0.25,0.54,9.936,-1.030,-1.144,-7.002100,-34.832741
75125,3,0.25,0.00,9.922,-1.001,-1.111,-7.002101,-34.832741
75175,3,0.24,0.00,9.922,-1.034,-1.125,-7.002101,-34.832741
75226,3,0.20,0.00,9.931,-1.015,-1.111,-7.002101,-34.832741
75283,3,0.22,0.21,9.941,-1.006,-1.140,-7.002101,-34.832741
75334,3,0.22,0.00,9.931,-1.025,-1.149,-7.002101,-34.832741
75384,3,0.23,0.00,9.922,-1.034,-1.116,-7.002101,-34.832741
75435,3,0.22,0.00,9.922,-1.010,-1.149,-7.002101,-34.832741
75485,3,0.20,-0.58,9.936,-1.020,-1.125,-7.002101,-34.832741
75536,3,0.22,0.00,9.926,-1.015,-1.154,-7.002101,-34.832741
75587,3,0.23,0.52,9.917,-1.006,-1.159,-7.002101,-34.832741
75638,3,0.23,0.00,9.926,-1.020,-1.140,-7.002101,-34.832741
75689,3,0.23,-0.52,9.941,-1.020,-1.106,-7.002101,-34.832741
75741,3,0.23,0.00,9.931,-1.015,-1.111,-7.002101,-34.832741
75793,3,0.22,-0.48,9.936,-1.010,-1.130,-7.002101,-34.832741
75844,3,0.22,0.00,9.926,-1.010,-1.111,-7.002101,-34.832741
75896,3,0.20,0.00,9.950,-1.025,-1.144,-7.002101,-34.832741
75947,3,0.20,0.00,9.931,-1.020,-1.130,-7.002101,-34.832741
75999,3,0.20,0.00,9.922,-1.001,-1.130,-7.002101,-34.832741
76051,3,0.17,-1.88,9.946,-1.020,-1.140,-7.002101,-34.832741
76101,3,0.20,0.93,9.931,-1.015,-1.154,-7.002101,-34.832741
76151,3,0.16,0.00,9.907,-1.006,-1.135,-7.002098,-34.832741
76202,3,0.16,0.00,9.931,-1.006,-1.120,-7.002098,-34.832741
76252,3,0.15,-0.54,9.931,-1.025,-1.125,-7.002098,-34.832741
76303,3,0.15,0.00,9.917,-1.034,-1.116,-7.002098,-34.832741
76353,3,0.18,1.45,9.902,-1.039,-1.135,-7.002098,-34.832741
76403,3,0.18,0.00,9.917,-1.015,-1.135,-7.002098,-34.832741
76454,3,0.13,0.00,9.931,-1.020,-1.144,-7.002098,-34.832741
76504,3,0.17,1.41,9.941,-1.001,-1.120,-7.002098,-34.832741
76554,3,0.13,-1.41,9.936,-1.030,-1.149,-7.002098,-34.832741
76606,3,0.11,-1.84,9.946,-1.020,-1.140,-7.002098,-34.832741
76658,3,0.11,0.00,9.926,-0.996,-1.168,-7.002098,-34.832741
76709,3,0.12,0.00,9.926,-1.030,-1.130,-7.002098,-34.832741
76761,3,0.09,-0.50,9.917,-1.015,-1.144,-7.002098,-34.832741
76812,3,0.09,0.00,9.931,-1.015,-1.168,-7.002098,-34.832741
76863,3,0.13,1.36,9.922,-1.025,-1.125,-7.002098,-34.832741
76914,3,0.11,0.00,9.931,-1.015,-1.135,-7.002098,-34.832741
76966,3,0.11,0.34,9.926,-1.053,-1.144,-7.002098,-34.832741
77018,3,0.08,-1.34,9.912,-1.010,-1.144,-7.002098,-34.832741
77067,3,0.09,0.50,9.922,-1.015,-1.140,-7.002098,-34.832741
77117,3,0.14,2.03,9.931,-1.034,-1.130,-7.002097,-34.832741
77168,3,0.11,0.00,9.936,-1.034,-1.140,-7.002097,-34.832741
77218,3,0.16,0.00,9.917,-1.015,-1.135,-7.002097,-34.832741
77269,3,0.14,-0.48,9.912,-1.006,-1.120,-7.002097,-34.832741
77330,3,0.11,-0.38,9.917,-1.030,-1.116,-7.002097,-34.832741
77381,3,0.11,0.00,9.922,-1.025,-1.116,-7.002097,-34.832741
77431,3,0.13,0.56,9.917,-1.020,-1.125,-7.002097,-34.832741
77481,3,0.15,0.89,9.931,-1.025,-1.135,-7.002097,-34.832741
77532,3,0.15,0.00,9.926,-1.034,-1.125,-7.002097,-34.832741
77584,3,0.15,0.00,9.936,-1.001,-1.111,-7.002097,-34.832741
77635,3,0.12,-1.11,9.922,-1.010,-1.125,-7.002097,-34.832741
77686,3,0.11,-0.52,9.926,-1.001,-1.130,-7.002097,-34.832741
77737,3,0.10,-0.52,9.931,-1.015,-1.144,-7.002097,-34.832741
77789,3,0.10,0.00,9.922,-1.015,-1.164,-7.002097,-34.832741
77840,3,0.08,-0.48,9.926,-1.010,-1.125,-7.002097,-34.832741
77892,3,0.07,0.00,9.941,-1.010,-1.135,-7.002097,-34.832741
77944,3,0.07,0.00,9.931,-1.020,-1.140,-7.002097,-34.832741
77995,3,0.07,0.00,9.941,-1.001,-1.120,-7.002097,-34.832741
78047,3,0.09,0.00,9.936,-1.006,-1.130,-7.002097,-34.832741
78097,3,0.08,-0.54,9.941,-1.030,-1.116,-7.002097,-34.832741
78148,3,0.08,0.00,9.941,-1.010,-1.140,-7.002097,-34.832741
78198,3,0.06,-0.52,9.917,-1.020,-1.106,-7.002097,-34.832741
78249,3,0.08,0.54,9.912,-1.006,-1.149,-7.002097,-34.832741
78299,3,0.06,0.00,9.941,-1.025,-1.144,-7.002097,-34.832741
78349,3,0.05,0.00,9.926,-1.020,-1.149,-7.002097,-34.832741
78400,3,0.05,0.00,9.926,-1.015,-1.130,-7.002097,-34.832741
78450,3,0.05,0.00,9.912,-1.025,-1.125,-7.002097,-34.832741
78501,3,0.05,0.00,9.917,-1.015,-1.159,-7.002097,-34.832741
78551,3,0.05,0.00,9.922,-1.010,-1.125,-7.002097,-34.832741
78602,3,0.10,0.00,9.926,-1.020,-1.116,-7.002097,-34.832741
78654,3,0.09,0.00,9.926,-1.020,-1.149,-7.002097,-34.832741
78706,3,0.09,0.00,9.955,-1.020,-1.149,-7.002097,-34.832741
78757,3,0.07,0.00,9.936,-1.039,-1.140,-7.002097,-34.832741
78809,3,0.07,0.00,9.922,-1.010,-1.116,-7.002097,-34.832741
78860,3,0.07,0.00,9.936,-1.020,-1.144,-7.002097,-34.832741
78912,3,0.07,0.00,9.926,-1.020,-1.144,-7.002097,-34.832741
78964,3,0.07,0.00,9.926,-1.015,-1.116,-7.002097,-34.832741
79014,3,0.07,0.00,9.931,-1.020,-1.144,-7.002097,-34.832741
79063,3,0.07,0.00,9.907,-1.006,-1.130,-7.002097,-34.832741
79114,3,0.07,0.00,9.931,-0.996,-1.120,-7.002097,-34.832741
79164,3,0.07,0.00,9.926,-1.006,-1.140,-7.002097,-34.832741
79215,3,0.11,0.00,9.912,-1.015,-1.154,-7.002097,-34.832741
79265,3,0.09,1.28,9.926,-1.006,-1.144,-7.002097,-34.832741
79315,3,0.11,0.56,9.907,-1.030,-1.130,-7.002097,-34.832741
79374,3,0.07,-0.44,9.941,-1.006,-1.130,-7.002097,-34.832741
79424,3,0.05,-0.54,9.955,-1.010,-1.125,-7.002097,-34.832741
79475,3,0.05,0.00,9.926,-1.015,-1.144,-7.002097,-34.832741
79525,3,0.08,1.35,9.926,-1.010,-1.130,-7.002097,-34.832741
79575,3,0.08,0.00,9.922,-1.025,-1.135,-7.002097,-34.832741
79625,3,0.08,0.00,9.931,-1.025,-1.125,-7.002097,-34.832741
79676,3,0.08,-0.48,9.922,-1.020,-1.120,-7.002097,-34.832741
79728,3,0.08,0.00,9.936,-1.020,-1.154,-7.002097,-34.832741
79780,3,0.10,0.00,9.907,-1.015,-1.130,-7.002097,-34.832741
79831,3,0.09,-0.47,9.912,-1.010,-1.144,-7.002097,-34.832741
79883,3,0.09,0.00,9.931,-1.025,-1.111,-7.002097,-34.832741
79934,3,0.08,0.00,9.931,-1.010,-1.120,-7.002097,-34.832741
79986,3,0.06,-0.48,9.936,-1.025,-1.120,-7.002097,-34.832741
80038,3,0.08,0.48,9.936,-1.015,-1.111,-7.002097,-34.832741
80088,3,0.10,1.03,9.926,-1.020,-1.154,-7.002097,-34.832741
80138,3,0.09,0.00,9.941,-1.020,-1.144,-7.002098,-34.832737
80188,3,0.07,-0.52,9.941,-1.006,-1.106,-7.002098,-34.832737
80239,3,0.07,0.00,9.936,-1.020,-1.111,-7.002098,-34.832737
80289,3,0.07,0.00,9.907,-1.015,-1.106,-7.002098,-34.832737
80340,3,0.09,0.00,9.926,-0.996,-1.120,-7.002098,-34.832737
80390,3,0.07,-0.54,9.936,-1.030,-1.135,-7.002098,-34.832737
80440,3,0.06,0.00,9.926,-1.015,-1.144,-7.002098,-34.832737
80491,3,0.05,-0.54,9.936,-1.015,-1.149,-7.002098,-34.832737
80541,3,0.05,0.00,9.936,-1.006,-1.120,-7.002098,-34.832737
80593,3,0.03,0.00,9.931,-0.996,-1.125,-7.002098,-34.832737
80645,3,0.02,-0.47,9.922,-1.030,-1.140,-7.002098,-34.832737
80696,3,0.02,0.00,9.931,-1.025,-1.130,-7.002098,-34.832737
80748,3,0.03,0.00,9.922,-1.025,-1.125,-7.002098,-34.832737
80799,3,0.02,-0.47,9.931,-1.020,-1.164,-7.002098,-34.832737
80851,3,0.03,0.00,9.917,-1.049,-1.120,-7.002098,-34.832737
80903,3,0.03,0.47,9.917,-1.015,-1.116,-7.002098,-34.832737
80953,3,0.03,0.00,9.922,-1.006,-1.120,-7.002098,-34.832737
81005,3,0.05,0.54,9.917,-1.044,-1.111,-7.002098,-34.832737
81056,3,0.05,0.00,9.931,-1.015,-1.116,-7.002098,-34.832737
81107,3,0.05,0.00,9.936,-1.025,-1.111,-7.002098,-34.832737
81157,3,0.05,0.00,9.917,-1.001,-1.101,-7.002097,-34.832737
81208,3,0.05,0.00,9.931,-1.039,-1.140,-7.002097,-34.832737
81258,3,0.03,0.00,9.922,-1.034,-1.111,-7.002097,-34.832737
81308,3,0.02,-0.50,9.931,-1.010,-1.135,-7.002097,-34.832737
81359,3,0.02,0.00,9.922,-1.020,-1.130,-7.002097,-34.832737
81416,3,0.01,-0.19,9.917,-1.020,-1.130,-7.002097,-34.832737
81466,3,-0.02,-0.56,9.902,-1.010,-1.140,-7.002097,-34.832737
81517,3,-0.02,0.00,9.926,-1.010,-1.111,-7.002097,-34.832737
81567,3,0.01,0.00,9.926,-1.020,-1.125,-7.002097,-34.832737
81617,3,0.01,0.00,9.926,-1.020,-1.140,-7.002097,-34.832737
81668,3,0.00,0.00,9.922,-1.015,-1.140,-7.002097,-34.832737
81720,3,-0.01,-0.58,9.922,-1.015,-1.101,-7.002097,-34.832737
81772,3,-0.03,0.00,9.922,-1.034,-1.144,-7.002097,-34.832737
81823,3,-0.05,-1.01,9.926,-1.010,-1.106,-7.002097,-34.832737
81875,3,-0.02,1.45,9.941,-1.010,-1.130,-7.002097,-34.832737
81926,3,-0.03,-0.52,9.926,-1.020,-1.116,-7.002097,-34.832737
81978,3,-0.03,0.00,9.936,-1.015,-1.120,-7.002097,-34.832737
82030,3,-0.03,0.00,9.912,-1.030,-1.140,-7.002097,-34.832737
82079,3,-0.04,-0.52,9.941,-1.020,-1.144,-7.002097,-34.832737
82130,3,-0.04,0.00,9.946,-1.010,-1.125,-7.002097,-34.832737
82180,3,-0.01,0.00,9.941,-1.025,-1.125,-7.002097,-34.832737
82231,3,-0.01,0.00,9.946,-0.996,-1.140,-7.002097,-34.832737
82281,3,-0.01,0.00,9.917,-1.006,-1.125,-7.002097,-34.832737
82332,3,-0.01,0.00,9.926,-1.001,-1.140,-7.002097,-34.832737
82382,3,-0.02,0.00,9.917,-1.025,-1.140,-7.002097,-34.832737
82432,3,-0.04,-0.52,9.926,-1.034,-1.130,-7.002097,-34.832737
82483,3,-0.05,0.00,9.922,-1.001,-1.140,-7.002097,-34.832737
82533,3,-0.05,0.52,9.922,-1.010,-1.140,-7.002097,-34.832737
82585,3,-0.06,-0.52,9.936,-1.025,-1.130,-7.002097,-34.832737
82637,3,-0.08,0.00,9.941,-1.015,-1.135,-7.002097,-34.832737
82688,3,-0.05,0.86,9.922,-1.030,-1.140,-7.002097,-34.832737
82740,3,-0.05,0.00,9.931,-1.015,-1.135,-7.002097,-34.832737
82791,3,-0.07,0.00,9.917,-1.034,-1.140,-7.002097,-34.832737
82843,3,-0.05,0.52,9.941,-1.030,-1.120,-7.002097,-34.832737
82895,3,-0.07,-0.52,9.917,-1.025,-1.130,-7.002097,-34.832737
82945,3,-0.07,0.00,9.941,-1.034,-1.111,-7.002097,-34.832737
82997,3,-0.07,0.00,9.917,-1.030,-1.125,-7.002097,-34.832737
83048,3,-0.03,1.34,9.926,-1.010,-1.130,-7.002097,-34.832737
83099,3,-0.04,0.00,9.936,-1.020,-1.135,-7.002097,-34.832737
83149,3,-0.06,-0.54,9.931,-1.020,-1.125,-7.002097,-34.832741
83199,3,-0.06,0.00,9.931,-1.020,-1.120,-7.002097,-34.832741
83250,3,-0.09,0.00,9.950,-1.025,-1.106,-7.002097,-34.832741
83300,3,-0.12,-1.09,9.922,-1.034,-1.120,-7.002097,-34.832741
83351,3,-0.12,0.00,9.926,-1.006,-1.116,-7.002097,-34.832741
83401,3,-0.14,0.00,9.922,-1.001,-1.140,-7.002097,-34.832741
83460,3,-0.12,0.18,9.917,-0.996,-1.120,-7.002097,-34.832741
83511,3,-0.11,0.52,9.888,-1.006,-1.097,-7.002097,-34.832741
83563,3,-0.11,0.00,9.936,-1.025,-1.106,-7.002097,-34.832741
83615,3,-0.09,0.00,9.926,-1.020,-1.116,-7.002097,-34.832741
83665,3,-0.09,0.00,9.922,-1.015,-1.120,-7.002097,-34.832741
83716,3,-0.09,0.00,9.922,-1.006,-1.135,-7.002097,-34.832741
83768,3,-0.08,0.00,9.931,-1.030,-1.120,-7.002097,-34.832741
83817,3,-0.08,0.00,9.936,-1.030,-1.135,-7.002097,-34.832741
83869,3,-0.08,0.00,9.917,-1.001,-1.154,-7.002097,-34.832741
83920,3,-0.08,0.00,9.931,-1.020,-1.120,-7.002097,-34.832741
83972,3,-0.09,-0.48,9.922,-1.010,-1.111,-7.002097,-34.832741
84023,3,-0.09,0.00,9.917,-1.020,-1.120,-7.002097,-34.832741
84073,3,-0.08,0.00,9.917,-1.025,-1.130,-7.002097,-34.832741
84124,3,-0.07,0.56,9.936,-1.015,-1.149,-7.002097,-34.832741
84174,3,-0.07,0.00,9.931,-1.039,-1.144,-7.002097,-34.832741
84224,3,-0.04,1.49,9.969,-0.996,-1.130,-7.002097,-34.832741
84275,3,-0.04,0.00,9.936,-1.015,-1.120,-7.002097,-34.832741
84325,3,-0.04,0.00,9.931,-1.010,-1.106,-7.002097,-34.832741
84376,3,-0.06,-0.54,9.902,-1.025,-1.120,-7.002097,-34.832741
84426,3,-0.07,-0.52,9.902,-1.030,-1.125,-7.002097,-34.832741
84477,3,-0.07,0.00,9.912,-1.020,-1.135,-7.002097,-34.832741
84527,3,-0.07,0.56,9.926,-1.015,-1.144,-7.002097,-34.832741
84579,3,-0.07,0.00,9.922,-1.030,-1.130,-7.002097,-34.832741
84630,3,-0.07,0.00,9.917,-1.015,-1.135,-7.002097,-34.832741
84682,3,-0.06,0.48,9.922,-1.025,-1.106,-7.002097,-34.832741
84733,3,-0.07,0.00,9.926,-1.006,-1.125,-7.002097,-34.832741
84784,3,-0.09,-0.52,9.950,-1.025,-1.135,-7.002097,-34.832741
84835,3,-0.11,0.00,9.926,-1.015,-1.125,-7.002097,-34.832741
84887,3,-0.13,-0.52,9.922,-1.015,-1.135,-7.002097,-34.832741
84939,3,-0.13,0.00,9.922,-1.025,-1.130,-7.002097,-34.832741
84990,3,-0.13,0.48,9.926,-0.996,-1.120,-7.002097,-34.832741
85042,3,-0.13,0.00,9.936,-1.034,-1.149,-7.002097,-34.832741
85092,3,-0.10,0.52,9.922,-1.025,-1.140,-7.002097,-34.832741
85142,3,-0.10,0.00,9.941,-1.015,-1.140,-7.002097,-34.832741
85193,3,-0.10,0.00,9.912,-0.996,-1.130,-7.002097,-34.832741
85243,3,-0.10,0.00,9.922,-1.015,-1.140,-7.002097,-34.832741
85294,3,-0.11,-0.50,9.926,-1.030,-1.111,-7.002097,-34.832741
85344,3,-0.11,0.00,9.950,-1.025,-1.140,-7.002097,-34.832741
85395,3,-0.11,0.00,9.931,-1.006,-1.120,-7.002097,-34.832741
85445,3,-0.11,0.00,9.941,-1.030,-1.130,-7.002097,-34.832741
85504,3,-0.13,-0.20,9.941,-1.010,-1.140,-7.002097,-34.832741
85554,3,-0.13,0.00,9.926,-1.034,-1.140,-7.002097,-34.832741
85605,3,-0.13,0.00,9.941,-1.010,-1.144,-7.002097,-34.832741
85656,3,-0.13,0.00,9.926,-1.044,-1.149,-7.002097,-34.832741
85707,3,-0.07,0.48,9.922,-1.025,-1.116,-7.002097,-34.832741
85759,3,-0.05,0.52,9.931,-1.015,-1.120,-7.002097,-34.832741
85810,3,-0.05,0.00,9.926,-1.020,-1.130,-7.002097,-34.832741
85862,3,-0.05,0.00,9.922,-1.010,-1.149,-7.002097,-34.832741
85914,3,-0.04,0.00,9.917,-1.010,-1.149,-7.002097,-34.832741
85965,3,0.01,0.00,9.926,-1.010,-1.130,-7.002097,-34.832741
86017,3,0.01,0.00,9.922,-1.025,-1.135,-7.002097,-34.832741
86066,3,0.03,0.00,9.926,-1.025,-1.111,-7.002097,-34.832741
86117,3,0.05,0.56,9.912,-1.020,-1.168,-7.002097,-34.832741
86167,3,0.05,0.00,9.936,-1.010,-1.125,-7.002097,-34.832741
86218,3,0.08,0.56,9.926,-1.025,-1.130,-7.002097,-34.832741
86268,3,0.08,0.00,9.922,-1.001,-1.120,-7.002097,-34.832741
86318,3,0.19,4.18,9.931,-0.991,-1.101,-7.002097,-34.832741
86369,3,0.23,-0.52,9.902,-1.015,-1.111,-7.002097,-34.832741
86419,3,0.36,2.27,9.922,-1.020,-1.130,-7.002097,-34.832741
86496,3,0.50,0.98,9.912,-1.039,-1.140,-7.002097,-34.832741
86547,3,0.45,0.00,9.936,-1.025,-1.154,-7.002097,-34.832741
86598,3,3.23,102.99,9.907,-1.010,-1.116,-7.002097,-34.832741
86649,3,8.12,87.44,9.955,-1.001,-1.116,-7.002097,-34.832741
86701,3,10.30,80.90,9.941,-0.996,-1.135,-7.002097,-34.832741
86752,3,12.39,0.00,9.941,-1.006,-1.149,-7.002097,-34.832741
86804,3,16.14,67.10,9.931,-1.030,-1.154,-7.002097,-34.832741
86856,3,17.87,63.93,9.946,-1.044,-1.106,-7.002097,-34.832741
86907,3,18.42,-45.24,9.926,-1.030,-1.140,-7.002097,-34.832741
86959,3,17.24,-43.76,9.931,-1.030,-1.154,-7.002097,-34.832741
87010,3,16.15,0.00,9.946,-1.030,-1.120,-7.002097,-34.832741
87062,3,14.21,-38.43,9.936,-1.015,-1.144,-7.002097,-34.832741
87113,3,13.31,-36.05,9.926,-0.991,-1.125,-7.002097,-34.832741
87163,3,12.51,0.00,9.912,-0.986,-1.111,-7.002095,-34.832741
87214,3,10.98,-28.19,9.931,-1.006,-1.130,-7.002095,-34.832741
87264,3,10.27,-28.39,9.922,-1.053,-1.144,-7.002095,-34.832741
87315,3,9.64,0.00,9.941,-1.063,-1.125,-7.002095,-34.832741
87365,3,8.46,-22.63,9.941,-1.044,-1.140,-7.002095,-34.832741
87415,3,7.97,-18.85,9.936,-1.006,-1.144,-7.002095,-34.832741
87466,3,7.50,0.54,9.960,-1.030,-1.140,-7.002095,-34.832741
87516,3,6.58,-18.29,9.922,-1.001,-1.135,-7.002095,-34.832741
87596,3,5.81,-8.69,9.926,-0.996,-1.106,-7.002095,-34.832741
87646,3,5.45,-13.36,9.965,-1.010,-1.125,-7.002095,-34.832741
87697,3,5.13,0.00,9.931,-1.025,-1.144,-7.002095,-34.832741
87749,3,4.47,-12.48,9.941,-1.044,-1.144,-7.002095,-34.832741
87801,3,4.21,-9.37,9.946,-1.030,-1.135,-7.002095,-34.832741
87852,3,3.71,-8.10,9.946,-1.030,-1.125,-7.002095,-34.832741
87904,3,3.44,-10.60,9.926,-1.030,-1.116,-7.002095,-34.832741
87955,3,3.24,0.00,9.936,-1.039,-1.130,-7.002095,-34.832741
88007,3,2.84,-6.71,9.922,-1.010,-1.116,-7.002095,-34.832741
88059,3,2.68,0.00,9.931,-1.025,-1.140,-7.002095,-34.832741
88109,3,2.51,0.00,9.922,-1.006,-1.135,-7.002095,-34.832741
88160,3,2.20,-5.27,9.912,-1.015,-1.125,-7.002093,-34.832741
88210,3,2.11,-4.24,9.917,-1.034,-1.164,-7.002093,-34.832741
88261,3,1.97,0.00,9.922,-1.049,-1.144,-7.002093,-34.832741
88311,3,1.73,-4.99,9.922,-1.030,-1.149,-7.002093,-34.832741
88361,3,1.64,0.00,9.917,-1.030,-1.125,-7.002093,-34.832741
88412,3,1.46,-3.84,9.941,-1.015,-1.130,-7.002093,-34.832741
88462,3,1.39,-2.90,9.931,-1.015,-1.116,-7.002093,-34.832741
88513,3,1.31,0.00,9.907,-1.010,-1.140,-7.002093,-34.832741
88562,3,1.17,-2.92,9.926,-1.001,-1.140,-7.002093,-34.832741
88614,3,1.10,-2.70,9.926,-0.991,-1.111,-7.002093,-34.832741
88665,3,1.05,0.00,9.912,-1.020,-1.135,-7.002093,-34.832741
88717,3,0.92,-2.59,9.931,-1.049,-1.130,-7.002093,-34.832741
88769,3,0.88,-1.45,9.936,-1.068,-1.183,-7.002093,-34.832741
88820,3,0.80,-2.22,9.926,-1.044,-1.135,-7.002093,-34.832741
88872,3,0.78,-0.84,9.922,-1.025,-1.125,-7.002093,-34.832741
88923,3,0.77,0.00,9.936,-1.001,-1.140,-7.002093,-34.832741
88974,3,0.75,-0.84,9.946,-1.015,-1.135,-7.002093,-34.832741
89025,3,0.70,-1.73,9.936,-1.006,-1.120,-7.002093,-34.832741
89075,3,0.68,-0.93,9.936,-0.986,-1.116,-7.002093,-34.832741
89126,3,0.64,0.00,9.936,-0.986,-1.130,-7.002093,-34.832737
89176,3,0.60,0.00,9.917,-1.015,-1.125,-7.002093,-34.832737
89226,3,0.57,-1.45,9.917,-1.068,-1.120,-7.002093,-34.832737
89277,3,0.53,0.00,9.931,-1.030,-1.144,-7.002093,-34.832737
89327,3,0.50,-1.41,9.926,-1.015,-1.116,-7.002093,-34.832737
89378,3,0.50,0.00,9.926,-1.020,-1.135,-7.002093,-34.832737
89428,3,0.46,0.00,9.931,-0.996,-1.164,-7.002093,-34.832737
89478,3,0.46,0.00,9.907,-1.001,-1.120,-7.002093,-34.832737
89529,3,0.44,-0.93,9.902,-1.001,-1.135,-7.002093,-34.832737
89580,3,0.45,0.00,9.946,-0.982,-1.101,-7.002093,-34.832737
89639,3,0.42,-0.43,9.926,-1.020,-1.135,-7.002093,-34.832737
89689,3,0.39,-0.84,9.922,-1.039,-1.159,-7.002093,-34.832737
89741,3,0.39,0.00,9.931,-1.039,-1.149,-7.002093,-34.832737
89792,3,0.36,-1.34,9.931,-1.039,-1.130,-7.002093,-34.832737
89844,3,0.36,0.00,9.931,-1.015,-1.116,-7.002093,-34.832737
89895,3,0.36,0.00,9.926,-1.020,-1.130,-7.002093,-34.832737
89947,3,0.36,0.00,9.926,-1.010,-1.135,-7.002093,-34.832737
89999,3,0.32,0.00,9.941,-0.996,-1.135,-7.002093,-34.832737
90050,3,0.32,0.00,9.950,-0.991,-1.135,-7.002093,-34.832737
90101,3,0.32,0.00,9.902,-1.020,-1.149,-7.002093,-34.832737
90151,3,0.31,-0.54,9.922,-1.049,-1.135,-7.002094,-34.832737
90201,3,0.27,-1.47,9.922,-1.044,-1.120,-7.002094,-34.832737
90252,3,0.26,0.00,9.936,-1.020,-1.097,-7.002094,-34.832737
90302,3,0.26,0.00,9.926,-1.001,-1.111,-7.002094,-34.832737
90353,3,0.26,0.00,9.922,-1.010,-1.116,-7.002094,-34.832737
90403,3,0.26,0.00,9.917,-1.020,-1.130,-7.002094,-34.832737
90454,3,0.26,0.00,9.926,-1.001,-1.101,-7.002094,-34.832737
90504,3,0.26,0.00,9.941,-0.996,-1.125,-7.002094,-34.832737
90554,3,0.27,0.00,9.922,-1.030,-1.101,-7.002094,-34.832737
90605,3,0.31,0.52,9.917,-1.034,-1.135,-7.002094,-34.832737
90657,3,0.33,0.00,9.917,-1.049,-1.173,-7.002094,-34.832737
90709,3,0.34,0.00,9.936,-1.058,-1.116,-7.002094,-34.832737
90760,3,0.34,0.00,9.936,-1.015,-1.120,-7.002094,-34.832737
90812,3,0.35,0.00,9.931,-1.010,-1.116,-7.002094,-34.832737
90863,3,0.35,0.00,9.922,-1.006,-1.135,-7.002094,-34.832737
90914,3,0.35,0.00,9.907,-0.996,-1.106,-7.002094,-34.832737
90965,3,0.34,-0.48,9.936,-0.991,-1.140,-7.002094,-34.832737
91017,3,0.35,0.00,9.941,-1.015,-1.135,-7.002094,-34.832737
91067,3,0.35,0.00,9.912,-1.030,-1.120,-7.002094,-34.832737
91117,3,0.35,0.00,9.926,-1.034,-1.144,-7.002096,-34.832741
91167,3,0.35,0.00,9.936,-1.039,-1.130,-7.002096,-34.832741
91218,3,0.37,0.00,9.917,-1.020,-1.125,-7.002096,-34.832741
91268,3,0.33,-1.47,9.926,-1.020,-1.149,-7.002096,-34.832741
91319,3,0.32,0.00,9.922,-1.006,-1.135,-7.002096,-34.832741
91369,3,0.33,0.00,9.922,-1.006,-1.120,-7.002096,-34.832741
91419,3,0.33,0.00,9.926,-1.030,-1.159,-7.002096,-34.832741
91470,3,0.32,0.00,9.922,-0.991,-1.130,-7.002096,-34.832741
91520,3,0.30,-0.52,9.922,-0.986,-1.116,-7.002096,-34.832741
91572,3,0.30,0.00,9.917,-1.010,-1.111,-7.002096,-34.832741
91623,3,0.30,0.56,9.931,-1.025,-1.130,-7.002096,-34.832741
91680,3,0.29,-0.19,9.922,-1.034,-1.130,-7.002096,-34.832741
91732,3,0.28,-0.50,9.926,-1.049,-1.130,-7.002096,-34.832741
91782,3,0.28,0.00,9.917,-1.039,-1.140,-7.002096,-34.832741
91834,3,0.28,0.00,9.960,-1.020,-1.092,-7.002096,-34.832741
91885,3,0.26,0.00,9.917,-0.986,-1.140,-7.002096,-34.832741
91937,3,0.25,0.00,9.931,-1.001,-1.120,-7.002096,-34.832741
91988,3,0.23,0.00,9.917,-1.015,-1.135,-7.002096,-34.832741
92040,3,0.22,0.00,9.912,-1.015,-1.130,-7.002096,-34.832741
92090,3,0.21,-0.54,9.922,-1.053,-1.125,-7.002096,-34.832741
92141,3,0.19,0.00,9.936,-1.044,-1.130,-7.002096,-34.832745
92191,3,0.19,0.00,9.926,-1.020,-1.125,-7.002096,-34.832745
92242,3,0.19,0.00,9.946,-0.991,-1.130,-7.002096,-34.832745
92292,3,0.21,0.00,9.922,-1.025,-1.125,-7.002096,-34.832745
92342,3,0.21,0.00,9.931,-1.025,-1.135,-7.002096,-34.832745
92393,3,0.21,0.00,9.926,-1.020,-1.159,-7.002096,-34.832745
92443,3,0.21,0.00,9.931,-1.039,-1.135,-7.002096,-34.832745
92494,3,0.19,0.00,9.917,-1.053,-1.135,-7.002096,-34.832745
92543,3,0.22,1.11,9.912,-1.025,-1.149,-7.002096,-34.832745
92595,3,0.19,-0.52,9.931,-0.996,-1.130,-7.002096,-34.832745
92647,3,0.19,0.00,9.936,-1.010,-1.120,-7.002096,-34.832745
92698,3,0.19,0.00,9.950,-1.001,-1.154,-7.002096,-34.832745
92750,3,0.18,-0.50,9.922,-1.039,-1.140,-7.002096,-34.832745
92801,3,0.18,0.00,9.936,-1.030,-1.135,-7.002096,-34.832745
92853,3,0.17,-0.52,9.912,-1.039,-1.125,-7.002096,-34.832745
92905,3,0.17,0.00,9.917,-1.006,-1.135,-7.002096,-34.832745
92955,3,0.17,0.00,9.922,-0.991,-1.111,-7.002096,-34.832745
93007,3,0.19,1.02,9.931,-1.001,-1.144,-7.002096,-34.832745
93059,3,0.21,0.52,9.931,-1.025,-1.144,-7.002096,-34.832745
93109,3,0.22,0.54,9.912,-1.049,-1.125,-7.002096,-34.832745
93159,3,0.22,0.00,9.936,-1.034,-1.125,-7.002096,-34.832745
93210,3,0.27,1.37,9.936,-0.982,-1.140,-7.002096,-34.832745
93260,3,0.25,-0.91,9.917,-0.982,-1.101,-7.002096,-34.832745
93311,3,0.23,0.00,9.917,-1.025,-1.135,-7.002096,-34.832745
93361,3,0.23,0.00,9.912,-1.001,-1.120,-7.002096,-34.832745
93411,3,0.23,0.00,9.936,-1.053,-1.135,-7.002096,-34.832745
93462,3,0.25,0.00,9.893,-1.034,-1.101,-7.002096,-34.832745
93512,3,0.23,0.00,9.926,-1.001,-1.135,-7.002096,-34.832745
93564,3,0.22,-0.54,9.936,-1.020,-1.130,-7.002096,-34.832745
93616,3,0.23,0.00,9.926,-1.006,-1.159,-7.002096,-34.832745
93667,3,0.23,0.00,9.936,-1.010,-1.149,-7.002096,-34.832745
93724,3,0.23,0.00,9.936,-1.039,-1.140,-7.002096,-34.832745
93776,3,0.23,0.00,9.922,-1.025,-1.164,-7.002096,-34.832745
93826,3,0.23,0.00,9.912,-0.996,-1.135,-7.002096,-34.832745
93878,3,0.23,0.00,9.907,-1.006,-1.149,-7.002096,-34.832745
93929,3,0.23,0.50,9.902,-1.001,-1.120,-7.002096,-34.832745
93981,3,0.25,0.48,9.917,-1.020,-1.130,-7.002096,-34.832745
94032,3,0.26,0.50,9.941,-1.053,-1.135,-7.002096,-34.832745
94082,3,0.26,0.00,9.912,-1.030,-1.097,-7.002096,-34.832745
94133,3,0.26,0.00,9.936,-0.991,-1.144,-7.002095,-34.832748
94183,3,0.28,0.00,9.902,-1.010,-1.135,-7.002095,-34.832748
94234,3,0.26,-0.56,9.907,-1.010,-1.120,-7.002095,-34.832748
94284,3,0.26,0.00,9.936,-1.025,-1.140,-7.002095,-34.832748
94334,3,0.26,0.00,9.946,-1.039,-1.125,-7.002095,-34.832748
94385,3,0.28,0.56,9.912,-1.039,-1.159,-7.002095,-34.832748
94435,3,0.28,0.00,9.898,-0.996,-1.159,-7.002095,-34.832748
94486,3,0.28,0.00,9.936,-1.006,-1.130,-7.002095,-34.832748
94536,3,0.28,0.00,9.912,-1.001,-1.135,-7.002095,-34.832748
94587,3,0.28,0.00,9.922,-1.001,-1.135,-7.002095,-34.832748
94639,3,0.28,0.00,9.922,-1.044,-1.116,-7.002095,-34.832748
94691,3,0.28,0.00,9.941,-1.063,-1.135,-7.002095,-34.832748
94742,3,0.29,0.00,9.941,-1.006,-1.135,-7.002095,-34.832748
94794,3,0.30,0.52,9.922,-0.986,-1.125,-7.002095,-34.832748
94845,3,0.30,0.00,9.907,-0.986,-1.125,-7.002095,-34.832748
94897,3,0.33,0.52,9.922,-1.001,-1.120,-7.002095,-34.832748
94949,3,0.33,0.00,9.926,-1.034,-1.135,-7.002095,-34.832748
95000,3,0.38,0.00,9.931,-1.068,-1.144,-7.002095,-34.832748
95052,3,0.33,-2.01,9.922,-1.039,-1.125,-7.002095,-34.832748
95103,3,0.38,0.00,9.922,-0.996,-1.140,-7.002095,-34.832748
95153,3,0.33,-1.47,9.941,-0.967,-1.125,-7.002095,-34.832748
95203,3,0.32,-0.56,9.926,-0.986,-1.135,-7.002095,-34.832748
95254,3,0.35,0.00,9.936,-1.020,-1.140,-7.002095,-34.832748
95304,3,0.30,-1.39,9.922,-1.077,-1.135,-7.002095,-34.832748
95355,3,0.30,0.00,9.936,-1.058,-1.149,-7.002095,-34.832748
95405,3,0.29,0.00,9.931,-1.025,-1.116,-7.002095,-34.832748
95455,3,0.29,0.00,9.931,-0.982,-1.135,-7.002095,-34.832748
95506,3,0.29,0.00,9.926,-0.982,-1.140,-7.002095,-34.832748
95555,3,0.30,0.00,9.922,-0.996,-1.144,-7.002095,-34.832748
95607,3,0.30,0.00,9.922,-1.034,-1.125,-7.002095,-34.832748
95658,3,0.32,0.52,9.922,-1.073,-1.130,-7.002095,-34.832748
95709,3,0.32,0.00,9.917,-1.053,-1.144,-7.002095,-34.832748
95765,3,0.32,0.00,9.922,-1.001,-1.116,-7.002095,-34.832748
95817,3,0.32,0.00,9.931,-0.982,-1.101,-7.002095,-34.832748
95869,3,0.32,0.00,9.898,-0.986,-1.111,-7.002095,-34.832748
95919,3,0.32,0.00,9.941,-1.001,-1.125,-7.002095,-34.832748
95970,3,0.29,-0.82,9.946,-1.044,-1.125,-7.002095,-34.832748
96022,3,0.31,0.48,9.931,-1.049,-1.130,-7.002095,-34.832748
96075,3,0.33,0.48,9.917,-1.025,-1.125,-7.002095,-34.832748
96125,3,0.33,0.00,9.917,-0.991,-1.120,-7.002096,-34.832748
96175,3,0.33,0.00,9.917,-0.977,-1.125,-7.002096,-34.832748
96226,3,0.37,0.93,9.902,-0.996,-1.130,-7.002096,-34.832748
96276,3,0.37,0.00,9.936,-1.030,-1.149,-7.002096,-34.832748
96327,3,0.37,0.00,9.902,-1.049,-1.154,-7.002096,-34.832748
96377,3,0.34,-0.54,9.926,-1.044,-1.144,-7.002096,-34.832748
96427,3,0.33,-0.52,9.931,-1.010,-1.120,-7.002096,-34.832748
96478,3,0.33,0.00,9.922,-0.986,-1.097,-7.002096,-34.832748
96528,3,0.33,0.00,9.931,-0.972,-1.159,-7.002096,-34.832748
96577,3,0.33,0.00,9.936,-1.015,-1.125,-7.002096,-34.832748
96629,3,0.33,0.00,9.931,-1.020,-1.106,-7.002096,-34.832748
96680,3,0.33,0.00,9.912,-1.063,-1.144,-7.002096,-34.832748
96732,3,0.33,0.00,9.936,-1.063,-1.164,-7.002096,-34.832748
96784,3,0.33,0.00,9.936,-1.020,-1.125,-7.002096,-34.832748
96835,3,0.29,-1.45,9.931,-0.972,-1.164,-7.002096,-34.832748
96887,3,0.29,0.00,9.907,-0.991,-1.106,-7.002096,-34.832748
96938,3,0.29,-0.48,9.936,-1.010,-1.130,-7.002096,-34.832748
96990,3,0.29,0.00,9.907,-1.049,-1.149,-7.002096,-34.832748
97042,3,0.31,0.00,9.926,-1.058,-1.130,-7.002096,-34.832748
97092,3,0.31,0.00,9.955,-1.044,-1.130,-7.002096,-34.832748
97142,3,0.31,0.00,9.941,-1.020,-1.111,-7.002097,-34.832748
97193,3,0.31,0.00,9.912,-1.001,-1.125,-7.002097,-34.832748
97243,3,0.32,0.56,9.936,-1.006,-1.125,-7.002097,-34.832748
97293,3,0.33,0.00,9.931,-1.020,-1.140,-7.002097,-34.832748
97344,3,0.28,0.00,9.926,-1.044,-1.130,-7.002097,-34.832748
97394,3,0.28,0.00,9.931,-1.053,-1.144,-7.002097,-34.832748
97445,3,0.28,0.00,9.946,-1.049,-1.120,-7.002097,-34.832748
97495,3,0.30,0.56,9.931,-1.006,-1.135,-7.002097,-34.832748
97547,3,0.30,0.00,9.922,-0.982,-1.097,-7.002097,-34.832748
97599,3,0.30,0.00,9.912,-0.991,-1.135,-7.002097,-34.832748
97651,3,0.31,0.52,9.946,-1.025,-1.120,-7.002097,-34.832748
97701,3,0.31,0.00,9.917,-1.039,-1.164,-7.002097,-34.832748
97753,3,0.31,0.00,9.950,-1.034,-1.130,-7.002097,-34.832748
97808,3,0.33,0.17,9.941,-1.030,-1.125,-7.002097,-34.832748
97860,3,0.33,0.00,9.926,-0.996,-1.130,-7.002097,-34.832748
97910,3,0.33,0.00,9.931,-0.991,-1.135,-7.002097,-34.832748
97962,3,0.31,-0.52,9.941,-1.010,-1.130,-7.002097,-34.832748
98013,3,0.31,0.00,9.931,-1.030,-1.111,-7.002097,-34.832748
98065,3,0.31,0.00,9.917,-1.053,-1.116,-7.002097,-34.832748
98116,3,0.31,0.56,9.926,-1.049,-1.120,-7.002097,-34.832748
98166,3,0.31,0.00,9.907,-1.010,-1.125,-7.002097,-34.832748
98217,3,0.30,0.00,9.912,-0.986,-1.135,-7.002097,-34.832748
98267,3,0.30,-0.54,9.936,-0.996,-1.130,-7.002097,-34.832748
98317,3,0.30,0.00,9.941,-1.010,-1.130,-7.002097,-34.832748
98368,3,0.30,0.00,9.931,-1.020,-1.135,-7.002097,-34.832748
98418,3,0.31,0.00,9.926,-1.044,-1.140,-7.002097,-34.832748
98469,3,0.31,0.00,9.926,-1.015,-1.154,-7.002097,-34.832748
98519,3,0.31,0.00,9.950,-0.986,-1.140,-7.002097,-34.832748
98571,3,0.31,0.00,9.926,-0.991,-1.130,-7.002097,-34.832748
98622,3,0.30,0.00,9.941,-0.986,-1.149,-7.002097,-34.832748
98674,3,0.28,0.00,9.922,-1.006,-1.149,-7.002097,-34.832748
98723,3,0.30,0.52,9.917,-1.030,-1.120,-7.002097,-34.832748
98775,3,0.27,-0.50,9.917,-1.063,-1.159,-7.002097,-34.832748
98826,3,0.27,0.00,9.946,-1.006,-1.140,-7.002097,-34.832748
98878,3,0.26,0.00,9.907,-0.991,-1.120,-7.002097,-34.832748
98929,3,0.26,0.00,9.912,-0.996,-1.120,-7.002097,-34.832748
98981,3,0.26,0.00,9.917,-1.006,-1.130,-7.002097,-34.832748
99033,3,0.26,0.00,9.922,-1.039,-1.140,-7.002097,-34.832748
99083,3,0.26,0.00,9.917,-1.049,-1.140,-7.002097,-34.832748
99133,3,0.24,0.00,9.917,-1.034,-1.125,-7.002098,-34.832748
99184,3,0.20,-0.56,9.912,-0.986,-1.130,-7.002098,-34.832748
99234,3,0.19,-0.54,9.922,-1.015,-1.144,-7.002098,-34.832748
99284,3,0.19,0.00,9.946,-1.001,-1.144,-7.002098,-34.832748
99335,3,0.18,-0.54,9.931,-1.034,-1.125,-7.002098,-34.832748
99385,3,0.16,-0.54,9.931,-1.063,-1.130,-7.002098,-34.832748
99436,3,0.15,0.00,9.917,-1.039,-1.135,-7.002098,-34.832748
99486,3,0.16,0.88,9.926,-1.006,-1.130,-7.002098,-34.832748
99536,3,0.14,-0.52,9.950,-0.996,-1.111,-7.002098,-34.832748
99588,3,0.13,0.00,9.941,-1.001,-1.140,-7.002098,-34.832748
99638,3,0.12,-0.50,9.926,-1.025,-1.111,-7.002098,-34.832748
99690,3,0.10,0.00,9.941,-1.068,-1.154,-7.002098,-34.832748
99741,3,0.05,-1.83,9.917,-1.034,-1.130,-7.002098,-34.832748
99793,3,0.09,0.00,9.912,-0.986,-1.140,-7.002098,-34.832748
99850,3,0.06,-0.36,9.931,-1.001,-1.144,-7.002098,-34.832748
99900,3,0.05,-0.52,9.926,-1.006,-1.168,-7.002098,-34.832748
99952,3,0.05,0.00,9.926,-1.034,-1.111,-7.002098,-34.832748
100003,3,0.02,-0.50,9.926,-1.068,-1.164,-7.002098,-34.832748
100055,3,-0.03,-1.88,9.946,-1.039,-1.144,-7.002098,-34.832748
100106,3,-0.03,0.00,9.922,-1.006,-1.144,-7.002098,-34.832748
100156,3,-0.04,-0.46,9.931,-1.006,-1.144,-7.002098,-34.832748
100206,3,-0.01,0.00,9.946,-0.982,-1.149,-7.002098,-34.832748
100257,3,-0.01,1.41,9.936,-1.015,-1.125,-7.002098,-34.832748
100307,3,-0.01,0.00,9.917,-1.053,-1.135,-7.002098,-34.832748
100358,3,-0.01,0.00,9.926,-1.063,-1.144,-7.002098,-34.832748
100408,3,-0.02,-0.50,9.926,-1.015,-1.140,-7.002098,-34.832748
100458,3,-0.02,0.00,9.941,-1.010,-1.120,-7.002098,-34.832748
100509,3,-0.02,0.00,9.926,-0.967,-1.154,-7.002098,-34.832748
100558,3,-0.02,0.00,9.917,-0.991,-1.144,-7.002098,-34.832748
100610,3,-0.02,0.00,9.926,-1.025,-1.116,-7.002098,-34.832748
100661,3,-0.04,0.00,9.926,-1.053,-1.173,-7.002098,-34.832748
100713,3,-0.06,-0.52,9.936,-1.034,-1.130,-7.002098,-34.832748
100765,3,-0.06,0.00,9.946,-0.991,-1.140,-7.002098,-34.832748
100816,3,-0.06,0.00,9.912,-0.996,-1.135,-7.002098,-34.832748
100868,3,-0.04,0.52,9.917,-1.001,-1.140,-7.002098,-34.832748
100919,3,-0.04,0.00,9.912,-1.034,-1.144,-7.002098,-34.832748
100971,3,-0.01,1.30,9.917,-1.058,-1.144,-7.002098,-34.832748
101023,3,-0.04,0.00,9.931,-1.030,-1.149,-7.002098,-34.832748
101075,3,-0.04,-0.48,9.917,-1.006,-1.120,-7.002098,-34.832748
101126,3,-0.06,-0.54,9.917,-0.962,-1.120,-7.002098,-34.832748
101176,3,-0.06,0.00,9.926,-0.991,-1.111,-7.002098,-34.832748
101226,3,-0.07,-0.52,9.917,-1.015,-1.125,-7.002098,-34.832748
101277,3,-0.07,0.00,9.912,-1.044,-1.120,-7.002098,-34.832748
101327,3,-0.07,0.00,9.946,-1.049,-1.149,-7.002098,-34.832748
101378,3,-0.10,-0.50,9.936,-1.034,-1.135,-7.002098,-34.832748
101428,3,-0.10,0.00,9.902,-0.982,-1.135,-7.002098,-34.832748
101478,3,-0.10,0.00,9.907,-1.001,-1.149,-7.002098,-34.832748
101529,3,-0.08,0.52,9.955,-1.006,-1.116,-7.002098,-34.832748
101579,3,-0.10,-0.48,9.946,-1.025,-1.135,-7.002098,-34.832748
101630,3,-0.08,0.48,9.912,-1.044,-1.144,-7.002098,-34.832748
101682,3,-0.08,0.00,9.941,-1.034,-1.116,-7.002098,-34.832748
101734,3,-0.08,0.00,9.946,-1.001,-1.130,-7.002098,-34.832748
101785,3,-0.07,0.56,9.917,-0.996,-1.111,-7.002098,-34.832748
101837,3,-0.06,0.52,9.936,-1.006,-1.135,-7.002098,-34.832748
101923,3,-0.06,0.00,9.922,-1.058,-1.125,-7.002098,-34.832748
101975,3,-0.06,0.00,9.936,-1.053,-1.125,-7.002098,-34.832748
102027,3,-0.07,-0.48,9.936,-1.025,-1.149,-7.002098,-34.832748
102077,3,-0.07,0.00,9.936,-0.991,-1.135,-7.002098,-34.832748
102127,3,-0.04,0.56,9.931,-0.996,-1.120,-7.002098,-34.832745
102177,3,-0.03,0.46,9.946,-1.015,-1.140,-7.002098,-34.832745
102228,3,-0.07,0.00,9.931,-1.034,-1.116,-7.002098,-34.832745
102278,3,-0.07,0.00,9.926,-1.044,-1.125,-7.002098,-34.832745
102329,3,-0.07,0.00,9.922,-1.049,-1.149,-7.002098,-34.832745
102379,3,-0.08,0.00,9.912,-0.991,-1.135,-7.002098,-34.832745
102430,3,-0.07,0.00,9.926,-0.972,-1.120,-7.002098,-34.832745
102480,3,-0.07,0.00,9.931,-0.982,-1.135,-7.002098,-34.832745
102530,3,-0.03,0.00,9.941,-1.030,-1.101,-7.002098,-34.832745
102582,3,-0.02,0.52,9.922,-1.053,-1.140,-7.002098,-34.832745
102632,3,-0.02,0.00,9.922,-1.058,-1.120,-7.002098,-34.832745
102684,3,-0.02,0.00,9.936,-1.034,-1.120,-7.002098,-34.832745
102735,3,-0.02,0.00,9.931,-0.967,-1.116,-7.002098,-34.832745
102787,3,-0.02,0.00,9.912,-0.967,-1.130,-7.002098,-34.832745
102838,3,-0.00,0.52,9.926,-1.010,-1.120,-7.002098,-34.832745
102890,3,0.01,0.50,9.926,-1.044,-1.154,-7.002098,-34.832745
102942,3,0.01,0.00,9.926,-1.063,-1.154,-7.002098,-34.832745
102993,3,-0.00,0.00,9.931,-1.049,-1.125,-7.002098,-34.832745
103045,3,-0.00,-0.50,9.926,-0.991,-1.120,-7.002098,-34.832745
103095,3,-0.00,0.00,9.936,-0.977,-1.135,-7.002098,-34.832745
103146,3,0.01,0.00,9.907,-0.991,-1.130,-7.002098,-34.832748
103196,3,0.04,0.50,9.922,-1.020,-1.125,-7.002098,-34.832748
103246,3,0.04,0.00,9.941,-1.053,-1.116,-7.002098,-34.832748
103297,3,0.04,0.00,9.902,-1.058,-1.135,-7.002098,-34.832748
103347,3,0.07,0.54,9.926,-1.039,-1.135,-7.002098,-34.832748
103398,3,0.07,0.00,9.931,-0.996,-1.149,-7.002098,-34.832748
103448,3,0.07,0.00,9.922,-0.977,-1.135,-7.002098,-34.832748
103499,3,0.07,-1.43,9.917,-0.991,-1.101,-7.002098,-34.832748
103548,3,0.07,0.00,9.922,-1.020,-1.149,-7.002098,-34.832748
103600,3,0.07,0.00,9.941,-1.068,-1.101,-7.002098,-34.832748
103651,3,0.08,0.00,9.922,-1.058,-1.144,-7.002098,-34.832748
103703,3,0.09,0.00,9.907,-1.034,-1.144,-7.002098,-34.832748
103755,3,0.09,0.00,9.926,-0.996,-1.120,-7.002098,-34.832748
103806,3,0.12,0.86,9.931,-0.986,-1.106,-7.002098,-34.832748
103858,3,0.11,-0.84,9.922,-1.006,-1.125,-7.002098,-34.832748
103909,3,0.16,1.97,9.893,-1.030,-1.125,-7.002098,-34.832748
103966,3,0.12,-0.66,9.907,-1.053,-1.140,-7.002098,-34.832748
104018,3,0.13,0.00,9.922,-1.063,-1.140,-7.002098,-34.832748
104070,3,0.13,0.00,9.926,-1.015,-1.130,-7.002098,-34.832748
104120,3,0.15,0.50,9.926,-0.977,-1.101,-7.002098,-34.832745
104171,3,0.16,0.56,9.907,-0.972,-1.125,-7.002098,-34.832745
104221,3,0.18,0.00,9.936,-0.996,-1.144,-7.002098,-34.832745
104272,3,0.14,-1.47,9.931,-1.053,-1.120,-7.002098,-34.832745
104322,3,0.19,2.01,9.922,-1.039,-1.111,-7.002098,-34.832745
104372,3,0.15,0.00,9.917,-1.039,-1.144,-7.002098,-34.832745
104423,3,0.17,0.54,9.917,-1.020,-1.135,-7.002098,-34.832745
104473,3,0.17,0.00,9.917,-0.977,-1.125,-7.002098,-34.832745
104524,3,0.18,0.00,9.917,-0.996,-1.130,-7.002098,-34.832745
104574,3,0.18,0.00,9.926,-0.982,-1.140,-7.002098,-34.832745
104626,3,0.21,0.00,9.907,-1.034,-1.140,-7.002098,-34.832745
104677,3,0.22,0.50,9.926,-1.049,-1.159,-7.002098,-34.832745
104729,3,0.22,0.00,9.926,-1.044,-1.135,-7.002098,-34.832745
104780,3,0.23,0.00,9.931,-1.015,-1.164,-7.002098,-34.832745
104832,3,0.22,-0.73,9.922,-0.991,-1.125,-7.002098,-34.832745
104884,3,0.23,0.00,9.917,-1.001,-1.125,-7.002098,-34.832745
104935,3,0.24,0.52,9.936,-1.010,-1.120,-7.002098,-34.832745
104987,3,0.24,0.00,9.936,-1.039,-1.125,-7.002098,-34.832745
105038,3,0.29,0.00,9.926,-1.053,-1.135,-7.002098,-34.832745
105089,3,0.29,0.00,9.941,-1.025,-1.144,-7.002098,-34.832745
105139,3,0.30,0.00,9.922,-1.006,-1.116,-7.002098,-34.832745
105190,3,0.30,0.00,9.926,-1.010,-1.144,-7.002098,-34.832745
105240,3,0.32,0.52,9.946,-1.015,-1.135,-7.002098,-34.832745
105290,3,0.30,0.00,9.941,-0.996,-1.101,-7.002098,-34.832745
105341,3,0.34,1.45,9.936,-1.044,-1.135,-7.002098,-34.832745
105391,3,0.33,-0.56,9.936,-1.049,-1.144,-7.002098,-34.832745
105442,3,0.33,0.00,9.931,-1.015,-1.144,-7.002098,-34.832745
105492,3,0.31,-0.52,9.917,-1.006,-1.120,-7.002098,-34.832745
105542,3,0.31,0.00,9.936,-1.001,-1.140,-7.002098,-34.832745
105593,3,0.31,0.00,9.941,-1.015,-1.106,-7.002098,-34.832745
105645,3,0.32,-0.48,9.946,-1.068,-1.120,-7.002098,-34.832745
105697,3,0.32,0.00,9.950,-1.058,-1.144,-7.002098,-34.832745
105748,3,0.32,0.00,9.912,-0.986,-1.154,-7.002098,-34.832745
105800,3,0.33,0.48,9.907,-1.001,-1.125,-7.002098,-34.832745
105851,3,0.33,0.00,9.946,-1.010,-1.125,-7.002098,-34.832745
105902,3,0.33,0.00,9.941,-1.001,-1.144,-7.002098,-34.832745
105953,3,0.33,0.00,9.922,-1.068,-1.140,-7.002098,-34.832745
106009,3,0.32,-0.17,9.936,-1.044,-1.144,-7.002098,-34.832745
106061,3,0.32,0.00,9.946,-1.010,-1.140,-7.002098,-34.832745
106111,3,0.29,0.00,9.902,-0.991,-1.130,-7.002098,-34.832745
106162,3,0.27,0.50,9.926,-0.991,-1.130,-7.002098,-34.832745
106212,3,0.27,0.00,9.917,-1.010,-1.087,-7.002098,-34.832745
106262,3,0.28,0.00,9.912,-1.039,-1.140,-7.002098,-34.832745
106313,3,0.27,0.00,9.922,-1.068,-1.130,-7.002098,-34.832745
106363,3,0.27,0.00,9.931,-1.034,-1.159,-7.002098,-34.832745
106414,3,0.27,0.00,9.926,-0.996,-1.135,-7.002098,-34.832745
106464,3,0.26,0.00,9.917,-0.996,-1.149,-7.002098,-34.832745
106514,3,0.26,0.00,9.926,-0.986,-1.140,-7.002098,-34.832745
106565,3,0.26,0.00,9.926,-1.034,-1.116,-7.002098,-34.832745
106617,3,0.26,0.00,9.936,-1.063,-1.144,-7.002098,-34.832745
106668,3,0.26,-0.47,9.941,-1.049,-1.130,-7.002098,-34.832745
106720,3,0.26,0.00,9.917,-1.020,-1.116,-7.002098,-34.832745
106771,3,0.27,0.00,9.926,-1.001,-1.144,-7.002098,-34.832745
106823,3,0.27,0.00,9.926,-0.991,-1.135,-7.002098,-34.832745
106875,3,0.27,0.00,9.931,-1.010,-1.106,-7.002098,-34.832745
106926,3,0.26,-0.47,9.941,-1.082,-1.154,-7.002098,-34.832745
106978,3,0.21,-1.86,9.926,-1.073,-1.149,-7.002098,-34.832745
107029,3,0.24,1.32,9.941,-1.015,-1.144,-7.002098,-34.832745
107079,3,0.26,0.58,9.926,-0.996,-1.154,-7.002098,-34.832745
107130,3,0.21,0.00,9.912,-0.986,-1.111,-7.002099,-34.832745
107180,3,0.24,1.43,9.917,-1.006,-1.140,-7.002099,-34.832745
107231,3,0.24,0.00,9.912,-1.058,-1.120,-7.002099,-34.832745
107281,3,0.24,0.00,9.931,-1.053,-1.111,-7.002099,-34.832745
107331,3,0.22,-0.54,9.922,-1.030,-1.144,-7.002099,-34.832745
107382,3,0.20,-0.54,9.941,-1.006,-1.144,-7.002099,-34.832745
107432,3,0.19,0.00,9.941,-1.001,-1.130,-7.002099,-34.832745
107483,3,0.23,0.00,9.941,-1.001,-1.154,-7.002099,-34.832745
107533,3,0.21,-0.54,9.926,-1.039,-1.125,-7.002099,-34.832745
107584,3,0.21,0.00,9.912,-1.044,-1.135,-7.002099,-34.832745
107636,3,0.21,0.00,9.912,-1.020,-1.144,-7.002099,-34.832745
107687,3,0.19,-0.86,9.931,-0.996,-1.116,-7.002099,-34.832745
107738,3,0.19,0.00,9.917,-0.991,-1.125,-7.002099,-34.832745
107789,3,0.23,0.00,9.936,-1.001,-1.144,-7.002099,-34.832745
107841,3,0.19,0.00,9.917,-1.049,-1.087,-7.002099,-34.832745
107893,3,0.18,-0.50,9.926,-1.063,-1.135,-7.002099,-34.832745
107944,3,0.16,0.00,9.946,-1.034,-1.120,-7.002099,-34.832745
107996,3,0.16,0.00,9.936,-1.006,-1.130,-7.002099,-34.832745
108053,3,0.16,0.00,9.917,-0.977,-1.092,-7.002099,-34.832745
108103,3,0.16,0.00,9.922,-0.991,-1.125,-7.002099,-34.832745
108154,3,0.18,0.00,9.946,-1.020,-1.120,-7.002099,-34.832748
108204,3,0.16,-0.54,9.936,-1.044,-1.116,-7.002099,-34.832748
108255,3,0.16,0.00,9.922,-1.044,-1.120,-7.002099,-34.832748
108305,3,0.16,0.00,9.926,-1.025,-1.116,-7.002099,-34.832748
108355,3,0.16,0.00,9.955,-0.991,-1.116,-7.002099,-34.832748
108406,3,0.15,0.00,9.936,-1.006,-1.101,-7.002099,-34.832748
108456,3,0.20,0.54,9.941,-1.030,-1.116,-7.002099,-34.832748
108507,3,0.21,0.54,9.946,-1.034,-1.144,-7.002099,-34.832748
108558,3,0.21,0.00,9.946,-1.039,-1.111,-7.002099,-34.832748
108609,3,0.21,0.00,9.926,-1.049,-1.159,-7.002099,-34.832748
108660,3,0.21,0.00,9.941,-1.015,-1.116,-7.002099,-34.832748
108712,3,0.23,0.54,9.922,-1.001,-1.120,-7.002099,-34.832748
108764,3,0.23,0.00,9.936,-1.001,-1.144,-7.002099,-34.832748
108815,3,0.24,0.50,9.931,-1.006,-1.144,-7.002099,-34.832748
108867,3,0.25,0.48,9.926,-1.053,-1.144,-7.002099,-34.832748
108918,3,0.28,0.47,9.969,-1.073,-1.125,-7.002099,-34.832748
108970,3,0.29,0.54,9.941,-1.020,-1.116,-7.002099,-34.832748
109022,3,0.29,0.00,9.893,-0.996,-1.130,-7.002099,-34.832748
109072,3,0.26,-1.45,9.922,-1.006,-1.120,-7.002099,-34.832748
109122,3,0.26,0.00,9.917,-1.010,-1.120,-7.002099,-34.832748
109172,3,0.31,0.00,9.950,-1.034,-1.164,-7.002099,-34.832748
109223,3,0.32,0.56,9.950,-1.068,-1.116,-7.002099,-34.832748
109273,3,0.32,0.00,9.941,-1.049,-1.135,-7.002099,-34.832748
109323,3,0.31,0.00,9.922,-1.020,-1.106,-7.002099,-34.832748
109374,3,0.28,-0.58,9.922,-0.962,-1.125,-7.002099,-34.832748
109424,3,0.28,0.00,9.922,-0.986,-1.140,-7.002099,-34.832748
109475,3,0.28,0.00,9.922,-1.025,-1.111,-7.002099,-34.832748
109525,3,0.27,-0.50,9.917,-1.058,-1.106,-7.002099,-34.832748
109577,3,0.27,0.00,9.936,-1.058,-1.140,-7.002099,-34.832748
109628,3,0.27,0.00,9.922,-1.049,-1.111,-7.002099,-34.832748
109680,3,0.25,-0.54,9.912,-0.996,-1.149,-7.002099,-34.832748
109731,3,0.25,0.00,9.922,-0.991,-1.149,-7.002099,-34.832748
109783,3,0.25,0.00,9.917,-1.010,-1.130,-7.002099,-34.832748
109835,3,0.25,0.00,9.922,-1.034,-1.125,-7.002099,-34.832748
109885,3,0.24,-0.48,9.931,-1.049,-1.130,-7.002099,-34.832748
109936,3,0.24,0.00,9.917,-1.039,-1.135,-7.002099,-34.832748
109988,3,0.27,0.58,9.922,-1.010,-1.144,-7.002099,-34.832748
110037,3,0.27,0.00,9.931,-0.996,-1.130,-7.002099,-34.832748
110095,3,0.28,0.17,9.926,-1.006,-1.154,-7.002099,-34.832748
110146,3,0.33,0.00,9.917,-1.015,-1.140,-7.002099,-34.832748
110196,3,0.33,0.56,9.917,-1.025,-1.111,-7.002099,-34.832748
110247,3,0.33,0.00,9.917,-1.063,-1.116,-7.002099,-34.832748
110297,3,0.33,0.00,9.926,-1.053,-1.149,-7.002099,-34.832748
110347,3,0.37,1.47,9.926,-1.006,-1.125,-7.002099,-34.832748
110398,3,0.38,0.54,9.922,-0.986,-1.111,-7.002099,-34.832748
110448,3,0.39,0.00,9.917,-0.991,-1.120,-7.002099,-34.832748
110498,3,0.39,0.50,9.926,-1.015,-1.106,-7.002099,-34.832748
110551,3,0.41,0.50,9.926,-1.034,-1.130,-7.002099,-34.832748
110601,3,0.41,0.00,9.926,-1.034,-1.164,-7.002099,-34.832748
110653,3,0.41,0.00,9.946,-1.053,-1.154,-7.002099,-34.832748
110704,3,0.39,-0.50,9.941,-0.986,-1.135,-7.002099,-34.832748
110756,3,0.41,0.50,9.912,-0.991,-1.120,-7.002099,-34.832748
110807,3,0.41,0.00,9.922,-0.977,-1.135,-7.002099,-34.832748
110859,3,0.42,0.50,9.931,-1.034,-1.154,-7.002099,-34.832748
110911,3,0.42,0.00,9.936,-1.044,-1.125,-7.002099,-34.832748
110962,3,0.43,0.50,9.922,-1.073,-1.135,-7.002099,-34.832748
111014,3,0.43,0.00,9.931,-1.034,-1.120,-7.002099,-34.832748
111063,3,0.43,-0.56,9.931,-0.991,-1.130,-7.002099,-34.832748
111114,3,0.43,0.00,9.922,-0.996,-1.135,-7.002099,-34.832752
111164,3,0.45,0.00,9.926,-0.996,-1.135,-7.002099,-34.832752
111215,3,0.43,-0.56,9.931,-1.049,-1.149,-7.002099,-34.832752
111265,3,0.43,0.00,9.946,-1.053,-1.116,-7.002099,-34.832752
111316,3,0.43,0.00,9.926,-1.063,-1.140,-7.002099,-34.832752
111366,3,0.42,-0.54,9.946,-1.039,-1.144,-7.002099,-34.832752
111416,3,0.39,-1.43,9.912,-1.015,-1.106,-7.002099,-34.832752
111467,3,0.39,0.00,9.926,-0.991,-1.140,-7.002099,-34.832752
111517,3,0.39,0.00,9.912,-0.982,-1.130,-7.002099,-34.832752
111569,3,0.42,1.43,9.926,-0.986,-1.135,-7.002099,-34.832752
111620,3,0.43,0.00,9.922,-1.039,-1.092,-7.002099,-34.832752
111672,3,0.45,0.52,9.931,-1.039,-1.135,-7.002099,-34.832752
111724,3,0.41,-1.36,9.917,-1.049,-1.164,-7.002099,-34.832752
111775,3,0.43,0.50,9.936,-1.001,-1.116,-7.002099,-34.832752
111827,3,0.46,1.36,9.922,-0.991,-1.130,-7.002099,-34.832752
111878,3,0.46,0.00,9.912,-1.010,-1.116,-7.002099,-34.832752
111929,3,0.43,-1.36,9.922,-1.030,-1.135,-7.002099,-34.832752
111980,3,0.43,0.00,9.902,-1.049,-1.140,-7.002099,-34.832752
112032,3,0.43,0.00,9.941,-1.049,-1.154,-7.002099,-34.832752
112082,3,0.43,0.00,9.936,-1.034,-1.168,-7.002099,-34.832752
112141,3,0.48,0.65,9.926,-0.982,-1.135,-7.002099,-34.832752
112191,3,0.41,-2.01,9.936,-0.967,-1.120,-7.002099,-34.832752
112242,3,0.41,0.00,9.922,-1.006,-1.140,-7.002099,-34.832752
112292,3,0.41,0.00,9.931,-1.030,-1.154,-7.002099,-34.832752
112342,3,0.40,-0.56,9.926,-1.049,-1.130,-7.002099,-34.832752
112393,3,0.39,-0.50,9.946,-1.034,-1.159,-7.002099,-34.832752
112443,3,0.39,0.00,9.926,-1.030,-1.116,-7.002099,-34.832752
112494,3,0.37,-0.54,9.931,-0.991,-1.135,-7.002099,-34.832752
112543,3,0.37,0.00,9.955,-0.986,-1.120,-7.002099,-34.832752
112594,3,0.41,1.32,9.907,-1.006,-1.111,-7.002099,-34.832752
112645,3,0.39,0.00,9.936,-1.034,-1.144,-7.002099,-34.832752
112697,3,0.41,0.50,9.931,-1.073,-1.106,-7.002099,-34.832752
112749,3,0.41,0.00,9.969,-1.030,-1.159,-7.002099,-34.832752
112800,3,0.42,0.00,9.922,-1.039,-1.111,-7.002099,-34.832752
112852,3,0.41,-0.50,9.907,-1.010,-1.140,-7.002099,-34.832752
112903,3,0.42,0.00,9.955,-0.986,-1.125,-7.002099,-34.832752
112955,3,0.42,0.00,9.902,-1.025,-1.149,-7.002099,-34.832752
113007,3,0.42,0.00,9.941,-1.025,-1.149,-7.002099,-34.832752
113059,3,0.42,0.00,9.941,-1.053,-1.149,-7.002099,-34.832752
113109,3,0.39,-1.43,9.960,-1.039,-1.188,-7.002099,-34.832752
113159,3,0.40,0.00,9.912,-1.053,-1.135,-7.002099,-34.832752
113210,3,0.43,0.00,9.907,-1.020,-1.125,-7.002099,-34.832752
113260,3,0.41,-0.91,9.946,-0.991,-1.135,-7.002099,-34.832752
113311,3,0.40,0.00,9.931,-0.967,-1.140,-7.002099,-34.832752
113361,3,0.42,0.00,9.936,-0.996,-1.135,-7.002099,-34.832752
113411,3,0.43,0.52,9.955,-1.049,-1.125,-7.002099,-34.832752
113462,3,0.40,0.00,9.950,-1.049,-1.149,-7.002099,-34.832752
113512,3,0.45,1.47,9.936,-1.063,-1.125,-7.002099,-34.832752
113564,3,0.41,-1.47,9.926,-1.006,-1.130,-7.002099,-34.832752
113616,3,0.41,0.00,9.936,-1.006,-1.130,-7.002099,-34.832752
113667,3,0.41,0.00,9.926,-0.977,-1.149,-7.002099,-34.832752
113719,3,0.41,0.00,9.912,-0.982,-1.130,-7.002099,-34.832752
113771,3,0.41,0.00,9.936,-1.010,-1.144,-7.002099,-34.832752
113822,3,0.40,0.00,9.912,-1.044,-1.116,-7.002099,-34.832752
113874,3,0.40,0.00,9.912,-1.053,-1.101,-7.002099,-34.832752
113925,3,0.40,-0.56,9.950,-1.001,-1.125,-7.002099,-34.832752
113976,3,0.40,0.00,9.912,-1.010,-1.125,-7.002099,-34.832752
114027,3,0.41,0.52,9.931,-0.977,-1.154,-7.002099,-34.832752
114077,3,0.40,0.00,9.955,-1.001,-1.159,-7.002099,-34.832752
114128,3,0.40,-0.56,9.907,-1.034,-1.111,-7.002099,-34.832756
114189,3,0.40,0.00,9.888,-1.044,-1.097,-7.002099,-34.832756
114239,3,0.39,-0.50,9.917,-1.020,-1.125,-7.002099,-34.832756
114290,3,0.39,0.00,9.907,-0.996,-1.135,-7.002099,-34.832756
114340,3,0.36,-0.56,9.898,-0.982,-1.106,-7.002099,-34.832756
114390,3,0.34,-0.54,9.912,-0.991,-1.154,-7.002099,-34.832756
114441,3,0.32,0.00,9.950,-1.020,-1.135,-7.002099,-34.832756
114491,3,0.30,0.00,9.912,-1.049,-1.130,-7.002099,-34.832756
114544,3,0.29,-0.52,9.926,-1.039,-1.149,-7.002099,-34.832756
114594,3,0.29,0.00,9.936,-1.039,-1.125,-7.002099,-34.832756
114646,3,0.30,0.00,9.931,-0.991,-1.140,-7.002099,-34.832756
114697,3,0.30,0.52,9.926,-0.982,-1.130,-7.002099,-34.832756
114749,3,0.30,0.00,9.941,-0.991,-1.168,-7.002099,-34.832756
114800,3,0.30,0.00,9.946,-1.025,-1.116,-7.002099,-34.832756
114852,3,0.29,0.00,9.926,-1.049,-1.164,-7.002099,-34.832756
114904,3,0.30,0.00,9.946,-1.053,-1.125,-7.002099,-34.832756
114955,3,0.30,0.00,9.926,-1.039,-1.149,-7.002099,-34.832756
115007,3,0.30,0.00,9.926,-0.986,-1.116,-7.002099,-34.832756
115056,3,0.27,-1.34,9.946,-0.972,-1.125,-7.002099,-34.832756
115107,3,0.30,1.45,9.926,-1.001,-1.111,-7.002099,-34.832756
115157,3,0.28,0.00,9.936,-1.030,-1.144,-7.002098,-34.832756
115207,3,0.28,0.00,9.912,-1.058,-1.120,-7.002098,-34.832756
115258,3,0.27,-0.50,9.931,-1.058,-1.140,-7.002098,-34.832756
115308,3,0.28,0.00,9.941,-1.049,-1.135,-7.002098,-34.832756
115359,3,0.29,0.56,9.931,-0.991,-1.116,-7.002098,-34.832756
115409,3,0.29,0.00,9.936,-0.967,-1.144,-7.002098,-34.832756
115460,3,0.31,0.00,9.917,-1.001,-1.130,-7.002098,-34.832756
115510,3,0.31,0.00,9.950,-1.015,-1.120,-7.002098,-34.832756
115559,3,0.32,0.52,9.907,-1.025,-1.106,-7.002098,-34.832756
115611,3,0.33,0.00,9.936,-1.063,-1.135,-7.002098,-34.832756
115663,3,0.35,0.52,9.922,-1.030,-1.135,-7.002098,-34.832756
115713,3,0.36,0.50,9.926,-0.991,-1.106,-7.002098,-34.832756
115764,3,0.36,0.00,9.922,-0.958,-1.116,-7.002098,-34.832756
115816,3,0.38,0.00,9.946,-1.010,-1.149,-7.002098,-34.832756
115868,3,0.38,0.00,9.941,-1.010,-1.120,-7.002098,-34.832756
115919,3,0.36,0.00,9.907,-1.058,-1.125,-7.002098,-34.832756
115971,3,0.36,0.00,9.926,-1.049,-1.140,-7.002098,-34.832756
116022,3,0.35,-0.50,9.931,-1.039,-1.144,-7.002098,-34.832756
116072,3,0.35,0.00,9.931,-0.986,-1.116,-7.002098,-34.832756
116123,3,0.33,-1.47,9.922,-0.991,-1.144,-7.002098,-34.832760
116173,3,0.33,0.00,9.931,-1.010,-1.116,-7.002098,-34.832760
116230,3,0.33,0.00,9.922,-1.025,-1.130,-7.002098,-34.832760
116281,3,0.33,0.00,9.926,-1.049,-1.120,-7.002098,-34.832760
116331,3,0.33,0.52,9.912,-1.053,-1.111,-7.002098,-34.832760
116382,3,0.31,-0.50,9.926,-1.020,-1.116,-7.002098,-34.832760
116432,3,0.30,0.00,9.936,-1.001,-1.125,-7.002098,-34.832760
116482,3,0.28,-0.54,9.917,-1.010,-1.140,-7.002098,-34.832760
116533,3,0.30,0.56,9.946,-0.996,-1.140,-7.002098,-34.832760
116583,3,0.28,-0.52,9.941,-1.030,-1.101,-7.002098,-34.832760
116634,3,0.27,-0.50,9.931,-1.039,-1.130,-7.002098,-34.832760
116686,3,0.27,0.00,9.941,-1.030,-1.144,-7.002098,-34.832760
116735,3,0.26,-0.47,9.936,-1.015,-1.120,-7.002098,-34.832760
116787,3,0.26,0.00,9.917,-0.991,-1.144,-7.002098,-34.832760
116838,3,0.27,0.00,9.917,-1.006,-1.149,-7.002098,-34.832760
116890,3,0.31,1.36,9.926,-1.015,-1.140,-7.002098,-34.832760
116941,3,0.27,-1.36,9.926,-1.039,-1.140,-7.002098,-34.832760
116993,3,0.27,0.00,9.898,-1.063,-1.140,-7.002098,-34.832760
117045,3,0.27,0.00,9.931,-1.030,-1.140,-7.002098,-34.832760
117095,3,0.28,0.00,9.917,-1.015,-1.120,-7.002098,-34.832760
117146,3,0.30,0.56,9.912,-0.977,-1.154,-7.002097,-34.832760
117196,3,0.30,0.00,9.946,-1.006,-1.140,-7.002097,-34.832760
117246,3,0.31,0.00,9.941,-1.030,-1.130,-7.002097,-34.832760
117297,3,0.30,-0.54,9.926,-1.039,-1.111,-7.002097,-34.832760
117347,3,0.30,0.00,9.917,-1.058,-1.144,-7.002097,-34.832760
117398,3,0.35,1.45,9.931,-1.049,-1.125,-7.002097,-34.832760
117448,3,0.33,-0.56,9.907,-0.996,-1.130,-7.002097,-34.832760
117498,3,0.30,0.00,9.917,-0.991,-1.144,-7.002097,-34.832760
117548,3,0.31,0.00,9.931,-0.996,-1.120,-7.002097,-34.832760
117600,3,0.31,0.00,9.931,-1.030,-1.125,-7.002097,-34.832760
117651,3,0.30,0.00,9.922,-1.044,-1.125,-7.002097,-34.832760
117703,3,0.28,-0.52,9.922,-1.039,-1.149,-7.002097,-34.832760
117755,3,0.28,0.00,9.941,-1.010,-1.125,-7.002097,-34.832760
117805,3,0.27,-0.50,9.931,-1.001,-1.135,-7.002097,-34.832760
117856,3,0.27,0.00,9.926,-1.001,-1.111,-7.002097,-34.832760
117908,3,0.24,-0.58,9.941,-0.991,-1.120,-7.002097,-34.832760
117960,3,0.23,0.00,9.941,-1.030,-1.130,-7.002097,-34.832760
118011,3,0.20,-0.52,9.936,-1.039,-1.149,-7.002097,-34.832760
118063,3,0.20,0.00,9.955,-1.053,-1.130,-7.002097,-34.832760
118114,3,0.20,0.00,9.936,-1.006,-1.144,-7.002096,-34.832760
118164,3,0.19,0.00,9.922,-0.967,-1.120,-7.002096,-34.832760
118215,3,0.20,0.54,9.926,-1.001,-1.116,-7.002096,-34.832760
118273,3,0.18,-0.31,9.926,-1.020,-1.116,-7.002096,-34.832760
118323,3,0.18,0.00,9.965,-1.039,-1.144,-7.002096,-34.832760
118374,3,0.19,0.00,9.926,-1.058,-1.130,-7.002096,-34.832760
118424,3,0.19,0.00,9.917,-1.025,-1.130,-7.002096,-34.832760
118474,3,0.19,0.00,9.960,-1.006,-1.168,-7.002096,-34.832760
118525,3,0.18,0.00,9.931,-0.991,-1.101,-7.002096,-34.832760
118575,3,0.18,0.00,9.926,-0.986,-1.159,-7.002096,-34.832760
118624,3,0.18,0.00,9.922,-1.006,-1.140,-7.002096,-34.832760
118676,3,0.15,0.00,9.917,-1.034,-1.106,-7.002096,-34.832760
118727,3,0.15,0.00,9.912,-1.058,-1.144,-7.002096,-34.832760
118779,3,0.15,0.00,9.922,-1.053,-1.125,-7.002096,-34.832760
118830,3,0.15,0.00,9.907,-0.982,-1.125,-7.002096,-34.832760
118882,3,0.15,0.00,9.907,-0.967,-1.116,-7.002096,-34.832760
118934,3,0.16,0.00,9.922,-1.015,-1.135,-7.002096,-34.832760
118985,3,0.12,0.00,9.941,-1.025,-1.144,-7.002096,-34.832760
119037,3,0.12,0.00,9.926,-1.049,-1.125,-7.002096,-34.832760
119087,3,0.14,0.54,9.902,-1.039,-1.140,-7.002096,-34.832760
119137,3,0.14,0.00,9.955,-1.025,-1.125,-7.002096,-34.832760
119188,3,0.14,0.00,9.912,-0.991,-1.101,-7.002096,-34.832760
119238,3,0.15,0.00,9.917,-0.977,-1.101,-7.002096,-34.832760
119289,3,0.16,0.50,9.931,-1.010,-1.125,-7.002096,-34.832760
119339,3,0.13,0.00,9.922,-1.030,-1.130,-7.002096,-34.832760
119389,3,0.13,0.00,9.902,-1.068,-1.140,-7.002096,-34.832760
119440,3,0.13,0.00,9.917,-1.053,-1.130,-7.002096,-34.832760
119490,3,0.13,0.00,9.946,-1.039,-1.116,-7.002096,-34.832760
119543,3,0.13,0.00,9.917,-1.001,-1.130,-7.002096,-34.832760
119594,3,0.13,0.00,9.917,-1.010,-1.130,-7.002096,-34.832760
119646,3,0.14,0.00,9.926,-0.996,-1.116,-7.002096,-34.832760
119697,3,0.18,0.50,9.926,-1.034,-1.135,-7.002096,-34.832760
119749,3,0.18,0.00,9.917,-1.044,-1.135,-7.002096,-34.832760
119801,3,0.20,0.00,9.926,-1.058,-1.154,-7.002096,-34.832760
119851,3,0.20,0.00,9.926,-1.030,-1.149,-7.002096,-34.832760
119903,3,0.22,0.52,9.917,-1.010,-1.140,-7.002096,-34.832760
119954,3,0.22,0.00,9.917,-0.996,-1.135,-7.002096,-34.832760
120006,3,0.24,0.00,9.912,-1.010,-1.144,-7.002096,-34.832760
120055,3,0.25,0.52,9.912,-1.034,-1.130,-7.002096,-34.832760
120105,3,0.22,0.00,9.946,-1.044,-1.130,-7.002096,-34.832760
120156,3,0.25,1.45,9.926,-1.053,-1.130,-7.002096,-34.832760
120206,3,0.25,0.00,9.936,-1.039,-1.135,-7.002096,-34.832760
120257,3,0.25,0.00,9.922,-0.991,-1.140,-7.002096,-34.832760
120315,3,0.20,-0.72,9.946,-0.986,-1.154,-7.002096,-34.832760
120365,3,0.22,0.91,9.941,-1.015,-1.149,-7.002096,-34.832760
120416,3,0.22,0.00,9.912,-1.010,-1.130,-7.002096,-34.832760
120466,3,0.22,0.00,9.926,-1.030,-1.130,-7.002096,-34.832760
120517,3,0.21,-0.56,9.926,-1.049,-1.140,-7.002096,-34.832760
120568,3,0.21,0.00,9.931,-1.034,-1.154,-7.002096,-34.832760
120619,3,0.21,0.00,9.950,-1.006,-1.130,-7.002096,-34.832760
120670,3,0.20,-0.50,9.936,-1.010,-1.135,-7.002096,-34.832760
120722,3,0.18,-0.52,9.946,-1.006,-1.154,-7.002096,-34.832760
120773,3,0.18,0.00,9.936,-1.030,-1.116,-7.002096,-34.832760
120825,3,0.18,0.00,9.946,-1.058,-1.149,-7.002096,-34.832760
120877,3,0.22,0.00,9.931,-1.058,-1.140,-7.002096,-34.832760
120928,3,0.22,0.00,9.931,-1.039,-1.111,-7.002096,-34.832760
120980,3,0.22,0.48,9.917,-0.986,-1.120,-7.002096,-34.832760
121032,3,0.21,-0.48,9.912,-0.991,-1.159,-7.002096,-34.832760
121082,3,0.21,0.00,9.926,-1.010,-1.144,-7.002096,-34.832760
121132,3,0.18,-0.54,9.917,-1.039,-1.164,-7.002096,-34.832760
121182,3,0.18,0.00,9.917,-1.034,-1.149,-7.002096,-34.832760
121233,3,0.18,0.00,9.936,-1.058,-1.154,-7.002096,-34.832760
121283,3,0.16,0.00,9.946,-1.015,-1.149,-7.002096,-34.832760
121334,3,0.15,-0.50,9.926,-0.991,-1.125,-7.002096,-34.832760
121384,3,0.15,0.00,9.931,-0.982,-1.116,-7.002096,-34.832760
121435,3,0.15,0.00,9.926,-1.001,-1.135,-7.002096,-34.832760
121485,3,0.15,0.00,9.936,-1.044,-1.140,-7.002096,-34.832760
121535,3,0.15,0.00,9.926,-1.039,-1.140,-7.002096,-34.832760
121587,3,0.15,0.00,9.922,-1.053,-1.164,-7.002096,-34.832760
121638,3,0.15,0.00,9.936,-1.001,-1.125,-7.002096,-34.832760
121690,3,0.14,0.00,9.931,-1.015,-1.135,-7.002096,-34.832760
121741,3,0.14,0.00,9.936,-0.986,-1.111,-7.002096,-34.832760
121793,3,0.11,0.00,9.926,-0.991,-1.111,-7.002096,-34.832760
121845,3,0.14,0.00,9.931,-1.025,-1.130,-7.002096,-34.832760
121895,3,0.15,0.52,9.917,-1.039,-1.116,-7.002096,-34.832760
121947,3,0.16,0.47,9.931,-1.058,-1.125,-7.002096,-34.832760
121998,3,0.18,0.00,9.936,-1.010,-1.111,-7.002096,-34.832760
122050,3,0.18,0.00,9.936,-0.991,-1.135,-7.002096,-34.832760
122100,3,0.18,0.00,9.907,-1.010,-1.140,-7.002096,-34.832760
122151,3,0.15,0.00,9.922,-1.001,-1.140,-7.002096,-34.832760
122201,3,0.14,0.00,9.917,-1.015,-1.140,-7.002096,-34.832760
122252,3,0.14,0.00,9.936,-1.030,-1.125,-7.002096,-34.832760
122302,3,0.10,0.00,9.941,-1.053,-1.140,-7.002096,-34.832760
122360,3,0.10,0.00,9.926,-1.006,-1.140,-7.002096,-34.832760
122411,3,0.09,-0.56,9.931,-1.006,-1.144,-7.002096,-34.832760
122461,3,0.07,0.00,9.922,-0.986,-1.111,-7.002096,-34.832760
122512,3,0.06,-0.56,9.950,-0.986,-1.140,-7.002096,-34.832760
122563,3,0.01,-1.83,9.936,-1.001,-1.120,-7.002096,-34.832760
122614,3,0.05,1.34,9.936,-1.025,-1.140,-7.002096,-34.832760
122665,3,0.06,0.48,9.936,-1.058,-1.125,-7.002096,-34.832760
122717,3,0.06,0.48,9.941,-1.044,-1.130,-7.002096,-34.832760
122769,3,0.07,0.52,9.922,-0.996,-1.116,-7.002096,-34.832760
122820,3,0.07,0.00,9.907,-0.996,-1.168,-7.002096,-34.832760
122872,3,0.09,0.48,9.955,-1.010,-1.111,-7.002096,-34.832760
122923,3,0.07,-0.48,9.926,-1.020,-1.130,-7.002096,-34.832760
122975,3,0.09,0.00,9.950,-1.049,-1.140,-7.002096,-34.832760
123027,3,0.09,0.00,9.936,-1.039,-1.144,-7.002096,-34.832760
123077,3,0.09,0.00,9.926,-1.039,-1.144,-7.002096,-34.832760
123127,3,0.09,0.00,9.936,-1.001,-1.116,-7.002096,-34.832760
123177,3,0.10,0.54,9.926,-0.991,-1.125,-7.002096,-34.832760
123228,3,0.14,0.00,9.931,-1.025,-1.140,-7.002096,-34.832760
123278,3,0.10,-1.47,9.907,-1.034,-1.111,-7.002096,-34.832760
123329,3,0.10,0.00,9.931,-1.053,-1.154,-7.002096,-34.832760
123379,3,0.10,0.00,9.946,-1.025,-1.135,-7.002096,-34.832760
123430,3,0.10,0.00,9.922,-0.986,-1.135,-7.002096,-34.832760
123480,3,0.10,0.00,9.922,-0.986,-1.120,-7.002096,-34.832760
123530,3,0.10,0.00,9.922,-1.006,-1.144,-7.002096,-34.832760
123582,3,0.09,0.00,9.926,-1.020,-1.135,-7.002096,-34.832760
123633,3,0.05,-1.34,9.936,-1.039,-1.135,-7.002096,-34.832760
123685,3,0.07,0.00,9.917,-1.044,-1.149,-7.002096,-34.832760
123736,3,0.04,-1.36,9.926,-1.001,-1.159,-7.002096,-34.832760
123788,3,0.02,0.00,9.907,-1.001,-1.130,-7.002096,-34.832760
123840,3,0.02,-0.52,9.926,-0.991,-1.130,-7.002096,-34.832760
123890,3,0.02,0.00,9.926,-1.025,-1.144,-7.002096,-34.832760
123942,3,0.01,-0.50,9.902,-1.034,-1.149,-7.002096,-34.832760
123993,3,0.01,0.00,9.926,-1.039,-1.140,-7.002096,-34.832760
124045,3,0.02,0.47,9.936,-1.030,-1.140,-7.002096,-34.832760
124095,3,0.02,0.00,9.931,-0.991,-1.168,-7.002096,-34.832760
124146,3,0.02,0.00,9.931,-1.001,-1.159,-7.002096,-34.832760
124196,3,0.02,0.00,9.931,-1.020,-1.106,-7.002096,-34.832760
124247,3,0.02,0.00,9.941,-1.025,-1.135,-7.002096,-34.832760
124297,3,0.04,0.00,9.936,-1.063,-1.144,-7.002096,-34.832760
124347,3,0.05,0.00,9.931,-1.039,-1.130,-7.002096,-34.832760
124405,3,0.05,0.00,9.931,-1.020,-1.154,-7.002096,-34.832760
124455,3,0.05,0.00,9.931,-0.986,-1.135,-7.002096,-34.832760
124506,3,0.06,0.00,9.917,-0.982,-1.111,-7.002096,-34.832760
124558,3,0.05,0.00,9.922,-0.996,-1.140,-7.002096,-34.832760
124609,3,0.05,0.00,9.931,-1.030,-1.154,-7.002096,-34.832760
124660,3,0.05,0.00,9.912,-1.039,-1.130,-7.002096,-34.832760
124711,3,0.05,0.00,9.950,-1.053,-1.120,-7.002096,-34.832760
124763,3,0.06,0.00,9.941,-1.010,-1.135,-7.002096,-34.832760
124815,3,0.06,0.00,9.912,-0.991,-1.106,-7.002096,-34.832760
124866,3,0.11,0.00,9.907,-0.972,-1.116,-7.002096,-34.832760
124918,3,0.11,0.00,9.950,-1.015,-1.111,-7.002096,-34.832760
124969,3,0.13,0.00,9.922,-1.034,-1.168,-7.002096,-34.832760
125021,3,0.13,0.52,9.917,-1.053,-1.106,-7.002096,-34.832760
125071,3,0.11,0.00,9.922,-1.053,-1.130,-7.002096,-34.832760
125121,3,0.11,0.00,9.907,-1.006,-1.135,-7.002096,-34.832760
125172,3,0.11,0.00,9.936,-0.986,-1.092,-7.002096,-34.832760
125222,3,0.11,0.00,9.946,-1.006,-1.116,-7.002096,-34.832760
125272,3,0.13,0.56,9.936,-1.001,-1.130,-7.002096,-34.832760
125323,3,0.11,-0.56,9.922,-1.025,-1.149,-7.002096,-34.832760
125373,3,0.13,0.00,9.922,-1.058,-1.144,-7.002096,-34.832760
125424,3,0.13,0.00,9.926,-1.039,-1.130,-7.002096,-34.832760
125474,3,0.14,0.54,9.922,-0.996,-1.106,-7.002096,-34.832760
125524,3,0.16,0.00,9.936,-0.991,-1.135,-7.002096,-34.832760
125576,3,0.16,0.00,9.946,-0.991,-1.135,-7.002096,-34.832760
125627,3,0.17,0.50,9.917,-1.015,-1.125,-7.002096,-34.832760
125679,3,0.17,0.00,9.936,-1.030,-1.111,-7.002096,-34.832760
125731,3,0.16,-0.84,9.907,-1.044,-1.154,-7.002096,-34.832760
125782,3,0.16,0.00,9.931,-1.039,-1.130,-7.002096,-34.832760
125834,3,0.17,0.00,9.917,-1.006,-1.120,-7.002096,-34.832760
125885,3,0.19,0.52,9.907,-0.991,-1.116,-7.002096,-34.832760
125936,3,0.19,0.00,9.941,-1.001,-1.116,-7.002096,-34.832760
125987,3,0.19,0.00,9.917,-1.030,-1.164,-7.002096,-34.832760
126039,3,0.19,0.00,9.926,-1.044,-1.120,-7.002096,-34.832760
126089,3,0.19,0.00,9.917,-1.049,-1.111,-7.002096,-34.832760
126140,3,0.20,0.00,9.926,-1.015,-1.149,-7.002096,-34.832760
126190,3,0.20,0.00,9.907,-0.996,-1.135,-7.002096,-34.832760
126240,3,0.20,0.00,9.931,-1.001,-1.130,-7.002096,-34.832760
126291,3,0.20,0.00,9.931,-1.006,-1.140,-7.002096,-34.832760
126341,3,0.20,0.00,9.922,-1.001,-1.159,-7.002096,-34.832760
126392,3,0.20,0.00,9.926,-1.049,-1.106,-7.002096,-34.832760
126450,3,0.20,0.00,9.917,-1.034,-1.130,-7.002096,-34.832760
126501,3,0.20,0.00,9.931,-1.001,-1.111,-7.002096,-34.832760
126553,3,0.22,0.00,9.936,-0.996,-1.120,-7.002096,-34.832760
126604,3,0.23,0.48,9.912,-1.020,-1.154,-7.002096,-34.832760
126655,3,0.23,0.00,9.922,-1.030,-1.135,-7.002096,-34.832760
126706,3,0.24,0.00,9.926,-1.015,-1.154,-7.002096,-34.832760
126758,3,0.26,0.00,9.917,-1.025,-1.130,-7.002096,-34.832760
126810,3,0.27,0.50,9.926,-1.025,-1.149,-7.002096,-34.832760
126861,3,0.28,0.47,9.912,-1.025,-1.125,-7.002096,-34.832760
126913,3,0.28,0.00,9.926,-1.006,-1.140,-7.002096,-34.832760
126964,3,0.27,0.00,9.926,-1.006,-1.144,-7.002096,-34.832760
127016,3,0.28,0.00,9.931,-1.030,-1.140,-7.002096,-34.832760
127065,3,0.28,0.00,9.917,-1.049,-1.116,-7.002096,-34.832760
127116,3,0.28,0.00,9.946,-1.044,-1.120,-7.002096,-34.832760
127166,3,0.30,0.00,9.926,-1.034,-1.159,-7.002095,-34.832760
127217,3,0.30,0.00,9.946,-1.001,-1.144,-7.002095,-34.832760
127267,3,0.30,0.00,9.917,-0.991,-1.125,-7.002095,-34.832760
127318,3,0.30,0.00,9.941,-1.001,-1.135,-7.002095,-34.832760
127368,3,0.30,0.00,9.931,-1.025,-1.140,-7.002095,-34.832760
127418,3,0.30,0.00,9.926,-1.044,-1.149,-7.002095,-34.832760
127469,3,0.28,0.00,9.922,-1.049,-1.125,-7.002095,-34.832760
127519,3,0.28,0.00,9.941,-1.039,-1.154,-7.002095,-34.832760
127571,3,0.28,0.00,9.926,-1.001,-1.120,-7.002095,-34.832760
127623,3,0.28,0.00,9.922,-1.001,-1.135,-7.002095,-34.832760
127674,3,0.28,0.00,9.931,-1.001,-1.135,-7.002095,-34.832760
127726,3,0.27,-0.47,9.907,-1.025,-1.125,-7.002095,-34.832760
127777,3,0.26,-0.50,9.926,-1.034,-1.154,-7.002095,-34.832760
127829,3,0.24,-0.50,9.922,-1.044,-1.159,-7.002095,-34.832760
127881,3,0.23,-0.52,9.931,-1.044,-1.120,-7.002095,-34.832760
127931,3,0.23,0.00,9.912,-1.010,-1.120,-7.002095,-34.832760
127982,3,0.22,-0.48,9.926,-0.996,-1.135,-7.002095,-34.832760
128034,3,0.22,0.00,9.931,-0.991,-1.130,-7.002095,-34.832760
128084,3,0.22,0.58,9.931,-1.020,-1.120,-7.002095,-34.832760
128134,3,0.20,0.00,9.941,-1.030,-1.130,-7.002095,-34.832760
128185,3,0.20,0.00,9.922,-1.049,-1.140,-7.002095,-34.832760
128235,3,0.22,0.58,9.941,-1.034,-1.111,-7.002095,-34.832760
128286,3,0.22,0.00,9.926,-1.025,-1.120,-7.002095,-34.832760
128336,3,0.24,0.54,9.912,-1.006,-1.120,-7.002095,-34.832760
128387,3,0.24,0.00,9.898,-0.991,-1.125,-7.002095,-34.832760
128437,3,0.24,0.00,9.917,-1.020,-1.125,-7.002095,-34.832760
128525,3,0.24,0.00,9.912,-1.044,-1.140,-7.002095,-34.832760
128577,3,0.24,0.00,9.922,-1.058,-1.173,-7.002095,-34.832760
128627,3,0.23,-0.52,9.931,-1.034,-1.106,-7.002095,-34.832760
128679,3,0.23,-1.86,9.926,-0.967,-1.140,-7.002095,-34.832760
128730,3,0.26,1.32,9.902,-0.991,-1.120,-7.002095,-34.832760
128782,3,0.26,0.00,9.922,-0.996,-1.144,-7.002095,-34.832760
128833,3,0.26,0.00,9.941,-1.030,-1.135,-7.002095,-34.832760
128885,3,0.25,-0.47,9.912,-1.039,-1.135,-7.002095,-34.832760
128937,3,0.26,0.00,9.922,-1.044,-1.135,-7.002095,-34.832760
128988,3,0.26,0.00,9.941,-1.025,-1.144,-7.002095,-34.832760
129040,3,0.26,0.00,9.931,-1.001,-1.144,-7.002095,-34.832760
129090,3,0.25,-0.50,9.931,-0.991,-1.154,-7.002095,-34.832760
129141,3,0.25,0.00,9.922,-0.986,-1.125,-7.002094,-34.832760
129191,3,0.20,0.00,9.912,-1.025,-1.149,-7.002094,-34.832760
129241,3,0.19,-0.52,9.912,-1.053,-1.120,-7.002094,-34.832760
129292,3,0.17,0.00,9.936,-1.068,-1.125,-7.002094,-34.832760
129342,3,0.16,-0.54,9.941,-1.030,-1.130,-7.002094,-34.832760
129393,3,0.17,0.54,9.946,-0.991,-1.149,-7.002094,-34.832760
129443,3,0.17,0.00,9.936,-1.001,-1.149,-7.002094,-34.832760
129493,3,0.16,-0.52,9.960,-1.006,-1.106,-7.002094,-34.832760
129543,3,0.16,0.00,9.907,-1.015,-1.130,-7.002094,-34.832760
129595,3,0.20,0.00,9.936,-1.030,-1.140,-7.002094,-34.832760
129646,3,0.20,0.00,9.931,-1.039,-1.159,-7.002094,-34.832760
129698,3,0.18,-0.56,9.941,-1.044,-1.135,-7.002094,-34.832760
129750,3,0.20,0.52,9.922,-1.025,-1.125,-7.002094,-34.832760
129800,3,0.20,0.00,9.936,-1.001,-1.130,-7.002094,-34.832760
129851,3,0.20,0.52,9.926,-1.015,-1.149,-7.002094,-34.832760
129903,3,0.20,0.00,9.926,-1.030,-1.144,-7.002094,-34.832760
129955,3,0.18,0.00,9.926,-1.049,-1.149,-7.002094,-34.832760
130006,3,0.17,0.00,9.941,-1.058,-1.125,-7.002094,-34.832760
130058,3,0.17,0.00,9.955,-1.030,-1.149,-7.002094,-34.832760
130109,3,0.23,0.54,9.931,-1.025,-1.125,-7.002094,-34.832760
130159,3,0.25,0.54,9.917,-0.996,-1.149,-7.002094,-34.832760
130209,3,0.25,0.00,9.926,-0.996,-1.125,-7.002094,-34.832760
130260,3,0.26,0.56,9.926,-1.049,-1.140,-7.002094,-34.832760
130310,3,0.26,0.00,9.922,-1.049,-1.135,-7.002094,-34.832760
130361,3,0.27,0.00,9.922,-1.063,-1.149,-7.002094,-34.832760
130411,3,0.29,1.47,9.922,-1.025,-1.116,-7.002094,-34.832760
130462,3,0.25,-1.47,9.936,-1.015,-1.173,-7.002094,-34.832760
130512,3,0.24,0.00,9.936,-1.010,-1.164,-7.002094,-34.832760
130569,3,0.26,0.32,9.946,-1.020,-1.159,-7.002094,-34.832760
130620,3,0.23,-0.54,9.941,-1.034,-1.149,-7.002094,-34.832760
130671,3,0.23,0.00,9.960,-1.030,-1.130,-7.002094,-34.832760
130722,3,0.22,0.00,9.917,-1.058,-1.144,-7.002094,-34.832760
130774,3,0.22,0.00,9.922,-1.010,-1.135,-7.002094,-34.832760
130825,3,0.22,0.00,9.917,-1.006,-1.140,-7.002094,-34.832760
130877,3,0.22,0.00,9.936,-1.006,-1.092,-7.002094,-34.832760
130929,3,0.21,0.00,9.912,-1.010,-1.135,-7.002094,-34.832760
130980,3,0.19,0.00,9.926,-1.030,-1.130,-7.002094,-34.832760
131032,3,0.18,0.00,9.917,-1.049,-1.120,-7.002094,-34.832760
131082,3,0.19,0.00,9.946,-1.039,-1.164,-7.002094,-34.832760
131132,3,0.17,-0.87,9.922,-1.025,-1.101,-7.002094,-34.832760
131183,3,0.21,0.00,9.907,-0.996,-1.116,-7.002094,-34.832760
131233,3,0.20,-0.91,9.917,-1.015,-1.097,-7.002094,-34.832760
131284,3,0.20,0.00,9.946,-1.039,-1.154,-7.002094,-34.832760
131334,3,0.21,0.00,9.893,-1.039,-1.120,-7.002094,-34.832760
131384,3,0.22,0.54,9.922,-1.053,-1.173,-7.002094,-34.832760
131435,3,0.24,0.52,9.936,-1.039,-1.130,-7.002094,-34.832760
131485,3,0.25,0.00,9.902,-0.996,-1.106,-7.002094,-34.832760
131535,3,0.24,0.00,9.931,-1.001,-1.130,-7.002094,-34.832760
131587,3,0.24,0.00,9.922,-1.020,-1.106,-7.002094,-34.832760
131639,3,0.25,0.56,9.950,-1.015,-1.130,-7.002094,-34.832760
131690,3,0.24,-0.52,9.931,-1.053,-1.135,-7.002094,-34.832760
131742,3,0.20,0.00,9.926,-1.049,-1.111,-7.002094,-34.832760
131793,3,0.23,0.52,9.926,-1.006,-1.130,-7.002094,-34.832760
131844,3,0.23,0.00,9.941,-0.991,-1.130,-7.002094,-34.832760
131895,3,0.23,0.00,9.888,-1.006,-1.130,-7.002094,-34.832760
131947,3,0.24,0.00,9.955,-1.020,-1.144,-7.002094,-34.832760
131999,3,0.24,0.00,9.922,-1.044,-1.120,-7.002094,-34.832760
132050,3,0.26,0.50,9.917,-1.034,-1.106,-7.002094,-34.832760
132101,3,0.26,0.00,9.936,-1.039,-1.125,-7.002094,-34.832760
132151,3,0.27,0.54,9.955,-1.006,-1.140,-7.002093,-34.832760
132202,3,0.27,0.00,9.912,-0.982,-1.149,-7.002093,-34.832760
132252,3,0.28,0.50,9.912,-0.972,-1.135,-7.002093,-34.832760
132302,3,0.28,0.00,9.931,-1.006,-1.135,-7.002093,-34.832760
132353,3,0.28,0.00,9.922,-1.034,-1.120,-7.002093,-34.832760
132403,3,0.30,0.58,9.917,-1.049,-1.111,-7.002093,-34.832760
132454,3,0.30,0.00,9.917,-1.058,-1.101,-7.002093,-34.832760
132504,3,0.30,0.00,9.926,-1.025,-1.135,-7.002093,-34.832760
132554,3,0.31,0.00,9.912,-1.010,-1.135,-7.002093,-34.832760
132610,3,0.32,0.19,9.950,-0.996,-1.154,-7.002093,-34.832760
132662,3,0.34,0.00,9.936,-1.020,-1.101,-7.002093,-34.832760
132712,3,0.35,0.50,9.936,-1.039,-1.125,-7.002093,-34.832760
132763,3,0.35,0.00,9.931,-1.053,-1.130,-7.002093,-34.832760
132815,3,0.36,0.00,9.926,-1.049,-1.120,-7.002093,-34.832760
132867,3,0.36,0.00,9.926,-1.030,-1.135,-7.002093,-34.832760
132918,3,0.33,-1.34,9.912,-1.006,-1.164,-7.002093,-34.832760
132970,3,0.34,0.00,9.917,-1.006,-1.149,-7.002093,-34.832760
133021,3,0.39,1.88,9.922,-1.015,-1.144,-7.002093,-34.832760
133071,3,0.41,0.00,9.926,-1.044,-1.159,-7.002093,-34.832760
133122,3,0.45,1.07,9.946,-1.053,-1.140,-7.002092,-34.832760
133172,3,0.46,0.52,9.946,-1.034,-1.140,-7.002092,-34.832760
133222,3,0.46,0.00,9.917,-1.020,-1.120,-7.002092,-34.832760
133273,3,0.42,0.00,9.922,-0.982,-1.130,-7.002092,-34.832760
133323,3,0.42,0.00,9.941,-0.996,-1.130,-7.002092,-34.832760
133374,3,0.42,0.00,9.922,-1.025,-1.111,-7.002092,-34.832760
133424,3,0.44,0.54,9.917,-1.053,-1.111,-7.002092,-34.832760
133475,3,0.45,0.54,9.917,-1.030,-1.120,-7.002092,-34.832760
133525,3,0.45,0.00,9.941,-1.039,-1.149,-7.002092,-34.832760
133577,3,0.47,0.00,9.917,-1.015,-1.120,-7.002092,-34.832760
133628,3,0.44,0.00,9.941,-0.982,-1.144,-7.002092,-34.832760
133680,3,0.46,0.54,9.936,-1.001,-1.130,-7.002092,-34.832760
133731,3,0.44,-0.54,9.936,-1.015,-1.116,-7.002092,-34.832760
133783,3,0.46,0.00,9.922,-1.039,-1.130,-7.002092,-34.832760
133835,3,0.46,0.00,9.917,-1.039,-1.173,-7.002092,-34.832760
133885,3,0.47,0.48,9.917,-1.015,-1.149,-7.002092,-34.832760
133936,3,0.43,-1.45,9.917,-1.006,-1.144,-7.002092,-34.832760
133988,3,0.44,0.00,9.922,-0.986,-1.135,-7.002092,-34.832760
134037,3,0.42,-0.50,9.922,-0.996,-1.159,-7.002092,-34.832760
134087,3,0.42,0.00,9.931,-1.034,-1.130,-7.002092,-34.832760
134138,3,0.39,-0.52,9.912,-1.058,-1.111,-7.002092,-34.832760
134188,3,0.38,-0.52,9.917,-1.044,-1.120,-7.002092,-34.832760
134238,3,0.39,0.00,9.912,-1.025,-1.125,-7.002092,-34.832760
134289,3,0.40,0.54,9.922,-0.982,-1.130,-7.002092,-34.832760
134339,3,0.42,0.54,9.931,-1.006,-1.144,-7.002092,-34.832760
134390,3,0.42,0.00,9.931,-0.996,-1.116,-7.002092,-34.832760
134440,3,0.43,0.00,9.917,-1.039,-1.116,-7.002092,-34.832760
134491,3,0.43,0.00,9.941,-1.039,-1.120,-7.002092,-34.832760
134540,3,0.43,0.00,9.926,-1.034,-1.125,-7.002092,-34.832760
134592,3,0.43,0.00,9.917,-1.030,-1.144,-7.002092,-34.832760
134648,3,0.43,0.00,9.907,-1.006,-1.130,-7.002092,-34.832760
134700,3,0.46,0.50,9.926,-1.006,-1.135,-7.002092,-34.832760
134750,3,0.42,-1.36,9.936,-1.020,-1.149,-7.002092,-34.832760
134801,3,0.46,1.36,9.912,-1.034,-1.135,-7.002092,-34.832760
134853,3,0.46,0.00,9.917,-1.044,-1.144,-7.002092,-34.832760
134902,3,0.44,-0.50,9.946,-1.049,-1.125,-7.002092,-34.832760
134954,3,0.46,0.00,9.926,-1.010,-1.116,-7.002092,-34.832760
135005,3,0.42,-1.47,9.926,-0.986,-1.149,-7.002092,-34.832760
135057,3,0.41,-0.50,9.926,-0.991,-1.130,-7.002092,-34.832760
135108,3,0.41,0.00,9.936,-1.020,-1.164,-7.002092,-34.832760
135158,3,0.41,0.00,9.917,-1.053,-1.120,-7.002092,-34.832764
135208,3,0.41,0.00,9.931,-1.034,-1.135,-7.002092,-34.832764
135259,3,0.44,0.00,9.946,-1.044,-1.120,-7.002092,-34.832764
135309,3,0.42,-0.93,9.926,-1.025,-1.140,-7.002092,-34.832764
135360,3,0.46,1.47,9.946,-0.991,-1.116,-7.002092,-34.832764
135410,3,0.46,0.00,9.917,-0.991,-1.116,-7.002092,-34.832764
135461,3,0.46,0.00,9.926,-1.006,-1.168,-7.002092,-34.832764
135511,3,0.46,0.00,9.922,-1.049,-1.135,-7.002092,-34.832764
135560,3,0.46,0.00,9.941,-1.053,-1.144,-7.002092,-34.832764
135612,3,0.46,0.50,9.936,-1.039,-1.125,-7.002092,-34.832764
135663,3,0.44,0.00,9.912,-1.010,-1.135,-7.002092,-34.832764
135715,3,0.43,-0.52,9.917,-0.986,-1.135,-7.002092,-34.832764
135767,3,0.42,-0.54,9.922,-0.977,-1.130,-7.002092,-34.832764
135818,3,0.40,0.00,9.917,-1.006,-1.140,-7.002092,-34.832764
135870,3,0.40,0.00,9.922,-1.034,-1.130,-7.002092,-34.832764
135921,3,0.39,0.00,9.902,-1.049,-1.130,-7.002092,-34.832764
135972,3,0.39,0.00,9.922,-1.039,-1.135,-7.002092,-34.832764
136023,3,0.38,0.00,9.912,-1.006,-1.149,-7.002092,-34.832764
136073,3,0.38,0.00,9.926,-0.986,-1.125,-7.002092,-34.832764
136124,3,0.38,0.00,9.941,-1.006,-1.130,-7.002092,-34.832764
136174,3,0.38,0.00,9.907,-1.039,-1.164,-7.002092,-34.832764
136224,3,0.36,-0.56,9.926,-1.044,-1.130,-7.002092,-34.832764
136275,3,0.35,-0.54,9.926,-1.039,-1.140,-7.002092,-34.832764
136325,3,0.38,0.56,9.926,-1.025,-1.125,-7.002092,-34.832764
136376,3,0.38,0.00,9.922,-1.006,-1.130,-7.002092,-34.832764
136426,3,0.36,0.00,9.922,-0.996,-1.135,-7.002092,-34.832764
136476,3,0.36,-0.56,9.931,-1.001,-1.168,-7.002092,-34.832764
136527,3,0.36,0.00,9.936,-1.030,-1.116,-7.002092,-34.832764
136578,3,0.38,0.00,9.926,-1.030,-1.140,-7.002092,-34.832764
136630,3,0.38,0.00,9.917,-1.034,-1.154,-7.002092,-34.832764
136687,3,0.39,0.18,9.926,-1.034,-1.130,-7.002092,-34.832764
136738,3,0.38,-0.52,9.912,-0.996,-1.130,-7.002092,-34.832764
136790,3,0.38,0.00,9.936,-0.982,-1.101,-7.002092,-34.832764
136840,3,0.39,0.48,9.955,-1.010,-1.144,-7.002092,-34.832764
136889,3,0.39,0.00,9.931,-1.034,-1.120,-7.002092,-34.832764
136941,3,0.43,0.00,9.926,-1.025,-1.140,-7.002092,-34.832764
136992,3,0.43,0.00,9.926,-1.049,-1.140,-7.002092,-34.832764
137044,3,0.44,0.00,9.950,-1.034,-1.140,-7.002092,-34.832764
137094,3,0.46,0.58,9.907,-0.996,-1.116,-7.002092,-34.832764
137145,3,0.46,0.00,9.898,-0.977,-1.116,-7.002092,-34.832764
137195,3,0.46,0.00,9.922,-0.986,-1.116,-7.002092,-34.832764
137246,3,0.44,-0.58,9.936,-1.006,-1.173,-7.002092,-34.832764
137296,3,0.44,0.00,9.931,-1.034,-1.159,-7.002092,-34.832764
137346,3,0.43,-0.50,9.907,-1.034,-1.130,-7.002092,-34.832764
137397,3,0.43,0.00,9.941,-1.058,-1.111,-7.002092,-34.832764
137447,3,0.43,0.00,9.941,-0.996,-1.149,-7.002092,-34.832764
137498,3,0.41,-0.58,9.917,-1.010,-1.154,-7.002092,-34.832764
137547,3,0.45,1.47,9.926,-1.001,-1.135,-7.002092,-34.832764
137599,3,0.42,-0.52,9.960,-1.025,-1.144,-7.002092,-34.832764
137650,3,0.42,0.00,9.912,-1.025,-1.144,-7.002092,-34.832764
137702,3,0.42,0.00,9.922,-1.039,-1.140,-7.002092,-34.832764
137754,3,0.44,0.52,9.922,-1.015,-1.130,-7.002092,-34.832764
137805,3,0.44,0.00,9.922,-0.991,-1.087,-7.002092,-34.832764
137857,3,0.42,0.00,9.926,-0.996,-1.130,-7.002092,-34.832764
137908,3,0.42,0.00,9.936,-1.006,-1.140,-7.002092,-34.832764
137959,3,0.42,0.00,9.955,-1.020,-1.159,-7.002092,-34.832764
138010,3,0.41,-0.50,9.931,-1.025,-1.149,-7.002092,-34.832764
138062,3,0.42,-0.50,9.917,-1.034,-1.120,-7.002092,-34.832764
138113,3,0.42,0.00,9.941,-1.034,-1.135,-7.002092,-34.832764
138163,3,0.41,0.00,9.946,-1.006,-1.140,-7.002091,-34.832764
138214,3,0.39,-0.48,9.946,-1.006,-1.111,-7.002091,-34.832764
138264,3,0.38,-0.56,9.917,-1.001,-1.140,-7.002091,-34.832764
138315,3,0.36,0.00,9.917,-1.030,-1.130,-7.002091,-34.832764
138365,3,0.34,-0.54,9.922,-1.020,-1.125,-7.002091,-34.832764
138415,3,0.32,-0.54,9.922,-1.049,-1.106,-7.002091,-34.832764
138466,3,0.31,0.00,9.917,-1.039,-1.125,-7.002091,-34.832764
138516,3,0.32,-0.54,9.917,-1.006,-1.120,-7.002091,-34.832764
138568,3,0.31,-0.54,9.917,-1.001,-1.135,-7.002091,-34.832764
138620,3,0.29,0.00,9.922,-0.991,-1.130,-7.002091,-34.832764
138671,3,0.29,0.00,9.941,-1.006,-1.159,-7.002091,-34.832764
138731,3,0.29,0.00,9.917,-1.044,-1.120,-7.002091,-34.832764
138783,3,0.26,-1.02,9.931,-1.015,-1.125,-7.002091,-34.832764
138833,3,0.26,0.00,9.912,-1.020,-1.154,-7.002091,-34.832764
138884,3,0.25,0.00,9.965,-0.962,-1.188,-7.002091,-34.832764
138936,3,0.26,-1.38,9.926,-1.001,-1.135,-7.002091,-34.832764
138988,3,0.25,-0.47,9.936,-1.015,-1.149,-7.002091,-34.832764
139039,3,0.24,-0.52,9.912,-1.020,-1.092,-7.002091,-34.832764
139090,3,0.24,0.00,9.965,-1.010,-1.135,-7.002091,-34.832764
139140,3,0.24,0.00,9.912,-1.025,-1.149,-7.002091,-34.832760
139190,3,0.27,0.48,9.917,-1.001,-1.106,-7.002091,-34.832760
139241,3,0.27,0.00,9.936,-1.030,-1.130,-7.002091,-34.832760
139291,3,0.22,0.00,9.955,-1.001,-1.159,-7.002091,-34.832760
139342,3,0.26,0.00,9.931,-1.030,-1.159,-7.002091,-34.832760
139392,3,0.24,-0.93,9.936,-1.053,-1.178,-7.002091,-34.832760
139442,3,0.24,0.00,9.926,-1.053,-1.111,-7.002091,-34.832760
139493,3,0.24,0.00,9.922,-1.058,-1.120,-7.002091,-34.832760
139543,3,0.24,0.00,9.946,-1.025,-1.125,-7.002091,-34.832760
139594,3,0.24,0.00,9.946,-0.996,-1.140,-7.002091,-34.832760
139646,3,0.22,-0.48,9.907,-0.991,-1.130,-7.002091,-34.832760
139697,3,0.19,-1.36,9.926,-1.010,-1.125,-7.002091,-34.832760
139749,3,0.17,-1.36,9.931,-1.015,-1.120,-7.002091,-34.832760
139801,3,0.17,0.00,9.902,-1.058,-1.125,-7.002091,-34.832760
139852,3,0.17,0.00,9.950,-1.044,-1.159,-7.002091,-34.832760
139904,3,0.21,0.00,9.902,-1.034,-1.092,-7.002091,-34.832760
139955,3,0.21,0.00,9.936,-1.001,-1.125,-7.002091,-34.832760
140007,3,0.20,-0.50,9.936,-0.996,-1.144,-7.002091,-34.832760
140059,3,0.20,0.00,9.941,-0.991,-1.154,-7.002091,-34.832760
140109,3,0.20,0.00,9.946,-1.010,-1.135,-7.002091,-34.832760
140160,3,0.16,-1.47,9.912,-1.039,-1.144,-7.002091,-34.832760
140210,3,0.21,2.01,9.955,-1.044,-1.135,-7.002091,-34.832760
140260,3,0.22,0.00,9.965,-1.044,-1.154,-7.002091,-34.832760
140311,3,0.19,-0.91,9.907,-1.025,-1.130,-7.002091,-34.832760
140361,3,0.19,0.00,9.941,-1.010,-1.120,-7.002091,-34.832760
140412,3,0.20,0.00,9.922,-0.977,-1.116,-7.002091,-34.832760
140462,3,0.23,0.52,9.936,-1.006,-1.149,-7.002091,-34.832760
140513,3,0.26,1.37,9.931,-1.015,-1.135,-7.002091,-34.832760
140565,3,0.28,0.00,9.931,-1.058,-1.101,-7.002091,-34.832760
140615,3,0.24,-1.34,9.922,-1.034,-1.125,-7.002091,-34.832760
140666,3,0.24,0.00,9.917,-1.025,-1.144,-7.002091,-34.832760
140718,3,0.24,0.00,9.931,-1.001,-1.111,-7.002091,-34.832760
140775,3,0.23,-0.18,9.926,-1.020,-1.130,-7.002091,-34.832760
140826,3,0.24,0.00,9.931,-1.015,-1.135,-7.002091,-34.832760
140877,3,0.24,0.00,9.907,-1.034,-1.140,-7.002091,-34.832760
140928,3,0.26,0.00,9.931,-1.058,-1.144,-7.002091,-34.832760
140980,3,0.26,0.00,9.941,-1.030,-1.135,-7.002091,-34.832760
141032,3,0.26,0.00,9.926,-1.025,-1.087,-7.002091,-34.832760
141082,3,0.24,-0.54,9.917,-0.991,-1.130,-7.002091,-34.832760
141132,3,0.24,0.00,9.922,-1.025,-1.130,-7.002091,-34.832760
141182,3,0.24,0.00,9.946,-1.025,-1.140,-7.002091,-34.832760
141233,3,0.23,-0.56,9.912,-1.039,-1.144,-7.002091,-34.832760
141283,3,0.24,0.54,9.917,-1.034,-1.149,-7.002091,-34.832760
141334,3,0.24,0.00,9.912,-1.030,-1.125,-7.002091,-34.832760
141384,3,0.23,-0.56,9.902,-1.030,-1.125,-7.002091,-34.832760
141434,3,0.23,0.00,9.912,-0.991,-1.144,-7.002091,-34.832760
141485,3,0.23,0.00,9.912,-1.001,-1.101,-7.002091,-34.832760
141535,3,0.26,0.86,9.922,-1.010,-1.111,-7.002091,-34.832760
141587,3,0.26,0.00,9.922,-1.044,-1.154,-7.002091,-34.832760
141638,3,0.26,0.00,9.912,-1.058,-1.116,-7.002091,-34.832760
141690,3,0.23,-1.32,9.922,-1.030,-1.140,-7.002091,-34.832760
141742,3,0.26,0.00,9.931,-1.010,-1.120,-7.002091,-34.832760
141793,3,0.20,-0.54,9.931,-1.006,-1.125,-7.002091,-34.832760
141845,3,0.24,1.47,9.907,-1.006,-1.125,-7.002091,-34.832760
141896,3,0.20,0.00,9.922,-1.015,-1.130,-7.002091,-34.832760
141948,3,0.22,0.54,9.936,-1.034,-1.135,-7.002091,-34.832760
142000,3,0.22,0.00,9.936,-1.010,-1.154,-7.002091,-34.832760
142051,3,0.25,1.34,9.917,-1.044,-1.154,-7.002091,-34.832760
142102,3,0.25,0.00,9.902,-1.030,-1.125,-7.002091,-34.832760
142152,3,0.25,0.00,9.941,-1.020,-1.092,-7.002090,-34.832760
142203,3,0.23,-0.93,9.946,-0.991,-1.149,-7.002090,-34.832760
142253,3,0.22,0.00,9.922,-1.020,-1.140,-7.002090,-34.832760
142303,3,0.24,1.47,9.926,-1.025,-1.140,-7.002090,-34.832760
142354,3,0.24,0.00,9.946,-1.034,-1.159,-7.002090,-34.832760
142404,3,0.24,0.00,9.931,-1.044,-1.140,-7.002090,-34.832760
142455,3,0.22,0.00,9.922,-1.034,-1.125,-7.002090,-34.832760
142505,3,0.22,0.00,9.946,-1.025,-1.130,-7.002090,-34.832760
142554,3,0.19,0.00,9.950,-1.030,-1.120,-7.002090,-34.832760
142605,3,0.19,0.00,9.912,-0.991,-1.125,-7.002090,-34.832760
142656,3,0.17,0.00,9.955,-1.015,-1.130,-7.002090,-34.832760
142708,3,0.16,-0.54,9.907,-1.006,-1.125,-7.002090,-34.832760
142760,3,0.16,0.00,9.912,-1.044,-1.130,-7.002090,-34.832760
142825,3,0.16,0.00,9.941,-1.049,-1.173,-7.002090,-34.832760
142876,3,0.16,0.00,9.917,-1.030,-1.125,-7.002090,-34.832760
142927,3,0.20,1.36,9.912,-1.010,-1.144,-7.002090,-34.832760
142978,3,0.20,0.00,9.912,-0.996,-1.135,-7.002090,-34.832760
143030,3,0.16,0.00,9.936,-1.001,-1.149,-7.002090,-34.832760
143080,3,0.16,0.00,9.941,-1.006,-1.164,-7.002090,-34.832760
143130,3,0.16,0.00,9.950,-1.030,-1.140,-7.002090,-34.832760
143181,3,0.16,0.00,9.922,-1.044,-1.140,-7.002090,-34.832760
143231,3,0.20,0.56,9.936,-1.044,-1.159,-7.002090,-34.832760
143282,3,0.20,0.00,9.931,-1.039,-1.140,-7.002090,-34.832760
143332,3,0.18,0.00,9.931,-1.010,-1.154,-7.002090,-34.832760
143382,3,0.18,0.00,9.926,-1.006,-1.120,-7.002090,-34.832760
143433,3,0.18,0.00,9.950,-1.010,-1.130,-7.002090,-34.832760
143483,3,0.18,0.00,9.950,-1.015,-1.168,-7.002090,-34.832760
143533,3,0.20,0.00,9.922,-1.006,-1.111,-7.002090,-34.832760
143585,3,0.20,0.00,9.912,-1.034,-1.097,-7.002090,-34.832760
143637,3,0.20,0.00,9.926,-1.020,-1.164,-7.002090,-34.832760
143688,3,0.20,0.00,9.946,-1.010,-1.116,-7.002090,-34.832760
143740,3,0.20,0.00,9.936,-1.015,-1.164,-7.002090,-34.832760
143791,3,0.23,1.34,9.931,-1.010,-1.120,-7.002090,-34.832760
143843,3,0.23,0.00,9.931,-1.006,-1.092,-7.002090,-34.832760
143895,3,0.18,-0.52,9.941,-1.001,-1.135,-7.002090,-34.832760
143946,3,0.18,0.00,9.922,-1.025,-1.154,-7.002090,-34.832760
143998,3,0.18,0.00,9.931,-1.044,-1.111,-7.002090,-34.832760
144049,3,0.17,-0.50,9.922,-1.030,-1.149,-7.002090,-34.832760
144100,3,0.17,0.00,9.931,-1.010,-1.125,-7.002090,-34.832760
144150,3,0.18,0.54,9.931,-0.991,-1.149,-7.002090,-34.832760
144201,3,0.18,0.00,9.898,-1.001,-1.116,-7.002090,-34.832760
144251,3,0.20,0.00,9.936,-1.015,-1.140,-7.002090,-34.832760
144302,3,0.17,-0.54,9.917,-1.049,-1.149,-7.002090,-34.832760
144352,3,0.16,-0.54,9.941,-1.039,-1.130,-7.002090,-34.832760
144402,3,0.17,0.00,9.931,-1.053,-1.159,-7.002090,-34.832760
144453,3,0.17,0.00,9.917,-1.025,-1.111,-7.002090,-34.832760
144503,3,0.16,-0.52,9.936,-1.010,-1.140,-7.002090,-34.832760
144555,3,0.14,0.00,9.888,-0.996,-1.130,-7.002090,-34.832760
144607,3,0.13,-0.50,9.946,-1.015,-1.106,-7.002090,-34.832760
144659,3,0.13,0.00,9.926,-1.044,-1.111,-7.002090,-34.832760
144709,3,0.11,-0.52,9.926,-1.039,-1.135,-7.002090,-34.832760
144760,3,0.11,0.00,9.922,-1.034,-1.144,-7.002090,-34.832760
144812,3,0.08,-1.45,9.926,-1.025,-1.140,-7.002090,-34.832760
144869,3,0.08,0.00,9.931,-1.020,-1.130,-7.002090,-34.832760
144920,3,0.08,0.00,9.936,-1.010,-1.116,-7.002090,-34.832760
144972,3,0.08,0.00,9.931,-1.034,-1.106,-7.002090,-34.832760
145022,3,0.08,0.00,9.922,-1.030,-1.120,-7.002090,-34.832760
145072,3,0.09,0.00,9.926,-1.030,-1.149,-7.002090,-34.832760
145122,3,0.08,-0.54,9.912,-1.049,-1.144,-7.002090,-34.832760
145173,3,0.09,0.52,9.931,-1.030,-1.111,-7.002090,-34.832760
145223,3,0.09,0.00,9.902,-1.010,-1.120,-7.002090,-34.832760
145273,3,0.09,0.00,9.936,-1.020,-1.125,-7.002090,-34.832760
145324,3,0.04,-2.01,9.922,-1.020,-1.135,-7.002090,-34.832760
145374,3,0.04,0.00,9.907,-1.044,-1.116,-7.002090,-34.832760
145425,3,0.06,0.00,9.946,-1.034,-1.164,-7.002090,-34.832760
145475,3,0.06,0.00,9.926,-1.039,-1.120,-7.002090,-34.832760
145525,3,0.07,0.54,9.931,-1.010,-1.140,-7.002090,-34.832760
145577,3,0.08,0.54,9.922,-1.001,-1.130,-7.002090,-34.832760
145629,3,0.08,0.00,9.917,-1.015,-1.159,-7.002090,-34.832760
145680,3,0.10,0.48,9.917,-1.025,-1.149,-7.002090,-34.832760
145732,3,0.10,0.00,9.936,-1.034,-1.125,-7.002090,-34.832760
145783,3,0.10,0.00,9.950,-1.049,-1.144,-7.002090,-34.832760
145835,3,0.07,-0.50,9.926,-1.010,-1.106,-7.002090,-34.832760
145884,3,0.07,0.00,9.922,-1.001,-1.087,-7.002090,-34.832760
145936,3,0.03,-0.95,9.922,-1.025,-1.120,-7.002090,-34.832760
145987,3,0.03,0.00,9.936,-1.030,-1.140,-7.002090,-34.832760
146039,3,0.05,0.54,9.936,-1.034,-1.159,-7.002090,-34.832760
146089,3,0.05,0.00,9.931,-1.044,-1.130,-7.002090,-34.832760
146140,3,0.06,0.00,9.941,-0.991,-1.135,-7.002089,-34.832760
146190,3,0.07,0.00,9.917,-0.991,-1.111,-7.002089,-34.832760
146240,3,0.07,0.00,9.912,-1.001,-1.144,-7.002089,-34.832760
146291,3,0.09,0.00,9.912,-1.039,-1.140,-7.002089,-34.832760
146341,3,0.09,0.00,9.902,-1.044,-1.111,-7.002089,-34.832760
146392,3,0.09,0.00,9.941,-1.063,-1.159,-7.002089,-34.832760
146442,3,0.09,0.00,9.926,-0.996,-1.116,-7.002089,-34.832760
146492,3,0.09,0.00,9.936,-0.977,-1.164,-7.002089,-34.832760
146542,3,0.05,-1.57,9.931,-1.006,-1.120,-7.002089,-34.832760
146594,3,0.05,0.00,9.950,-1.010,-1.135,-7.002089,-34.832760
146645,3,0.09,0.00,9.926,-1.039,-1.097,-7.002089,-34.832760
146697,3,0.09,0.00,9.931,-1.058,-1.135,-7.002089,-34.832760
146749,3,0.06,0.00,9.922,-1.034,-1.154,-7.002089,-34.832760
146799,3,0.06,0.00,9.907,-0.986,-1.135,-7.002089,-34.832760
146851,3,0.08,0.52,9.926,-1.020,-1.144,-7.002089,-34.832760
146908,3,0.11,0.49,9.917,-0.996,-1.106,-7.002089,-34.832760
146958,3,0.11,0.00,9.912,-1.034,-1.130,-7.002089,-34.832760
147010,3,0.08,0.00,9.926,-1.025,-1.154,-7.002089,-34.832760
147062,3,0.08,0.00,9.922,-1.001,-1.130,-7.002089,-34.832760
147112,3,0.06,-1.55,9.898,-0.986,-1.140,-7.002089,-34.832760
147162,3,0.08,0.52,9.917,-1.030,-1.140,-7.002089,-34.832760
147213,3,0.11,0.00,9.917,-1.006,-1.149,-7.002089,-34.832760
147263,3,0.11,0.54,9.907,-1.030,-1.130,-7.002089,-34.832760
147313,3,0.11,0.00,9.950,-1.049,-1.130,-7.002089,-34.832760
147364,3,0.11,0.00,9.893,-1.010,-1.154,-7.002089,-34.832760
147414,3,0.09,-1.01,9.917,-0.996,-1.154,-7.002089,-34.832760
147465,3,0.09,0.00,9.922,-1.025,-1.140,-7.002089,-34.832760
147515,3,0.09,0.00,9.912,-1.006,-1.125,-7.002089,-34.832760
147564,3,0.10,0.50,9.926,-1.039,-1.125,-7.002089,-34.832760
147616,3,0.09,-0.47,9.946,-1.063,-1.154,-7.002089,-34.832760
147668,3,0.10,0.00,9.926,-0.991,-1.140,-7.002089,-34.832760
147719,3,0.10,0.00,9.926,-0.991,-1.125,-7.002089,-34.832760
147771,3,0.10,0.00,9.931,-1.044,-1.149,-7.002089,-34.832760
147822,3,0.10,-0.54,9.926,-1.034,-1.130,-7.002089,-34.832760
147874,3,0.12,0.54,9.946,-1.039,-1.149,-7.002089,-34.832760
147926,3,0.13,0.50,9.902,-1.077,-1.130,-7.002089,-34.832760
147977,3,0.14,0.54,9.912,-1.001,-1.140,-7.002089,-34.832760
148029,3,0.14,0.00,9.941,-1.006,-1.149,-7.002089,-34.832760
148079,3,0.16,0.00,9.936,-1.010,-1.130,-7.002089,-34.832760
148129,3,0.17,0.52,9.893,-1.015,-1.120,-7.002088,-34.832760
148180,3,0.12,0.00,9.926,-1.034,-1.140,-7.002088,-34.832760
148230,3,0.11,-0.54,9.950,-1.058,-1.120,-7.002088,-34.832760
148280,3,0.12,0.54,9.941,-1.034,-1.164,-7.002088,-34.832760
148331,3,0.13,0.00,9.922,-1.039,-1.164,-7.002088,-34.832760
148381,3,0.13,0.00,9.926,-0.986,-1.130,-7.002088,-34.832760
148432,3,0.13,0.00,9.931,-0.986,-1.120,-7.002088,-34.832760
148482,3,0.12,0.00,9.936,-1.010,-1.111,-7.002088,-34.832760
148532,3,0.12,0.00,9.936,-1.025,-1.168,-7.002088,-34.832760
148584,3,0.12,0.00,9.912,-1.034,-1.159,-7.002088,-34.832760
148634,3,0.12,0.00,9.931,-1.049,-1.144,-7.002088,-34.832760
148686,3,0.12,0.00,9.941,-1.015,-1.149,-7.002088,-34.832760
148737,3,0.12,0.00,9.922,-0.996,-1.120,-7.002088,-34.832760
148789,3,0.13,0.50,9.926,-1.010,-1.149,-7.002088,-34.832760
148840,3,0.15,0.00,9.941,-1.025,-1.130,-7.002088,-34.832760
148892,3,0.15,0.00,9.946,-0.986,-1.125,-7.002088,-34.832760
148949,3,0.11,-0.46,9.902,-1.025,-1.135,-7.002088,-34.832760
149000,3,0.13,0.00,9.912,-1.010,-1.111,-7.002088,-34.832760
149051,3,0.13,0.00,9.917,-1.044,-1.140,-7.002088,-34.832760
149101,3,0.11,0.00,9.931,-1.034,-1.116,-7.002088,-34.832760
149152,3,0.10,-0.52,9.936,-1.044,-1.130,-7.002088,-34.832756
149202,3,0.10,0.00,9.912,-1.020,-1.144,-7.002088,-34.832756
149253,3,0.10,0.00,9.917,-1.025,-1.120,-7.002088,-34.832756
149303,3,0.11,0.54,9.931,-1.010,-1.159,-7.002088,-34.832756
149353,3,0.09,-0.91,9.936,-1.015,-1.130,-7.002088,-34.832756
149404,3,0.09,0.00,9.931,-1.015,-1.140,-7.002088,-34.832756
149454,3,0.11,0.00,9.912,-1.034,-1.140,-7.002088,-34.832756
149505,3,0.11,0.00,9.926,-1.015,-1.159,-7.002088,-34.832756
149554,3,0.12,0.00,9.931,-1.030,-1.092,-7.002088,-34.832756
149606,3,0.11,0.00,9.941,-1.025,-1.154,-7.002088,-34.832756
149657,3,0.11,0.00,9.926,-0.986,-1.149,-7.002088,-34.832756
149709,3,0.11,0.00,9.931,-1.006,-1.125,-7.002088,-34.832756
149761,3,0.12,0.50,9.936,-1.025,-1.140,-7.002088,-34.832756
149812,3,0.11,-0.50,9.926,-1.034,-1.111,-7.002088,-34.832756
149864,3,0.11,0.00,9.912,-1.030,-1.144,-7.002088,-34.832756
149915,3,0.12,0.00,9.912,-1.025,-1.140,-7.002088,-34.832756
149967,3,0.13,0.52,9.931,-1.030,-1.135,-7.002088,-34.832756
150019,3,0.13,0.00,9.922,-1.001,-1.116,-7.002088,-34.832756
150068,3,0.16,0.54,9.926,-1.034,-1.144,-7.002088,-34.832756
150118,3,0.17,0.54,9.931,-1.015,-1.135,-7.002088,-34.832756
150169,3,0.19,0.00,9.922,-1.015,-1.106,-7.002088,-34.832756
150219,3,0.20,0.52,9.922,-1.039,-1.120,-7.002088,-34.832756
150270,3,0.19,-0.52,9.936,-1.039,-1.144,-7.002088,-34.832756
150320,3,0.19,0.00,9.946,-1.020,-1.144,-7.002088,-34.832756
150371,3,0.16,-0.54,9.946,-1.001,-1.135,-7.002088,-34.832756
150421,3,0.16,0.00,9.931,-1.020,-1.130,-7.002088,-34.832756
150471,3,0.16,0.00,9.941,-1.010,-1.130,-7.002088,-34.832756
150522,3,0.15,0.00,9.955,-1.025,-1.120,-7.002088,-34.832756
150574,3,0.13,-0.48,9.912,-1.039,-1.149,-7.002088,-34.832756
150625,3,0.13,0.00,9.922,-1.039,-1.140,-7.002088,-34.832756
150677,3,0.08,-1.34,9.936,-1.025,-1.120,-7.002088,-34.832756
150727,3,0.08,0.00,9.912,-1.020,-1.097,-7.002088,-34.832756
150779,3,0.07,-0.54,9.893,-1.020,-1.101,-7.002088,-34.832756
150830,3,0.07,0.00,9.912,-1.010,-1.135,-7.002088,-34.832756
150882,3,0.08,0.50,9.931,-1.015,-1.140,-7.002088,-34.832756
150933,3,0.05,-1.45,9.936,-1.034,-1.125,-7.002088,-34.832756
150991,3,0.05,0.00,9.926,-1.039,-1.149,-7.002088,-34.832756
151041,3,0.03,-0.54,9.931,-1.010,-1.135,-7.002088,-34.832756
151091,3,0.03,0.00,9.950,-1.030,-1.116,-7.002088,-34.832756
151142,3,0.03,0.00,9.926,-1.015,-1.111,-7.002088,-34.832756
151192,3,0.05,0.58,9.917,-1.025,-1.135,-7.002088,-34.832756
151242,3,0.05,0.00,9.917,-1.030,-1.130,-7.002088,-34.832756
151293,3,0.06,0.54,9.922,-1.030,-1.140,-7.002088,-34.832756
151343,3,0.07,0.54,9.931,-1.015,-1.140,-7.002088,-34.832756
151394,3,0.06,0.00,9.922,-1.015,-1.135,-7.002088,-34.832756
151444,3,0.06,0.54,9.936,-1.010,-1.111,-7.002088,-34.832756
151494,3,0.06,0.00,9.917,-1.010,-1.144,-7.002088,-34.832756
151544,3,0.05,0.00,9.931,-1.030,-1.159,-7.002088,-34.832756
151596,3,0.05,0.00,9.926,-1.015,-1.120,-7.002088,-34.832756
151647,3,0.05,0.00,9.922,-1.044,-1.130,-7.002088,-34.832756
151699,3,0.05,0.00,9.926,-1.006,-1.092,-7.002088,-34.832756
151751,3,0.05,0.00,9.912,-1.010,-1.125,-7.002088,-34.832756
151802,3,0.06,0.00,9.926,-1.030,-1.140,-7.002088,-34.832756
151854,3,0.07,0.50,9.946,-1.015,-1.144,-7.002088,-34.832756
151905,3,0.07,0.00,9.941,-1.025,-1.101,-7.002088,-34.832756
151957,3,0.09,0.50,9.926,-1.015,-1.125,-7.002088,-34.832756
152009,3,0.09,0.00,9.917,-1.020,-1.135,-7.002088,-34.832756
152058,3,0.10,0.00,9.907,-1.025,-1.154,-7.002088,-34.832756
152108,3,0.13,0.56,9.922,-1.025,-1.144,-7.002088,-34.832756
152159,3,0.14,0.56,9.917,-1.010,-1.135,-7.002089,-34.832752
152209,3,0.16,0.00,9.922,-1.034,-1.120,-7.002089,-34.832752
152260,3,0.17,0.54,9.917,-1.020,-1.125,-7.002089,-34.832752
152310,3,0.17,0.00,9.922,-1.020,-1.111,-7.002089,-34.832752
152360,3,0.17,0.00,9.946,-1.020,-1.125,-7.002089,-34.832752
152411,3,0.18,0.54,9.912,-1.015,-1.111,-7.002089,-34.832752
152461,3,0.20,0.56,9.931,-1.030,-1.149,-7.002089,-34.832752
152512,3,0.21,0.00,9.917,-1.030,-1.144,-7.002089,-34.832752
152564,3,0.22,0.56,9.936,-1.030,-1.140,-7.002089,-34.832752
152615,3,0.24,0.50,9.907,-1.034,-1.135,-7.002089,-34.832752
152667,3,0.24,0.50,9.902,-1.015,-1.130,-7.002089,-34.832752
152718,3,0.24,0.00,9.931,-1.025,-1.125,-7.002089,-34.832752
152769,3,0.22,-0.50,9.926,-1.010,-1.144,-7.002089,-34.832752
152820,3,0.22,0.00,9.926,-1.010,-1.140,-7.002089,-34.832752
152872,3,0.22,0.00,9.912,-1.010,-1.154,-7.002089,-34.832752
152924,3,0.21,0.00,9.917,-1.025,-1.149,-7.002089,-34.832752
152975,3,0.21,0.00,9.922,-1.068,-1.125,-7.002089,-34.832752
153033,3,0.22,0.19,9.936,-1.034,-1.149,-7.002089,-34.832752
153083,3,0.21,0.00,9.917,-1.020,-1.120,-7.002089,-34.832752
153133,3,0.21,0.00,9.907,-1.010,-1.135,-7.002089,-34.832752
153184,3,0.21,0.00,9.907,-0.991,-1.120,-7.002089,-34.832752
153234,3,0.21,0.00,9.926,-1.010,-1.116,-7.002089,-34.832752
153284,3,0.20,-0.52,9.926,-1.034,-1.135,-7.002089,-34.832752
153335,3,0.20,0.00,9.912,-1.044,-1.144,-7.002089,-34.832752
153385,3,0.21,0.00,9.922,-1.053,-1.125,-7.002089,-34.832752
153436,3,0.22,0.56,9.926,-1.044,-1.149,-7.002089,-34.832752
153486,3,0.20,0.00,9.950,-1.001,-1.149,-7.002089,-34.832752
153536,3,0.32,4.91,9.922,-0.996,-1.144,-7.002089,-34.832752
153588,3,0.43,4.06,9.917,-0.991,-1.116,-7.002089,-34.832752
153638,3,0.50,2.68,9.926,-1.010,-1.101,-7.002089,-34.832752
153728,3,0.60,0.36,9.922,-1.025,-1.140,-7.002089,-34.832752
153779,3,0.60,0.00,9.898,-1.049,-1.149,-7.002089,-34.832752
153830,3,3.29,102.63,9.917,-1.034,-1.149,-7.002089,-34.832752
153882,3,5.83,0.00,9.922,-1.030,-1.092,-7.002089,-34.832752
153933,3,10.49,84.51,9.931,-0.996,-1.144,-7.002089,-34.832752
153985,3,12.56,76.53,9.936,-0.996,-1.120,-7.002089,-34.832752
154037,3,14.51,0.00,9.922,-1.015,-1.120,-7.002089,-34.832752
154087,3,18.11,69.32,9.917,-1.025,-1.111,-7.002089,-34.832752
154137,3,16.99,-42.93,9.941,-1.039,-1.130,-7.002089,-34.832752
154187,3,15.99,0.00,9.931,-1.030,-1.130,-7.002089,-34.832752
154238,3,14.06,-36.44,9.917,-1.015,-1.111,-7.002089,-34.832752
154288,3,13.21,-34.06,9.917,-0.991,-1.116,-7.002089,-34.832752
154339,3,12.40,0.00,9.931,-1.001,-1.125,-7.002089,-34.832752
154389,3,10.91,-26.68,9.912,-1.001,-1.135,-7.002089,-34.832752
154440,3,10.23,-27.34,9.917,-1.025,-1.130,-7.002089,-34.832752
154490,3,9.58,0.00,9.907,-1.053,-1.130,-7.002089,-34.832752
154540,3,8.44,-22.63,9.922,-1.030,-1.140,-7.002089,-34.832752
154591,3,7.93,0.00,9.912,-1.015,-1.130,-7.002089,-34.832752
154643,3,6.99,-17.41,9.926,-1.001,-1.144,-7.002089,-34.832752
154695,3,6.55,-16.10,9.922,-1.010,-1.173,-7.002089,-34.832752
154746,3,6.18,0.50,9.936,-1.044,-1.130,-7.002089,-34.832752
154798,3,5.46,-12.06,9.941,-1.053,-1.125,-7.002089,-34.832752
154849,3,5.10,0.00,9.936,-1.025,-1.125,-7.002089,-34.832752
154900,3,4.80,-11.18,9.941,-0.996,-1.120,-7.002089,-34.832752
154951,3,4.50,0.00,9.931,-1.010,-1.106,-7.002089,-34.832752
155003,3,3.96,-10.08,9.931,-0.996,-1.106,-7.002089,-34.832752
155052,3,3.73,0.00,9.912,-1.030,-1.130,-7.002089,-34.832752
155117,3,3.28,-5.56,9.907,-1.034,-1.130,-7.002091,-34.832748
155167,3,2.86,-7.83,9.936,-1.053,-1.130,-7.002091,-34.832748
155218,3,2.71,-5.71,9.955,-1.053,-1.144,-7.002091,-34.832748
155268,3,2.55,0.00,9.912,-1.001,-1.140,-7.002091,-34.832748
155318,3,2.24,-6.13,9.922,-0.982,-1.111,-7.002091,-34.832748
155369,3,2.10,-5.69,9.926,-0.996,-1.140,-7.002091,-34.832748
155419,3,1.99,0.00,9.931,-1.025,-1.159,-7.002091,-34.832748
155470,3,1.78,-3.70,9.936,-1.049,-1.120,-7.002091,-34.832748
155520,3,1.65,-4.91,9.922,-1.049,-1.149,-7.002091,-34.832748
155572,3,1.54,0.00,9.898,-1.030,-1.130,-7.002091,-34.832748
155624,3,1.39,-3.45,9.926,-0.991,-1.106,-7.002091,-34.832748
155674,3,1.32,-2.70,9.902,-1.006,-1.140,-7.002091,-34.832748
155725,3,1.25,-2.70,9.936,-1.001,-1.125,-7.002091,-34.832748
155777,3,1.18,0.00,9.936,-1.020,-1.149,-7.002091,-34.832748
155829,3,1.05,-3.22,9.907,-1.044,-1.125,-7.002091,-34.832748
155880,3,0.98,0.00,9.946,-1.039,-1.149,-7.002091,-34.832748
155932,3,0.87,-2.33,9.931,-1.030,-1.125,-7.002091,-34.832748
155983,3,0.84,-1.27,9.922,-0.996,-1.111,-7.002091,-34.832748
156035,3,0.80,0.00,9.917,-1.001,-1.116,-7.002091,-34.832748
156085,3,0.69,-1.97,9.917,-1.015,-1.116,-7.002091,-34.832748
156136,3,0.66,-1.49,9.917,-1.020,-1.130,-7.002092,-34.832748
156186,3,0.64,0.00,9.922,-1.039,-1.130,-7.002092,-34.832748
156236,3,0.55,-1.99,9.931,-1.053,-1.140,-7.002092,-34.832748
156287,3,0.55,0.00,9.931,-1.049,-1.159,-7.002092,-34.832748
156337,3,0.50,0.00,9.941,-1.001,-1.135,-7.002092,-34.832748
156388,3,0.48,-1.45,9.917,-0.967,-1.154,-7.002092,-34.832748
156438,3,0.44,-1.41,9.922,-1.025,-1.130,-7.002092,-34.832748
156489,3,0.42,0.00,9.955,-1.034,-1.135,-7.002092,-34.832748
156539,3,0.42,0.00,9.898,-1.044,-1.135,-7.002092,-34.832748
156590,3,0.38,-1.45,9.917,-1.049,-1.125,-7.002092,-34.832748
156642,3,0.40,0.48,9.926,-1.010,-1.140,-7.002092,-34.832748
156693,3,0.40,0.00,9.926,-0.986,-1.135,-7.002092,-34.832748
156745,3,0.37,0.00,9.922,-0.991,-1.116,-7.002092,-34.832748
156797,3,0.36,0.00,9.931,-1.030,-1.135,-7.002092,-34.832748
156848,3,0.35,0.00,9.926,-1.049,-1.135,-7.002092,-34.832748
156900,3,0.32,0.50,9.946,-1.058,-1.101,-7.002092,-34.832748
156951,3,0.32,0.00,9.936,-1.049,-1.144,-7.002092,-34.832748
157002,3,0.32,0.00,9.936,-1.006,-1.154,-7.002092,-34.832748
162268,3,0.39,0.01,9.907,-0.977,-1.106,-7.002092,-34.832748
162318,3,0.39,0.00,9.917,-1.015,-1.101,-7.002092,-34.832748
162378,3,0.39,0.00,9.926,-1.044,-1.149,-7.002092,-34.832748
162428,3,0.38,0.00,9.926,-1.039,-1.130,-7.002092,-34.832748
162478,3,0.33,-1.39,9.917,-1.039,-1.125,-7.002092,-34.832748
162529,3,0.31,-0.54,9.931,-1.010,-1.135,-7.002092,-34.832748
162579,3,0.30,-0.50,9.922,-0.982,-1.168,-7.002092,-34.832748
162631,3,0.34,1.43,9.931,-1.025,-1.135,-7.002092,-34.832748
162682,3,0.32,0.00,9.912,-1.010,-1.144,-7.002092,-34.832748
162734,3,0.32,0.00,9.941,-1.034,-1.149,-7.002092,-34.832748
162785,3,0.32,0.00,9.941,-1.044,-1.111,-7.002092,-34.832748
162837,3,0.31,-0.50,9.926,-1.025,-1.154,-7.002092,-34.832748
162886,3,0.31,0.00,9.950,-0.996,-1.135,-7.002092,-34.832748
162938,3,0.31,0.00,9.941,-0.996,-1.120,-7.002092,-34.832748
162989,3,0.32,0.50,9.936,-0.996,-1.135,-7.002092,-34.832748
163041,3,0.32,0.00,9.931,-1.025,-1.144,-7.002092,-34.832748
163091,3,0.34,0.00,9.922,-1.044,-1.144,-7.002092,-34.832748
163142,3,0.37,1.39,9.922,-1.044,-1.154,-7.002089,-34.832745
163192,3,0.37,0.00,9.931,-1.034,-1.130,-7.002089,-34.832745
163243,3,0.35,0.56,9.922,-1.001,-1.125,-7.002089,-34.832745
163293,3,0.35,0.00,9.907,-0.986,-1.140,-7.002089,-34.832745
163343,3,0.35,0.00,9.941,-1.025,-1.149,-7.002089,-34.832745
163394,3,0.35,0.00,9.926,-1.034,-1.120,-7.002089,-34.832745
163444,3,0.35,0.00,9.950,-1.063,-1.168,-7.002089,-34.832745
163495,3,0.36,0.00,9.936,-1.049,-1.140,-7.002089,-34.832745
163544,3,0.38,0.52,9.936,-1.020,-1.149,-7.002089,-34.832745
163596,3,0.38,0.00,9.936,-0.991,-1.135,-7.002089,-34.832745
163647,3,0.38,0.00,9.922,-0.986,-1.135,-7.002089,-34.832745
163698,3,0.38,0.00,9.912,-1.015,-1.125,-7.002089,-34.832745
163749,3,0.33,-1.34,9.936,-1.034,-1.144,-7.002089,-34.832745
163801,3,0.33,0.00,9.946,-1.044,-1.116,-7.002089,-34.832745
163853,3,0.36,1.01,9.926,-1.053,-1.159,-7.002089,-34.832745
163904,3,0.36,0.00,9.912,-1.030,-1.149,-7.002089,-34.832745
163956,3,0.37,0.00,9.922,-0.996,-1.120,-7.002089,-34.832745
164007,3,0.38,0.52,9.946,-0.972,-1.144,-7.002089,-34.832745
164059,3,0.38,0.00,9.922,-0.991,-1.116,-7.002089,-34.832745
164110,3,0.38,0.00,9.902,-1.034,-1.106,-7.002089,-34.832745
164160,3,0.36,-0.95,9.926,-1.039,-1.140,-7.002088,-34.832745
164211,3,0.35,0.00,9.936,-1.044,-1.125,-7.002088,-34.832745
164261,3,0.33,0.00,9.926,-1.039,-1.130,-7.002088,-34.832745
164311,3,0.33,0.00,9.926,-1.015,-1.140,-7.002088,-34.832745
164362,3,0.33,0.00,9.931,-0.982,-1.149,-7.002088,-34.832745
164420,3,0.35,0.20,9.936,-1.010,-1.149,-7.002088,-34.832745
164471,3,0.35,0.00,9.912,-1.034,-1.130,-7.002088,-34.832745
164521,3,0.35,0.00,9.917,-1.020,-1.125,-7.002088,-34.832745
164573,3,0.35,0.00,9.926,-1.039,-1.130,-7.002088,-34.832745
164624,3,0.28,-0.58,9.931,-1.030,-1.135,-7.002088,-34.832745
164675,3,0.28,0.00,9.926,-1.015,-1.116,-7.002088,-34.832745
164726,3,0.30,0.00,9.936,-1.001,-1.111,-7.002088,-34.832745
164778,3,0.31,0.00,9.917,-1.006,-1.120,-7.002088,-34.832745
164829,3,0.32,0.54,9.917,-1.010,-1.149,-7.002088,-34.832745
164881,3,0.36,1.34,9.922,-1.044,-1.159,-7.002088,-34.832745
164933,3,0.36,0.00,9.922,-1.044,-1.135,-7.002088,-34.832745
164984,3,0.32,0.00,9.912,-1.030,-1.168,-7.002088,-34.832745
165036,3,0.31,0.00,9.931,-1.010,-1.140,-7.002088,-34.832745
165086,3,0.36,0.00,9.912,-1.020,-1.140,-7.002088,-34.832745
165136,3,0.36,0.00,9.912,-0.991,-1.116,-7.002088,-34.832745
165187,3,0.36,0.00,9.926,-1.025,-1.149,-7.002088,-34.832745
165237,3,0.35,0.00,9.922,-1.039,-1.120,-7.002088,-34.832745
165288,3,0.33,-0.54,9.912,-1.034,-1.120,-7.002088,-34.832745
165338,3,0.33,0.00,9.926,-1.025,-1.149,-7.002088,-34.832745
165389,3,0.32,-0.52,9.907,-1.006,-1.135,-7.002088,-34.832745
165439,3,0.33,0.54,9.912,-1.015,-1.135,-7.002088,-34.832745
165489,3,0.35,0.00,9.946,-1.030,-1.135,-7.002088,-34.832745
165539,3,0.36,0.00,9.946,-1.010,-1.144,-7.002088,-34.832745
165591,3,0.37,0.52,9.917,-1.001,-1.144,-7.002088,-34.832745
165642,3,0.39,0.50,9.931,-1.006,-1.135,-7.002088,-34.832745
165694,3,0.37,-0.50,9.931,-1.001,-1.111,-7.002088,-34.832745
165746,3,0.37,0.00,9.922,-1.015,-1.144,-7.002088,-34.832745
165796,3,0.36,-0.52,9.912,-1.025,-1.154,-7.002088,-34.832745
165848,3,0.36,0.00,9.912,-1.020,-1.120,-7.002088,-34.832745
165899,3,0.36,0.00,9.931,-1.006,-1.111,-7.002088,-34.832745
165951,3,0.36,0.00,9.931,-1.020,-1.120,-7.002088,-34.832745
166002,3,0.35,0.00,9.912,-1.015,-1.125,-7.002088,-34.832745
166054,3,0.35,0.00,9.955,-1.030,-1.154,-7.002088,-34.832745
166105,3,0.35,0.00,9.931,-1.030,-1.116,-7.002088,-34.832745
166155,3,0.35,0.00,9.931,-1.025,-1.125,-7.002089,-34.832745
166205,3,0.33,0.00,9.950,-1.034,-1.144,-7.002089,-34.832745
166256,3,0.32,0.00,9.912,-1.006,-1.144,-7.002089,-34.832745
166306,3,0.32,0.00,9.936,-1.015,-1.120,-7.002089,-34.832745
166357,3,0.32,0.00,9.912,-1.020,-1.130,-7.002089,-34.832745
166407,3,0.31,0.00,9.926,-1.025,-1.149,-7.002089,-34.832745
166466,3,0.29,-0.19,9.926,-1.015,-1.111,-7.002089,-34.832745
166516,3,0.28,-0.52,9.931,-1.006,-1.125,-7.002089,-34.832745
166568,3,0.28,0.00,9.936,-1.010,-1.135,-7.002089,-34.832745
166620,3,0.26,0.00,9.917,-1.006,-1.116,-7.002089,-34.832745
166670,3,0.26,0.00,9.931,-1.015,-1.135,-7.002089,-34.832745
166721,3,0.26,0.00,9.941,-1.025,-1.144,-7.002089,-34.832745
166773,3,0.26,0.00,9.926,-1.025,-1.111,-7.002089,-34.832745
166825,3,0.31,0.00,9.926,-1.020,-1.135,-7.002089,-34.832745
166876,3,0.30,-0.50,9.955,-1.015,-1.140,-7.002089,-34.832745
166928,3,0.31,0.00,9.917,-1.006,-1.140,-7.002089,-34.832745
166979,3,0.31,-0.50,9.922,-1.015,-1.111,-7.002089,-34.832745
167031,3,0.31,0.00,9.931,-1.010,-1.116,-7.002089,-34.832745
167081,3,0.31,0.00,9.931,-1.020,-1.149,-7.002089,-34.832745
167132,3,0.31,0.00,9.936,-1.015,-1.116,-7.002088,-34.832745
167182,3,0.33,0.00,9.926,-1.025,-1.135,-7.002088,-34.832745
167232,3,0.31,-0.54,9.926,-1.025,-1.120,-7.002088,-34.832745
167283,3,0.31,0.00,9.926,-1.006,-1.135,-7.002088,-34.832745
167333,3,0.34,0.00,9.931,-1.030,-1.125,-7.002088,-34.832745
167384,3,0.32,0.00,9.931,-1.001,-1.116,-7.002088,-34.832745
167434,3,0.32,0.00,9.917,-1.015,-1.140,-7.002088,-34.832745
167484,3,0.31,0.00,9.922,-1.025,-1.140,-7.002088,-34.832745
167534,3,0.30,-0.54,9.926,-0.991,-1.149,-7.002088,-34.832745
167586,3,0.30,0.00,9.936,-1.006,-1.140,-7.002088,-34.832745
167638,3,0.28,0.00,9.946,-1.006,-1.130,-7.002088,-34.832745
167689,3,0.28,0.00,9.922,-1.030,-1.125,-7.002088,-34.832745
167741,3,0.32,0.00,9.917,-1.044,-1.140,-7.002088,-34.832745
167792,3,0.26,-0.50,9.902,-1.020,-1.140,-7.002088,-34.832745
167843,3,0.26,0.00,9.902,-1.039,-1.120,-7.002088,-34.832745
167894,3,0.28,1.23,9.931,-1.034,-1.101,-7.002088,-34.832745
167946,3,0.28,0.00,9.917,-1.025,-1.111,-7.002088,-34.832745
167998,3,0.26,0.50,9.931,-1.015,-1.140,-7.002088,-34.832745
168049,3,0.29,1.23,9.907,-1.030,-1.135,-7.002088,-34.832745
168100,3,0.29,0.00,9.917,-1.039,-1.135,-7.002088,-34.832745
168150,3,0.30,0.00,9.926,-1.020,-1.135,-7.002089,-34.832741
168201,3,0.30,0.00,9.941,-1.020,-1.130,-7.002089,-34.832741
168251,3,0.30,0.00,9.912,-1.015,-1.130,-7.002089,-34.832741
168301,3,0.30,0.00,9.926,-1.015,-1.106,-7.002089,-34.832741
168352,3,0.30,0.00,9.922,-1.010,-1.140,-7.002089,-34.832741
168402,3,0.29,0.00,9.926,-1.015,-1.120,-7.002089,-34.832741
168453,3,0.29,0.00,9.917,-1.025,-1.168,-7.002089,-34.832741
168512,3,0.30,0.19,9.922,-1.025,-1.130,-7.002089,-34.832741
168564,3,0.29,-0.56,9.926,-1.015,-1.111,-7.002089,-34.832741
168616,3,0.30,0.52,9.926,-1.015,-1.135,-7.002089,-34.832741
168667,3,0.29,-0.56,9.902,-1.030,-1.130,-7.002089,-34.832741
168718,3,0.29,0.00,9.946,-1.001,-1.140,-7.002089,-34.832741
168769,3,0.29,0.00,9.917,-1.034,-1.135,-7.002089,-34.832741
168821,3,0.30,0.00,9.931,-1.015,-1.149,-7.002089,-34.832741
168872,3,0.30,0.00,9.926,-0.996,-1.111,-7.002089,-34.832741
168924,3,0.30,0.00,9.950,-1.039,-1.120,-7.002089,-34.832741
168976,3,0.28,-0.50,9.955,-1.053,-1.159,-7.002089,-34.832741
169027,3,0.26,-0.56,9.917,-1.039,-1.135,-7.002089,-34.832741
169077,3,0.26,0.00,9.926,-0.991,-1.154,-7.002089,-34.832741
169128,3,0.25,-0.50,9.931,-1.006,-1.120,-7.002088,-34.832741
169178,3,0.25,0.00,9.931,-0.991,-1.120,-7.002088,-34.832741
169228,3,0.27,1.43,9.926,-1.030,-1.111,-7.002088,-34.832741
169279,3,0.27,0.00,9.950,-1.034,-1.135,-7.002088,-34.832741
169329,3,0.27,0.00,9.917,-1.034,-1.164,-7.002088,-34.832741
169380,3,0.27,0.00,9.936,-1.034,-1.168,-7.002088,-34.832741
169430,3,0.26,-0.48,9.922,-1.010,-1.130,-7.002088,-34.832741
169481,3,0.26,0.00,9.917,-0.996,-1.135,-7.002088,-34.832741
169531,3,0.24,0.00,9.926,-1.010,-1.106,-7.002088,-34.832741
169582,3,0.23,-0.52,9.936,-1.006,-1.149,-7.002088,-34.832741
169634,3,0.24,0.00,9.912,-1.039,-1.154,-7.002088,-34.832741
169685,3,0.23,-0.48,9.931,-1.049,-1.149,-7.002088,-34.832741
169737,3,0.23,0.00,9.931,-1.039,-1.135,-7.002088,-34.832741
169789,3,0.23,0.00,9.922,-1.015,-1.154,-7.002088,-34.832741
169840,3,0.27,1.36,9.907,-1.010,-1.116,-7.002088,-34.832741
169892,3,0.22,0.00,9.950,-1.001,-1.144,-7.002088,-34.832741
169943,3,0.28,0.47,9.926,-1.015,-1.144,-7.002088,-34.832741
169994,3,0.28,0.00,9.912,-1.034,-1.159,-7.002088,-34.832741
170045,3,0.27,0.00,9.917,-1.049,-1.135,-7.002088,-34.832741
170096,3,0.27,0.00,9.946,-1.039,-1.120,-7.002088,-34.832741
170146,3,0.25,-0.58,9.926,-1.025,-1.120,-7.002089,-34.832741
170197,3,0.25,0.00,9.917,-1.006,-1.144,-7.002089,-34.832741
170247,3,0.25,0.00,9.926,-1.020,-1.120,-7.002089,-34.832741
170297,3,0.25,0.00,9.907,-1.015,-1.140,-7.002089,-34.832741
170348,3,0.30,2.03,9.941,-1.020,-1.125,-7.002089,-34.832741
170398,3,0.30,0.00,9.946,-1.039,-1.144,-7.002089,-34.832741
170449,3,0.30,0.00,9.912,-1.044,-1.154,-7.002089,-34.832741
170499,3,0.30,0.00,9.926,-1.015,-1.144,-7.002089,-34.832741
170556,3,0.29,-0.18,9.926,-1.001,-1.154,-7.002089,-34.832741
170608,3,0.33,0.00,9.922,-0.991,-1.149,-7.002089,-34.832741
170660,3,0.29,-1.34,9.912,-1.034,-1.135,-7.002089,-34.832741
170710,3,0.29,0.00,9.926,-1.039,-1.144,-7.002089,-34.832741
170761,3,0.29,0.00,9.950,-1.049,-1.111,-7.002089,-34.832741
170813,3,0.29,0.00,9.917,-1.034,-1.154,-7.002089,-34.832741
170865,3,0.31,-0.48,9.936,-1.025,-1.144,-7.002089,-34.832741
170916,3,0.30,-0.52,9.931,-1.015,-1.130,-7.002089,-34.832741
170968,3,0.30,-0.52,9.902,-1.015,-1.140,-7.002089,-34.832741
171019,3,0.26,-1.36,9.936,-1.030,-1.116,-7.002089,-34.832741
171069,3,0.30,0.00,9.926,-1.015,-1.140,-7.002089,-34.832741
171120,3,0.30,0.00,9.950,-1.020,-1.154,-7.002089,-34.832737
171170,3,0.28,-0.56,9.931,-1.030,-1.135,-7.002089,-34.832737
171220,3,0.30,0.00,9.922,-1.015,-1.135,-7.002089,-34.832737
171271,3,0.28,0.00,9.936,-1.006,-1.140,-7.002089,-34.832737
171321,3,0.27,-0.54,9.941,-1.006,-1.106,-7.002089,-34.832737
171372,3,0.27,0.00,9.917,-1.010,-1.159,-7.002089,-34.832737
171422,3,0.26,0.00,9.936,-1.030,-1.125,-7.002089,-34.832737
171473,3,0.24,-0.58,9.946,-1.039,-1.120,-7.002089,-34.832737
171523,3,0.28,0.00,9.941,-1.030,-1.140,-7.002089,-34.832737
171575,3,0.27,0.00,9.926,-1.020,-1.140,-7.002089,-34.832737
171626,3,0.27,0.00,9.907,-1.020,-1.135,-7.002089,-34.832737
171678,3,0.25,0.00,9.902,-1.025,-1.125,-7.002089,-34.832737
171729,3,0.30,1.88,9.922,-1.025,-1.130,-7.002089,-34.832737
171781,3,0.29,0.00,9.912,-1.030,-1.120,-7.002089,-34.832737
171833,3,0.30,0.00,9.926,-1.039,-1.130,-7.002089,-34.832737
171884,3,0.30,0.00,9.926,-1.049,-1.149,-7.002089,-34.832737
171936,3,0.33,0.52,9.931,-1.025,-1.125,-7.002089,-34.832737
171987,3,0.33,0.00,9.946,-0.996,-1.173,-7.002089,-34.832737
172038,3,0.34,0.48,9.926,-1.030,-1.135,-7.002089,-34.832737
172088,3,0.38,1.49,9.926,-1.034,-1.140,-7.002089,-34.832737
172138,3,0.38,0.00,9.931,-1.025,-1.135,-7.002090,-34.832737
172189,3,0.37,0.00,9.922,-1.034,-1.135,-7.002090,-34.832737
172239,3,0.33,-1.47,9.926,-1.010,-1.144,-7.002090,-34.832737
172289,3,0.37,0.00,9.917,-1.020,-1.125,-7.002090,-34.832737
172340,3,0.35,0.00,9.917,-1.020,-1.125,-7.002090,-34.832737
172390,3,0.35,0.00,9.917,-1.010,-1.111,-7.002090,-34.832737
172441,3,0.35,0.00,9.941,-1.030,-1.125,-7.002090,-34.832737
172491,3,0.35,0.00,9.931,-1.015,-1.140,-7.002090,-34.832737
172541,3,0.35,0.00,9.931,-1.034,-1.101,-7.002090,-34.832737
172598,3,0.34,-0.17,9.926,-1.010,-1.130,-7.002090,-34.832737
172649,3,0.34,0.00,9.936,-1.020,-1.125,-7.002090,-34.832737
172700,3,0.34,0.00,9.955,-1.025,-1.130,-7.002090,-34.832737
172751,3,0.38,1.36,9.912,-1.025,-1.144,-7.002090,-34.832737
172803,3,0.36,-0.52,9.922,-1.025,-1.130,-7.002090,-34.832737
172854,3,0.36,0.00,9.926,-1.039,-1.130,-7.002090,-34.832737
172906,3,0.40,1.23,9.912,-1.015,-1.130,-7.002090,-34.832737
172958,3,0.40,0.00,9.917,-1.015,-1.106,-7.002090,-34.832737
173009,3,0.38,-0.52,9.941,-1.010,-1.125,-7.002090,-34.832737
173061,3,0.37,-0.52,9.912,-1.015,-1.140,-7.002090,-34.832737
173112,3,0.36,-0.52,9.926,-1.034,-1.140,-7.002090,-34.832737
173162,3,0.36,0.00,9.912,-1.034,-1.154,-7.002089,-34.832737
173213,3,0.34,0.00,9.931,-1.030,-1.135,-7.002089,-34.832737
173263,3,0.33,-1.91,9.931,-1.030,-1.120,-7.002089,-34.832737
173313,3,0.36,1.47,9.917,-1.010,-1.135,-7.002089,-34.832737
173364,3,0.36,0.00,9.931,-1.025,-1.111,-7.002089,-34.832737
173414,3,0.34,-1.06,9.917,-1.020,-1.149,-7.002089,-34.832737
173465,3,0.34,0.00,9.955,-1.015,-1.140,-7.002089,-34.832737
173515,3,0.34,0.00,9.931,-1.025,-1.130,-7.002089,-34.832737
173564,3,0.34,0.00,9.941,-1.025,-1.135,-7.002089,-34.832737
173616,3,0.37,1.36,9.941,-1.006,-1.140,-7.002089,-34.832737
173667,3,0.39,0.00,9.917,-1.015,-1.097,-7.002089,-34.832737
173719,3,0.40,0.56,9.922,-1.025,-1.120,-7.002089,-34.832737
173771,3,0.40,0.00,9.931,-1.034,-1.149,-7.002089,-34.832737
173821,3,0.40,0.00,9.926,-1.058,-1.149,-7.002089,-34.832737
173873,3,0.41,0.00,9.931,-1.063,-1.144,-7.002089,-34.832737
173924,3,0.43,0.52,9.946,-1.034,-1.159,-7.002089,-34.832737
173976,3,0.43,0.00,9.955,-0.991,-1.111,-7.002089,-34.832737
174027,3,0.41,0.00,9.936,-0.977,-1.135,-7.002089,-34.832737
174077,3,0.41,0.00,9.941,-0.991,-1.144,-7.002089,-34.832737
174128,3,0.43,0.00,9.936,-1.039,-1.168,-7.002089,-34.832737
174178,3,0.41,0.00,9.926,-1.068,-1.144,-7.002089,-34.832737
174228,3,0.45,1.47,9.907,-1.068,-1.111,-7.002089,-34.832737
174279,3,0.45,0.00,9.926,-1.034,-1.159,-7.002089,-34.832737
174329,3,0.44,-0.54,9.922,-1.015,-1.116,-7.002089,-34.832737
174380,3,0.44,0.00,9.931,-0.982,-1.140,-7.002089,-34.832737
174430,3,0.42,0.00,9.912,-1.006,-1.116,-7.002089,-34.832737
174480,3,0.43,0.89,9.926,-1.006,-1.135,-7.002089,-34.832737
174531,3,0.42,-0.52,9.922,-1.068,-1.097,-7.002089,-34.832737
174582,3,0.40,-0.56,9.912,-1.068,-1.168,-7.002089,-34.832737
174660,3,0.39,-0.15,9.922,-1.015,-1.164,-7.002089,-34.832737
174712,3,0.39,0.00,9.926,-0.977,-1.149,-7.002089,-34.832737
174763,3,0.36,-0.48,9.922,-0.972,-1.101,-7.002089,-34.832737
174814,3,0.36,0.00,9.898,-1.034,-1.130,-7.002089,-34.832737
174865,3,0.39,0.00,9.931,-1.077,-1.149,-7.002089,-34.832737
174917,3,0.37,0.00,9.912,-1.068,-1.140,-7.002089,-34.832737
174969,3,0.36,0.00,9.950,-1.025,-1.130,-7.002089,-34.832737
175020,3,0.34,-0.50,9.912,-1.010,-1.125,-7.002089,-34.832737
175073,3,0.33,0.00,9.941,-0.991,-1.106,-7.002089,-34.832737
175123,3,0.32,-0.52,9.931,-1.001,-1.125,-7.002089,-34.832737
175173,3,0.35,1.35,9.912,-1.030,-1.116,-7.002089,-34.832737
175224,3,0.35,0.00,9.931,-1.034,-1.159,-7.002089,-34.832737
175274,3,0.34,1.43,9.917,-1.034,-1.154,-7.002089,-34.832737
175325,3,0.30,-1.43,9.936,-1.049,-1.135,-7.002089,-34.832737
175375,3,0.34,0.00,9.946,-1.015,-1.144,-7.002089,-34.832737
175425,3,0.33,0.00,9.931,-0.986,-1.149,-7.002089,-34.832737
175476,3,0.31,-0.54,9.912,-0.996,-1.130,-7.002089,-34.832737
175526,3,0.31,0.00,9.907,-1.039,-1.149,-7.002089,-34.832737
175578,3,0.34,0.00,9.926,-1.049,-1.130,-7.002089,-34.832737
175629,3,0.35,0.48,9.926,-1.034,-1.125,-7.002089,-34.832737
175681,3,0.32,-0.54,9.926,-1.025,-1.120,-7.002089,-34.832737
175733,3,0.31,-0.50,9.926,-1.030,-1.159,-7.002089,-34.832737
175784,3,0.31,0.00,9.931,-1.015,-1.130,-7.002089,-34.832737
175836,3,0.30,-0.54,9.931,-1.034,-1.135,-7.002089,-34.832737
175887,3,0.33,0.00,9.955,-1.034,-1.140,-7.002089,-34.832737
175939,3,0.32,0.00,9.931,-1.010,-1.106,-7.002089,-34.832737
175991,3,0.30,-0.52,9.941,-1.015,-1.120,-7.002089,-34.832737
176042,3,0.30,0.00,9.950,-1.010,-1.164,-7.002089,-34.832737
176092,3,0.29,-0.54,9.917,-1.025,-1.159,-7.002089,-34.832737
176143,3,0.29,0.00,9.926,-1.053,-1.144,-7.002089,-34.832733
176193,3,0.29,0.54,9.941,-1.044,-1.140,-7.002089,-34.832733
176244,3,0.29,0.00,9.926,-1.015,-1.116,-7.002089,-34.832733
176294,3,0.28,0.00,9.926,-1.006,-1.130,-7.002089,-34.832733
176344,3,0.28,0.00,9.926,-1.010,-1.125,-7.002089,-34.832733
176395,3,0.28,0.00,9.907,-1.010,-1.144,-7.002089,-34.832733
176445,3,0.26,0.00,9.926,-1.044,-1.159,-7.002089,-34.832733
176496,3,0.28,0.56,9.912,-1.030,-1.120,-7.002089,-34.832733
176545,3,0.28,0.00,9.917,-1.030,-1.097,-7.002089,-34.832733
176597,3,0.28,0.00,9.912,-1.015,-1.125,-7.002089,-34.832733
176649,3,0.28,0.00,9.922,-1.030,-1.120,-7.002089,-34.832733
